ISO-10303-21;
HEADER;
FILE_DESCRIPTION(('FreeCAD Model'),'2;1');
FILE_NAME('Open CASCADE Shape Model','2026-09-26T21:29:26',('FreeCAD'),(
    'FreeCAD'),'Open CASCADE STEP processor 7.8','FreeCAD','Unknown');
FILE_SCHEMA(('AUTOMOTIVE_DESIGN { 1 0 10303 214 1 1 1 1 }'));
ENDSEC;
DATA;
#1 = APPLICATION_PROTOCOL_DEFINITION('international standard',
  'automotive_design',2000,#2);
#2 = APPLICATION_CONTEXT(
  'core data for automotive mechanical design processes');
#3 = SHAPE_DEFINITION_REPRESENTATION(#4,#10);
#4 = PRODUCT_DEFINITION_SHAPE('','',#5);
#5 = PRODUCT_DEFINITION('design','',#6,#9);
#6 = PRODUCT_DEFINITION_FORMATION('','',#7);
#7 = PRODUCT('Open CASCADE STEP translator 7.8 2',
  'Open CASCADE STEP translator 7.8 2','',(#8));
#8 = PRODUCT_CONTEXT('',#2,'mechanical');
#9 = PRODUCT_DEFINITION_CONTEXT('part definition',#2,'design');
#10 = ADVANCED_BREP_SHAPE_REPRESENTATION('',(#11,#15),#9043);
#11 = AXIS2_PLACEMENT_3D('',#12,#13,#14);
#12 = CARTESIAN_POINT('',(0.,0.,0.));
#13 = DIRECTION('',(0.,0.,1.));
#14 = DIRECTION('',(1.,0.,-0.));
#15 = MANIFOLD_SOLID_BREP('',#16);
#16 = CLOSED_SHELL('',(#17,#83,#357,#417,#588,#1969,#2099,#2138,#2289,
    #2889,#2998,#3093,#3124,#3264,#3281,#3369,#3416,#3546,#3584,#3702,
    #3749,#3879,#3917,#4035,#4082,#4212,#4250,#4368,#4415,#4545,#4583,
    #4701,#4748,#4878,#4916,#5034,#5072,#5183,#5241,#5272,#5367,#5488,
    #5635,#5647,#5777,#5815,#6042,#6188,#6318,#6515,#6553,#6699,#6926,
    #7056,#7202,#7240,#7370,#7597,#7635,#7781,#8008,#8138,#8284,#8322,
    #8431,#8456,#8473,#8498,#8523,#8548,#8573,#8586,#8599,#8617,#8638,
    #8651,#8669,#8690,#8703,#8721,#8742,#8755,#8773,#8794,#8807,#8825,
    #8846,#8859,#8884,#8909,#8933,#8957,#8983,#8995,#9007,#9019,#9031));
#17 = ADVANCED_FACE('',(#18),#78,.T.);
#18 = FACE_BOUND('',#19,.T.);
#19 = EDGE_LOOP('',(#20,#31,#41,#51,#60,#70));
#20 = ORIENTED_EDGE('',*,*,#21,.T.);
#21 = EDGE_CURVE('',#22,#24,#26,.T.);
#22 = VERTEX_POINT('',#23);
#23 = CARTESIAN_POINT('',(49.570407203409,-60.22270941836,43.));
#24 = VERTEX_POINT('',#25);
#25 = CARTESIAN_POINT('',(69.743253666671,-34.92676005567,43.));
#26 = CIRCLE('',#27,78.);
#27 = AXIS2_PLACEMENT_3D('',#28,#29,#30);
#28 = CARTESIAN_POINT('',(0.,0.,43.));
#29 = DIRECTION('',(0.,0.,1.));
#30 = DIRECTION('',(1.,0.,-0.));
#31 = ORIENTED_EDGE('',*,*,#32,.T.);
#32 = EDGE_CURVE('',#24,#33,#35,.T.);
#33 = VERTEX_POINT('',#34);
#34 = CARTESIAN_POINT('',(69.743253666671,-34.92676005567,
    44.935542086678));
#35 = B_SPLINE_CURVE_WITH_KNOTS('',4,(#36,#37,#38,#39,#40),
  .UNSPECIFIED.,.F.,.F.,(5,5),(0.,1.),.PIECEWISE_BEZIER_KNOTS.);
#36 = CARTESIAN_POINT('',(69.743253666671,-34.92676005567,42.9999994));
#37 = CARTESIAN_POINT('',(69.743253666671,-34.92676005567,43.48388522167
    ));
#38 = CARTESIAN_POINT('',(69.743253666671,-34.92676005567,
    43.967771043339));
#39 = CARTESIAN_POINT('',(69.743253666671,-34.92676005567,
    44.451656865009));
#40 = CARTESIAN_POINT('',(69.743253666671,-34.92676005567,
    44.935542686678));
#41 = ORIENTED_EDGE('',*,*,#42,.T.);
#42 = EDGE_CURVE('',#33,#43,#45,.T.);
#43 = VERTEX_POINT('',#44);
#44 = CARTESIAN_POINT('',(69.743374929256,-34.92651791228,45.));
#45 = B_SPLINE_CURVE_WITH_KNOTS('',4,(#46,#47,#48,#49,#50),
  .UNSPECIFIED.,.F.,.F.,(5,5),(0.,1.),.PIECEWISE_BEZIER_KNOTS.);
#46 = CARTESIAN_POINT('',(69.743253666671,-34.92676005567,
    44.935542086678));
#47 = CARTESIAN_POINT('',(69.743253666671,-34.92676005567,
    44.951630579922));
#48 = CARTESIAN_POINT('',(69.743273811398,-34.92671982981,
    44.967736641404));
#49 = CARTESIAN_POINT('',(69.74331420034,-34.92663917944,44.983860055065
    ));
#50 = CARTESIAN_POINT('',(69.743374931514,-34.92651790777,45.0000006));
#51 = ORIENTED_EDGE('',*,*,#52,.F.);
#52 = EDGE_CURVE('',#53,#43,#55,.T.);
#53 = VERTEX_POINT('',#54);
#54 = CARTESIAN_POINT('',(49.570198114529,-60.22288152261,45.));
#55 = CIRCLE('',#56,78.);
#56 = AXIS2_PLACEMENT_3D('',#57,#58,#59);
#57 = CARTESIAN_POINT('',(0.,0.,45.));
#58 = DIRECTION('',(0.,0.,1.));
#59 = DIRECTION('',(1.,0.,-0.));
#60 = ORIENTED_EDGE('',*,*,#61,.T.);
#61 = EDGE_CURVE('',#53,#62,#64,.T.);
#62 = VERTEX_POINT('',#63);
#63 = CARTESIAN_POINT('',(49.570407203409,-60.22270941836,
    44.935542086678));
#64 = B_SPLINE_CURVE_WITH_KNOTS('',4,(#65,#66,#67,#68,#69),
  .UNSPECIFIED.,.F.,.F.,(5,5),(0.,1.),.PIECEWISE_BEZIER_KNOTS.);
#65 = CARTESIAN_POINT('',(49.570198110636,-60.22288152581,45.0000006));
#66 = CARTESIAN_POINT('',(49.570302827811,-60.22279533181,
    44.983860055065));
#67 = CARTESIAN_POINT('',(49.570372468723,-60.22273800911,
    44.967736641404));
#68 = CARTESIAN_POINT('',(49.570407203409,-60.22270941836,44.95163057992
    ));
#69 = CARTESIAN_POINT('',(49.570407203409,-60.22270941836,
    44.935542086678));
#70 = ORIENTED_EDGE('',*,*,#71,.T.);
#71 = EDGE_CURVE('',#62,#22,#72,.T.);
#72 = B_SPLINE_CURVE_WITH_KNOTS('',4,(#73,#74,#75,#76,#77),
  .UNSPECIFIED.,.F.,.F.,(5,5),(0.,1.),.PIECEWISE_BEZIER_KNOTS.);
#73 = CARTESIAN_POINT('',(49.570407203409,-60.22270941836,
    44.935542686678));
#74 = CARTESIAN_POINT('',(49.570407203409,-60.22270941836,
    44.451656865009));
#75 = CARTESIAN_POINT('',(49.570407203409,-60.22270941836,
    43.967771043339));
#76 = CARTESIAN_POINT('',(49.570407203409,-60.22270941836,43.48388522167
    ));
#77 = CARTESIAN_POINT('',(49.570407203409,-60.22270941836,42.9999994));
#78 = CYLINDRICAL_SURFACE('',#79,78.);
#79 = AXIS2_PLACEMENT_3D('',#80,#81,#82);
#80 = CARTESIAN_POINT('',(0.,0.,35.));
#81 = DIRECTION('',(0.,0.,1.));
#82 = DIRECTION('',(1.,0.,-0.));
#83 = ADVANCED_FACE('',(#84),#352,.T.);
#84 = FACE_BOUND('',#85,.F.);
#85 = EDGE_LOOP('',(#86,#96,#97,#107,#226,#235));
#86 = ORIENTED_EDGE('',*,*,#87,.F.);
#87 = EDGE_CURVE('',#22,#88,#90,.T.);
#88 = VERTEX_POINT('',#89);
#89 = CARTESIAN_POINT('',(49.570302752767,-60.22246298137,
    42.935919218387));
#90 = B_SPLINE_CURVE_WITH_KNOTS('',4,(#91,#92,#93,#94,#95),
  .UNSPECIFIED.,.F.,.F.,(5,5),(0.,1.),.PIECEWISE_BEZIER_KNOTS.);
#91 = CARTESIAN_POINT('',(49.570407203409,-60.22270941836,43.));
#92 = CARTESIAN_POINT('',(49.570407203409,-60.22270941836,
    42.983979333698));
#93 = CARTESIAN_POINT('',(49.570389794228,-60.22266834378,
    42.967958818826));
#94 = CARTESIAN_POINT('',(49.570354976604,-60.22258619636,
    42.951938549127));
#95 = CARTESIAN_POINT('',(49.570302750811,-60.22246297676,
    42.935918618421));
#96 = ORIENTED_EDGE('',*,*,#21,.T.);
#97 = ORIENTED_EDGE('',*,*,#98,.F.);
#98 = EDGE_CURVE('',#99,#24,#101,.T.);
#99 = VERTEX_POINT('',#100);
#100 = CARTESIAN_POINT('',(69.742990165926,-34.92671306121,
    42.935919218387));
#101 = B_SPLINE_CURVE_WITH_KNOTS('',4,(#102,#103,#104,#105,#106),
  .UNSPECIFIED.,.F.,.F.,(5,5),(0.,1.),.PIECEWISE_BEZIER_KNOTS.);
#102 = CARTESIAN_POINT('',(69.742990160992,-34.92671306033,
    42.935918618421));
#103 = CARTESIAN_POINT('',(69.743121912553,-34.92673655777,
    42.951938549096));
#104 = CARTESIAN_POINT('',(69.74320974801,-34.92675222292,
    42.967958818862));
#105 = CARTESIAN_POINT('',(69.743253666671,-34.92676005567,
    42.983979333585));
#106 = CARTESIAN_POINT('',(69.743253666671,-34.92676005567,43.));
#107 = ORIENTED_EDGE('',*,*,#108,.T.);
#108 = EDGE_CURVE('',#99,#109,#111,.T.);
#109 = VERTEX_POINT('',#110);
#110 = CARTESIAN_POINT('',(64.78909017174,-26.50233564647,35.));
#111 = B_SPLINE_CURVE_WITH_KNOTS('',8,(#112,#113,#114,#115,#116,#117,
    #118,#119,#120,#121,#122,#123,#124,#125,#126,#127,#128,#129,#130,
    #131,#132,#133,#134,#135,#136,#137,#138,#139,#140,#141,#142,#143,
    #144,#145,#146,#147,#148,#149,#150,#151,#152,#153,#154,#155,#156,
    #157,#158,#159,#160,#161,#162,#163,#164,#165,#166,#167,#168,#169,
    #170,#171,#172,#173,#174,#175,#176,#177,#178,#179,#180,#181,#182,
    #183,#184,#185,#186,#187,#188,#189,#190,#191,#192,#193,#194,#195,
    #196,#197,#198,#199,#200,#201,#202,#203,#204,#205,#206,#207,#208,
    #209,#210,#211,#212,#213,#214,#215,#216,#217,#218,#219,#220,#221,
    #222,#223,#224,#225),.UNSPECIFIED.,.F.,.F.,(9,7,7,7,7,7,7,7,7,7,7,7,
    7,7,7,7,9),(0.,0.106991883795,0.214175378111,0.319846282916,
    0.422847325799,0.52449744428,0.626023471327,0.728515848075,
    0.832679324343,0.890287816522,0.946887875191,0.970772527995,
    0.984448479132,0.992164730063,0.996269955091,0.998520299417,1.),
  .UNSPECIFIED.);
#112 = CARTESIAN_POINT('',(69.742990165926,-34.92671306121,
    42.935919218387));
#113 = CARTESIAN_POINT('',(69.741803962308,-34.92650150584,
    42.791685044428));
#114 = CARTESIAN_POINT('',(69.738944210987,-34.92297244768,
    42.646242184919));
#115 = CARTESIAN_POINT('',(69.73436165577,-34.91602745473,
    42.499680448094));
#116 = CARTESIAN_POINT('',(69.728008402948,-34.90557144493,
    42.352097051157));
#117 = CARTESIAN_POINT('',(69.719838324401,-34.89151358843,
    42.203596420301));
#118 = CARTESIAN_POINT('',(69.709807460699,-34.87376820989,
    42.054289990714));
#119 = CARTESIAN_POINT('',(69.697874424211,-34.85225569068,
    41.904296006601));
#120 = CARTESIAN_POINT('',(69.67010233409,-34.80150564863,
    41.602913005562));
#121 = CARTESIAN_POINT('',(69.65425632873,-34.77225437417,
    41.451521951304));
#122 = CARTESIAN_POINT('',(69.636424159225,-34.73907646114,
    41.299691493145));
#123 = CARTESIAN_POINT('',(69.616570228164,-34.70190591388,
    41.147553603847));
#124 = CARTESIAN_POINT('',(69.594662356889,-34.66068465973,
    40.995246261698));
#125 = CARTESIAN_POINT('',(69.570672174763,-34.61536338104,
    40.842912818003));
#126 = CARTESIAN_POINT('',(69.544575508427,-34.56590234708,
    40.690701364575));
#127 = CARTESIAN_POINT('',(69.48852831721,-34.45939898101,
    40.388970999271));
#128 = CARTESIAN_POINT('',(69.458637376259,-34.40247349025,
    40.239444353896));
#129 = CARTESIAN_POINT('',(69.426661117194,-34.34146752598,
    40.090329854262));
#130 = CARTESIAN_POINT('',(69.392585070406,-34.2763627463,
    39.941776971593));
#131 = CARTESIAN_POINT('',(69.356399356928,-34.20715114876,
    39.793938020479));
#132 = CARTESIAN_POINT('',(69.318098917678,-34.13383550403,
    39.64696722017));
#133 = CARTESIAN_POINT('',(69.277683742689,-34.05642978944,
    39.501019755876));
#134 = CARTESIAN_POINT('',(69.193708877898,-33.89554786635,
    39.215139629436));
#135 = CARTESIAN_POINT('',(69.150254428081,-33.81227442748,
    39.075148105884));
#136 = CARTESIAN_POINT('',(69.104800527309,-33.72516280128,
    38.936419953731));
#137 = CARTESIAN_POINT('',(69.057356722707,-33.6342469873,
    38.799098745938));
#138 = CARTESIAN_POINT('',(69.007937320874,-33.53957139382,
    38.663326997605));
#139 = CARTESIAN_POINT('',(68.956561376634,-33.44119074228,
    38.529245219467));
#140 = CARTESIAN_POINT('',(68.903252681797,-33.33916997163,
    38.396990971387));
#141 = CARTESIAN_POINT('',(68.793550978818,-33.12938313947,
    38.138113736877));
#142 = CARTESIAN_POINT('',(68.737207582276,-33.0217099483,
    38.011439593579));
#143 = CARTESIAN_POINT('',(68.679036845331,-32.91063648586,
    37.886804012096));
#144 = CARTESIAN_POINT('',(68.61907052775,-32.79624421178,
    37.764331700818));
#145 = CARTESIAN_POINT('',(68.55734459682,-32.67862356947,
    37.644142790047));
#146 = CARTESIAN_POINT('',(68.493898956145,-32.55787342695,
    37.526352071648));
#147 = CARTESIAN_POINT('',(68.428777174444,-32.43410051757,
    37.411068238707));
#148 = CARTESIAN_POINT('',(68.295356741835,-32.18089189321,
    37.185855562084));
#149 = CARTESIAN_POINT('',(68.227062068597,-32.05146324437,
    37.075920323915));
#150 = CARTESIAN_POINT('',(68.157188797657,-31.91924637742,
    36.96868901724));
#151 = CARTESIAN_POINT('',(68.085786956183,-31.78436192691,
    36.864256348819));
#152 = CARTESIAN_POINT('',(68.012909363769,-31.64693681024,
    36.762709694124));
#153 = CARTESIAN_POINT('',(67.938611000714,-31.507103319,36.664128665856
    ));
#154 = CARTESIAN_POINT('',(67.862948376304,-31.36499821041,
    36.56858468246));
#155 = CARTESIAN_POINT('',(67.708276803441,-31.07515250939,
    36.382816484699));
#156 = CARTESIAN_POINT('',(67.629242969505,-30.92737114936,
    36.292651554613));
#157 = CARTESIAN_POINT('',(67.54893584136,-30.77756192462,
    36.205710545358));
#158 = CARTESIAN_POINT('',(67.467415313532,-30.62587273737,
    36.122049280513));
#159 = CARTESIAN_POINT('',(67.384740956266,-30.472453969,36.041714589537
    ));
#160 = CARTESIAN_POINT('',(67.300970242793,-30.31745726307,
    35.964744289051));
#161 = CARTESIAN_POINT('',(67.216156776598,-30.16103430825,
    35.891167164115));
#162 = CARTESIAN_POINT('',(67.043141189516,-29.84306571691,
    35.749694733863));
#163 = CARTESIAN_POINT('',(66.954905858271,-29.68147808742,
    35.681911677114));
#164 = CARTESIAN_POINT('',(66.865693562238,-29.51873083286,
    35.617674583282));
#165 = CARTESIAN_POINT('',(66.775544442007,-29.35498004824,
    35.556994831782));
#166 = CARTESIAN_POINT('',(66.684489926277,-29.19037922611,
    35.49987456149));
#167 = CARTESIAN_POINT('',(66.592545540386,-29.02507717088,
    35.446307035734));
#168 = CARTESIAN_POINT('',(66.499694338565,-28.859214425,35.396277188221
    ));
#169 = CARTESIAN_POINT('',(66.353965615658,-28.60094667625,
    35.324036924843));
#170 = CARTESIAN_POINT('',(66.301769600733,-28.50884253209,
    35.299386655036));
#171 = CARTESIAN_POINT('',(66.249260314149,-28.41662731035,
    35.275807699976));
#172 = CARTESIAN_POINT('',(66.196417737014,-28.32432098799,
    35.253295526096));
#173 = CARTESIAN_POINT('',(66.143214636767,-28.23194198115,
    35.231844930921));
#174 = CARTESIAN_POINT('',(66.089612704852,-28.13950646606,
    35.211450098814));
#175 = CARTESIAN_POINT('',(66.035554627857,-28.04702702296,
    35.192104688291));
#176 = CARTESIAN_POINT('',(65.92730537076,-27.86361367787,
    35.155819601962));
#177 = CARTESIAN_POINT('',(65.873132954051,-27.77268142073,
    35.138843828762));
#178 = CARTESIAN_POINT('',(65.818351842839,-27.68172017401,
    35.122868124779));
#179 = CARTESIAN_POINT('',(65.762840096648,-27.59072961536,
    35.107885762378));
#180 = CARTESIAN_POINT('',(65.706450461726,-27.49970498562,
    35.093889687305));
#181 = CARTESIAN_POINT('',(65.648917767084,-27.40862167681,
    35.080873221516));
#182 = CARTESIAN_POINT('',(65.589912889961,-27.31744416595,
    35.068829649947));
#183 = CARTESIAN_POINT('',(65.502761256081,-27.18749165568,
    35.053082118476));
#184 = CARTESIAN_POINT('',(65.476491784229,-27.14888982354,
    35.04858152189));
#185 = CARTESIAN_POINT('',(65.449753659206,-27.11024174811,
    35.044253274731));
#186 = CARTESIAN_POINT('',(65.422472299353,-27.07153643757,
    35.040097192088));
#187 = CARTESIAN_POINT('',(65.394545246242,-27.03275847751,
    35.036113310368));
#188 = CARTESIAN_POINT('',(65.365840922459,-26.99388782132,
    35.032301887504));
#189 = CARTESIAN_POINT('',(65.336175390128,-26.9548959559,
    35.028663572178));
#190 = CARTESIAN_POINT('',(65.287512364166,-26.89330810456,
    35.023216854025));
#191 = CARTESIAN_POINT('',(65.269375144846,-26.87082801786,
    35.021291027251));
#192 = CARTESIAN_POINT('',(65.250757742645,-26.84828211949,
    35.019422826035));
#193 = CARTESIAN_POINT('',(65.231587810842,-26.82565885093,
    35.017612655685));
#194 = CARTESIAN_POINT('',(65.211765647794,-26.80294254476,
    35.015861167731));
#195 = CARTESIAN_POINT('',(65.191164382483,-26.78011344724,
    35.014169249101));
#196 = CARTESIAN_POINT('',(65.169607402098,-26.75714405645,
    35.012538192066));
#197 = CARTESIAN_POINT('',(65.133906137773,-26.72091886821,
    35.010085757398));
#198 = CARTESIAN_POINT('',(65.120626366804,-26.7077930066,
    35.009221343162));
#199 = CARTESIAN_POINT('',(65.106886248026,-26.69459809995,
    35.008377503379));
#200 = CARTESIAN_POINT('',(65.092618617451,-26.68132349203,
    35.007554747824));
#201 = CARTESIAN_POINT('',(65.077728622801,-26.66795472151,
    35.006753861618));
#202 = CARTESIAN_POINT('',(65.06209656362,-26.65447395381,
    35.005975872496));
#203 = CARTESIAN_POINT('',(65.045555250076,-26.64085641477,
    35.005222230438));
#204 = CARTESIAN_POINT('',(65.018345938091,-26.61971308739,
    35.004109009987));
#205 = CARTESIAN_POINT('',(65.008553876222,-26.61232018362,
    35.003730140234));
#206 = CARTESIAN_POINT('',(64.998369203196,-26.60486849879,
    35.003359342727));
#207 = CARTESIAN_POINT('',(64.987735967915,-26.59734949295,
    35.002997089831));
#208 = CARTESIAN_POINT('',(64.976574415867,-26.58975185578,
    35.002644124988));
#209 = CARTESIAN_POINT('',(64.964784976752,-26.58206207687,
    35.002301419595));
#210 = CARTESIAN_POINT('',(64.952228944117,-26.57426155461,
    35.001970338477));
#211 = CARTESIAN_POINT('',(64.931192886324,-26.56195694979,
    35.001479696341));
#212 = CARTESIAN_POINT('',(64.923439588336,-26.55755877276,
    35.001310337883));
#213 = CARTESIAN_POINT('',(64.915332198673,-26.5531106858,
    35.001145687298));
#214 = CARTESIAN_POINT('',(64.906818489971,-26.5486050767,
    35.000986215941));
#215 = CARTESIAN_POINT('',(64.897821090548,-26.54403243201,
    35.000832752497));
#216 = CARTESIAN_POINT('',(64.888246374819,-26.53938245613,
    35.000686383366));
#217 = CARTESIAN_POINT('',(64.87796485555,-26.5346413869,35.000548638635
    ));
#218 = CARTESIAN_POINT('',(64.859298910102,-26.52657980578,
    35.000339686503));
#219 = CARTESIAN_POINT('',(64.851534283238,-26.52335667172,
    35.000262583836));
#220 = CARTESIAN_POINT('',(64.843287509474,-26.52007451979,
    35.000191219263));
#221 = CARTESIAN_POINT('',(64.834411062082,-26.51671102049,
    35.000126880393));
#222 = CARTESIAN_POINT('',(64.824805217417,-26.51325714659,
    35.000070865587));
#223 = CARTESIAN_POINT('',(64.814225549651,-26.509706619,35.000027457843
    ));
#224 = CARTESIAN_POINT('',(64.802545061791,-26.50607294618,35.));
#225 = CARTESIAN_POINT('',(64.78909017174,-26.50233564647,35.));
#226 = ORIENTED_EDGE('',*,*,#227,.F.);
#227 = EDGE_CURVE('',#228,#109,#230,.T.);
#228 = VERTEX_POINT('',#229);
#229 = CARTESIAN_POINT('',(40.254795614951,-57.26736793321,35.));
#230 = CIRCLE('',#231,70.);
#231 = AXIS2_PLACEMENT_3D('',#232,#233,#234);
#232 = CARTESIAN_POINT('',(0.,0.,35.));
#233 = DIRECTION('',(0.,0.,1.));
#234 = DIRECTION('',(1.,0.,-0.));
#235 = ORIENTED_EDGE('',*,*,#236,.F.);
#236 = EDGE_CURVE('',#88,#228,#237,.T.);
#237 = B_SPLINE_CURVE_WITH_KNOTS('',8,(#238,#239,#240,#241,#242,#243,
    #244,#245,#246,#247,#248,#249,#250,#251,#252,#253,#254,#255,#256,
    #257,#258,#259,#260,#261,#262,#263,#264,#265,#266,#267,#268,#269,
    #270,#271,#272,#273,#274,#275,#276,#277,#278,#279,#280,#281,#282,
    #283,#284,#285,#286,#287,#288,#289,#290,#291,#292,#293,#294,#295,
    #296,#297,#298,#299,#300,#301,#302,#303,#304,#305,#306,#307,#308,
    #309,#310,#311,#312,#313,#314,#315,#316,#317,#318,#319,#320,#321,
    #322,#323,#324,#325,#326,#327,#328,#329,#330,#331,#332,#333,#334,
    #335,#336,#337,#338,#339,#340,#341,#342,#343,#344,#345,#346,#347,
    #348,#349,#350,#351),.UNSPECIFIED.,.F.,.F.,(9,7,7,7,7,7,7,7,7,7,7,7,
    7,7,7,7,9),(0.,0.106991883795,0.214175378112,0.319846282917,
    0.422847325799,0.52449744428,0.626023471327,0.728515848074,
    0.832679324343,0.890287816523,0.946887875191,0.970772527995,
    0.984448479132,0.992164730063,0.996269955092,0.998520299418,1.),
  .UNSPECIFIED.);
#238 = CARTESIAN_POINT('',(49.570302752767,-60.22246298137,
    42.935919218387));
#239 = CARTESIAN_POINT('',(49.569832546395,-60.22135359386,
    42.791685044428));
#240 = CARTESIAN_POINT('',(49.565755614556,-60.21935083179,
    42.646242184919));
#241 = CARTESIAN_POINT('',(49.557965032612,-60.21642857712,
    42.499680448094));
#242 = CARTESIAN_POINT('',(49.546357445057,-60.21256129467,
    42.352097051157));
#243 = CARTESIAN_POINT('',(49.530834034868,-60.20772422441,42.2035964203
    ));
#244 = CARTESIAN_POINT('',(49.511301492852,-60.20189357361,
    42.054289990714));
#245 = CARTESIAN_POINT('',(49.487672986995,-60.19504670913,
    41.904296006601));
#246 = CARTESIAN_POINT('',(49.432015483022,-60.17926387004,
    41.602913005561));
#247 = CARTESIAN_POINT('',(49.399971531172,-60.17032417803,
    41.451521951304));
#248 = CARTESIAN_POINT('',(49.363657426678,-60.16032187844,
    41.299691493145));
#249 = CARTESIAN_POINT('',(49.323000907355,-60.14923695178,
    41.147553603847));
#250 = CARTESIAN_POINT('',(49.277938196136,-60.13705094855,
    40.995246261697));
#251 = CARTESIAN_POINT('',(49.228414898791,-60.12374718364,
    40.842912818003));
#252 = CARTESIAN_POINT('',(49.174386901654,-60.10931093068,
    40.690701364576));
#253 = CARTESIAN_POINT('',(49.058082123993,-60.07836818805,
    40.388970999271));
#254 = CARTESIAN_POINT('',(48.995932514039,-60.06189378877,
    40.239444353896));
#255 = CARTESIAN_POINT('',(48.929340709635,-60.04429434542,
    40.090329854261));
#256 = CARTESIAN_POINT('',(48.858285608949,-60.02555983265,
    39.941776971592));
#257 = CARTESIAN_POINT('',(48.782757211907,-60.00568239989,
    39.793938020478));
#258 = CARTESIAN_POINT('',(48.70275709394,-59.98465649835,
    39.646967220169));
#259 = CARTESIAN_POINT('',(48.618298879742,-59.96247900808,
    39.501019755875));
#260 = CARTESIAN_POINT('',(48.442764437017,-59.91640916426,
    39.215139629436));
#261 = CARTESIAN_POINT('',(48.351909312364,-59.89257429161,
    39.075148105884));
#262 = CARTESIAN_POINT('',(48.256867312051,-59.86764417545,
    38.93641995373));
#263 = CARTESIAN_POINT('',(48.157673707628,-59.84162055793,
    38.799098745937));
#264 = CARTESIAN_POINT('',(48.054374977494,-59.81450750516,
    38.663326997605));
#265 = CARTESIAN_POINT('',(47.947028711189,-59.78631141757,
    38.529245219467));
#266 = CARTESIAN_POINT('',(47.835703513702,-59.75704104018,
    38.396990971386));
#267 = CARTESIAN_POINT('',(47.606765550017,-59.69677174976,
    38.138113736877));
#268 = CARTESIAN_POINT('',(47.489254365331,-59.66580053886,
    38.011439593579));
#269 = CARTESIAN_POINT('',(47.368021539785,-59.63380443434,
    37.886804012095));
#270 = CARTESIAN_POINT('',(47.243153557847,-59.60079627321,
    37.764331700818));
#271 = CARTESIAN_POINT('',(47.114746598814,-59.56679099542,
    37.644142790047));
#272 = CARTESIAN_POINT('',(46.982905931252,-59.5318055039,
    37.526352071648));
#273 = CARTESIAN_POINT('',(46.847745307442,-59.49585852463,
    37.411068238707));
#274 = CARTESIAN_POINT('',(46.571196312672,-59.4221274404,
    37.185855562083));
#275 = CARTESIAN_POINT('',(46.429815715807,-59.38434564103,
    37.075920323914));
#276 = CARTESIAN_POINT('',(46.285365536248,-59.34564525959,
    36.96868901724));
#277 = CARTESIAN_POINT('',(46.137974516083,-59.30604822526,
    36.864256348818));
#278 = CARTESIAN_POINT('',(45.987778144073,-59.26557779155,
    36.762709694123));
#279 = CARTESIAN_POINT('',(45.834917629263,-59.22425812265,
    36.664128665855));
#280 = CARTESIAN_POINT('',(45.679538874588,-59.18211387969,
    36.56858468246));
#281 = CARTESIAN_POINT('',(45.362542547592,-59.09581698218,
    36.382816484699));
#282 = CARTESIAN_POINT('',(45.200879692257,-59.05164913772,
    36.292651554613));
#283 = CARTESIAN_POINT('',(45.036956480398,-59.00669116555,
    36.205710545358));
#284 = CARTESIAN_POINT('',(44.870930433783,-58.96096854717,
    36.122049280513));
#285 = CARTESIAN_POINT('',(44.702961419054,-58.91450589628,
    36.041714589536));
#286 = CARTESIAN_POINT('',(44.533210066739,-58.86732550125,
    35.96474428905));
#287 = CARTESIAN_POINT('',(44.361836190274,-58.81944586773,
    35.891167164114));
#288 = CARTESIAN_POINT('',(44.013340145348,-58.72152281055,
    35.749694733862));
#289 = CARTESIAN_POINT('',(43.836169646788,-58.67145635351,
    35.681911677114));
#290 = CARTESIAN_POINT('',(43.657651202246,-58.62069546708,
    35.617674583282));
#291 = CARTESIAN_POINT('',(43.477945925245,-58.56924455104,
    35.556994831782));
#292 = CARTESIAN_POINT('',(43.297210453503,-58.5171000908,35.49987456149
    ));
#293 = CARTESIAN_POINT('',(43.115593315298,-58.46424411034,
    35.446307035734));
#294 = CARTESIAN_POINT('',(42.933227758603,-58.41062881512,
    35.39627718822));
#295 = CARTESIAN_POINT('',(42.649007630002,-58.32602379622,
    35.324036924843));
#296 = CARTESIAN_POINT('',(42.547598023047,-58.29563154454,
    35.299386655036));
#297 = CARTESIAN_POINT('',(42.446010413953,-58.26495859267,
    35.275807699976));
#298 = CARTESIAN_POINT('',(42.344259824198,-58.23398097833,
    35.253295526096));
#299 = CARTESIAN_POINT('',(42.242358148373,-58.20266805377,
    35.231844930921));
#300 = CARTESIAN_POINT('',(42.140312632685,-58.17097887134,
    35.211450098813));
#301 = CARTESIAN_POINT('',(42.038122788523,-58.13885475525,
    35.192104688291));
#302 = CARTESIAN_POINT('',(41.835220273138,-58.07413284188,
    35.155819601962));
#303 = CARTESIAN_POINT('',(41.734513380768,-58.04155297155,
    35.138843828761));
#304 = CARTESIAN_POINT('',(41.633642778392,-58.00838611875,
    35.12286812478));
#305 = CARTESIAN_POINT('',(41.532581017402,-57.97451347201,
    35.107885762377));
#306 = CARTESIAN_POINT('',(41.431290690956,-57.9397925286,
    35.093889687305));
#307 = CARTESIAN_POINT('',(41.329688801904,-57.90397024167,
    35.080873221516));
#308 = CARTESIAN_POINT('',(41.227667481249,-57.86673364488,
    35.068829649947));
#309 = CARTESIAN_POINT('',(41.081580088762,-57.81068423838,
    35.053082118476));
#310 = CARTESIAN_POINT('',(41.038100577731,-57.79366311277,
    35.04858152189));
#311 = CARTESIAN_POINT('',(40.994471697688,-57.77619537421,
    35.044253274731));
#312 = CARTESIAN_POINT('',(40.950666136421,-57.75821075686,
    35.040097192088));
#313 = CARTESIAN_POINT('',(40.906646066843,-57.73961280116,
    35.036113310368));
#314 = CARTESIAN_POINT('',(40.862362666218,-57.72027768943,
    35.032301887504));
#315 = CARTESIAN_POINT('',(40.81774720631,-57.70003244024,
    35.028663572178));
#316 = CARTESIAN_POINT('',(40.746874949,-57.66629408414,35.023216854025)
  );
#317 = CARTESIAN_POINT('',(40.720922574026,-57.65361389266,
    35.021291027251));
#318 = CARTESIAN_POINT('',(40.694799186675,-57.64048020196,
    35.019422826035));
#319 = CARTESIAN_POINT('',(40.668477419563,-57.62682505122,
    35.017612655685));
#320 = CARTESIAN_POINT('',(40.641919812384,-57.61255472485,
    35.015861167731));
#321 = CARTESIAN_POINT('',(40.615078875203,-57.59754992837,
    35.014169249101));
#322 = CARTESIAN_POINT('',(40.587888495588,-57.58164459679,
    35.012538192066));
#323 = CARTESIAN_POINT('',(40.544627269769,-57.55489930041,
    35.010085757398));
#324 = CARTESIAN_POINT('',(40.528875473877,-57.54487326001,
    35.009221343162));
#325 = CARTESIAN_POINT('',(40.51295392702,-57.53441377765,
    35.008377503379));
#326 = CARTESIAN_POINT('',(40.496837294749,-57.52345774452,
    35.007554747824));
#327 = CARTESIAN_POINT('',(40.480490371702,-57.51191590442,
    35.006753861618));
#328 = CARTESIAN_POINT('',(40.463869134587,-57.49967552662,
    35.005975872495));
#329 = CARTESIAN_POINT('',(40.446912227142,-57.48657912585,
    35.005222230438));
#330 = CARTESIAN_POINT('',(40.420244365611,-57.46475684108,
    35.004109009987));
#331 = CARTESIAN_POINT('',(40.410857878622,-57.4568553625,
    35.003730140234));
#332 = CARTESIAN_POINT('',(40.401326720135,-57.44858419635,
    35.003359342727));
#333 = CARTESIAN_POINT('',(40.391630114024,-57.43989069468,
    35.002997089831));
#334 = CARTESIAN_POINT('',(40.381739286497,-57.43069961937,
    35.002644124988));
#335 = CARTESIAN_POINT('',(40.371618909388,-57.42091690289,
    35.002301419595));
#336 = CARTESIAN_POINT('',(40.361219982404,-57.41041145571,
    35.001970338477));
#337 = CARTESIAN_POINT('',(40.344542916488,-57.39264084796,
    35.001479696341));
#338 = CARTESIAN_POINT('',(40.338529739832,-57.3860606278,
    35.001310337883));
#339 = CARTESIAN_POINT('',(40.332389111777,-57.37914629979,
    35.001145687298));
#340 = CARTESIAN_POINT('',(40.326101989295,-57.37184863988,
    35.000986215941));
#341 = CARTESIAN_POINT('',(40.319641880626,-57.36409433322,
    35.000832752497));
#342 = CARTESIAN_POINT('',(40.312977914669,-57.35579439258,
    35.000686383366));
#343 = CARTESIAN_POINT('',(40.306067860666,-57.34682563961,
    35.000548638635));
#344 = CARTESIAN_POINT('',(40.294054836604,-57.33042155895,
    35.000339686503));
#345 = CARTESIAN_POINT('',(40.289184721229,-57.32356882229,
    35.000262583836));
#346 = CARTESIAN_POINT('',(40.284149779888,-57.31625915987,
    35.000191219263));
#347 = CARTESIAN_POINT('',(40.278895415186,-57.30835371257,
    35.000126880393));
#348 = CARTESIAN_POINT('',(40.273390635576,-57.29975726571,
    35.000070865587));
#349 = CARTESIAN_POINT('',(40.267574929581,-57.29023291904,
    35.000027457843));
#350 = CARTESIAN_POINT('',(40.261433207458,-57.27965385366,35.));
#351 = CARTESIAN_POINT('',(40.254795614951,-57.26736793321,35.));
#352 = TOROIDAL_SURFACE('',#353,70.,8.);
#353 = AXIS2_PLACEMENT_3D('',#354,#355,#356);
#354 = CARTESIAN_POINT('',(0.,0.,43.));
#355 = DIRECTION('',(-0.,-0.,-1.));
#356 = DIRECTION('',(1.,0.,-0.));
#357 = ADVANCED_FACE('',(#358),#412,.T.);
#358 = FACE_BOUND('',#359,.T.);
#359 = EDGE_LOOP('',(#360,#382,#383,#384,#406));
#360 = ORIENTED_EDGE('',*,*,#361,.F.);
#361 = EDGE_CURVE('',#88,#362,#364,.T.);
#362 = VERTEX_POINT('',#363);
#363 = CARTESIAN_POINT('',(102.79497910775,-185.7987951259,
    42.002811770456));
#364 = B_SPLINE_CURVE_WITH_KNOTS('',6,(#365,#366,#367,#368,#369,#370,
    #371,#372,#373,#374,#375,#376,#377,#378,#379,#380,#381),
  .UNSPECIFIED.,.F.,.F.,(7,5,5,7),(-9.00042291895,-5.474960499495E-02,
    146.55481105679,155.50048437074),.UNSPECIFIED.);
#365 = CARTESIAN_POINT('',(42.263872349151,-42.983941416,43.064011770456
    ));
#366 = CARTESIAN_POINT('',(42.845682836277,-44.35664355306,
    43.053811770456));
#367 = CARTESIAN_POINT('',(43.427493323402,-45.72934569011,
    43.043611770456));
#368 = CARTESIAN_POINT('',(44.009303810528,-47.10204782716,
    43.033411770456));
#369 = CARTESIAN_POINT('',(44.591114297654,-48.47474996421,
    43.023211770456));
#370 = CARTESIAN_POINT('',(45.172924784779,-49.84745210127,
    43.013011770456));
#371 = CARTESIAN_POINT('',(55.289957150939,-73.71720394826,
    42.835645201069));
#372 = CARTESIAN_POINT('',(64.825179029973,-96.21425365819,
    42.668478631682));
#373 = CARTESIAN_POINT('',(74.360400909006,-118.7113033681,
    42.501312062295));
#374 = CARTESIAN_POINT('',(83.895622788041,-141.208353078,
    42.334145492909));
#375 = CARTESIAN_POINT('',(93.430844667074,-163.705402788,
    42.166978923522));
#376 = CARTESIAN_POINT('',(103.54787703323,-187.5751546349,
    41.989612354135));
#377 = CARTESIAN_POINT('',(104.12968752036,-188.947856772,
    41.979412354135));
#378 = CARTESIAN_POINT('',(104.71149800748,-190.320558909,
    41.969212354135));
#379 = CARTESIAN_POINT('',(105.29330849461,-191.6932610461,
    41.959012354135));
#380 = CARTESIAN_POINT('',(105.87511898173,-193.0659631832,
    41.948812354135));
#381 = CARTESIAN_POINT('',(106.45692946886,-194.4386653202,
    41.938612354135));
#382 = ORIENTED_EDGE('',*,*,#87,.F.);
#383 = ORIENTED_EDGE('',*,*,#71,.F.);
#384 = ORIENTED_EDGE('',*,*,#385,.T.);
#385 = EDGE_CURVE('',#62,#386,#388,.T.);
#386 = VERTEX_POINT('',#387);
#387 = CARTESIAN_POINT('',(102.79497910775,-185.7987951259,
    44.002436469923));
#388 = B_SPLINE_CURVE_WITH_KNOTS('',6,(#389,#390,#391,#392,#393,#394,
    #395,#396,#397,#398,#399,#400,#401,#402,#403,#404,#405),
  .UNSPECIFIED.,.F.,.F.,(7,5,5,7),(-8.890959613726,5.471370022829E-02,
    146.55455944062,155.50023275457),.UNSPECIFIED.);
#389 = CARTESIAN_POINT('',(42.263872349151,-42.983941416,45.063636469923
    ));
#390 = CARTESIAN_POINT('',(42.845682836277,-44.35664355306,
    45.053436469923));
#391 = CARTESIAN_POINT('',(43.427493323402,-45.72934569011,
    45.043236469923));
#392 = CARTESIAN_POINT('',(44.009303810528,-47.10204782716,
    45.033036469923));
#393 = CARTESIAN_POINT('',(44.591114297654,-48.47474996422,
    45.022836469923));
#394 = CARTESIAN_POINT('',(45.172924784779,-49.84745210127,
    45.012636469923));
#395 = CARTESIAN_POINT('',(55.282821489975,-73.70036833379,
    44.835394999247));
#396 = CARTESIAN_POINT('',(64.810907708045,-96.18058242926,
    44.66835352857));
#397 = CARTESIAN_POINT('',(74.338993926115,-118.6607965247,
    44.501312057894));
#398 = CARTESIAN_POINT('',(83.867080144185,-141.1410106201,
    44.334270587218));
#399 = CARTESIAN_POINT('',(93.395166362255,-163.6212247156,
    44.167229116542));
#400 = CARTESIAN_POINT('',(103.50506306745,-187.4741409481,
    43.989987645865));
#401 = CARTESIAN_POINT('',(104.08687355457,-188.8468430852,
    43.979787645865));
#402 = CARTESIAN_POINT('',(104.6686840417,-190.2195452222,
    43.969587645865));
#403 = CARTESIAN_POINT('',(105.25049452882,-191.5922473593,
    43.959387645865));
#404 = CARTESIAN_POINT('',(105.83230501595,-192.9649494963,
    43.949187645865));
#405 = CARTESIAN_POINT('',(106.41411550307,-194.3376516334,
    43.938987645865));
#406 = ORIENTED_EDGE('',*,*,#407,.F.);
#407 = EDGE_CURVE('',#362,#386,#408,.T.);
#408 = LINE('',#409,#410);
#409 = CARTESIAN_POINT('',(102.79497910775,-185.7987951259,34.));
#410 = VECTOR('',#411,1.);
#411 = DIRECTION('',(0.,0.,1.));
#412 = B_SPLINE_SURFACE_WITH_KNOTS('',1,1,(
    (#413,#414)
    ,(#415,#416
  )),.UNSPECIFIED.,.F.,.F.,.F.,(2,2),(2,2),(0.,18.),(0.,1.),
  .PIECEWISE_BEZIER_KNOTS.);
#413 = CARTESIAN_POINT('',(45.754735271905,-51.22015423832,35.));
#414 = CARTESIAN_POINT('',(102.79497910775,-185.7987951259,34.));
#415 = CARTESIAN_POINT('',(45.754735271905,-51.22015423832,53.));
#416 = CARTESIAN_POINT('',(102.79497910775,-185.7987951259,52.));
#417 = ADVANCED_FACE('',(#418),#536,.T.);
#418 = FACE_BOUND('',#419,.T.);
#419 = EDGE_LOOP('',(#420,#421,#422,#485,#507));
#420 = ORIENTED_EDGE('',*,*,#385,.F.);
#421 = ORIENTED_EDGE('',*,*,#61,.F.);
#422 = ORIENTED_EDGE('',*,*,#423,.T.);
#423 = EDGE_CURVE('',#53,#424,#426,.T.);
#424 = VERTEX_POINT('',#425);
#425 = CARTESIAN_POINT('',(40.031123712583,-58.20964536009,
    52.97387717864));
#426 = B_SPLINE_CURVE_WITH_KNOTS('',8,(#427,#428,#429,#430,#431,#432,
    #433,#434,#435,#436,#437,#438,#439,#440,#441,#442,#443,#444,#445,
    #446,#447,#448,#449,#450,#451,#452,#453,#454,#455,#456,#457,#458,
    #459,#460,#461,#462,#463,#464,#465,#466,#467,#468,#469,#470,#471,
    #472,#473,#474,#475,#476,#477,#478,#479,#480,#481,#482,#483,#484),
  .UNSPECIFIED.,.F.,.F.,(9,7,7,7,7,7,7,7,9),(0.,0.202955060292,
    0.401649457109,0.596447807078,0.796772396684,0.858695805546,
    0.921060854274,0.963383855954,1.),.UNSPECIFIED.);
#427 = CARTESIAN_POINT('',(49.570198114529,-60.22288152261,45.));
#428 = CARTESIAN_POINT('',(49.568335983562,-60.22441426562,
    45.287021574606));
#429 = CARTESIAN_POINT('',(49.552176586401,-60.22247223293,
    45.578797578923));
#430 = CARTESIAN_POINT('',(49.520893656207,-60.2168510568,
    45.874617166636));
#431 = CARTESIAN_POINT('',(49.473718089283,-60.20735550864,
    46.173657631433));
#432 = CARTESIAN_POINT('',(49.409969703826,-60.19380563148,
    46.474984410623));
#433 = CARTESIAN_POINT('',(49.329087378745,-60.17604311577,
    46.777559748648));
#434 = CARTESIAN_POINT('',(49.230657572544,-60.15393791869,
    47.080260020497));
#435 = CARTESIAN_POINT('',(49.000664617807,-60.10140955146,
    47.677211003964));
#436 = CARTESIAN_POINT('',(48.869839774123,-60.07117061236,
    47.971506649596));
#437 = CARTESIAN_POINT('',(48.721742075566,-60.03658921199,
    48.263678154242));
#438 = CARTESIAN_POINT('',(48.556303855248,-59.99760796561,
    48.552559991758));
#439 = CARTESIAN_POINT('',(48.373636534744,-59.9542070442,
    48.836957859708));
#440 = CARTESIAN_POINT('',(48.174041983987,-59.90640867427,
    49.11567761476));
#441 = CARTESIAN_POINT('',(47.958013101344,-59.85428029451,
    49.387556891278));
#442 = CARTESIAN_POINT('',(47.498979109656,-59.74269724893,
    49.910266467594));
#443 = CARTESIAN_POINT('',(47.25658524949,-59.68340618617,
    50.161405729199));
#444 = CARTESIAN_POINT('',(46.999675497348,-59.62017034216,
    50.403884119514));
#445 = CARTESIAN_POINT('',(46.729050292826,-59.55314128835,
    50.636728120494));
#446 = CARTESIAN_POINT('',(46.445662769892,-59.48251393607,
    50.859053744214));
#447 = CARTESIAN_POINT('',(46.150598658975,-59.40852714186,
    51.070089531311));
#448 = CARTESIAN_POINT('',(45.845050372377,-59.33146598851,
    51.269192568114));
#449 = CARTESIAN_POINT('',(45.206590594089,-59.16960163991,
    51.647817979973));
#450 = CARTESIAN_POINT('',(44.873148641219,-59.08464132696,
    51.826624829085));
#451 = CARTESIAN_POINT('',(44.531336630693,-58.99714679913,
    51.991728455371));
#452 = CARTESIAN_POINT('',(44.182624293012,-58.90755441037,
    52.142732095374));
#453 = CARTESIAN_POINT('',(43.828520220162,-58.81632896203,
    52.27940056979));
#454 = CARTESIAN_POINT('',(43.470597197349,-58.72411408754,
    52.40165679321));
#455 = CARTESIAN_POINT('',(43.110398572685,-58.63158133825,
    52.509570325278));
#456 = CARTESIAN_POINT('',(42.638213406159,-58.51187621473,
    52.632318272525));
#457 = CARTESIAN_POINT('',(42.526671657871,-58.48371541918,
    52.659950143901));
#458 = CARTESIAN_POINT('',(42.41513564796,-58.45570066923,
    52.686235693148));
#459 = CARTESIAN_POINT('',(42.303660758603,-58.42788153477,
    52.711181743102));
#460 = CARTESIAN_POINT('',(42.192305299094,-58.40031620652,
    52.734796176185));
#461 = CARTESIAN_POINT('',(42.081132195558,-58.37307573449,
    52.75708785059));
#462 = CARTESIAN_POINT('',(41.97021224165,-58.3462520306,52.778066483428
    ));
#463 = CARTESIAN_POINT('',(41.748256894786,-58.29349979377,
    52.817558848294));
#464 = CARTESIAN_POINT('',(41.637226834835,-58.26757916268,
    52.83605384435));
#465 = CARTESIAN_POINT('',(41.526623976851,-58.24233598151,
    52.853238238317));
#466 = CARTESIAN_POINT('',(41.416546876866,-58.21793184828,
    52.869123411996));
#467 = CARTESIAN_POINT('',(41.307116381953,-58.19458352406,
    52.883721179014));
#468 = CARTESIAN_POINT('',(41.198483544517,-58.17258218196,
    52.897043617816));
#469 = CARTESIAN_POINT('',(41.090852692423,-58.15234926417,
    52.909102600004));
#470 = CARTESIAN_POINT('',(40.912385742392,-58.12250122698,
    52.927242038995));
#471 = CARTESIAN_POINT('',(40.840842182763,-58.11156400356,
    52.933998252321));
#472 = CARTESIAN_POINT('',(40.770001034202,-58.10196830611,
    52.940180765934));
#473 = CARTESIAN_POINT('',(40.699984812917,-58.09398791591,
    52.945792526784));
#474 = CARTESIAN_POINT('',(40.630944201371,-58.08796219962,
    52.950836015794));
#475 = CARTESIAN_POINT('',(40.563076861541,-58.08434134484,
    52.955312954841));
#476 = CARTESIAN_POINT('',(40.496639461367,-58.08371530388,
    52.959224106288));
#477 = CARTESIAN_POINT('',(40.375943760276,-58.08941016597,
    52.965463962931));
#478 = CARTESIAN_POINT('',(40.321249970566,-58.094804891,52.967934984056
    ));
#479 = CARTESIAN_POINT('',(40.26804334273,-58.10339885444,
    52.969982557851));
#480 = CARTESIAN_POINT('',(40.216534715577,-58.11567051796,
    52.971606424997));
#481 = CARTESIAN_POINT('',(40.166955429217,-58.13214391294,
    52.972806135406));
#482 = CARTESIAN_POINT('',(40.119492492684,-58.15323537495,
    52.973582255866));
#483 = CARTESIAN_POINT('',(40.074223782795,-58.1791001689,
    52.973937588547));
#484 = CARTESIAN_POINT('',(40.031123712583,-58.20964536009,
    52.97387717864));
#485 = ORIENTED_EDGE('',*,*,#486,.T.);
#486 = EDGE_CURVE('',#424,#487,#489,.T.);
#487 = VERTEX_POINT('',#488);
#488 = CARTESIAN_POINT('',(95.581315448369,-189.2727124528,52.));
#489 = B_SPLINE_CURVE_WITH_KNOTS('',6,(#490,#491,#492,#493,#494,#495,
    #496,#497,#498,#499,#500,#501,#502,#503,#504,#505,#506),
  .UNSPECIFIED.,.F.,.F.,(7,5,5,7),(-8.890959613726,5.471370022829E-02,
    146.55455944062,155.50023275457),.UNSPECIFIED.);
#490 = CARTESIAN_POINT('',(34.921935217195,-46.15521505775,
    53.063448824057));
#491 = CARTESIAN_POINT('',(35.50374570432,-47.5279171948,53.053248824057
    ));
#492 = CARTESIAN_POINT('',(36.085556191446,-48.90061933185,
    53.043048824057));
#493 = CARTESIAN_POINT('',(36.667366678572,-50.2733214689,
    53.032848824057));
#494 = CARTESIAN_POINT('',(37.249177165697,-51.64602360596,
    53.022648824057));
#495 = CARTESIAN_POINT('',(37.830987652823,-53.01872574301,
    53.012448824057));
#496 = CARTESIAN_POINT('',(47.940884358019,-76.87164197553,
    52.835207353381));
#497 = CARTESIAN_POINT('',(57.468970576088,-99.351856071,52.668165882705
    ));
#498 = CARTESIAN_POINT('',(66.997056794159,-121.8320701664,
    52.501124412029));
#499 = CARTESIAN_POINT('',(76.525143012229,-144.3122842619,
    52.334082941352));
#500 = CARTESIAN_POINT('',(86.053229230299,-166.7924983574,
    52.167041470676));
#501 = CARTESIAN_POINT('',(96.163125935494,-190.6454145899,51.9898));
#502 = CARTESIAN_POINT('',(96.74493642262,-192.0181167269,51.9796));
#503 = CARTESIAN_POINT('',(97.326746909746,-193.390818864,51.9694));
#504 = CARTESIAN_POINT('',(97.908557396871,-194.763521001,51.9592));
#505 = CARTESIAN_POINT('',(98.490367883997,-196.1362231381,51.949));
#506 = CARTESIAN_POINT('',(99.072178371122,-197.5089252751,51.9388));
#507 = ORIENTED_EDGE('',*,*,#508,.F.);
#508 = EDGE_CURVE('',#386,#487,#509,.T.);
#509 = B_SPLINE_CURVE_WITH_KNOTS('',7,(#510,#511,#512,#513,#514,#515,
    #516,#517,#518,#519,#520,#521,#522,#523,#524,#525,#526,#527,#528,
    #529,#530,#531,#532,#533,#534,#535),.UNSPECIFIED.,.F.,.F.,(8,6,6,6,8
    ),(0.,0.246925498661,0.497996622871,0.749070781754,1.),
  .UNSPECIFIED.);
#510 = CARTESIAN_POINT('',(102.79497910775,-185.7987951259,
    44.002436469923));
#511 = CARTESIAN_POINT('',(102.79497910775,-185.7987951259,44.4017537518
    ));
#512 = CARTESIAN_POINT('',(102.77400448846,-185.8088959701,
    44.810636700958));
#513 = CARTESIAN_POINT('',(102.73024848492,-185.8299677509,
    45.22705974607));
#514 = CARTESIAN_POINT('',(102.66208185982,-185.8627950674,
    45.648505062594));
#515 = CARTESIAN_POINT('',(102.56823350928,-185.907990051,
    46.071957206985));
#516 = CARTESIAN_POINT('',(102.44794407801,-185.965918388,46.49401015744
    ));
#517 = CARTESIAN_POINT('',(102.15177560345,-186.1085456083,
    47.335165652794));
#518 = CARTESIAN_POINT('',(101.97499591886,-186.1936782175,
    47.754101081615));
#519 = CARTESIAN_POINT('',(101.77062312584,-186.2920989674,
    48.164131040095));
#520 = CARTESIAN_POINT('',(101.53919256974,-186.4035500492,
    48.561312946464));
#521 = CARTESIAN_POINT('',(101.28201508926,-186.5274001963,
    48.941751868043));
#522 = CARTESIAN_POINT('',(101.00114031685,-186.6626623578,
    49.301938471006));
#523 = CARTESIAN_POINT('',(100.39718188733,-186.9535134083,
    49.975981163219));
#524 = CARTESIAN_POINT('',(100.07409653138,-187.1091031154,
    50.289838016796));
#525 = CARTESIAN_POINT('',(99.732501886066,-187.2736064265,
    50.577613543196));
#526 = CARTESIAN_POINT('',(99.37553785507,-187.4455112436,
    50.836987465333));
#527 = CARTESIAN_POINT('',(99.006704838593,-187.623131863,
    51.066452893022));
#528 = CARTESIAN_POINT('',(98.62955906503,-187.8047556951,
    51.265363987355));
#529 = CARTESIAN_POINT('',(97.865669171815,-188.1726256792,
    51.60217501519));
#530 = CARTESIAN_POINT('',(97.478929516198,-188.3588696815,
    51.740110753152));
#531 = CARTESIAN_POINT('',(97.09068066748,-188.5458404728,
    51.847723160502));
#532 = CARTESIAN_POINT('',(96.70416445618,-188.7319768699,
    51.925855672161));
#533 = CARTESIAN_POINT('',(96.322249874169,-188.9158972392,
    51.975987277389));
#534 = CARTESIAN_POINT('',(95.947327828415,-189.0964501804,52.));
#535 = CARTESIAN_POINT('',(95.581315448369,-189.2727124528,52.));
#536 = ( BOUNDED_SURFACE() B_SPLINE_SURFACE(2,6,(
    (#537,#538,#539,#540,#541,#542,#543,#544,#545,#546,#547,#548,#549
      ,#550,#551,#552,#553)
    ,(#554,#555,#556,#557,#558,#559,#560,#561,#562,#563,#564,#565,#566
      ,#567,#568,#569,#570)
    ,(#571,#572,#573,#574,#575,#576,#577,#578,#579,#580,#581,#582,#583
      ,#584,#585,#586,#587
)),.UNSPECIFIED.,.F.,.F.,.F.) B_SPLINE_SURFACE_WITH_KNOTS((3,3),(7,5,5,7
    ),(0.,146.49984574039),(-8.890959613726,5.471370022829E-02,
    146.55455944062,155.50023275457),.UNSPECIFIED.) 
GEOMETRIC_REPRESENTATION_ITEM() RATIONAL_B_SPLINE_SURFACE((
    (1.,1.,1.,1.,1.,1.,1.,1.,1.,1.,1.,1.,1.,1.,1.,1.,1.)
    ,(0.707222739782,0.707222739782,0.707222739782,0.707222739782
      ,0.707222739782,0.707222739782,0.707222739782,0.707222739782
      ,0.707222739782,0.707222739782,0.707222739782,0.707222739782
      ,0.707222739782,0.707222739782,0.707222739782,0.707222739782
      ,0.707222739782)
    ,(1.,1.,1.,1.,1.,1.,1.,1.,1.,1.,1.,1.,1.,1.,1.,1.,1.
))) REPRESENTATION_ITEM('') SURFACE() );
#537 = CARTESIAN_POINT('',(42.263872349151,-42.983941416,45.063636469923
    ));
#538 = CARTESIAN_POINT('',(42.845682836277,-44.35664355306,
    45.053436469923));
#539 = CARTESIAN_POINT('',(43.427493323402,-45.72934569011,
    45.043236469923));
#540 = CARTESIAN_POINT('',(44.009303810528,-47.10204782716,
    45.033036469923));
#541 = CARTESIAN_POINT('',(44.591114297654,-48.47474996422,
    45.022836469923));
#542 = CARTESIAN_POINT('',(45.172924784779,-49.84745210127,
    45.012636469923));
#543 = CARTESIAN_POINT('',(55.282821489975,-73.70036833379,
    44.835394999247));
#544 = CARTESIAN_POINT('',(64.810907708045,-96.18058242926,
    44.66835352857));
#545 = CARTESIAN_POINT('',(74.338993926115,-118.6607965247,
    44.501312057894));
#546 = CARTESIAN_POINT('',(83.867080144185,-141.1410106201,
    44.334270587218));
#547 = CARTESIAN_POINT('',(93.395166362255,-163.6212247156,
    44.167229116542));
#548 = CARTESIAN_POINT('',(103.50506306745,-187.4741409481,
    43.989987645865));
#549 = CARTESIAN_POINT('',(104.08687355457,-188.8468430852,
    43.979787645865));
#550 = CARTESIAN_POINT('',(104.6686840417,-190.2195452222,
    43.969587645865));
#551 = CARTESIAN_POINT('',(105.25049452882,-191.5922473593,
    43.959387645865));
#552 = CARTESIAN_POINT('',(105.83230501595,-192.9649494963,
    43.949187645865));
#553 = CARTESIAN_POINT('',(106.41411550307,-194.3376516334,
    43.938987645865));
#554 = CARTESIAN_POINT('',(42.28522323251,-43.03431590024,
    53.060825687376));
#555 = CARTESIAN_POINT('',(42.867033719636,-44.4070180373,
    53.050625687376));
#556 = CARTESIAN_POINT('',(43.448844206761,-45.77972017435,
    53.040425687376));
#557 = CARTESIAN_POINT('',(44.030654693887,-47.1524223114,
    53.030225687376));
#558 = CARTESIAN_POINT('',(44.612465181013,-48.52512444846,
    53.020025687376));
#559 = CARTESIAN_POINT('',(45.194275668138,-49.89782658551,
    53.009825687376));
#560 = CARTESIAN_POINT('',(55.304172373334,-73.75074281803,52.8325842167
    ));
#561 = CARTESIAN_POINT('',(64.832258591404,-96.2309569135,
    52.665542746023));
#562 = CARTESIAN_POINT('',(74.360344809474,-118.7111710089,
    52.498501275347));
#563 = CARTESIAN_POINT('',(83.888431027544,-141.1913851044,
    52.331459804671));
#564 = CARTESIAN_POINT('',(93.416517245614,-163.6715991999,
    52.164418333995));
#565 = CARTESIAN_POINT('',(103.52641395081,-187.5245154324,
    51.987176863318));
#566 = CARTESIAN_POINT('',(104.10822443793,-188.8972175694,
    51.976976863318));
#567 = CARTESIAN_POINT('',(104.69003492506,-190.2699197065,
    51.966776863318));
#568 = CARTESIAN_POINT('',(105.27184541218,-191.6426218435,
    51.956576863318));
#569 = CARTESIAN_POINT('',(105.85365589931,-193.0153239806,
    51.946376863318));
#570 = CARTESIAN_POINT('',(106.43546638643,-194.3880261176,
    51.936176863318));
#571 = CARTESIAN_POINT('',(34.921935217195,-46.15521505775,
    53.063448824057));
#572 = CARTESIAN_POINT('',(35.50374570432,-47.5279171948,53.053248824057
    ));
#573 = CARTESIAN_POINT('',(36.085556191446,-48.90061933185,
    53.043048824057));
#574 = CARTESIAN_POINT('',(36.667366678572,-50.2733214689,
    53.032848824057));
#575 = CARTESIAN_POINT('',(37.249177165697,-51.64602360596,
    53.022648824057));
#576 = CARTESIAN_POINT('',(37.830987652823,-53.01872574301,
    53.012448824057));
#577 = CARTESIAN_POINT('',(47.940884358019,-76.87164197553,
    52.835207353381));
#578 = CARTESIAN_POINT('',(57.468970576088,-99.351856071,52.668165882705
    ));
#579 = CARTESIAN_POINT('',(66.997056794159,-121.8320701664,
    52.501124412029));
#580 = CARTESIAN_POINT('',(76.525143012229,-144.3122842619,
    52.334082941352));
#581 = CARTESIAN_POINT('',(86.053229230299,-166.7924983574,
    52.167041470676));
#582 = CARTESIAN_POINT('',(96.163125935494,-190.6454145899,51.9898));
#583 = CARTESIAN_POINT('',(96.74493642262,-192.0181167269,51.9796));
#584 = CARTESIAN_POINT('',(97.326746909746,-193.390818864,51.9694));
#585 = CARTESIAN_POINT('',(97.908557396871,-194.763521001,51.9592));
#586 = CARTESIAN_POINT('',(98.490367883997,-196.1362231381,51.949));
#587 = CARTESIAN_POINT('',(99.072178371122,-197.5089252751,51.9388));
#588 = ADVANCED_FACE('',(#589),#1964,.T.);
#589 = FACE_BOUND('',#590,.T.);
#590 = EDGE_LOOP('',(#591,#654,#663,#670,#671,#694,#703,#787,#826,#903,
    #912,#996,#1035,#1112,#1121,#1205,#1244,#1321,#1330,#1414,#1453,
    #1516,#1525,#1609,#1648,#1711,#1720,#1804,#1841,#1842,#1843,#1927));
#591 = ORIENTED_EDGE('',*,*,#592,.F.);
#592 = EDGE_CURVE('',#593,#595,#597,.T.);
#593 = VERTEX_POINT('',#594);
#594 = CARTESIAN_POINT('',(76.469393559464,0.,49.706054289186));
#595 = VERTEX_POINT('',#596);
#596 = CARTESIAN_POINT('',(70.469130717559,-4.995527454761,
    52.97387717864));
#597 = B_SPLINE_CURVE_WITH_KNOTS('',7,(#598,#599,#600,#601,#602,#603,
    #604,#605,#606,#607,#608,#609,#610,#611,#612,#613,#614,#615,#616,
    #617,#618,#619,#620,#621,#622,#623,#624,#625,#626,#627,#628,#629,
    #630,#631,#632,#633,#634,#635,#636,#637,#638,#639,#640,#641,#642,
    #643,#644,#645,#646,#647,#648,#649,#650,#651,#652,#653),
  .UNSPECIFIED.,.F.,.F.,(8,6,6,6,6,6,6,6,6,8),(0.,0.163067867256,
    0.324397675294,0.489152288596,0.657272190618,0.761884589986,
    0.867098602208,0.93826204004,0.995771736901,1.),.UNSPECIFIED.);
#598 = CARTESIAN_POINT('',(76.469393559464,8.881784197001E-16,
    49.706054289186));
#599 = CARTESIAN_POINT('',(76.363155331922,-8.225764633206E-02,
    49.85209954553));
#600 = CARTESIAN_POINT('',(76.252795497943,-0.167556120481,
    49.995583204438));
#601 = CARTESIAN_POINT('',(76.138411409545,-0.255808951514,
    50.136304379944));
#602 = CARTESIAN_POINT('',(76.020117190411,-0.346917091095,
    50.274070076619));
#603 = CARTESIAN_POINT('',(75.898042863607,-0.440770111236,
    50.408697122078));
#604 = CARTESIAN_POINT('',(75.772333479308,-0.537247402046,
    50.540014099472));
#605 = CARTESIAN_POINT('',(75.515339926862,-0.734136443996,
    50.794349779762));
#606 = CARTESIAN_POINT('',(75.384129399688,-0.834495326506,
    50.917442047607));
#607 = CARTESIAN_POINT('',(75.24967076726,-0.937170718882,
    51.036987122096));
#608 = CARTESIAN_POINT('',(75.112131409777,-1.042028807595,
    51.152845283954));
#609 = CARTESIAN_POINT('',(74.971690934466,-1.148929033071,
    51.264891071494));
#610 = CARTESIAN_POINT('',(74.82854012867,-1.257725859051,
    51.373014296042));
#611 = CARTESIAN_POINT('',(74.534127535371,-1.481161933217,
    51.583437859006));
#612 = CARTESIAN_POINT('',(74.382757909499,-1.595876162691,
    51.685565872903));
#613 = CARTESIAN_POINT('',(74.228985727769,-1.712255073147,
    51.783404783708));
#614 = CARTESIAN_POINT('',(74.073035612253,-1.830136875806,
    51.876872032525));
#615 = CARTESIAN_POINT('',(73.915143099397,-1.949358901361,
    51.965902818516));
#616 = CARTESIAN_POINT('',(73.755555624789,-2.069760351013,
    52.050450100511));
#617 = CARTESIAN_POINT('',(73.430222342528,-2.315089972942,
    52.212153886729));
#618 = CARTESIAN_POINT('',(73.26441783875,-2.44006049984,52.289124099471
    ));
#619 = CARTESIAN_POINT('',(73.097396108171,-2.565930537269,
    52.361363968528));
#620 = CARTESIAN_POINT('',(72.929454096159,-2.692540868245,
    52.428861062574));
#621 = CARTESIAN_POINT('',(72.760904686032,-2.819740351663,
    52.491621212422));
#622 = CARTESIAN_POINT('',(72.5920983509,-2.947394448598,52.549667298825
    ));
#623 = CARTESIAN_POINT('',(72.318543414119,-3.155053035394,
    52.636246883686));
#624 = CARTESIAN_POINT('',(72.213685222453,-3.234841546536,
    52.667645841756));
#625 = CARTESIAN_POINT('',(72.109001647907,-3.314741964813,
    52.697243464587));
#626 = CARTESIAN_POINT('',(72.004613916023,-3.394735477293,
    52.725051180097));
#627 = CARTESIAN_POINT('',(71.900660790107,-3.474809615596,
    52.751082520072));
#628 = CARTESIAN_POINT('',(71.79731561796,-3.554963335431,
    52.775352849746));
#629 = CARTESIAN_POINT('',(71.591733424927,-3.715931511024,
    52.820534622291));
#630 = CARTESIAN_POINT('',(71.489506787846,-3.796746703646,
    52.841425826145));
#631 = CARTESIAN_POINT('',(71.388385609616,-3.877683660576,
    52.860569819886));
#632 = CARTESIAN_POINT('',(71.288685245463,-3.958784683038,
    52.877985115043));
#633 = CARTESIAN_POINT('',(71.190850872724,-4.040130579611,
    52.893690952125));
#634 = CARTESIAN_POINT('',(71.095507508137,-4.121855238744,
    52.907706898736));
#635 = CARTESIAN_POINT('',(70.941818143932,-4.259982080892,
    52.928398243225));
#636 = CARTESIAN_POINT('',(70.881486332364,-4.316018762526,
    52.935981105995));
#637 = CARTESIAN_POINT('',(70.82319113827,-4.372452844514,
    52.942803915512));
#638 = CARTESIAN_POINT('',(70.767420631336,-4.429410625704,
    52.948871144169));
#639 = CARTESIAN_POINT('',(70.714802255714,-4.487056671185,
    52.954186361851));
#640 = CARTESIAN_POINT('',(70.666283542809,-4.545645542477,
    52.958751031722));
#641 = CARTESIAN_POINT('',(70.588035232125,-4.653845881979,
    52.965647820653));
#642 = CARTESIAN_POINT('',(70.556485763632,-4.703022846296,
    52.968240264331));
#643 = CARTESIAN_POINT('',(70.528967256173,-4.753179410738,
    52.970342629795));
#644 = CARTESIAN_POINT('',(70.506143141317,-4.804491030295,
    52.971954534398));
#645 = CARTESIAN_POINT('',(70.488749988405,-4.857151459032,
    52.973075310888));
#646 = CARTESIAN_POINT('',(70.477179440655,-4.911255774744,
    52.97370713456));
#647 = CARTESIAN_POINT('',(70.471006800329,-4.970869231343,
    52.973866488435));
#648 = CARTESIAN_POINT('',(70.470615518965,-4.974959705846,
    52.973874789169));
#649 = CARTESIAN_POINT('',(70.470255703635,-4.979057887193,
    52.973880479132));
#650 = CARTESIAN_POINT('',(70.46992734344,-4.983163766366,
    52.973883560621));
#651 = CARTESIAN_POINT('',(70.469630416338,-4.987277331287,
    52.97388403603));
#652 = CARTESIAN_POINT('',(70.469364889151,-4.991398566818,
    52.973881907842));
#653 = CARTESIAN_POINT('',(70.469130717559,-4.995527454761,
    52.97387717864));
#654 = ORIENTED_EDGE('',*,*,#655,.T.);
#655 = EDGE_CURVE('',#593,#656,#658,.T.);
#656 = VERTEX_POINT('',#657);
#657 = CARTESIAN_POINT('',(70.,0.,53.));
#658 = CIRCLE('',#659,8.);
#659 = AXIS2_PLACEMENT_3D('',#660,#661,#662);
#660 = CARTESIAN_POINT('',(70.,0.,45.));
#661 = DIRECTION('',(0.,-1.,0.));
#662 = DIRECTION('',(1.,0.,0.));
#663 = ORIENTED_EDGE('',*,*,#664,.F.);
#664 = EDGE_CURVE('',#656,#656,#665,.T.);
#665 = CIRCLE('',#666,70.);
#666 = AXIS2_PLACEMENT_3D('',#667,#668,#669);
#667 = CARTESIAN_POINT('',(0.,0.,53.));
#668 = DIRECTION('',(0.,0.,1.));
#669 = DIRECTION('',(1.,0.,-0.));
#670 = ORIENTED_EDGE('',*,*,#655,.F.);
#671 = ORIENTED_EDGE('',*,*,#672,.F.);
#672 = EDGE_CURVE('',#673,#593,#675,.T.);
#673 = VERTEX_POINT('',#674);
#674 = CARTESIAN_POINT('',(77.990657739845,1.207189010222,45.));
#675 = B_SPLINE_CURVE_WITH_KNOTS('',5,(#676,#677,#678,#679,#680,#681,
    #682,#683,#684,#685,#686,#687,#688,#689,#690,#691,#692,#693),
  .UNSPECIFIED.,.F.,.F.,(6,4,4,4,6),(0.,0.252563344198,0.504271063371,
    0.754071349208,1.),.UNSPECIFIED.);
#676 = CARTESIAN_POINT('',(77.990657739845,1.207189010222,45.));
#677 = CARTESIAN_POINT('',(77.990687973648,1.205235750079,
    45.232478801004));
#678 = CARTESIAN_POINT('',(77.982372459805,1.196816258425,
    45.468368781328));
#679 = CARTESIAN_POINT('',(77.965220625291,1.18155352377,45.707154430352
    ));
#680 = CARTESIAN_POINT('',(77.938781889803,1.159107215412,
    45.948214507605));
#681 = CARTESIAN_POINT('',(77.866719426198,1.099414132704,
    46.432632304142));
#682 = CARTESIAN_POINT('',(77.821161025126,1.062217784844,
    46.675979537183));
#683 = CARTESIAN_POINT('',(77.765651177119,1.017356191491,
    46.920169746327));
#684 = CARTESIAN_POINT('',(77.699910358154,0.964637441104,
    47.164404815525));
#685 = CARTESIAN_POINT('',(77.548232462911,0.843770001038,
    47.649412654709));
#686 = CARTESIAN_POINT('',(77.462452210558,0.775741271497,
    47.890197782039));
#687 = CARTESIAN_POINT('',(77.366289422447,0.699801272849,
    48.129352926551));
#688 = CARTESIAN_POINT('',(77.25971222164,0.615965363362,48.365992134286
    ));
#689 = CARTESIAN_POINT('',(77.027766109826,0.43418526179,48.828856289469
    ));
#690 = CARTESIAN_POINT('',(76.902713998827,0.336479831211,
    49.055185984241));
#691 = CARTESIAN_POINT('',(76.767783675838,0.231374021384,
    49.277377827971));
#692 = CARTESIAN_POINT('',(76.623217555483,0.119102136345,
    49.494593071787));
#693 = CARTESIAN_POINT('',(76.469393559464,-1.422906488477E-15,
    49.706054289186));
#694 = ORIENTED_EDGE('',*,*,#695,.T.);
#695 = EDGE_CURVE('',#673,#696,#698,.T.);
#696 = VERTEX_POINT('',#697);
#697 = CARTESIAN_POINT('',(70.79093429241,32.751238480518,45.));
#698 = CIRCLE('',#699,78.);
#699 = AXIS2_PLACEMENT_3D('',#700,#701,#702);
#700 = CARTESIAN_POINT('',(0.,0.,45.));
#701 = DIRECTION('',(0.,0.,1.));
#702 = DIRECTION('',(1.,0.,-0.));
#703 = ORIENTED_EDGE('',*,*,#704,.F.);
#704 = EDGE_CURVE('',#705,#696,#707,.T.);
#705 = VERTEX_POINT('',#706);
#706 = CARTESIAN_POINT('',(61.323014793731,35.076224643589,
    52.97387717864));
#707 = B_SPLINE_CURVE_WITH_KNOTS('',8,(#708,#709,#710,#711,#712,#713,
    #714,#715,#716,#717,#718,#719,#720,#721,#722,#723,#724,#725,#726,
    #727,#728,#729,#730,#731,#732,#733,#734,#735,#736,#737,#738,#739,
    #740,#741,#742,#743,#744,#745,#746,#747,#748,#749,#750,#751,#752,
    #753,#754,#755,#756,#757,#758,#759,#760,#761,#762,#763,#764,#765,
    #766,#767,#768,#769,#770,#771,#772,#773,#774,#775,#776,#777,#778,
    #779,#780,#781,#782,#783,#784,#785,#786),.UNSPECIFIED.,.F.,.F.,(9,7,
    7,7,7,7,7,7,7,7,7,9),(0.,2.958550655082E-02,5.811163681923E-02,
    0.107608388069,0.221635307737,0.334457174808,0.444601065781,
    0.553062152465,0.662398323602,0.77359060305,0.88682055978,1.),
  .UNSPECIFIED.);
#708 = CARTESIAN_POINT('',(61.323014793731,35.076224643589,
    52.97387717864));
#709 = CARTESIAN_POINT('',(61.343681877043,35.038879331389,
    52.973925988535));
#710 = CARTESIAN_POINT('',(61.366950558454,35.003672744398,
    52.973703387532));
#711 = CARTESIAN_POINT('',(61.392853259318,34.970642212662,
    52.973206721031));
#712 = CARTESIAN_POINT('',(61.421339499244,34.939751448798,
    52.972434262404));
#713 = CARTESIAN_POINT('',(61.452266972676,34.910882731991,
    52.971385264795));
#714 = CARTESIAN_POINT('',(61.485437829517,34.883868843988,
    52.97005960417));
#715 = CARTESIAN_POINT('',(61.520642529987,34.858531649816,
    52.968457354547));
#716 = CARTESIAN_POINT('',(61.593378774644,34.811710335468,
    52.964767189896));
#717 = CARTESIAN_POINT('',(61.630782447983,34.790120734261,
    52.96269870004));
#718 = CARTESIAN_POINT('',(61.669699077071,34.769765839554,
    52.960373229234));
#719 = CARTESIAN_POINT('',(61.709948799841,34.75049073368,
    52.957790816076));
#720 = CARTESIAN_POINT('',(61.751368713559,34.73215511601,
    52.954951363786));
#721 = CARTESIAN_POINT('',(61.793818209896,34.7146380295,52.951854580877
    ));
#722 = CARTESIAN_POINT('',(61.837178410513,34.69783735181,
    52.948499973966));
#723 = CARTESIAN_POINT('',(61.957982017887,34.653601154284,
    52.938617700985));
#724 = CARTESIAN_POINT('',(62.037047641703,34.627428129708,
    52.931570417286));
#725 = CARTESIAN_POINT('',(62.118004250822,34.6026830821,52.92374168826)
  );
#726 = CARTESIAN_POINT('',(62.200470312511,34.579043979246,
    52.915126885434));
#727 = CARTESIAN_POINT('',(62.284169366255,34.556282460364,
    52.905720633891));
#728 = CARTESIAN_POINT('',(62.368892319213,34.534230153033,
    52.89551718218));
#729 = CARTESIAN_POINT('',(62.454473755932,34.512757498563,
    52.884510613534));
#730 = CARTESIAN_POINT('',(62.7396133549,34.443404332805,52.845474736052
    ));
#731 = CARTESIAN_POINT('',(62.942297913263,34.397592585743,
    52.81396091909));
#732 = CARTESIAN_POINT('',(63.147220180259,34.353114361504,
    52.778081070088));
#733 = CARTESIAN_POINT('',(63.353644089139,34.309554190436,
    52.737763781564));
#734 = CARTESIAN_POINT('',(63.560940946702,34.266604168986,
    52.692947487215));
#735 = CARTESIAN_POINT('',(63.768659171442,34.224125041769,
    52.643580864123));
#736 = CARTESIAN_POINT('',(63.976379828638,34.182015303673,
    52.589625349911));
#737 = CARTESIAN_POINT('',(64.388898535832,34.098877583394,
    52.473105205813));
#738 = CARTESIAN_POINT('',(64.593702834692,34.057842545037,
    52.410637834921));
#739 = CARTESIAN_POINT('',(64.797789276351,34.017071881222,
    52.343629645913));
#740 = CARTESIAN_POINT('',(65.000832898162,33.976553942226,
    52.272069847719));
#741 = CARTESIAN_POINT('',(65.202527568395,33.936299035094,
    52.195961998494));
#742 = CARTESIAN_POINT('',(65.402577309789,33.896329581043,
    52.115324795329));
#743 = CARTESIAN_POINT('',(65.600693634203,33.856675451406,
    52.030192546968));
#744 = CARTESIAN_POINT('',(65.987854072458,33.779006373254,
    51.853164345699));
#745 = CARTESIAN_POINT('',(66.177001601982,33.740974586584,
    51.761476970485));
#746 = CARTESIAN_POINT('',(66.363782760925,33.70331403797,
    51.665599594315));
#747 = CARTESIAN_POINT('',(66.547945935986,33.666064461074,
    51.565593313477));
#748 = CARTESIAN_POINT('',(66.72924755274,33.629269068965,
    51.461533628234));
#749 = CARTESIAN_POINT('',(66.907453011797,33.592973215716,
    51.35351014095));
#750 = CARTESIAN_POINT('',(67.082337624958,33.557223058015,
    51.241626254219));
#751 = CARTESIAN_POINT('',(67.422419553303,33.48744254057,
    51.012138066159));
#752 = CARTESIAN_POINT('',(67.587724196641,33.453394304056,
    50.894647243021));
#753 = CARTESIAN_POINT('',(67.749397446705,33.419963428037,
    50.773637670433));
#754 = CARTESIAN_POINT('',(67.907246033998,33.387193586488,
    50.649233222345));
#755 = CARTESIAN_POINT('',(68.061088562683,33.355127601425,
    50.521569335091));
#756 = CARTESIAN_POINT('',(68.210756619036,33.32380683779,
    50.390791966701));
#757 = CARTESIAN_POINT('',(68.356095879913,33.293270598323,
    50.257056556197));
#758 = CARTESIAN_POINT('',(68.63897513898,33.233600691711,49.98289586332
    ));
#759 = CARTESIAN_POINT('',(68.776442835159,33.204480319902,
    49.842425231457));
#760 = CARTESIAN_POINT('',(68.909227438212,33.176232096854,
    49.699282762505));
#761 = CARTESIAN_POINT('',(69.037202001154,33.148890957634,
    49.553644634383));
#762 = CARTESIAN_POINT('',(69.160255913871,33.122488779457,
    49.405693980225));
#763 = CARTESIAN_POINT('',(69.278295315449,33.0970540826,49.255619340859
    ));
#764 = CARTESIAN_POINT('',(69.391243506495,33.072611731313,
    49.103613117287));
#765 = CARTESIAN_POINT('',(69.608669210046,33.025355802066,
    48.79351696173));
#766 = CARTESIAN_POINT('',(69.712970422003,33.002576908415,
    48.635367447041));
#767 = CARTESIAN_POINT('',(69.811882340476,32.980868104342,
    48.475626309125));
#768 = CARTESIAN_POINT('',(69.905361160761,32.960247302349,
    48.314500564427));
#769 = CARTESIAN_POINT('',(69.993381360079,32.940728190499,
    48.152197792097));
#770 = CARTESIAN_POINT('',(70.075935127338,32.922320246057,
    47.988924510265));
#771 = CARTESIAN_POINT('',(70.153031792901,32.90502874911,
    47.824884552317));
#772 = CARTESIAN_POINT('',(70.297676044226,32.872384444161,
    47.492653792162));
#773 = CARTESIAN_POINT('',(70.365022745888,32.85707297225,
    47.324441912884));
#774 = CARTESIAN_POINT('',(70.42676436231,32.842921665099,
    47.155852763564));
#775 = CARTESIAN_POINT('',(70.482945597287,32.829927342434,
    46.987092440046));
#776 = CARTESIAN_POINT('',(70.533627451069,32.81808265084,
    46.818360997818));
#777 = CARTESIAN_POINT('',(70.578885811975,32.807376355511,
    46.649851274015));
#778 = CARTESIAN_POINT('',(70.618810048015,32.797793632008,
    46.48174770944));
#779 = CARTESIAN_POINT('',(70.688177671689,32.780842866068,
    46.146777370355));
#780 = CARTESIAN_POINT('',(70.717625698484,32.773473846975,
    45.979910035431));
#781 = CARTESIAN_POINT('',(70.741946891242,32.767191252382,
    45.813798143498));
#782 = CARTESIAN_POINT('',(70.761254338888,32.761973795793,
    45.64860706367));
#783 = CARTESIAN_POINT('',(70.775671402557,32.757797348927,
    45.484492164559));
#784 = CARTESIAN_POINT('',(70.785330111223,32.754635338069,
    45.321598422365));
#785 = CARTESIAN_POINT('',(70.790369557329,32.752459140433,
    45.160060028965));
#786 = CARTESIAN_POINT('',(70.79093429241,32.751238480517,45.));
#787 = ORIENTED_EDGE('',*,*,#788,.F.);
#788 = EDGE_CURVE('',#789,#705,#791,.T.);
#789 = VERTEX_POINT('',#790);
#790 = CARTESIAN_POINT('',(47.842444983913,51.980324514194,
    52.97387717864));
#791 = B_SPLINE_CURVE_WITH_KNOTS('',5,(#792,#793,#794,#795,#796,#797,
    #798,#799,#800,#801,#802,#803,#804,#805,#806,#807,#808,#809,#810,
    #811,#812,#813,#814,#815,#816,#817,#818,#819,#820,#821,#822,#823,
    #824,#825),.UNSPECIFIED.,.F.,.F.,(6,4,4,4,4,4,4,4,6),(0.,
    0.124082905037,0.247797775406,0.371191805937,0.494386485865,
    0.617616256264,0.74095568179,0.864645388834,1.),.UNSPECIFIED.);
#792 = CARTESIAN_POINT('',(47.783884189553,52.032650806089,
    52.973967314005));
#793 = CARTESIAN_POINT('',(48.19190475626,51.668523536812,
    52.973337357254));
#794 = CARTESIAN_POINT('',(48.595442500974,51.30048613892,52.97274810418
    ));
#795 = CARTESIAN_POINT('',(48.994531892202,50.928602755685,
    52.97219909628));
#796 = CARTESIAN_POINT('',(49.389199351774,50.552927763311,
    52.971689959852));
#797 = CARTESIAN_POINT('',(50.168569620173,49.795209158766,
    52.970752244854));
#798 = CARTESIAN_POINT('',(50.553298709766,49.413188119779,
    52.970323429151));
#799 = CARTESIAN_POINT('',(50.933669017702,49.027487276217,
    52.969933669294));
#800 = CARTESIAN_POINT('',(51.309693399126,48.638144847923,
    52.969582733224));
#801 = CARTESIAN_POINT('',(52.052100818681,47.853259531658,
    52.968958969505));
#802 = CARTESIAN_POINT('',(52.418506396729,47.457735533906,
    52.968685940482));
#803 = CARTESIAN_POINT('',(52.780603089116,47.058652403623,
    52.968451184784));
#804 = CARTESIAN_POINT('',(53.138393492861,46.656037137864,
    52.968254573212));
#805 = CARTESIAN_POINT('',(53.844786469872,45.844442954557,
    52.967937726829));
#806 = CARTESIAN_POINT('',(54.193402953491,45.435475476485,
    52.967817368676));
#807 = CARTESIAN_POINT('',(54.537722963104,45.023031782684,
    52.967734863288));
#808 = CARTESIAN_POINT('',(54.877740037924,44.607130216743,
    52.967690166927));
#809 = CARTESIAN_POINT('',(55.549242105791,43.768320808335,
    52.96767638374));
#810 = CARTESIAN_POINT('',(55.880724595225,43.345411065673,
    52.967707318435));
#811 = CARTESIAN_POINT('',(56.207879874306,42.9190705332,52.967776076498
    ));
#812 = CARTESIAN_POINT('',(56.530692349677,42.489310236321,
    52.967882694349));
#813 = CARTESIAN_POINT('',(57.167874400252,41.622579707801,
    52.968171931735));
#814 = CARTESIAN_POINT('',(57.48223610762,41.185603427374,
    52.968354619233));
#815 = CARTESIAN_POINT('',(57.792206525332,40.74521645663,
    52.968575387411));
#816 = CARTESIAN_POINT('',(58.09775981157,40.301422904392,
    52.968834357104));
#817 = CARTESIAN_POINT('',(58.700824458969,39.405753838258,
    52.969429874921));
#818 = CARTESIAN_POINT('',(58.998310326427,38.95385893516,
    52.969766642365));
#819 = CARTESIAN_POINT('',(59.291290692819,38.498539384498,
    52.970142161695));
#820 = CARTESIAN_POINT('',(59.579726805011,38.039791897804,
    52.970556654479));
#821 = CARTESIAN_POINT('',(60.174187342347,37.071839057448,
    52.971506933667));
#822 = CARTESIAN_POINT('',(60.479304960836,36.561955282963,
    52.972050473212));
#823 = CARTESIAN_POINT('',(60.778864529039,36.047947713455,
    52.972641386748));
#824 = CARTESIAN_POINT('',(61.072793002125,35.529800806187,
    52.973280131808));
#825 = CARTESIAN_POINT('',(61.360998153585,35.007488395265,
    52.973967314005));
#826 = ORIENTED_EDGE('',*,*,#827,.F.);
#827 = EDGE_CURVE('',#828,#789,#830,.T.);
#828 = VERTEX_POINT('',#829);
#829 = CARTESIAN_POINT('',(47.682561367567,61.728221596189,45.));
#830 = B_SPLINE_CURVE_WITH_KNOTS('',8,(#831,#832,#833,#834,#835,#836,
    #837,#838,#839,#840,#841,#842,#843,#844,#845,#846,#847,#848,#849,
    #850,#851,#852,#853,#854,#855,#856,#857,#858,#859,#860,#861,#862,
    #863,#864,#865,#866,#867,#868,#869,#870,#871,#872,#873,#874,#875,
    #876,#877,#878,#879,#880,#881,#882,#883,#884,#885,#886,#887,#888,
    #889,#890,#891,#892,#893,#894,#895,#896,#897,#898,#899,#900,#901,
    #902),.UNSPECIFIED.,.F.,.F.,(9,7,7,7,7,7,7,7,7,7,9),(0.,
    0.117996632388,0.236003966699,0.351596736804,0.465003684803,
    0.57818583098,0.693226195263,0.811411807256,0.929420196866,
    0.971618651607,1.),.UNSPECIFIED.);
#831 = CARTESIAN_POINT('',(47.682561367567,61.728221596189,45.));
#832 = CARTESIAN_POINT('',(47.683671063251,61.727364401033,
    45.16687296537));
#833 = CARTESIAN_POINT('',(47.684711045766,61.721534286929,
    45.335352817874));
#834 = CARTESIAN_POINT('',(47.685678314297,61.710563921192,
    45.505300180643));
#835 = CARTESIAN_POINT('',(47.686569397861,61.694292691808,
    45.676562440278));
#836 = CARTESIAN_POINT('',(47.687380320096,61.672568743644,
    45.848974249435));
#837 = CARTESIAN_POINT('',(47.688106564046,61.645251014667,
    46.022358029427));
#838 = CARTESIAN_POINT('',(47.68874303695,61.612211272156,
    46.196524472807));
#839 = CARTESIAN_POINT('',(47.689825082169,61.534457499832,
    46.546037468267));
#840 = CARTESIAN_POINT('',(47.690270633377,61.489742452356,
    46.72138418104));
#841 = CARTESIAN_POINT('',(47.690615020592,61.439077464175,
    46.897113037339));
#842 = CARTESIAN_POINT('',(47.69085194594,61.382364108072,
    47.073012732282));
#843 = CARTESIAN_POINT('',(47.690974523765,61.319520795726,
    47.248862310367));
#844 = CARTESIAN_POINT('',(47.690975322663,61.250484501515,
    47.42443267279));
#845 = CARTESIAN_POINT('',(47.69084640751,61.17521248632,47.599488084767
    ));
#846 = CARTESIAN_POINT('',(47.690317819142,61.013823721399,
    47.944520913017));
#847 = CARTESIAN_POINT('',(47.68992373832,60.927960377395,
    48.114529066844));
#848 = CARTESIAN_POINT('',(47.689389302347,60.836074036589,
    48.28358606148));
#849 = CARTESIAN_POINT('',(47.688706241347,60.738165145211,
    48.451461379428));
#850 = CARTESIAN_POINT('',(47.68786600281,60.634255098101,
    48.617922079884));
#851 = CARTESIAN_POINT('',(47.686859902154,60.524386788359,
    48.782734810077));
#852 = CARTESIAN_POINT('',(47.685679273278,60.408625157002,
    48.945667816612));
#853 = CARTESIAN_POINT('',(47.682977751234,60.167789128937,
    49.26427694534));
#854 = CARTESIAN_POINT('',(47.681463712607,60.042932160275,
    49.420032163857));
#855 = CARTESIAN_POINT('',(47.679765540808,59.912568913322,
    49.573543167929));
#856 = CARTESIAN_POINT('',(47.677875422518,59.776802309989,
    49.724598198018));
#857 = CARTESIAN_POINT('',(47.675785952714,59.635755385044,
    49.872990991437));
#858 = CARTESIAN_POINT('',(47.673490393843,59.489570553751,
    50.018522594309));
#859 = CARTESIAN_POINT('',(47.670982934995,59.3384088795,50.161003173521
    ));
#860 = CARTESIAN_POINT('',(47.6655403668,59.026798955435,50.439228453121
    ));
#861 = CARTESIAN_POINT('',(47.66260609518,58.866369597509,
    50.574986037151));
#862 = CARTESIAN_POINT('',(47.659451665681,58.701338764724,
    50.707348446478));
#863 = CARTESIAN_POINT('',(47.656073695673,58.531901408966,
    50.836148641111));
#864 = CARTESIAN_POINT('',(47.652470383975,58.358268338824,
    50.961231805116));
#865 = CARTESIAN_POINT('',(47.648642004395,58.180664621458,
    51.082456476387));
#866 = CARTESIAN_POINT('',(47.644591399269,57.999327984468,
    51.199695676402));
#867 = CARTESIAN_POINT('',(47.635987492581,57.62665207411,
    51.427837968531));
#868 = CARTESIAN_POINT('',(47.631427096608,57.435197422479,
    51.538605382374));
#869 = CARTESIAN_POINT('',(47.626649479122,57.240404291331,
    51.645023118144));
#870 = CARTESIAN_POINT('',(47.62166469278,57.042545652736,
    51.746990272499));
#871 = CARTESIAN_POINT('',(47.616486927382,56.841904105183,
    51.844422894224));
#872 = CARTESIAN_POINT('',(47.61113591132,56.638770380518,51.93725429738
    ));
#873 = CARTESIAN_POINT('',(47.605639435943,56.43344267501,
    52.025434995502));
#874 = CARTESIAN_POINT('',(47.594281397112,56.013345572681,
    52.194712365357));
#875 = CARTESIAN_POINT('',(47.588413886391,55.798471500003,
    52.275549431359));
#876 = CARTESIAN_POINT('',(47.582478192933,55.581936779776,
    52.351407983072));
#877 = CARTESIAN_POINT('',(47.576529239149,55.364080878067,
    52.422271217573));
#878 = CARTESIAN_POINT('',(47.570645236983,55.145256411224,
    52.488140460837));
#879 = CARTESIAN_POINT('',(47.564929793745,54.925828168448,
    52.549034319715));
#880 = CARTESIAN_POINT('',(47.55953244974,54.706185478925,
    52.604987375159));
#881 = CARTESIAN_POINT('',(47.549906898715,54.267719759162,
    52.707032589746));
#882 = CARTESIAN_POINT('',(47.545678305845,54.048903468,52.753137856534)
  );
#883 = CARTESIAN_POINT('',(47.542284413354,53.830785264217,
    52.794414591675));
#884 = CARTESIAN_POINT('',(47.54013768135,53.61391704068,52.830925143113
    ));
#885 = CARTESIAN_POINT('',(47.539729013411,53.398898137487,
    52.862744148482));
#886 = CARTESIAN_POINT('',(47.542186189607,53.186770219228,
    52.88995199445));
#887 = CARTESIAN_POINT('',(47.548863571316,52.978724656944,
    52.912638754968));
#888 = CARTESIAN_POINT('',(47.570794729382,52.707184258764,
    52.937387252699));
#889 = CARTESIAN_POINT('',(47.577783398378,52.636689599308,
    52.943335887242));
#890 = CARTESIAN_POINT('',(47.586222727563,52.567402039043,
    52.948717507778));
#891 = CARTESIAN_POINT('',(47.596421469539,52.499551293248,
    52.953534498538));
#892 = CARTESIAN_POINT('',(47.608760197238,52.433419881086,
    52.957788620792));
#893 = CARTESIAN_POINT('',(47.623740886646,52.369378447081,
    52.961480658768));
#894 = CARTESIAN_POINT('',(47.641994803594,52.307891323436,
    52.964610388953));
#895 = CARTESIAN_POINT('',(47.679066169651,52.21010809442,
    52.968904299396));
#896 = CARTESIAN_POINT('',(47.695741885595,52.172155782682,
    52.970376516458));
#897 = CARTESIAN_POINT('',(47.714379488789,52.135715522313,
    52.971594195489));
#898 = CARTESIAN_POINT('',(47.735170981327,52.100931004955,
    52.972557302495));
#899 = CARTESIAN_POINT('',(47.758292480046,52.067934950932,
    52.973266014569));
#900 = CARTESIAN_POINT('',(47.783866156565,52.036821651208,
    52.973721061155));
#901 = CARTESIAN_POINT('',(47.811929797921,52.007625019935,
    52.973924001557));
#902 = CARTESIAN_POINT('',(47.842444983913,51.980324514194,
    52.97387717864));
#903 = ORIENTED_EDGE('',*,*,#904,.T.);
#904 = EDGE_CURVE('',#828,#905,#907,.T.);
#905 = VERTEX_POINT('',#906);
#906 = CARTESIAN_POINT('',(18.531476261482,75.766644293978,45.));
#907 = CIRCLE('',#908,78.);
#908 = AXIS2_PLACEMENT_3D('',#909,#910,#911);
#909 = CARTESIAN_POINT('',(0.,0.,45.));
#910 = DIRECTION('',(0.,0.,1.));
#911 = DIRECTION('',(1.,0.,-0.));
#912 = ORIENTED_EDGE('',*,*,#913,.F.);
#913 = EDGE_CURVE('',#914,#905,#916,.T.);
#914 = VERTEX_POINT('',#915);
#915 = CARTESIAN_POINT('',(10.810577630644,69.813931918575,
    52.97387717864));
#916 = B_SPLINE_CURVE_WITH_KNOTS('',8,(#917,#918,#919,#920,#921,#922,
    #923,#924,#925,#926,#927,#928,#929,#930,#931,#932,#933,#934,#935,
    #936,#937,#938,#939,#940,#941,#942,#943,#944,#945,#946,#947,#948,
    #949,#950,#951,#952,#953,#954,#955,#956,#957,#958,#959,#960,#961,
    #962,#963,#964,#965,#966,#967,#968,#969,#970,#971,#972,#973,#974,
    #975,#976,#977,#978,#979,#980,#981,#982,#983,#984,#985,#986,#987,
    #988,#989,#990,#991,#992,#993,#994,#995),.UNSPECIFIED.,.F.,.F.,(9,7,
    7,7,7,7,7,7,7,7,7,9),(0.,2.958550655022E-02,5.811163681811E-02,
    0.107608388067,0.221635307734,0.334457174805,0.444601065779,
    0.553062152463,0.662398323601,0.773590603049,0.88682055978,1.),
  .UNSPECIFIED.);
#917 = CARTESIAN_POINT('',(10.810577630644,69.813931918576,
    52.97387717864));
#918 = CARTESIAN_POINT('',(10.852661087125,69.806805673656,
    52.973925988535));
#919 = CARTESIAN_POINT('',(10.894694490787,69.80304691339,
    52.973703387532));
#920 = CARTESIAN_POINT('',(10.93666887021,69.802704260721,
    52.973206721032));
#921 = CARTESIAN_POINT('',(10.978581122003,69.805715623671,
    52.972434262404));
#922 = CARTESIAN_POINT('',(11.020434557944,69.81189634555,
    52.971385264794));
#923 = CARTESIAN_POINT('',(11.062236557008,69.820987482052,
    52.97005960417));
#924 = CARTESIAN_POINT('',(11.103995744809,69.832714143035,
    52.968457354547));
#925 = CARTESIAN_POINT('',(11.185952429186,69.86038901702,
    52.964767189896));
#926 = CARTESIAN_POINT('',(11.226152667982,69.876171490217,
    52.96269870004));
#927 = CARTESIAN_POINT('',(11.266330886846,69.893906666762,
    52.960373229234));
#928 = CARTESIAN_POINT('',(11.306496063121,69.913357335242,
    52.957790816076));
#929 = CARTESIAN_POINT('',(11.346656320062,69.934308657159,
    52.954951363786));
#930 = CARTESIAN_POINT('',(11.386818557838,69.956575285014,
    52.951854580877));
#931 = CARTESIAN_POINT('',(11.426988499474,69.980000603738,
    52.948499973966));
#932 = CARTESIAN_POINT('',(11.536893568589,70.046867849149,
    52.938617700985));
#933 = CARTESIAN_POINT('',(11.606653073321,70.092365229122,
    52.931570417286));
#934 = CARTESIAN_POINT('',(11.676475150755,70.140231370015,
    52.92374168826));
#935 = CARTESIAN_POINT('',(11.746373694046,70.189967193723,
    52.915126885434));
#936 = CARTESIAN_POINT('',(11.816354872532,70.241214174096,
    52.905720633891));
#937 = CARTESIAN_POINT('',(11.886419957817,70.293703857277,
    52.89551718218));
#938 = CARTESIAN_POINT('',(11.956567108116,70.347226137739,
    52.884510613534));
#939 = CARTESIAN_POINT('',(12.188571228579,70.526916261534,
    52.845474736052));
#940 = CARTESIAN_POINT('',(12.350760049824,70.656818273169,
    52.81396091909));
#941 = CARTESIAN_POINT('',(12.513301469487,70.789301233762,
    52.77808107009));
#942 = CARTESIAN_POINT('',(12.676061384618,70.923530622005,
    52.737763781564));
#943 = CARTESIAN_POINT('',(12.838888540248,71.058822931129,
    52.692947487213));
#944 = CARTESIAN_POINT('',(13.001610254013,71.194738276081,
    52.643580864125));
#945 = CARTESIAN_POINT('',(13.164044684383,71.330885833183,
    52.589625349911));
#946 = CARTESIAN_POINT('',(13.486245578487,71.601570424829,
    52.473105205813));
#947 = CARTESIAN_POINT('',(13.646021455075,71.736107945488,
    52.410637834921));
#948 = CARTESIAN_POINT('',(13.805143058679,71.870249057618,
    52.343629645913));
#949 = CARTESIAN_POINT('',(13.963416886522,72.003732431708,
    52.272069847719));
#950 = CARTESIAN_POINT('',(14.120644010221,72.13632515067,
    52.195961998494));
#951 = CARTESIAN_POINT('',(14.276622361359,72.267809789565,
    52.115324795329));
#952 = CARTESIAN_POINT('',(14.431148716173,72.397979423753,
    52.030192546968));
#953 = CARTESIAN_POINT('',(14.733263431622,72.652247764999,
    51.853164345699));
#954 = CARTESIAN_POINT('',(14.88092943548,72.776416827277,
    51.761476970485));
#955 = CARTESIAN_POINT('',(15.026829785814,72.898967249677,
    51.665599594315));
#956 = CARTESIAN_POINT('',(15.170776539268,73.019727086533,
    51.565593313477));
#957 = CARTESIAN_POINT('',(15.312584044335,73.138532846598,
    51.461533628234));
#958 = CARTESIAN_POINT('',(15.452070571445,73.255229390486,
    51.35351014095));
#959 = CARTESIAN_POINT('',(15.589059943048,73.369669828113,
    51.241626254219));
#960 = CARTESIAN_POINT('',(15.855654162568,73.592049145315,
    51.012138066159));
#961 = CARTESIAN_POINT('',(15.985339905119,73.700060791439,
    50.894647243021));
#962 = CARTESIAN_POINT('',(16.112278839125,73.805618217946,
    50.773637670433));
#963 = CARTESIAN_POINT('',(16.236316317339,73.908597550941,
    50.649233222345));
#964 = CARTESIAN_POINT('',(16.357305761704,74.008883668535,
    50.521569335091));
#965 = CARTESIAN_POINT('',(16.475109827569,74.106370690199,
    50.390791966701));
#966 = CARTESIAN_POINT('',(16.589601567907,74.200962466097,
    50.257056556197));
#967 = CARTESIAN_POINT('',(16.812625712638,74.384922798322,
    49.98289586332));
#968 = CARTESIAN_POINT('',(16.921102642752,74.474243116169,
    49.842425231457));
#969 = CARTESIAN_POINT('',(17.025977838703,74.560445820231,
    49.699282762505));
#970 = CARTESIAN_POINT('',(17.127144837003,74.643453441019,
    49.553644634383));
#971 = CARTESIAN_POINT('',(17.224509750765,74.723199375182,
    49.405693980225));
#972 = CARTESIAN_POINT('',(17.317991760616,74.799628021404,
    49.255619340859));
#973 = CARTESIAN_POINT('',(17.407523605614,74.87269491629,
    49.103613117287));
#974 = CARTESIAN_POINT('',(17.580032487658,75.013221586461,
    48.79351696173));
#975 = CARTESIAN_POINT('',(17.662872485827,75.08056514974,
    48.635367447041));
#976 = CARTESIAN_POINT('',(17.741515684748,75.144362383644,
    48.475626309125));
#977 = CARTESIAN_POINT('',(17.815920768078,75.204590208537,
    48.314500564427));
#978 = CARTESIAN_POINT('',(17.886061120864,75.261237204277,
    48.152197792098));
#979 = CARTESIAN_POINT('',(17.951924463348,75.314303172883,
    47.988924510265));
#980 = CARTESIAN_POINT('',(18.013512484775,75.36379870121,
    47.824884552317));
#981 = CARTESIAN_POINT('',(18.129219045706,75.456532739428,
    47.492653792163));
#982 = CARTESIAN_POINT('',(18.183180018165,75.49963996444,
    47.324441912884));
#983 = CARTESIAN_POINT('',(18.232739223803,75.539088308245,
    47.155852763563));
#984 = CARTESIAN_POINT('',(18.277927021419,75.574910738811,
    46.987092440046));
#985 = CARTESIAN_POINT('',(18.31878719318,75.607150363273,
    46.818360997818));
#986 = CARTESIAN_POINT('',(18.355375838402,75.635859508721,
    46.649851274015));
#987 = CARTESIAN_POINT('',(18.387760267343,75.661098802992,
    46.48174770944));
#988 = CARTESIAN_POINT('',(18.444262915747,75.704763965347,
    46.146777370354));
#989 = CARTESIAN_POINT('',(18.46838479126,75.723192851538,
    45.979910035431));
#990 = CARTESIAN_POINT('',(18.488460737158,75.738290792069,
    45.813798143499));
#991 = CARTESIAN_POINT('',(18.504577905685,75.75013293151,45.64860706367
    ));
#992 = CARTESIAN_POINT('',(18.5168320755,75.758800673742,45.484492164559
    ));
#993 = CARTESIAN_POINT('',(18.52532634149,75.764380674734,
    45.321598422365));
#994 = CARTESIAN_POINT('',(18.530169804567,75.766963835321,
    45.160060028965));
#995 = CARTESIAN_POINT('',(18.531476261482,75.766644293978,45.));
#996 = ORIENTED_EDGE('',*,*,#997,.F.);
#997 = EDGE_CURVE('',#998,#914,#1000,.T.);
#998 = VERTEX_POINT('',#999);
#999 = CARTESIAN_POINT('',(-10.81057763064,69.813931918576,
    52.97387717864));
#1000 = B_SPLINE_CURVE_WITH_KNOTS('',5,(#1001,#1002,#1003,#1004,#1005,
    #1006,#1007,#1008,#1009,#1010,#1011,#1012,#1013,#1014,#1015,#1016,
    #1017,#1018,#1019,#1020,#1021,#1022,#1023,#1024,#1025,#1026,#1027,
    #1028,#1029,#1030,#1031,#1032,#1033,#1034),.UNSPECIFIED.,.F.,.F.,(6,
    4,4,4,4,4,4,4,6),(0.,0.124082905037,0.247797775406,0.371191805936,
    0.494386485864,0.617616256264,0.740955681789,0.864645388833,1.),
  .UNSPECIFIED.);
#1001 = CARTESIAN_POINT('',(-10.88800003108,69.800772155272,
    52.973967314005));
#1002 = CARTESIAN_POINT('',(-10.34891720604,69.892745840845,
    52.973337357254));
#1003 = CARTESIAN_POINT('',(-9.809572313153,69.978776789738,
    52.97274810418));
#1004 = CARTESIAN_POINT('',(-9.269994010874,70.058931943192,
    52.97219909628));
#1005 = CARTESIAN_POINT('',(-8.730208338491,70.133265861632,
    52.971689959852));
#1006 = CARTESIAN_POINT('',(-7.651870664388,70.270172251353,
    52.970752244854));
#1007 = CARTESIAN_POINT('',(-7.113319925304,70.332779343914,
    52.970323429151));
#1008 = CARTESIAN_POINT('',(-6.574609855064,70.389684283125,
    52.969933669294));
#1009 = CARTESIAN_POINT('',(-6.035762320095,70.440920949227,
    52.969582733224));
#1010 = CARTESIAN_POINT('',(-4.959230814796,70.531990452333,
    52.968958969505));
#1011 = CARTESIAN_POINT('',(-4.421547560024,70.571852689613,
    52.968685940482));
#1012 = CARTESIAN_POINT('',(-3.883768209657,70.606127021593,
    52.968451184784));
#1013 = CARTESIAN_POINT('',(-3.345912251626,70.634832311094,
    52.968254573212));
#1014 = CARTESIAN_POINT('',(-2.270953550858,70.681091882976,
    52.967937726829));
#1015 = CARTESIAN_POINT('',(-1.733851078899,70.698664173306,
    52.967817368676));
#1016 = CARTESIAN_POINT('',(-1.196709599771,70.71070995994,
    52.967734863288));
#1017 = CARTESIAN_POINT('',(-0.659547483302,70.71723562867,
    52.967690166927));
#1018 = CARTESIAN_POINT('',(0.414934811224,70.719247974024,
    52.96767638374));
#1019 = CARTESIAN_POINT('',(0.952254913937,70.714731508494,
    52.967707318435));
#1020 = CARTESIAN_POINT('',(1.489559344608,70.70469283122,
    52.967776076499));
#1021 = CARTESIAN_POINT('',(2.026829760929,70.68912662505,
    52.967882694349));
#1022 = CARTESIAN_POINT('',(3.101743485403,70.646897966761,
    52.968171931735));
#1023 = CARTESIAN_POINT('',(3.639386617172,70.620225591964,
    52.968354619233));
#1024 = CARTESIAN_POINT('',(4.17695840969,70.587993438035,
    52.968575387411));
#1025 = CARTESIAN_POINT('',(4.71443953844,70.550183862835,
    52.968834357104));
#1026 = CARTESIAN_POINT('',(5.790706469731,70.463238261561,
    52.969429874921));
#1027 = CARTESIAN_POINT('',(6.329491536297,70.414070214735,
    52.969766642365));
#1028 = CARTESIAN_POINT('',(6.868144966178,70.359244392501,
    52.970142161695));
#1029 = CARTESIAN_POINT('',(7.406645168218,70.298728446112,
    52.970556654479));
#1030 = CARTESIAN_POINT('',(8.53406125499,70.159987684644,
    52.971506933667));
#1031 = CARTESIAN_POINT('',(9.122942165775,70.08063091111,
    52.972050473212));
#1032 = CARTESIAN_POINT('',(9.71158180167,69.994357534738,
    52.972641386748));
#1033 = CARTESIAN_POINT('',(10.299946771758,69.901100756045,
    52.973280131808));
#1034 = CARTESIAN_POINT('',(10.888000031081,69.800772155272,
    52.973967314005));
#1035 = ORIENTED_EDGE('',*,*,#1036,.F.);
#1036 = EDGE_CURVE('',#1037,#998,#1039,.T.);
#1037 = VERTEX_POINT('',#1038);
#1038 = CARTESIAN_POINT('',(-18.53147626148,75.766644293978,45.));
#1039 = B_SPLINE_CURVE_WITH_KNOTS('',8,(#1040,#1041,#1042,#1043,#1044,
    #1045,#1046,#1047,#1048,#1049,#1050,#1051,#1052,#1053,#1054,#1055,
    #1056,#1057,#1058,#1059,#1060,#1061,#1062,#1063,#1064,#1065,#1066,
    #1067,#1068,#1069,#1070,#1071,#1072,#1073,#1074,#1075,#1076,#1077,
    #1078,#1079,#1080,#1081,#1082,#1083,#1084,#1085,#1086,#1087,#1088,
    #1089,#1090,#1091,#1092,#1093,#1094,#1095,#1096,#1097,#1098,#1099,
    #1100,#1101,#1102,#1103,#1104,#1105,#1106,#1107,#1108,#1109,#1110,
    #1111),.UNSPECIFIED.,.F.,.F.,(9,7,7,7,7,7,7,7,7,7,9),(0.,
    0.117996632387,0.236003966698,0.351596736802,0.4650036848,
    0.578185830976,0.693226195259,0.811411807253,0.929420196866,
    0.971618651607,1.),.UNSPECIFIED.);
#1040 = CARTESIAN_POINT('',(-18.53147626148,75.766644293978,45.));
#1041 = CARTESIAN_POINT('',(-18.53011419538,75.766977436561,
    45.16687296537));
#1042 = CARTESIAN_POINT('',(-18.52490761013,75.764155510945,
    45.335352817874));
#1043 = CARTESIAN_POINT('',(-18.51572755076,75.758071840775,
    45.505300180643));
#1044 = CARTESIAN_POINT('',(-18.50245060985,75.748623572375,
    45.676562440278));
#1045 = CARTESIAN_POINT('',(-18.48496054151,75.735712916771,
    45.848974249435));
#1046 = CARTESIAN_POINT('',(-18.46314987527,75.719248391728,
    46.022358029427));
#1047 = CARTESIAN_POINT('',(-18.43692153004,75.69914606377,
    46.196524472807));
#1048 = CARTESIAN_POINT('',(-18.3754565388,75.651513356689,
    46.546037468267));
#1049 = CARTESIAN_POINT('',(-18.3402191103,75.623982326559,
    46.72138418104));
#1050 = CARTESIAN_POINT('',(-18.30039290557,75.592662475883,
    46.897113037339));
#1051 = CARTESIAN_POINT('',(-18.25590489775,75.55748751242,
    47.073012732282));
#1052 = CARTESIAN_POINT('',(-18.20669559167,75.51840118326,
    47.248862310367));
#1053 = CARTESIAN_POINT('',(-18.15272034532,75.475358382465,
    47.42443267279));
#1054 = CARTESIAN_POINT('',(-18.09395069138,75.4283262587,
    47.599488084767));
#1055 = CARTESIAN_POINT('',(-17.9681014435,75.32728874261,
    47.944520913018));
#1056 = CARTESIAN_POINT('',(-17.90121648334,75.273445718477,
    48.114529066844));
#1057 = CARTESIAN_POINT('',(-17.82971006467,75.215737683185,
    48.28358606148));
#1058 = CARTESIAN_POINT('',(-17.75358769255,75.154158449305,
    48.451461379428));
#1059 = CARTESIAN_POINT('',(-17.67287142653,75.08871466968,
    48.617922079884));
#1060 = CARTESIAN_POINT('',(-17.58760021655,75.019426297841,
    48.782734810077));
#1061 = CARTESIAN_POINT('',(-17.49783023876,74.94632704842,
    48.945667816612));
#1062 = CARTESIAN_POINT('',(-17.31122142134,74.794056106016,
    49.264276945339));
#1063 = CARTESIAN_POINT('',(-17.21454830008,74.715025336301,
    49.420032163857));
#1064 = CARTESIAN_POINT('',(-17.11368500226,74.632417497113,
    49.573543167929));
#1065 = CARTESIAN_POINT('',(-17.00871686698,74.546290650517,
    49.724598198018));
#1066 = CARTESIAN_POINT('',(-16.89974470367,74.456715717956,
    49.872990991437));
#1067 = CARTESIAN_POINT('',(-16.78688405785,74.363776226263,
    50.018522594309));
#1068 = CARTESIAN_POINT('',(-16.670264477,74.267568053667,
    50.161003173521));
#1069 = CARTESIAN_POINT('',(-16.43003141388,74.069027272694,
    50.439228453121));
#1070 = CARTESIAN_POINT('',(-16.30643217957,73.966707098178,
    50.574986037151));
#1071 = CARTESIAN_POINT('',(-16.17937263355,73.861345824653,
    50.707348446479));
#1072 = CARTESIAN_POINT('',(-16.04900730436,73.753062357985,
    50.836148641111));
#1073 = CARTESIAN_POINT('',(-15.91550213182,73.641986726959,
    50.961231805116));
#1074 = CARTESIAN_POINT('',(-15.77903290981,73.528259472727,
    51.082456476387));
#1075 = CARTESIAN_POINT('',(-15.63978372907,73.412031038249,
    51.199695676402));
#1076 = CARTESIAN_POINT('',(-15.35377841767,73.172944603622,
    51.427837968531));
#1077 = CARTESIAN_POINT('',(-15.20693650394,73.050009119668,
    51.538605382374));
#1078 = CARTESIAN_POINT('',(-15.05761989722,72.924822297163,
    51.645023118144));
#1079 = CARTESIAN_POINT('',(-14.90603574794,72.797562190894,
    51.746990272499));
#1080 = CARTESIAN_POINT('',(-14.75239615329,72.668416092169,
    51.844422894224));
#1081 = CARTESIAN_POINT('',(-14.59691611614,72.537580693605,
    51.93725429738));
#1082 = CARTESIAN_POINT('',(-14.4398114481,72.405263645691,
    52.025434995502));
#1083 = CARTESIAN_POINT('',(-14.11844792918,72.134457314258,
    52.194712365359));
#1084 = CARTESIAN_POINT('',(-13.9541109475,71.995898116664,
    52.275549431354));
#1085 = CARTESIAN_POINT('',(-13.7885181305,71.856250214823,
    52.351407983077));
#1086 = CARTESIAN_POINT('',(-13.62190063993,71.715768202485,
    52.422271217573));
#1087 = CARTESIAN_POINT('',(-13.45448539797,71.574733080883,
    52.488140460832));
#1088 = CARTESIAN_POINT('',(-13.28649301018,71.433453295795,
    52.549034319719));
#1089 = CARTESIAN_POINT('',(-13.11813462958,71.292288505373,
    52.604987375157));
#1090 = CARTESIAN_POINT('',(-12.78132975878,71.0113840418,
    52.707032589747));
#1091 = CARTESIAN_POINT('',(-12.61288877802,70.871648268766,
    52.753137856525));
#1092 = CARTESIAN_POINT('',(-12.44447315671,70.733000341072,
    52.794414591694));
#1093 = CARTESIAN_POINT('',(-12.27625721757,70.596106832733,
    52.830925143091));
#1094 = CARTESIAN_POINT('',(-12.10840346998,70.461725229886,
    52.862744148497));
#1095 = CARTESIAN_POINT('',(-11.9410231609,70.331386733889,
    52.889951994446));
#1096 = CARTESIAN_POINT('',(-11.77420331111,70.206893034718,
    52.912638754968));
#1097 = CARTESIAN_POINT('',(-11.54823062566,70.054736835484,
    52.937387252699));
#1098 = CARTESIAN_POINT('',(-11.4887583177,70.016248095668,
    52.943335887241));
#1099 = CARTESIAN_POINT('',(-11.42932528606,69.979646141697,
    52.948717507779));
#1100 = CARTESIAN_POINT('',(-11.36991862527,69.945315591203,
    52.953534498539));
#1101 = CARTESIAN_POINT('',(-11.31052193438,69.913730135905,
    52.957788620791));
#1102 = CARTESIAN_POINT('',(-11.25111201802,69.885513329515,
    52.961480658768));
#1103 = CARTESIAN_POINT('',(-11.19165831793,69.861448221925,
    52.964610388953));
#1104 = CARTESIAN_POINT('',(-11.09209469235,69.829464936923,
    52.968904299396));
#1105 = CARTESIAN_POINT('',(-11.05202524137,69.818839657315,
    52.970376516458));
#1106 = CARTESIAN_POINT('',(-11.01191474306,69.810690991533,
    52.971594195489));
#1107 = CARTESIAN_POINT('',(-10.97175582872,69.805258643131,
    52.972557302495));
#1108 = CARTESIAN_POINT('',(-10.93154245624,69.802763055566,
    52.973266014569));
#1109 = CARTESIAN_POINT('',(-10.89127217248,69.803358535912,
    52.973721061155));
#1110 = CARTESIAN_POINT('',(-10.85094793278,69.807095772388,
    52.973924001557));
#1111 = CARTESIAN_POINT('',(-10.81057763064,69.813931918576,
    52.97387717864));
#1112 = ORIENTED_EDGE('',*,*,#1113,.T.);
#1113 = EDGE_CURVE('',#1037,#1114,#1116,.T.);
#1114 = VERTEX_POINT('',#1115);
#1115 = CARTESIAN_POINT('',(-47.68256136756,61.728221596189,45.));
#1116 = CIRCLE('',#1117,78.);
#1117 = AXIS2_PLACEMENT_3D('',#1118,#1119,#1120);
#1118 = CARTESIAN_POINT('',(0.,0.,45.));
#1119 = DIRECTION('',(0.,0.,1.));
#1120 = DIRECTION('',(1.,0.,-0.));
#1121 = ORIENTED_EDGE('',*,*,#1122,.F.);
#1122 = EDGE_CURVE('',#1123,#1114,#1125,.T.);
#1123 = VERTEX_POINT('',#1124);
#1124 = CARTESIAN_POINT('',(-47.84244498391,51.980324514194,
    52.97387717864));
#1125 = B_SPLINE_CURVE_WITH_KNOTS('',8,(#1126,#1127,#1128,#1129,#1130,
    #1131,#1132,#1133,#1134,#1135,#1136,#1137,#1138,#1139,#1140,#1141,
    #1142,#1143,#1144,#1145,#1146,#1147,#1148,#1149,#1150,#1151,#1152,
    #1153,#1154,#1155,#1156,#1157,#1158,#1159,#1160,#1161,#1162,#1163,
    #1164,#1165,#1166,#1167,#1168,#1169,#1170,#1171,#1172,#1173,#1174,
    #1175,#1176,#1177,#1178,#1179,#1180,#1181,#1182,#1183,#1184,#1185,
    #1186,#1187,#1188,#1189,#1190,#1191,#1192,#1193,#1194,#1195,#1196,
    #1197,#1198,#1199,#1200,#1201,#1202,#1203,#1204),.UNSPECIFIED.,.F.,
  .F.,(9,7,7,7,7,7,7,7,7,7,7,9),(0.,2.958550655066E-02,
    5.811163681903E-02,0.107608388069,0.221635307737,0.334457174807,
    0.44460106578,0.553062152465,0.662398323602,0.773590603049,
    0.88682055978,1.),.UNSPECIFIED.);
#1126 = CARTESIAN_POINT('',(-47.84244498391,51.980324514194,
    52.97387717864));
#1127 = CARTESIAN_POINT('',(-47.81063485534,52.008783544328,
    52.973925988535));
#1128 = CARTESIAN_POINT('',(-47.78148873971,52.039303033934,
    52.973703387532));
#1129 = CARTESIAN_POINT('',(-47.75505024555,52.071906284778,
    52.973206721032));
#1130 = CARTESIAN_POINT('',(-47.73127276234,52.10655215682,
    52.972434262404));
#1131 = CARTESIAN_POINT('',(-47.71000985481,52.143128107749,
    52.971385264794));
#1132 = CARTESIAN_POINT('',(-47.69105447143,52.181478457542,
    52.97005960417));
#1133 = CARTESIAN_POINT('',(-47.67418631644,52.221438558781,
    52.968457354547));
#1134 = CARTESIAN_POINT('',(-47.64472424729,52.302769876522,
    52.964767189897));
#1135 = CARTESIAN_POINT('',(-47.63199904279,52.344039899902,
    52.96269870004));
#1136 = CARTESIAN_POINT('',(-47.62081425244,52.386510198029,
    52.960373229234));
#1137 = CARTESIAN_POINT('',(-47.61097881961,52.430039890776,
    52.957790816076));
#1138 = CARTESIAN_POINT('',(-47.60231971204,52.474501379548,
    52.954951363787));
#1139 = CARTESIAN_POINT('',(-47.59468771704,52.519784496836,
    52.951854580877));
#1140 = CARTESIAN_POINT('',(-47.58795681975,52.565796069186,
    52.948499973966));
#1141 = CARTESIAN_POINT('',(-47.57171104759,52.693414357895,
    52.938617700985));
#1142 = CARTESIAN_POINT('',(-47.56378799184,52.776321687321,
    52.931570417286));
#1143 = CARTESIAN_POINT('',(-47.55767789451,52.860754836331,
    52.92374168826));
#1144 = CARTESIAN_POINT('',(-47.55298189839,52.946413496924,
    52.915126885434));
#1145 = CARTESIAN_POINT('',(-47.54941584992,53.033078955083,
    52.905720633891));
#1146 = CARTESIAN_POINT('',(-47.54676907059,53.120584826746,
    52.89551718218));
#1147 = CARTESIAN_POINT('',(-47.54487844163,53.208798673295,
    52.884510613534));
#1148 = CARTESIAN_POINT('',(-47.5407136344,53.502221758415,
    52.845474736052));
#1149 = CARTESIAN_POINT('',(-47.54115204071,53.710018664474,
    52.81396091909));
#1150 = CARTESIAN_POINT('',(-47.54338847266,53.919700438396,
    52.778081070089));
#1151 = CARTESIAN_POINT('',(-47.54685408702,54.130641918847,
    52.737763781565));
#1152 = CARTESIAN_POINT('',(-47.55110880263,54.342298690291,
    52.692947487215));
#1153 = CARTESIAN_POINT('',(-47.55591636919,54.554261480511,
    52.643580864124));
#1154 = CARTESIAN_POINT('',(-47.56108460479,54.766144445402,
    52.589625349912));
#1155 = CARTESIAN_POINT('',(-47.57182536873,55.186820330505,
    52.473105205813));
#1156 = CARTESIAN_POINT('',(-47.57739240832,55.395620913059,
    52.410637834921));
#1157 = CARTESIAN_POINT('',(-47.58305745577,55.603662807721,
    52.343629645914));
#1158 = CARTESIAN_POINT('',(-47.58873684246,55.810631791643,
    52.272069847719));
#1159 = CARTESIAN_POINT('',(-47.59437249629,56.016227114923,
    52.195961998494));
#1160 = CARTESIAN_POINT('',(-47.59992041519,56.220155231878,
    52.115324795329));
#1161 = CARTESIAN_POINT('',(-47.60534552692,56.422128240371,
    52.030192546968));
#1162 = CARTESIAN_POINT('',(-47.61577507702,56.816864753927,
    51.853164345699));
#1163 = CARTESIAN_POINT('',(-47.62078611158,57.009732828671,
    51.761476970484));
#1164 = CARTESIAN_POINT('',(-47.62563250948,57.200211254445,
    51.665599594315));
#1165 = CARTESIAN_POINT('',(-47.63029701896,57.388045884848,
    51.565593313477));
#1166 = CARTESIAN_POINT('',(-47.63476756924,57.572989636563,
    51.461533628234));
#1167 = CARTESIAN_POINT('',(-47.639036174,57.754803699864,51.35351014095
    ));
#1168 = CARTESIAN_POINT('',(-47.64309783484,57.933258749128,
    51.241626254219));
#1169 = CARTESIAN_POINT('',(-47.65074220898,58.280341739413,
    51.012138066159));
#1170 = CARTESIAN_POINT('',(-47.65433137646,58.449078295605,
    50.894647243021));
#1171 = CARTESIAN_POINT('',(-47.6577143649,58.6141371295,50.773637670433
    ));
#1172 = CARTESIAN_POINT('',(-47.66089074677,58.775320098898,
    50.649233222345));
#1173 = CARTESIAN_POINT('',(-47.66386190606,58.932440827137,
    50.521569335091));
#1174 = CARTESIAN_POINT('',(-47.66663069505,59.085325918414,
    50.390791966701));
#1175 = CARTESIAN_POINT('',(-47.66920109093,59.233816173105,
    50.257056556197));
#1176 = CARTESIAN_POINT('',(-47.67397379038,59.522880861895,
    49.98289586332));
#1177 = CARTESIAN_POINT('',(-47.67617296723,59.663381848256,
    49.842425231457));
#1178 = CARTESIAN_POINT('',(-47.67818034,59.799123085055,49.699282762505
    ));
#1179 = CARTESIAN_POINT('',(-47.68000171949,59.929973034351,
    49.553644634383));
#1180 = CARTESIAN_POINT('',(-47.68164357063,60.055816765909,
    49.405693980225));
#1181 = CARTESIAN_POINT('',(-47.68311281261,60.176556425744,
    49.255619340859));
#1182 = CARTESIAN_POINT('',(-47.68441661906,60.292111704661,
    49.103613117287));
#1183 = CARTESIAN_POINT('',(-47.68672726524,60.51460152539,
    48.79351696173));
#1184 = CARTESIAN_POINT('',(-47.68772868911,60.621356468891,
    48.635367447041));
#1185 = CARTESIAN_POINT('',(-47.68857414256,60.722619122415,
    48.475626309125));
#1186 = CARTESIAN_POINT('',(-47.68927134152,60.818342793628,
    48.314500564427));
#1187 = CARTESIAN_POINT('',(-47.68982795151,60.908499553777,
    48.152197792097));
#1188 = CARTESIAN_POINT('',(-47.69025147406,60.993079678723,
    47.988924510265));
#1189 = CARTESIAN_POINT('',(-47.69054913307,61.072091089967,
    47.824884552317));
#1190 = CARTESIAN_POINT('',(-47.6909096629,61.220372849145,
    47.492653792163));
#1191 = CARTESIAN_POINT('',(-47.69096813251,61.28943815142,
    47.324441912884));
#1192 = CARTESIAN_POINT('',(-47.69091043032,61.352780738696,
    47.155852763563));
#1193 = CARTESIAN_POINT('',(-47.69074340334,61.410444901632,
    46.987092440047));
#1194 = CARTESIAN_POINT('',(-47.69047345633,61.46249174736,
    46.818360997818));
#1195 = CARTESIAN_POINT('',(-47.69010652291,61.508997761503,
    46.649851274015));
#1196 = CARTESIAN_POINT('',(-47.68964803659,61.550053370175,
    46.481747709439));
#1197 = CARTESIAN_POINT('',(-47.68855801015,61.621453702965,
    46.146777370355));
#1198 = CARTESIAN_POINT('',(-47.68792655017,61.651803167257,
    45.979910035431));
#1199 = CARTESIAN_POINT('',(-47.68721344787,61.676912585751,
    45.813798143498));
#1200 = CARTESIAN_POINT('',(-47.68642311509,61.696896948687,
    45.64860706367));
#1201 = CARTESIAN_POINT('',(-47.68555947894,61.711881893327,
    45.484492164559));
#1202 = CARTESIAN_POINT('',(-47.68462601117,61.722002051611,
    45.321598422365));
#1203 = CARTESIAN_POINT('',(-47.68362575761,61.727399397811,
    45.160060028965));
#1204 = CARTESIAN_POINT('',(-47.68256136756,61.728221596189,45.));
#1205 = ORIENTED_EDGE('',*,*,#1206,.F.);
#1206 = EDGE_CURVE('',#1207,#1123,#1209,.T.);
#1207 = VERTEX_POINT('',#1208);
#1208 = CARTESIAN_POINT('',(-61.32301479373,35.07622464359,
    52.97387717864));
#1209 = B_SPLINE_CURVE_WITH_KNOTS('',5,(#1210,#1211,#1212,#1213,#1214,
    #1215,#1216,#1217,#1218,#1219,#1220,#1221,#1222,#1223,#1224,#1225,
    #1226,#1227,#1228,#1229,#1230,#1231,#1232,#1233,#1234,#1235,#1236,
    #1237,#1238,#1239,#1240,#1241,#1242,#1243),.UNSPECIFIED.,.F.,.F.,(6,
    4,4,4,4,4,4,4,6),(0.,0.125726710388,0.250635113424,0.375260106851,
    0.49968784995,0.62168440666,0.743832668039,0.866288894673,1.),
  .UNSPECIFIED.);
#1210 = CARTESIAN_POINT('',(-61.36099815358,35.007488395265,
    52.973967314005));
#1211 = CARTESIAN_POINT('',(-61.09329334492,35.492648162032,
    52.973329011817));
#1212 = CARTESIAN_POINT('',(-60.82065065545,35.974214233674,
    52.972732498827));
#1213 = CARTESIAN_POINT('',(-60.54314308969,36.452206706588,
    52.972177298275));
#1214 = CARTESIAN_POINT('',(-60.26083176292,36.926639715551,
    52.971663022524));
#1215 = CARTESIAN_POINT('',(-59.68856844206,37.865338361827,
    52.970718806411));
#1216 = CARTESIAN_POINT('',(-59.39867857071,38.32965018918,
    52.970288336128));
#1217 = CARTESIAN_POINT('',(-59.10414505021,38.79046512625,
    52.969897666026));
#1218 = CARTESIAN_POINT('',(-58.80500889864,39.247787167714,
    52.969546559395));
#1219 = CARTESIAN_POINT('',(-58.19828696896,40.154415306815,
    52.96892382588));
#1220 = CARTESIAN_POINT('',(-57.89072211094,40.603737258475,
    52.968652019266));
#1221 = CARTESIAN_POINT('',(-57.57864206787,41.049581814241,
    52.968419241656));
#1222 = CARTESIAN_POINT('',(-57.26207422584,41.491945191042,
    52.968225362554));
#1223 = CARTESIAN_POINT('',(-56.6205140996,42.369000091338,
    52.967915479805));
#1224 = CARTESIAN_POINT('',(-56.29553605058,42.803702623535,
    52.967799352916));
#1225 = CARTESIAN_POINT('',(-55.96612748237,43.234920211656,
    52.967721833879));
#1226 = CARTESIAN_POINT('',(-55.6323049662,43.662641886995,
    52.967682880797));
#1227 = CARTESIAN_POINT('',(-54.96246382788,44.502775581838,
    52.967682114354));
#1228 = CARTESIAN_POINT('',(-54.62661560662,44.915323386264,
    52.967718808627));
#1229 = CARTESIAN_POINT('',(-54.28654647649,45.324482760299,
    52.967792576128));
#1230 = CARTESIAN_POINT('',(-53.94226317056,45.730236289172,
    52.96790345517));
#1231 = CARTESIAN_POINT('',(-53.24483973833,46.535389708953,
    52.968199774689));
#1232 = CARTESIAN_POINT('',(-52.8916891329,46.93478097202,
    52.968385308126));
#1233 = CARTESIAN_POINT('',(-52.53431884235,47.330715517223,
    52.968608199859));
#1234 = CARTESIAN_POINT('',(-52.17272691828,47.723167731806,
    52.968868569698));
#1235 = CARTESIAN_POINT('',(-51.44016463984,48.502027902353,
    52.96946534284));
#1236 = CARTESIAN_POINT('',(-51.06917288182,48.888417949213,
    52.96980193724));
#1237 = CARTESIAN_POINT('',(-50.69392530802,49.271247476331,
    52.970176526698));
#1238 = CARTESIAN_POINT('',(-50.31441024438,49.650480312521,
    52.970589328198));
#1239 = CARTESIAN_POINT('',(-49.51153636844,50.436188888256,
    52.971533374694));
#1240 = CARTESIAN_POINT('',(-49.08735381613,50.841964816277,
    52.972072019357));
#1241 = CARTESIAN_POINT('',(-48.65804021792,51.243346706621,
    52.972656905464));
#1242 = CARTESIAN_POINT('',(-48.2235651349,51.640269060945,
    52.973288475726));
#1243 = CARTESIAN_POINT('',(-47.78388418955,52.032650806089,
    52.973967314005));
#1244 = ORIENTED_EDGE('',*,*,#1245,.F.);
#1245 = EDGE_CURVE('',#1246,#1207,#1248,.T.);
#1246 = VERTEX_POINT('',#1247);
#1247 = CARTESIAN_POINT('',(-70.79093429241,32.751238480518,45.));
#1248 = B_SPLINE_CURVE_WITH_KNOTS('',8,(#1249,#1250,#1251,#1252,#1253,
    #1254,#1255,#1256,#1257,#1258,#1259,#1260,#1261,#1262,#1263,#1264,
    #1265,#1266,#1267,#1268,#1269,#1270,#1271,#1272,#1273,#1274,#1275,
    #1276,#1277,#1278,#1279,#1280,#1281,#1282,#1283,#1284,#1285,#1286,
    #1287,#1288,#1289,#1290,#1291,#1292,#1293,#1294,#1295,#1296,#1297,
    #1298,#1299,#1300,#1301,#1302,#1303,#1304,#1305,#1306,#1307,#1308,
    #1309,#1310,#1311,#1312,#1313,#1314,#1315,#1316,#1317,#1318,#1319,
    #1320),.UNSPECIFIED.,.F.,.F.,(9,7,7,7,7,7,7,7,7,7,9),(0.,
    0.117996632387,0.236003966698,0.351596736803,0.465003684801,
    0.578185830977,0.69322619526,0.811411807252,0.929420196865,
    0.971618651608,1.),.UNSPECIFIED.);
#1249 = CARTESIAN_POINT('',(-70.79093429241,32.751238480518,45.));
#1250 = CARTESIAN_POINT('',(-70.79034551944,32.75251109768,
    45.16687296537));
#1251 = CARTESIAN_POINT('',(-70.78489299635,32.754822328098,
    45.335352817874));
#1252 = CARTESIAN_POINT('',(-70.77441291808,32.758206481217,
    45.505300180643));
#1253 = CARTESIAN_POINT('',(-70.75874792714,32.762695912615,
    45.676562440278));
#1254 = CARTESIAN_POINT('',(-70.73774909088,32.768320536571,
    45.848974249435));
#1255 = CARTESIAN_POINT('',(-70.71127787889,32.775107338635,
    46.022358029427));
#1256 = CARTESIAN_POINT('',(-70.67920814025,32.783079888195,
    46.196524472807));
#1257 = CARTESIAN_POINT('',(-70.60364459505,32.801436646318,
    46.546037468267));
#1258 = CARTESIAN_POINT('',(-70.56014979164,32.811821060753,
    46.72138418104));
#1259 = CARTESIAN_POINT('',(-70.51083171385,32.82343083395,
    46.897113037339));
#1260 = CARTESIAN_POINT('',(-70.45559300085,32.836281728053,
    47.073012732282));
#1261 = CARTESIAN_POINT('',(-70.39435257768,32.850385185152,
    47.248862310367));
#1262 = CARTESIAN_POINT('',(-70.32704734527,32.865747984685,
    47.42443267279));
#1263 = CARTESIAN_POINT('',(-70.25363387033,32.882371900826,
    47.599488084767));
#1264 = CARTESIAN_POINT('',(-70.09617383672,32.917768943972,
    47.944520913018));
#1265 = CARTESIAN_POINT('',(-70.01237557478,32.93649113508,
    48.114529066844));
#1266 = CARTESIAN_POINT('',(-69.92267409319,32.956416732906,
    48.28358606148));
#1267 = CARTESIAN_POINT('',(-69.82706798676,32.977537575623,
    48.451461379428));
#1268 = CARTESIAN_POINT('',(-69.72557621082,32.999840564351,
    48.617922079884));
#1269 = CARTESIAN_POINT('',(-69.61823865053,33.023307687635,
    48.782734810077));
#1270 = CARTESIAN_POINT('',(-69.50511669032,33.047916045916,
    48.945667816612));
#1271 = CARTESIAN_POINT('',(-69.26971777909,33.098873314565,
    49.264276945339));
#1272 = CARTESIAN_POINT('',(-69.14765433002,33.125180525325,
    49.420032163857));
#1273 = CARTESIAN_POINT('',(-69.02018168307,33.152533481704,
    49.573543167929));
#1274 = CARTESIAN_POINT('',(-68.88739844105,33.180901664,49.724598198018
    ));
#1275 = CARTESIAN_POINT('',(-68.74942290622,33.210250475037,
    49.872990991437));
#1276 = CARTESIAN_POINT('',(-68.60639242395,33.240541655809,
    50.018522594309));
#1277 = CARTESIAN_POINT('',(-68.45846272639,33.271733701122,
    50.161003173521));
#1278 = CARTESIAN_POINT('',(-68.15345442835,33.335767320808,
    50.439228453121));
#1279 = CARTESIAN_POINT('',(-67.99639443251,33.368605508063,
    50.574986037151));
#1280 = CARTESIAN_POINT('',(-67.83479934066,33.40225298174,
    50.707348446478));
#1281 = CARTESIAN_POINT('',(-67.66885846412,33.436663063144,
    50.83614864111));
#1282 = CARTESIAN_POINT('',(-67.49877692528,33.471787086927,
    50.961231805116));
#1283 = CARTESIAN_POINT('',(-67.32477420931,33.507575237878,
    51.082456476387));
#1284 = CARTESIAN_POINT('',(-67.14708271597,33.543977387703,
    51.199695676402));
#1285 = CARTESIAN_POINT('',(-66.78183601942,33.618517390555,
    51.42783796853));
#1286 = CARTESIAN_POINT('',(-66.59416675205,33.656674001121,
    51.538605382373));
#1287 = CARTESIAN_POINT('',(-66.40319437149,33.695361717952,
    51.645023118144));
#1288 = CARTESIAN_POINT('',(-66.20918724275,33.734529599662,
    51.746990272499));
#1289 = CARTESIAN_POINT('',(-66.0124240365,33.774128596205,
    51.844422894224));
#1290 = CARTESIAN_POINT('',(-65.81319258533,33.814113247417,
    51.93725429738));
#1291 = CARTESIAN_POINT('',(-65.61178979325,33.854444292951,
    52.025434995502));
#1292 = CARTESIAN_POINT('',(-65.19969800095,33.936851423429,
    52.194712365357));
#1293 = CARTESIAN_POINT('',(-64.98890562593,33.978945002789,
    52.275549431359));
#1294 = CARTESIAN_POINT('',(-64.77647906718,34.021341637737,
    52.351407983071));
#1295 = CARTESIAN_POINT('',(-64.56276150101,34.06401933536,
    52.422271217573));
#1296 = CARTESIAN_POINT('',(-64.34811410676,34.106975882148,
    52.488140460837));
#1297 = CARTESIAN_POINT('',(-64.13291558239,34.150231114523,
    52.549034319714));
#1298 = CARTESIAN_POINT('',(-63.91757877164,34.193844189611,
    52.604987375158));
#1299 = CARTESIAN_POINT('',(-63.4879644163,34.282027772717,
    52.707032589747));
#1300 = CARTESIAN_POINT('',(-63.273693356,34.326596404967,
    52.753137856528));
#1301 = CARTESIAN_POINT('',(-63.06028861879,34.371823470879,
    52.794414591684));
#1302 = CARTESIAN_POINT('',(-62.84838004166,34.417988281558,
    52.830925143103));
#1303 = CARTESIAN_POINT('',(-62.63866117406,34.465436066949,
    52.862744148489));
#1304 = CARTESIAN_POINT('',(-62.43239851877,34.515034539088,
    52.889951994447));
#1305 = CARTESIAN_POINT('',(-62.23105495029,34.567838997725,
    52.912638754968));
#1306 = CARTESIAN_POINT('',(-61.9712027786,34.649643718878,
    52.937387252699));
#1307 = CARTESIAN_POINT('',(-61.90403069259,34.672143704813,
    52.943335887241));
#1308 = CARTESIAN_POINT('',(-61.83835824353,34.695789375017,
    52.948717507779));
#1309 = CARTESIAN_POINT('',(-61.77447809119,34.720830624562,
    52.953534498538));
#1310 = CARTESIAN_POINT('',(-61.71275035681,34.747575618195,
    52.957788620791));
#1311 = CARTESIAN_POINT('',(-61.65364809226,34.77643127015,
    52.961480658769));
#1312 = CARTESIAN_POINT('',(-61.59776445783,34.807909695468,
    52.964610388953));
#1313 = CARTESIAN_POINT('',(-61.51068201351,34.865810420426,
    52.968904299396));
#1314 = CARTESIAN_POINT('',(-61.47739194135,34.890513225212,
    52.970376516458));
#1315 = CARTESIAN_POINT('',(-61.44601257127,34.916792265549,
    52.971594195489));
#1316 = CARTESIAN_POINT('',(-61.41672671672,34.944802755252,
    52.972557302495));
#1317 = CARTESIAN_POINT('',(-61.38970296014,34.974686862485,
    52.973266014569));
#1318 = CARTESIAN_POINT('',(-61.36506041419,35.006542714048,
    52.973721061155));
#1319 = CARTESIAN_POINT('',(-61.3428405511,35.040399602986,
    52.973924001557));
#1320 = CARTESIAN_POINT('',(-61.32301479373,35.07622464359,
    52.97387717864));
#1321 = ORIENTED_EDGE('',*,*,#1322,.T.);
#1322 = EDGE_CURVE('',#1246,#1323,#1325,.T.);
#1323 = VERTEX_POINT('',#1324);
#1324 = CARTESIAN_POINT('',(-77.99065773984,1.207189010222,45.));
#1325 = CIRCLE('',#1326,78.);
#1326 = AXIS2_PLACEMENT_3D('',#1327,#1328,#1329);
#1327 = CARTESIAN_POINT('',(0.,0.,45.));
#1328 = DIRECTION('',(0.,0.,1.));
#1329 = DIRECTION('',(1.,0.,-0.));
#1330 = ORIENTED_EDGE('',*,*,#1331,.F.);
#1331 = EDGE_CURVE('',#1332,#1323,#1334,.T.);
#1332 = VERTEX_POINT('',#1333);
#1333 = CARTESIAN_POINT('',(-70.46913071755,-4.995527454761,
    52.97387717864));
#1334 = B_SPLINE_CURVE_WITH_KNOTS('',8,(#1335,#1336,#1337,#1338,#1339,
    #1340,#1341,#1342,#1343,#1344,#1345,#1346,#1347,#1348,#1349,#1350,
    #1351,#1352,#1353,#1354,#1355,#1356,#1357,#1358,#1359,#1360,#1361,
    #1362,#1363,#1364,#1365,#1366,#1367,#1368,#1369,#1370,#1371,#1372,
    #1373,#1374,#1375,#1376,#1377,#1378,#1379,#1380,#1381,#1382,#1383,
    #1384,#1385,#1386,#1387,#1388,#1389,#1390,#1391,#1392,#1393,#1394,
    #1395,#1396,#1397,#1398,#1399,#1400,#1401,#1402,#1403,#1404,#1405,
    #1406,#1407,#1408,#1409,#1410,#1411,#1412,#1413),.UNSPECIFIED.,.F.,
  .F.,(9,7,7,7,7,7,7,7,7,7,7,9),(0.,2.958550655064E-02,
    5.811163681876E-02,0.107608388068,0.221635307736,0.334457174807,
    0.44460106578,0.553062152464,0.662398323602,0.77359060305,
    0.88682055978,1.),.UNSPECIFIED.);
#1335 = CARTESIAN_POINT('',(-70.46913071755,-4.995527454761,
    52.97387717864));
#1336 = CARTESIAN_POINT('',(-70.47154759251,-4.952913379721,
    52.973925988535));
#1337 = CARTESIAN_POINT('',(-70.47723638446,-4.911097438402,
    52.973703387532));
#1338 = CARTESIAN_POINT('',(-70.48624250092,-4.870099196914,
    52.973206721032));
#1339 = CARTESIAN_POINT('',(-70.49850471612,-4.829907864074,
    52.972434262404));
#1340 = CARTESIAN_POINT('',(-70.51384374006,-4.79047912116,
    52.971385264794));
#1341 = CARTESIAN_POINT('',(-70.53200876266,-4.751748153672,
    52.97005960417));
#1342 = CARTESIAN_POINT('',(-70.55273370524,-4.713645383448,
    52.968457354547));
#1343 = CARTESIAN_POINT('',(-70.5979517903,-4.639901763066,
    52.964767189896));
#1344 = CARTESIAN_POINT('',(-70.62228395863,-4.604221358863,
    52.96269870004));
#1345 = CARTESIAN_POINT('',(-70.64851497206,-4.568996939879,
    52.960373229234));
#1346 = CARTESIAN_POINT('',(-70.6764155642,-4.534166969348,
    52.957790816076));
#1347 = CARTESIAN_POINT('',(-70.70577809062,-4.499675721616,
    52.954951363786));
#1348 = CARTESIAN_POINT('',(-70.73642338629,-4.465475225819,
    52.951854580877));
#1349 = CARTESIAN_POINT('',(-70.76820003629,-4.431525052288,
    52.948499973966));
#1350 = CARTESIAN_POINT('',(-70.85784695888,-4.339254894617,
    52.938617700985));
#1351 = CARTESIAN_POINT('',(-70.91772657469,-4.281368525798,
    52.931570417286));
#1352 = CARTESIAN_POINT('',(-70.97992948538,-4.223948251998,
    52.923741688259));
#1353 = CARTESIAN_POINT('',(-71.04397221728,-4.166869473065,
    52.915126885434));
#1354 = CARTESIAN_POINT('',(-71.10950660606,-4.110046394767,
    52.905720633891));
#1355 = CARTESIAN_POINT('',(-71.17627121151,-4.053418040778,
    52.89551718218));
#1356 = CARTESIAN_POINT('',(-71.24406078605,-3.996939453827,
    52.884510613533));
#1357 = CARTESIAN_POINT('',(-71.47087147685,-3.810736975217,
    52.845474736052));
#1358 = CARTESIAN_POINT('',(-71.63360698183,-3.681520483289,
    52.813960919088));
#1359 = CARTESIAN_POINT('',(-71.79893718649,-3.552534548509,
    52.778081070093));
#1360 = CARTESIAN_POINT('',(-71.96601865208,-3.423724213083,
    52.737763781557));
#1361 = CARTESIAN_POINT('',(-72.13415135126,-3.295084845198,
    52.692947487219));
#1362 = CARTESIAN_POINT('',(-72.30286800249,-3.166686914018,
    52.643580864122));
#1363 = CARTESIAN_POINT('',(-72.47174711723,-3.038620735517,
    52.58962534991));
#1364 = CARTESIAN_POINT('',(-72.8073415249,-2.784731078665,
    52.473105205812));
#1365 = CARTESIAN_POINT('',(-72.97405938631,-2.658898531635,
    52.41063783492));
#1366 = CARTESIAN_POINT('',(-73.14024518855,-2.533615644404,
    52.343629645913));
#1367 = CARTESIAN_POINT('',(-73.30560109575,-2.409012916941,
    52.272069847718));
#1368 = CARTESIAN_POINT('',(-73.46985576483,-2.285232461154,
    52.195961998493));
#1369 = CARTESIAN_POINT('',(-73.63275225768,-2.162422897582,
    52.115324795328));
#1370 = CARTESIAN_POINT('',(-73.79404361617,-2.040736309678,
    52.030192546967));
#1371 = CARTESIAN_POINT('',(-74.10916376787,-1.802776269676,
    51.853164345698));
#1372 = CARTESIAN_POINT('',(-74.26307842961,-1.686442776541,
    51.761476970484));
#1373 = CARTESIAN_POINT('',(-74.41502213928,-1.571470487053,
    51.665599594314));
#1374 = CARTESIAN_POINT('',(-74.56478544092,-1.458004370924,
    51.565593313476));
#1375 = CARTESIAN_POINT('',(-74.712167631,-1.346189044766,
    51.461533628233));
#1376 = CARTESIAN_POINT('',(-74.85697702118,-1.236167160049,
    51.353510140949));
#1377 = CARTESIAN_POINT('',(-74.99903120102,-1.128077791064,
    51.241626254218));
#1378 = CARTESIAN_POINT('',(-75.27515779916,-0.917651698584,
    51.012138066159));
#1379 = CARTESIAN_POINT('',(-75.40931916036,-0.815252300733,
    50.89464724302));
#1380 = CARTESIAN_POINT('',(-75.54047661195,-0.714984727961,
    50.773637670433));
#1381 = CARTESIAN_POINT('',(-75.66847497357,-0.616972185649,
    50.649233222344));
#1382 = CARTESIAN_POINT('',(-75.79316939297,-0.521331959809,
    50.521569335091));
#1383 = CARTESIAN_POINT('',(-75.91442608223,-0.428174390938,
    50.390791966701));
#1384 = CARTESIAN_POINT('',(-76.0321230538,-0.337601847885,
    50.257056556197));
#1385 = CARTESIAN_POINT('',(-76.2610986574,-0.161104409034,
    49.98289586332));
#1386 = CARTESIAN_POINT('',(-76.3723179162,-7.522286258655E-02,
    49.842425231457));
#1387 = CARTESIAN_POINT('',(-76.47969626505,7.840987023466E-03,
    49.699282762504));
#1388 = CARTESIAN_POINT('',(-76.58313448642,8.800058415475E-02,
    49.553644634383));
#1389 = CARTESIAN_POINT('',(-76.68254675507,0.165179216499,
    49.405693980225));
#1390 = CARTESIAN_POINT('',(-76.7778608797,0.239310463452,
    49.255619340859));
#1391 = CARTESIAN_POINT('',(-76.86901854475,0.310338644478,
    49.103613117287));
#1392 = CARTESIAN_POINT('',(-77.04440875545,0.44725224279,48.79351696173
    ));
#1393 = CARTESIAN_POINT('',(-77.12849750876,0.513029916654,
    48.635367447041));
#1394 = CARTESIAN_POINT('',(-77.20819497089,0.575505146313,
    48.475626309124));
#1395 = CARTESIAN_POINT('',(-77.2834694471,0.634642787014,
    48.314500564427));
#1396 = CARTESIAN_POINT('',(-77.3543038812,0.690419432317,
    48.152197792098));
#1397 = CARTESIAN_POINT('',(-77.42069534766,0.742823154398,
    47.988924510265));
#1398 = CARTESIAN_POINT('',(-77.4826545438,0.791853244354,
    47.824884552317));
#1399 = CARTESIAN_POINT('',(-77.59881067807,0.884023535435,
    47.492653792163));
#1400 = CARTESIAN_POINT('',(-77.65284456094,0.927039333683,
    47.324441912884));
#1401 = CARTESIAN_POINT('',(-77.70233181313,0.966577904259,
    47.155852763563));
#1402 = CARTESIAN_POINT('',(-77.7473113315,1.002661508739,
    46.987092440046));
#1403 = CARTESIAN_POINT('',(-77.78783488485,1.035323239339,
    46.818360997818));
#1404 = CARTESIAN_POINT('',(-77.82396597159,1.064606144977,
    46.649851274015));
#1405 = CARTESIAN_POINT('',(-77.85577867743,1.090562357338,
    46.481747709439));
#1406 = CARTESIAN_POINT('',(-77.9109220851,1.13593195367,46.146777370355
    ));
#1407 = CARTESIAN_POINT('',(-77.9342565429,1.155348230435,45.97991003543
    ));
#1408 = CARTESIAN_POINT('',(-77.95344326477,1.171561222627,
    45.813798143498));
#1409 = CARTESIAN_POINT('',(-77.96857490445,1.184639176161,
    45.64860706367));
#1410 = CARTESIAN_POINT('',(-77.9797521376,1.194657354258,
    45.484492164559));
#1411 = CARTESIAN_POINT('',(-77.98708238832,1.201696984232,
    45.321598422365));
#1412 = CARTESIAN_POINT('',(-77.9906785556,1.205844204271,
    45.160060028965));
#1413 = CARTESIAN_POINT('',(-77.99065773984,1.207189010222,45.));
#1414 = ORIENTED_EDGE('',*,*,#1415,.F.);
#1415 = EDGE_CURVE('',#1416,#1332,#1418,.T.);
#1416 = VERTEX_POINT('',#1417);
#1417 = CARTESIAN_POINT('',(-65.6579710556,-26.0745952126,52.97387717864
    ));
#1418 = B_SPLINE_CURVE_WITH_KNOTS('',5,(#1419,#1420,#1421,#1422,#1423,
    #1424,#1425,#1426,#1427,#1428,#1429,#1430,#1431,#1432,#1433,#1434,
    #1435,#1436,#1437,#1438,#1439,#1440,#1441,#1442,#1443,#1444,#1445,
    #1446,#1447,#1448,#1449,#1450,#1451,#1452),.UNSPECIFIED.,.F.,.F.,(6,
    4,4,4,4,4,4,4,6),(0.,0.125726710388,0.250635113424,0.375260106851,
    0.49968784995,0.62168440666,0.743832668039,0.866288894673,1.),
  .UNSPECIFIED.);
#1419 = CARTESIAN_POINT('',(-65.62791313018,-26.147148149,
    52.973967314005));
#1420 = CARTESIAN_POINT('',(-65.84031509176,-25.63535593473,
    52.973329011817));
#1421 = CARTESIAN_POINT('',(-66.04682867102,-25.12194376205,
    52.972732498827));
#1422 = CARTESIAN_POINT('',(-66.24751509754,-24.60695617828,
    52.972177298275));
#1423 = CARTESIAN_POINT('',(-66.44242352708,-24.0904321524,
    52.971663022524));
#1424 = CARTESIAN_POINT('',(-66.81952733675,-23.05774963892,
    52.970718806411));
#1425 = CARTESIAN_POINT('',(-67.00179756261,-22.54161092181,
    52.970288336128));
#1426 = CARTESIAN_POINT('',(-67.17843854167,-22.02402192904,
    52.969897666026));
#1427 = CARTESIAN_POINT('',(-67.34947897144,-21.50501223918,
    52.969546559395));
#1428 = CARTESIAN_POINT('',(-67.68002445776,-20.46538453464,
    52.96892382588));
#1429 = CARTESIAN_POINT('',(-67.83955495294,-19.94477299113,
    52.968652019266));
#1430 = CARTESIAN_POINT('',(-67.99355153871,-19.42279945467,
    52.968419241656));
#1431 = CARTESIAN_POINT('',(-68.14202833228,-18.89948769529,
    52.968225362554));
#1432 = CARTESIAN_POINT('',(-68.4277312692,-17.85106100469,
    52.967915479805));
#1433 = CARTESIAN_POINT('',(-68.56497489498,-17.32595033919,
    52.967799352916));
#1434 = CARTESIAN_POINT('',(-68.69673149825,-16.79954858139,
    52.967721833879));
#1435 = CARTESIAN_POINT('',(-68.8230028353,-16.27187552608,
    52.967682880797));
#1436 = CARTESIAN_POINT('',(-69.0622066888,-15.22435784496,
    52.967682114354));
#1437 = CARTESIAN_POINT('',(-69.1753516094,-14.70456178341,
    52.967718808627));
#1438 = CARTESIAN_POINT('',(-69.2832156548,-14.18357833422,
    52.967792576128));
#1439 = CARTESIAN_POINT('',(-69.3857894076,-13.66142361943,
    52.96790345517));
#1440 = CARTESIAN_POINT('',(-69.58044730183,-12.61415107734,
    52.968199774689));
#1441 = CARTESIAN_POINT('',(-69.67251816411,-12.08903043649,
    52.968385308126));
#1442 = CARTESIAN_POINT('',(-69.7592555249,-11.5627659413,
    52.968608199859));
#1443 = CARTESIAN_POINT('',(-69.84063814453,-11.03537203774,
    52.968868569698));
#1444 = CARTESIAN_POINT('',(-69.99283043647,-9.977020412183,
    52.96946534284));
#1445 = CARTESIAN_POINT('',(-70.06361276192,-9.446057122268,
    52.96980193724));
#1446 = CARTESIAN_POINT('',(-70.12895790321,-8.913986449349,
    52.970176526698));
#1447 = CARTESIAN_POINT('',(-70.18883030189,-8.380821818627,
    52.970589328198));
#1448 = CARTESIAN_POINT('',(-70.30253832862,-7.263228461765,
    52.971533374694));
#1449 = CARTESIAN_POINT('',(-70.35531322848,-6.678592035091,
    52.972072019357));
#1450 = CARTESIAN_POINT('',(-70.40145357657,-6.092683632881,
    52.972656905464));
#1451 = CARTESIAN_POINT('',(-70.44088918584,-5.505520294573,
    52.973288475726));
#1452 = CARTESIAN_POINT('',(-70.47352900185,-4.917117872726,
    52.973967314005));
#1453 = ORIENTED_EDGE('',*,*,#1454,.F.);
#1454 = EDGE_CURVE('',#1455,#1416,#1457,.T.);
#1455 = VERTEX_POINT('',#1456);
#1456 = CARTESIAN_POINT('',(-69.74337492925,-34.92651791228,45.));
#1457 = B_SPLINE_CURVE_WITH_KNOTS('',8,(#1458,#1459,#1460,#1461,#1462,
    #1463,#1464,#1465,#1466,#1467,#1468,#1469,#1470,#1471,#1472,#1473,
    #1474,#1475,#1476,#1477,#1478,#1479,#1480,#1481,#1482,#1483,#1484,
    #1485,#1486,#1487,#1488,#1489,#1490,#1491,#1492,#1493,#1494,#1495,
    #1496,#1497,#1498,#1499,#1500,#1501,#1502,#1503,#1504,#1505,#1506,
    #1507,#1508,#1509,#1510,#1511,#1512,#1513,#1514,#1515),
  .UNSPECIFIED.,.F.,.F.,(9,7,7,7,7,7,7,7,9),(0.,0.202955060293,
    0.401649457111,0.596447807082,0.796772396689,0.85869580555,
    0.921060854278,0.963383855955,1.),.UNSPECIFIED.);
#1458 = CARTESIAN_POINT('',(-69.74337492925,-34.92651791228,45.));
#1459 = CARTESIAN_POINT('',(-69.74445488008,-34.92436140142,
    45.287021574606));
#1460 = CARTESIAN_POINT('',(-69.73896573406,-34.90903929701,
    45.578797578922));
#1461 = CARTESIAN_POINT('',(-69.7265243857,-34.87979152455,
    45.874617166636));
#1462 = CARTESIAN_POINT('',(-69.70676935954,-34.83591170583,
    46.173657631433));
#1463 = CARTESIAN_POINT('',(-69.67937385582,-34.77677675681,
    46.474984410623));
#1464 = CARTESIAN_POINT('',(-69.64405867295,-34.70187485207,
    46.777559748648));
#1465 = CARTESIAN_POINT('',(-69.60060500691,-34.61083175572,
    47.080260020497));
#1466 = CARTESIAN_POINT('',(-69.49821538842,-34.39829386587,
    47.677211003964));
#1467 = CARTESIAN_POINT('',(-69.43962333626,-34.27747787113,
    47.971506649596));
#1468 = CARTESIAN_POINT('',(-69.3729541256,-34.14078837658,
    48.263678154242));
#1469 = CARTESIAN_POINT('',(-69.29813675315,-33.98817218121,
    48.552559991758));
#1470 = CARTESIAN_POINT('',(-69.21517668069,-33.81974232537,
    48.836957859709));
#1471 = CARTESIAN_POINT('',(-69.12416274985,-33.63578816463,
    49.11567761476));
#1472 = CARTESIAN_POINT('',(-69.02527038867,-33.43677523286,
    49.387556891278));
#1473 = CARTESIAN_POINT('',(-68.81434029047,-33.01407974524,
    49.910266467595));
#1474 = CARTESIAN_POINT('',(-68.70259807029,-32.79095670788,
    50.161405729197));
#1475 = CARTESIAN_POINT('',(-68.58377988292,-32.55455951868,
    50.403884119513));
#1476 = CARTESIAN_POINT('',(-68.45821161417,-32.3056348207,
    50.636728120495));
#1477 = CARTESIAN_POINT('',(-68.3262953808,-32.04506847902,
    50.859053744214));
#1478 = CARTESIAN_POINT('',(-68.18850564845,-31.77386585196,
    51.070089531309));
#1479 = CARTESIAN_POINT('',(-68.045385689,-31.49312601864,
    51.269192568114));
#1480 = CARTESIAN_POINT('',(-67.74550895141,-30.90669196602,
    51.647817979971));
#1481 = CARTESIAN_POINT('',(-67.58848095611,-30.60051554724,
    51.826624829095));
#1482 = CARTESIAN_POINT('',(-67.42711977096,-30.28674284155,
    51.991728455347));
#1483 = CARTESIAN_POINT('',(-67.26217785535,-29.96670963218,
    52.142732095403));
#1484 = CARTESIAN_POINT('',(-67.09444405048,-29.64178325977,
    52.279400569771));
#1485 = CARTESIAN_POINT('',(-66.92489583008,-29.31335385438,
    52.401656793216));
#1486 = CARTESIAN_POINT('',(-66.75453133565,-28.98277663507,
    52.509570325278));
#1487 = CARTESIAN_POINT('',(-66.53275638524,-28.54906703239,
    52.632318272525));
#1488 = CARTESIAN_POINT('',(-66.48048126562,-28.44658823513,
    52.659950143901));
#1489 = CARTESIAN_POINT('',(-66.42834980685,-28.34408253418,
    52.686235693148));
#1490 = CARTESIAN_POINT('',(-66.37642265967,-28.24159289282,
    52.711181743101));
#1491 = CARTESIAN_POINT('',(-66.32476953091,-28.13916320976,
    52.734796176185));
#1492 = CARTESIAN_POINT('',(-66.27347369156,-28.03683902331,
    52.75708785059));
#1493 = CARTESIAN_POINT('',(-66.22264050218,-27.93466889988,
    52.778066483428));
#1494 = CARTESIAN_POINT('',(-66.12182116298,-27.73001691397,
    52.817558848294));
#1495 = CARTESIAN_POINT('',(-66.0718439036,-27.62753849247,
    52.83605384435));
#1496 = CARTESIAN_POINT('',(-66.02262217042,-27.5253258153,
    52.853238238316));
#1497 = CARTESIAN_POINT('',(-65.97433544067,-27.42343900856,
    52.869123411996));
#1498 = CARTESIAN_POINT('',(-65.92722193176,-27.32194765553,
    52.883721179014));
#1499 = CARTESIAN_POINT('',(-65.88159912879,-27.22093422932,
    52.897043617816));
#1500 = CARTESIAN_POINT('',(-65.83792337477,-27.12050415517,
    52.909102600004));
#1501 = CARTESIAN_POINT('',(-65.76911105778,-26.9531535573,
    52.927242038995));
#1502 = CARTESIAN_POINT('',(-65.74252811368,-26.88583750524,
    52.933998252322));
#1503 = CARTESIAN_POINT('',(-65.71740936186,-26.81890773575,
    52.940180765933));
#1504 = CARTESIAN_POINT('',(-65.69404898175,-26.75242277119,
    52.945792526784));
#1505 = CARTESIAN_POINT('',(-65.67281136138,-26.68645399993,
    52.950836015795));
#1506 = CARTESIAN_POINT('',(-65.65417938516,-26.621093952,52.95531295484
    ));
#1507 = CARTESIAN_POINT('',(-65.63878532801,-26.55646158337,
    52.959224106288));
#1508 = CARTESIAN_POINT('',(-65.61748008789,-26.43752474947,
    52.965463962931));
#1509 = CARTESIAN_POINT('',(-65.61056904273,-26.383001808,
    52.967934984056));
#1510 = CARTESIAN_POINT('',(-65.60710794904,-26.32921684464,
    52.969982557852));
#1511 = CARTESIAN_POINT('',(-65.60761018852,-26.27626894429,
    52.971606424997));
#1512 = CARTESIAN_POINT('',(-65.61263813199,-26.22426703891,
    52.972806135405));
#1513 = CARTESIAN_POINT('',(-65.62263929004,-26.17330080547,
    52.973582255866));
#1514 = CARTESIAN_POINT('',(-65.637782364,-26.12341161854,
    52.973937588547));
#1515 = CARTESIAN_POINT('',(-65.6579710556,-26.0745952126,52.97387717864
    ));
#1516 = ORIENTED_EDGE('',*,*,#1517,.T.);
#1517 = EDGE_CURVE('',#1455,#1518,#1520,.T.);
#1518 = VERTEX_POINT('',#1519);
#1519 = CARTESIAN_POINT('',(-49.57019811452,-60.22288152261,45.));
#1520 = CIRCLE('',#1521,78.);
#1521 = AXIS2_PLACEMENT_3D('',#1522,#1523,#1524);
#1522 = CARTESIAN_POINT('',(0.,0.,45.));
#1523 = DIRECTION('',(0.,0.,1.));
#1524 = DIRECTION('',(1.,0.,-0.));
#1525 = ORIENTED_EDGE('',*,*,#1526,.F.);
#1526 = EDGE_CURVE('',#1527,#1518,#1529,.T.);
#1527 = VERTEX_POINT('',#1528);
#1528 = CARTESIAN_POINT('',(-40.03112371258,-58.20964536009,
    52.97387717864));
#1529 = B_SPLINE_CURVE_WITH_KNOTS('',8,(#1530,#1531,#1532,#1533,#1534,
    #1535,#1536,#1537,#1538,#1539,#1540,#1541,#1542,#1543,#1544,#1545,
    #1546,#1547,#1548,#1549,#1550,#1551,#1552,#1553,#1554,#1555,#1556,
    #1557,#1558,#1559,#1560,#1561,#1562,#1563,#1564,#1565,#1566,#1567,
    #1568,#1569,#1570,#1571,#1572,#1573,#1574,#1575,#1576,#1577,#1578,
    #1579,#1580,#1581,#1582,#1583,#1584,#1585,#1586,#1587,#1588,#1589,
    #1590,#1591,#1592,#1593,#1594,#1595,#1596,#1597,#1598,#1599,#1600,
    #1601,#1602,#1603,#1604,#1605,#1606,#1607,#1608),.UNSPECIFIED.,.F.,
  .F.,(9,7,7,7,7,7,7,7,7,7,7,9),(0.,2.958550655024E-02,
    5.811163681805E-02,0.107608388067,0.221635307734,0.334457174805,
    0.444601065778,0.553062152463,0.662398323601,0.773590603049,
    0.88682055978,1.),.UNSPECIFIED.);
#1530 = CARTESIAN_POINT('',(-40.03112371258,-58.20964536009,
    52.97387717864));
#1531 = CARTESIAN_POINT('',(-40.06594763493,-58.18496550782,
    52.973925988535));
#1532 = CARTESIAN_POINT('',(-40.10218755808,-58.16334137149,
    52.973703387531));
#1533 = CARTESIAN_POINT('',(-40.13985649577,-58.14482065141,
    52.973206721033));
#1534 = CARTESIAN_POINT('',(-40.17892471124,-58.12934875115,
    52.972434262404));
#1535 = CARTESIAN_POINT('',(-40.21931506875,-58.11675786387,
    52.971385264794));
#1536 = CARTESIAN_POINT('',(-40.26092186482,-58.10681148717,
    52.970059604171));
#1537 = CARTESIAN_POINT('',(-40.3036336005,-58.0992582111,
    52.968457354547));
#1538 = CARTESIAN_POINT('',(-40.38948169944,-58.08863273832,
    52.964767189896));
#1539 = CARTESIAN_POINT('',(-40.43254862156,-58.0854100254,
    52.96269870004));
#1540 = CARTESIAN_POINT('',(-40.47644295064,-58.0839561915,
    52.960373229234));
#1541 = CARTESIAN_POINT('',(-40.52106985281,-58.0840536214,
    52.957790816076));
#1542 = CARTESIAN_POINT('',(-40.56634343193,-58.08550522774,
    52.954951363786));
#1543 = CARTESIAN_POINT('',(-40.61218948558,-58.08814102434,
    52.951854580877));
#1544 = CARTESIAN_POINT('',(-40.6585452173,-58.09181742275,
    52.948499973966));
#1545 = CARTESIAN_POINT('',(-40.78657887346,-58.10437670681,
    52.938617700985));
#1546 = CARTESIAN_POINT('',(-40.86917058881,-58.11510091499,
    52.931570417286));
#1547 = CARTESIAN_POINT('',(-40.95284644706,-58.12793215373,
    52.92374168826));
#1548 = CARTESIAN_POINT('',(-41.03740242363,-58.14241474119,
    52.915126885434));
#1549 = CARTESIAN_POINT('',(-41.12268851825,-58.15822297969,
    52.905720633891));
#1550 = CARTESIAN_POINT('',(-41.20858939882,-58.17511444894,
    52.89551718218));
#1551 = CARTESIAN_POINT('',(-41.29501224459,-58.19290064951,
    52.884510613533));
#1552 = CARTESIAN_POINT('',(-41.58200535714,-58.25413304164,
    52.845474736052));
#1553 = CARTESIAN_POINT('',(-41.78449480633,-58.3007996178,
    52.813960919093));
#1554 = CARTESIAN_POINT('',(-41.9884217675,-58.3496385619,52.77808107008
    ));
#1555 = CARTESIAN_POINT('',(-42.19330333285,-58.3999561813,
    52.737763781576));
#1556 = CARTESIAN_POINT('',(-42.39870666388,-58.45120228478,
    52.692947487205));
#1557 = CARTESIAN_POINT('',(-42.60428532018,-58.50305547364,
    52.643580864127));
#1558 = CARTESIAN_POINT('',(-42.80970589617,-58.55524252602,
    52.58962534991));
#1559 = CARTESIAN_POINT('',(-43.21744451371,-58.65932318744,
    52.473105205813));
#1560 = CARTESIAN_POINT('',(-43.41977124688,-58.71121315036,
    52.410637834921));
#1561 = CARTESIAN_POINT('',(-43.62133650523,-58.76302983995,
    52.343629645913));
#1562 = CARTESIAN_POINT('',(-43.82185256218,-58.81462176416,
    52.272069847719));
#1563 = CARTESIAN_POINT('',(-44.02103913051,-58.86586538373,
    52.195961998493));
#1564 = CARTESIAN_POINT('',(-44.21861981571,-58.91665247977,
    52.115324795329));
#1565 = CARTESIAN_POINT('',(-44.41432173827,-58.9668847951,
    52.030192546968));
#1566 = CARTESIAN_POINT('',(-44.79684059006,-59.06488999228,
    51.853164345699));
#1567 = CARTESIAN_POINT('',(-44.98375799941,-59.11269257385,
    51.761476970484));
#1568 = CARTESIAN_POINT('',(-45.16838230838,-59.15980289964,
    51.665599594315));
#1569 = CARTESIAN_POINT('',(-45.35046958143,-59.20614759752,
    51.565593313477));
#1570 = CARTESIAN_POINT('',(-45.52978161614,-59.25165991813,
    51.461533628234));
#1571 = CARTESIAN_POINT('',(-45.70608736736,-59.29627893523,
    51.35351014095));
#1572 = CARTESIAN_POINT('',(-45.87916437139,-59.33994874599,
    51.241626254219));
#1573 = CARTESIAN_POINT('',(-46.21584423319,-59.42463469086,
    51.012138066159));
#1574 = CARTESIAN_POINT('',(-46.37955154673,-59.4656812865,
    50.894647243021));
#1575 = CARTESIAN_POINT('',(-46.5397192253,-59.50570850223,
    50.773637670433));
#1576 = CARTESIAN_POINT('',(-46.69615418967,-59.54467183046,
    50.649233222345));
#1577 = CARTESIAN_POINT('',(-46.84867442807,-59.58253114778,
    50.521569335091));
#1578 = CARTESIAN_POINT('',(-46.9971102574,-59.61925065074,
    50.390791966701));
#1579 = CARTESIAN_POINT('',(-47.1413055845,-59.65479879159,
    50.257056556197));
#1580 = CARTESIAN_POINT('',(-47.42206079249,-59.72377477403,
    49.98289586332));
#1581 = CARTESIAN_POINT('',(-47.55854976289,-59.75718322363,
    49.842425231457));
#1582 = CARTESIAN_POINT('',(-47.69044100102,-59.78934553416,
    49.699282762505));
#1583 = CARTESIAN_POINT('',(-47.81760497383,-59.82023810079,
    49.553644634383));
#1584 = CARTESIAN_POINT('',(-47.93992819405,-59.84984165197,
    49.405693980225));
#1585 = CARTESIAN_POINT('',(-48.05731372143,-59.87814115886,
    49.255619340859));
#1586 = CARTESIAN_POINT('',(-48.16968166402,-59.90512574475,
    49.103613117287));
#1587 = CARTESIAN_POINT('',(-48.38607903328,-59.95688710091,
    48.79351696173));
#1588 = CARTESIAN_POINT('',(-48.48993456968,-59.98161862672,
    48.635367447041));
#1589 = CARTESIAN_POINT('',(-48.58847022598,-60.00497594312,
    48.475626309125));
#1590 = CARTESIAN_POINT('',(-48.68163876353,-60.02695618257,
    48.314500564427));
#1591 = CARTESIAN_POINT('',(-48.7694112481,-60.04756060366,
    48.152197792097));
#1592 = CARTESIAN_POINT('',(-48.85177653009,-60.06679435601,
    47.988924510265));
#1593 = CARTESIAN_POINT('',(-48.92874072493,-60.08466624512,
    47.824884552317));
#1594 = CARTESIAN_POINT('',(-49.07322452539,-60.11801353125,
    47.492653792163));
#1595 = CARTESIAN_POINT('',(-49.14054520563,-60.13343901047,
    47.324441912884));
#1596 = CARTESIAN_POINT('',(-49.20231250194,-60.14747780668,
    47.155852763563));
#1597 = CARTESIAN_POINT('',(-49.25856807092,-60.1601464508,
    46.987092440047));
#1598 = CARTESIAN_POINT('',(-49.30937006242,-60.17146478465,
    46.818360997818));
#1599 = CARTESIAN_POINT('',(-49.35479172406,-60.18145561272,
    46.649851274015));
#1600 = CARTESIAN_POINT('',(-49.39492000571,-60.19014435399,
    46.481747709439));
#1601 = CARTESIAN_POINT('',(-49.46477273679,-60.20496972552,
    46.146777370355));
#1602 = CARTESIAN_POINT('',(-49.49450178971,-60.21110748871,
    45.97991003543));
#1603 = CARTESIAN_POINT('',(-49.51914034285,-60.21599963662,
    45.813798143498));
#1604 = CARTESIAN_POINT('',(-49.53879952167,-60.21967605825,
    45.64860706367));
#1605 = CARTESIAN_POINT('',(-49.55360093958,-60.22216853913,
    45.484492164559));
#1606 = CARTESIAN_POINT('',(-49.56367508049,-60.22351042242,
    45.321598422365));
#1607 = CARTESIAN_POINT('',(-49.56915968131,-60.22373626982,
    45.160060028965));
#1608 = CARTESIAN_POINT('',(-49.57019811452,-60.22288152261,45.));
#1609 = ORIENTED_EDGE('',*,*,#1610,.F.);
#1610 = EDGE_CURVE('',#1611,#1527,#1613,.T.);
#1611 = VERTEX_POINT('',#1612);
#1612 = CARTESIAN_POINT('',(-20.55113593407,-67.5907130489,
    52.97387717864));
#1613 = B_SPLINE_CURVE_WITH_KNOTS('',5,(#1614,#1615,#1616,#1617,#1618,
    #1619,#1620,#1621,#1622,#1623,#1624,#1625,#1626,#1627,#1628,#1629,
    #1630,#1631,#1632,#1633,#1634,#1635,#1636,#1637,#1638,#1639,#1640,
    #1641,#1642,#1643,#1644,#1645,#1646,#1647),.UNSPECIFIED.,.F.,.F.,(6,
    4,4,4,4,4,4,4,6),(0.,0.125726710387,0.250635113424,0.375260106851,
    0.49968784995,0.62168440666,0.743832668039,0.866288894673,1.),
  .UNSPECIFIED.);
#1614 = CARTESIAN_POINT('',(-20.47567095429,-67.61244883244,
    52.973967314005));
#1615 = CARTESIAN_POINT('',(-21.00823667683,-67.45941414667,
    52.973329011817));
#1616 = CARTESIAN_POINT('',(-21.53839758753,-67.30076571068,
    52.972732498827));
#1617 = CARTESIAN_POINT('',(-22.0661570339,-67.13657917048,
    52.972177298275));
#1618 = CARTESIAN_POINT('',(-22.59151519689,-66.96691725434,
    52.971663022524));
#1619 = CARTESIAN_POINT('',(-23.6340192769,-66.61788186918,
    52.970718806411));
#1620 = CARTESIAN_POINT('',(-24.15119640226,-66.43857924362,
    52.970288336128));
#1621 = CARTESIAN_POINT('',(-24.66599762082,-66.25397126359,
    52.969897666026));
#1622 = CARTESIAN_POINT('',(-25.17841769973,-66.06409880766,
    52.969546559395));
#1623 = CARTESIAN_POINT('',(-26.19732310895,-65.67433240376,
    52.96892382588));
#1624 = CARTESIAN_POINT('',(-26.70381924064,-65.47446237919,
    52.968652019266));
#1625 = CARTESIAN_POINT('',(-27.2079298852,-65.26941658132,
    52.968419241656));
#1626 = CARTESIAN_POINT('',(-27.70964526044,-65.05922086778,
    52.968225362554));
#1627 = CARTESIAN_POINT('',(-28.70747112174,-64.62890906891,
    52.967915479805));
#1628 = CARTESIAN_POINT('',(-29.20358917286,-64.40880931153,
    52.967799352916));
#1629 = CARTESIAN_POINT('',(-29.69729553799,-64.18361464431,
    52.967721833879));
#1630 = CARTESIAN_POINT('',(-30.188575836,-63.95333878225,
    52.967682880797));
#1631 = CARTESIAN_POINT('',(-31.15669930077,-63.4872392942,
    52.967682114354));
#1632 = CARTESIAN_POINT('',(-31.63363693027,-63.25161201179,
    52.967718808627));
#1633 = CARTESIAN_POINT('',(-32.108210325,-63.0111156508,52.967792576128
    ));
#1634 = CARTESIAN_POINT('',(-32.58040100854,-62.76575290035,
    52.96790345517));
#1635 = CARTESIAN_POINT('',(-33.52055886458,-62.2649788206,
    52.968199774689));
#1636 = CARTESIAN_POINT('',(-33.98851995737,-62.00955535504,
    52.968385308126));
#1637 = CARTESIAN_POINT('',(-34.45404996771,-61.74924880858,
    52.968608199859));
#1638 = CARTESIAN_POINT('',(-34.91712435856,-61.4840515823,
    52.968868569698));
#1639 = CARTESIAN_POINT('',(-35.83946732089,-60.94316886221,
    52.96946534284));
#1640 = CARTESIAN_POINT('',(-36.29872319505,-60.66745851623,
    52.96980193724));
#1641 = CARTESIAN_POINT('',(-36.75545482723,-60.38680676648,
    52.970176526698));
#1642 = CARTESIAN_POINT('',(-37.20962955086,-60.10119418274,
    52.970589328198));
#1643 = CARTESIAN_POINT('',(-38.15429501691,-59.49328663721,
    52.971533374694));
#1644 = CARTESIAN_POINT('',(-38.64428679294,-59.17003286558,
    52.972072019357));
#1645 = CARTESIAN_POINT('',(-39.13113646411,-58.84079892872,
    52.972656905464));
#1646 = CARTESIAN_POINT('',(-39.61478694757,-58.50554057613,
    52.973288475726));
#1647 = CARTESIAN_POINT('',(-40.09516907774,-58.16419650245,
    52.973967314005));
#1648 = ORIENTED_EDGE('',*,*,#1649,.F.);
#1649 = EDGE_CURVE('',#1650,#1611,#1652,.T.);
#1650 = VERTEX_POINT('',#1651);
#1651 = CARTESIAN_POINT('',(-16.17763173879,-76.30389394601,45.));
#1652 = B_SPLINE_CURVE_WITH_KNOTS('',8,(#1653,#1654,#1655,#1656,#1657,
    #1658,#1659,#1660,#1661,#1662,#1663,#1664,#1665,#1666,#1667,#1668,
    #1669,#1670,#1671,#1672,#1673,#1674,#1675,#1676,#1677,#1678,#1679,
    #1680,#1681,#1682,#1683,#1684,#1685,#1686,#1687,#1688,#1689,#1690,
    #1691,#1692,#1693,#1694,#1695,#1696,#1697,#1698,#1699,#1700,#1701,
    #1702,#1703,#1704,#1705,#1706,#1707,#1708,#1709,#1710),
  .UNSPECIFIED.,.F.,.F.,(9,7,7,7,7,7,7,7,9),(0.,0.202955060294,
    0.401649457113,0.596447807085,0.79677239669,0.85869580555,
    0.921060854278,0.963383855955,1.),.UNSPECIFIED.);
#1653 = CARTESIAN_POINT('',(-16.17763173879,-76.30389394601,45.));
#1654 = CARTESIAN_POINT('',(-16.1799911052,-76.30339372303,
    45.287021574606));
#1655 = CARTESIAN_POINT('',(-16.18854798224,-76.28954896002,
    45.578797578922));
#1656 = CARTESIAN_POINT('',(-16.20365775772,-76.26158623433,
    45.874617166636));
#1657 = CARTESIAN_POINT('',(-16.2256473241,-76.21878251347,
    46.173657631433));
#1658 = CARTESIAN_POINT('',(-16.25480007176,-76.16049380853,
    46.474984410623));
#1659 = CARTESIAN_POINT('',(-16.29134208261,-76.08618271301,
    46.777559748648));
#1660 = CARTESIAN_POINT('',(-16.33542952398,-75.99544482677,
    47.080260020497));
#1661 = CARTESIAN_POINT('',(-16.43775945453,-75.78287819272,
    47.677211003964));
#1662 = CARTESIAN_POINT('',(-16.49568565581,-75.6617415411,
    47.971506649596));
#1663 = CARTESIAN_POINT('',(-16.56098623303,-75.52439294742,
    48.263678154242));
#1664 = CARTESIAN_POINT('',(-16.63365851058,-75.37074372879,
    48.552559991758));
#1665 = CARTESIAN_POINT('',(-16.71361751532,-75.20086863491,
    48.836957859709));
#1666 = CARTESIAN_POINT('',(-16.80069241181,-75.01501753521,
    49.115677614761));
#1667 = CARTESIAN_POINT('',(-16.89462860862,-74.81361784046,
    49.387556891278));
#1668 = CARTESIAN_POINT('',(-17.0935924832,-74.38515972326,
    49.910266467595));
#1669 = CARTESIAN_POINT('',(-17.19836696355,-74.15868119925,
    50.161405729198));
#1670 = CARTESIAN_POINT('',(-17.30910780034,-73.91839416302,
    50.403884119513));
#1671 = CARTESIAN_POINT('',(-17.42543443098,-73.6650189267,
    50.636728120495));
#1672 = CARTESIAN_POINT('',(-17.54690497397,-73.39942220566,
    50.859053744215));
#1673 = CARTESIAN_POINT('',(-17.67302923301,-73.12260178273,
    51.07008953131));
#1674 = CARTESIAN_POINT('',(-17.80328663792,-72.83566766962,
    51.269192568114));
#1675 = CARTESIAN_POINT('',(-18.07480915495,-72.23557894404,
    51.647817979969));
#1676 = CARTESIAN_POINT('',(-18.21628216467,-71.92191163898,
    51.826624829101));
#1677 = CARTESIAN_POINT('',(-18.36099249094,-71.60012030234,
    51.991728455339));
#1678 = CARTESIAN_POINT('',(-18.50836492721,-71.27162607755,
    52.14273209541));
#1679 = CARTESIAN_POINT('',(-18.65782227786,-70.93789822877,
    52.279400569766));
#1680 = CARTESIAN_POINT('',(-18.80888714044,-70.60056770731,
    52.40165679322));
#1681 = CARTESIAN_POINT('',(-18.96112229299,-70.26125985713,
    52.509570325276));
#1682 = CARTESIAN_POINT('',(-19.16193569473,-69.81745570463,
    52.632318272525));
#1683 = CARTESIAN_POINT('',(-19.20946384074,-69.71269088537,
    52.659950143901));
#1684 = CARTESIAN_POINT('',(-19.25710259197,-69.6080216105,
    52.686235693148));
#1685 = CARTESIAN_POINT('',(-19.30485617351,-69.50352208586,
    52.711181743101));
#1686 = CARTESIAN_POINT('',(-19.35273372545,-69.39927418083,
    52.734796176185));
#1687 = CARTESIAN_POINT('',(-19.40075156312,-69.29537139197,
    52.75708785059));
#1688 = CARTESIAN_POINT('',(-19.44893740702,-69.19192637414,
    52.778066483428));
#1689 = CARTESIAN_POINT('',(-19.54608094273,-68.98550421457,
    52.817558848295));
#1690 = CARTESIAN_POINT('',(-19.59504148738,-68.88253616907,
    52.836053844348));
#1691 = CARTESIAN_POINT('',(-19.64426532764,-68.7803245066,
    52.853238238318));
#1692 = CARTESIAN_POINT('',(-19.69381735723,-68.67904703615,
    52.869123411996));
#1693 = CARTESIAN_POINT('',(-19.74379169988,-68.57893338806,
    52.883721179012));
#1694 = CARTESIAN_POINT('',(-19.79432182426,-68.48028320328,
    52.897043617817));
#1695 = CARTESIAN_POINT('',(-19.8456098308,-68.38351899673,
    52.909102600004));
#1696 = CARTESIAN_POINT('',(-19.93354601895,-68.22537796982,
    52.927242038995));
#1697 = CARTESIAN_POINT('',(-19.96960163316,-68.16262371526,
    52.933998252322));
#1698 = CARTESIAN_POINT('',(-20.00626814848,-68.10125505558,
    52.940180765933));
#1699 = CARTESIAN_POINT('',(-20.04368322811,-68.04153847758,
    52.945792526784));
#1700 = CARTESIAN_POINT('',(-20.08201825063,-67.98380338124,
    52.950836015795));
#1701 = CARTESIAN_POINT('',(-20.12150194663,-67.92848499232,
    52.95531295484));
#1702 = CARTESIAN_POINT('',(-20.16243552957,-67.87615181109,
    52.959224106288));
#1703 = CARTESIAN_POINT('',(-20.2421404908,-67.78533880061,
    52.965463962931));
#1704 = CARTESIAN_POINT('',(-20.28045927678,-67.74594102996,
    52.967934984056));
#1705 = CARTESIAN_POINT('',(-20.3203520978,-67.70970066181,
    52.969982557851));
#1706 = CARTESIAN_POINT('',(-20.36206157442,-67.67708085254,
    52.971606424997));
#1707 = CARTESIAN_POINT('',(-20.40585317267,-67.64858919935,
    52.972806135406));
#1708 = CARTESIAN_POINT('',(-20.45193579857,-67.62463149279,
    52.973582255865));
#1709 = CARTESIAN_POINT('',(-20.50038228773,-67.60536542548,
    52.973937588547));
#1710 = CARTESIAN_POINT('',(-20.55113593407,-67.5907130489,
    52.97387717864));
#1711 = ORIENTED_EDGE('',*,*,#1712,.T.);
#1712 = EDGE_CURVE('',#1650,#1713,#1715,.T.);
#1713 = VERTEX_POINT('',#1714);
#1714 = CARTESIAN_POINT('',(16.177631738793,-76.30389394601,45.));
#1715 = CIRCLE('',#1716,78.);
#1716 = AXIS2_PLACEMENT_3D('',#1717,#1718,#1719);
#1717 = CARTESIAN_POINT('',(0.,0.,45.));
#1718 = DIRECTION('',(0.,0.,1.));
#1719 = DIRECTION('',(1.,0.,-0.));
#1720 = ORIENTED_EDGE('',*,*,#1721,.F.);
#1721 = EDGE_CURVE('',#1722,#1713,#1724,.T.);
#1722 = VERTEX_POINT('',#1723);
#1723 = CARTESIAN_POINT('',(20.551135934077,-67.5907130489,
    52.97387717864));
#1724 = B_SPLINE_CURVE_WITH_KNOTS('',8,(#1725,#1726,#1727,#1728,#1729,
    #1730,#1731,#1732,#1733,#1734,#1735,#1736,#1737,#1738,#1739,#1740,
    #1741,#1742,#1743,#1744,#1745,#1746,#1747,#1748,#1749,#1750,#1751,
    #1752,#1753,#1754,#1755,#1756,#1757,#1758,#1759,#1760,#1761,#1762,
    #1763,#1764,#1765,#1766,#1767,#1768,#1769,#1770,#1771,#1772,#1773,
    #1774,#1775,#1776,#1777,#1778,#1779,#1780,#1781,#1782,#1783,#1784,
    #1785,#1786,#1787,#1788,#1789,#1790,#1791,#1792,#1793,#1794,#1795,
    #1796,#1797,#1798,#1799,#1800,#1801,#1802,#1803),.UNSPECIFIED.,.F.,
  .F.,(9,7,7,7,7,7,7,7,7,7,7,9),(0.,2.958550655074E-02,
    5.811163681914E-02,0.107608388069,0.221635307737,0.334457174807,
    0.44460106578,0.553062152465,0.662398323602,0.77359060305,
    0.88682055978,1.),.UNSPECIFIED.);
#1725 = CARTESIAN_POINT('',(20.551135934077,-67.5907130489,
    52.97387717864));
#1726 = CARTESIAN_POINT('',(20.510128088143,-67.60255185153,
    52.973925988535));
#1727 = CARTESIAN_POINT('',(20.470626435074,-67.6174029359,
    52.973703387532));
#1728 = CARTESIAN_POINT('',(20.432660154542,-67.6353062172,
    52.973206721032));
#1729 = CARTESIAN_POINT('',(20.39620510191,-67.65620440599,
    52.972434262404));
#1730 = CARTESIAN_POINT('',(20.361178173832,-67.67993256927,
    52.971385264794));
#1731 = CARTESIAN_POINT('',(20.327460370357,-67.70626060789,
    52.97005960417));
#1732 = CARTESIAN_POINT('',(20.294924649714,-67.7349445969,
    52.968457354547));
#1733 = CARTESIAN_POINT('',(20.233091906378,-67.79543846945,
    52.964767189896));
#1734 = CARTESIAN_POINT('',(20.203720501224,-67.82710021638,
    52.96269870004));
#1735 = CARTESIAN_POINT('',(20.175216181573,-67.86051173414,
    52.960373229234));
#1736 = CARTESIAN_POINT('',(20.147467936944,-67.89546319777,
    52.957790816076));
#1737 = CARTESIAN_POINT('',(20.120375233606,-67.931764569,
    52.954951363787));
#1738 = CARTESIAN_POINT('',(20.093851435456,-67.96925184939,
    52.951854580877));
#1739 = CARTESIAN_POINT('',(20.067823433494,-68.00778641676,
    52.948499973966));
#1740 = CARTESIAN_POINT('',(19.99781499826,-68.11571774549,
    52.938617700985));
#1741 = CARTESIAN_POINT('',(19.954704429599,-68.18697698317,
    52.931570417286));
#1742 = CARTESIAN_POINT('',(19.912565251726,-68.26039754997,
    52.92374168826));
#1743 = CARTESIAN_POINT('',(19.871168405468,-68.33553582008,
    52.915126885434));
#1744 = CARTESIAN_POINT('',(19.830352773776,-68.41207144936,
    52.905720633891));
#1745 = CARTESIAN_POINT('',(19.790000733211,-68.48976312097,
    52.89551718218));
#1746 = CARTESIAN_POINT('',(19.750022781792,-68.56842073727,
    52.884510613534));
#1747 = CARTESIAN_POINT('',(19.618958914826,-68.83097875995,
    52.845474736052));
#1748 = CARTESIAN_POINT('',(19.529194206686,-69.01838752053,
    52.813960919089));
#1749 = CARTESIAN_POINT('',(19.440231650143,-69.20827462245,
    52.77808107009));
#1750 = CARTESIAN_POINT('',(19.351829982529,-69.399830003,
    52.737763781564));
#1751 = CARTESIAN_POINT('',(19.263828917422,-69.59237221667,
    52.692947487215));
#1752 = CARTESIAN_POINT('',(19.176193177253,-69.78543001677,
    52.643580864124));
#1753 = CARTESIAN_POINT('',(19.088917023565,-69.97857238516,
    52.589625349912));
#1754 = CARTESIAN_POINT('',(18.916069691511,-70.36224850394,
    52.473105205813));
#1755 = CARTESIAN_POINT('',(18.830490243379,-70.55278677637,
    52.410637834921));
#1756 = CARTESIAN_POINT('',(18.745328279621,-70.74268401865,
    52.343629645914));
#1757 = CARTESIAN_POINT('',(18.66064475359,-70.93162082332,
    52.272069847719));
#1758 = CARTESIAN_POINT('',(18.576517834631,-71.11930102754,
    52.195961998494));
#1759 = CARTESIAN_POINT('',(18.493035242949,-71.305441064,
    52.115324795329));
#1760 = CARTESIAN_POINT('',(18.410290295592,-71.48976632457,
    52.030192546968));
#1761 = CARTESIAN_POINT('',(18.248417241077,-71.84993684651,
    51.8531643457));
#1762 = CARTESIAN_POINT('',(18.169249705777,-72.02587918387,
    51.761476970485));
#1763 = CARTESIAN_POINT('',(18.090970667811,-72.19959708874,
    51.665599594315));
#1764 = CARTESIAN_POINT('',(18.013674853864,-72.37085409787,
    51.565593313477));
#1765 = CARTESIAN_POINT('',(17.937458593969,-72.53942235955,
    51.461533628234));
#1766 = CARTESIAN_POINT('',(17.862418308355,-72.70508324852,
    51.35351014095));
#1767 = CARTESIAN_POINT('',(17.788648994291,-72.86762798082,
    51.241626254218));
#1768 = CARTESIAN_POINT('',(17.644942671791,-73.18365571928,
    51.012138066159));
#1769 = CARTESIAN_POINT('',(17.57496435203,-73.3372393847,
    50.894647243021));
#1770 = CARTESIAN_POINT('',(17.506395975271,-73.48742007908,
    50.773637670433));
#1771 = CARTESIAN_POINT('',(17.439323126998,-73.63401909698,
    50.649233222345));
#1772 = CARTESIAN_POINT('',(17.373827919964,-73.77686911934,
    50.521569335091));
#1773 = CARTESIAN_POINT('',(17.309988157583,-73.91581515946,
    50.390791966701));
#1774 = CARTESIAN_POINT('',(17.247876497323,-74.0507155091,
    50.257056556197));
#1775 = CARTESIAN_POINT('',(17.126756082924,-74.31322459119,
    49.98289586332));
#1776 = CARTESIAN_POINT('',(17.067776379492,-74.44076579289,
    49.842425231457));
#1777 = CARTESIAN_POINT('',(17.010689044486,-74.56393538774,
    49.699282762505));
#1778 = CARTESIAN_POINT('',(16.955556385441,-74.68261738536,
    49.553644634383));
#1779 = CARTESIAN_POINT('',(16.90243409341,-74.79671104223,
    49.405693980225));
#1780 = CARTESIAN_POINT('',(16.851370859623,-74.90613119706,
    49.255619340859));
#1781 = CARTESIAN_POINT('',(16.802407992154,-75.01080860631,
    49.103613117287));
#1782 = CARTESIAN_POINT('',(16.707955097095,-75.21226756002,
    48.79351696173));
#1783 = CARTESIAN_POINT('',(16.662538114768,-75.30888494214,
    48.635367447041));
#1784 = CARTESIAN_POINT('',(16.61936362326,-75.40048626895,
    48.475626309125));
#1785 = CARTESIAN_POINT('',(16.578458833429,-75.48703281992,
    48.314500564427));
#1786 = CARTESIAN_POINT('',(16.539842769507,-75.56850275807,
    48.152197792097));
#1787 = CARTESIAN_POINT('',(16.503526409272,-75.64489057704,
    47.988924510265));
#1788 = CARTESIAN_POINT('',(16.46951282423,-75.71620654819,
    47.824884552317));
#1789 = CARTESIAN_POINT('',(16.405500606265,-75.84996022491,
    47.492653792163));
#1790 = CARTESIAN_POINT('',(16.375586973969,-75.91221128113,
    47.324441912884));
#1791 = CARTESIAN_POINT('',(16.348051667483,-75.96925594424,
    47.155852763563));
#1792 = CARTESIAN_POINT('',(16.32288163874,-76.02113708954,
    46.987092440047));
#1793 = CARTESIAN_POINT('',(16.300056144856,-76.0679125516,
    46.818360997819));
#1794 = CARTESIAN_POINT('',(16.279547345965,-76.10965381607,
    46.649851274015));
#1795 = CARTESIAN_POINT('',(16.261320903056,-76.14644471157,
    46.481747709439));
#1796 = CARTESIAN_POINT('',(16.229359379802,-76.21030124383,
    46.146777370355));
#1797 = CARTESIAN_POINT('',(16.215622314978,-76.2373711861,
    45.97991003543));
#1798 = CARTESIAN_POINT('',(16.20408526362,-76.25968458696,
    45.813798143498));
#1799 = CARTESIAN_POINT('',(16.194702308279,-76.27734696327,
    45.64860706367));
#1800 = CARTESIAN_POINT('',(16.187422475182,-76.29047321419,
    45.484492164559));
#1801 = CARTESIAN_POINT('',(16.182190477665,-76.29918614526,
    45.321598422365));
#1802 = CARTESIAN_POINT('',(16.178947459594,-76.3036149924,
    45.160060028965));
#1803 = CARTESIAN_POINT('',(16.177631738793,-76.30389394601,45.));
#1804 = ORIENTED_EDGE('',*,*,#1805,.F.);
#1805 = EDGE_CURVE('',#424,#1722,#1806,.T.);
#1806 = B_SPLINE_CURVE_WITH_KNOTS('',5,(#1807,#1808,#1809,#1810,#1811,
    #1812,#1813,#1814,#1815,#1816,#1817,#1818,#1819,#1820,#1821,#1822,
    #1823,#1824,#1825,#1826,#1827,#1828,#1829,#1830,#1831,#1832,#1833,
    #1834,#1835,#1836,#1837,#1838,#1839,#1840),.UNSPECIFIED.,.F.,.F.,(6,
    4,4,4,4,4,4,4,6),(0.,0.124082905036,0.247797775406,0.371191805936,
    0.494386485864,0.617616256264,0.740955681789,0.864645388834,1.),
  .UNSPECIFIED.);
#1807 = CARTESIAN_POINT('',(40.095169077746,-58.16419650245,
    52.973967314005));
#1808 = CARTESIAN_POINT('',(39.649378121767,-58.48096120164,
    52.973337357254));
#1809 = CARTESIAN_POINT('',(39.200772593998,-58.79248538706,
    52.97274810418));
#1810 = CARTESIAN_POINT('',(38.74940735954,-59.09881693627,
    52.97219909628));
#1811 = CARTESIAN_POINT('',(38.295329551862,-59.39999370846,
    52.971689959852));
#1812 = CARTESIAN_POINT('',(37.383182334692,-59.99121528549,
    52.970752244854));
#1813 = CARTESIAN_POINT('',(36.925129084406,-60.28129073518,
    52.970323429151));
#1814 = CARTESIAN_POINT('',(36.464458210094,-60.56629785341,
    52.969933669294));
#1815 = CARTESIAN_POINT('',(36.001204112809,-60.84625767775,
    52.969582733224));
#1816 = CARTESIAN_POINT('',(35.070796317744,-61.39539797966,
    52.968958969505));
#1817 = CARTESIAN_POINT('',(34.603656020963,-61.6646046355,
    52.968685940482));
#1818 = CARTESIAN_POINT('',(34.134004643796,-61.92881845694,
    52.968451184784));
#1819 = CARTESIAN_POINT('',(33.661867928535,-62.1880479833,
    52.968254573212));
#1820 = CARTESIAN_POINT('',(32.71343488088,-62.69613351789,
    52.967937726829));
#1821 = CARTESIAN_POINT('',(32.237146605804,-62.94500563324,
    52.967817368676));
#1822 = CARTESIAN_POINT('',(31.758425326396,-63.18891546539,
    52.967734863288));
#1823 = CARTESIAN_POINT('',(31.277290363989,-63.42786079736,
    52.967690166927));
#1824 = CARTESIAN_POINT('',(30.310088391436,-63.89587425344,
    52.96767638374));
#1825 = CARTESIAN_POINT('',(29.824020085841,-64.12493951388,
    52.967707318435));
#1826 = CARTESIAN_POINT('',(29.335569902388,-64.3490226336,
    52.967776076499));
#1827 = CARTESIAN_POINT('',(28.844752059901,-64.5681108636,
    52.967882694349));
#1828 = CARTESIAN_POINT('',(27.857965930312,-64.99645174315,
    52.968171931735));
#1829 = CARTESIAN_POINT('',(27.361993496838,-65.20569537615,
    52.968354619233));
#1830 = CARTESIAN_POINT('',(26.86367304005,-65.4098988683,
    52.968575387411));
#1831 = CARTESIAN_POINT('',(26.363014316099,-65.60903793998,
    52.968834357104));
#1832 = CARTESIAN_POINT('',(25.355607034872,-65.99767738047,
    52.969429874921));
#1833 = CARTESIAN_POINT('',(24.848845247402,-66.18714858025,
    52.969766642365));
#1834 = CARTESIAN_POINT('',(24.33974724374,-66.3714651855,
    52.970142161695));
#1835 = CARTESIAN_POINT('',(23.828318441247,-66.55058868297,
    52.970556654479));
#1836 = CARTESIAN_POINT('',(22.752354285538,-66.91475508345,
    52.971506933667));
#1837 = CARTESIAN_POINT('',(22.187359304394,-67.0987629525,
    52.972050473212));
#1838 = CARTESIAN_POINT('',(21.61958070291,-67.27643449248,
    52.972641386748));
#1839 = CARTESIAN_POINT('',(21.049019582061,-67.44769503134,
    52.973280131808));
#1840 = CARTESIAN_POINT('',(20.475670954298,-67.61244883244,
    52.973967314005));
#1841 = ORIENTED_EDGE('',*,*,#423,.F.);
#1842 = ORIENTED_EDGE('',*,*,#52,.T.);
#1843 = ORIENTED_EDGE('',*,*,#1844,.F.);
#1844 = EDGE_CURVE('',#1845,#43,#1847,.T.);
#1845 = VERTEX_POINT('',#1846);
#1846 = CARTESIAN_POINT('',(65.657971055602,-26.0745952126,
    52.97387717864));
#1847 = B_SPLINE_CURVE_WITH_KNOTS('',8,(#1848,#1849,#1850,#1851,#1852,
    #1853,#1854,#1855,#1856,#1857,#1858,#1859,#1860,#1861,#1862,#1863,
    #1864,#1865,#1866,#1867,#1868,#1869,#1870,#1871,#1872,#1873,#1874,
    #1875,#1876,#1877,#1878,#1879,#1880,#1881,#1882,#1883,#1884,#1885,
    #1886,#1887,#1888,#1889,#1890,#1891,#1892,#1893,#1894,#1895,#1896,
    #1897,#1898,#1899,#1900,#1901,#1902,#1903,#1904,#1905,#1906,#1907,
    #1908,#1909,#1910,#1911,#1912,#1913,#1914,#1915,#1916,#1917,#1918,
    #1919,#1920,#1921,#1922,#1923,#1924,#1925,#1926),.UNSPECIFIED.,.F.,
  .F.,(9,7,7,7,7,7,7,7,7,7,7,9),(0.,2.958550655037E-02,
    5.811163681842E-02,0.107608388067,0.221635307735,0.334457174806,
    0.444601065779,0.553062152464,0.662398323602,0.773590603049,
    0.88682055978,1.),.UNSPECIFIED.);
#1848 = CARTESIAN_POINT('',(65.657971055602,-26.0745952126,
    52.97387717864));
#1849 = CARTESIAN_POINT('',(65.641659030481,-26.11403781029,
    52.973925988535));
#1850 = CARTESIAN_POINT('',(65.628641197944,-26.15418094592,
    52.973703387532));
#1851 = CARTESIAN_POINT('',(65.618966958179,-26.19502669262,
    52.973206721032));
#1852 = CARTESIAN_POINT('',(65.61257646656,-26.23655820806,
    52.972434262404));
#1853 = CARTESIAN_POINT('',(65.609288959184,-26.27873763098,
    52.971385264794));
#1854 = CARTESIAN_POINT('',(65.608850342039,-26.32151453484,
    52.97005960417));
#1855 = CARTESIAN_POINT('',(65.610990697677,-26.36483616017,
    52.968457354547));
#1856 = CARTESIAN_POINT('',(65.61973462684,-26.45089625817,
    52.964767189896));
#1857 = CARTESIAN_POINT('',(65.626176005801,-26.49360052372,
    52.96269870004));
#1858 = CARTESIAN_POINT('',(65.634526029655,-26.5367178388,
    52.960373229234));
#1859 = CARTESIAN_POINT('',(65.64455143673,-26.58020417116,
    52.957790816076));
#1860 = CARTESIAN_POINT('',(65.656040967382,-26.62401963434,
    52.954951363787));
#1861 = CARTESIAN_POINT('',(65.668812385727,-26.66812971179,
    52.951854580877));
#1862 = CARTESIAN_POINT('',(65.682711729874,-26.71250513292,
    52.948499973966));
#1863 = CARTESIAN_POINT('',(65.723446295209,-26.83453401439,
    52.938617700985));
#1864 = CARTESIAN_POINT('',(65.752280010731,-26.91266862218,
    52.931570417286));
#1865 = CARTESIAN_POINT('',(65.783409173655,-26.99139133273,
    52.92374168826));
#1866 = CARTESIAN_POINT('',(65.816344127288,-27.07060463555,
    52.915126885434));
#1867 = CARTESIAN_POINT('',(65.850733961672,-27.15023476572,
    52.905720633891));
#1868 = CARTESIAN_POINT('',(65.886316670692,-27.23022322636,
    52.89551718218));
#1869 = CARTESIAN_POINT('',(65.922887826439,-27.31052146898,
    52.884510613534));
#1870 = CARTESIAN_POINT('',(66.046446970103,-27.57669357593,
    52.845474736052));
#1871 = CARTESIAN_POINT('',(66.137001659115,-27.76372190176,
    52.813960919088));
#1872 = CARTESIAN_POINT('',(66.229994126771,-27.95166830079,
    52.778081070095));
#1873 = CARTESIAN_POINT('',(66.324640615687,-28.14021633389,
    52.737763781556));
#1874 = CARTESIAN_POINT('',(66.420308413402,-28.32906644374,
    52.69294748722));
#1875 = CARTESIAN_POINT('',(66.516607089174,-28.51795239391,
    52.643580864123));
#1876 = CARTESIAN_POINT('',(66.613196081613,-28.70660993554,
    52.589625349911));
#1877 = CARTESIAN_POINT('',(66.805397601529,-29.08096556867,
    52.473105205813));
#1878 = CARTESIAN_POINT('',(66.901008508372,-29.2666729452,
    52.410637834921));
#1879 = CARTESIAN_POINT('',(66.996378534913,-29.45165424354,
    52.343629645914));
#1880 = CARTESIAN_POINT('',(67.091295962133,-29.63566266114,
    52.272069847719));
#1881 = CARTESIAN_POINT('',(67.185577978393,-29.81845242825,
    52.195961998494));
#1882 = CARTESIAN_POINT('',(67.279057574502,-29.99977816111,
    52.11532479533));
#1883 = CARTESIAN_POINT('',(67.371578235397,-30.17939568616,
    52.030192546968));
#1884 = CARTESIAN_POINT('',(67.552244689817,-30.5305157837,51.8531643457
    ));
#1885 = CARTESIAN_POINT('',(67.64044179737,-30.70210970825,
    51.761476970485));
#1886 = CARTESIAN_POINT('',(67.727453742596,-30.87162206664,
    51.665599594315));
#1887 = CARTESIAN_POINT('',(67.813154712199,-31.03883136613,
    51.565593313477));
#1888 = CARTESIAN_POINT('',(67.897426625345,-31.20352022967,
    51.461533628234));
#1889 = CARTESIAN_POINT('',(67.980158670949,-31.36547696226,
    51.35351014095));
#1890 = CARTESIAN_POINT('',(68.061246844964,-31.52449711737,
    51.241626254219));
#1891 = CARTESIAN_POINT('',(68.218727853681,-31.83389131656,
    51.012138066159));
#1892 = CARTESIAN_POINT('',(68.295173629774,-31.98436041916,
    50.894647243021));
#1893 = CARTESIAN_POINT('',(68.369837941064,-32.1316054662,
    50.773637670434));
#1894 = CARTESIAN_POINT('',(68.442634431681,-32.27544812322,
    50.649233222345));
#1895 = CARTESIAN_POINT('',(68.513483482769,-32.41571987016,
    50.521569335091));
#1896 = CARTESIAN_POINT('',(68.582312430505,-32.55226324525,
    50.390791966701));
#1897 = CARTESIAN_POINT('',(68.6490557841,-32.68493308894,
    50.257056556197));
#1898 = CARTESIAN_POINT('',(68.77877630574,-32.94330057766,
    49.98289586332));
#1899 = CARTESIAN_POINT('',(68.841718788932,-33.06893340521,
    49.842425231457));
#1900 = CARTESIAN_POINT('',(68.902423284676,-33.19036106725,
    49.699282762505));
#1901 = CARTESIAN_POINT('',(68.960837956159,-33.30746253099,
    49.553644634383));
#1902 = CARTESIAN_POINT('',(69.016918761713,-33.42013144283,
    49.405693980225));
#1903 = CARTESIAN_POINT('',(69.070629478064,-33.52827663726,
    49.255619340859));
#1904 = CARTESIAN_POINT('',(69.121941723578,-33.63182264567,
    49.103613117287));
#1905 = CARTESIAN_POINT('',(69.220558259185,-33.83127649577,
    48.79351696173));
#1906 = CARTESIAN_POINT('',(69.26777974497,-33.92702487483,
    48.635367447041));
#1907 = CARTESIAN_POINT('',(69.312477690949,-34.01789254463,
    48.475626309125));
#1908 = CARTESIAN_POINT('',(69.354638789894,-34.10383408902,
    48.314500564427));
#1909 = CARTESIAN_POINT('',(69.394257830373,-34.18482101912,
    48.152197792098));
#1910 = CARTESIAN_POINT('',(69.431337351871,-34.26084131899,
    47.988924510265));
#1911 = CARTESIAN_POINT('',(69.465887299916,-34.33189899133,
    47.824884552317));
#1912 = CARTESIAN_POINT('',(69.530549170181,-34.465339812,
    47.492653792163));
#1913 = CARTESIAN_POINT('',(69.560568161073,-34.52754013018,
    47.324441912884));
#1914 = CARTESIAN_POINT('',(69.587999491814,-34.58463486537,
    47.155852763563));
#1915 = CARTESIAN_POINT('',(69.612868548325,-34.63666095126,
    46.987092440046));
#1916 = CARTESIAN_POINT('',(69.635207614509,-34.68367066456,
    46.818360997818));
#1917 = CARTESIAN_POINT('',(69.655055222234,-34.72573034191,
    46.649851274015));
#1918 = CARTESIAN_POINT('',(69.672455501329,-34.76291909694,
    46.481747709439));
#1919 = CARTESIAN_POINT('',(69.702452864805,-34.82772151869,
    46.146777370355));
#1920 = CARTESIAN_POINT('',(69.715052078076,-34.85533942139,
    45.979910035431));
#1921 = CARTESIAN_POINT('',(69.725304163485,-34.87827162924,
    45.813798143499));
#1922 = CARTESIAN_POINT('',(69.733262988372,-34.89661983063,
    45.64860706367));
#1923 = CARTESIAN_POINT('',(69.738986602898,-34.91049551692,
    45.484492164559));
#1924 = CARTESIAN_POINT('',(69.742536549614,-34.92001848095,
    45.321598422365));
#1925 = CARTESIAN_POINT('',(69.743977173044,-34.92531531561,
    45.160060028965));
#1926 = CARTESIAN_POINT('',(69.743374929256,-34.92651791228,45.));
#1927 = ORIENTED_EDGE('',*,*,#1928,.F.);
#1928 = EDGE_CURVE('',#595,#1845,#1929,.T.);
#1929 = B_SPLINE_CURVE_WITH_KNOTS('',5,(#1930,#1931,#1932,#1933,#1934,
    #1935,#1936,#1937,#1938,#1939,#1940,#1941,#1942,#1943,#1944,#1945,
    #1946,#1947,#1948,#1949,#1950,#1951,#1952,#1953,#1954,#1955,#1956,
    #1957,#1958,#1959,#1960,#1961,#1962,#1963),.UNSPECIFIED.,.F.,.F.,(6,
    4,4,4,4,4,4,4,6),(0.,0.124082905036,0.247797775406,0.371191805936,
    0.494386485864,0.617616256263,0.740955681789,0.864645388834,1.),
  .UNSPECIFIED.);
#1930 = CARTESIAN_POINT('',(70.47352900185,-4.917117872726,
    52.973967314005));
#1931 = CARTESIAN_POINT('',(70.443239501396,-5.463150836242,
    52.973337357254));
#1932 = CARTESIAN_POINT('',(70.407097945493,-6.008116913709,
    52.97274810418));
#1933 = CARTESIAN_POINT('',(70.365175974134,-6.552003061015,
    52.97219909628));
#1934 = CARTESIAN_POINT('',(70.317532574089,-7.09479603257,
    52.971689959852));
#1935 = CARTESIAN_POINT('',(70.211053728423,-8.176562067513,
    52.970752244854));
#1936 = CARTESIAN_POINT('',(70.152252317017,-8.715541603882,
    52.970323429151));
#1937 = CARTESIAN_POINT('',(70.087856262634,-9.253407628153,
    52.969933669294));
#1938 = CARTESIAN_POINT('',(70.017903461802,-9.790146361198,
    52.969582733224));
#1939 = CARTESIAN_POINT('',(69.867138866336,-10.85995184494,
    52.968958969505));
#1940 = CARTESIAN_POINT('',(69.786355894078,-11.3930244402,
    52.968685940482));
#1941 = CARTESIAN_POINT('',(69.700103733691,-11.92494729583,
    52.968451184784));
#1942 = CARTESIAN_POINT('',(69.608405111537,-12.45570560988,
    52.968254573212));
#1943 = CARTESIAN_POINT('',(69.414304045311,-13.51400657484,
    52.967937726829));
#1944 = CARTESIAN_POINT('',(69.311919217945,-14.04155296891,
    52.967817368676));
#1945 = CARTESIAN_POINT('',(69.204137767955,-14.5679076294,
    52.967734863288));
#1946 = CARTESIAN_POINT('',(69.090970008703,-15.09305406801,
    52.967690166927));
#1947 = CARTESIAN_POINT('',(68.853837096661,-16.14104463706,
    52.96767638374));
#1948 = CARTESIAN_POINT('',(68.729868897262,-16.66388799484,
    52.967707318435));
#1949 = CARTESIAN_POINT('',(68.600520426854,-17.1854872658,
    52.967776076499));
#1950 = CARTESIAN_POINT('',(68.465790583146,-17.70582338432,
    52.967882694349));
#1951 = CARTESIAN_POINT('',(68.185429879593,-18.74439001702,
    52.968171931735));
#1952 = CARTESIAN_POINT('',(68.039789385103,-19.26261815122,
    52.968354619233));
#1953 = CARTESIAN_POINT('',(67.888744381228,-19.77953956755,
    52.968575387411));
#1954 = CARTESIAN_POINT('',(67.732281968265,-20.29513150026,
    52.968834357104));
#1955 = CARTESIAN_POINT('',(67.408024352004,-21.32506695613,
    52.969429874921));
#1956 = CARTESIAN_POINT('',(67.240198094552,-21.8394026365,
    52.969766642365));
#1957 = CARTESIAN_POINT('',(67.066885205851,-22.35235100711,
    52.970142161695));
#1958 = CARTESIAN_POINT('',(66.88805895269,-22.86388381989,
    52.970556654479));
#1959 = CARTESIAN_POINT('',(66.501923031192,-23.9321605077,
    52.971506933667));
#1960 = CARTESIAN_POINT('',(66.293517567396,-24.48861840122,
    52.972050473212));
#1961 = CARTESIAN_POINT('',(66.07842260315,-25.04330198018,
    52.972641386748));
#1962 = CARTESIAN_POINT('',(65.85658044395,-25.59616382658,
    52.973280131808));
#1963 = CARTESIAN_POINT('',(65.627913130186,-26.147148149,
    52.973967314005));
#1964 = TOROIDAL_SURFACE('',#1965,70.,8.);
#1965 = AXIS2_PLACEMENT_3D('',#1966,#1967,#1968);
#1966 = CARTESIAN_POINT('',(0.,0.,45.));
#1967 = DIRECTION('',(0.,0.,1.));
#1968 = DIRECTION('',(1.,0.,-0.));
#1969 = ADVANCED_FACE('',(#1970),#2047,.T.);
#1970 = FACE_BOUND('',#1971,.T.);
#1971 = EDGE_LOOP('',(#1972,#1994,#1995,#1996,#2018));
#1972 = ORIENTED_EDGE('',*,*,#1973,.F.);
#1973 = EDGE_CURVE('',#1845,#1974,#1976,.T.);
#1974 = VERTEX_POINT('',#1975);
#1975 = CARTESIAN_POINT('',(205.79609396701,-51.06775156621,52.));
#1976 = B_SPLINE_CURVE_WITH_KNOTS('',6,(#1977,#1978,#1979,#1980,#1981,
    #1982,#1983,#1984,#1985,#1986,#1987,#1988,#1989,#1990,#1991,#1992,
    #1993),.UNSPECIFIED.,.F.,.F.,(7,5,5,7),(-8.890959613726,
    5.471370022853E-02,146.55455944062,155.50023275457),.UNSPECIFIED.);
#1977 = CARTESIAN_POINT('',(52.768869092647,-23.77586782904,
    53.063448824057));
#1978 = CARTESIAN_POINT('',(54.236619734152,-24.03763615096,
    53.053248824057));
#1979 = CARTESIAN_POINT('',(55.704370375658,-24.29940447287,
    53.043048824057));
#1980 = CARTESIAN_POINT('',(57.172121017164,-24.56117279479,
    53.032848824057));
#1981 = CARTESIAN_POINT('',(58.639871658669,-24.82294111671,
    53.022648824057));
#1982 = CARTESIAN_POINT('',(60.107622300175,-25.08470943863,
    53.012448824057));
#1983 = CARTESIAN_POINT('',(85.612159779237,-29.63335672816,
    52.835207353381));
#1984 = CARTESIAN_POINT('',(109.64894661679,-33.92023569577,
    52.668165882705));
#1985 = CARTESIAN_POINT('',(133.68573345434,-38.20711466338,
    52.501124412029));
#1986 = CARTESIAN_POINT('',(157.7225202919,-42.49399363099,
    52.334082941352));
#1987 = CARTESIAN_POINT('',(181.75930712946,-46.7808725986,
    52.167041470676));
#1988 = CARTESIAN_POINT('',(207.26384460852,-51.32951988813,51.9898));
#1989 = CARTESIAN_POINT('',(208.73159525002,-51.59128821004,51.9796));
#1990 = CARTESIAN_POINT('',(210.19934589153,-51.85305653196,51.9694));
#1991 = CARTESIAN_POINT('',(211.66709653303,-52.11482485388,51.9592));
#1992 = CARTESIAN_POINT('',(213.13484717454,-52.3765931758,51.949));
#1993 = CARTESIAN_POINT('',(214.60259781605,-52.63836149771,51.9388));
#1994 = ORIENTED_EDGE('',*,*,#1844,.T.);
#1995 = ORIENTED_EDGE('',*,*,#42,.F.);
#1996 = ORIENTED_EDGE('',*,*,#1997,.T.);
#1997 = EDGE_CURVE('',#33,#1998,#2000,.T.);
#1998 = VERTEX_POINT('',#1999);
#1999 = CARTESIAN_POINT('',(204.01446617507,-58.87357294492,
    44.002436469923));
#2000 = B_SPLINE_CURVE_WITH_KNOTS('',6,(#2001,#2002,#2003,#2004,#2005,
    #2006,#2007,#2008,#2009,#2010,#2011,#2012,#2013,#2014,#2015,#2016,
    #2017),.UNSPECIFIED.,.F.,.F.,(7,5,5,7),(-8.890959613726,
    5.471370022853E-02,146.55455944062,155.50023275457),.UNSPECIFIED.);
#2001 = CARTESIAN_POINT('',(51.310840609796,-31.63940204106,
    45.063636469923));
#2002 = CARTESIAN_POINT('',(52.778591251302,-31.90117036298,
    45.053436469923));
#2003 = CARTESIAN_POINT('',(54.246341892808,-32.1629386849,
    45.043236469923));
#2004 = CARTESIAN_POINT('',(55.714092534313,-32.42470700681,
    45.033036469923));
#2005 = CARTESIAN_POINT('',(57.181843175819,-32.68647532873,
    45.022836469923));
#2006 = CARTESIAN_POINT('',(58.649593817325,-32.94824365065,
    45.012636469923));
#2007 = CARTESIAN_POINT('',(84.154131296386,-37.49689094018,
    44.835394999247));
#2008 = CARTESIAN_POINT('',(108.19091813394,-41.78376990779,
    44.66835352857));
#2009 = CARTESIAN_POINT('',(132.22770497149,-46.0706488754,
    44.501312057894));
#2010 = CARTESIAN_POINT('',(156.26449180905,-50.35752784301,
    44.334270587218));
#2011 = CARTESIAN_POINT('',(180.30127864661,-54.64440681062,
    44.167229116542));
#2012 = CARTESIAN_POINT('',(205.80581612567,-59.19305410015,
    43.989987645865));
#2013 = CARTESIAN_POINT('',(207.27356676717,-59.45482242206,
    43.979787645865));
#2014 = CARTESIAN_POINT('',(208.74131740868,-59.71659074398,
    43.969587645865));
#2015 = CARTESIAN_POINT('',(210.20906805018,-59.9783590659,
    43.959387645865));
#2016 = CARTESIAN_POINT('',(211.67681869169,-60.24012738782,
    43.949187645865));
#2017 = CARTESIAN_POINT('',(213.1445693332,-60.50189570974,
    43.938987645865));
#2018 = ORIENTED_EDGE('',*,*,#2019,.F.);
#2019 = EDGE_CURVE('',#1974,#1998,#2020,.T.);
#2020 = B_SPLINE_CURVE_WITH_KNOTS('',7,(#2021,#2022,#2023,#2024,#2025,
    #2026,#2027,#2028,#2029,#2030,#2031,#2032,#2033,#2034,#2035,#2036,
    #2037,#2038,#2039,#2040,#2041,#2042,#2043,#2044,#2045,#2046),
  .UNSPECIFIED.,.F.,.F.,(8,6,6,6,8),(0.,0.250659813184,0.502734282845,
    0.752805096287,1.),.UNSPECIFIED.);
#2021 = CARTESIAN_POINT('',(205.79609396701,-51.06775156621,52.));
#2022 = CARTESIAN_POINT('',(205.70579342801,-51.4633840777,52.));
#2023 = CARTESIAN_POINT('',(205.61329710254,-51.86863695827,
    51.976038011489));
#2024 = CARTESIAN_POINT('',(205.51907698222,-52.28144227755,
    51.926019067199));
#2025 = CARTESIAN_POINT('',(205.42372148817,-52.69922199418,
    51.848056494067));
#2026 = CARTESIAN_POINT('',(205.32793674868,-53.11888235792,
    51.740688897186));
#2027 = CARTESIAN_POINT('',(205.23252049725,-53.53692827001,
    51.603063046408));
#2028 = CARTESIAN_POINT('',(205.04356497798,-54.36479649176,
    51.266154248816));
#2029 = CARTESIAN_POINT('',(204.95003903391,-54.77456042617,
    51.066526236349));
#2030 = CARTESIAN_POINT('',(204.85858122988,-55.17526324702,
    50.836096858547));
#2031 = CARTESIAN_POINT('',(204.77008057898,-55.56300993348,
    50.575519079073));
#2032 = CARTESIAN_POINT('',(204.68541209476,-55.93396680072,
    50.286321208306));
#2033 = CARTESIAN_POINT('',(204.60535993137,-56.28469824485,
    49.970857871463));
#2034 = CARTESIAN_POINT('',(204.45637675892,-56.93743617239,
    49.296006617979));
#2035 = CARTESIAN_POINT('',(204.38736211793,-57.23980907121,
    48.936986461189));
#2036 = CARTESIAN_POINT('',(204.32415883525,-57.51672074571,
    48.55791248571));
#2037 = CARTESIAN_POINT('',(204.26726567838,-57.76598595263,
    48.162254945835));
#2038 = CARTESIAN_POINT('',(204.21700182269,-57.98620629327,
    47.753861866765));
#2039 = CARTESIAN_POINT('',(204.17349805127,-58.17680876961,
    47.336628219941));
#2040 = CARTESIAN_POINT('',(204.10037134814,-58.49719778983,
    46.496773006142));
#2041 = CARTESIAN_POINT('',(204.07059423526,-58.62765984557,
    46.074267258868));
#2042 = CARTESIAN_POINT('',(204.04736260183,-58.72944428207,
    45.650344363667));
#2043 = CARTESIAN_POINT('',(204.03048870974,-58.80337363379,
    45.228422783553));
#2044 = CARTESIAN_POINT('',(204.01965778895,-58.85082699829,
    44.81152893217));
#2045 = CARTESIAN_POINT('',(204.01446617507,-58.87357294492,
    44.402189424588));
#2046 = CARTESIAN_POINT('',(204.01446617507,-58.87357294492,
    44.002436469923));
#2047 = ( BOUNDED_SURFACE() B_SPLINE_SURFACE(2,6,(
    (#2048,#2049,#2050,#2051,#2052,#2053,#2054,#2055,#2056,#2057,#2058
      ,#2059,#2060,#2061,#2062,#2063,#2064)
    ,(#2065,#2066,#2067,#2068,#2069,#2070,#2071,#2072,#2073,#2074,#2075
      ,#2076,#2077,#2078,#2079,#2080,#2081)
    ,(#2082,#2083,#2084,#2085,#2086,#2087,#2088,#2089,#2090,#2091,#2092
      ,#2093,#2094,#2095,#2096,#2097,#2098
)),.UNSPECIFIED.,.F.,.F.,.F.) B_SPLINE_SURFACE_WITH_KNOTS((3,3),(7,5,5,7
    ),(0.,146.49984574039),(-8.890959613726,5.471370022853E-02,
    146.55455944062,155.50023275457),.UNSPECIFIED.) 
GEOMETRIC_REPRESENTATION_ITEM() RATIONAL_B_SPLINE_SURFACE((
    (1.,1.,1.,1.,1.,1.,1.,1.,1.,1.,1.,1.,1.,1.,1.,1.,1.)
    ,(0.707222739782,0.707222739782,0.707222739782,0.707222739782
      ,0.707222739782,0.707222739782,0.707222739782,0.707222739782
      ,0.707222739782,0.707222739782,0.707222739782,0.707222739782
      ,0.707222739782,0.707222739782,0.707222739782,0.707222739782
      ,0.707222739782)
    ,(1.,1.,1.,1.,1.,1.,1.,1.,1.,1.,1.,1.,1.,1.,1.,1.,1.
))) REPRESENTATION_ITEM('') SURFACE() );
#2048 = CARTESIAN_POINT('',(52.768869092647,-23.77586782904,
    53.063448824057));
#2049 = CARTESIAN_POINT('',(54.236619734152,-24.03763615096,
    53.053248824057));
#2050 = CARTESIAN_POINT('',(55.704370375658,-24.29940447287,
    53.043048824057));
#2051 = CARTESIAN_POINT('',(57.172121017164,-24.56117279479,
    53.032848824057));
#2052 = CARTESIAN_POINT('',(58.639871658669,-24.82294111671,
    53.022648824057));
#2053 = CARTESIAN_POINT('',(60.107622300175,-25.08470943863,
    53.012448824057));
#2054 = CARTESIAN_POINT('',(85.612159779237,-29.63335672816,
    52.835207353381));
#2055 = CARTESIAN_POINT('',(109.64894661679,-33.92023569577,
    52.668165882705));
#2056 = CARTESIAN_POINT('',(133.68573345434,-38.20711466338,
    52.501124412029));
#2057 = CARTESIAN_POINT('',(157.7225202919,-42.49399363099,
    52.334082941352));
#2058 = CARTESIAN_POINT('',(181.75930712946,-46.7808725986,
    52.167041470676));
#2059 = CARTESIAN_POINT('',(207.26384460852,-51.32951988813,51.9898));
#2060 = CARTESIAN_POINT('',(208.73159525002,-51.59128821004,51.9796));
#2061 = CARTESIAN_POINT('',(210.19934589153,-51.85305653196,51.9694));
#2062 = CARTESIAN_POINT('',(211.66709653303,-52.11482485388,51.9592));
#2063 = CARTESIAN_POINT('',(213.13484717454,-52.3765931758,51.949));
#2064 = CARTESIAN_POINT('',(214.60259781605,-52.63836149771,51.9388));
#2065 = CARTESIAN_POINT('',(51.36470311905,-31.64900823591,
    53.060825687376));
#2066 = CARTESIAN_POINT('',(52.832453760556,-31.91077655783,
    53.050625687376));
#2067 = CARTESIAN_POINT('',(54.300204402062,-32.17254487975,
    53.040425687376));
#2068 = CARTESIAN_POINT('',(55.767955043567,-32.43431320167,
    53.030225687376));
#2069 = CARTESIAN_POINT('',(57.235705685073,-32.69608152359,
    53.020025687376));
#2070 = CARTESIAN_POINT('',(58.703456326579,-32.9578498455,
    53.009825687376));
#2071 = CARTESIAN_POINT('',(84.20799380564,-37.50649713503,52.8325842167
    ));
#2072 = CARTESIAN_POINT('',(108.24478064319,-41.79337610264,
    52.665542746023));
#2073 = CARTESIAN_POINT('',(132.28156748075,-46.08025507025,
    52.498501275347));
#2074 = CARTESIAN_POINT('',(156.3183543183,-50.36713403786,
    52.331459804671));
#2075 = CARTESIAN_POINT('',(180.35514115586,-54.65401300547,
    52.164418333995));
#2076 = CARTESIAN_POINT('',(205.85967863492,-59.202660295,
    51.987176863318));
#2077 = CARTESIAN_POINT('',(207.32742927643,-59.46442861692,
    51.976976863318));
#2078 = CARTESIAN_POINT('',(208.79517991793,-59.72619693884,
    51.966776863318));
#2079 = CARTESIAN_POINT('',(210.26293055944,-59.98796526075,
    51.956576863318));
#2080 = CARTESIAN_POINT('',(211.73068120094,-60.24973358267,
    51.946376863318));
#2081 = CARTESIAN_POINT('',(213.19843184245,-60.51150190459,
    51.936176863318));
#2082 = CARTESIAN_POINT('',(51.310840609796,-31.63940204106,
    45.063636469923));
#2083 = CARTESIAN_POINT('',(52.778591251302,-31.90117036298,
    45.053436469923));
#2084 = CARTESIAN_POINT('',(54.246341892808,-32.1629386849,
    45.043236469923));
#2085 = CARTESIAN_POINT('',(55.714092534313,-32.42470700681,
    45.033036469923));
#2086 = CARTESIAN_POINT('',(57.181843175819,-32.68647532873,
    45.022836469923));
#2087 = CARTESIAN_POINT('',(58.649593817325,-32.94824365065,
    45.012636469923));
#2088 = CARTESIAN_POINT('',(84.154131296386,-37.49689094018,
    44.835394999247));
#2089 = CARTESIAN_POINT('',(108.19091813394,-41.78376990779,
    44.66835352857));
#2090 = CARTESIAN_POINT('',(132.22770497149,-46.0706488754,
    44.501312057894));
#2091 = CARTESIAN_POINT('',(156.26449180905,-50.35752784301,
    44.334270587218));
#2092 = CARTESIAN_POINT('',(180.30127864661,-54.64440681062,
    44.167229116542));
#2093 = CARTESIAN_POINT('',(205.80581612567,-59.19305410015,
    43.989987645865));
#2094 = CARTESIAN_POINT('',(207.27356676717,-59.45482242206,
    43.979787645865));
#2095 = CARTESIAN_POINT('',(208.74131740868,-59.71659074398,
    43.969587645865));
#2096 = CARTESIAN_POINT('',(210.20906805018,-59.9783590659,
    43.959387645865));
#2097 = CARTESIAN_POINT('',(211.67681869169,-60.24012738782,
    43.949187645865));
#2098 = CARTESIAN_POINT('',(213.1445693332,-60.50189570974,
    43.938987645865));
#2099 = ADVANCED_FACE('',(#2100),#2133,.T.);
#2100 = FACE_BOUND('',#2101,.T.);
#2101 = EDGE_LOOP('',(#2102,#2103,#2104,#2105,#2127));
#2102 = ORIENTED_EDGE('',*,*,#1997,.F.);
#2103 = ORIENTED_EDGE('',*,*,#32,.F.);
#2104 = ORIENTED_EDGE('',*,*,#98,.F.);
#2105 = ORIENTED_EDGE('',*,*,#2106,.T.);
#2106 = EDGE_CURVE('',#99,#2107,#2109,.T.);
#2107 = VERTEX_POINT('',#2108);
#2108 = CARTESIAN_POINT('',(204.01446617507,-58.87357294492,
    42.002811770456));
#2109 = B_SPLINE_CURVE_WITH_KNOTS('',6,(#2110,#2111,#2112,#2113,#2114,
    #2115,#2116,#2117,#2118,#2119,#2120,#2121,#2122,#2123,#2124,#2125,
    #2126),.UNSPECIFIED.,.F.,.F.,(7,5,5,7),(-9.000422918949,
    -5.474960499469E-02,146.55481105679,155.50048437074),.UNSPECIFIED.);
#2110 = CARTESIAN_POINT('',(51.310840609796,-31.63940204106,
    43.064011770456));
#2111 = CARTESIAN_POINT('',(52.778591251302,-31.90117036298,
    43.053811770456));
#2112 = CARTESIAN_POINT('',(54.246341892808,-32.1629386849,
    43.043611770456));
#2113 = CARTESIAN_POINT('',(55.714092534313,-32.42470700681,
    43.033411770456));
#2114 = CARTESIAN_POINT('',(57.181843175819,-32.68647532873,
    43.023211770456));
#2115 = CARTESIAN_POINT('',(58.649593817325,-32.94824365065,
    43.013011770456));
#2116 = CARTESIAN_POINT('',(84.172132640792,-37.50010141857,
    42.835645201069));
#2117 = CARTESIAN_POINT('',(108.22692082275,-41.79019086457,
    42.668478631682));
#2118 = CARTESIAN_POINT('',(132.28170900471,-46.08028031057,
    42.501312062296));
#2119 = CARTESIAN_POINT('',(156.33649718667,-50.37036975657,
    42.334145492909));
#2120 = CARTESIAN_POINT('',(180.39128536863,-54.66045920257,
    42.166978923522));
#2121 = CARTESIAN_POINT('',(205.9138241921,-59.21231697049,
    41.989612354135));
#2122 = CARTESIAN_POINT('',(207.3815748336,-59.47408529241,
    41.979412354135));
#2123 = CARTESIAN_POINT('',(208.84932547511,-59.73585361432,
    41.969212354135));
#2124 = CARTESIAN_POINT('',(210.31707611662,-59.99762193624,
    41.959012354135));
#2125 = CARTESIAN_POINT('',(211.78482675812,-60.25939025816,
    41.948812354135));
#2126 = CARTESIAN_POINT('',(213.25257739963,-60.52115858008,
    41.938612354135));
#2127 = ORIENTED_EDGE('',*,*,#2128,.F.);
#2128 = EDGE_CURVE('',#1998,#2107,#2129,.T.);
#2129 = LINE('',#2130,#2131);
#2130 = CARTESIAN_POINT('',(204.01446617507,-58.87357294492,52.));
#2131 = VECTOR('',#2132,1.);
#2132 = DIRECTION('',(0.,0.,-1.));
#2133 = B_SPLINE_SURFACE_WITH_KNOTS('',1,1,(
    (#2134,#2135)
    ,(#2136,#2137
    )),.UNSPECIFIED.,.F.,.F.,.F.,(2,2),(2,2),(0.,18.),(0.,1.),
  .PIECEWISE_BEZIER_KNOTS.);
#2134 = CARTESIAN_POINT('',(60.11734445883,-33.21001197257,53.));
#2135 = CARTESIAN_POINT('',(204.01446617507,-58.87357294492,52.));
#2136 = CARTESIAN_POINT('',(60.11734445883,-33.21001197257,35.));
#2137 = CARTESIAN_POINT('',(204.01446617507,-58.87357294492,34.));
#2138 = ADVANCED_FACE('',(#2139),#2237,.T.);
#2139 = FACE_BOUND('',#2140,.T.);
#2140 = EDGE_LOOP('',(#2141,#2165,#2206,#2207,#2208));
#2141 = ORIENTED_EDGE('',*,*,#2142,.F.);
#2142 = EDGE_CURVE('',#2143,#2145,#2147,.T.);
#2143 = VERTEX_POINT('',#2144);
#2144 = CARTESIAN_POINT('',(38.536337790683,-54.69635125374,35.));
#2145 = VERTEX_POINT('',#2146);
#2146 = CARTESIAN_POINT('',(95.57658162653,-189.2749921413,34.));
#2147 = B_SPLINE_CURVE_WITH_KNOTS('',6,(#2148,#2149,#2150,#2151,#2152,
    #2153,#2154,#2155,#2156,#2157,#2158,#2159,#2160,#2161,#2162,#2163,
    #2164),.UNSPECIFIED.,.F.,.F.,(7,5,5,7),(-9.00042291895,
    -5.474960499495E-02,146.55481105679,155.50048437074),.UNSPECIFIED.);
#2148 = CARTESIAN_POINT('',(34.874387429572,-46.05648105939,
    35.064199416322));
#2149 = CARTESIAN_POINT('',(35.456197916698,-47.42918319644,
    35.053999416322));
#2150 = CARTESIAN_POINT('',(36.038008403823,-48.80188533349,
    35.043799416322));
#2151 = CARTESIAN_POINT('',(36.619818890949,-50.17458747055,
    35.033599416322));
#2152 = CARTESIAN_POINT('',(37.201629378075,-51.5472896076,
    35.023399416322));
#2153 = CARTESIAN_POINT('',(37.7834398652,-52.91999174465,
    35.013199416322));
#2154 = CARTESIAN_POINT('',(47.90047223136,-76.78974359164,
    34.835832846935));
#2155 = CARTESIAN_POINT('',(57.435694110394,-99.28679330158,
    34.668666277548));
#2156 = CARTESIAN_POINT('',(66.970915989428,-121.7838430115,
    34.501499708161));
#2157 = CARTESIAN_POINT('',(76.506137868462,-144.2808927214,
    34.334333138774));
#2158 = CARTESIAN_POINT('',(86.041359747496,-166.7779424313,
    34.167166569387));
#2159 = CARTESIAN_POINT('',(96.158392113655,-190.6476942783,33.9898));
#2160 = CARTESIAN_POINT('',(96.740202600781,-192.0203964154,33.9796));
#2161 = CARTESIAN_POINT('',(97.322013087906,-193.3930985524,33.9694));
#2162 = CARTESIAN_POINT('',(97.903823575032,-194.7658006895,33.9592));
#2163 = CARTESIAN_POINT('',(98.485634062158,-196.1385028265,33.949));
#2164 = CARTESIAN_POINT('',(99.067444549283,-197.5112049636,33.9388));
#2165 = ORIENTED_EDGE('',*,*,#2166,.F.);
#2166 = EDGE_CURVE('',#228,#2143,#2167,.T.);
#2167 = B_SPLINE_CURVE_WITH_KNOTS('',7,(#2168,#2169,#2170,#2171,#2172,
    #2173,#2174,#2175,#2176,#2177,#2178,#2179,#2180,#2181,#2182,#2183,
    #2184,#2185,#2186,#2187,#2188,#2189,#2190,#2191,#2192,#2193,#2194,
    #2195,#2196,#2197,#2198,#2199,#2200,#2201,#2202,#2203,#2204,#2205),
  .UNSPECIFIED.,.F.,.F.,(8,6,6,6,6,6,8),(0.,0.242439669756,
    0.498605761485,0.638261506869,0.771527331608,0.879093325361,1.),
  .UNSPECIFIED.);
#2168 = CARTESIAN_POINT('',(46.510419789578,-70.,35.));
#2169 = CARTESIAN_POINT('',(46.201287506456,-69.34389594279,35.));
#2170 = CARTESIAN_POINT('',(45.892346934498,-68.68988272554,35.));
#2171 = CARTESIAN_POINT('',(45.583630251196,-68.03815952733,35.));
#2172 = CARTESIAN_POINT('',(45.275185918801,-67.38898180869,35.));
#2173 = CARTESIAN_POINT('',(44.967079239315,-66.74266606038,35.));
#2174 = CARTESIAN_POINT('',(44.659394179468,-66.09960445264,35.));
#2175 = CARTESIAN_POINT('',(44.027688130993,-64.78477764812,35.));
#2176 = CARTESIAN_POINT('',(43.70376757135,-64.11352991623,35.));
#2177 = CARTESIAN_POINT('',(43.380559874441,-63.44704424535,35.));
#2178 = CARTESIAN_POINT('',(43.058236839137,-62.78606846155,35.));
#2179 = CARTESIAN_POINT('',(42.737067331419,-62.13165468259,35.));
#2180 = CARTESIAN_POINT('',(42.417423303673,-61.48519397665,35.));
#2181 = CARTESIAN_POINT('',(41.926678092771,-60.50164107147,35.));
#2182 = CARTESIAN_POINT('',(41.754158105539,-60.15760869337,35.));
#2183 = CARTESIAN_POINT('',(41.582345794767,-59.81687767132,35.));
#2184 = CARTESIAN_POINT('',(41.411359146914,-59.47986182691,35.));
#2185 = CARTESIAN_POINT('',(41.241354888061,-59.14708289071,35.));
#2186 = CARTESIAN_POINT('',(41.072533947347,-58.81919372265,35.));
#2187 = CARTESIAN_POINT('',(40.745426682824,-58.18958483031,35.));
#2188 = CARTESIAN_POINT('',(40.587055800966,-57.88743895395,35.));
#2189 = CARTESIAN_POINT('',(40.430220477194,-57.59121992341,35.));
#2190 = CARTESIAN_POINT('',(40.275221778132,-57.30185574555,35.));
#2191 = CARTESIAN_POINT('',(40.122488536703,-57.02059400453,35.));
#2192 = CARTESIAN_POINT('',(39.972584655857,-56.74902785385,35.));
#2193 = CARTESIAN_POINT('',(39.708127412968,-56.27952241101,35.));
#2194 = CARTESIAN_POINT('',(39.592389664353,-56.07758665777,35.));
#2195 = CARTESIAN_POINT('',(39.479387588706,-55.8844424624,35.));
#2196 = CARTESIAN_POINT('',(39.369659732387,-55.70151376899,35.));
#2197 = CARTESIAN_POINT('',(39.263927539681,-55.53062068188,35.));
#2198 = CARTESIAN_POINT('',(39.163078555981,-55.37392886752,35.));
#2199 = CARTESIAN_POINT('',(38.96141241467,-55.07639903188,35.));
#2200 = CARTESIAN_POINT('',(38.862009444578,-54.93972899635,35.));
#2201 = CARTESIAN_POINT('',(38.771708032304,-54.82780593873,35.));
#2202 = CARTESIAN_POINT('',(38.692437502867,-54.74472587623,35.));
#2203 = CARTESIAN_POINT('',(38.626050960726,-54.69415064926,35.));
#2204 = CARTESIAN_POINT('',(38.573909735634,-54.67825755868,35.));
#2205 = CARTESIAN_POINT('',(38.536337790683,-54.69635125374,35.));
#2206 = ORIENTED_EDGE('',*,*,#236,.F.);
#2207 = ORIENTED_EDGE('',*,*,#361,.T.);
#2208 = ORIENTED_EDGE('',*,*,#2209,.F.);
#2209 = EDGE_CURVE('',#2145,#362,#2210,.T.);
#2210 = B_SPLINE_CURVE_WITH_KNOTS('',7,(#2211,#2212,#2213,#2214,#2215,
    #2216,#2217,#2218,#2219,#2220,#2221,#2222,#2223,#2224,#2225,#2226,
    #2227,#2228,#2229,#2230,#2231,#2232,#2233,#2234,#2235,#2236),
  .UNSPECIFIED.,.F.,.F.,(8,6,6,6,8),(0.,0.249928743902,0.50000257361,
    0.75007469467,1.),.UNSPECIFIED.);
#2211 = CARTESIAN_POINT('',(95.57658162653,-189.2749921413,34.));
#2212 = CARTESIAN_POINT('',(95.941255463472,-189.0993744773,34.));
#2213 = CARTESIAN_POINT('',(96.314792016964,-188.9194887539,
    34.023838195587));
#2214 = CARTESIAN_POINT('',(96.695296567996,-188.7362474198,
    34.073594322343));
#2215 = CARTESIAN_POINT('',(97.08040755024,-188.5507877453,
    34.15114205148));
#2216 = CARTESIAN_POINT('',(97.467291183054,-188.3644744073,
    34.257934940985));
#2217 = CARTESIAN_POINT('',(97.852745350455,-188.1788494636,
    34.394825659662));
#2218 = CARTESIAN_POINT('',(98.614301082382,-187.8121035523,
    34.729108307305));
#2219 = CARTESIAN_POINT('',(98.990398293602,-187.6309846811,
    34.92653673398));
#2220 = CARTESIAN_POINT('',(99.358339720416,-187.4537934288,
    35.15431197659));
#2221 = CARTESIAN_POINT('',(99.714606972074,-187.2822241629,
    35.411810777757));
#2222 = CARTESIAN_POINT('',(100.05573216956,-187.1179469259,
    35.697561774272));
#2223 = CARTESIAN_POINT('',(100.37859699123,-186.9624634225,
    36.009289745988));
#2224 = CARTESIAN_POINT('',(100.9826325739,-186.671575217,36.6789651319)
  );
#2225 = CARTESIAN_POINT('',(101.26380478866,-186.5361698149,
    37.03691352628));
#2226 = CARTESIAN_POINT('',(101.52154712613,-186.412047647,
    37.415107423276));
#2227 = CARTESIAN_POINT('',(101.75380711857,-186.3001971297,
    37.81008979761));
#2228 = CARTESIAN_POINT('',(101.95925730836,-186.2012575328,
    38.218015913709));
#2229 = CARTESIAN_POINT('',(102.13733526157,-186.1154997104,
    38.634984884273));
#2230 = CARTESIAN_POINT('',(102.43885299907,-185.9702964209,
    39.479299588322));
#2231 = CARTESIAN_POINT('',(102.56232608855,-185.9108349149,
    39.906640440957));
#2232 = CARTESIAN_POINT('',(102.65865153063,-185.8644470268,
    40.335566432024));
#2233 = CARTESIAN_POINT('',(102.72859831082,-185.8307624328,
    40.762527272486));
#2234 = CARTESIAN_POINT('',(102.77347748653,-185.8091497609,
    41.184381054574));
#2235 = CARTESIAN_POINT('',(102.79497910775,-185.7987951259,
    41.59850945184));
#2236 = CARTESIAN_POINT('',(102.79497910775,-185.7987951259,
    42.002811770456));
#2237 = ( BOUNDED_SURFACE() B_SPLINE_SURFACE(2,6,(
    (#2238,#2239,#2240,#2241,#2242,#2243,#2244,#2245,#2246,#2247,#2248
      ,#2249,#2250,#2251,#2252,#2253,#2254)
    ,(#2255,#2256,#2257,#2258,#2259,#2260,#2261,#2262,#2263,#2264,#2265
      ,#2266,#2267,#2268,#2269,#2270,#2271)
    ,(#2272,#2273,#2274,#2275,#2276,#2277,#2278,#2279,#2280,#2281,#2282
      ,#2283,#2284,#2285,#2286,#2287,#2288
)),.UNSPECIFIED.,.F.,.F.,.F.) B_SPLINE_SURFACE_WITH_KNOTS((3,3),(7,5,5,7
    ),(0.,146.60956066178),(-9.00042291895,-5.474960499495E-02,
    146.55481105679,155.50048437074),.UNSPECIFIED.) 
GEOMETRIC_REPRESENTATION_ITEM() RATIONAL_B_SPLINE_SURFACE((
    (1.,1.,1.,1.,1.,1.,1.,1.,1.,1.,1.,1.,1.,1.,1.,1.,1.)
    ,(0.706990803572,0.706990803572,0.706990803572,0.706990803572
      ,0.706990803572,0.706990803572,0.706990803572,0.706990803572
      ,0.706990803572,0.706990803572,0.706990803572,0.706990803572
      ,0.706990803572,0.706990803572,0.706990803572,0.706990803572
      ,0.706990803572)
    ,(1.,1.,1.,1.,1.,1.,1.,1.,1.,1.,1.,1.,1.,1.,1.,1.,1.
))) REPRESENTATION_ITEM('') SURFACE() );
#2238 = CARTESIAN_POINT('',(34.874387429572,-46.05648105939,
    35.064199416322));
#2239 = CARTESIAN_POINT('',(35.456197916698,-47.42918319644,
    35.053999416322));
#2240 = CARTESIAN_POINT('',(36.038008403823,-48.80188533349,
    35.043799416322));
#2241 = CARTESIAN_POINT('',(36.619818890949,-50.17458747055,
    35.033599416322));
#2242 = CARTESIAN_POINT('',(37.201629378075,-51.5472896076,
    35.023399416322));
#2243 = CARTESIAN_POINT('',(37.7834398652,-52.91999174465,
    35.013199416322));
#2244 = CARTESIAN_POINT('',(47.90047223136,-76.78974359164,
    34.835832846935));
#2245 = CARTESIAN_POINT('',(57.435694110394,-99.28679330158,
    34.668666277548));
#2246 = CARTESIAN_POINT('',(66.970915989428,-121.7838430115,
    34.501499708161));
#2247 = CARTESIAN_POINT('',(76.506137868462,-144.2808927214,
    34.334333138774));
#2248 = CARTESIAN_POINT('',(86.041359747496,-166.7779424313,
    34.167166569387));
#2249 = CARTESIAN_POINT('',(96.158392113655,-190.6476942783,33.9898));
#2250 = CARTESIAN_POINT('',(96.740202600781,-192.0203964154,33.9796));
#2251 = CARTESIAN_POINT('',(97.322013087906,-193.3930985524,33.9694));
#2252 = CARTESIAN_POINT('',(97.903823575032,-194.7658006895,33.9592));
#2253 = CARTESIAN_POINT('',(98.485634062158,-196.1385028265,33.949));
#2254 = CARTESIAN_POINT('',(99.067444549283,-197.5112049636,33.9388));
#2255 = CARTESIAN_POINT('',(42.242507454704,-42.93353387452,
    35.061574558259));
#2256 = CARTESIAN_POINT('',(42.824317941829,-44.30623601157,
    35.051374558259));
#2257 = CARTESIAN_POINT('',(43.406128428955,-45.67893814862,
    35.041174558259));
#2258 = CARTESIAN_POINT('',(43.987938916081,-47.05164028568,
    35.030974558259));
#2259 = CARTESIAN_POINT('',(44.569749403206,-48.42434242273,
    35.020774558259));
#2260 = CARTESIAN_POINT('',(45.151559890332,-49.79704455978,
    35.010574558259));
#2261 = CARTESIAN_POINT('',(55.268592256492,-73.66679640677,
    34.833207988872));
#2262 = CARTESIAN_POINT('',(64.803814135526,-96.16384611671,
    34.666041419486));
#2263 = CARTESIAN_POINT('',(74.339036014559,-118.6608958266,
    34.498874850098));
#2264 = CARTESIAN_POINT('',(83.874257893593,-141.1579455365,
    34.331708280712));
#2265 = CARTESIAN_POINT('',(93.409479772627,-163.6549952465,
    34.164541711325));
#2266 = CARTESIAN_POINT('',(103.52651213878,-187.5247470935,
    33.987175141938));
#2267 = CARTESIAN_POINT('',(104.10832262591,-188.8974492305,
    33.976975141938));
#2268 = CARTESIAN_POINT('',(104.69013311303,-190.2701513676,
    33.966775141938));
#2269 = CARTESIAN_POINT('',(105.27194360016,-191.6428535046,
    33.956575141938));
#2270 = CARTESIAN_POINT('',(105.85375408728,-193.0155556417,
    33.946375141938));
#2271 = CARTESIAN_POINT('',(106.43556457441,-194.3882577787,
    33.936175141938));
#2272 = CARTESIAN_POINT('',(42.263872349151,-42.983941416,
    43.064011770456));
#2273 = CARTESIAN_POINT('',(42.845682836277,-44.35664355306,
    43.053811770456));
#2274 = CARTESIAN_POINT('',(43.427493323402,-45.72934569011,
    43.043611770456));
#2275 = CARTESIAN_POINT('',(44.009303810528,-47.10204782716,
    43.033411770456));
#2276 = CARTESIAN_POINT('',(44.591114297654,-48.47474996421,
    43.023211770456));
#2277 = CARTESIAN_POINT('',(45.172924784779,-49.84745210127,
    43.013011770456));
#2278 = CARTESIAN_POINT('',(55.289957150939,-73.71720394826,
    42.835645201069));
#2279 = CARTESIAN_POINT('',(64.825179029973,-96.21425365819,
    42.668478631682));
#2280 = CARTESIAN_POINT('',(74.360400909006,-118.7113033681,
    42.501312062295));
#2281 = CARTESIAN_POINT('',(83.895622788041,-141.208353078,
    42.334145492909));
#2282 = CARTESIAN_POINT('',(93.430844667074,-163.705402788,
    42.166978923522));
#2283 = CARTESIAN_POINT('',(103.54787703323,-187.5751546349,
    41.989612354135));
#2284 = CARTESIAN_POINT('',(104.12968752036,-188.947856772,
    41.979412354135));
#2285 = CARTESIAN_POINT('',(104.71149800748,-190.320558909,
    41.969212354135));
#2286 = CARTESIAN_POINT('',(105.29330849461,-191.6932610461,
    41.959012354135));
#2287 = CARTESIAN_POINT('',(105.87511898173,-193.0659631832,
    41.948812354135));
#2288 = CARTESIAN_POINT('',(106.45692946886,-194.4386653202,
    41.938612354135));
#2289 = ADVANCED_FACE('',(#2290,#2818,#2829,#2840,#2851,#2862,#2873),
  #2884,.F.);
#2290 = FACE_BOUND('',#2291,.F.);
#2291 = EDGE_LOOP('',(#2292,#2303,#2312,#2349,#2357,#2406,#2415,#2436,
    #2444,#2465,#2474,#2523,#2531,#2568,#2577,#2594,#2602,#2633,#2642,
    #2685,#2693,#2720,#2729,#2756,#2762,#2763,#2764,#2795,#2803));
#2292 = ORIENTED_EDGE('',*,*,#2293,.T.);
#2293 = EDGE_CURVE('',#2294,#2296,#2298,.T.);
#2294 = VERTEX_POINT('',#2295);
#2295 = CARTESIAN_POINT('',(69.871885710099,-4.233153353569,35.));
#2296 = VERTEX_POINT('',#2297);
#2297 = CARTESIAN_POINT('',(70.,0.,35.));
#2298 = CIRCLE('',#2299,70.);
#2299 = AXIS2_PLACEMENT_3D('',#2300,#2301,#2302);
#2300 = CARTESIAN_POINT('',(0.,0.,35.));
#2301 = DIRECTION('',(0.,0.,1.));
#2302 = DIRECTION('',(1.,0.,-0.));
#2303 = ORIENTED_EDGE('',*,*,#2304,.T.);
#2304 = EDGE_CURVE('',#2296,#2305,#2307,.T.);
#2305 = VERTEX_POINT('',#2306);
#2306 = CARTESIAN_POINT('',(61.115697361131,34.130214415714,35.));
#2307 = CIRCLE('',#2308,70.);
#2308 = AXIS2_PLACEMENT_3D('',#2309,#2310,#2311);
#2309 = CARTESIAN_POINT('',(0.,0.,35.));
#2310 = DIRECTION('',(0.,0.,1.));
#2311 = DIRECTION('',(1.,0.,-0.));
#2312 = ORIENTED_EDGE('',*,*,#2313,.T.);
#2313 = EDGE_CURVE('',#2305,#2314,#2316,.T.);
#2314 = VERTEX_POINT('',#2315);
#2315 = CARTESIAN_POINT('',(58.45189803044,32.559419334962,35.));
#2316 = B_SPLINE_CURVE_WITH_KNOTS('',7,(#2317,#2318,#2319,#2320,#2321,
    #2322,#2323,#2324,#2325,#2326,#2327,#2328,#2329,#2330,#2331,#2332,
    #2333,#2334,#2335,#2336,#2337,#2338,#2339,#2340,#2341,#2342,#2343,
    #2344,#2345,#2346,#2347,#2348),.UNSPECIFIED.,.F.,.F.,(8,6,6,6,6,8),(
    0.,0.24464115016,0.505832742148,0.652410943821,0.786320112131,1.),
  .UNSPECIFIED.);
#2317 = CARTESIAN_POINT('',(70.,41.047660368373,35.));
#2318 = CARTESIAN_POINT('',(69.515660201681,40.657787405645,35.));
#2319 = CARTESIAN_POINT('',(69.032496628556,40.269754616816,35.));
#2320 = CARTESIAN_POINT('',(68.550634512738,39.883732923487,35.));
#2321 = CARTESIAN_POINT('',(68.070241305004,39.499938902857,35.));
#2322 = CARTESIAN_POINT('',(67.59152940022,39.118638846883,35.));
#2323 = CARTESIAN_POINT('',(67.114764749709,38.740161390977,35.));
#2324 = CARTESIAN_POINT('',(66.133698262423,37.964290148463,35.));
#2325 = CARTESIAN_POINT('',(65.629793690285,37.567410650548,35.));
#2326 = CARTESIAN_POINT('',(65.128893556066,37.174717749126,35.));
#2327 = CARTESIAN_POINT('',(64.631533300718,36.786854046716,35.));
#2328 = CARTESIAN_POINT('',(64.138493818974,36.404713556353,35.));
#2329 = CARTESIAN_POINT('',(63.650823024864,36.02947043394,35.));
#2330 = CARTESIAN_POINT('',(62.900163648864,35.457013442581,35.));
#2331 = CARTESIAN_POINT('',(62.632526445949,35.253964615788,35.));
#2332 = CARTESIAN_POINT('',(62.367337245403,35.053930079203,35.));
#2333 = CARTESIAN_POINT('',(62.104944349812,34.857287402511,35.));
#2334 = CARTESIAN_POINT('',(61.845797558391,34.664510656851,35.));
#2335 = CARTESIAN_POINT('',(61.59046516805,34.476190530486,35.));
#2336 = CARTESIAN_POINT('',(61.110539933391,34.125776326511,35.));
#2337 = CARTESIAN_POINT('',(60.885267351436,33.96287328901,35.));
#2338 = CARTESIAN_POINT('',(60.664335154418,33.804883106009,35.));
#2339 = CARTESIAN_POINT('',(60.448464750596,33.652531594754,35.));
#2340 = CARTESIAN_POINT('',(60.238613620425,33.506751856649,35.));
#2341 = CARTESIAN_POINT('',(60.035994222305,33.368704706364,35.));
#2342 = CARTESIAN_POINT('',(59.532722724312,33.034146085302,35.));
#2343 = CARTESIAN_POINT('',(59.24441739837,32.851026206053,35.));
#2344 = CARTESIAN_POINT('',(58.984568175937,32.697210537888,35.));
#2345 = CARTESIAN_POINT('',(58.764080641157,32.582180397532,35.));
#2346 = CARTESIAN_POINT('',(58.595776366497,32.516621461721,35.));
#2347 = CARTESIAN_POINT('',(58.49152386266,32.509730113008,35.));
#2348 = CARTESIAN_POINT('',(58.451898030439,32.559419334961,35.));
#2349 = ORIENTED_EDGE('',*,*,#2350,.T.);
#2350 = EDGE_CURVE('',#2314,#2351,#2353,.T.);
#2351 = VERTEX_POINT('',#2352);
#2352 = CARTESIAN_POINT('',(44.74985765534,49.74123451039,35.));
#2353 = LINE('',#2354,#2355);
#2354 = CARTESIAN_POINT('',(63.447184078206,26.295528755784,35.));
#2355 = VECTOR('',#2356,1.);
#2356 = DIRECTION('',(-0.623489801859,0.781831482468,0.));
#2357 = ORIENTED_EDGE('',*,*,#2358,.F.);
#2358 = EDGE_CURVE('',#2359,#2351,#2361,.T.);
#2359 = VERTEX_POINT('',#2360);
#2360 = CARTESIAN_POINT('',(46.874020738821,51.988712041909,35.));
#2361 = B_SPLINE_CURVE_WITH_KNOTS('',7,(#2362,#2363,#2364,#2365,#2366,
    #2367,#2368,#2369,#2370,#2371,#2372,#2373,#2374,#2375,#2376,#2377,
    #2378,#2379,#2380,#2381,#2382,#2383,#2384,#2385,#2386,#2387,#2388,
    #2389,#2390,#2391,#2392,#2393,#2394,#2395,#2396,#2397,#2398,#2399,
    #2400,#2401,#2402,#2403,#2404,#2405),.UNSPECIFIED.,.F.,.F.,(8,6,6,6,
    6,6,6,8),(0.,0.244287368813,0.495141310613,0.617654021702,
    0.749863440819,0.824058091385,0.89183995688,1.),.UNSPECIFIED.);
#2362 = CARTESIAN_POINT('',(69.630495824126,70.,35.));
#2363 = CARTESIAN_POINT('',(68.620181404169,69.225707382399,35.));
#2364 = CARTESIAN_POINT('',(67.611832158776,68.451812846349,35.));
#2365 = CARTESIAN_POINT('',(66.605629705499,67.678370348844,35.));
#2366 = CARTESIAN_POINT('',(65.601805008204,66.905457377325,35.));
#2367 = CARTESIAN_POINT('',(64.600643062465,66.133176076673,35.));
#2368 = CARTESIAN_POINT('',(63.602497447173,65.361656905466,35.));
#2369 = CARTESIAN_POINT('',(61.586394443148,63.799758816913,35.));
#2370 = CARTESIAN_POINT('',(60.568687109387,63.009477971877,35.));
#2371 = CARTESIAN_POINT('',(59.555115633045,62.220353664859,35.));
#2372 = CARTESIAN_POINT('',(58.546297557064,61.432626462628,35.));
#2373 = CARTESIAN_POINT('',(57.543095164259,60.646662945633,35.));
#2374 = CARTESIAN_POINT('',(56.546647926389,59.862965915198,35.));
#2375 = CARTESIAN_POINT('',(55.076051651199,58.700959651143,35.));
#2376 = CARTESIAN_POINT('',(54.595528148081,58.320397248756,35.));
#2377 = CARTESIAN_POINT('',(54.117217726889,57.940643663454,35.));
#2378 = CARTESIAN_POINT('',(53.641362569444,57.561811174685,35.));
#2379 = CARTESIAN_POINT('',(53.168261302111,57.184043670621,35.));
#2380 = CARTESIAN_POINT('',(52.69828257067,56.807521980673,35.));
#2381 = CARTESIAN_POINT('',(51.728578435246,56.027739071022,35.));
#2382 = CARTESIAN_POINT('',(51.229520218937,55.624782435112,35.));
#2383 = CARTESIAN_POINT('',(50.735212182745,55.223823304232,35.));
#2384 = CARTESIAN_POINT('',(50.246399964602,54.825240702186,35.));
#2385 = CARTESIAN_POINT('',(49.764128928224,54.429597008448,35.));
#2386 = CARTESIAN_POINT('',(49.289776973758,54.037652589373,35.));
#2387 = CARTESIAN_POINT('',(48.564635248929,53.433197475537,35.));
#2388 = CARTESIAN_POINT('',(48.3071223998,53.217453110654,35.));
#2389 = CARTESIAN_POINT('',(48.053092998101,53.003424628936,35.));
#2390 = CARTESIAN_POINT('',(47.802992651677,52.791367583139,35.));
#2391 = CARTESIAN_POINT('',(47.557383635456,52.58161500432,35.));
#2392 = CARTESIAN_POINT('',(47.316968285868,52.374589500495,35.));
#2393 = CARTESIAN_POINT('',(46.868546286142,51.984671489405,35.));
#2394 = CARTESIAN_POINT('',(46.659599702571,51.801296297456,35.));
#2395 = CARTESIAN_POINT('',(46.456408624494,51.621059454963,35.));
#2396 = CARTESIAN_POINT('',(46.259841199836,51.444502773437,35.));
#2397 = CARTESIAN_POINT('',(46.071020194647,51.272352092703,35.));
#2398 = CARTESIAN_POINT('',(45.891347116932,51.105531166739,35.));
#2399 = CARTESIAN_POINT('',(45.453188135231,50.689324032762,35.));
#2400 = CARTESIAN_POINT('',(45.210505483275,50.448995129823,35.));
#2401 = CARTESIAN_POINT('',(45.002724403403,50.229888076064,35.));
#2402 = CARTESIAN_POINT('',(44.841515216645,50.04052523837,35.));
#2403 = CARTESIAN_POINT('',(44.740148755856,49.891028938901,35.));
#2404 = CARTESIAN_POINT('',(44.710231823119,49.790923732343,35.));
#2405 = CARTESIAN_POINT('',(44.74985765534,49.74123451039,35.));
#2406 = ORIENTED_EDGE('',*,*,#2407,.T.);
#2407 = EDGE_CURVE('',#2359,#2408,#2410,.T.);
#2408 = VERTEX_POINT('',#2409);
#2409 = CARTESIAN_POINT('',(11.42093790456,69.06201689337,35.));
#2410 = CIRCLE('',#2411,70.);
#2411 = AXIS2_PLACEMENT_3D('',#2412,#2413,#2414);
#2412 = CARTESIAN_POINT('',(0.,0.,35.));
#2413 = DIRECTION('',(0.,0.,1.));
#2414 = DIRECTION('',(1.,0.,-0.));
#2415 = ORIENTED_EDGE('',*,*,#2416,.T.);
#2416 = EDGE_CURVE('',#2408,#2417,#2419,.T.);
#2417 = VERTEX_POINT('',#2418);
#2418 = CARTESIAN_POINT('',(10.988183234314,66.,35.));
#2419 = B_SPLINE_CURVE_WITH_KNOTS('',8,(#2420,#2421,#2422,#2423,#2424,
    #2425,#2426,#2427,#2428,#2429,#2430,#2431,#2432,#2433,#2434,#2435),
  .UNSPECIFIED.,.F.,.F.,(9,7,9),(0.,0.575685018863,1.),.UNSPECIFIED.);
#2420 = CARTESIAN_POINT('',(11.458681127179,70.,35.));
#2421 = CARTESIAN_POINT('',(11.443671983368,69.567444446287,35.));
#2422 = CARTESIAN_POINT('',(11.426801305208,69.145230101874,35.));
#2423 = CARTESIAN_POINT('',(11.407806163033,68.734235849498,35.));
#2424 = CARTESIAN_POINT('',(11.386374989703,68.336612314184,35.));
#2425 = CARTESIAN_POINT('',(11.362145557157,67.955795026756,35.));
#2426 = CARTESIAN_POINT('',(11.334691332474,67.596603256476,35.));
#2427 = CARTESIAN_POINT('',(11.30351718643,67.265268368674,35.));
#2428 = CARTESIAN_POINT('',(11.241822918445,66.752085125421,35.));
#2429 = CARTESIAN_POINT('',(11.213261901956,66.553636248102,35.));
#2430 = CARTESIAN_POINT('',(11.182151616837,66.378537046835,35.));
#2431 = CARTESIAN_POINT('',(11.148372979213,66.231337815396,35.));
#2432 = CARTESIAN_POINT('',(11.111884459427,66.116705476402,35.));
#2433 = CARTESIAN_POINT('',(11.072773529022,66.038748707731,35.));
#2434 = CARTESIAN_POINT('',(11.0313351186,65.999999999999,35.));
#2435 = CARTESIAN_POINT('',(10.988183234314,65.999999999999,35.));
#2436 = ORIENTED_EDGE('',*,*,#2437,.T.);
#2437 = EDGE_CURVE('',#2417,#2438,#2440,.T.);
#2438 = VERTEX_POINT('',#2439);
#2439 = CARTESIAN_POINT('',(-10.98818323431,66.,35.));
#2440 = LINE('',#2441,#2442);
#2441 = CARTESIAN_POINT('',(19.,66.,35.));
#2442 = VECTOR('',#2443,1.);
#2443 = DIRECTION('',(-1.,0.,0.));
#2444 = ORIENTED_EDGE('',*,*,#2445,.F.);
#2445 = EDGE_CURVE('',#2446,#2438,#2448,.T.);
#2446 = VERTEX_POINT('',#2447);
#2447 = CARTESIAN_POINT('',(-11.42093790456,69.06201689337,35.));
#2448 = B_SPLINE_CURVE_WITH_KNOTS('',8,(#2449,#2450,#2451,#2452,#2453,
    #2454,#2455,#2456,#2457,#2458,#2459,#2460,#2461,#2462,#2463,#2464),
  .UNSPECIFIED.,.F.,.F.,(9,7,9),(0.,0.575685018864,1.),.UNSPECIFIED.);
#2449 = CARTESIAN_POINT('',(-11.45868112717,70.,35.));
#2450 = CARTESIAN_POINT('',(-11.44367198336,69.567444446287,35.));
#2451 = CARTESIAN_POINT('',(-11.4268013052,69.145230101877,35.));
#2452 = CARTESIAN_POINT('',(-11.40780616303,68.734235849488,35.));
#2453 = CARTESIAN_POINT('',(-11.3863749897,68.336612314198,35.));
#2454 = CARTESIAN_POINT('',(-11.36214555715,67.955795026747,35.));
#2455 = CARTESIAN_POINT('',(-11.33469133247,67.596603256478,35.));
#2456 = CARTESIAN_POINT('',(-11.30351718643,67.265268368673,35.));
#2457 = CARTESIAN_POINT('',(-11.24182291844,66.75208512542,35.));
#2458 = CARTESIAN_POINT('',(-11.21326190195,66.553636248107,35.));
#2459 = CARTESIAN_POINT('',(-11.18215161683,66.378537046832,35.));
#2460 = CARTESIAN_POINT('',(-11.14837297921,66.231337815395,35.));
#2461 = CARTESIAN_POINT('',(-11.11188445942,66.116705476405,35.));
#2462 = CARTESIAN_POINT('',(-11.07277352902,66.038748707729,35.));
#2463 = CARTESIAN_POINT('',(-11.0313351186,66.,35.));
#2464 = CARTESIAN_POINT('',(-10.98818323431,66.,35.));
#2465 = ORIENTED_EDGE('',*,*,#2466,.T.);
#2466 = EDGE_CURVE('',#2446,#2467,#2469,.T.);
#2467 = VERTEX_POINT('',#2468);
#2468 = CARTESIAN_POINT('',(-46.87402073882,51.98871204191,35.));
#2469 = CIRCLE('',#2470,70.);
#2470 = AXIS2_PLACEMENT_3D('',#2471,#2472,#2473);
#2471 = CARTESIAN_POINT('',(0.,0.,35.));
#2472 = DIRECTION('',(0.,0.,1.));
#2473 = DIRECTION('',(1.,0.,-0.));
#2474 = ORIENTED_EDGE('',*,*,#2475,.T.);
#2475 = EDGE_CURVE('',#2467,#2476,#2478,.T.);
#2476 = VERTEX_POINT('',#2477);
#2477 = CARTESIAN_POINT('',(-44.74985765534,49.74123451039,35.));
#2478 = B_SPLINE_CURVE_WITH_KNOTS('',7,(#2479,#2480,#2481,#2482,#2483,
    #2484,#2485,#2486,#2487,#2488,#2489,#2490,#2491,#2492,#2493,#2494,
    #2495,#2496,#2497,#2498,#2499,#2500,#2501,#2502,#2503,#2504,#2505,
    #2506,#2507,#2508,#2509,#2510,#2511,#2512,#2513,#2514,#2515,#2516,
    #2517,#2518,#2519,#2520,#2521,#2522),.UNSPECIFIED.,.F.,.F.,(8,6,6,6,
    6,6,6,8),(0.,0.244287368813,0.495141310613,0.617654021702,
    0.749863440819,0.824058091385,0.89183995688,1.),.UNSPECIFIED.);
#2479 = CARTESIAN_POINT('',(-69.63049582412,70.,35.));
#2480 = CARTESIAN_POINT('',(-68.62018140416,69.2257073824,35.));
#2481 = CARTESIAN_POINT('',(-67.61183215877,68.451812846348,35.));
#2482 = CARTESIAN_POINT('',(-66.6056297055,67.678370348845,35.));
#2483 = CARTESIAN_POINT('',(-65.6018050082,66.905457377326,35.));
#2484 = CARTESIAN_POINT('',(-64.60064306246,66.133176076672,35.));
#2485 = CARTESIAN_POINT('',(-63.60249744717,65.361656905466,35.));
#2486 = CARTESIAN_POINT('',(-61.58639444314,63.799758816913,35.));
#2487 = CARTESIAN_POINT('',(-60.56868710938,63.009477971877,35.));
#2488 = CARTESIAN_POINT('',(-59.55511563304,62.22035366486,35.));
#2489 = CARTESIAN_POINT('',(-58.54629755706,61.432626462626,35.));
#2490 = CARTESIAN_POINT('',(-57.54309516426,60.646662945635,35.));
#2491 = CARTESIAN_POINT('',(-56.54664792638,59.862965915198,35.));
#2492 = CARTESIAN_POINT('',(-55.07605165119,58.700959651143,35.));
#2493 = CARTESIAN_POINT('',(-54.59552814808,58.320397248757,35.));
#2494 = CARTESIAN_POINT('',(-54.11721772688,57.940643663454,35.));
#2495 = CARTESIAN_POINT('',(-53.64136256944,57.561811174685,35.));
#2496 = CARTESIAN_POINT('',(-53.16826130211,57.184043670622,35.));
#2497 = CARTESIAN_POINT('',(-52.69828257067,56.807521980673,35.));
#2498 = CARTESIAN_POINT('',(-51.72857843524,56.027739071023,35.));
#2499 = CARTESIAN_POINT('',(-51.22952021893,55.624782435111,35.));
#2500 = CARTESIAN_POINT('',(-50.73521218274,55.223823304234,35.));
#2501 = CARTESIAN_POINT('',(-50.24639996459,54.825240702184,35.));
#2502 = CARTESIAN_POINT('',(-49.76412892822,54.42959700845,35.));
#2503 = CARTESIAN_POINT('',(-49.28977697375,54.037652589373,35.));
#2504 = CARTESIAN_POINT('',(-48.56463524892,53.433197475537,35.));
#2505 = CARTESIAN_POINT('',(-48.30712239979,53.217453110654,35.));
#2506 = CARTESIAN_POINT('',(-48.0530929981,53.003424628936,35.));
#2507 = CARTESIAN_POINT('',(-47.80299265167,52.79136758314,35.));
#2508 = CARTESIAN_POINT('',(-47.55738363545,52.581615004321,35.));
#2509 = CARTESIAN_POINT('',(-47.31696828586,52.374589500495,35.));
#2510 = CARTESIAN_POINT('',(-46.86854628614,51.984671489405,35.));
#2511 = CARTESIAN_POINT('',(-46.65959970257,51.801296297456,35.));
#2512 = CARTESIAN_POINT('',(-46.45640862449,51.621059454963,35.));
#2513 = CARTESIAN_POINT('',(-46.25984119983,51.444502773437,35.));
#2514 = CARTESIAN_POINT('',(-46.07102019464,51.272352092704,35.));
#2515 = CARTESIAN_POINT('',(-45.89134711693,51.105531166739,35.));
#2516 = CARTESIAN_POINT('',(-45.45318813523,50.689324032762,35.));
#2517 = CARTESIAN_POINT('',(-45.21050548327,50.448995129824,35.));
#2518 = CARTESIAN_POINT('',(-45.00272440339,50.229888076059,35.));
#2519 = CARTESIAN_POINT('',(-44.84151521665,50.040525238376,35.));
#2520 = CARTESIAN_POINT('',(-44.74014875584,49.891028938895,35.));
#2521 = CARTESIAN_POINT('',(-44.71023182311,49.790923732343,35.));
#2522 = CARTESIAN_POINT('',(-44.74985765534,49.74123451039,35.));
#2523 = ORIENTED_EDGE('',*,*,#2524,.T.);
#2524 = EDGE_CURVE('',#2476,#2525,#2527,.T.);
#2525 = VERTEX_POINT('',#2526);
#2526 = CARTESIAN_POINT('',(-58.45189803044,32.559419334962,35.));
#2527 = LINE('',#2528,#2529);
#2528 = CARTESIAN_POINT('',(-39.75457160757,56.005125089569,35.));
#2529 = VECTOR('',#2530,1.);
#2530 = DIRECTION('',(-0.623489801859,-0.781831482468,0.));
#2531 = ORIENTED_EDGE('',*,*,#2532,.F.);
#2532 = EDGE_CURVE('',#2533,#2525,#2535,.T.);
#2533 = VERTEX_POINT('',#2534);
#2534 = CARTESIAN_POINT('',(-61.11569736113,34.130214415715,35.));
#2535 = B_SPLINE_CURVE_WITH_KNOTS('',7,(#2536,#2537,#2538,#2539,#2540,
    #2541,#2542,#2543,#2544,#2545,#2546,#2547,#2548,#2549,#2550,#2551,
    #2552,#2553,#2554,#2555,#2556,#2557,#2558,#2559,#2560,#2561,#2562,
    #2563,#2564,#2565,#2566,#2567),.UNSPECIFIED.,.F.,.F.,(8,6,6,6,6,8),(
    0.,0.24464115016,0.505832742148,0.652410943821,0.786320112131,1.),
  .UNSPECIFIED.);
#2536 = CARTESIAN_POINT('',(-70.,41.047660368373,35.));
#2537 = CARTESIAN_POINT('',(-69.51566020168,40.657787405645,35.));
#2538 = CARTESIAN_POINT('',(-69.03249662855,40.269754616816,35.));
#2539 = CARTESIAN_POINT('',(-68.55063451273,39.883732923487,35.));
#2540 = CARTESIAN_POINT('',(-68.070241305,39.499938902858,35.));
#2541 = CARTESIAN_POINT('',(-67.59152940022,39.118638846883,35.));
#2542 = CARTESIAN_POINT('',(-67.1147647497,38.740161390977,35.));
#2543 = CARTESIAN_POINT('',(-66.13369826242,37.964290148463,35.));
#2544 = CARTESIAN_POINT('',(-65.62979369028,37.567410650547,35.));
#2545 = CARTESIAN_POINT('',(-65.12889355606,37.174717749128,35.));
#2546 = CARTESIAN_POINT('',(-64.63153330071,36.786854046714,35.));
#2547 = CARTESIAN_POINT('',(-64.13849381897,36.404713556354,35.));
#2548 = CARTESIAN_POINT('',(-63.65082302486,36.02947043394,35.));
#2549 = CARTESIAN_POINT('',(-62.90016364886,35.457013442581,35.));
#2550 = CARTESIAN_POINT('',(-62.63252644595,35.25396461579,35.));
#2551 = CARTESIAN_POINT('',(-62.3673372454,35.053930079203,35.));
#2552 = CARTESIAN_POINT('',(-62.10494434981,34.85728740251,35.));
#2553 = CARTESIAN_POINT('',(-61.84579755839,34.664510656852,35.));
#2554 = CARTESIAN_POINT('',(-61.59046516804,34.476190530486,35.));
#2555 = CARTESIAN_POINT('',(-61.11053993339,34.12577632651,35.));
#2556 = CARTESIAN_POINT('',(-60.88526735143,33.962873289011,35.));
#2557 = CARTESIAN_POINT('',(-60.66433515441,33.80488310601,35.));
#2558 = CARTESIAN_POINT('',(-60.44846475059,33.652531594754,35.));
#2559 = CARTESIAN_POINT('',(-60.23861362042,33.506751856649,35.));
#2560 = CARTESIAN_POINT('',(-60.0359942223,33.368704706364,35.));
#2561 = CARTESIAN_POINT('',(-59.53272272431,33.034146085302,35.));
#2562 = CARTESIAN_POINT('',(-59.24441739837,32.851026206059,35.));
#2563 = CARTESIAN_POINT('',(-58.98456817592,32.697210537877,35.));
#2564 = CARTESIAN_POINT('',(-58.76408064116,32.58218039754,35.));
#2565 = CARTESIAN_POINT('',(-58.59577636649,32.51662146172,35.));
#2566 = CARTESIAN_POINT('',(-58.49152386266,32.509730113009,35.));
#2567 = CARTESIAN_POINT('',(-58.45189803043,32.559419334962,35.));
#2568 = ORIENTED_EDGE('',*,*,#2569,.T.);
#2569 = EDGE_CURVE('',#2533,#2570,#2572,.T.);
#2570 = VERTEX_POINT('',#2571);
#2571 = CARTESIAN_POINT('',(-69.87188571009,-4.233153353569,35.));
#2572 = CIRCLE('',#2573,70.);
#2573 = AXIS2_PLACEMENT_3D('',#2574,#2575,#2576);
#2574 = CARTESIAN_POINT('',(0.,0.,35.));
#2575 = DIRECTION('',(0.,0.,1.));
#2576 = DIRECTION('',(1.,0.,-0.));
#2577 = ORIENTED_EDGE('',*,*,#2578,.T.);
#2578 = EDGE_CURVE('',#2570,#2579,#2581,.T.);
#2579 = VERTEX_POINT('',#2580);
#2580 = CARTESIAN_POINT('',(-66.79034299978,-3.973695101816,35.));
#2581 = B_SPLINE_CURVE_WITH_KNOTS('',6,(#2582,#2583,#2584,#2585,#2586,
    #2587,#2588,#2589,#2590,#2591,#2592,#2593),.UNSPECIFIED.,.F.,.F.,(7,
    5,7),(0.,0.546350914089,1.),.UNSPECIFIED.);
#2582 = CARTESIAN_POINT('',(-70.,-4.256313865805,35.));
#2583 = CARTESIAN_POINT('',(-69.55488184711,-4.175401956516,35.));
#2584 = CARTESIAN_POINT('',(-69.12529059275,-4.100935758818,35.));
#2585 = CARTESIAN_POINT('',(-68.71380376402,-4.034038831958,35.));
#2586 = CARTESIAN_POINT('',(-68.32641509965,-3.976729620161,35.));
#2587 = CARTESIAN_POINT('',(-67.97261621847,-3.931950410015,35.));
#2588 = CARTESIAN_POINT('',(-67.41028003485,-3.879988233274,35.));
#2589 = CARTESIAN_POINT('',(-67.18694612691,-3.867684060096,35.));
#2590 = CARTESIAN_POINT('',(-67.00450177371,-3.869056183183,35.));
#2591 = CARTESIAN_POINT('',(-66.87328564216,-3.886583230632,35.));
#2592 = CARTESIAN_POINT('',(-66.80214645854,-3.921980770045,35.));
#2593 = CARTESIAN_POINT('',(-66.79034299978,-3.973695101816,35.));
#2594 = ORIENTED_EDGE('',*,*,#2595,.T.);
#2595 = EDGE_CURVE('',#2579,#2596,#2598,.T.);
#2596 = VERTEX_POINT('',#2597);
#2597 = CARTESIAN_POINT('',(-61.90014140821,-25.39906818041,35.));
#2598 = LINE('',#2599,#2600);
#2599 = CARTESIAN_POINT('',(-68.57313994917,3.837248690338,35.));
#2600 = VECTOR('',#2601,1.);
#2601 = DIRECTION('',(0.222520933956,-0.974927912182,0.));
#2602 = ORIENTED_EDGE('',*,*,#2603,.F.);
#2603 = EDGE_CURVE('',#2604,#2596,#2606,.T.);
#2604 = VERTEX_POINT('',#2605);
#2605 = CARTESIAN_POINT('',(-64.78909017174,-26.50233564647,35.));
#2606 = B_SPLINE_CURVE_WITH_KNOTS('',7,(#2607,#2608,#2609,#2610,#2611,
    #2612,#2613,#2614,#2615,#2616,#2617,#2618,#2619,#2620,#2621,#2622,
    #2623,#2624,#2625,#2626,#2627,#2628,#2629,#2630,#2631,#2632),
  .UNSPECIFIED.,.F.,.F.,(8,6,6,6,8),(0.,0.254455197407,0.526725997924,
    0.768799424868,1.),.UNSPECIFIED.);
#2607 = CARTESIAN_POINT('',(-70.,-27.81852201322,35.));
#2608 = CARTESIAN_POINT('',(-69.60057138124,-27.72364806208,35.));
#2609 = CARTESIAN_POINT('',(-69.20364946322,-27.62868232785,35.));
#2610 = CARTESIAN_POINT('',(-68.80948374319,-27.53362879854,35.));
#2611 = CARTESIAN_POINT('',(-68.41839757452,-27.43849983846,35.));
#2612 = CARTESIAN_POINT('',(-68.03079324679,-27.34331609351,35.));
#2613 = CARTESIAN_POINT('',(-67.64716814668,-27.24810629112,35.));
#2614 = CARTESIAN_POINT('',(-66.8625784529,-27.0510422247,35.));
#2615 = CARTESIAN_POINT('',(-66.46238353996,-26.9492153762,35.));
#2616 = CARTESIAN_POINT('',(-66.06820946372,-26.84744510542,35.));
#2617 = CARTESIAN_POINT('',(-65.68104253587,-26.74580233935,35.));
#2618 = CARTESIAN_POINT('',(-65.30224998515,-26.64441210582,35.));
#2619 = CARTESIAN_POINT('',(-64.93361336438,-26.54345451794,35.));
#2620 = CARTESIAN_POINT('',(-64.26095103459,-26.3540119986,35.));
#2621 = CARTESIAN_POINT('',(-63.95457599271,-26.26546500208,35.));
#2622 = CARTESIAN_POINT('',(-63.65982514863,-26.17763135709,35.));
#2623 = CARTESIAN_POINT('',(-63.37905525548,-26.09079717907,35.));
#2624 = CARTESIAN_POINT('',(-63.11555361537,-26.00543348188,35.));
#2625 = CARTESIAN_POINT('',(-62.87354488726,-25.92219717154,35.));
#2626 = CARTESIAN_POINT('',(-62.45232290362,-25.76525389311,35.));
#2627 = CARTESIAN_POINT('',(-62.27048786261,-25.69117912614,35.));
#2628 = CARTESIAN_POINT('',(-62.1178826741,-25.6207199745,35.));
#2629 = CARTESIAN_POINT('',(-62.00028340735,-25.55509722526,35.));
#2630 = CARTESIAN_POINT('',(-61.92314921587,-25.49560980933,35.));
#2631 = CARTESIAN_POINT('',(-61.89002415785,-25.4433947505,35.));
#2632 = CARTESIAN_POINT('',(-61.90014140821,-25.39906818041,35.));
#2633 = ORIENTED_EDGE('',*,*,#2634,.T.);
#2634 = EDGE_CURVE('',#2604,#2635,#2637,.T.);
#2635 = VERTEX_POINT('',#2636);
#2636 = CARTESIAN_POINT('',(-40.25479561495,-57.26736793321,35.));
#2637 = CIRCLE('',#2638,70.);
#2638 = AXIS2_PLACEMENT_3D('',#2639,#2640,#2641);
#2639 = CARTESIAN_POINT('',(0.,0.,35.));
#2640 = DIRECTION('',(0.,0.,1.));
#2641 = DIRECTION('',(1.,0.,-0.));
#2642 = ORIENTED_EDGE('',*,*,#2643,.T.);
#2643 = EDGE_CURVE('',#2635,#2644,#2646,.T.);
#2644 = VERTEX_POINT('',#2645);
#2645 = CARTESIAN_POINT('',(-38.53633779068,-54.69635125374,35.));
#2646 = B_SPLINE_CURVE_WITH_KNOTS('',7,(#2647,#2648,#2649,#2650,#2651,
    #2652,#2653,#2654,#2655,#2656,#2657,#2658,#2659,#2660,#2661,#2662,
    #2663,#2664,#2665,#2666,#2667,#2668,#2669,#2670,#2671,#2672,#2673,
    #2674,#2675,#2676,#2677,#2678,#2679,#2680,#2681,#2682,#2683,#2684),
  .UNSPECIFIED.,.F.,.F.,(8,6,6,6,6,6,8),(0.,0.242439669756,
    0.498605761485,0.638261506869,0.771527331608,0.879093325361,1.),
  .UNSPECIFIED.);
#2647 = CARTESIAN_POINT('',(-46.51041978957,-70.,35.));
#2648 = CARTESIAN_POINT('',(-46.20128750645,-69.34389594279,35.));
#2649 = CARTESIAN_POINT('',(-45.89234693449,-68.68988272554,35.));
#2650 = CARTESIAN_POINT('',(-45.58363025119,-68.03815952733,35.));
#2651 = CARTESIAN_POINT('',(-45.2751859188,-67.38898180869,35.));
#2652 = CARTESIAN_POINT('',(-44.96707923931,-66.74266606038,35.));
#2653 = CARTESIAN_POINT('',(-44.65939417946,-66.09960445264,35.));
#2654 = CARTESIAN_POINT('',(-44.02768813099,-64.78477764812,35.));
#2655 = CARTESIAN_POINT('',(-43.70376757135,-64.11352991623,35.));
#2656 = CARTESIAN_POINT('',(-43.38055987443,-63.44704424534,35.));
#2657 = CARTESIAN_POINT('',(-43.05823683914,-62.78606846156,35.));
#2658 = CARTESIAN_POINT('',(-42.73706733141,-62.13165468258,35.));
#2659 = CARTESIAN_POINT('',(-42.41742330367,-61.48519397665,35.));
#2660 = CARTESIAN_POINT('',(-41.92667809277,-60.50164107147,35.));
#2661 = CARTESIAN_POINT('',(-41.75415810553,-60.15760869337,35.));
#2662 = CARTESIAN_POINT('',(-41.58234579476,-59.81687767132,35.));
#2663 = CARTESIAN_POINT('',(-41.41135914691,-59.47986182691,35.));
#2664 = CARTESIAN_POINT('',(-41.24135488806,-59.14708289071,35.));
#2665 = CARTESIAN_POINT('',(-41.07253394734,-58.81919372265,35.));
#2666 = CARTESIAN_POINT('',(-40.74542668282,-58.18958483032,35.));
#2667 = CARTESIAN_POINT('',(-40.58705580096,-57.88743895394,35.));
#2668 = CARTESIAN_POINT('',(-40.43022047719,-57.59121992342,35.));
#2669 = CARTESIAN_POINT('',(-40.27522177812,-57.30185574554,35.));
#2670 = CARTESIAN_POINT('',(-40.1224885367,-57.02059400454,35.));
#2671 = CARTESIAN_POINT('',(-39.97258465585,-56.74902785385,35.));
#2672 = CARTESIAN_POINT('',(-39.70812741296,-56.27952241101,35.));
#2673 = CARTESIAN_POINT('',(-39.59238966435,-56.07758665777,35.));
#2674 = CARTESIAN_POINT('',(-39.4793875887,-55.8844424624,35.));
#2675 = CARTESIAN_POINT('',(-39.36965973238,-55.70151376899,35.));
#2676 = CARTESIAN_POINT('',(-39.26392753968,-55.53062068188,35.));
#2677 = CARTESIAN_POINT('',(-39.16307855598,-55.37392886752,35.));
#2678 = CARTESIAN_POINT('',(-38.96141241467,-55.07639903188,35.));
#2679 = CARTESIAN_POINT('',(-38.86200944457,-54.93972899635,35.));
#2680 = CARTESIAN_POINT('',(-38.7717080323,-54.82780593874,35.));
#2681 = CARTESIAN_POINT('',(-38.69243750286,-54.74472587622,35.));
#2682 = CARTESIAN_POINT('',(-38.62605096073,-54.69415064927,35.));
#2683 = CARTESIAN_POINT('',(-38.57390973563,-54.67825755867,35.));
#2684 = CARTESIAN_POINT('',(-38.53633779068,-54.69635125374,35.));
#2685 = ORIENTED_EDGE('',*,*,#2686,.T.);
#2686 = EDGE_CURVE('',#2644,#2687,#2689,.T.);
#2687 = VERTEX_POINT('',#2688);
#2688 = CARTESIAN_POINT('',(-18.73631577283,-64.23153930937,35.));
#2689 = LINE('',#2690,#2691);
#2690 = CARTESIAN_POINT('',(-45.7547352719,-51.22015423832,35.));
#2691 = VECTOR('',#2692,1.);
#2692 = DIRECTION('',(0.900968867902,-0.433883739118,0.));
#2693 = ORIENTED_EDGE('',*,*,#2694,.F.);
#2694 = EDGE_CURVE('',#2695,#2687,#2697,.T.);
#2695 = VERTEX_POINT('',#2696);
#2696 = CARTESIAN_POINT('',(-19.67497662644,-67.17808641773,35.));
#2697 = B_SPLINE_CURVE_WITH_KNOTS('',6,(#2698,#2699,#2700,#2701,#2702,
    #2703,#2704,#2705,#2706,#2707,#2708,#2709,#2710,#2711,#2712,#2713,
    #2714,#2715,#2716,#2717,#2718,#2719),.UNSPECIFIED.,.F.,.F.,(7,5,5,5,
    7),(0.,0.288845814999,0.566274367152,0.756419158127,1.),
  .UNSPECIFIED.);
#2698 = CARTESIAN_POINT('',(-20.93050452852,-70.,35.));
#2699 = CARTESIAN_POINT('',(-20.75697269493,-69.62180579158,35.));
#2700 = CARTESIAN_POINT('',(-20.58634748842,-69.24722977909,35.));
#2701 = CARTESIAN_POINT('',(-20.41899749169,-68.8767742154,35.));
#2702 = CARTESIAN_POINT('',(-20.25543792606,-68.51118806926,35.));
#2703 = CARTESIAN_POINT('',(-20.09634422506,-68.15148446348,35.));
#2704 = CARTESIAN_POINT('',(-19.79502448811,-67.46057523626,35.));
#2705 = CARTESIAN_POINT('',(-19.65244015686,-67.12894207236,35.));
#2706 = CARTESIAN_POINT('',(-19.51564542601,-66.80524809346,35.));
#2707 = CARTESIAN_POINT('',(-19.38580235677,-66.49132820424,35.));
#2708 = CARTESIAN_POINT('',(-19.26449462259,-66.18978471408,35.));
#2709 = CARTESIAN_POINT('',(-19.07810622074,-65.70853559254,35.));
#2710 = CARTESIAN_POINT('',(-19.00737315662,-65.52042328336,35.));
#2711 = CARTESIAN_POINT('',(-18.94240206514,-65.34106633848,35.));
#2712 = CARTESIAN_POINT('',(-18.88410183009,-65.17206057954,35.));
#2713 = CARTESIAN_POINT('',(-18.83357122486,-65.01540370729,35.));
#2714 = CARTESIAN_POINT('',(-18.73866707373,-64.69122753004,35.));
#2715 = CARTESIAN_POINT('',(-18.69994334566,-64.5327844221,35.));
#2716 = CARTESIAN_POINT('',(-18.67845894238,-64.40324321517,35.));
#2717 = CARTESIAN_POINT('',(-18.6767409725,-64.30793281158,35.));
#2718 = CARTESIAN_POINT('',(-18.69635635518,-64.25078275069,35.));
#2719 = CARTESIAN_POINT('',(-18.73631577283,-64.23153930937,35.));
#2720 = ORIENTED_EDGE('',*,*,#2721,.T.);
#2721 = EDGE_CURVE('',#2695,#2722,#2724,.T.);
#2722 = VERTEX_POINT('',#2723);
#2723 = CARTESIAN_POINT('',(19.67497662644,-67.17808641773,35.));
#2724 = CIRCLE('',#2725,70.);
#2725 = AXIS2_PLACEMENT_3D('',#2726,#2727,#2728);
#2726 = CARTESIAN_POINT('',(0.,0.,35.));
#2727 = DIRECTION('',(0.,0.,1.));
#2728 = DIRECTION('',(1.,0.,-0.));
#2729 = ORIENTED_EDGE('',*,*,#2730,.T.);
#2730 = EDGE_CURVE('',#2722,#2731,#2733,.T.);
#2731 = VERTEX_POINT('',#2732);
#2732 = CARTESIAN_POINT('',(18.736315772835,-64.23153930937,35.));
#2733 = B_SPLINE_CURVE_WITH_KNOTS('',6,(#2734,#2735,#2736,#2737,#2738,
    #2739,#2740,#2741,#2742,#2743,#2744,#2745,#2746,#2747,#2748,#2749,
    #2750,#2751,#2752,#2753,#2754,#2755),.UNSPECIFIED.,.F.,.F.,(7,5,5,5,
    7),(0.,0.288845814999,0.566274367154,0.756419158129,1.),
  .UNSPECIFIED.);
#2734 = CARTESIAN_POINT('',(20.930504528528,-70.,35.));
#2735 = CARTESIAN_POINT('',(20.756972694933,-69.62180579158,35.));
#2736 = CARTESIAN_POINT('',(20.586347488429,-69.24722977909,35.));
#2737 = CARTESIAN_POINT('',(20.418997491691,-68.8767742154,35.));
#2738 = CARTESIAN_POINT('',(20.255437926064,-68.51118806926,35.));
#2739 = CARTESIAN_POINT('',(20.096344225061,-68.15148446348,35.));
#2740 = CARTESIAN_POINT('',(19.795024488113,-67.46057523626,35.));
#2741 = CARTESIAN_POINT('',(19.65244015686,-67.12894207236,35.));
#2742 = CARTESIAN_POINT('',(19.515645426014,-66.80524809347,35.));
#2743 = CARTESIAN_POINT('',(19.385802356776,-66.49132820424,35.));
#2744 = CARTESIAN_POINT('',(19.264494622598,-66.18978471408,35.));
#2745 = CARTESIAN_POINT('',(19.078106220742,-65.70853559254,35.));
#2746 = CARTESIAN_POINT('',(19.00737315662,-65.52042328335,35.));
#2747 = CARTESIAN_POINT('',(18.942402065142,-65.34106633848,35.));
#2748 = CARTESIAN_POINT('',(18.884101830095,-65.17206057953,35.));
#2749 = CARTESIAN_POINT('',(18.833571224862,-65.01540370729,35.));
#2750 = CARTESIAN_POINT('',(18.738667073732,-64.69122753004,35.));
#2751 = CARTESIAN_POINT('',(18.69994334566,-64.53278442209,35.));
#2752 = CARTESIAN_POINT('',(18.678458942388,-64.40324321518,35.));
#2753 = CARTESIAN_POINT('',(18.676740972498,-64.30793281157,35.));
#2754 = CARTESIAN_POINT('',(18.696356355188,-64.25078275069,35.));
#2755 = CARTESIAN_POINT('',(18.736315772834,-64.23153930937,35.));
#2756 = ORIENTED_EDGE('',*,*,#2757,.T.);
#2757 = EDGE_CURVE('',#2731,#2143,#2758,.T.);
#2758 = LINE('',#2759,#2760);
#2759 = CARTESIAN_POINT('',(11.517918291613,-67.70773632479,35.));
#2760 = VECTOR('',#2761,1.);
#2761 = DIRECTION('',(0.900968867902,0.433883739118,0.));
#2762 = ORIENTED_EDGE('',*,*,#2166,.F.);
#2763 = ORIENTED_EDGE('',*,*,#227,.T.);
#2764 = ORIENTED_EDGE('',*,*,#2765,.T.);
#2765 = EDGE_CURVE('',#109,#2766,#2768,.T.);
#2766 = VERTEX_POINT('',#2767);
#2767 = CARTESIAN_POINT('',(61.900141408218,-25.39906818041,35.));
#2768 = B_SPLINE_CURVE_WITH_KNOTS('',7,(#2769,#2770,#2771,#2772,#2773,
    #2774,#2775,#2776,#2777,#2778,#2779,#2780,#2781,#2782,#2783,#2784,
    #2785,#2786,#2787,#2788,#2789,#2790,#2791,#2792,#2793,#2794),
  .UNSPECIFIED.,.F.,.F.,(8,6,6,6,8),(0.,0.254455197407,0.526725997923,
    0.768799424867,1.),.UNSPECIFIED.);
#2769 = CARTESIAN_POINT('',(70.,-27.81852201322,35.));
#2770 = CARTESIAN_POINT('',(69.600571381245,-27.72364806208,35.));
#2771 = CARTESIAN_POINT('',(69.203649463224,-27.62868232785,35.));
#2772 = CARTESIAN_POINT('',(68.80948374319,-27.53362879854,35.));
#2773 = CARTESIAN_POINT('',(68.418397574528,-27.43849983846,35.));
#2774 = CARTESIAN_POINT('',(68.030793246796,-27.34331609351,35.));
#2775 = CARTESIAN_POINT('',(67.647168146679,-27.24810629112,35.));
#2776 = CARTESIAN_POINT('',(66.862578452901,-27.0510422247,35.));
#2777 = CARTESIAN_POINT('',(66.462383539958,-26.9492153762,35.));
#2778 = CARTESIAN_POINT('',(66.068209463728,-26.84744510542,35.));
#2779 = CARTESIAN_POINT('',(65.681042535874,-26.74580233935,35.));
#2780 = CARTESIAN_POINT('',(65.302249985161,-26.64441210582,35.));
#2781 = CARTESIAN_POINT('',(64.93361336438,-26.54345451794,35.));
#2782 = CARTESIAN_POINT('',(64.260951034599,-26.3540119986,35.));
#2783 = CARTESIAN_POINT('',(63.954575992718,-26.26546500208,35.));
#2784 = CARTESIAN_POINT('',(63.659825148619,-26.17763135709,35.));
#2785 = CARTESIAN_POINT('',(63.379055255511,-26.09079717908,35.));
#2786 = CARTESIAN_POINT('',(63.115553615363,-26.00543348188,35.));
#2787 = CARTESIAN_POINT('',(62.873544887266,-25.92219717154,35.));
#2788 = CARTESIAN_POINT('',(62.452322903622,-25.76525389311,35.));
#2789 = CARTESIAN_POINT('',(62.270487862615,-25.69117912614,35.));
#2790 = CARTESIAN_POINT('',(62.117882674101,-25.6207199745,35.));
#2791 = CARTESIAN_POINT('',(62.000283407355,-25.55509722526,35.));
#2792 = CARTESIAN_POINT('',(61.923149215871,-25.49560980933,35.));
#2793 = CARTESIAN_POINT('',(61.890024157853,-25.4433947505,35.));
#2794 = CARTESIAN_POINT('',(61.900141408218,-25.39906818041,35.));
#2795 = ORIENTED_EDGE('',*,*,#2796,.T.);
#2796 = EDGE_CURVE('',#2766,#2797,#2799,.T.);
#2797 = VERTEX_POINT('',#2798);
#2798 = CARTESIAN_POINT('',(66.790342999783,-3.973695101816,35.));
#2799 = LINE('',#2800,#2801);
#2800 = CARTESIAN_POINT('',(60.11734445883,-33.21001197257,35.));
#2801 = VECTOR('',#2802,1.);
#2802 = DIRECTION('',(0.222520933956,0.974927912182,0.));
#2803 = ORIENTED_EDGE('',*,*,#2804,.F.);
#2804 = EDGE_CURVE('',#2294,#2797,#2805,.T.);
#2805 = B_SPLINE_CURVE_WITH_KNOTS('',6,(#2806,#2807,#2808,#2809,#2810,
    #2811,#2812,#2813,#2814,#2815,#2816,#2817),.UNSPECIFIED.,.F.,.F.,(7,
    5,7),(0.,0.546350914089,1.),.UNSPECIFIED.);
#2806 = CARTESIAN_POINT('',(70.,-4.256313865805,35.));
#2807 = CARTESIAN_POINT('',(69.554881847109,-4.175401956517,35.));
#2808 = CARTESIAN_POINT('',(69.125290592749,-4.100935758817,35.));
#2809 = CARTESIAN_POINT('',(68.713803764032,-4.03403883196,35.));
#2810 = CARTESIAN_POINT('',(68.326415099655,-3.97672962016,35.));
#2811 = CARTESIAN_POINT('',(67.972616218476,-3.931950410015,35.));
#2812 = CARTESIAN_POINT('',(67.410280034858,-3.879988233274,35.));
#2813 = CARTESIAN_POINT('',(67.186946126926,-3.867684060098,35.));
#2814 = CARTESIAN_POINT('',(67.004501773702,-3.86905618318,35.));
#2815 = CARTESIAN_POINT('',(66.873285642175,-3.886583230634,35.));
#2816 = CARTESIAN_POINT('',(66.802146458541,-3.921980770045,35.));
#2817 = CARTESIAN_POINT('',(66.790342999782,-3.973695101815,35.));
#2818 = FACE_BOUND('',#2819,.F.);
#2819 = EDGE_LOOP('',(#2820));
#2820 = ORIENTED_EDGE('',*,*,#2821,.F.);
#2821 = EDGE_CURVE('',#2822,#2822,#2824,.T.);
#2822 = VERTEX_POINT('',#2823);
#2823 = CARTESIAN_POINT('',(-25.41597412837,-45.30495168499,35.));
#2824 = CIRCLE('',#2825,7.5);
#2825 = AXIS2_PLACEMENT_3D('',#2826,#2827,#2828);
#2826 = CARTESIAN_POINT('',(-32.91597412837,-45.30495168499,35.));
#2827 = DIRECTION('',(0.,0.,1.));
#2828 = DIRECTION('',(1.,0.,-0.));
#2829 = FACE_BOUND('',#2830,.F.);
#2830 = EDGE_LOOP('',(#2831));
#2831 = ORIENTED_EDGE('',*,*,#2832,.F.);
#2832 = EDGE_CURVE('',#2833,#2833,#2835,.T.);
#2833 = VERTEX_POINT('',#2834);
#2834 = CARTESIAN_POINT('',(28.55,-6.992733223131E-15,35.));
#2835 = CIRCLE('',#2836,28.55);
#2836 = AXIS2_PLACEMENT_3D('',#2837,#2838,#2839);
#2837 = CARTESIAN_POINT('',(0.,0.,35.));
#2838 = DIRECTION('',(0.,0.,1.));
#2839 = DIRECTION('',(1.,0.,-0.));
#2840 = FACE_BOUND('',#2841,.F.);
#2841 = EDGE_LOOP('',(#2842));
#2842 = ORIENTED_EDGE('',*,*,#2843,.F.);
#2843 = EDGE_CURVE('',#2844,#2844,#2846,.T.);
#2844 = VERTEX_POINT('',#2845);
#2845 = CARTESIAN_POINT('',(40.415974128378,-45.30495168499,35.));
#2846 = CIRCLE('',#2847,7.5);
#2847 = AXIS2_PLACEMENT_3D('',#2848,#2849,#2850);
#2848 = CARTESIAN_POINT('',(32.915974128378,-45.30495168499,35.));
#2849 = DIRECTION('',(0.,0.,1.));
#2850 = DIRECTION('',(1.,0.,-0.));
#2851 = FACE_BOUND('',#2852,.F.);
#2852 = EDGE_LOOP('',(#2853));
#2853 = ORIENTED_EDGE('',*,*,#2854,.F.);
#2854 = EDGE_CURVE('',#2855,#2855,#2857,.T.);
#2855 = VERTEX_POINT('',#2856);
#2856 = CARTESIAN_POINT('',(-45.75916491252,17.304951684997,35.));
#2857 = CIRCLE('',#2858,7.5);
#2858 = AXIS2_PLACEMENT_3D('',#2859,#2860,#2861);
#2859 = CARTESIAN_POINT('',(-53.25916491252,17.304951684997,35.));
#2860 = DIRECTION('',(0.,0.,1.));
#2861 = DIRECTION('',(1.,0.,-0.));
#2862 = FACE_BOUND('',#2863,.F.);
#2863 = EDGE_LOOP('',(#2864));
#2864 = ORIENTED_EDGE('',*,*,#2865,.F.);
#2865 = EDGE_CURVE('',#2866,#2866,#2868,.T.);
#2866 = VERTEX_POINT('',#2867);
#2867 = CARTESIAN_POINT('',(7.5,56.,35.));
#2868 = CIRCLE('',#2869,7.5);
#2869 = AXIS2_PLACEMENT_3D('',#2870,#2871,#2872);
#2870 = CARTESIAN_POINT('',(3.429011037613E-15,56.,35.));
#2871 = DIRECTION('',(0.,0.,1.));
#2872 = DIRECTION('',(1.,0.,-0.));
#2873 = FACE_BOUND('',#2874,.F.);
#2874 = EDGE_LOOP('',(#2875));
#2875 = ORIENTED_EDGE('',*,*,#2876,.F.);
#2876 = EDGE_CURVE('',#2877,#2877,#2879,.T.);
#2877 = VERTEX_POINT('',#2878);
#2878 = CARTESIAN_POINT('',(60.759164912529,17.304951684997,35.));
#2879 = CIRCLE('',#2880,7.5);
#2880 = AXIS2_PLACEMENT_3D('',#2881,#2882,#2883);
#2881 = CARTESIAN_POINT('',(53.259164912529,17.304951684997,35.));
#2882 = DIRECTION('',(0.,0.,1.));
#2883 = DIRECTION('',(1.,0.,-0.));
#2884 = PLANE('',#2885);
#2885 = AXIS2_PLACEMENT_3D('',#2886,#2887,#2888);
#2886 = CARTESIAN_POINT('',(0.,0.,35.));
#2887 = DIRECTION('',(0.,0.,1.));
#2888 = DIRECTION('',(1.,0.,-0.));
#2889 = ADVANCED_FACE('',(#2890),#2946,.F.);
#2890 = FACE_BOUND('',#2891,.F.);
#2891 = EDGE_LOOP('',(#2892,#2914,#2915,#2916,#2917));
#2892 = ORIENTED_EDGE('',*,*,#2893,.F.);
#2893 = EDGE_CURVE('',#2766,#2894,#2896,.T.);
#2894 = VERTEX_POINT('',#2895);
#2895 = CARTESIAN_POINT('',(205.79726312445,-51.06262915276,34.));
#2896 = B_SPLINE_CURVE_WITH_KNOTS('',6,(#2897,#2898,#2899,#2900,#2901,
    #2902,#2903,#2904,#2905,#2906,#2907,#2908,#2909,#2910,#2911,#2912,
    #2913),.UNSPECIFIED.,.F.,.F.,(7,5,5,7),(-9.000422918949,
    -5.474960499469E-02,146.55481105679,155.50048437074),.UNSPECIFIED.);
#2897 = CARTESIAN_POINT('',(52.662030183657,-23.75148254525,
    35.064199416322));
#2898 = CARTESIAN_POINT('',(54.129780825163,-24.01325086717,
    35.053999416322));
#2899 = CARTESIAN_POINT('',(55.597531466668,-24.27501918909,
    35.043799416322));
#2900 = CARTESIAN_POINT('',(57.065282108174,-24.53678751101,
    35.033599416322));
#2901 = CARTESIAN_POINT('',(58.53303274968,-24.79855583292,
    35.023399416322));
#2902 = CARTESIAN_POINT('',(60.000783391185,-25.06032415484,
    35.013199416322));
#2903 = CARTESIAN_POINT('',(85.523322214652,-29.61218192276,
    34.835832846935));
#2904 = CARTESIAN_POINT('',(109.57811039661,-33.90227136876,
    34.668666277548));
#2905 = CARTESIAN_POINT('',(133.63289857857,-38.19236081476,
    34.501499708161));
#2906 = CARTESIAN_POINT('',(157.68768676053,-42.48245026076,
    34.334333138774));
#2907 = CARTESIAN_POINT('',(181.74247494249,-46.77253970676,
    34.167166569387));
#2908 = CARTESIAN_POINT('',(207.26501376596,-51.32439747468,33.9898));
#2909 = CARTESIAN_POINT('',(208.73276440747,-51.5861657966,33.9796));
#2910 = CARTESIAN_POINT('',(210.20051504897,-51.84793411852,33.9694));
#2911 = CARTESIAN_POINT('',(211.66826569048,-52.10970244043,33.9592));
#2912 = CARTESIAN_POINT('',(213.13601633198,-52.37147076235,33.949));
#2913 = CARTESIAN_POINT('',(214.60376697349,-52.63323908427,33.9388));
#2914 = ORIENTED_EDGE('',*,*,#2765,.F.);
#2915 = ORIENTED_EDGE('',*,*,#108,.F.);
#2916 = ORIENTED_EDGE('',*,*,#2106,.T.);
#2917 = ORIENTED_EDGE('',*,*,#2918,.F.);
#2918 = EDGE_CURVE('',#2894,#2107,#2919,.T.);
#2919 = B_SPLINE_CURVE_WITH_KNOTS('',7,(#2920,#2921,#2922,#2923,#2924,
    #2925,#2926,#2927,#2928,#2929,#2930,#2931,#2932,#2933,#2934,#2935,
    #2936,#2937,#2938,#2939,#2940,#2941,#2942,#2943,#2944,#2945),
  .UNSPECIFIED.,.F.,.F.,(8,6,6,6,8),(0.,0.249928743901,0.500002573608,
    0.75007469467,1.),.UNSPECIFIED.);
#2920 = CARTESIAN_POINT('',(205.79726312445,-51.06262915276,34.));
#2921 = CARTESIAN_POINT('',(205.70719612472,-51.45723846186,34.));
#2922 = CARTESIAN_POINT('',(205.61494021476,-51.86143801324,
    34.023838195587));
#2923 = CARTESIAN_POINT('',(205.52096335154,-52.27317755356,
    34.073594322343));
#2924 = CARTESIAN_POINT('',(205.42584879376,-52.68990165942,
    34.15114205148));
#2925 = CARTESIAN_POINT('',(205.33029642744,-53.10854392979,
    34.257934940985));
#2926 = CARTESIAN_POINT('',(205.23509710992,-53.5256393923,
    34.394825659662));
#2927 = CARTESIAN_POINT('',(205.04700837704,-54.34970997475,
    34.729108307306));
#2928 = CARTESIAN_POINT('',(204.95412003686,-54.75668038402,
    34.926536733978));
#2929 = CARTESIAN_POINT('',(204.86324600907,-55.15482551404,
    35.154311976594));
#2930 = CARTESIAN_POINT('',(204.77525526444,-55.54033815516,
    35.411810777754));
#2931 = CARTESIAN_POINT('',(204.69100429834,-55.90946575594,
    35.697561774273));
#2932 = CARTESIAN_POINT('',(204.61126327263,-56.25883401684,
    36.009289745989));
#2933 = CARTESIAN_POINT('',(204.46207880379,-56.9124538815,
    36.678965131903));
#2934 = CARTESIAN_POINT('',(204.39263500162,-57.21670705833,
    37.03691352627));
#2935 = CARTESIAN_POINT('',(204.32897790124,-57.49560703803,
    37.415107423294));
#2936 = CARTESIAN_POINT('',(204.27161442036,-57.7469328691,
    37.810089797592));
#2937 = CARTESIAN_POINT('',(204.2208724139,-57.96924812519,
    38.218015913721));
#2938 = CARTESIAN_POINT('',(204.17689079158,-58.16194420306,
    38.634984884269));
#2939 = CARTESIAN_POINT('',(204.10242206026,-58.48821303297,
    39.479299588321));
#2940 = CARTESIAN_POINT('',(204.07192672555,-58.62182182415,
    39.906640440959));
#2941 = CARTESIAN_POINT('',(204.04813630604,-58.72605446247,
    40.335566432023));
#2942 = CARTESIAN_POINT('',(204.03086087799,-58.80174305816,
    40.762527272484));
#2943 = CARTESIAN_POINT('',(204.01977663695,-58.85030629117,
    41.184381054576));
#2944 = CARTESIAN_POINT('',(204.01446617507,-58.87357294492,
    41.598509451839));
#2945 = CARTESIAN_POINT('',(204.01446617507,-58.87357294492,
    42.002811770456));
#2946 = ( BOUNDED_SURFACE() B_SPLINE_SURFACE(2,6,(
    (#2947,#2948,#2949,#2950,#2951,#2952,#2953,#2954,#2955,#2956,#2957
      ,#2958,#2959,#2960,#2961,#2962,#2963)
    ,(#2964,#2965,#2966,#2967,#2968,#2969,#2970,#2971,#2972,#2973,#2974
      ,#2975,#2976,#2977,#2978,#2979,#2980)
    ,(#2981,#2982,#2983,#2984,#2985,#2986,#2987,#2988,#2989,#2990,#2991
      ,#2992,#2993,#2994,#2995,#2996,#2997
)),.UNSPECIFIED.,.F.,.F.,.F.) B_SPLINE_SURFACE_WITH_KNOTS((3,3),(7,5,5,7
    ),(0.,146.60956066178),(-9.000422918949,-5.474960499469E-02,
    146.55481105679,155.50048437074),.UNSPECIFIED.) 
GEOMETRIC_REPRESENTATION_ITEM() RATIONAL_B_SPLINE_SURFACE((
    (1.,1.,1.,1.,1.,1.,1.,1.,1.,1.,1.,1.,1.,1.,1.,1.,1.)
    ,(0.706990803572,0.706990803572,0.706990803572,0.706990803572
      ,0.706990803572,0.706990803572,0.706990803572,0.706990803572
      ,0.706990803572,0.706990803572,0.706990803572,0.706990803572
      ,0.706990803572,0.706990803572,0.706990803572,0.706990803572
      ,0.706990803572)
    ,(1.,1.,1.,1.,1.,1.,1.,1.,1.,1.,1.,1.,1.,1.,1.,1.,1.
))) REPRESENTATION_ITEM('') SURFACE() );
#2947 = CARTESIAN_POINT('',(52.662030183657,-23.75148254525,
    35.064199416322));
#2948 = CARTESIAN_POINT('',(54.129780825163,-24.01325086717,
    35.053999416322));
#2949 = CARTESIAN_POINT('',(55.597531466668,-24.27501918909,
    35.043799416322));
#2950 = CARTESIAN_POINT('',(57.065282108174,-24.53678751101,
    35.033599416322));
#2951 = CARTESIAN_POINT('',(58.53303274968,-24.79855583292,
    35.023399416322));
#2952 = CARTESIAN_POINT('',(60.000783391185,-25.06032415484,
    35.013199416322));
#2953 = CARTESIAN_POINT('',(85.523322214652,-29.61218192276,
    34.835832846935));
#2954 = CARTESIAN_POINT('',(109.57811039661,-33.90227136876,
    34.668666277548));
#2955 = CARTESIAN_POINT('',(133.63289857857,-38.19236081476,
    34.501499708161));
#2956 = CARTESIAN_POINT('',(157.68768676053,-42.48245026076,
    34.334333138774));
#2957 = CARTESIAN_POINT('',(181.74247494249,-46.77253970676,
    34.167166569387));
#2958 = CARTESIAN_POINT('',(207.26501376596,-51.32439747468,33.9898));
#2959 = CARTESIAN_POINT('',(208.73276440747,-51.5861657966,33.9796));
#2960 = CARTESIAN_POINT('',(210.20051504897,-51.84793411852,33.9694));
#2961 = CARTESIAN_POINT('',(211.66826569048,-52.10970244043,33.9592));
#2962 = CARTESIAN_POINT('',(213.13601633198,-52.37147076235,33.949));
#2963 = CARTESIAN_POINT('',(214.60376697349,-52.63323908427,33.9388));
#2964 = CARTESIAN_POINT('',(51.256942754353,-31.62978954233,
    35.061574558259));
#2965 = CARTESIAN_POINT('',(52.724693395859,-31.89155786425,
    35.051374558259));
#2966 = CARTESIAN_POINT('',(54.192444037364,-32.15332618617,
    35.041174558259));
#2967 = CARTESIAN_POINT('',(55.66019467887,-32.41509450809,
    35.030974558259));
#2968 = CARTESIAN_POINT('',(57.127945320376,-32.67686283,35.020774558259
    ));
#2969 = CARTESIAN_POINT('',(58.595695961881,-32.93863115192,
    35.010574558259));
#2970 = CARTESIAN_POINT('',(84.118234785348,-37.49048891984,
    34.833207988872));
#2971 = CARTESIAN_POINT('',(108.1730229673,-41.78057836584,
    34.666041419486));
#2972 = CARTESIAN_POINT('',(132.22781114927,-46.07066781184,
    34.498874850099));
#2973 = CARTESIAN_POINT('',(156.28259933123,-50.36075725784,
    34.331708280712));
#2974 = CARTESIAN_POINT('',(180.33738751319,-54.65084670384,
    34.164541711325));
#2975 = CARTESIAN_POINT('',(205.85992633666,-59.20270447176,
    33.987175141938));
#2976 = CARTESIAN_POINT('',(207.32767697816,-59.46447279368,
    33.976975141938));
#2977 = CARTESIAN_POINT('',(208.79542761967,-59.7262411156,
    33.966775141938));
#2978 = CARTESIAN_POINT('',(210.26317826117,-59.98800943751,
    33.956575141938));
#2979 = CARTESIAN_POINT('',(211.73092890268,-60.24977775943,
    33.946375141938));
#2980 = CARTESIAN_POINT('',(213.19867954418,-60.51154608135,
    33.936175141938));
#2981 = CARTESIAN_POINT('',(51.310840609796,-31.63940204106,
    43.064011770456));
#2982 = CARTESIAN_POINT('',(52.778591251302,-31.90117036298,
    43.053811770456));
#2983 = CARTESIAN_POINT('',(54.246341892808,-32.1629386849,
    43.043611770456));
#2984 = CARTESIAN_POINT('',(55.714092534313,-32.42470700681,
    43.033411770456));
#2985 = CARTESIAN_POINT('',(57.181843175819,-32.68647532873,
    43.023211770456));
#2986 = CARTESIAN_POINT('',(58.649593817325,-32.94824365065,
    43.013011770456));
#2987 = CARTESIAN_POINT('',(84.172132640792,-37.50010141857,
    42.835645201069));
#2988 = CARTESIAN_POINT('',(108.22692082275,-41.79019086457,
    42.668478631682));
#2989 = CARTESIAN_POINT('',(132.28170900471,-46.08028031057,
    42.501312062296));
#2990 = CARTESIAN_POINT('',(156.33649718667,-50.37036975657,
    42.334145492909));
#2991 = CARTESIAN_POINT('',(180.39128536863,-54.66045920257,
    42.166978923522));
#2992 = CARTESIAN_POINT('',(205.9138241921,-59.21231697049,
    41.989612354135));
#2993 = CARTESIAN_POINT('',(207.3815748336,-59.47408529241,
    41.979412354135));
#2994 = CARTESIAN_POINT('',(208.84932547511,-59.73585361432,
    41.969212354135));
#2995 = CARTESIAN_POINT('',(210.31707611662,-59.99762193624,
    41.959012354135));
#2996 = CARTESIAN_POINT('',(211.78482675812,-60.25939025816,
    41.948812354135));
#2997 = CARTESIAN_POINT('',(213.25257739963,-60.52115858008,
    41.938612354135));
#2998 = ADVANCED_FACE('',(#2999),#3088,.F.);
#2999 = FACE_BOUND('',#3000,.F.);
#3000 = EDGE_LOOP('',(#3001,#3009,#3040,#3048,#3079,#3085,#3086,#3087));
#3001 = ORIENTED_EDGE('',*,*,#3002,.F.);
#3002 = EDGE_CURVE('',#3003,#2145,#3005,.T.);
#3003 = VERTEX_POINT('',#3004);
#3004 = CARTESIAN_POINT('',(88.390123759315,-192.7358078493,34.));
#3005 = LINE('',#3006,#3007);
#3006 = CARTESIAN_POINT('',(81.171726278093,-196.2120048647,34.));
#3007 = VECTOR('',#3008,1.);
#3008 = DIRECTION('',(0.900968867902,0.433883739118,0.));
#3009 = ORIENTED_EDGE('',*,*,#3010,.T.);
#3010 = EDGE_CURVE('',#3003,#3011,#3013,.T.);
#3011 = VERTEX_POINT('',#3012);
#3012 = CARTESIAN_POINT('',(81.171726278093,-196.2120048647,
    42.002811770456));
#3013 = B_SPLINE_CURVE_WITH_KNOTS('',7,(#3014,#3015,#3016,#3017,#3018,
    #3019,#3020,#3021,#3022,#3023,#3024,#3025,#3026,#3027,#3028,#3029,
    #3030,#3031,#3032,#3033,#3034,#3035,#3036,#3037,#3038,#3039),
  .UNSPECIFIED.,.F.,.F.,(8,6,6,6,8),(0.,0.249928743901,0.500002573608,
    0.750074694671,1.),.UNSPECIFIED.);
#3014 = CARTESIAN_POINT('',(88.390123759315,-192.7358078493,34.));
#3015 = CARTESIAN_POINT('',(88.025449922373,-192.9114255133,34.));
#3016 = CARTESIAN_POINT('',(87.651913368881,-193.0913112366,
    34.023838195587));
#3017 = CARTESIAN_POINT('',(87.271408817849,-193.2745525707,
    34.073594322343));
#3018 = CARTESIAN_POINT('',(86.886297835605,-193.4600122452,
    34.15114205148));
#3019 = CARTESIAN_POINT('',(86.499414202791,-193.6463255832,
    34.257934940985));
#3020 = CARTESIAN_POINT('',(86.11396003539,-193.8319505269,
    34.394825659662));
#3021 = CARTESIAN_POINT('',(85.352404303462,-194.1986964383,
    34.729108307305));
#3022 = CARTESIAN_POINT('',(84.976307092243,-194.3798153094,
    34.92653673398));
#3023 = CARTESIAN_POINT('',(84.608365665429,-194.5570065617,
    35.15431197659));
#3024 = CARTESIAN_POINT('',(84.25209841377,-194.7285758277,
    35.411810777756));
#3025 = CARTESIAN_POINT('',(83.91097321628,-194.8928530646,
    35.697561774272));
#3026 = CARTESIAN_POINT('',(83.588108394609,-195.048336568,
    36.009289745988));
#3027 = CARTESIAN_POINT('',(82.984072811933,-195.3392247735,
    36.678965131905));
#3028 = CARTESIAN_POINT('',(82.702900597195,-195.4746301756,
    37.036913526262));
#3029 = CARTESIAN_POINT('',(82.44515825969,-195.5987523436,
    37.415107423309));
#3030 = CARTESIAN_POINT('',(82.212898267293,-195.7106028609,
    37.810089797576));
#3031 = CARTESIAN_POINT('',(82.007448077475,-195.8095424577,
    38.21801591373));
#3032 = CARTESIAN_POINT('',(81.829370124275,-195.8953002801,
    38.634984884267));
#3033 = CARTESIAN_POINT('',(81.527852386766,-196.0405035696,
    39.479299588322));
#3034 = CARTESIAN_POINT('',(81.404379297295,-196.0999650756,
    39.906640440957));
#3035 = CARTESIAN_POINT('',(81.308053855206,-196.1463529637,
    40.335566432024));
#3036 = CARTESIAN_POINT('',(81.238107075018,-196.1800375577,
    40.762527272486));
#3037 = CARTESIAN_POINT('',(81.193227899312,-196.2016502296,
    41.184381054574));
#3038 = CARTESIAN_POINT('',(81.171726278093,-196.2120048647,
    41.598509451841));
#3039 = CARTESIAN_POINT('',(81.171726278093,-196.2120048647,
    42.002811770456));
#3040 = ORIENTED_EDGE('',*,*,#3041,.F.);
#3041 = EDGE_CURVE('',#3042,#3011,#3044,.T.);
#3042 = VERTEX_POINT('',#3043);
#3043 = CARTESIAN_POINT('',(81.171726278093,-196.2120048647,
    44.002436469923));
#3044 = LINE('',#3045,#3046);
#3045 = CARTESIAN_POINT('',(81.171726278093,-196.2120048647,52.));
#3046 = VECTOR('',#3047,1.);
#3047 = DIRECTION('',(0.,0.,-1.));
#3048 = ORIENTED_EDGE('',*,*,#3049,.F.);
#3049 = EDGE_CURVE('',#3050,#3042,#3052,.T.);
#3050 = VERTEX_POINT('',#3051);
#3051 = CARTESIAN_POINT('',(88.385389937476,-192.7380875377,52.));
#3052 = B_SPLINE_CURVE_WITH_KNOTS('',7,(#3053,#3054,#3055,#3056,#3057,
    #3058,#3059,#3060,#3061,#3062,#3063,#3064,#3065,#3066,#3067,#3068,
    #3069,#3070,#3071,#3072,#3073,#3074,#3075,#3076,#3077,#3078),
  .UNSPECIFIED.,.F.,.F.,(8,6,6,6,8),(0.,0.25065980494,0.502734274596,
    0.752805088042,1.),.UNSPECIFIED.);
#3053 = CARTESIAN_POINT('',(88.385389937476,-192.7380875377,52.));
#3054 = CARTESIAN_POINT('',(88.019770531361,-192.9141605638,52.));
#3055 = CARTESIAN_POINT('',(87.645260567942,-193.0945150567,
    51.976038013066));
#3056 = CARTESIAN_POINT('',(87.263771102049,-193.2782307008,
    51.926019072134));
#3057 = CARTESIAN_POINT('',(86.877684601917,-193.4641601599,
    51.848056504324));
#3058 = CARTESIAN_POINT('',(86.489860122338,-193.6509265859,
    51.740688914844));
#3059 = CARTESIAN_POINT('',(86.103527619913,-193.8369745135,
    51.603063073569));
#3060 = CARTESIAN_POINT('',(85.338462352167,-194.2054105281,
    51.266154293519));
#3061 = CARTESIAN_POINT('',(84.959783534007,-194.3877726356,
    51.066526287095));
#3062 = CARTESIAN_POINT('',(84.589478443326,-194.5661021685,
    50.836096915255));
#3063 = CARTESIAN_POINT('',(84.231146620642,-194.7386656794,
    50.575519141554));
#3064 = CARTESIAN_POINT('',(83.888330923488,-194.9037570181,
    50.28632127625));
#3065 = CARTESIAN_POINT('',(83.564206327336,-195.059847197,
    49.970857944472));
#3066 = CARTESIAN_POINT('',(82.960985768783,-195.3503429075,
    49.296006700099));
#3067 = CARTESIAN_POINT('',(82.681551187637,-195.4849115094,
    48.93698654738));
#3068 = CARTESIAN_POINT('',(82.42564631551,-195.6081488006,
    48.557912575384));
#3069 = CARTESIAN_POINT('',(82.195290620988,-195.7190822564,
    48.162255038434));
#3070 = CARTESIAN_POINT('',(81.99177641881,-195.8170895308,
    47.753861961598));
#3071 = CARTESIAN_POINT('',(81.815633238946,-195.9019156155,
    47.336628316408));
#3072 = CARTESIAN_POINT('',(81.519549247019,-196.044502151,
    46.496773090691));
#3073 = CARTESIAN_POINT('',(81.398984169924,-196.102563232,
    46.074267329563));
#3074 = CARTESIAN_POINT('',(81.304921199953,-196.147861571,
    45.650344419954));
#3075 = CARTESIAN_POINT('',(81.236600200935,-196.18076323,
    45.228422825266));
#3076 = CARTESIAN_POINT('',(81.192746694983,-196.2018819654,
    44.811528959477));
#3077 = CARTESIAN_POINT('',(81.171726278093,-196.2120048647,
    44.402189437919));
#3078 = CARTESIAN_POINT('',(81.171726278093,-196.2120048647,
    44.002436469923));
#3079 = ORIENTED_EDGE('',*,*,#3080,.F.);
#3080 = EDGE_CURVE('',#487,#3050,#3081,.T.);
#3081 = LINE('',#3082,#3083);
#3082 = CARTESIAN_POINT('',(102.79497910775,-185.7987951259,52.));
#3083 = VECTOR('',#3084,1.);
#3084 = DIRECTION('',(-0.900968867902,-0.433883739118,0.));
#3085 = ORIENTED_EDGE('',*,*,#508,.F.);
#3086 = ORIENTED_EDGE('',*,*,#407,.F.);
#3087 = ORIENTED_EDGE('',*,*,#2209,.F.);
#3088 = PLANE('',#3089);
#3089 = AXIS2_PLACEMENT_3D('',#3090,#3091,#3092);
#3090 = CARTESIAN_POINT('',(81.171726278093,-196.2120048647,34.));
#3091 = DIRECTION('',(-0.433883739118,0.900968867902,0.));
#3092 = DIRECTION('',(0.720775094322,0.347106991294,0.6));
#3093 = ADVANCED_FACE('',(#3094),#3119,.T.);
#3094 = FACE_BOUND('',#3095,.T.);
#3095 = EDGE_LOOP('',(#3096,#3097,#3098,#3118));
#3096 = ORIENTED_EDGE('',*,*,#486,.F.);
#3097 = ORIENTED_EDGE('',*,*,#1805,.T.);
#3098 = ORIENTED_EDGE('',*,*,#3099,.T.);
#3099 = EDGE_CURVE('',#1722,#3050,#3100,.T.);
#3100 = B_SPLINE_CURVE_WITH_KNOTS('',6,(#3101,#3102,#3103,#3104,#3105,
    #3106,#3107,#3108,#3109,#3110,#3111,#3112,#3113,#3114,#3115,#3116,
    #3117),.UNSPECIFIED.,.F.,.F.,(7,5,5,7),(-8.890959613726,
    5.471370022882E-02,146.55455944062,155.50023275457),.UNSPECIFIED.);
#3101 = CARTESIAN_POINT('',(14.312129743139,-56.08037427261,
    53.063448824057));
#3102 = CARTESIAN_POINT('',(15.022598584601,-57.39111781172,
    53.053248824057));
#3103 = CARTESIAN_POINT('',(15.733067426063,-58.70186135083,
    53.043048824057));
#3104 = CARTESIAN_POINT('',(16.443536267525,-60.01260488993,
    53.032848824057));
#3105 = CARTESIAN_POINT('',(17.154005108987,-61.32334842904,
    53.022648824057));
#3106 = CARTESIAN_POINT('',(17.864473950449,-62.63409196815,
    53.012448824057));
#3107 = CARTESIAN_POINT('',(30.210017316172,-85.41037751234,
    52.835207353381));
#3108 = CARTESIAN_POINT('',(41.845091840433,-106.8759195174,
    52.668165882705));
#3109 = CARTESIAN_POINT('',(53.480166364694,-128.3414615225,
    52.501124412029));
#3110 = CARTESIAN_POINT('',(65.115240888954,-149.8070035275,
    52.334082941352));
#3111 = CARTESIAN_POINT('',(76.750315413215,-171.2725455326,
    52.167041470676));
#3112 = CARTESIAN_POINT('',(89.095858778938,-194.0488310768,51.9898));
#3113 = CARTESIAN_POINT('',(89.8063276204,-195.3595746159,51.9796));
#3114 = CARTESIAN_POINT('',(90.516796461862,-196.670318155,51.9694));
#3115 = CARTESIAN_POINT('',(91.227265303324,-197.9810616941,51.9592));
#3116 = CARTESIAN_POINT('',(91.937734144786,-199.2918052332,51.949));
#3117 = CARTESIAN_POINT('',(92.648202986248,-200.6025487723,51.9388));
#3118 = ORIENTED_EDGE('',*,*,#3080,.F.);
#3119 = B_SPLINE_SURFACE_WITH_KNOTS('',1,1,(
    (#3120,#3121)
    ,(#3122,#3123
    )),.UNSPECIFIED.,.F.,.F.,.F.,(2,2),(2,2),(0.,38.),(0.,1.),
  .PIECEWISE_BEZIER_KNOTS.);
#3120 = CARTESIAN_POINT('',(45.754735271905,-51.22015423832,53.));
#3121 = CARTESIAN_POINT('',(102.79497910775,-185.7987951259,52.));
#3122 = CARTESIAN_POINT('',(11.517918291613,-67.70773632479,53.));
#3123 = CARTESIAN_POINT('',(81.171726278093,-196.2120048647,52.));
#3124 = ADVANCED_FACE('',(#3125),#3212,.T.);
#3125 = FACE_BOUND('',#3126,.T.);
#3126 = EDGE_LOOP('',(#3127,#3151,#3159,#3160,#3161,#3183));
#3127 = ORIENTED_EDGE('',*,*,#3128,.F.);
#3128 = EDGE_CURVE('',#3129,#3131,#3133,.T.);
#3129 = VERTEX_POINT('',#3130);
#3130 = CARTESIAN_POINT('',(77.990653548108,1.207459787736,
    44.935542086678));
#3131 = VERTEX_POINT('',#3132);
#3132 = CARTESIAN_POINT('',(209.35496859002,-35.47530305255,
    44.002436469923));
#3133 = B_SPLINE_CURVE_WITH_KNOTS('',6,(#3134,#3135,#3136,#3137,#3138,
    #3139,#3140,#3141,#3142,#3143,#3144,#3145,#3146,#3147,#3148,#3149,
    #3150),.UNSPECIFIED.,.F.,.F.,(7,5,5,7),(-8.890959613726,
    5.471370022838E-02,146.55455944062,155.50023275457),.UNSPECIFIED.);
#3134 = CARTESIAN_POINT('',(59.95729203635,6.243176857003,
    45.063636469923));
#3135 = CARTESIAN_POINT('',(61.393266688487,5.842188829225,
    45.053436469923));
#3136 = CARTESIAN_POINT('',(62.829241340624,5.441200801448,
    45.043236469923));
#3137 = CARTESIAN_POINT('',(64.26521599276,5.04021277367,45.033036469923
    ));
#3138 = CARTESIAN_POINT('',(65.701190644897,4.639224745893,
    45.022836469923));
#3139 = CARTESIAN_POINT('',(67.137165297034,4.238236718115,
    45.012636469923));
#3140 = CARTESIAN_POINT('',(92.089543649826,-2.72957776883,
    44.835394999247));
#3141 = CARTESIAN_POINT('',(115.60594735048,-9.296404227998,
    44.66835352857));
#3142 = CARTESIAN_POINT('',(139.12235105113,-15.86323068716,
    44.501312057894));
#3143 = CARTESIAN_POINT('',(162.63875475179,-22.43005714633,
    44.334270587218));
#3144 = CARTESIAN_POINT('',(186.15515845244,-28.9968836055,
    44.167229116542));
#3145 = CARTESIAN_POINT('',(211.10753680524,-35.96469809244,
    43.989987645865));
#3146 = CARTESIAN_POINT('',(212.54351145737,-36.36568612022,
    43.979787645865));
#3147 = CARTESIAN_POINT('',(213.97948610951,-36.766674148,
    43.969587645865));
#3148 = CARTESIAN_POINT('',(215.41546076165,-37.16766217578,
    43.959387645865));
#3149 = CARTESIAN_POINT('',(216.85143541378,-37.56865020355,
    43.949187645865));
#3150 = CARTESIAN_POINT('',(218.28741006592,-37.96963823133,
    43.938987645865));
#3151 = ORIENTED_EDGE('',*,*,#3152,.F.);
#3152 = EDGE_CURVE('',#673,#3129,#3153,.T.);
#3153 = B_SPLINE_CURVE_WITH_KNOTS('',4,(#3154,#3155,#3156,#3157,#3158),
  .UNSPECIFIED.,.F.,.F.,(5,5),(0.,1.),.PIECEWISE_BEZIER_KNOTS.);
#3154 = CARTESIAN_POINT('',(77.990657739923,1.207189005181,45.0000006));
#3155 = CARTESIAN_POINT('',(77.99065564083,1.207324617445,
    44.983860055065));
#3156 = CARTESIAN_POINT('',(77.990654244535,1.207414805023,
    44.967736641404));
#3157 = CARTESIAN_POINT('',(77.990653548108,1.207459787736,
    44.95163057992));
#3158 = CARTESIAN_POINT('',(77.990653548108,1.207459787736,
    44.935542086678));
#3159 = ORIENTED_EDGE('',*,*,#672,.T.);
#3160 = ORIENTED_EDGE('',*,*,#592,.T.);
#3161 = ORIENTED_EDGE('',*,*,#3162,.T.);
#3162 = EDGE_CURVE('',#595,#3163,#3165,.T.);
#3163 = VERTEX_POINT('',#3164);
#3164 = CARTESIAN_POINT('',(207.57334079807,-43.28112443126,52.));
#3165 = B_SPLINE_CURVE_WITH_KNOTS('',6,(#3166,#3167,#3168,#3169,#3170,
    #3171,#3172,#3173,#3174,#3175,#3176,#3177,#3178,#3179,#3180,#3181,
    #3182),.UNSPECIFIED.,.F.,.F.,(7,5,5,7),(-8.890959613726,
    5.471370022838E-02,146.55455944062,155.50023275457),.UNSPECIFIED.);
#3166 = CARTESIAN_POINT('',(57.859070681323,-1.474237509592,
    53.063448824057));
#3167 = CARTESIAN_POINT('',(59.29504533346,-1.875225537369,
    53.053248824057));
#3168 = CARTESIAN_POINT('',(60.731019985597,-2.276213565147,
    53.043048824057));
#3169 = CARTESIAN_POINT('',(62.166994637733,-2.677201592924,
    53.032848824057));
#3170 = CARTESIAN_POINT('',(63.60296928987,-3.078189620702,
    53.022648824057));
#3171 = CARTESIAN_POINT('',(65.038943942007,-3.479177648479,
    53.012448824057));
#3172 = CARTESIAN_POINT('',(89.991322294799,-10.44699213542,
    52.835207353381));
#3173 = CARTESIAN_POINT('',(113.50772599545,-17.01381859459,
    52.668165882705));
#3174 = CARTESIAN_POINT('',(137.02412969611,-23.58064505376,
    52.501124412029));
#3175 = CARTESIAN_POINT('',(160.54053339676,-30.14747151292,
    52.334082941352));
#3176 = CARTESIAN_POINT('',(184.05693709742,-36.71429797209,
    52.167041470676));
#3177 = CARTESIAN_POINT('',(209.00931545021,-43.68211245904,51.9898));
#3178 = CARTESIAN_POINT('',(210.44529010235,-44.08310048682,51.9796));
#3179 = CARTESIAN_POINT('',(211.88126475448,-44.48408851459,51.9694));
#3180 = CARTESIAN_POINT('',(213.31723940662,-44.88507654237,51.9592));
#3181 = CARTESIAN_POINT('',(214.75321405876,-45.28606457015,51.949));
#3182 = CARTESIAN_POINT('',(216.18918871089,-45.68705259793,51.9388));
#3183 = ORIENTED_EDGE('',*,*,#3184,.F.);
#3184 = EDGE_CURVE('',#3131,#3163,#3185,.T.);
#3185 = B_SPLINE_CURVE_WITH_KNOTS('',7,(#3186,#3187,#3188,#3189,#3190,
    #3191,#3192,#3193,#3194,#3195,#3196,#3197,#3198,#3199,#3200,#3201,
    #3202,#3203,#3204,#3205,#3206,#3207,#3208,#3209,#3210,#3211),
  .UNSPECIFIED.,.F.,.F.,(8,6,6,6,8),(0.,0.246925498661,0.497996622871,
    0.749070781754,1.),.UNSPECIFIED.);
#3186 = CARTESIAN_POINT('',(209.35496859002,-35.47530305255,
    44.002436469923));
#3187 = CARTESIAN_POINT('',(209.35496859002,-35.47530305255,
    44.4017537518));
#3188 = CARTESIAN_POINT('',(209.34978828686,-35.49799944365,
    44.810636700958));
#3189 = CARTESIAN_POINT('',(209.33898144644,-35.54534730515,
    45.22705974607));
#3190 = CARTESIAN_POINT('',(209.32214568039,-35.61910961577,
    45.648505062594));
#3191 = CARTESIAN_POINT('',(209.29896705196,-35.72066182219,
    46.071957206985));
#3192 = CARTESIAN_POINT('',(209.2692580159,-35.85082561393,
    46.49401015744));
#3193 = CARTESIAN_POINT('',(209.19611044342,-36.17130606874,
    47.335165652794));
#3194 = CARTESIAN_POINT('',(209.15244946697,-36.36259730526,
    47.754101081613));
#3195 = CARTESIAN_POINT('',(209.10197355554,-36.58374672287,
    48.164131040099));
#3196 = CARTESIAN_POINT('',(209.04481492851,-36.83417503055,
    48.56131294646));
#3197 = CARTESIAN_POINT('',(208.98129733629,-37.11246378507,
    48.941751868046));
#3198 = CARTESIAN_POINT('',(208.91192699631,-37.41639510302,
    49.301938471005));
#3199 = CARTESIAN_POINT('',(208.76276158272,-38.06993148115,
    49.975981163219));
#3200 = CARTESIAN_POINT('',(208.68296608955,-38.41953837962,
    50.289838016795));
#3201 = CARTESIAN_POINT('',(208.59859917941,-38.78917396442,
    50.577613543197));
#3202 = CARTESIAN_POINT('',(208.5104363445,-39.17544058235,
    50.836987465333));
#3203 = CARTESIAN_POINT('',(208.41934211225,-39.57455049115,
    51.066452893022));
#3204 = CARTESIAN_POINT('',(208.32619479855,-39.98265553751,
    51.265363987355));
#3205 = CARTESIAN_POINT('',(208.13752957544,-40.80925188868,
    51.602175015189));
#3206 = CARTESIAN_POINT('',(208.04201276855,-41.22773836302,
    51.740110753154));
#3207 = CARTESIAN_POINT('',(207.94612322176,-41.6478579176,51.8477231605
    ));
#3208 = CARTESIAN_POINT('',(207.85066160105,-42.06610260546,
    51.925855672162));
#3209 = CARTESIAN_POINT('',(207.75633648894,-42.47936792385,
    51.975987277389));
#3210 = CARTESIAN_POINT('',(207.66373839065,-42.88506670028,52.));
#3211 = CARTESIAN_POINT('',(207.57334079807,-43.28112443126,52.));
#3212 = ( BOUNDED_SURFACE() B_SPLINE_SURFACE(2,6,(
    (#3213,#3214,#3215,#3216,#3217,#3218,#3219,#3220,#3221,#3222,#3223
      ,#3224,#3225,#3226,#3227,#3228,#3229)
    ,(#3230,#3231,#3232,#3233,#3234,#3235,#3236,#3237,#3238,#3239,#3240
      ,#3241,#3242,#3243,#3244,#3245,#3246)
    ,(#3247,#3248,#3249,#3250,#3251,#3252,#3253,#3254,#3255,#3256,#3257
      ,#3258,#3259,#3260,#3261,#3262,#3263
)),.UNSPECIFIED.,.F.,.F.,.F.) B_SPLINE_SURFACE_WITH_KNOTS((3,3),(7,5,5,7
    ),(0.,146.49984574039),(-8.890959613726,5.471370022838E-02,
    146.55455944062,155.50023275457),.UNSPECIFIED.) 
GEOMETRIC_REPRESENTATION_ITEM() RATIONAL_B_SPLINE_SURFACE((
    (1.,1.,1.,1.,1.,1.,1.,1.,1.,1.,1.,1.,1.,1.,1.,1.,1.)
    ,(0.707222739782,0.707222739782,0.707222739782,0.707222739782
      ,0.707222739782,0.707222739782,0.707222739782,0.707222739782
      ,0.707222739782,0.707222739782,0.707222739782,0.707222739782
      ,0.707222739782,0.707222739782,0.707222739782,0.707222739782
      ,0.707222739782)
    ,(1.,1.,1.,1.,1.,1.,1.,1.,1.,1.,1.,1.,1.,1.,1.,1.,1.
))) REPRESENTATION_ITEM('') SURFACE() );
#3213 = CARTESIAN_POINT('',(59.95729203635,6.243176857003,
    45.063636469923));
#3214 = CARTESIAN_POINT('',(61.393266688487,5.842188829225,
    45.053436469923));
#3215 = CARTESIAN_POINT('',(62.829241340624,5.441200801448,
    45.043236469923));
#3216 = CARTESIAN_POINT('',(64.26521599276,5.04021277367,45.033036469923
    ));
#3217 = CARTESIAN_POINT('',(65.701190644897,4.639224745893,
    45.022836469923));
#3218 = CARTESIAN_POINT('',(67.137165297034,4.238236718115,
    45.012636469923));
#3219 = CARTESIAN_POINT('',(92.089543649826,-2.72957776883,
    44.835394999247));
#3220 = CARTESIAN_POINT('',(115.60594735048,-9.296404227998,
    44.66835352857));
#3221 = CARTESIAN_POINT('',(139.12235105113,-15.86323068716,
    44.501312057894));
#3222 = CARTESIAN_POINT('',(162.63875475179,-22.43005714633,
    44.334270587218));
#3223 = CARTESIAN_POINT('',(186.15515845244,-28.9968836055,
    44.167229116542));
#3224 = CARTESIAN_POINT('',(211.10753680524,-35.96469809244,
    43.989987645865));
#3225 = CARTESIAN_POINT('',(212.54351145737,-36.36568612022,
    43.979787645865));
#3226 = CARTESIAN_POINT('',(213.97948610951,-36.766674148,
    43.969587645865));
#3227 = CARTESIAN_POINT('',(215.41546076165,-37.16766217578,
    43.959387645865));
#3228 = CARTESIAN_POINT('',(216.85143541378,-37.56865020355,
    43.949187645865));
#3229 = CARTESIAN_POINT('',(218.28741006592,-37.96963823133,
    43.938987645865));
#3230 = CARTESIAN_POINT('',(60.009988452078,6.228461672594,
    53.060825687376));
#3231 = CARTESIAN_POINT('',(61.445963104215,5.827473644816,
    53.050625687376));
#3232 = CARTESIAN_POINT('',(62.881937756351,5.426485617038,
    53.040425687376));
#3233 = CARTESIAN_POINT('',(64.317912408488,5.025497589261,
    53.030225687376));
#3234 = CARTESIAN_POINT('',(65.753887060625,4.624509561483,
    53.020025687376));
#3235 = CARTESIAN_POINT('',(67.189861712761,4.223521533706,
    53.009825687376));
#3236 = CARTESIAN_POINT('',(92.142240065554,-2.74429295324,52.8325842167
    ));
#3237 = CARTESIAN_POINT('',(115.6586437662,-9.311119412408,
    52.665542746023));
#3238 = CARTESIAN_POINT('',(139.17504746686,-15.87794587157,
    52.498501275347));
#3239 = CARTESIAN_POINT('',(162.69145116752,-22.44477233074,
    52.331459804671));
#3240 = CARTESIAN_POINT('',(186.20785486817,-29.01159878991,
    52.164418333995));
#3241 = CARTESIAN_POINT('',(211.16023322096,-35.97941327685,
    51.987176863318));
#3242 = CARTESIAN_POINT('',(212.5962078731,-36.38040130463,
    51.976976863318));
#3243 = CARTESIAN_POINT('',(214.03218252524,-36.78138933241,
    51.966776863318));
#3244 = CARTESIAN_POINT('',(215.46815717737,-37.18237736019,
    51.956576863318));
#3245 = CARTESIAN_POINT('',(216.90413182951,-37.58336538796,
    51.946376863318));
#3246 = CARTESIAN_POINT('',(218.34010648165,-37.98435341574,
    51.936176863318));
#3247 = CARTESIAN_POINT('',(57.859070681323,-1.474237509592,
    53.063448824057));
#3248 = CARTESIAN_POINT('',(59.29504533346,-1.875225537369,
    53.053248824057));
#3249 = CARTESIAN_POINT('',(60.731019985597,-2.276213565147,
    53.043048824057));
#3250 = CARTESIAN_POINT('',(62.166994637733,-2.677201592924,
    53.032848824057));
#3251 = CARTESIAN_POINT('',(63.60296928987,-3.078189620702,
    53.022648824057));
#3252 = CARTESIAN_POINT('',(65.038943942007,-3.479177648479,
    53.012448824057));
#3253 = CARTESIAN_POINT('',(89.991322294799,-10.44699213542,
    52.835207353381));
#3254 = CARTESIAN_POINT('',(113.50772599545,-17.01381859459,
    52.668165882705));
#3255 = CARTESIAN_POINT('',(137.02412969611,-23.58064505376,
    52.501124412029));
#3256 = CARTESIAN_POINT('',(160.54053339676,-30.14747151292,
    52.334082941352));
#3257 = CARTESIAN_POINT('',(184.05693709742,-36.71429797209,
    52.167041470676));
#3258 = CARTESIAN_POINT('',(209.00931545021,-43.68211245904,51.9898));
#3259 = CARTESIAN_POINT('',(210.44529010235,-44.08310048682,51.9796));
#3260 = CARTESIAN_POINT('',(211.88126475448,-44.48408851459,51.9694));
#3261 = CARTESIAN_POINT('',(213.31723940662,-44.88507654237,51.9592));
#3262 = CARTESIAN_POINT('',(214.75321405876,-45.28606457015,51.949));
#3263 = CARTESIAN_POINT('',(216.18918871089,-45.68705259793,51.9388));
#3264 = ADVANCED_FACE('',(#3265),#3276,.T.);
#3265 = FACE_BOUND('',#3266,.T.);
#3266 = EDGE_LOOP('',(#3267,#3268,#3269,#3270));
#3267 = ORIENTED_EDGE('',*,*,#3162,.F.);
#3268 = ORIENTED_EDGE('',*,*,#1928,.T.);
#3269 = ORIENTED_EDGE('',*,*,#1973,.T.);
#3270 = ORIENTED_EDGE('',*,*,#3271,.F.);
#3271 = EDGE_CURVE('',#3163,#1974,#3272,.T.);
#3272 = LINE('',#3273,#3274);
#3273 = CARTESIAN_POINT('',(209.35496859002,-35.47530305255,52.));
#3274 = VECTOR('',#3275,1.);
#3275 = DIRECTION('',(-0.222520933956,-0.974927912182,0.));
#3276 = B_SPLINE_SURFACE_WITH_KNOTS('',1,1,(
    (#3277,#3278)
    ,(#3279,#3280
    )),.UNSPECIFIED.,.F.,.F.,.F.,(2,2),(2,2),(0.,38.),(0.,1.),
  .PIECEWISE_BEZIER_KNOTS.);
#3277 = CARTESIAN_POINT('',(68.57313994917,3.837248690338,53.));
#3278 = CARTESIAN_POINT('',(209.35496859002,-35.47530305255,52.));
#3279 = CARTESIAN_POINT('',(60.11734445883,-33.21001197257,53.));
#3280 = CARTESIAN_POINT('',(204.01446617507,-58.87357294492,52.));
#3281 = ADVANCED_FACE('',(#3282),#3317,.T.);
#3282 = FACE_BOUND('',#3283,.T.);
#3283 = EDGE_LOOP('',(#3284,#3285,#3286,#3296,#3316));
#3284 = ORIENTED_EDGE('',*,*,#3099,.F.);
#3285 = ORIENTED_EDGE('',*,*,#1721,.T.);
#3286 = ORIENTED_EDGE('',*,*,#3287,.F.);
#3287 = EDGE_CURVE('',#3288,#1713,#3290,.T.);
#3288 = VERTEX_POINT('',#3289);
#3289 = CARTESIAN_POINT('',(16.177366817487,-76.30395011303,
    44.935542086678));
#3290 = B_SPLINE_CURVE_WITH_KNOTS('',4,(#3291,#3292,#3293,#3294,#3295),
  .UNSPECIFIED.,.F.,.F.,(5,5),(0.,1.),.PIECEWISE_BEZIER_KNOTS.);
#3291 = CARTESIAN_POINT('',(16.177366817487,-76.30395011303,
    44.935542086678));
#3292 = CARTESIAN_POINT('',(16.177366817487,-76.30395011303,
    44.951630579922));
#3293 = CARTESIAN_POINT('',(16.177410827359,-76.3039407824,
    44.967736641404));
#3294 = CARTESIAN_POINT('',(16.177499064451,-76.30392207506,
    44.983860055065));
#3295 = CARTESIAN_POINT('',(16.177631743725,-76.30389394496,45.0000006)
  );
#3296 = ORIENTED_EDGE('',*,*,#3297,.T.);
#3297 = EDGE_CURVE('',#3288,#3042,#3298,.T.);
#3298 = B_SPLINE_CURVE_WITH_KNOTS('',6,(#3299,#3300,#3301,#3302,#3303,
    #3304,#3305,#3306,#3307,#3308,#3309,#3310,#3311,#3312,#3313,#3314,
    #3315),.UNSPECIFIED.,.F.,.F.,(7,5,5,7),(-8.890959613726,
    5.471370022882E-02,146.55455944062,155.50023275457),.UNSPECIFIED.);
#3299 = CARTESIAN_POINT('',(7.25510524284,-59.84327509015,
    45.063636469923));
#3300 = CARTESIAN_POINT('',(7.965574084302,-61.15401862925,
    45.053436469923));
#3301 = CARTESIAN_POINT('',(8.676042925764,-62.46476216836,
    45.043236469923));
#3302 = CARTESIAN_POINT('',(9.386511767227,-63.77550570747,
    45.033036469923));
#3303 = CARTESIAN_POINT('',(10.096980608689,-65.08624924657,
    45.022836469923));
#3304 = CARTESIAN_POINT('',(10.807449450151,-66.39699278568,
    45.012636469923));
#3305 = CARTESIAN_POINT('',(23.152992815874,-89.17327832987,
    44.835394999247));
#3306 = CARTESIAN_POINT('',(34.788067340134,-110.6388203349,
    44.66835352857));
#3307 = CARTESIAN_POINT('',(46.423141864395,-132.10436234,
    44.501312057894));
#3308 = CARTESIAN_POINT('',(58.058216388656,-153.5699043451,
    44.334270587218));
#3309 = CARTESIAN_POINT('',(69.693290912917,-175.0354463502,
    44.167229116542));
#3310 = CARTESIAN_POINT('',(82.03883427864,-197.8117318943,
    43.989987645865));
#3311 = CARTESIAN_POINT('',(82.749303120102,-199.1224754334,
    43.979787645865));
#3312 = CARTESIAN_POINT('',(83.459771961564,-200.4332189726,
    43.969587645865));
#3313 = CARTESIAN_POINT('',(84.170240803026,-201.7439625117,
    43.959387645865));
#3314 = CARTESIAN_POINT('',(84.880709644488,-203.0547060508,
    43.949187645865));
#3315 = CARTESIAN_POINT('',(85.59117848595,-204.3654495899,
    43.938987645865));
#3316 = ORIENTED_EDGE('',*,*,#3049,.F.);
#3317 = ( BOUNDED_SURFACE() B_SPLINE_SURFACE(2,6,(
    (#3318,#3319,#3320,#3321,#3322,#3323,#3324,#3325,#3326,#3327,#3328
      ,#3329,#3330,#3331,#3332,#3333,#3334)
    ,(#3335,#3336,#3337,#3338,#3339,#3340,#3341,#3342,#3343,#3344,#3345
      ,#3346,#3347,#3348,#3349,#3350,#3351)
    ,(#3352,#3353,#3354,#3355,#3356,#3357,#3358,#3359,#3360,#3361,#3362
      ,#3363,#3364,#3365,#3366,#3367,#3368
)),.UNSPECIFIED.,.F.,.F.,.F.) B_SPLINE_SURFACE_WITH_KNOTS((3,3),(7,5,5,7
    ),(0.,146.49984574039),(-8.890959613726,5.471370022882E-02,
    146.55455944062,155.50023275457),.UNSPECIFIED.) 
GEOMETRIC_REPRESENTATION_ITEM() RATIONAL_B_SPLINE_SURFACE((
    (1.,1.,1.,1.,1.,1.,1.,1.,1.,1.,1.,1.,1.,1.,1.,1.,1.)
    ,(0.707222739782,0.707222739782,0.707222739782,0.707222739782
      ,0.707222739782,0.707222739782,0.707222739782,0.707222739782
      ,0.707222739782,0.707222739782,0.707222739782,0.707222739782
      ,0.707222739782,0.707222739782,0.707222739782,0.707222739782
      ,0.707222739782)
    ,(1.,1.,1.,1.,1.,1.,1.,1.,1.,1.,1.,1.,1.,1.,1.,1.,1.
))) REPRESENTATION_ITEM('') SURFACE() );
#3318 = CARTESIAN_POINT('',(14.312129743139,-56.08037427261,
    53.063448824057));
#3319 = CARTESIAN_POINT('',(15.022598584601,-57.39111781172,
    53.053248824057));
#3320 = CARTESIAN_POINT('',(15.733067426063,-58.70186135083,
    53.043048824057));
#3321 = CARTESIAN_POINT('',(16.443536267525,-60.01260488993,
    53.032848824057));
#3322 = CARTESIAN_POINT('',(17.154005108987,-61.32334842904,
    53.022648824057));
#3323 = CARTESIAN_POINT('',(17.864473950449,-62.63409196815,
    53.012448824057));
#3324 = CARTESIAN_POINT('',(30.210017316172,-85.41037751234,
    52.835207353381));
#3325 = CARTESIAN_POINT('',(41.845091840433,-106.8759195174,
    52.668165882705));
#3326 = CARTESIAN_POINT('',(53.480166364694,-128.3414615225,
    52.501124412029));
#3327 = CARTESIAN_POINT('',(65.115240888954,-149.8070035275,
    52.334082941352));
#3328 = CARTESIAN_POINT('',(76.750315413215,-171.2725455326,
    52.167041470676));
#3329 = CARTESIAN_POINT('',(89.095858778938,-194.0488310768,51.9898));
#3330 = CARTESIAN_POINT('',(89.8063276204,-195.3595746159,51.9796));
#3331 = CARTESIAN_POINT('',(90.516796461862,-196.670318155,51.9694));
#3332 = CARTESIAN_POINT('',(91.227265303324,-197.9810616941,51.9592));
#3333 = CARTESIAN_POINT('',(91.937734144786,-199.2918052332,51.949));
#3334 = CARTESIAN_POINT('',(92.648202986248,-200.6025487723,51.9388));
#3335 = CARTESIAN_POINT('',(7.281177542498,-59.89137586013,
    53.060825687376));
#3336 = CARTESIAN_POINT('',(7.99164638396,-61.20211939924,
    53.050625687376));
#3337 = CARTESIAN_POINT('',(8.702115225422,-62.51286293835,
    53.040425687376));
#3338 = CARTESIAN_POINT('',(9.412584066884,-63.82360647745,
    53.030225687376));
#3339 = CARTESIAN_POINT('',(10.123052908346,-65.13435001656,
    53.020025687376));
#3340 = CARTESIAN_POINT('',(10.833521749808,-66.44509355567,
    53.009825687376));
#3341 = CARTESIAN_POINT('',(23.179065115531,-89.22137909986,
    52.8325842167));
#3342 = CARTESIAN_POINT('',(34.814139639792,-110.6869211049,
    52.665542746023));
#3343 = CARTESIAN_POINT('',(46.449214164053,-132.15246311,
    52.498501275347));
#3344 = CARTESIAN_POINT('',(58.084288688313,-153.6180051151,
    52.331459804671));
#3345 = CARTESIAN_POINT('',(69.719363212574,-175.0835471201,
    52.164418333995));
#3346 = CARTESIAN_POINT('',(82.064906578297,-197.8598326643,
    51.987176863318));
#3347 = CARTESIAN_POINT('',(82.775375419759,-199.1705762034,
    51.976976863318));
#3348 = CARTESIAN_POINT('',(83.485844261221,-200.4813197425,
    51.966776863318));
#3349 = CARTESIAN_POINT('',(84.196313102683,-201.7920632817,
    51.956576863318));
#3350 = CARTESIAN_POINT('',(84.906781944145,-203.1028068208,
    51.946376863318));
#3351 = CARTESIAN_POINT('',(85.617250785608,-204.4135503599,
    51.936176863318));
#3352 = CARTESIAN_POINT('',(7.25510524284,-59.84327509015,
    45.063636469923));
#3353 = CARTESIAN_POINT('',(7.965574084302,-61.15401862925,
    45.053436469923));
#3354 = CARTESIAN_POINT('',(8.676042925764,-62.46476216836,
    45.043236469923));
#3355 = CARTESIAN_POINT('',(9.386511767227,-63.77550570747,
    45.033036469923));
#3356 = CARTESIAN_POINT('',(10.096980608689,-65.08624924657,
    45.022836469923));
#3357 = CARTESIAN_POINT('',(10.807449450151,-66.39699278568,
    45.012636469923));
#3358 = CARTESIAN_POINT('',(23.152992815874,-89.17327832987,
    44.835394999247));
#3359 = CARTESIAN_POINT('',(34.788067340134,-110.6388203349,
    44.66835352857));
#3360 = CARTESIAN_POINT('',(46.423141864395,-132.10436234,
    44.501312057894));
#3361 = CARTESIAN_POINT('',(58.058216388656,-153.5699043451,
    44.334270587218));
#3362 = CARTESIAN_POINT('',(69.693290912917,-175.0354463502,
    44.167229116542));
#3363 = CARTESIAN_POINT('',(82.03883427864,-197.8117318943,
    43.989987645865));
#3364 = CARTESIAN_POINT('',(82.749303120102,-199.1224754334,
    43.979787645865));
#3365 = CARTESIAN_POINT('',(83.459771961564,-200.4332189726,
    43.969587645865));
#3366 = CARTESIAN_POINT('',(84.170240803026,-201.7439625117,
    43.959387645865));
#3367 = CARTESIAN_POINT('',(84.880709644488,-203.0547060508,
    43.949187645865));
#3368 = CARTESIAN_POINT('',(85.59117848595,-204.3654495899,
    43.938987645865));
#3369 = ADVANCED_FACE('',(#3370),#3411,.T.);
#3370 = FACE_BOUND('',#3371,.T.);
#3371 = EDGE_LOOP('',(#3372,#3383,#3391,#3392,#3393,#3403));
#3372 = ORIENTED_EDGE('',*,*,#3373,.T.);
#3373 = EDGE_CURVE('',#3374,#3376,#3378,.T.);
#3374 = VERTEX_POINT('',#3375);
#3375 = CARTESIAN_POINT('',(-16.17736681748,-76.30395011303,43.));
#3376 = VERTEX_POINT('',#3377);
#3377 = CARTESIAN_POINT('',(16.177366817487,-76.30395011303,43.));
#3378 = CIRCLE('',#3379,78.);
#3379 = AXIS2_PLACEMENT_3D('',#3380,#3381,#3382);
#3380 = CARTESIAN_POINT('',(0.,0.,43.));
#3381 = DIRECTION('',(0.,0.,1.));
#3382 = DIRECTION('',(1.,0.,-0.));
#3383 = ORIENTED_EDGE('',*,*,#3384,.T.);
#3384 = EDGE_CURVE('',#3376,#3288,#3385,.T.);
#3385 = B_SPLINE_CURVE_WITH_KNOTS('',4,(#3386,#3387,#3388,#3389,#3390),
  .UNSPECIFIED.,.F.,.F.,(5,5),(0.,1.),.PIECEWISE_BEZIER_KNOTS.);
#3386 = CARTESIAN_POINT('',(16.177366817487,-76.30395011303,42.9999994)
  );
#3387 = CARTESIAN_POINT('',(16.177366817487,-76.30395011303,
    43.48388522167));
#3388 = CARTESIAN_POINT('',(16.177366817487,-76.30395011303,
    43.967771043339));
#3389 = CARTESIAN_POINT('',(16.177366817487,-76.30395011303,
    44.451656865009));
#3390 = CARTESIAN_POINT('',(16.177366817487,-76.30395011303,
    44.935542686678));
#3391 = ORIENTED_EDGE('',*,*,#3287,.T.);
#3392 = ORIENTED_EDGE('',*,*,#1712,.F.);
#3393 = ORIENTED_EDGE('',*,*,#3394,.T.);
#3394 = EDGE_CURVE('',#1650,#3395,#3397,.T.);
#3395 = VERTEX_POINT('',#3396);
#3396 = CARTESIAN_POINT('',(-16.17736681748,-76.30395011303,
    44.935542086678));
#3397 = B_SPLINE_CURVE_WITH_KNOTS('',4,(#3398,#3399,#3400,#3401,#3402),
  .UNSPECIFIED.,.F.,.F.,(5,5),(0.,1.),.PIECEWISE_BEZIER_KNOTS.);
#3398 = CARTESIAN_POINT('',(-16.17763174372,-76.30389394496,45.0000006)
  );
#3399 = CARTESIAN_POINT('',(-16.17749906445,-76.30392207506,
    44.983860055065));
#3400 = CARTESIAN_POINT('',(-16.17741082735,-76.3039407824,
    44.967736641404));
#3401 = CARTESIAN_POINT('',(-16.17736681748,-76.30395011303,
    44.95163057992));
#3402 = CARTESIAN_POINT('',(-16.17736681748,-76.30395011303,
    44.935542086678));
#3403 = ORIENTED_EDGE('',*,*,#3404,.T.);
#3404 = EDGE_CURVE('',#3395,#3374,#3405,.T.);
#3405 = B_SPLINE_CURVE_WITH_KNOTS('',4,(#3406,#3407,#3408,#3409,#3410),
  .UNSPECIFIED.,.F.,.F.,(5,5),(0.,1.),.PIECEWISE_BEZIER_KNOTS.);
#3406 = CARTESIAN_POINT('',(-16.17736681748,-76.30395011303,
    44.935542686678));
#3407 = CARTESIAN_POINT('',(-16.17736681748,-76.30395011303,
    44.451656865009));
#3408 = CARTESIAN_POINT('',(-16.17736681748,-76.30395011303,
    43.967771043339));
#3409 = CARTESIAN_POINT('',(-16.17736681748,-76.30395011303,
    43.48388522167));
#3410 = CARTESIAN_POINT('',(-16.17736681748,-76.30395011303,42.9999994)
  );
#3411 = CYLINDRICAL_SURFACE('',#3412,78.);
#3412 = AXIS2_PLACEMENT_3D('',#3413,#3414,#3415);
#3413 = CARTESIAN_POINT('',(0.,0.,35.));
#3414 = DIRECTION('',(0.,0.,1.));
#3415 = DIRECTION('',(1.,0.,-0.));
#3416 = ADVANCED_FACE('',(#3417),#3494,.T.);
#3417 = FACE_BOUND('',#3418,.T.);
#3418 = EDGE_LOOP('',(#3419,#3441,#3442,#3443,#3465));
#3419 = ORIENTED_EDGE('',*,*,#3420,.F.);
#3420 = EDGE_CURVE('',#3395,#3421,#3423,.T.);
#3421 = VERTEX_POINT('',#3422);
#3422 = CARTESIAN_POINT('',(-81.17172627809,-196.2120048647,
    44.002436469923));
#3423 = B_SPLINE_CURVE_WITH_KNOTS('',6,(#3424,#3425,#3426,#3427,#3428,
    #3429,#3430,#3431,#3432,#3433,#3434,#3435,#3436,#3437,#3438,#3439,
    #3440),.UNSPECIFIED.,.F.,.F.,(7,5,5,7),(-8.890959613726,
    5.471370022866E-02,146.55455944062,155.50023275457),.UNSPECIFIED.);
#3424 = CARTESIAN_POINT('',(-7.25510524284,-59.84327509015,
    45.063636469923));
#3425 = CARTESIAN_POINT('',(-7.965574084302,-61.15401862925,
    45.053436469923));
#3426 = CARTESIAN_POINT('',(-8.676042925765,-62.46476216836,
    45.043236469923));
#3427 = CARTESIAN_POINT('',(-9.386511767227,-63.77550570747,
    45.033036469923));
#3428 = CARTESIAN_POINT('',(-10.09698060868,-65.08624924657,
    45.022836469923));
#3429 = CARTESIAN_POINT('',(-10.80744945015,-66.39699278568,
    45.012636469923));
#3430 = CARTESIAN_POINT('',(-23.15299281587,-89.17327832987,
    44.835394999246));
#3431 = CARTESIAN_POINT('',(-34.78806734013,-110.6388203349,
    44.66835352857));
#3432 = CARTESIAN_POINT('',(-46.42314186439,-132.10436234,
    44.501312057894));
#3433 = CARTESIAN_POINT('',(-58.05821638865,-153.5699043451,
    44.334270587218));
#3434 = CARTESIAN_POINT('',(-69.69329091291,-175.0354463502,
    44.167229116542));
#3435 = CARTESIAN_POINT('',(-82.03883427864,-197.8117318943,
    43.989987645865));
#3436 = CARTESIAN_POINT('',(-82.7493031201,-199.1224754334,
    43.979787645865));
#3437 = CARTESIAN_POINT('',(-83.45977196156,-200.4332189726,
    43.969587645865));
#3438 = CARTESIAN_POINT('',(-84.17024080302,-201.7439625117,
    43.959387645865));
#3439 = CARTESIAN_POINT('',(-84.88070964448,-203.0547060508,
    43.949187645865));
#3440 = CARTESIAN_POINT('',(-85.59117848595,-204.3654495899,
    43.938987645865));
#3441 = ORIENTED_EDGE('',*,*,#3394,.F.);
#3442 = ORIENTED_EDGE('',*,*,#1649,.T.);
#3443 = ORIENTED_EDGE('',*,*,#3444,.T.);
#3444 = EDGE_CURVE('',#1611,#3445,#3447,.T.);
#3445 = VERTEX_POINT('',#3446);
#3446 = CARTESIAN_POINT('',(-88.38538993747,-192.7380875377,52.));
#3447 = B_SPLINE_CURVE_WITH_KNOTS('',6,(#3448,#3449,#3450,#3451,#3452,
    #3453,#3454,#3455,#3456,#3457,#3458,#3459,#3460,#3461,#3462,#3463,
    #3464),.UNSPECIFIED.,.F.,.F.,(7,5,5,7),(-8.890959613726,
    5.471370022866E-02,146.55455944062,155.50023275457),.UNSPECIFIED.);
#3448 = CARTESIAN_POINT('',(-14.31212974313,-56.08037427261,
    53.063448824057));
#3449 = CARTESIAN_POINT('',(-15.0225985846,-57.39111781172,
    53.053248824057));
#3450 = CARTESIAN_POINT('',(-15.73306742606,-58.70186135083,
    53.043048824057));
#3451 = CARTESIAN_POINT('',(-16.44353626752,-60.01260488993,
    53.032848824057));
#3452 = CARTESIAN_POINT('',(-17.15400510898,-61.32334842904,
    53.022648824057));
#3453 = CARTESIAN_POINT('',(-17.86447395044,-62.63409196815,
    53.012448824057));
#3454 = CARTESIAN_POINT('',(-30.21001731617,-85.41037751234,
    52.835207353381));
#3455 = CARTESIAN_POINT('',(-41.84509184043,-106.8759195174,
    52.668165882705));
#3456 = CARTESIAN_POINT('',(-53.48016636469,-128.3414615225,
    52.501124412029));
#3457 = CARTESIAN_POINT('',(-65.11524088895,-149.8070035275,
    52.334082941352));
#3458 = CARTESIAN_POINT('',(-76.75031541321,-171.2725455326,
    52.167041470676));
#3459 = CARTESIAN_POINT('',(-89.09585877893,-194.0488310768,51.9898));
#3460 = CARTESIAN_POINT('',(-89.8063276204,-195.3595746159,51.9796));
#3461 = CARTESIAN_POINT('',(-90.51679646186,-196.670318155,51.9694));
#3462 = CARTESIAN_POINT('',(-91.22726530332,-197.9810616941,51.9592));
#3463 = CARTESIAN_POINT('',(-91.93773414478,-199.2918052332,51.949));
#3464 = CARTESIAN_POINT('',(-92.64820298624,-200.6025487723,51.9388));
#3465 = ORIENTED_EDGE('',*,*,#3466,.F.);
#3466 = EDGE_CURVE('',#3421,#3445,#3467,.T.);
#3467 = B_SPLINE_CURVE_WITH_KNOTS('',7,(#3468,#3469,#3470,#3471,#3472,
    #3473,#3474,#3475,#3476,#3477,#3478,#3479,#3480,#3481,#3482,#3483,
    #3484,#3485,#3486,#3487,#3488,#3489,#3490,#3491,#3492,#3493),
  .UNSPECIFIED.,.F.,.F.,(8,6,6,6,8),(0.,0.246925498661,0.497996622871,
    0.749070781753,1.),.UNSPECIFIED.);
#3468 = CARTESIAN_POINT('',(-81.17172627809,-196.2120048647,
    44.002436469923));
#3469 = CARTESIAN_POINT('',(-81.17172627809,-196.2120048647,
    44.4017537518));
#3470 = CARTESIAN_POINT('',(-81.19270089738,-196.2019040204,
    44.810636700957));
#3471 = CARTESIAN_POINT('',(-81.23645690091,-196.1808322397,
    45.22705974607));
#3472 = CARTESIAN_POINT('',(-81.30462352602,-196.1480049232,
    45.648505062594));
#3473 = CARTESIAN_POINT('',(-81.39847187656,-196.1028099395,
    46.071957206984));
#3474 = CARTESIAN_POINT('',(-81.51876130782,-196.0448816025,
    46.49401015744));
#3475 = CARTESIAN_POINT('',(-81.81492978239,-195.9022543823,
    47.335165652794));
#3476 = CARTESIAN_POINT('',(-81.99170946697,-195.8171217731,
    47.754101081614));
#3477 = CARTESIAN_POINT('',(-82.19608226,-195.7187010232,48.164131040097
    ));
#3478 = CARTESIAN_POINT('',(-82.42751281609,-195.6072499413,
    48.561312946463));
#3479 = CARTESIAN_POINT('',(-82.68469029657,-195.4833997942,
    48.941751868044));
#3480 = CARTESIAN_POINT('',(-82.96556506899,-195.3481376327,
    49.301938471006));
#3481 = CARTESIAN_POINT('',(-83.56952349851,-195.0572865823,
    49.975981163217));
#3482 = CARTESIAN_POINT('',(-83.89260885446,-194.9016968751,
    50.289838016802));
#3483 = CARTESIAN_POINT('',(-84.23420349976,-194.737193564,
    50.577613543186));
#3484 = CARTESIAN_POINT('',(-84.59116753079,-194.5652887469,
    50.836987465342));
#3485 = CARTESIAN_POINT('',(-84.96000054724,-194.3876681276,
    51.066452893017));
#3486 = CARTESIAN_POINT('',(-85.33714632081,-194.2060442954,
    51.265363987356));
#3487 = CARTESIAN_POINT('',(-86.10103621403,-193.8381743113,
    51.60217501519));
#3488 = CARTESIAN_POINT('',(-86.48777586964,-193.6519303091,
    51.740110753151));
#3489 = CARTESIAN_POINT('',(-86.87602471836,-193.4649595177,
    51.847723160503));
#3490 = CARTESIAN_POINT('',(-87.26254092966,-193.2788231206,
    51.92585567216));
#3491 = CARTESIAN_POINT('',(-87.64445551167,-193.0949027514,
    51.97598727739));
#3492 = CARTESIAN_POINT('',(-88.01937755743,-192.9143498101,52.));
#3493 = CARTESIAN_POINT('',(-88.38538993747,-192.7380875377,52.));
#3494 = ( BOUNDED_SURFACE() B_SPLINE_SURFACE(2,6,(
    (#3495,#3496,#3497,#3498,#3499,#3500,#3501,#3502,#3503,#3504,#3505
      ,#3506,#3507,#3508,#3509,#3510,#3511)
    ,(#3512,#3513,#3514,#3515,#3516,#3517,#3518,#3519,#3520,#3521,#3522
      ,#3523,#3524,#3525,#3526,#3527,#3528)
    ,(#3529,#3530,#3531,#3532,#3533,#3534,#3535,#3536,#3537,#3538,#3539
      ,#3540,#3541,#3542,#3543,#3544,#3545
)),.UNSPECIFIED.,.F.,.F.,.F.) B_SPLINE_SURFACE_WITH_KNOTS((3,3),(7,5,5,7
    ),(0.,146.49984574039),(-8.890959613726,5.471370022866E-02,
    146.55455944062,155.50023275457),.UNSPECIFIED.) 
GEOMETRIC_REPRESENTATION_ITEM() RATIONAL_B_SPLINE_SURFACE((
    (1.,1.,1.,1.,1.,1.,1.,1.,1.,1.,1.,1.,1.,1.,1.,1.,1.)
    ,(0.707222739782,0.707222739782,0.707222739782,0.707222739782
      ,0.707222739782,0.707222739782,0.707222739782,0.707222739782
      ,0.707222739782,0.707222739782,0.707222739782,0.707222739782
      ,0.707222739782,0.707222739782,0.707222739782,0.707222739782
      ,0.707222739782)
    ,(1.,1.,1.,1.,1.,1.,1.,1.,1.,1.,1.,1.,1.,1.,1.,1.,1.
))) REPRESENTATION_ITEM('') SURFACE() );
#3495 = CARTESIAN_POINT('',(-7.25510524284,-59.84327509015,
    45.063636469923));
#3496 = CARTESIAN_POINT('',(-7.965574084302,-61.15401862925,
    45.053436469923));
#3497 = CARTESIAN_POINT('',(-8.676042925765,-62.46476216836,
    45.043236469923));
#3498 = CARTESIAN_POINT('',(-9.386511767227,-63.77550570747,
    45.033036469923));
#3499 = CARTESIAN_POINT('',(-10.09698060868,-65.08624924657,
    45.022836469923));
#3500 = CARTESIAN_POINT('',(-10.80744945015,-66.39699278568,
    45.012636469923));
#3501 = CARTESIAN_POINT('',(-23.15299281587,-89.17327832987,
    44.835394999246));
#3502 = CARTESIAN_POINT('',(-34.78806734013,-110.6388203349,
    44.66835352857));
#3503 = CARTESIAN_POINT('',(-46.42314186439,-132.10436234,
    44.501312057894));
#3504 = CARTESIAN_POINT('',(-58.05821638865,-153.5699043451,
    44.334270587218));
#3505 = CARTESIAN_POINT('',(-69.69329091291,-175.0354463502,
    44.167229116542));
#3506 = CARTESIAN_POINT('',(-82.03883427864,-197.8117318943,
    43.989987645865));
#3507 = CARTESIAN_POINT('',(-82.7493031201,-199.1224754334,
    43.979787645865));
#3508 = CARTESIAN_POINT('',(-83.45977196156,-200.4332189726,
    43.969587645865));
#3509 = CARTESIAN_POINT('',(-84.17024080302,-201.7439625117,
    43.959387645865));
#3510 = CARTESIAN_POINT('',(-84.88070964448,-203.0547060508,
    43.949187645865));
#3511 = CARTESIAN_POINT('',(-85.59117848595,-204.3654495899,
    43.938987645865));
#3512 = CARTESIAN_POINT('',(-7.281177542498,-59.89137586013,
    53.060825687376));
#3513 = CARTESIAN_POINT('',(-7.99164638396,-61.20211939924,
    53.050625687376));
#3514 = CARTESIAN_POINT('',(-8.702115225422,-62.51286293835,
    53.040425687376));
#3515 = CARTESIAN_POINT('',(-9.412584066884,-63.82360647745,
    53.030225687376));
#3516 = CARTESIAN_POINT('',(-10.12305290834,-65.13435001656,
    53.020025687376));
#3517 = CARTESIAN_POINT('',(-10.8335217498,-66.44509355567,
    53.009825687376));
#3518 = CARTESIAN_POINT('',(-23.17906511553,-89.22137909986,
    52.8325842167));
#3519 = CARTESIAN_POINT('',(-34.81413963979,-110.6869211049,
    52.665542746023));
#3520 = CARTESIAN_POINT('',(-46.44921416405,-132.15246311,
    52.498501275347));
#3521 = CARTESIAN_POINT('',(-58.08428868831,-153.6180051151,
    52.331459804671));
#3522 = CARTESIAN_POINT('',(-69.71936321257,-175.0835471201,
    52.164418333995));
#3523 = CARTESIAN_POINT('',(-82.06490657829,-197.8598326643,
    51.987176863318));
#3524 = CARTESIAN_POINT('',(-82.77537541975,-199.1705762034,
    51.976976863318));
#3525 = CARTESIAN_POINT('',(-83.48584426122,-200.4813197425,
    51.966776863318));
#3526 = CARTESIAN_POINT('',(-84.19631310268,-201.7920632817,
    51.956576863318));
#3527 = CARTESIAN_POINT('',(-84.90678194414,-203.1028068208,
    51.946376863318));
#3528 = CARTESIAN_POINT('',(-85.6172507856,-204.4135503599,
    51.936176863318));
#3529 = CARTESIAN_POINT('',(-14.31212974313,-56.08037427261,
    53.063448824057));
#3530 = CARTESIAN_POINT('',(-15.0225985846,-57.39111781172,
    53.053248824057));
#3531 = CARTESIAN_POINT('',(-15.73306742606,-58.70186135083,
    53.043048824057));
#3532 = CARTESIAN_POINT('',(-16.44353626752,-60.01260488993,
    53.032848824057));
#3533 = CARTESIAN_POINT('',(-17.15400510898,-61.32334842904,
    53.022648824057));
#3534 = CARTESIAN_POINT('',(-17.86447395044,-62.63409196815,
    53.012448824057));
#3535 = CARTESIAN_POINT('',(-30.21001731617,-85.41037751234,
    52.835207353381));
#3536 = CARTESIAN_POINT('',(-41.84509184043,-106.8759195174,
    52.668165882705));
#3537 = CARTESIAN_POINT('',(-53.48016636469,-128.3414615225,
    52.501124412029));
#3538 = CARTESIAN_POINT('',(-65.11524088895,-149.8070035275,
    52.334082941352));
#3539 = CARTESIAN_POINT('',(-76.75031541321,-171.2725455326,
    52.167041470676));
#3540 = CARTESIAN_POINT('',(-89.09585877893,-194.0488310768,51.9898));
#3541 = CARTESIAN_POINT('',(-89.8063276204,-195.3595746159,51.9796));
#3542 = CARTESIAN_POINT('',(-90.51679646186,-196.670318155,51.9694));
#3543 = CARTESIAN_POINT('',(-91.22726530332,-197.9810616941,51.9592));
#3544 = CARTESIAN_POINT('',(-91.93773414478,-199.2918052332,51.949));
#3545 = CARTESIAN_POINT('',(-92.64820298624,-200.6025487723,51.9388));
#3546 = ADVANCED_FACE('',(#3547),#3579,.T.);
#3547 = FACE_BOUND('',#3548,.T.);
#3548 = EDGE_LOOP('',(#3549,#3550,#3551,#3573));
#3549 = ORIENTED_EDGE('',*,*,#3444,.F.);
#3550 = ORIENTED_EDGE('',*,*,#1610,.T.);
#3551 = ORIENTED_EDGE('',*,*,#3552,.T.);
#3552 = EDGE_CURVE('',#1527,#3553,#3555,.T.);
#3553 = VERTEX_POINT('',#3554);
#3554 = CARTESIAN_POINT('',(-95.58131544836,-189.2727124528,52.));
#3555 = B_SPLINE_CURVE_WITH_KNOTS('',6,(#3556,#3557,#3558,#3559,#3560,
    #3561,#3562,#3563,#3564,#3565,#3566,#3567,#3568,#3569,#3570,#3571,
    #3572),.UNSPECIFIED.,.F.,.F.,(7,5,5,7),(-8.890959613726,
    5.471370022853E-02,146.55455944062,155.50023275457),.UNSPECIFIED.);
#3556 = CARTESIAN_POINT('',(-34.92193521719,-46.15521505774,
    53.063448824057));
#3557 = CARTESIAN_POINT('',(-35.50374570432,-47.5279171948,
    53.053248824057));
#3558 = CARTESIAN_POINT('',(-36.08555619144,-48.90061933185,
    53.043048824057));
#3559 = CARTESIAN_POINT('',(-36.66736667857,-50.2733214689,
    53.032848824057));
#3560 = CARTESIAN_POINT('',(-37.24917716569,-51.64602360596,
    53.022648824057));
#3561 = CARTESIAN_POINT('',(-37.83098765282,-53.01872574301,
    53.012448824057));
#3562 = CARTESIAN_POINT('',(-47.94088435801,-76.87164197553,
    52.835207353381));
#3563 = CARTESIAN_POINT('',(-57.46897057608,-99.351856071,
    52.668165882705));
#3564 = CARTESIAN_POINT('',(-66.99705679415,-121.8320701664,
    52.501124412029));
#3565 = CARTESIAN_POINT('',(-76.52514301222,-144.3122842619,
    52.334082941353));
#3566 = CARTESIAN_POINT('',(-86.05322923029,-166.7924983574,
    52.167041470676));
#3567 = CARTESIAN_POINT('',(-96.16312593549,-190.6454145899,51.9898));
#3568 = CARTESIAN_POINT('',(-96.74493642262,-192.0181167269,51.9796));
#3569 = CARTESIAN_POINT('',(-97.32674690974,-193.390818864,51.9694));
#3570 = CARTESIAN_POINT('',(-97.90855739687,-194.763521001,51.9592));
#3571 = CARTESIAN_POINT('',(-98.49036788399,-196.1362231381,51.949));
#3572 = CARTESIAN_POINT('',(-99.07217837112,-197.5089252751,51.9388));
#3573 = ORIENTED_EDGE('',*,*,#3574,.F.);
#3574 = EDGE_CURVE('',#3445,#3553,#3575,.T.);
#3575 = LINE('',#3576,#3577);
#3576 = CARTESIAN_POINT('',(-81.17172627809,-196.2120048647,52.));
#3577 = VECTOR('',#3578,1.);
#3578 = DIRECTION('',(-0.900968867902,0.433883739118,0.));
#3579 = B_SPLINE_SURFACE_WITH_KNOTS('',1,1,(
    (#3580,#3581)
    ,(#3582,#3583
    )),.UNSPECIFIED.,.F.,.F.,.F.,(2,2),(2,2),(0.,38.),(0.,1.),
  .PIECEWISE_BEZIER_KNOTS.);
#3580 = CARTESIAN_POINT('',(-11.51791829161,-67.70773632479,53.));
#3581 = CARTESIAN_POINT('',(-81.17172627809,-196.2120048647,52.));
#3582 = CARTESIAN_POINT('',(-45.7547352719,-51.22015423832,53.));
#3583 = CARTESIAN_POINT('',(-102.7949791077,-185.7987951259,52.));
#3584 = ADVANCED_FACE('',(#3585),#3650,.T.);
#3585 = FACE_BOUND('',#3586,.T.);
#3586 = EDGE_LOOP('',(#3587,#3588,#3589,#3599,#3621));
#3587 = ORIENTED_EDGE('',*,*,#3552,.F.);
#3588 = ORIENTED_EDGE('',*,*,#1526,.T.);
#3589 = ORIENTED_EDGE('',*,*,#3590,.F.);
#3590 = EDGE_CURVE('',#3591,#1518,#3593,.T.);
#3591 = VERTEX_POINT('',#3592);
#3592 = CARTESIAN_POINT('',(-49.57040720341,-60.22270941836,
    44.935542086678));
#3593 = B_SPLINE_CURVE_WITH_KNOTS('',4,(#3594,#3595,#3596,#3597,#3598),
  .UNSPECIFIED.,.F.,.F.,(5,5),(0.,1.),.PIECEWISE_BEZIER_KNOTS.);
#3594 = CARTESIAN_POINT('',(-49.57040720341,-60.22270941836,
    44.935542086678));
#3595 = CARTESIAN_POINT('',(-49.57040720341,-60.22270941836,
    44.951630579922));
#3596 = CARTESIAN_POINT('',(-49.57037246872,-60.22273800911,
    44.967736641404));
#3597 = CARTESIAN_POINT('',(-49.57030282781,-60.22279533181,
    44.983860055065));
#3598 = CARTESIAN_POINT('',(-49.57019811063,-60.22288152581,45.0000006)
  );
#3599 = ORIENTED_EDGE('',*,*,#3600,.T.);
#3600 = EDGE_CURVE('',#3591,#3601,#3603,.T.);
#3601 = VERTEX_POINT('',#3602);
#3602 = CARTESIAN_POINT('',(-102.7949791077,-185.7987951259,
    44.002436469923));
#3603 = B_SPLINE_CURVE_WITH_KNOTS('',6,(#3604,#3605,#3606,#3607,#3608,
    #3609,#3610,#3611,#3612,#3613,#3614,#3615,#3616,#3617,#3618,#3619,
    #3620),.UNSPECIFIED.,.F.,.F.,(7,5,5,7),(-8.890959613726,
    5.471370022853E-02,146.55455944062,155.50023275457),.UNSPECIFIED.);
#3604 = CARTESIAN_POINT('',(-42.26387234915,-42.983941416,
    45.063636469923));
#3605 = CARTESIAN_POINT('',(-42.84568283627,-44.35664355306,
    45.053436469923));
#3606 = CARTESIAN_POINT('',(-43.4274933234,-45.72934569011,
    45.043236469923));
#3607 = CARTESIAN_POINT('',(-44.00930381052,-47.10204782716,
    45.033036469923));
#3608 = CARTESIAN_POINT('',(-44.59111429765,-48.47474996421,
    45.022836469923));
#3609 = CARTESIAN_POINT('',(-45.17292478477,-49.84745210127,
    45.012636469923));
#3610 = CARTESIAN_POINT('',(-55.28282148997,-73.70036833379,
    44.835394999247));
#3611 = CARTESIAN_POINT('',(-64.81090770804,-96.18058242926,
    44.66835352857));
#3612 = CARTESIAN_POINT('',(-74.33899392611,-118.6607965247,
    44.501312057894));
#3613 = CARTESIAN_POINT('',(-83.86708014418,-141.1410106201,
    44.334270587218));
#3614 = CARTESIAN_POINT('',(-93.39516636225,-163.6212247156,
    44.167229116542));
#3615 = CARTESIAN_POINT('',(-103.5050630674,-187.4741409481,
    43.989987645865));
#3616 = CARTESIAN_POINT('',(-104.0868735545,-188.8468430852,
    43.979787645865));
#3617 = CARTESIAN_POINT('',(-104.6686840417,-190.2195452222,
    43.969587645865));
#3618 = CARTESIAN_POINT('',(-105.2504945288,-191.5922473593,
    43.959387645865));
#3619 = CARTESIAN_POINT('',(-105.8323050159,-192.9649494963,
    43.949187645865));
#3620 = CARTESIAN_POINT('',(-106.414115503,-194.3376516334,
    43.938987645865));
#3621 = ORIENTED_EDGE('',*,*,#3622,.F.);
#3622 = EDGE_CURVE('',#3553,#3601,#3623,.T.);
#3623 = B_SPLINE_CURVE_WITH_KNOTS('',7,(#3624,#3625,#3626,#3627,#3628,
    #3629,#3630,#3631,#3632,#3633,#3634,#3635,#3636,#3637,#3638,#3639,
    #3640,#3641,#3642,#3643,#3644,#3645,#3646,#3647,#3648,#3649),
  .UNSPECIFIED.,.F.,.F.,(8,6,6,6,8),(0.,0.250659812333,0.502734281993,
    0.752805095436,1.),.UNSPECIFIED.);
#3624 = CARTESIAN_POINT('',(-95.58131544836,-189.2727124528,52.));
#3625 = CARTESIAN_POINT('',(-95.94693486526,-189.0966394215,52.));
#3626 = CARTESIAN_POINT('',(-96.32144483999,-188.9162849232,
    51.976038011652));
#3627 = CARTESIAN_POINT('',(-96.70293431755,-188.7325692735,
    51.926019067708));
#3628 = CARTESIAN_POINT('',(-97.08902082947,-188.5466398086,
    51.848056495126));
#3629 = CARTESIAN_POINT('',(-97.4768453207,-188.3598733771,
    51.74068889901));
#3630 = CARTESIAN_POINT('',(-97.8631778343,-188.1738254441,
    51.603063049213));
#3631 = CARTESIAN_POINT('',(-98.62824311157,-187.8053894249,
    51.266154253432));
#3632 = CARTESIAN_POINT('',(-99.00692192836,-187.623027318,
    51.066526241589));
#3633 = CARTESIAN_POINT('',(-99.37722701715,-187.4446977861,
    50.836096864403));
#3634 = CARTESIAN_POINT('',(-99.73555883741,-187.2721342763,
    50.575519085527));
#3635 = CARTESIAN_POINT('',(-100.0783745316,-187.107042939,
    50.286321215321));
#3636 = CARTESIAN_POINT('',(-100.4024991244,-186.9509527618,
    49.970857879004));
#3637 = CARTESIAN_POINT('',(-101.0057196755,-186.6604570549,
    49.296006626459));
#3638 = CARTESIAN_POINT('',(-101.2851542525,-186.525888455,
    48.936986470092));
#3639 = CARTESIAN_POINT('',(-101.5410591202,-186.4026511658,
    48.557912494968));
#3640 = CARTESIAN_POINT('',(-101.7714148101,-186.2917177123,
    48.162254955404));
#3641 = CARTESIAN_POINT('',(-101.9749290075,-186.1937104403,
    47.753861876555));
#3642 = CARTESIAN_POINT('',(-102.1510721825,-186.1088843579,
    47.336628229906));
#3643 = CARTESIAN_POINT('',(-102.4471561604,-185.9662978291,
    46.496773014873));
#3644 = CARTESIAN_POINT('',(-102.5677212299,-185.9082367517,
    46.074267266171));
#3645 = CARTESIAN_POINT('',(-102.661784194,-185.8629384156,
    45.650344369479));
#3646 = CARTESIAN_POINT('',(-102.7301051888,-185.8300367586,
    45.22842278786));
#3647 = CARTESIAN_POINT('',(-102.7739586921,-185.8089180245,
    44.811528934993));
#3648 = CARTESIAN_POINT('',(-102.7949791077,-185.7987951259,
    44.402189425964));
#3649 = CARTESIAN_POINT('',(-102.7949791077,-185.7987951259,
    44.002436469923));
#3650 = ( BOUNDED_SURFACE() B_SPLINE_SURFACE(2,6,(
    (#3651,#3652,#3653,#3654,#3655,#3656,#3657,#3658,#3659,#3660,#3661
      ,#3662,#3663,#3664,#3665,#3666,#3667)
    ,(#3668,#3669,#3670,#3671,#3672,#3673,#3674,#3675,#3676,#3677,#3678
      ,#3679,#3680,#3681,#3682,#3683,#3684)
    ,(#3685,#3686,#3687,#3688,#3689,#3690,#3691,#3692,#3693,#3694,#3695
      ,#3696,#3697,#3698,#3699,#3700,#3701
)),.UNSPECIFIED.,.F.,.F.,.F.) B_SPLINE_SURFACE_WITH_KNOTS((3,3),(7,5,5,7
    ),(0.,146.49984574039),(-8.890959613726,5.471370022853E-02,
    146.55455944062,155.50023275457),.UNSPECIFIED.) 
GEOMETRIC_REPRESENTATION_ITEM() RATIONAL_B_SPLINE_SURFACE((
    (1.,1.,1.,1.,1.,1.,1.,1.,1.,1.,1.,1.,1.,1.,1.,1.,1.)
    ,(0.707222739782,0.707222739782,0.707222739782,0.707222739782
      ,0.707222739782,0.707222739782,0.707222739782,0.707222739782
      ,0.707222739782,0.707222739782,0.707222739782,0.707222739782
      ,0.707222739782,0.707222739782,0.707222739782,0.707222739782
      ,0.707222739782)
    ,(1.,1.,1.,1.,1.,1.,1.,1.,1.,1.,1.,1.,1.,1.,1.,1.,1.
))) REPRESENTATION_ITEM('') SURFACE() );
#3651 = CARTESIAN_POINT('',(-34.92193521719,-46.15521505774,
    53.063448824057));
#3652 = CARTESIAN_POINT('',(-35.50374570432,-47.5279171948,
    53.053248824057));
#3653 = CARTESIAN_POINT('',(-36.08555619144,-48.90061933185,
    53.043048824057));
#3654 = CARTESIAN_POINT('',(-36.66736667857,-50.2733214689,
    53.032848824057));
#3655 = CARTESIAN_POINT('',(-37.24917716569,-51.64602360596,
    53.022648824057));
#3656 = CARTESIAN_POINT('',(-37.83098765282,-53.01872574301,
    53.012448824057));
#3657 = CARTESIAN_POINT('',(-47.94088435801,-76.87164197553,
    52.835207353381));
#3658 = CARTESIAN_POINT('',(-57.46897057608,-99.351856071,
    52.668165882705));
#3659 = CARTESIAN_POINT('',(-66.99705679415,-121.8320701664,
    52.501124412029));
#3660 = CARTESIAN_POINT('',(-76.52514301222,-144.3122842619,
    52.334082941353));
#3661 = CARTESIAN_POINT('',(-86.05322923029,-166.7924983574,
    52.167041470676));
#3662 = CARTESIAN_POINT('',(-96.16312593549,-190.6454145899,51.9898));
#3663 = CARTESIAN_POINT('',(-96.74493642262,-192.0181167269,51.9796));
#3664 = CARTESIAN_POINT('',(-97.32674690974,-193.390818864,51.9694));
#3665 = CARTESIAN_POINT('',(-97.90855739687,-194.763521001,51.9592));
#3666 = CARTESIAN_POINT('',(-98.49036788399,-196.1362231381,51.949));
#3667 = CARTESIAN_POINT('',(-99.07217837112,-197.5089252751,51.9388));
#3668 = CARTESIAN_POINT('',(-42.28522323251,-43.03431590024,
    53.060825687376));
#3669 = CARTESIAN_POINT('',(-42.86703371963,-44.4070180373,
    53.050625687376));
#3670 = CARTESIAN_POINT('',(-43.44884420676,-45.77972017435,
    53.040425687376));
#3671 = CARTESIAN_POINT('',(-44.03065469388,-47.1524223114,
    53.030225687376));
#3672 = CARTESIAN_POINT('',(-44.61246518101,-48.52512444846,
    53.020025687376));
#3673 = CARTESIAN_POINT('',(-45.19427566813,-49.89782658551,
    53.009825687376));
#3674 = CARTESIAN_POINT('',(-55.30417237333,-73.75074281803,
    52.832584216699));
#3675 = CARTESIAN_POINT('',(-64.8322585914,-96.2309569135,
    52.665542746023));
#3676 = CARTESIAN_POINT('',(-74.36034480947,-118.7111710089,
    52.498501275347));
#3677 = CARTESIAN_POINT('',(-83.88843102754,-141.1913851044,
    52.331459804671));
#3678 = CARTESIAN_POINT('',(-93.41651724561,-163.6715991999,
    52.164418333995));
#3679 = CARTESIAN_POINT('',(-103.5264139508,-187.5245154324,
    51.987176863318));
#3680 = CARTESIAN_POINT('',(-104.1082244379,-188.8972175694,
    51.976976863318));
#3681 = CARTESIAN_POINT('',(-104.690034925,-190.2699197065,
    51.966776863318));
#3682 = CARTESIAN_POINT('',(-105.2718454121,-191.6426218435,
    51.956576863318));
#3683 = CARTESIAN_POINT('',(-105.8536558993,-193.0153239806,
    51.946376863318));
#3684 = CARTESIAN_POINT('',(-106.4354663864,-194.3880261176,
    51.936176863318));
#3685 = CARTESIAN_POINT('',(-42.26387234915,-42.983941416,
    45.063636469923));
#3686 = CARTESIAN_POINT('',(-42.84568283627,-44.35664355306,
    45.053436469923));
#3687 = CARTESIAN_POINT('',(-43.4274933234,-45.72934569011,
    45.043236469923));
#3688 = CARTESIAN_POINT('',(-44.00930381052,-47.10204782716,
    45.033036469923));
#3689 = CARTESIAN_POINT('',(-44.59111429765,-48.47474996421,
    45.022836469923));
#3690 = CARTESIAN_POINT('',(-45.17292478477,-49.84745210127,
    45.012636469923));
#3691 = CARTESIAN_POINT('',(-55.28282148997,-73.70036833379,
    44.835394999247));
#3692 = CARTESIAN_POINT('',(-64.81090770804,-96.18058242926,
    44.66835352857));
#3693 = CARTESIAN_POINT('',(-74.33899392611,-118.6607965247,
    44.501312057894));
#3694 = CARTESIAN_POINT('',(-83.86708014418,-141.1410106201,
    44.334270587218));
#3695 = CARTESIAN_POINT('',(-93.39516636225,-163.6212247156,
    44.167229116542));
#3696 = CARTESIAN_POINT('',(-103.5050630674,-187.4741409481,
    43.989987645865));
#3697 = CARTESIAN_POINT('',(-104.0868735545,-188.8468430852,
    43.979787645865));
#3698 = CARTESIAN_POINT('',(-104.6686840417,-190.2195452222,
    43.969587645865));
#3699 = CARTESIAN_POINT('',(-105.2504945288,-191.5922473593,
    43.959387645865));
#3700 = CARTESIAN_POINT('',(-105.8323050159,-192.9649494963,
    43.949187645865));
#3701 = CARTESIAN_POINT('',(-106.414115503,-194.3376516334,
    43.938987645865));
#3702 = ADVANCED_FACE('',(#3703),#3744,.T.);
#3703 = FACE_BOUND('',#3704,.T.);
#3704 = EDGE_LOOP('',(#3705,#3716,#3724,#3725,#3726,#3736));
#3705 = ORIENTED_EDGE('',*,*,#3706,.T.);
#3706 = EDGE_CURVE('',#3707,#3709,#3711,.T.);
#3707 = VERTEX_POINT('',#3708);
#3708 = CARTESIAN_POINT('',(-69.74325366667,-34.92676005567,43.));
#3709 = VERTEX_POINT('',#3710);
#3710 = CARTESIAN_POINT('',(-49.5704072034,-60.22270941836,43.));
#3711 = CIRCLE('',#3712,78.);
#3712 = AXIS2_PLACEMENT_3D('',#3713,#3714,#3715);
#3713 = CARTESIAN_POINT('',(0.,0.,43.));
#3714 = DIRECTION('',(0.,0.,1.));
#3715 = DIRECTION('',(1.,0.,-0.));
#3716 = ORIENTED_EDGE('',*,*,#3717,.T.);
#3717 = EDGE_CURVE('',#3709,#3591,#3718,.T.);
#3718 = B_SPLINE_CURVE_WITH_KNOTS('',4,(#3719,#3720,#3721,#3722,#3723),
  .UNSPECIFIED.,.F.,.F.,(5,5),(0.,1.),.PIECEWISE_BEZIER_KNOTS.);
#3719 = CARTESIAN_POINT('',(-49.5704072034,-60.22270941836,42.9999994));
#3720 = CARTESIAN_POINT('',(-49.5704072034,-60.22270941836,
    43.48388522167));
#3721 = CARTESIAN_POINT('',(-49.5704072034,-60.22270941835,
    43.967771043339));
#3722 = CARTESIAN_POINT('',(-49.5704072034,-60.22270941836,
    44.451656865009));
#3723 = CARTESIAN_POINT('',(-49.5704072034,-60.22270941836,
    44.935542686678));
#3724 = ORIENTED_EDGE('',*,*,#3590,.T.);
#3725 = ORIENTED_EDGE('',*,*,#1517,.F.);
#3726 = ORIENTED_EDGE('',*,*,#3727,.T.);
#3727 = EDGE_CURVE('',#1455,#3728,#3730,.T.);
#3728 = VERTEX_POINT('',#3729);
#3729 = CARTESIAN_POINT('',(-69.74325366667,-34.92676005567,
    44.935542086678));
#3730 = B_SPLINE_CURVE_WITH_KNOTS('',4,(#3731,#3732,#3733,#3734,#3735),
  .UNSPECIFIED.,.F.,.F.,(5,5),(0.,1.),.PIECEWISE_BEZIER_KNOTS.);
#3731 = CARTESIAN_POINT('',(-69.74337493151,-34.92651790777,45.0000006)
  );
#3732 = CARTESIAN_POINT('',(-69.74331420034,-34.92663917944,
    44.983860055065));
#3733 = CARTESIAN_POINT('',(-69.74327381139,-34.92671982981,
    44.967736641404));
#3734 = CARTESIAN_POINT('',(-69.74325366667,-34.92676005567,
    44.95163057992));
#3735 = CARTESIAN_POINT('',(-69.74325366667,-34.92676005567,
    44.935542086678));
#3736 = ORIENTED_EDGE('',*,*,#3737,.T.);
#3737 = EDGE_CURVE('',#3728,#3707,#3738,.T.);
#3738 = B_SPLINE_CURVE_WITH_KNOTS('',4,(#3739,#3740,#3741,#3742,#3743),
  .UNSPECIFIED.,.F.,.F.,(5,5),(0.,1.),.PIECEWISE_BEZIER_KNOTS.);
#3739 = CARTESIAN_POINT('',(-69.74325366667,-34.92676005567,
    44.935542686678));
#3740 = CARTESIAN_POINT('',(-69.74325366667,-34.92676005567,
    44.451656865009));
#3741 = CARTESIAN_POINT('',(-69.74325366667,-34.92676005567,
    43.967771043339));
#3742 = CARTESIAN_POINT('',(-69.74325366667,-34.92676005567,
    43.48388522167));
#3743 = CARTESIAN_POINT('',(-69.74325366667,-34.92676005567,42.9999994)
  );
#3744 = CYLINDRICAL_SURFACE('',#3745,78.);
#3745 = AXIS2_PLACEMENT_3D('',#3746,#3747,#3748);
#3746 = CARTESIAN_POINT('',(0.,0.,35.));
#3747 = DIRECTION('',(0.,0.,1.));
#3748 = DIRECTION('',(1.,0.,-0.));
#3749 = ADVANCED_FACE('',(#3750),#3827,.T.);
#3750 = FACE_BOUND('',#3751,.T.);
#3751 = EDGE_LOOP('',(#3752,#3774,#3775,#3776,#3798));
#3752 = ORIENTED_EDGE('',*,*,#3753,.F.);
#3753 = EDGE_CURVE('',#3728,#3754,#3756,.T.);
#3754 = VERTEX_POINT('',#3755);
#3755 = CARTESIAN_POINT('',(-204.014466175,-58.87357294492,
    44.002436469923));
#3756 = B_SPLINE_CURVE_WITH_KNOTS('',6,(#3757,#3758,#3759,#3760,#3761,
    #3762,#3763,#3764,#3765,#3766,#3767,#3768,#3769,#3770,#3771,#3772,
    #3773),.UNSPECIFIED.,.F.,.F.,(7,5,5,7),(-8.890959613726,
    5.471370022866E-02,146.55455944062,155.50023275457),.UNSPECIFIED.);
#3757 = CARTESIAN_POINT('',(-51.31084060979,-31.63940204106,
    45.063636469923));
#3758 = CARTESIAN_POINT('',(-52.7785912513,-31.90117036298,
    45.053436469923));
#3759 = CARTESIAN_POINT('',(-54.2463418928,-32.1629386849,
    45.043236469923));
#3760 = CARTESIAN_POINT('',(-55.71409253431,-32.42470700681,
    45.033036469923));
#3761 = CARTESIAN_POINT('',(-57.18184317581,-32.68647532873,
    45.022836469923));
#3762 = CARTESIAN_POINT('',(-58.64959381732,-32.94824365065,
    45.012636469923));
#3763 = CARTESIAN_POINT('',(-84.15413129638,-37.49689094018,
    44.835394999247));
#3764 = CARTESIAN_POINT('',(-108.1909181339,-41.78376990779,
    44.66835352857));
#3765 = CARTESIAN_POINT('',(-132.2277049714,-46.0706488754,
    44.501312057894));
#3766 = CARTESIAN_POINT('',(-156.264491809,-50.35752784301,
    44.334270587218));
#3767 = CARTESIAN_POINT('',(-180.3012786466,-54.64440681062,
    44.167229116542));
#3768 = CARTESIAN_POINT('',(-205.8058161256,-59.19305410015,
    43.989987645865));
#3769 = CARTESIAN_POINT('',(-207.2735667671,-59.45482242206,
    43.979787645865));
#3770 = CARTESIAN_POINT('',(-208.7413174086,-59.71659074398,
    43.969587645865));
#3771 = CARTESIAN_POINT('',(-210.2090680501,-59.9783590659,
    43.959387645865));
#3772 = CARTESIAN_POINT('',(-211.6768186916,-60.24012738782,
    43.949187645865));
#3773 = CARTESIAN_POINT('',(-213.1445693332,-60.50189570973,
    43.938987645865));
#3774 = ORIENTED_EDGE('',*,*,#3727,.F.);
#3775 = ORIENTED_EDGE('',*,*,#1454,.T.);
#3776 = ORIENTED_EDGE('',*,*,#3777,.T.);
#3777 = EDGE_CURVE('',#1416,#3778,#3780,.T.);
#3778 = VERTEX_POINT('',#3779);
#3779 = CARTESIAN_POINT('',(-205.796093967,-51.06775156621,52.));
#3780 = B_SPLINE_CURVE_WITH_KNOTS('',6,(#3781,#3782,#3783,#3784,#3785,
    #3786,#3787,#3788,#3789,#3790,#3791,#3792,#3793,#3794,#3795,#3796,
    #3797),.UNSPECIFIED.,.F.,.F.,(7,5,5,7),(-8.890959613726,
    5.471370022866E-02,146.55455944062,155.50023275457),.UNSPECIFIED.);
#3781 = CARTESIAN_POINT('',(-52.76886909264,-23.77586782904,
    53.063448824057));
#3782 = CARTESIAN_POINT('',(-54.23661973415,-24.03763615096,
    53.053248824057));
#3783 = CARTESIAN_POINT('',(-55.70437037565,-24.29940447287,
    53.043048824057));
#3784 = CARTESIAN_POINT('',(-57.17212101716,-24.56117279479,
    53.032848824057));
#3785 = CARTESIAN_POINT('',(-58.63987165866,-24.82294111671,
    53.022648824057));
#3786 = CARTESIAN_POINT('',(-60.10762230017,-25.08470943863,
    53.012448824057));
#3787 = CARTESIAN_POINT('',(-85.61215977923,-29.63335672816,
    52.835207353381));
#3788 = CARTESIAN_POINT('',(-109.6489466167,-33.92023569577,
    52.668165882705));
#3789 = CARTESIAN_POINT('',(-133.6857334543,-38.20711466338,
    52.501124412029));
#3790 = CARTESIAN_POINT('',(-157.7225202919,-42.49399363099,
    52.334082941352));
#3791 = CARTESIAN_POINT('',(-181.7593071294,-46.7808725986,
    52.167041470676));
#3792 = CARTESIAN_POINT('',(-207.2638446085,-51.32951988813,51.9898));
#3793 = CARTESIAN_POINT('',(-208.73159525,-51.59128821004,51.9796));
#3794 = CARTESIAN_POINT('',(-210.1993458915,-51.85305653196,51.9694));
#3795 = CARTESIAN_POINT('',(-211.667096533,-52.11482485388,51.9592));
#3796 = CARTESIAN_POINT('',(-213.1348471745,-52.3765931758,51.949));
#3797 = CARTESIAN_POINT('',(-214.602597816,-52.63836149771,51.9388));
#3798 = ORIENTED_EDGE('',*,*,#3799,.F.);
#3799 = EDGE_CURVE('',#3754,#3778,#3800,.T.);
#3800 = B_SPLINE_CURVE_WITH_KNOTS('',7,(#3801,#3802,#3803,#3804,#3805,
    #3806,#3807,#3808,#3809,#3810,#3811,#3812,#3813,#3814,#3815,#3816,
    #3817,#3818,#3819,#3820,#3821,#3822,#3823,#3824,#3825,#3826),
  .UNSPECIFIED.,.F.,.F.,(8,6,6,6,8),(0.,0.246925498661,0.497996622871,
    0.749070781753,1.),.UNSPECIFIED.);
#3801 = CARTESIAN_POINT('',(-204.014466175,-58.87357294492,
    44.002436469923));
#3802 = CARTESIAN_POINT('',(-204.014466175,-58.87357294492,44.4017537518
    ));
#3803 = CARTESIAN_POINT('',(-204.0196464782,-58.85087655382,
    44.810636700958));
#3804 = CARTESIAN_POINT('',(-204.0304533186,-58.80352869232,
    45.22705974607));
#3805 = CARTESIAN_POINT('',(-204.0472890846,-58.7297663817,
    45.648505062594));
#3806 = CARTESIAN_POINT('',(-204.0704677131,-58.62821417528,
    46.071957206985));
#3807 = CARTESIAN_POINT('',(-204.1001767491,-58.49805038354,
    46.49401015744));
#3808 = CARTESIAN_POINT('',(-204.1733243216,-58.17756992873,
    47.335165652794));
#3809 = CARTESIAN_POINT('',(-204.2169852981,-57.9862786922,
    47.754101081612));
#3810 = CARTESIAN_POINT('',(-204.2674612095,-57.7651292746,
    48.164131040101));
#3811 = CARTESIAN_POINT('',(-204.3246198365,-57.51470096692,
    48.561312946458));
#3812 = CARTESIAN_POINT('',(-204.3881374287,-57.2364122124,
    48.941751868047));
#3813 = CARTESIAN_POINT('',(-204.4575077687,-56.93248089445,
    49.301938471005));
#3814 = CARTESIAN_POINT('',(-204.6066731823,-56.27894451632,
    49.975981163217));
#3815 = CARTESIAN_POINT('',(-204.6864686755,-55.92933761784,
    50.289838016803));
#3816 = CARTESIAN_POINT('',(-204.7708355856,-55.55970203306,
    50.577613543185));
#3817 = CARTESIAN_POINT('',(-204.8589984205,-55.1734354151,
    50.836987465344));
#3818 = CARTESIAN_POINT('',(-204.9500926528,-54.77432550633,
    51.066452893015));
#3819 = CARTESIAN_POINT('',(-205.0432399665,-54.36622045995,
    51.265363987356));
#3820 = CARTESIAN_POINT('',(-205.2319051896,-53.53962410878,
    51.602175015189));
#3821 = CARTESIAN_POINT('',(-205.3274219965,-53.12113763445,
    51.740110753153));
#3822 = CARTESIAN_POINT('',(-205.4233115433,-52.70101807987,
    51.8477231605));
#3823 = CARTESIAN_POINT('',(-205.518773164,-52.28277339201,
    51.925855672162));
#3824 = CARTESIAN_POINT('',(-205.6130982761,-51.86950807362,
    51.975987277389));
#3825 = CARTESIAN_POINT('',(-205.7056963744,-51.46380929719,52.));
#3826 = CARTESIAN_POINT('',(-205.796093967,-51.06775156621,52.));
#3827 = ( BOUNDED_SURFACE() B_SPLINE_SURFACE(2,6,(
    (#3828,#3829,#3830,#3831,#3832,#3833,#3834,#3835,#3836,#3837,#3838
      ,#3839,#3840,#3841,#3842,#3843,#3844)
    ,(#3845,#3846,#3847,#3848,#3849,#3850,#3851,#3852,#3853,#3854,#3855
      ,#3856,#3857,#3858,#3859,#3860,#3861)
    ,(#3862,#3863,#3864,#3865,#3866,#3867,#3868,#3869,#3870,#3871,#3872
      ,#3873,#3874,#3875,#3876,#3877,#3878
)),.UNSPECIFIED.,.F.,.F.,.F.) B_SPLINE_SURFACE_WITH_KNOTS((3,3),(7,5,5,7
    ),(0.,146.49984574039),(-8.890959613726,5.471370022866E-02,
    146.55455944062,155.50023275457),.UNSPECIFIED.) 
GEOMETRIC_REPRESENTATION_ITEM() RATIONAL_B_SPLINE_SURFACE((
    (1.,1.,1.,1.,1.,1.,1.,1.,1.,1.,1.,1.,1.,1.,1.,1.,1.)
    ,(0.707222739782,0.707222739782,0.707222739782,0.707222739782
      ,0.707222739782,0.707222739782,0.707222739782,0.707222739782
      ,0.707222739782,0.707222739782,0.707222739782,0.707222739782
      ,0.707222739782,0.707222739782,0.707222739782,0.707222739782
      ,0.707222739782)
    ,(1.,1.,1.,1.,1.,1.,1.,1.,1.,1.,1.,1.,1.,1.,1.,1.,1.
))) REPRESENTATION_ITEM('') SURFACE() );
#3828 = CARTESIAN_POINT('',(-51.31084060979,-31.63940204106,
    45.063636469923));
#3829 = CARTESIAN_POINT('',(-52.7785912513,-31.90117036298,
    45.053436469923));
#3830 = CARTESIAN_POINT('',(-54.2463418928,-32.1629386849,
    45.043236469923));
#3831 = CARTESIAN_POINT('',(-55.71409253431,-32.42470700681,
    45.033036469923));
#3832 = CARTESIAN_POINT('',(-57.18184317581,-32.68647532873,
    45.022836469923));
#3833 = CARTESIAN_POINT('',(-58.64959381732,-32.94824365065,
    45.012636469923));
#3834 = CARTESIAN_POINT('',(-84.15413129638,-37.49689094018,
    44.835394999247));
#3835 = CARTESIAN_POINT('',(-108.1909181339,-41.78376990779,
    44.66835352857));
#3836 = CARTESIAN_POINT('',(-132.2277049714,-46.0706488754,
    44.501312057894));
#3837 = CARTESIAN_POINT('',(-156.264491809,-50.35752784301,
    44.334270587218));
#3838 = CARTESIAN_POINT('',(-180.3012786466,-54.64440681062,
    44.167229116542));
#3839 = CARTESIAN_POINT('',(-205.8058161256,-59.19305410015,
    43.989987645865));
#3840 = CARTESIAN_POINT('',(-207.2735667671,-59.45482242206,
    43.979787645865));
#3841 = CARTESIAN_POINT('',(-208.7413174086,-59.71659074398,
    43.969587645865));
#3842 = CARTESIAN_POINT('',(-210.2090680501,-59.9783590659,
    43.959387645865));
#3843 = CARTESIAN_POINT('',(-211.6768186916,-60.24012738782,
    43.949187645865));
#3844 = CARTESIAN_POINT('',(-213.1445693332,-60.50189570973,
    43.938987645865));
#3845 = CARTESIAN_POINT('',(-51.36470311905,-31.64900823591,
    53.060825687376));
#3846 = CARTESIAN_POINT('',(-52.83245376055,-31.91077655783,
    53.050625687376));
#3847 = CARTESIAN_POINT('',(-54.30020440206,-32.17254487975,
    53.040425687376));
#3848 = CARTESIAN_POINT('',(-55.76795504356,-32.43431320167,
    53.030225687376));
#3849 = CARTESIAN_POINT('',(-57.23570568507,-32.69608152359,
    53.020025687376));
#3850 = CARTESIAN_POINT('',(-58.70345632657,-32.9578498455,
    53.009825687376));
#3851 = CARTESIAN_POINT('',(-84.20799380564,-37.50649713503,
    52.8325842167));
#3852 = CARTESIAN_POINT('',(-108.2447806431,-41.79337610264,
    52.665542746023));
#3853 = CARTESIAN_POINT('',(-132.2815674807,-46.08025507025,
    52.498501275347));
#3854 = CARTESIAN_POINT('',(-156.3183543183,-50.36713403786,
    52.331459804671));
#3855 = CARTESIAN_POINT('',(-180.3551411558,-54.65401300547,
    52.164418333995));
#3856 = CARTESIAN_POINT('',(-205.8596786349,-59.202660295,
    51.987176863318));
#3857 = CARTESIAN_POINT('',(-207.3274292764,-59.46442861692,
    51.976976863318));
#3858 = CARTESIAN_POINT('',(-208.7951799179,-59.72619693884,
    51.966776863318));
#3859 = CARTESIAN_POINT('',(-210.2629305594,-59.98796526075,
    51.956576863318));
#3860 = CARTESIAN_POINT('',(-211.7306812009,-60.24973358267,
    51.946376863318));
#3861 = CARTESIAN_POINT('',(-213.1984318424,-60.51150190459,
    51.936176863318));
#3862 = CARTESIAN_POINT('',(-52.76886909264,-23.77586782904,
    53.063448824057));
#3863 = CARTESIAN_POINT('',(-54.23661973415,-24.03763615096,
    53.053248824057));
#3864 = CARTESIAN_POINT('',(-55.70437037565,-24.29940447287,
    53.043048824057));
#3865 = CARTESIAN_POINT('',(-57.17212101716,-24.56117279479,
    53.032848824057));
#3866 = CARTESIAN_POINT('',(-58.63987165866,-24.82294111671,
    53.022648824057));
#3867 = CARTESIAN_POINT('',(-60.10762230017,-25.08470943863,
    53.012448824057));
#3868 = CARTESIAN_POINT('',(-85.61215977923,-29.63335672816,
    52.835207353381));
#3869 = CARTESIAN_POINT('',(-109.6489466167,-33.92023569577,
    52.668165882705));
#3870 = CARTESIAN_POINT('',(-133.6857334543,-38.20711466338,
    52.501124412029));
#3871 = CARTESIAN_POINT('',(-157.7225202919,-42.49399363099,
    52.334082941352));
#3872 = CARTESIAN_POINT('',(-181.7593071294,-46.7808725986,
    52.167041470676));
#3873 = CARTESIAN_POINT('',(-207.2638446085,-51.32951988813,51.9898));
#3874 = CARTESIAN_POINT('',(-208.73159525,-51.59128821004,51.9796));
#3875 = CARTESIAN_POINT('',(-210.1993458915,-51.85305653196,51.9694));
#3876 = CARTESIAN_POINT('',(-211.667096533,-52.11482485388,51.9592));
#3877 = CARTESIAN_POINT('',(-213.1348471745,-52.3765931758,51.949));
#3878 = CARTESIAN_POINT('',(-214.602597816,-52.63836149771,51.9388));
#3879 = ADVANCED_FACE('',(#3880),#3912,.T.);
#3880 = FACE_BOUND('',#3881,.T.);
#3881 = EDGE_LOOP('',(#3882,#3883,#3884,#3906));
#3882 = ORIENTED_EDGE('',*,*,#3777,.F.);
#3883 = ORIENTED_EDGE('',*,*,#1415,.T.);
#3884 = ORIENTED_EDGE('',*,*,#3885,.T.);
#3885 = EDGE_CURVE('',#1332,#3886,#3888,.T.);
#3886 = VERTEX_POINT('',#3887);
#3887 = CARTESIAN_POINT('',(-207.573340798,-43.28112443126,52.));
#3888 = B_SPLINE_CURVE_WITH_KNOTS('',6,(#3889,#3890,#3891,#3892,#3893,
    #3894,#3895,#3896,#3897,#3898,#3899,#3900,#3901,#3902,#3903,#3904,
    #3905),.UNSPECIFIED.,.F.,.F.,(7,5,5,7),(-8.890959613726,
    5.471370022857E-02,146.55455944062,155.50023275457),.UNSPECIFIED.);
#3889 = CARTESIAN_POINT('',(-57.85907068132,-1.474237509592,
    53.063448824057));
#3890 = CARTESIAN_POINT('',(-59.29504533346,-1.875225537369,
    53.053248824057));
#3891 = CARTESIAN_POINT('',(-60.73101998559,-2.276213565147,
    53.043048824057));
#3892 = CARTESIAN_POINT('',(-62.16699463773,-2.677201592924,
    53.032848824057));
#3893 = CARTESIAN_POINT('',(-63.60296928987,-3.078189620702,
    53.022648824057));
#3894 = CARTESIAN_POINT('',(-65.038943942,-3.479177648479,
    53.012448824057));
#3895 = CARTESIAN_POINT('',(-89.99132229479,-10.44699213542,
    52.835207353381));
#3896 = CARTESIAN_POINT('',(-113.5077259954,-17.01381859459,
    52.668165882705));
#3897 = CARTESIAN_POINT('',(-137.0241296961,-23.58064505376,
    52.501124412029));
#3898 = CARTESIAN_POINT('',(-160.5405333967,-30.14747151292,
    52.334082941352));
#3899 = CARTESIAN_POINT('',(-184.0569370974,-36.71429797209,
    52.167041470676));
#3900 = CARTESIAN_POINT('',(-209.0093154502,-43.68211245904,51.9898));
#3901 = CARTESIAN_POINT('',(-210.4452901023,-44.08310048682,51.9796));
#3902 = CARTESIAN_POINT('',(-211.8812647544,-44.48408851459,51.9694));
#3903 = CARTESIAN_POINT('',(-213.3172394066,-44.88507654237,51.9592));
#3904 = CARTESIAN_POINT('',(-214.7532140587,-45.28606457015,51.949));
#3905 = CARTESIAN_POINT('',(-216.1891887108,-45.68705259793,51.9388));
#3906 = ORIENTED_EDGE('',*,*,#3907,.F.);
#3907 = EDGE_CURVE('',#3778,#3886,#3908,.T.);
#3908 = LINE('',#3909,#3910);
#3909 = CARTESIAN_POINT('',(-204.014466175,-58.87357294492,52.));
#3910 = VECTOR('',#3911,1.);
#3911 = DIRECTION('',(-0.222520933956,0.974927912182,0.));
#3912 = B_SPLINE_SURFACE_WITH_KNOTS('',1,1,(
    (#3913,#3914)
    ,(#3915,#3916
    )),.UNSPECIFIED.,.F.,.F.,.F.,(2,2),(2,2),(0.,38.),(0.,1.),
  .PIECEWISE_BEZIER_KNOTS.);
#3913 = CARTESIAN_POINT('',(-60.11734445883,-33.21001197257,53.));
#3914 = CARTESIAN_POINT('',(-204.014466175,-58.87357294492,52.));
#3915 = CARTESIAN_POINT('',(-68.57313994917,3.837248690338,53.));
#3916 = CARTESIAN_POINT('',(-209.35496859,-35.47530305255,52.));
#3917 = ADVANCED_FACE('',(#3918),#3983,.T.);
#3918 = FACE_BOUND('',#3919,.T.);
#3919 = EDGE_LOOP('',(#3920,#3921,#3922,#3932,#3954));
#3920 = ORIENTED_EDGE('',*,*,#3885,.F.);
#3921 = ORIENTED_EDGE('',*,*,#1331,.T.);
#3922 = ORIENTED_EDGE('',*,*,#3923,.F.);
#3923 = EDGE_CURVE('',#3924,#1323,#3926,.T.);
#3924 = VERTEX_POINT('',#3925);
#3925 = CARTESIAN_POINT('',(-77.9906535481,1.207459787736,
    44.935542086678));
#3926 = B_SPLINE_CURVE_WITH_KNOTS('',4,(#3927,#3928,#3929,#3930,#3931),
  .UNSPECIFIED.,.F.,.F.,(5,5),(0.,1.),.PIECEWISE_BEZIER_KNOTS.);
#3927 = CARTESIAN_POINT('',(-77.9906535481,1.207459787736,
    44.935542086678));
#3928 = CARTESIAN_POINT('',(-77.9906535481,1.207459787736,
    44.951630579922));
#3929 = CARTESIAN_POINT('',(-77.99065424453,1.207414805023,
    44.967736641404));
#3930 = CARTESIAN_POINT('',(-77.99065564083,1.207324617445,
    44.983860055065));
#3931 = CARTESIAN_POINT('',(-77.99065773992,1.207189005181,45.0000006));
#3932 = ORIENTED_EDGE('',*,*,#3933,.T.);
#3933 = EDGE_CURVE('',#3924,#3934,#3936,.T.);
#3934 = VERTEX_POINT('',#3935);
#3935 = CARTESIAN_POINT('',(-209.35496859,-35.47530305255,
    44.002436469923));
#3936 = B_SPLINE_CURVE_WITH_KNOTS('',6,(#3937,#3938,#3939,#3940,#3941,
    #3942,#3943,#3944,#3945,#3946,#3947,#3948,#3949,#3950,#3951,#3952,
    #3953),.UNSPECIFIED.,.F.,.F.,(7,5,5,7),(-8.890959613726,
    5.471370022857E-02,146.55455944062,155.50023275457),.UNSPECIFIED.);
#3937 = CARTESIAN_POINT('',(-59.95729203635,6.243176857003,
    45.063636469923));
#3938 = CARTESIAN_POINT('',(-61.39326668848,5.842188829226,
    45.053436469923));
#3939 = CARTESIAN_POINT('',(-62.82924134062,5.441200801448,
    45.043236469923));
#3940 = CARTESIAN_POINT('',(-64.26521599276,5.04021277367,
    45.033036469923));
#3941 = CARTESIAN_POINT('',(-65.70119064489,4.639224745893,
    45.022836469923));
#3942 = CARTESIAN_POINT('',(-67.13716529703,4.238236718115,
    45.012636469923));
#3943 = CARTESIAN_POINT('',(-92.08954364982,-2.72957776883,
    44.835394999246));
#3944 = CARTESIAN_POINT('',(-115.6059473504,-9.296404227998,
    44.66835352857));
#3945 = CARTESIAN_POINT('',(-139.1223510511,-15.86323068716,
    44.501312057894));
#3946 = CARTESIAN_POINT('',(-162.6387547517,-22.43005714633,
    44.334270587218));
#3947 = CARTESIAN_POINT('',(-186.1551584524,-28.9968836055,
    44.167229116542));
#3948 = CARTESIAN_POINT('',(-211.1075368052,-35.96469809244,
    43.989987645865));
#3949 = CARTESIAN_POINT('',(-212.5435114573,-36.36568612022,
    43.979787645865));
#3950 = CARTESIAN_POINT('',(-213.9794861095,-36.766674148,
    43.969587645865));
#3951 = CARTESIAN_POINT('',(-215.4154607616,-37.16766217578,
    43.959387645865));
#3952 = CARTESIAN_POINT('',(-216.8514354137,-37.56865020355,
    43.949187645865));
#3953 = CARTESIAN_POINT('',(-218.2874100659,-37.96963823133,
    43.938987645865));
#3954 = ORIENTED_EDGE('',*,*,#3955,.F.);
#3955 = EDGE_CURVE('',#3886,#3934,#3956,.T.);
#3956 = B_SPLINE_CURVE_WITH_KNOTS('',7,(#3957,#3958,#3959,#3960,#3961,
    #3962,#3963,#3964,#3965,#3966,#3967,#3968,#3969,#3970,#3971,#3972,
    #3973,#3974,#3975,#3976,#3977,#3978,#3979,#3980,#3981,#3982),
  .UNSPECIFIED.,.F.,.F.,(8,6,6,6,8),(0.,0.250659805483,0.50273427514,
    0.752805088586,1.),.UNSPECIFIED.);
#3957 = CARTESIAN_POINT('',(-207.573340798,-43.28112443126,52.));
#3958 = CARTESIAN_POINT('',(-207.6636413343,-42.88549193193,52.));
#3959 = CARTESIAN_POINT('',(-207.7561376568,-42.4802390641,
    51.976038012962));
#3960 = CARTESIAN_POINT('',(-207.8503577741,-42.06743375796,
    51.926019071809));
#3961 = CARTESIAN_POINT('',(-207.9457132652,-41.64965405463,
    51.848056503648));
#3962 = CARTESIAN_POINT('',(-208.0414980016,-41.22999370401,
    51.74068891368));
#3963 = CARTESIAN_POINT('',(-208.1369142502,-40.81194780452,
    51.603063071779));
#3964 = CARTESIAN_POINT('',(-208.325869767,-39.9840795935,
    51.266154290572));
#3965 = CARTESIAN_POINT('',(-208.4193957114,-39.57431565756,
    51.066526283749));
#3966 = CARTESIAN_POINT('',(-208.510853516,-39.17361283457,
    50.836096911517));
#3967 = CARTESIAN_POINT('',(-208.5993541675,-38.78586614539,
    50.575519137433));
#3968 = CARTESIAN_POINT('',(-208.6840226525,-38.41490927486,
    50.286321271772));
#3969 = CARTESIAN_POINT('',(-208.7640748167,-38.06417782694,
    49.970857939658));
#3970 = CARTESIAN_POINT('',(-208.9130579911,-37.41143989098,
    49.296006694686));
#3971 = CARTESIAN_POINT('',(-208.9820726331,-37.10906698754,
    48.936986541694));
#3972 = CARTESIAN_POINT('',(-209.0452759169,-36.83215530805,
    48.55791256948));
#3973 = CARTESIAN_POINT('',(-209.102169075,-36.5828900959,48.16225503232
    ));
#3974 = CARTESIAN_POINT('',(-209.1524329319,-36.36266974984,
    47.753861955351));
#3975 = CARTESIAN_POINT('',(-209.1959367046,-36.17206726805,
    47.336628310047));
#3976 = CARTESIAN_POINT('',(-209.2690634113,-35.85167823202,
    46.496773085117));
#3977 = CARTESIAN_POINT('',(-209.2988405262,-35.72121616775,
    46.074267324902));
#3978 = CARTESIAN_POINT('',(-209.3220721611,-35.61943172461,
    45.650344416244));
#3979 = CARTESIAN_POINT('',(-209.3389460543,-35.54550236811,
    45.228422822516));
#3980 = CARTESIAN_POINT('',(-209.3497769758,-35.4980490006,
    44.811528957676));
#3981 = CARTESIAN_POINT('',(-209.35496859,-35.47530305255,
    44.402189437041));
#3982 = CARTESIAN_POINT('',(-209.35496859,-35.47530305255,
    44.002436469923));
#3983 = ( BOUNDED_SURFACE() B_SPLINE_SURFACE(2,6,(
    (#3984,#3985,#3986,#3987,#3988,#3989,#3990,#3991,#3992,#3993,#3994
      ,#3995,#3996,#3997,#3998,#3999,#4000)
    ,(#4001,#4002,#4003,#4004,#4005,#4006,#4007,#4008,#4009,#4010,#4011
      ,#4012,#4013,#4014,#4015,#4016,#4017)
    ,(#4018,#4019,#4020,#4021,#4022,#4023,#4024,#4025,#4026,#4027,#4028
      ,#4029,#4030,#4031,#4032,#4033,#4034
)),.UNSPECIFIED.,.F.,.F.,.F.) B_SPLINE_SURFACE_WITH_KNOTS((3,3),(7,5,5,7
    ),(0.,146.49984574039),(-8.890959613726,5.471370022857E-02,
    146.55455944062,155.50023275457),.UNSPECIFIED.) 
GEOMETRIC_REPRESENTATION_ITEM() RATIONAL_B_SPLINE_SURFACE((
    (1.,1.,1.,1.,1.,1.,1.,1.,1.,1.,1.,1.,1.,1.,1.,1.,1.)
    ,(0.707222739782,0.707222739782,0.707222739782,0.707222739782
      ,0.707222739782,0.707222739782,0.707222739782,0.707222739782
      ,0.707222739782,0.707222739782,0.707222739782,0.707222739782
      ,0.707222739782,0.707222739782,0.707222739782,0.707222739782
      ,0.707222739782)
    ,(1.,1.,1.,1.,1.,1.,1.,1.,1.,1.,1.,1.,1.,1.,1.,1.,1.
))) REPRESENTATION_ITEM('') SURFACE() );
#3984 = CARTESIAN_POINT('',(-57.85907068132,-1.474237509592,
    53.063448824057));
#3985 = CARTESIAN_POINT('',(-59.29504533346,-1.875225537369,
    53.053248824057));
#3986 = CARTESIAN_POINT('',(-60.73101998559,-2.276213565147,
    53.043048824057));
#3987 = CARTESIAN_POINT('',(-62.16699463773,-2.677201592924,
    53.032848824057));
#3988 = CARTESIAN_POINT('',(-63.60296928987,-3.078189620702,
    53.022648824057));
#3989 = CARTESIAN_POINT('',(-65.038943942,-3.479177648479,
    53.012448824057));
#3990 = CARTESIAN_POINT('',(-89.99132229479,-10.44699213542,
    52.835207353381));
#3991 = CARTESIAN_POINT('',(-113.5077259954,-17.01381859459,
    52.668165882705));
#3992 = CARTESIAN_POINT('',(-137.0241296961,-23.58064505376,
    52.501124412029));
#3993 = CARTESIAN_POINT('',(-160.5405333967,-30.14747151292,
    52.334082941352));
#3994 = CARTESIAN_POINT('',(-184.0569370974,-36.71429797209,
    52.167041470676));
#3995 = CARTESIAN_POINT('',(-209.0093154502,-43.68211245904,51.9898));
#3996 = CARTESIAN_POINT('',(-210.4452901023,-44.08310048682,51.9796));
#3997 = CARTESIAN_POINT('',(-211.8812647544,-44.48408851459,51.9694));
#3998 = CARTESIAN_POINT('',(-213.3172394066,-44.88507654237,51.9592));
#3999 = CARTESIAN_POINT('',(-214.7532140587,-45.28606457015,51.949));
#4000 = CARTESIAN_POINT('',(-216.1891887108,-45.68705259793,51.9388));
#4001 = CARTESIAN_POINT('',(-60.00998845207,6.228461672594,
    53.060825687376));
#4002 = CARTESIAN_POINT('',(-61.44596310421,5.827473644816,
    53.050625687376));
#4003 = CARTESIAN_POINT('',(-62.88193775635,5.426485617039,
    53.040425687376));
#4004 = CARTESIAN_POINT('',(-64.31791240848,5.025497589261,
    53.030225687376));
#4005 = CARTESIAN_POINT('',(-65.75388706062,4.624509561483,
    53.020025687376));
#4006 = CARTESIAN_POINT('',(-67.18986171276,4.223521533706,
    53.009825687376));
#4007 = CARTESIAN_POINT('',(-92.14224006555,-2.74429295324,52.8325842167
    ));
#4008 = CARTESIAN_POINT('',(-115.6586437662,-9.311119412408,
    52.665542746023));
#4009 = CARTESIAN_POINT('',(-139.1750474668,-15.87794587157,
    52.498501275347));
#4010 = CARTESIAN_POINT('',(-162.6914511675,-22.44477233074,
    52.331459804671));
#4011 = CARTESIAN_POINT('',(-186.2078548681,-29.01159878991,
    52.164418333995));
#4012 = CARTESIAN_POINT('',(-211.1602332209,-35.97941327685,
    51.987176863318));
#4013 = CARTESIAN_POINT('',(-212.5962078731,-36.38040130463,
    51.976976863318));
#4014 = CARTESIAN_POINT('',(-214.0321825252,-36.78138933241,
    51.966776863318));
#4015 = CARTESIAN_POINT('',(-215.4681571773,-37.18237736019,
    51.956576863318));
#4016 = CARTESIAN_POINT('',(-216.9041318295,-37.58336538796,
    51.946376863318));
#4017 = CARTESIAN_POINT('',(-218.3401064816,-37.98435341574,
    51.936176863318));
#4018 = CARTESIAN_POINT('',(-59.95729203635,6.243176857003,
    45.063636469923));
#4019 = CARTESIAN_POINT('',(-61.39326668848,5.842188829226,
    45.053436469923));
#4020 = CARTESIAN_POINT('',(-62.82924134062,5.441200801448,
    45.043236469923));
#4021 = CARTESIAN_POINT('',(-64.26521599276,5.04021277367,
    45.033036469923));
#4022 = CARTESIAN_POINT('',(-65.70119064489,4.639224745893,
    45.022836469923));
#4023 = CARTESIAN_POINT('',(-67.13716529703,4.238236718115,
    45.012636469923));
#4024 = CARTESIAN_POINT('',(-92.08954364982,-2.72957776883,
    44.835394999246));
#4025 = CARTESIAN_POINT('',(-115.6059473504,-9.296404227998,
    44.66835352857));
#4026 = CARTESIAN_POINT('',(-139.1223510511,-15.86323068716,
    44.501312057894));
#4027 = CARTESIAN_POINT('',(-162.6387547517,-22.43005714633,
    44.334270587218));
#4028 = CARTESIAN_POINT('',(-186.1551584524,-28.9968836055,
    44.167229116542));
#4029 = CARTESIAN_POINT('',(-211.1075368052,-35.96469809244,
    43.989987645865));
#4030 = CARTESIAN_POINT('',(-212.5435114573,-36.36568612022,
    43.979787645865));
#4031 = CARTESIAN_POINT('',(-213.9794861095,-36.766674148,
    43.969587645865));
#4032 = CARTESIAN_POINT('',(-215.4154607616,-37.16766217578,
    43.959387645865));
#4033 = CARTESIAN_POINT('',(-216.8514354137,-37.56865020355,
    43.949187645865));
#4034 = CARTESIAN_POINT('',(-218.2874100659,-37.96963823133,
    43.938987645865));
#4035 = ADVANCED_FACE('',(#4036),#4077,.T.);
#4036 = FACE_BOUND('',#4037,.T.);
#4037 = EDGE_LOOP('',(#4038,#4050,#4059,#4067,#4068,#4069));
#4038 = ORIENTED_EDGE('',*,*,#4039,.T.);
#4039 = EDGE_CURVE('',#4040,#4042,#4044,.T.);
#4040 = VERTEX_POINT('',#4041);
#4041 = CARTESIAN_POINT('',(-70.79104800174,32.750992699681,
    44.935542086678));
#4042 = VERTEX_POINT('',#4043);
#4043 = CARTESIAN_POINT('',(-70.79104800174,32.750992699681,43.));
#4044 = B_SPLINE_CURVE_WITH_KNOTS('',4,(#4045,#4046,#4047,#4048,#4049),
  .UNSPECIFIED.,.F.,.F.,(5,5),(0.,1.),.PIECEWISE_BEZIER_KNOTS.);
#4045 = CARTESIAN_POINT('',(-70.79104800174,32.750992699681,
    44.935542686678));
#4046 = CARTESIAN_POINT('',(-70.79104800174,32.750992699681,
    44.451656865009));
#4047 = CARTESIAN_POINT('',(-70.79104800174,32.750992699681,
    43.967771043339));
#4048 = CARTESIAN_POINT('',(-70.79104800174,32.750992699681,
    43.48388522167));
#4049 = CARTESIAN_POINT('',(-70.79104800174,32.750992699681,42.9999994)
  );
#4050 = ORIENTED_EDGE('',*,*,#4051,.T.);
#4051 = EDGE_CURVE('',#4042,#4052,#4054,.T.);
#4052 = VERTEX_POINT('',#4053);
#4053 = CARTESIAN_POINT('',(-77.9906535481,1.207459787736,43.));
#4054 = CIRCLE('',#4055,78.);
#4055 = AXIS2_PLACEMENT_3D('',#4056,#4057,#4058);
#4056 = CARTESIAN_POINT('',(0.,0.,43.));
#4057 = DIRECTION('',(0.,0.,1.));
#4058 = DIRECTION('',(1.,0.,-0.));
#4059 = ORIENTED_EDGE('',*,*,#4060,.T.);
#4060 = EDGE_CURVE('',#4052,#3924,#4061,.T.);
#4061 = B_SPLINE_CURVE_WITH_KNOTS('',4,(#4062,#4063,#4064,#4065,#4066),
  .UNSPECIFIED.,.F.,.F.,(5,5),(0.,1.),.PIECEWISE_BEZIER_KNOTS.);
#4062 = CARTESIAN_POINT('',(-77.9906535481,1.207459787736,42.9999994));
#4063 = CARTESIAN_POINT('',(-77.9906535481,1.207459787736,43.48388522167
    ));
#4064 = CARTESIAN_POINT('',(-77.9906535481,1.207459787736,
    43.967771043339));
#4065 = CARTESIAN_POINT('',(-77.9906535481,1.207459787736,
    44.451656865009));
#4066 = CARTESIAN_POINT('',(-77.9906535481,1.207459787736,
    44.935542686678));
#4067 = ORIENTED_EDGE('',*,*,#3923,.T.);
#4068 = ORIENTED_EDGE('',*,*,#1322,.F.);
#4069 = ORIENTED_EDGE('',*,*,#4070,.T.);
#4070 = EDGE_CURVE('',#1246,#4040,#4071,.T.);
#4071 = B_SPLINE_CURVE_WITH_KNOTS('',4,(#4072,#4073,#4074,#4075,#4076),
  .UNSPECIFIED.,.F.,.F.,(5,5),(0.,1.),.PIECEWISE_BEZIER_KNOTS.);
#4072 = CARTESIAN_POINT('',(-70.79093429029,32.751238485093,45.0000006)
  );
#4073 = CARTESIAN_POINT('',(-70.79099123903,32.751115391903,
    44.983860055065));
#4074 = CARTESIAN_POINT('',(-70.79102911193,32.751033529873,
    44.967736641404));
#4075 = CARTESIAN_POINT('',(-70.79104800174,32.750992699681,
    44.95163057992));
#4076 = CARTESIAN_POINT('',(-70.79104800174,32.750992699681,
    44.935542086678));
#4077 = CYLINDRICAL_SURFACE('',#4078,78.);
#4078 = AXIS2_PLACEMENT_3D('',#4079,#4080,#4081);
#4079 = CARTESIAN_POINT('',(0.,0.,35.));
#4080 = DIRECTION('',(0.,0.,1.));
#4081 = DIRECTION('',(1.,0.,-0.));
#4082 = ADVANCED_FACE('',(#4083),#4160,.T.);
#4083 = FACE_BOUND('',#4084,.T.);
#4084 = EDGE_LOOP('',(#4085,#4107,#4108,#4109,#4131));
#4085 = ORIENTED_EDGE('',*,*,#4086,.F.);
#4086 = EDGE_CURVE('',#4040,#4087,#4089,.T.);
#4087 = VERTEX_POINT('',#4088);
#4088 = CARTESIAN_POINT('',(-173.2301519055,122.79786020443,
    44.002436469923));
#4089 = B_SPLINE_CURVE_WITH_KNOTS('',6,(#4090,#4091,#4092,#4093,#4094,
    #4095,#4096,#4097,#4098,#4099,#4100,#4101,#4102,#4103,#4104,#4105,
    #4106),.UNSPECIFIED.,.F.,.F.,(7,5,5,7),(-8.890959613726,
    5.471370022844E-02,146.55455944062,155.50023275457),.UNSPECIFIED.);
#4090 = CARTESIAN_POINT('',(-56.72846644717,20.389586071126,
    45.063636469923));
#4091 = CARTESIAN_POINT('',(-57.84825271901,21.373909851903,
    45.053436469923));
#4092 = CARTESIAN_POINT('',(-58.96803899085,22.358233632679,
    45.043236469923));
#4093 = CARTESIAN_POINT('',(-60.08782526269,23.342557413455,
    45.033036469923));
#4094 = CARTESIAN_POINT('',(-61.20761153452,24.326881194231,
    45.022836469923));
#4095 = CARTESIAN_POINT('',(-62.32739780636,25.311204975008,
    45.012636469923));
#4096 = CARTESIAN_POINT('',(-81.78549247928,42.41542012465,
    44.835394999246));
#4097 = CARTESIAN_POINT('',(-100.1238008803,58.535311493518,
    44.668353528571));
#4098 = CARTESIAN_POINT('',(-118.4621092814,74.655202862384,
    44.501312057894));
#4099 = CARTESIAN_POINT('',(-136.8004176825,90.775094231251,
    44.334270587218));
#4100 = CARTESIAN_POINT('',(-155.1387260835,106.89498560011,
    44.167229116542));
#4101 = CARTESIAN_POINT('',(-174.5968207565,123.99920074976,
    43.989987645865));
#4102 = CARTESIAN_POINT('',(-175.7166070283,124.98352453053,
    43.979787645865));
#4103 = CARTESIAN_POINT('',(-176.8363933001,125.96784831131,
    43.969587645865));
#4104 = CARTESIAN_POINT('',(-177.956179572,126.95217209209,
    43.959387645865));
#4105 = CARTESIAN_POINT('',(-179.0759658438,127.93649587286,
    43.949187645865));
#4106 = CARTESIAN_POINT('',(-180.1957521156,128.92081965364,
    43.938987645865));
#4107 = ORIENTED_EDGE('',*,*,#4070,.F.);
#4108 = ORIENTED_EDGE('',*,*,#1245,.T.);
#4109 = ORIENTED_EDGE('',*,*,#4110,.T.);
#4110 = EDGE_CURVE('',#1207,#4111,#4113,.T.);
#4111 = VERTEX_POINT('',#4112);
#4112 = CARTESIAN_POINT('',(-168.2381417641,129.05764292697,52.));
#4113 = B_SPLINE_CURVE_WITH_KNOTS('',6,(#4114,#4115,#4116,#4117,#4118,
    #4119,#4120,#4121,#4122,#4123,#4124,#4125,#4126,#4127,#4128,#4129,
    #4130),.UNSPECIFIED.,.F.,.F.,(7,5,5,7),(-8.890959613726,
    5.471370022844E-02,146.55455944062,155.50023275457),.UNSPECIFIED.);
#4114 = CARTESIAN_POINT('',(-51.48957372662,26.432352029116,
    53.063448824057));
#4115 = CARTESIAN_POINT('',(-52.60935999846,27.416675809892,
    53.053248824057));
#4116 = CARTESIAN_POINT('',(-53.7291462703,28.400999590668,
    53.043048824057));
#4117 = CARTESIAN_POINT('',(-54.84893254214,29.385323371444,
    53.032848824057));
#4118 = CARTESIAN_POINT('',(-55.96871881398,30.369647152221,
    53.022648824057));
#4119 = CARTESIAN_POINT('',(-57.08850508582,31.353970932997,
    53.012448824057));
#4120 = CARTESIAN_POINT('',(-76.54659975873,48.45818608264,
    52.835207353381));
#4121 = CARTESIAN_POINT('',(-94.88490815981,64.578077451507,
    52.668165882705));
#4122 = CARTESIAN_POINT('',(-113.2232165608,80.697968820373,
    52.501124412028));
#4123 = CARTESIAN_POINT('',(-131.5615249619,96.817860189241,
    52.334082941353));
#4124 = CARTESIAN_POINT('',(-149.899833363,112.9377515581,
    52.167041470676));
#4125 = CARTESIAN_POINT('',(-169.3579280359,130.04196670775,51.9898));
#4126 = CARTESIAN_POINT('',(-170.4777143077,131.02629048852,51.9796));
#4127 = CARTESIAN_POINT('',(-171.5975005796,132.0106142693,51.9694));
#4128 = CARTESIAN_POINT('',(-172.7172868514,132.99493805007,51.9592));
#4129 = CARTESIAN_POINT('',(-173.8370731233,133.97926183085,51.949));
#4130 = CARTESIAN_POINT('',(-174.9568593951,134.96358561163,51.9388));
#4131 = ORIENTED_EDGE('',*,*,#4132,.F.);
#4132 = EDGE_CURVE('',#4087,#4111,#4133,.T.);
#4133 = B_SPLINE_CURVE_WITH_KNOTS('',7,(#4134,#4135,#4136,#4137,#4138,
    #4139,#4140,#4141,#4142,#4143,#4144,#4145,#4146,#4147,#4148,#4149,
    #4150,#4151,#4152,#4153,#4154,#4155,#4156,#4157,#4158,#4159),
  .UNSPECIFIED.,.F.,.F.,(8,6,6,6,8),(0.,0.246925498661,0.497996622872,
    0.749070781753,1.),.UNSPECIFIED.);
#4134 = CARTESIAN_POINT('',(-173.2301519055,122.79786020443,
    44.002436469923));
#4135 = CARTESIAN_POINT('',(-173.2301519055,122.79786020443,
    44.4017537518));
#4136 = CARTESIAN_POINT('',(-173.2156370186,122.81606129692,
    44.810636700957));
#4137 = CARTESIAN_POINT('',(-173.1853569246,122.85403133376,
    45.22705974607));
#4138 = CARTESIAN_POINT('',(-173.1381841564,122.91318411413,
    45.648505062594));
#4139 = CARTESIAN_POINT('',(-173.0732390827,122.99462266061,
    46.071957206984));
#4140 = CARTESIAN_POINT('',(-172.9899962135,123.09900591704,
    46.49401015744));
#4141 = CARTESIAN_POINT('',(-172.7850412699,123.35601128735,
    47.335165652794));
#4142 = CARTESIAN_POINT('',(-172.6627059324,123.50941494844,
    47.754101081614));
#4143 = CARTESIAN_POINT('',(-172.5212755714,123.68676301167,
    48.164131040098));
#4144 = CARTESIAN_POINT('',(-172.3611206574,123.88759092171,
    48.56131294646));
#4145 = CARTESIAN_POINT('',(-172.1831483189,124.11076117541,
    48.941751868046));
#4146 = CARTESIAN_POINT('',(-171.9887769455,124.35449516837,
    49.301938471005));
#4147 = CARTESIAN_POINT('',(-171.5708247443,124.87859065171,
    49.975981163217));
#4148 = CARTESIAN_POINT('',(-171.3472427408,125.1589536163,
    50.289838016802));
#4149 = CARTESIAN_POINT('',(-171.1108519117,125.45537834023,
    50.577613543186));
#4150 = CARTESIAN_POINT('',(-170.8638251376,125.76514011726,
    50.836987465343));
#4151 = CARTESIAN_POINT('',(-170.6085847708,126.08520141383,
    51.066452893016));
#4152 = CARTESIAN_POINT('',(-170.3475917976,126.4124762507,
    51.265363987356));
#4153 = CARTESIAN_POINT('',(-169.8189635895,127.07535505698,
    51.60217501519));
#4154 = CARTESIAN_POINT('',(-169.5513314439,127.41095515267,
    51.740110753151));
#4155 = CARTESIAN_POINT('',(-169.2826549042,127.74786487704,
    51.847723160503));
#4156 = CARTESIAN_POINT('',(-169.0151773869,128.08327107502,
    51.92585567216));
#4157 = CARTESIAN_POINT('',(-168.7508842958,128.41468412875,
    51.97598727739));
#4158 = CARTESIAN_POINT('',(-168.4914301899,128.74002928693,52.));
#4159 = CARTESIAN_POINT('',(-168.2381417641,129.05764292697,52.));
#4160 = ( BOUNDED_SURFACE() B_SPLINE_SURFACE(2,6,(
    (#4161,#4162,#4163,#4164,#4165,#4166,#4167,#4168,#4169,#4170,#4171
      ,#4172,#4173,#4174,#4175,#4176,#4177)
    ,(#4178,#4179,#4180,#4181,#4182,#4183,#4184,#4185,#4186,#4187,#4188
      ,#4189,#4190,#4191,#4192,#4193,#4194)
    ,(#4195,#4196,#4197,#4198,#4199,#4200,#4201,#4202,#4203,#4204,#4205
      ,#4206,#4207,#4208,#4209,#4210,#4211
)),.UNSPECIFIED.,.F.,.F.,.F.) B_SPLINE_SURFACE_WITH_KNOTS((3,3),(7,5,5,7
    ),(0.,146.49984574039),(-8.890959613726,5.471370022844E-02,
    146.55455944062,155.50023275457),.UNSPECIFIED.) 
GEOMETRIC_REPRESENTATION_ITEM() RATIONAL_B_SPLINE_SURFACE((
    (1.,1.,1.,1.,1.,1.,1.,1.,1.,1.,1.,1.,1.,1.,1.,1.,1.)
    ,(0.707222739782,0.707222739782,0.707222739782,0.707222739782
      ,0.707222739782,0.707222739782,0.707222739782,0.707222739782
      ,0.707222739782,0.707222739782,0.707222739782,0.707222739782
      ,0.707222739782,0.707222739782,0.707222739782,0.707222739782
      ,0.707222739782)
    ,(1.,1.,1.,1.,1.,1.,1.,1.,1.,1.,1.,1.,1.,1.,1.,1.,1.
))) REPRESENTATION_ITEM('') SURFACE() );
#4161 = CARTESIAN_POINT('',(-56.72846644717,20.389586071126,
    45.063636469923));
#4162 = CARTESIAN_POINT('',(-57.84825271901,21.373909851903,
    45.053436469923));
#4163 = CARTESIAN_POINT('',(-58.96803899085,22.358233632679,
    45.043236469923));
#4164 = CARTESIAN_POINT('',(-60.08782526269,23.342557413455,
    45.033036469923));
#4165 = CARTESIAN_POINT('',(-61.20761153452,24.326881194231,
    45.022836469923));
#4166 = CARTESIAN_POINT('',(-62.32739780636,25.311204975008,
    45.012636469923));
#4167 = CARTESIAN_POINT('',(-81.78549247928,42.41542012465,
    44.835394999246));
#4168 = CARTESIAN_POINT('',(-100.1238008803,58.535311493518,
    44.668353528571));
#4169 = CARTESIAN_POINT('',(-118.4621092814,74.655202862384,
    44.501312057894));
#4170 = CARTESIAN_POINT('',(-136.8004176825,90.775094231251,
    44.334270587218));
#4171 = CARTESIAN_POINT('',(-155.1387260835,106.89498560011,
    44.167229116542));
#4172 = CARTESIAN_POINT('',(-174.5968207565,123.99920074976,
    43.989987645865));
#4173 = CARTESIAN_POINT('',(-175.7166070283,124.98352453053,
    43.979787645865));
#4174 = CARTESIAN_POINT('',(-176.8363933001,125.96784831131,
    43.969587645865));
#4175 = CARTESIAN_POINT('',(-177.956179572,126.95217209209,
    43.959387645865));
#4176 = CARTESIAN_POINT('',(-179.0759658438,127.93649587286,
    43.949187645865));
#4177 = CARTESIAN_POINT('',(-180.1957521156,128.92081965364,
    43.938987645865));
#4178 = CARTESIAN_POINT('',(-56.76955959796,20.425708112059,
    53.060825687376));
#4179 = CARTESIAN_POINT('',(-57.8893458698,21.410031892835,
    53.050625687376));
#4180 = CARTESIAN_POINT('',(-59.00913214163,22.394355673611,
    53.040425687376));
#4181 = CARTESIAN_POINT('',(-60.12891841347,23.378679454388,
    53.030225687376));
#4182 = CARTESIAN_POINT('',(-61.24870468531,24.363003235164,
    53.020025687376));
#4183 = CARTESIAN_POINT('',(-62.36849095715,25.34732701594,
    53.009825687376));
#4184 = CARTESIAN_POINT('',(-81.82658563006,42.451542165583,
    52.8325842167));
#4185 = CARTESIAN_POINT('',(-100.1648940311,58.57143353445,
    52.665542746023));
#4186 = CARTESIAN_POINT('',(-118.5032024322,74.691324903317,
    52.498501275347));
#4187 = CARTESIAN_POINT('',(-136.8415108332,90.811216272183,
    52.331459804671));
#4188 = CARTESIAN_POINT('',(-155.1798192343,106.93110764105,
    52.164418333995));
#4189 = CARTESIAN_POINT('',(-174.6379139072,124.03532279069,
    51.987176863318));
#4190 = CARTESIAN_POINT('',(-175.7577001791,125.01964657147,
    51.976976863318));
#4191 = CARTESIAN_POINT('',(-176.8774864509,126.00397035224,
    51.966776863318));
#4192 = CARTESIAN_POINT('',(-177.9972727228,126.98829413302,
    51.956576863318));
#4193 = CARTESIAN_POINT('',(-179.1170589946,127.97261791379,
    51.946376863318));
#4194 = CARTESIAN_POINT('',(-180.2368452664,128.95694169457,
    51.936176863318));
#4195 = CARTESIAN_POINT('',(-51.48957372662,26.432352029116,
    53.063448824057));
#4196 = CARTESIAN_POINT('',(-52.60935999846,27.416675809892,
    53.053248824057));
#4197 = CARTESIAN_POINT('',(-53.7291462703,28.400999590668,
    53.043048824057));
#4198 = CARTESIAN_POINT('',(-54.84893254214,29.385323371444,
    53.032848824057));
#4199 = CARTESIAN_POINT('',(-55.96871881398,30.369647152221,
    53.022648824057));
#4200 = CARTESIAN_POINT('',(-57.08850508582,31.353970932997,
    53.012448824057));
#4201 = CARTESIAN_POINT('',(-76.54659975873,48.45818608264,
    52.835207353381));
#4202 = CARTESIAN_POINT('',(-94.88490815981,64.578077451507,
    52.668165882705));
#4203 = CARTESIAN_POINT('',(-113.2232165608,80.697968820373,
    52.501124412028));
#4204 = CARTESIAN_POINT('',(-131.5615249619,96.817860189241,
    52.334082941353));
#4205 = CARTESIAN_POINT('',(-149.899833363,112.9377515581,
    52.167041470676));
#4206 = CARTESIAN_POINT('',(-169.3579280359,130.04196670775,51.9898));
#4207 = CARTESIAN_POINT('',(-170.4777143077,131.02629048852,51.9796));
#4208 = CARTESIAN_POINT('',(-171.5975005796,132.0106142693,51.9694));
#4209 = CARTESIAN_POINT('',(-172.7172868514,132.99493805007,51.9592));
#4210 = CARTESIAN_POINT('',(-173.8370731233,133.97926183085,51.949));
#4211 = CARTESIAN_POINT('',(-174.9568593951,134.96358561163,51.9388));
#4212 = ADVANCED_FACE('',(#4213),#4245,.T.);
#4213 = FACE_BOUND('',#4214,.T.);
#4214 = EDGE_LOOP('',(#4215,#4216,#4217,#4239));
#4215 = ORIENTED_EDGE('',*,*,#4110,.F.);
#4216 = ORIENTED_EDGE('',*,*,#1206,.T.);
#4217 = ORIENTED_EDGE('',*,*,#4218,.T.);
#4218 = EDGE_CURVE('',#1123,#4219,#4221,.T.);
#4219 = VERTEX_POINT('',#4220);
#4220 = CARTESIAN_POINT('',(-163.2584068023,135.30203306112,52.));
#4221 = B_SPLINE_CURVE_WITH_KNOTS('',6,(#4222,#4223,#4224,#4225,#4226,
    #4227,#4228,#4229,#4230,#4231,#4232,#4233,#4234,#4235,#4236,#4237,
    #4238),.UNSPECIFIED.,.F.,.F.,(7,5,5,7),(-8.890959613727,
    5.471370022772E-02,146.55455944062,155.50023275457),.UNSPECIFIED.);
#4222 = CARTESIAN_POINT('',(-37.22714581246,44.316870952253,
    53.063448824057));
#4223 = CARTESIAN_POINT('',(-38.435966428,45.189549197333,
    53.053248824057));
#4224 = CARTESIAN_POINT('',(-39.64478704355,46.062227442413,
    53.043048824057));
#4225 = CARTESIAN_POINT('',(-40.85360765909,46.934905687493,
    53.032848824057));
#4226 = CARTESIAN_POINT('',(-42.06242827463,47.807583932573,
    53.022648824057));
#4227 = CARTESIAN_POINT('',(-43.27124889018,48.680262177653,
    53.012448824057));
#4228 = CARTESIAN_POINT('',(-64.27645905516,63.844455862465,
    52.835207353381));
#4229 = CARTESIAN_POINT('',(-84.07284860459,78.135971302198,
    52.668165882705));
#4230 = CARTESIAN_POINT('',(-103.869238154,92.427486741931,
    52.501124412029));
#4231 = CARTESIAN_POINT('',(-123.6656277034,106.71900218166,
    52.334082941352));
#4232 = CARTESIAN_POINT('',(-143.4620172528,121.01051762139,
    52.167041470676));
#4233 = CARTESIAN_POINT('',(-164.4672274178,136.1747113062,51.9898));
#4234 = CARTESIAN_POINT('',(-165.6760480334,137.04738955128,51.9796));
#4235 = CARTESIAN_POINT('',(-166.8848686489,137.92006779636,51.9694));
#4236 = CARTESIAN_POINT('',(-168.0936892645,138.79274604144,51.9592));
#4237 = CARTESIAN_POINT('',(-169.30250988,139.66542428652,51.949));
#4238 = CARTESIAN_POINT('',(-170.5113304955,140.5381025316,51.9388));
#4239 = ORIENTED_EDGE('',*,*,#4240,.F.);
#4240 = EDGE_CURVE('',#4111,#4219,#4241,.T.);
#4241 = LINE('',#4242,#4243);
#4242 = CARTESIAN_POINT('',(-173.2301519055,122.79786020443,52.));
#4243 = VECTOR('',#4244,1.);
#4244 = DIRECTION('',(0.623489801859,0.781831482468,0.));
#4245 = B_SPLINE_SURFACE_WITH_KNOTS('',1,1,(
    (#4246,#4247)
    ,(#4248,#4249
    )),.UNSPECIFIED.,.F.,.F.,.F.,(2,2),(2,2),(0.,38.),(0.,1.),
  .PIECEWISE_BEZIER_KNOTS.);
#4246 = CARTESIAN_POINT('',(-63.4471840782,26.295528755784,53.));
#4247 = CARTESIAN_POINT('',(-173.2301519055,122.79786020443,52.));
#4248 = CARTESIAN_POINT('',(-39.75457160757,56.005125089569,53.));
#4249 = CARTESIAN_POINT('',(-158.2663966609,141.56181578366,52.));
#4250 = ADVANCED_FACE('',(#4251),#4316,.T.);
#4251 = FACE_BOUND('',#4252,.T.);
#4252 = EDGE_LOOP('',(#4253,#4254,#4255,#4265,#4287));
#4253 = ORIENTED_EDGE('',*,*,#4218,.F.);
#4254 = ORIENTED_EDGE('',*,*,#1122,.T.);
#4255 = ORIENTED_EDGE('',*,*,#4256,.F.);
#4256 = EDGE_CURVE('',#4257,#1114,#4259,.T.);
#4257 = VERTEX_POINT('',#4258);
#4258 = CARTESIAN_POINT('',(-47.68234705167,61.728387145976,
    44.935542086678));
#4259 = B_SPLINE_CURVE_WITH_KNOTS('',4,(#4260,#4261,#4262,#4263,#4264),
  .UNSPECIFIED.,.F.,.F.,(5,5),(0.,1.),.PIECEWISE_BEZIER_KNOTS.);
#4260 = CARTESIAN_POINT('',(-47.68234705167,61.728387145976,
    44.935542086678));
#4261 = CARTESIAN_POINT('',(-47.68234705167,61.728387145976,
    44.951630579922));
#4262 = CARTESIAN_POINT('',(-47.68238265479,61.728359644202,
    44.967736641404));
#4263 = CARTESIAN_POINT('',(-47.68245403685,61.728304504834,
    44.983860055065));
#4264 = CARTESIAN_POINT('',(-47.68256137155,61.728221593107,45.0000006)
  );
#4265 = ORIENTED_EDGE('',*,*,#4266,.T.);
#4266 = EDGE_CURVE('',#4257,#4267,#4269,.T.);
#4267 = VERTEX_POINT('',#4268);
#4268 = CARTESIAN_POINT('',(-158.2663966609,141.56181578366,
    44.002436469923));
#4269 = B_SPLINE_CURVE_WITH_KNOTS('',6,(#4270,#4271,#4272,#4273,#4274,
    #4275,#4276,#4277,#4278,#4279,#4280,#4281,#4282,#4283,#4284,#4285,
    #4286),.UNSPECIFIED.,.F.,.F.,(7,5,5,7),(-8.890959613727,
    5.471370022772E-02,146.55455944062,155.50023275457),.UNSPECIFIED.);
#4270 = CARTESIAN_POINT('',(-32.5016479143,50.76905561909,
    45.063636469923));
#4271 = CARTESIAN_POINT('',(-33.71046852985,51.64173386417,
    45.053436469923));
#4272 = CARTESIAN_POINT('',(-34.91928914539,52.51441210925,
    45.043236469923));
#4273 = CARTESIAN_POINT('',(-36.12810976094,53.38709035433,
    45.033036469923));
#4274 = CARTESIAN_POINT('',(-37.33693037648,54.259768599409,
    45.022836469923));
#4275 = CARTESIAN_POINT('',(-38.54575099203,55.132446844489,
    45.012636469923));
#4276 = CARTESIAN_POINT('',(-59.550961157,70.296640529302,
    44.835394999247));
#4277 = CARTESIAN_POINT('',(-79.34735070644,84.588155969034,
    44.66835352857));
#4278 = CARTESIAN_POINT('',(-99.14374025587,98.879671408767,
    44.501312057894));
#4279 = CARTESIAN_POINT('',(-118.9401298053,113.1711868485,
    44.334270587218));
#4280 = CARTESIAN_POINT('',(-138.7365193547,127.46270228823,
    44.167229116542));
#4281 = CARTESIAN_POINT('',(-159.7417295197,142.62689597304,
    43.989987645865));
#4282 = CARTESIAN_POINT('',(-160.9505501352,143.49957421812,
    43.979787645865));
#4283 = CARTESIAN_POINT('',(-162.1593707508,144.3722524632,
    43.969587645865));
#4284 = CARTESIAN_POINT('',(-163.3681913663,145.24493070828,
    43.959387645865));
#4285 = CARTESIAN_POINT('',(-164.5770119818,146.11760895336,
    43.949187645865));
#4286 = CARTESIAN_POINT('',(-165.7858325974,146.99028719844,
    43.938987645865));
#4287 = ORIENTED_EDGE('',*,*,#4288,.F.);
#4288 = EDGE_CURVE('',#4219,#4267,#4289,.T.);
#4289 = B_SPLINE_CURVE_WITH_KNOTS('',7,(#4290,#4291,#4292,#4293,#4294,
    #4295,#4296,#4297,#4298,#4299,#4300,#4301,#4302,#4303,#4304,#4305,
    #4306,#4307,#4308,#4309,#4310,#4311,#4312,#4313,#4314,#4315),
  .UNSPECIFIED.,.F.,.F.,(8,6,6,6,8),(0.,0.250659807383,0.502734277041,
    0.752805090485,1.),.UNSPECIFIED.);
#4290 = CARTESIAN_POINT('',(-163.2584068023,135.30203306112,52.));
#4291 = CARTESIAN_POINT('',(-163.0053903203,135.61930569425,52.));
#4292 = CARTESIAN_POINT('',(-162.7462213817,135.94429326403,
    51.976038012599));
#4293 = CARTESIAN_POINT('',(-162.4822224775,136.27533741916,
    51.926019070671));
#4294 = CARTESIAN_POINT('',(-162.2150423268,136.61037073115,
    51.848056501285));
#4295 = CARTESIAN_POINT('',(-161.946659457,136.94691220513,
    51.740688909611));
#4296 = CARTESIAN_POINT('',(-161.6793090676,137.28215898972,
    51.60306306552));
#4297 = CARTESIAN_POINT('',(-161.1498674729,137.94605775053,
    51.26615428027));
#4298 = CARTESIAN_POINT('',(-160.8878136002,138.27466291323,
    51.06652627206));
#4299 = CARTESIAN_POINT('',(-160.6315545268,138.59600162742,
    50.836096898442));
#4300 = CARTESIAN_POINT('',(-160.3835812121,138.90695032885,
    50.575519123046));
#4301 = CARTESIAN_POINT('',(-160.1463453896,139.20443464105,
    50.286321256109));
#4302 = CARTESIAN_POINT('',(-159.9220442103,139.48569942351,
    49.970857922837));
#4303 = CARTESIAN_POINT('',(-159.5046026334,140.00915460428,
    49.296006675763));
#4304 = CARTESIAN_POINT('',(-159.3112279042,140.25163884492,
    48.936986521836));
#4305 = CARTESIAN_POINT('',(-159.134136239,140.47370476921,
    48.557912548811));
#4306 = CARTESIAN_POINT('',(-158.9747251534,140.67359994801,
    48.16225501099));
#4307 = CARTESIAN_POINT('',(-158.8338889568,140.85020295264,
    47.753861933496));
#4308 = CARTESIAN_POINT('',(-158.7119940954,141.00305427425,
    47.336628287819));
#4309 = CARTESIAN_POINT('',(-158.5070976187,141.25998632925,
    46.496773065633));
#4310 = CARTESIAN_POINT('',(-158.4236639984,141.36460877999,
    46.074267308617));
#4311 = CARTESIAN_POINT('',(-158.3585704048,141.44623356455,
    45.650344403271));
#4312 = CARTESIAN_POINT('',(-158.3112908075,141.50552030436,
    45.228422812902));
#4313 = CARTESIAN_POINT('',(-158.2809432404,141.54357494987,
    44.811528951389));
#4314 = CARTESIAN_POINT('',(-158.2663966609,141.56181578366,
    44.402189433967));
#4315 = CARTESIAN_POINT('',(-158.2663966609,141.56181578366,
    44.002436469923));
#4316 = ( BOUNDED_SURFACE() B_SPLINE_SURFACE(2,6,(
    (#4317,#4318,#4319,#4320,#4321,#4322,#4323,#4324,#4325,#4326,#4327
      ,#4328,#4329,#4330,#4331,#4332,#4333)
    ,(#4334,#4335,#4336,#4337,#4338,#4339,#4340,#4341,#4342,#4343,#4344
      ,#4345,#4346,#4347,#4348,#4349,#4350)
    ,(#4351,#4352,#4353,#4354,#4355,#4356,#4357,#4358,#4359,#4360,#4361
      ,#4362,#4363,#4364,#4365,#4366,#4367
)),.UNSPECIFIED.,.F.,.F.,.F.) B_SPLINE_SURFACE_WITH_KNOTS((3,3),(7,5,5,7
    ),(0.,146.49984574039),(-8.890959613727,5.471370022772E-02,
    146.55455944062,155.50023275457),.UNSPECIFIED.) 
GEOMETRIC_REPRESENTATION_ITEM() RATIONAL_B_SPLINE_SURFACE((
    (1.,1.,1.,1.,1.,1.,1.,1.,1.,1.,1.,1.,1.,1.,1.,1.,1.)
    ,(0.707222739782,0.707222739782,0.707222739782,0.707222739782
      ,0.707222739782,0.707222739782,0.707222739782,0.707222739782
      ,0.707222739782,0.707222739782,0.707222739782,0.707222739782
      ,0.707222739782,0.707222739782,0.707222739782,0.707222739782
      ,0.707222739782)
    ,(1.,1.,1.,1.,1.,1.,1.,1.,1.,1.,1.,1.,1.,1.,1.,1.,1.
))) REPRESENTATION_ITEM('') SURFACE() );
#4317 = CARTESIAN_POINT('',(-37.22714581246,44.316870952253,
    53.063448824057));
#4318 = CARTESIAN_POINT('',(-38.435966428,45.189549197333,
    53.053248824057));
#4319 = CARTESIAN_POINT('',(-39.64478704355,46.062227442413,
    53.043048824057));
#4320 = CARTESIAN_POINT('',(-40.85360765909,46.934905687493,
    53.032848824057));
#4321 = CARTESIAN_POINT('',(-42.06242827463,47.807583932573,
    53.022648824057));
#4322 = CARTESIAN_POINT('',(-43.27124889018,48.680262177653,
    53.012448824057));
#4323 = CARTESIAN_POINT('',(-64.27645905516,63.844455862465,
    52.835207353381));
#4324 = CARTESIAN_POINT('',(-84.07284860459,78.135971302198,
    52.668165882705));
#4325 = CARTESIAN_POINT('',(-103.869238154,92.427486741931,
    52.501124412029));
#4326 = CARTESIAN_POINT('',(-123.6656277034,106.71900218166,
    52.334082941352));
#4327 = CARTESIAN_POINT('',(-143.4620172528,121.01051762139,
    52.167041470676));
#4328 = CARTESIAN_POINT('',(-164.4672274178,136.1747113062,51.9898));
#4329 = CARTESIAN_POINT('',(-165.6760480334,137.04738955128,51.9796));
#4330 = CARTESIAN_POINT('',(-166.8848686489,137.92006779636,51.9694));
#4331 = CARTESIAN_POINT('',(-168.0936892645,138.79274604144,51.9592));
#4332 = CARTESIAN_POINT('',(-169.30250988,139.66542428652,51.949));
#4333 = CARTESIAN_POINT('',(-170.5113304955,140.5381025316,51.9388));
#4334 = CARTESIAN_POINT('',(-32.54600838655,50.801080568507,
    53.060825687376));
#4335 = CARTESIAN_POINT('',(-33.75482900209,51.673758813587,
    53.050625687376));
#4336 = CARTESIAN_POINT('',(-34.96364961764,52.546437058667,
    53.040425687376));
#4337 = CARTESIAN_POINT('',(-36.17247023318,53.419115303747,
    53.030225687376));
#4338 = CARTESIAN_POINT('',(-37.38129084872,54.291793548827,
    53.020025687376));
#4339 = CARTESIAN_POINT('',(-38.59011146427,55.164471793906,
    53.009825687376));
#4340 = CARTESIAN_POINT('',(-59.59532162925,70.328665478719,
    52.8325842167));
#4341 = CARTESIAN_POINT('',(-79.39171117868,84.620180918452,
    52.665542746023));
#4342 = CARTESIAN_POINT('',(-99.18810072811,98.911696358184,
    52.498501275347));
#4343 = CARTESIAN_POINT('',(-118.9844902775,113.20321179791,
    52.331459804671));
#4344 = CARTESIAN_POINT('',(-138.7808798269,127.49472723765,
    52.164418333995));
#4345 = CARTESIAN_POINT('',(-159.7860899919,142.65892092246,
    51.987176863318));
#4346 = CARTESIAN_POINT('',(-160.9949106075,143.53159916754,
    51.976976863318));
#4347 = CARTESIAN_POINT('',(-162.203731223,144.40427741262,
    51.966776863318));
#4348 = CARTESIAN_POINT('',(-163.4125518385,145.2769556577,
    51.956576863318));
#4349 = CARTESIAN_POINT('',(-164.6213724541,146.14963390278,
    51.946376863318));
#4350 = CARTESIAN_POINT('',(-165.8301930696,147.02231214786,
    51.936176863318));
#4351 = CARTESIAN_POINT('',(-32.5016479143,50.76905561909,
    45.063636469923));
#4352 = CARTESIAN_POINT('',(-33.71046852985,51.64173386417,
    45.053436469923));
#4353 = CARTESIAN_POINT('',(-34.91928914539,52.51441210925,
    45.043236469923));
#4354 = CARTESIAN_POINT('',(-36.12810976094,53.38709035433,
    45.033036469923));
#4355 = CARTESIAN_POINT('',(-37.33693037648,54.259768599409,
    45.022836469923));
#4356 = CARTESIAN_POINT('',(-38.54575099203,55.132446844489,
    45.012636469923));
#4357 = CARTESIAN_POINT('',(-59.550961157,70.296640529302,
    44.835394999247));
#4358 = CARTESIAN_POINT('',(-79.34735070644,84.588155969034,
    44.66835352857));
#4359 = CARTESIAN_POINT('',(-99.14374025587,98.879671408767,
    44.501312057894));
#4360 = CARTESIAN_POINT('',(-118.9401298053,113.1711868485,
    44.334270587218));
#4361 = CARTESIAN_POINT('',(-138.7365193547,127.46270228823,
    44.167229116542));
#4362 = CARTESIAN_POINT('',(-159.7417295197,142.62689597304,
    43.989987645865));
#4363 = CARTESIAN_POINT('',(-160.9505501352,143.49957421812,
    43.979787645865));
#4364 = CARTESIAN_POINT('',(-162.1593707508,144.3722524632,
    43.969587645865));
#4365 = CARTESIAN_POINT('',(-163.3681913663,145.24493070828,
    43.959387645865));
#4366 = CARTESIAN_POINT('',(-164.5770119818,146.11760895336,
    43.949187645865));
#4367 = CARTESIAN_POINT('',(-165.7858325974,146.99028719844,
    43.938987645865));
#4368 = ADVANCED_FACE('',(#4369),#4410,.T.);
#4369 = FACE_BOUND('',#4370,.T.);
#4370 = EDGE_LOOP('',(#4371,#4383,#4392,#4400,#4401,#4402));
#4371 = ORIENTED_EDGE('',*,*,#4372,.T.);
#4372 = EDGE_CURVE('',#4373,#4375,#4377,.T.);
#4373 = VERTEX_POINT('',#4374);
#4374 = CARTESIAN_POINT('',(-18.53173931729,75.766579953671,
    44.935542086678));
#4375 = VERTEX_POINT('',#4376);
#4376 = CARTESIAN_POINT('',(-18.53173931729,75.766579953671,43.));
#4377 = B_SPLINE_CURVE_WITH_KNOTS('',4,(#4378,#4379,#4380,#4381,#4382),
  .UNSPECIFIED.,.F.,.F.,(5,5),(0.,1.),.PIECEWISE_BEZIER_KNOTS.);
#4378 = CARTESIAN_POINT('',(-18.53173931729,75.766579953671,
    44.935542686678));
#4379 = CARTESIAN_POINT('',(-18.53173931729,75.766579953671,
    44.451656865009));
#4380 = CARTESIAN_POINT('',(-18.53173931729,75.766579953671,
    43.967771043339));
#4381 = CARTESIAN_POINT('',(-18.53173931729,75.766579953671,
    43.48388522167));
#4382 = CARTESIAN_POINT('',(-18.53173931729,75.766579953671,42.9999994)
  );
#4383 = ORIENTED_EDGE('',*,*,#4384,.T.);
#4384 = EDGE_CURVE('',#4375,#4385,#4387,.T.);
#4385 = VERTEX_POINT('',#4386);
#4386 = CARTESIAN_POINT('',(-47.68234705167,61.728387145976,43.));
#4387 = CIRCLE('',#4388,78.);
#4388 = AXIS2_PLACEMENT_3D('',#4389,#4390,#4391);
#4389 = CARTESIAN_POINT('',(0.,0.,43.));
#4390 = DIRECTION('',(0.,0.,1.));
#4391 = DIRECTION('',(1.,0.,-0.));
#4392 = ORIENTED_EDGE('',*,*,#4393,.T.);
#4393 = EDGE_CURVE('',#4385,#4257,#4394,.T.);
#4394 = B_SPLINE_CURVE_WITH_KNOTS('',4,(#4395,#4396,#4397,#4398,#4399),
  .UNSPECIFIED.,.F.,.F.,(5,5),(0.,1.),.PIECEWISE_BEZIER_KNOTS.);
#4395 = CARTESIAN_POINT('',(-47.68234705167,61.728387145976,42.9999994)
  );
#4396 = CARTESIAN_POINT('',(-47.68234705167,61.728387145976,
    43.48388522167));
#4397 = CARTESIAN_POINT('',(-47.68234705167,61.728387145976,
    43.967771043339));
#4398 = CARTESIAN_POINT('',(-47.68234705167,61.728387145976,
    44.451656865009));
#4399 = CARTESIAN_POINT('',(-47.68234705167,61.728387145976,
    44.935542686678));
#4400 = ORIENTED_EDGE('',*,*,#4256,.T.);
#4401 = ORIENTED_EDGE('',*,*,#1113,.F.);
#4402 = ORIENTED_EDGE('',*,*,#4403,.T.);
#4403 = EDGE_CURVE('',#1037,#4373,#4404,.T.);
#4404 = B_SPLINE_CURVE_WITH_KNOTS('',4,(#4405,#4406,#4407,#4408,#4409),
  .UNSPECIFIED.,.F.,.F.,(5,5),(0.,1.),.PIECEWISE_BEZIER_KNOTS.);
#4405 = CARTESIAN_POINT('',(-18.53147625658,75.766644295175,45.0000006)
  );
#4406 = CARTESIAN_POINT('',(-18.53160800167,75.766612072143,
    44.983860055065));
#4407 = CARTESIAN_POINT('',(-18.53169561735,75.766590642232,
    44.967736641404));
#4408 = CARTESIAN_POINT('',(-18.53173931729,75.766579953671,
    44.95163057992));
#4409 = CARTESIAN_POINT('',(-18.53173931729,75.766579953671,
    44.935542086678));
#4410 = CYLINDRICAL_SURFACE('',#4411,78.);
#4411 = AXIS2_PLACEMENT_3D('',#4412,#4413,#4414);
#4412 = CARTESIAN_POINT('',(0.,0.,35.));
#4413 = DIRECTION('',(0.,0.,1.));
#4414 = DIRECTION('',(1.,0.,-0.));
#4415 = ADVANCED_FACE('',(#4416),#4493,.T.);
#4416 = FACE_BOUND('',#4417,.T.);
#4417 = EDGE_LOOP('',(#4418,#4440,#4441,#4442,#4464));
#4418 = ORIENTED_EDGE('',*,*,#4419,.F.);
#4419 = EDGE_CURVE('',#4373,#4420,#4422,.T.);
#4420 = VERTEX_POINT('',#4421);
#4421 = CARTESIAN_POINT('',(-12.,212.,44.002436469923));
#4422 = B_SPLINE_CURVE_WITH_KNOTS('',6,(#4423,#4424,#4425,#4426,#4427,
    #4428,#4429,#4430,#4431,#4432,#4433,#4434,#4435,#4436,#4437,#4438,
    #4439),.UNSPECIFIED.,.F.,.F.,(7,5,5,7),(-8.890959613726,
    5.471370022836E-02,146.55455944062,155.50023275457),.UNSPECIFIED.);
#4423 = CARTESIAN_POINT('',(-19.4284,57.0648,45.063636469923));
#4424 = CARTESIAN_POINT('',(-19.357,58.554,45.053436469923));
#4425 = CARTESIAN_POINT('',(-19.2856,60.0432,45.043236469923));
#4426 = CARTESIAN_POINT('',(-19.2142,61.5324,45.033036469923));
#4427 = CARTESIAN_POINT('',(-19.1428,63.0216,45.022836469923));
#4428 = CARTESIAN_POINT('',(-19.0714,64.5108,45.012636469923));
#4429 = CARTESIAN_POINT('',(-17.83070970526,90.388054718728,
    44.835394999246));
#4430 = CARTESIAN_POINT('',(-16.66141941053,114.77610943745,
    44.66835352857));
#4431 = CARTESIAN_POINT('',(-15.49212911579,139.16416415618,
    44.501312057894));
#4432 = CARTESIAN_POINT('',(-14.32283882106,163.55221887491,
    44.334270587218));
#4433 = CARTESIAN_POINT('',(-13.15354852633,187.94027359364,
    44.167229116542));
#4434 = CARTESIAN_POINT('',(-11.91285823159,213.81752831236,
    43.989987645865));
#4435 = CARTESIAN_POINT('',(-11.84145823159,215.30672831236,
    43.979787645865));
#4436 = CARTESIAN_POINT('',(-11.77005823159,216.79592831236,
    43.969587645865));
#4437 = CARTESIAN_POINT('',(-11.69865823159,218.28512831236,
    43.959387645865));
#4438 = CARTESIAN_POINT('',(-11.62725823159,219.77432831236,
    43.949187645865));
#4439 = CARTESIAN_POINT('',(-11.55585823159,221.26352831236,
    43.938987645865));
#4440 = ORIENTED_EDGE('',*,*,#4403,.F.);
#4441 = ORIENTED_EDGE('',*,*,#1036,.T.);
#4442 = ORIENTED_EDGE('',*,*,#4443,.T.);
#4443 = EDGE_CURVE('',#998,#4444,#4446,.T.);
#4444 = VERTEX_POINT('',#4445);
#4445 = CARTESIAN_POINT('',(-3.993437380165,212.,52.));
#4446 = B_SPLINE_CURVE_WITH_KNOTS('',6,(#4447,#4448,#4449,#4450,#4451,
    #4452,#4453,#4454,#4455,#4456,#4457,#4458,#4459,#4460,#4461,#4462,
    #4463),.UNSPECIFIED.,.F.,.F.,(7,5,5,7),(-8.890959613726,
    5.471370022836E-02,146.55455944062,155.50023275457),.UNSPECIFIED.);
#4447 = CARTESIAN_POINT('',(-11.43757914856,56.736471687631,
    53.063448824057));
#4448 = CARTESIAN_POINT('',(-11.36617914856,58.225671687631,
    53.053248824057));
#4449 = CARTESIAN_POINT('',(-11.29477914856,59.714871687631,
    53.043048824057));
#4450 = CARTESIAN_POINT('',(-11.22337914856,61.204071687631,
    53.032848824057));
#4451 = CARTESIAN_POINT('',(-11.15197914856,62.693271687631,
    53.022648824057));
#4452 = CARTESIAN_POINT('',(-11.08057914856,64.182471687631,
    53.012448824057));
#4453 = CARTESIAN_POINT('',(-9.839888853833,90.059726406359,
    52.835207353381));
#4454 = CARTESIAN_POINT('',(-8.670598559099,114.44778112508,
    52.668165882705));
#4455 = CARTESIAN_POINT('',(-7.501308264365,138.83583584381,
    52.501124412029));
#4456 = CARTESIAN_POINT('',(-6.332017969632,163.22389056254,
    52.334082941353));
#4457 = CARTESIAN_POINT('',(-5.162727674898,187.61194528127,
    52.167041470676));
#4458 = CARTESIAN_POINT('',(-3.922037380165,213.4892,51.9898));
#4459 = CARTESIAN_POINT('',(-3.850637380165,214.9784,51.9796));
#4460 = CARTESIAN_POINT('',(-3.779237380165,216.4676,51.9694));
#4461 = CARTESIAN_POINT('',(-3.707837380165,217.9568,51.9592));
#4462 = CARTESIAN_POINT('',(-3.636437380165,219.446,51.949));
#4463 = CARTESIAN_POINT('',(-3.565037380165,220.9352,51.9388));
#4464 = ORIENTED_EDGE('',*,*,#4465,.F.);
#4465 = EDGE_CURVE('',#4420,#4444,#4466,.T.);
#4466 = B_SPLINE_CURVE_WITH_KNOTS('',7,(#4467,#4468,#4469,#4470,#4471,
    #4472,#4473,#4474,#4475,#4476,#4477,#4478,#4479,#4480,#4481,#4482,
    #4483,#4484,#4485,#4486,#4487,#4488,#4489,#4490,#4491,#4492),
  .UNSPECIFIED.,.F.,.F.,(8,6,6,6,8),(0.,0.246925498661,0.497996622871,
    0.749070781752,1.),.UNSPECIFIED.);
#4467 = CARTESIAN_POINT('',(-12.,212.,44.002436469923));
#4468 = CARTESIAN_POINT('',(-12.,212.,44.4017537518));
#4469 = CARTESIAN_POINT('',(-11.97671992891,212.,44.810636700958));
#4470 = CARTESIAN_POINT('',(-11.92815442893,212.,45.22705974607));
#4471 = CARTESIAN_POINT('',(-11.85249518306,212.,45.648505062594));
#4472 = CARTESIAN_POINT('',(-11.74833137243,212.,46.071957206985));
#4473 = CARTESIAN_POINT('',(-11.61482017625,212.,46.49401015744));
#4474 = CARTESIAN_POINT('',(-11.2860979694,212.,47.335165652795));
#4475 = CARTESIAN_POINT('',(-11.0898873223,212.,47.754101081611));
#4476 = CARTESIAN_POINT('',(-10.86305063537,212.,48.164131040101));
#4477 = CARTESIAN_POINT('',(-10.60618209714,212.,48.561312946459));
#4478 = CARTESIAN_POINT('',(-10.32073662877,212.,48.941751868046));
#4479 = CARTESIAN_POINT('',(-10.00898915067,212.,49.301938471005));
#4480 = CARTESIAN_POINT('',(-9.338645866868,212.,49.975981163216));
#4481 = CARTESIAN_POINT('',(-8.980048175573,212.,50.289838016805));
#4482 = CARTESIAN_POINT('',(-8.600906723008,212.,50.577613543181));
#4483 = CARTESIAN_POINT('',(-8.204706539236,212.,50.836987465347));
#4484 = CARTESIAN_POINT('',(-7.795332775521,212.,51.066452893014));
#4485 = CARTESIAN_POINT('',(-7.37673254746,212.,51.265363987357));
#4486 = CARTESIAN_POINT('',(-6.528878730944,212.,51.60217501519));
#4487 = CARTESIAN_POINT('',(-6.099630097181,212.,51.74011075315));
#4488 = CARTESIAN_POINT('',(-5.668706385429,212.,51.847723160505));
#4489 = CARTESIAN_POINT('',(-5.239705756152,212.,51.925855672159));
#4490 = CARTESIAN_POINT('',(-4.815812550046,212.,51.97598727739));
#4491 = CARTESIAN_POINT('',(-4.399680473667,212.,52.));
#4492 = CARTESIAN_POINT('',(-3.993437380165,212.,52.));
#4493 = ( BOUNDED_SURFACE() B_SPLINE_SURFACE(2,6,(
    (#4494,#4495,#4496,#4497,#4498,#4499,#4500,#4501,#4502,#4503,#4504
      ,#4505,#4506,#4507,#4508,#4509,#4510)
    ,(#4511,#4512,#4513,#4514,#4515,#4516,#4517,#4518,#4519,#4520,#4521
      ,#4522,#4523,#4524,#4525,#4526,#4527)
    ,(#4528,#4529,#4530,#4531,#4532,#4533,#4534,#4535,#4536,#4537,#4538
      ,#4539,#4540,#4541,#4542,#4543,#4544
)),.UNSPECIFIED.,.F.,.F.,.F.) B_SPLINE_SURFACE_WITH_KNOTS((3,3),(7,5,5,7
    ),(0.,146.49984574039),(-8.890959613726,5.471370022836E-02,
    146.55455944062,155.50023275457),.UNSPECIFIED.) 
GEOMETRIC_REPRESENTATION_ITEM() RATIONAL_B_SPLINE_SURFACE((
    (1.,1.,1.,1.,1.,1.,1.,1.,1.,1.,1.,1.,1.,1.,1.,1.,1.)
    ,(0.707222739782,0.707222739782,0.707222739782,0.707222739782
      ,0.707222739782,0.707222739782,0.707222739782,0.707222739782
      ,0.707222739782,0.707222739782,0.707222739782,0.707222739782
      ,0.707222739782,0.707222739782,0.707222739782,0.707222739782
      ,0.707222739782)
    ,(1.,1.,1.,1.,1.,1.,1.,1.,1.,1.,1.,1.,1.,1.,1.,1.,1.
))) REPRESENTATION_ITEM('') SURFACE() );
#4494 = CARTESIAN_POINT('',(-19.4284,57.0648,45.063636469923));
#4495 = CARTESIAN_POINT('',(-19.357,58.554,45.053436469923));
#4496 = CARTESIAN_POINT('',(-19.2856,60.0432,45.043236469923));
#4497 = CARTESIAN_POINT('',(-19.2142,61.5324,45.033036469923));
#4498 = CARTESIAN_POINT('',(-19.1428,63.0216,45.022836469923));
#4499 = CARTESIAN_POINT('',(-19.0714,64.5108,45.012636469923));
#4500 = CARTESIAN_POINT('',(-17.83070970526,90.388054718728,
    44.835394999246));
#4501 = CARTESIAN_POINT('',(-16.66141941053,114.77610943745,
    44.66835352857));
#4502 = CARTESIAN_POINT('',(-15.49212911579,139.16416415618,
    44.501312057894));
#4503 = CARTESIAN_POINT('',(-14.32283882106,163.55221887491,
    44.334270587218));
#4504 = CARTESIAN_POINT('',(-13.15354852633,187.94027359364,
    44.167229116542));
#4505 = CARTESIAN_POINT('',(-11.91285823159,213.81752831236,
    43.989987645865));
#4506 = CARTESIAN_POINT('',(-11.84145823159,215.30672831236,
    43.979787645865));
#4507 = CARTESIAN_POINT('',(-11.77005823159,216.79592831236,
    43.969587645865));
#4508 = CARTESIAN_POINT('',(-11.69865823159,218.28512831236,
    43.959387645865));
#4509 = CARTESIAN_POINT('',(-11.62725823159,219.77432831236,
    43.949187645865));
#4510 = CARTESIAN_POINT('',(-11.55585823159,221.26352831236,
    43.938987645865));
#4511 = CARTESIAN_POINT('',(-19.42577981163,57.119449643143,
    53.060825687376));
#4512 = CARTESIAN_POINT('',(-19.35437981163,58.608649643143,
    53.050625687376));
#4513 = CARTESIAN_POINT('',(-19.28297981163,60.097849643143,
    53.040425687376));
#4514 = CARTESIAN_POINT('',(-19.21157981163,61.587049643143,
    53.030225687376));
#4515 = CARTESIAN_POINT('',(-19.14017981163,63.076249643143,
    53.020025687376));
#4516 = CARTESIAN_POINT('',(-19.06877981163,64.565449643143,
    53.009825687376));
#4517 = CARTESIAN_POINT('',(-17.82808951689,90.442704361871,
    52.8325842167));
#4518 = CARTESIAN_POINT('',(-16.65879922216,114.83075908059,
    52.665542746023));
#4519 = CARTESIAN_POINT('',(-15.48950892742,139.21881379932,
    52.498501275347));
#4520 = CARTESIAN_POINT('',(-14.32021863269,163.60686851805,
    52.331459804671));
#4521 = CARTESIAN_POINT('',(-13.15092833796,187.99492323678,
    52.164418333995));
#4522 = CARTESIAN_POINT('',(-11.91023804322,213.87217795551,
    51.987176863318));
#4523 = CARTESIAN_POINT('',(-11.83883804322,215.36137795551,
    51.976976863318));
#4524 = CARTESIAN_POINT('',(-11.76743804322,216.85057795551,
    51.966776863318));
#4525 = CARTESIAN_POINT('',(-11.69603804322,218.33977795551,
    51.956576863318));
#4526 = CARTESIAN_POINT('',(-11.62463804322,219.82897795551,
    51.946376863318));
#4527 = CARTESIAN_POINT('',(-11.55323804322,221.31817795551,
    51.936176863318));
#4528 = CARTESIAN_POINT('',(-11.43757914856,56.736471687631,
    53.063448824057));
#4529 = CARTESIAN_POINT('',(-11.36617914856,58.225671687631,
    53.053248824057));
#4530 = CARTESIAN_POINT('',(-11.29477914856,59.714871687631,
    53.043048824057));
#4531 = CARTESIAN_POINT('',(-11.22337914856,61.204071687631,
    53.032848824057));
#4532 = CARTESIAN_POINT('',(-11.15197914856,62.693271687631,
    53.022648824057));
#4533 = CARTESIAN_POINT('',(-11.08057914856,64.182471687631,
    53.012448824057));
#4534 = CARTESIAN_POINT('',(-9.839888853833,90.059726406359,
    52.835207353381));
#4535 = CARTESIAN_POINT('',(-8.670598559099,114.44778112508,
    52.668165882705));
#4536 = CARTESIAN_POINT('',(-7.501308264365,138.83583584381,
    52.501124412029));
#4537 = CARTESIAN_POINT('',(-6.332017969632,163.22389056254,
    52.334082941353));
#4538 = CARTESIAN_POINT('',(-5.162727674898,187.61194528127,
    52.167041470676));
#4539 = CARTESIAN_POINT('',(-3.922037380165,213.4892,51.9898));
#4540 = CARTESIAN_POINT('',(-3.850637380165,214.9784,51.9796));
#4541 = CARTESIAN_POINT('',(-3.779237380165,216.4676,51.9694));
#4542 = CARTESIAN_POINT('',(-3.707837380165,217.9568,51.9592));
#4543 = CARTESIAN_POINT('',(-3.636437380165,219.446,51.949));
#4544 = CARTESIAN_POINT('',(-3.565037380165,220.9352,51.9388));
#4545 = ADVANCED_FACE('',(#4546),#4578,.T.);
#4546 = FACE_BOUND('',#4547,.T.);
#4547 = EDGE_LOOP('',(#4548,#4549,#4550,#4572));
#4548 = ORIENTED_EDGE('',*,*,#4443,.F.);
#4549 = ORIENTED_EDGE('',*,*,#997,.T.);
#4550 = ORIENTED_EDGE('',*,*,#4551,.T.);
#4551 = EDGE_CURVE('',#914,#4552,#4554,.T.);
#4552 = VERTEX_POINT('',#4553);
#4553 = CARTESIAN_POINT('',(3.993437380165,212.,52.));
#4554 = B_SPLINE_CURVE_WITH_KNOTS('',6,(#4555,#4556,#4557,#4558,#4559,
    #4560,#4561,#4562,#4563,#4564,#4565,#4566,#4567,#4568,#4569,#4570,
    #4571),.UNSPECIFIED.,.F.,.F.,(7,5,5,7),(-8.890959613726,
    5.471370022837E-02,146.55455944062,155.50023275457),.UNSPECIFIED.);
#4555 = CARTESIAN_POINT('',(11.437579148566,56.736471687631,
    53.063448824057));
#4556 = CARTESIAN_POINT('',(11.366179148566,58.225671687631,
    53.053248824057));
#4557 = CARTESIAN_POINT('',(11.294779148566,59.714871687631,
    53.043048824057));
#4558 = CARTESIAN_POINT('',(11.223379148566,61.204071687631,
    53.032848824057));
#4559 = CARTESIAN_POINT('',(11.151979148566,62.693271687631,
    53.022648824057));
#4560 = CARTESIAN_POINT('',(11.080579148566,64.182471687631,
    53.012448824057));
#4561 = CARTESIAN_POINT('',(9.839888853833,90.059726406359,
    52.835207353381));
#4562 = CARTESIAN_POINT('',(8.670598559099,114.44778112508,
    52.668165882705));
#4563 = CARTESIAN_POINT('',(7.501308264366,138.83583584381,
    52.501124412029));
#4564 = CARTESIAN_POINT('',(6.332017969632,163.22389056254,
    52.334082941353));
#4565 = CARTESIAN_POINT('',(5.162727674898,187.61194528127,
    52.167041470676));
#4566 = CARTESIAN_POINT('',(3.922037380165,213.4892,51.9898));
#4567 = CARTESIAN_POINT('',(3.850637380165,214.9784,51.9796));
#4568 = CARTESIAN_POINT('',(3.779237380165,216.4676,51.9694));
#4569 = CARTESIAN_POINT('',(3.707837380165,217.9568,51.9592));
#4570 = CARTESIAN_POINT('',(3.636437380165,219.446,51.949));
#4571 = CARTESIAN_POINT('',(3.565037380165,220.9352,51.9388));
#4572 = ORIENTED_EDGE('',*,*,#4573,.F.);
#4573 = EDGE_CURVE('',#4444,#4552,#4574,.T.);
#4574 = LINE('',#4575,#4576);
#4575 = CARTESIAN_POINT('',(-12.,212.,52.));
#4576 = VECTOR('',#4577,1.);
#4577 = DIRECTION('',(1.,0.,0.));
#4578 = B_SPLINE_SURFACE_WITH_KNOTS('',1,1,(
    (#4579,#4580)
    ,(#4581,#4582
    )),.UNSPECIFIED.,.F.,.F.,.F.,(2,2),(2,2),(0.,38.),(0.,1.),
  .PIECEWISE_BEZIER_KNOTS.);
#4579 = CARTESIAN_POINT('',(-19.,66.,53.));
#4580 = CARTESIAN_POINT('',(-12.,212.,52.));
#4581 = CARTESIAN_POINT('',(19.,66.,53.));
#4582 = CARTESIAN_POINT('',(12.,212.,52.));
#4583 = ADVANCED_FACE('',(#4584),#4649,.T.);
#4584 = FACE_BOUND('',#4585,.T.);
#4585 = EDGE_LOOP('',(#4586,#4587,#4588,#4598,#4620));
#4586 = ORIENTED_EDGE('',*,*,#4551,.F.);
#4587 = ORIENTED_EDGE('',*,*,#913,.T.);
#4588 = ORIENTED_EDGE('',*,*,#4589,.F.);
#4589 = EDGE_CURVE('',#4590,#905,#4592,.T.);
#4590 = VERTEX_POINT('',#4591);
#4591 = CARTESIAN_POINT('',(18.53173931729,75.766579953671,
    44.935542086678));
#4592 = B_SPLINE_CURVE_WITH_KNOTS('',4,(#4593,#4594,#4595,#4596,#4597),
  .UNSPECIFIED.,.F.,.F.,(5,5),(0.,1.),.PIECEWISE_BEZIER_KNOTS.);
#4593 = CARTESIAN_POINT('',(18.53173931729,75.766579953671,
    44.935542086678));
#4594 = CARTESIAN_POINT('',(18.53173931729,75.766579953671,
    44.951630579922));
#4595 = CARTESIAN_POINT('',(18.531695617357,75.766590642232,
    44.967736641404));
#4596 = CARTESIAN_POINT('',(18.531608001674,75.766612072143,
    44.983860055065));
#4597 = CARTESIAN_POINT('',(18.531476256585,75.766644295175,45.0000006)
  );
#4598 = ORIENTED_EDGE('',*,*,#4599,.T.);
#4599 = EDGE_CURVE('',#4590,#4600,#4602,.T.);
#4600 = VERTEX_POINT('',#4601);
#4601 = CARTESIAN_POINT('',(12.,212.,44.002436469923));
#4602 = B_SPLINE_CURVE_WITH_KNOTS('',6,(#4603,#4604,#4605,#4606,#4607,
    #4608,#4609,#4610,#4611,#4612,#4613,#4614,#4615,#4616,#4617,#4618,
    #4619),.UNSPECIFIED.,.F.,.F.,(7,5,5,7),(-8.890959613726,
    5.471370022837E-02,146.55455944062,155.50023275457),.UNSPECIFIED.);
#4603 = CARTESIAN_POINT('',(19.4284,57.0648,45.063636469923));
#4604 = CARTESIAN_POINT('',(19.357,58.554,45.053436469923));
#4605 = CARTESIAN_POINT('',(19.2856,60.0432,45.043236469923));
#4606 = CARTESIAN_POINT('',(19.2142,61.5324,45.033036469923));
#4607 = CARTESIAN_POINT('',(19.1428,63.0216,45.022836469923));
#4608 = CARTESIAN_POINT('',(19.0714,64.5108,45.012636469923));
#4609 = CARTESIAN_POINT('',(17.830709705266,90.388054718728,
    44.835394999246));
#4610 = CARTESIAN_POINT('',(16.661419410533,114.77610943745,
    44.66835352857));
#4611 = CARTESIAN_POINT('',(15.492129115799,139.16416415618,
    44.501312057894));
#4612 = CARTESIAN_POINT('',(14.322838821066,163.55221887491,
    44.334270587218));
#4613 = CARTESIAN_POINT('',(13.153548526332,187.94027359364,
    44.167229116542));
#4614 = CARTESIAN_POINT('',(11.912858231599,213.81752831236,
    43.989987645865));
#4615 = CARTESIAN_POINT('',(11.841458231599,215.30672831236,
    43.979787645865));
#4616 = CARTESIAN_POINT('',(11.770058231599,216.79592831236,
    43.969587645865));
#4617 = CARTESIAN_POINT('',(11.698658231599,218.28512831236,
    43.959387645865));
#4618 = CARTESIAN_POINT('',(11.627258231599,219.77432831236,
    43.949187645865));
#4619 = CARTESIAN_POINT('',(11.555858231599,221.26352831236,
    43.938987645865));
#4620 = ORIENTED_EDGE('',*,*,#4621,.F.);
#4621 = EDGE_CURVE('',#4552,#4600,#4622,.T.);
#4622 = B_SPLINE_CURVE_WITH_KNOTS('',7,(#4623,#4624,#4625,#4626,#4627,
    #4628,#4629,#4630,#4631,#4632,#4633,#4634,#4635,#4636,#4637,#4638,
    #4639,#4640,#4641,#4642,#4643,#4644,#4645,#4646,#4647,#4648),
  .UNSPECIFIED.,.F.,.F.,(8,6,6,6,8),(0.,0.250659804322,0.502734273979,
    0.752805087424,1.),.UNSPECIFIED.);
#4623 = CARTESIAN_POINT('',(3.993437380165,212.,52.));
#4624 = CARTESIAN_POINT('',(4.399244304509,212.,52.));
#4625 = CARTESIAN_POINT('',(4.814919002954,212.,51.976038013184));
#4626 = CARTESIAN_POINT('',(5.238340364679,212.,51.926019072504));
#4627 = CARTESIAN_POINT('',(5.66686404946,212.,51.848056505093));
#4628 = CARTESIAN_POINT('',(6.09731674591,212.,51.740688916167));
#4629 = CARTESIAN_POINT('',(6.526113472695,212.,51.603063075604));
#4630 = CARTESIAN_POINT('',(7.375271855638,212.,51.266154296868));
#4631 = CARTESIAN_POINT('',(7.795573634939,212.,51.066526290897));
#4632 = CARTESIAN_POINT('',(8.206581277967,212.,50.836096919505));
#4633 = CARTESIAN_POINT('',(8.604299596162,212.,50.575519146234));
#4634 = CARTESIAN_POINT('',(8.984796314316,212.,50.286321281341));
#4635 = CARTESIAN_POINT('',(9.344547475515,212.,49.970857949943));
#4636 = CARTESIAN_POINT('',(10.01407178503,212.,49.296006706254));
#4637 = CARTESIAN_POINT('',(10.324220771804,212.,48.936986553832));
#4638 = CARTESIAN_POINT('',(10.608253751857,212.,48.557912582113));
#4639 = CARTESIAN_POINT('',(10.863929284197,212.,48.162255045362));
#4640 = CARTESIAN_POINT('',(11.08981300762,212.,47.753861968709));
#4641 = CARTESIAN_POINT('',(11.285317188229,212.,47.336628323635));
#4642 = CARTESIAN_POINT('',(11.61394562773,212.,46.496773097025));
#4643 = CARTESIAN_POINT('',(11.747762768389,212.,46.074267334864));
#4644 = CARTESIAN_POINT('',(11.852164789165,212.,45.65034442417));
#4645 = CARTESIAN_POINT('',(11.927995377553,212.,45.228422828389));
#4646 = CARTESIAN_POINT('',(11.976669097297,212.,44.811528961526));
#4647 = CARTESIAN_POINT('',(12.,212.,44.402189438917));
#4648 = CARTESIAN_POINT('',(12.,212.,44.002436469923));
#4649 = ( BOUNDED_SURFACE() B_SPLINE_SURFACE(2,6,(
    (#4650,#4651,#4652,#4653,#4654,#4655,#4656,#4657,#4658,#4659,#4660
      ,#4661,#4662,#4663,#4664,#4665,#4666)
    ,(#4667,#4668,#4669,#4670,#4671,#4672,#4673,#4674,#4675,#4676,#4677
      ,#4678,#4679,#4680,#4681,#4682,#4683)
    ,(#4684,#4685,#4686,#4687,#4688,#4689,#4690,#4691,#4692,#4693,#4694
      ,#4695,#4696,#4697,#4698,#4699,#4700
)),.UNSPECIFIED.,.F.,.F.,.F.) B_SPLINE_SURFACE_WITH_KNOTS((3,3),(7,5,5,7
    ),(0.,146.49984574039),(-8.890959613726,5.471370022837E-02,
    146.55455944062,155.50023275457),.UNSPECIFIED.) 
GEOMETRIC_REPRESENTATION_ITEM() RATIONAL_B_SPLINE_SURFACE((
    (1.,1.,1.,1.,1.,1.,1.,1.,1.,1.,1.,1.,1.,1.,1.,1.,1.)
    ,(0.707222739782,0.707222739782,0.707222739782,0.707222739782
      ,0.707222739782,0.707222739782,0.707222739782,0.707222739782
      ,0.707222739782,0.707222739782,0.707222739782,0.707222739782
      ,0.707222739782,0.707222739782,0.707222739782,0.707222739782
      ,0.707222739782)
    ,(1.,1.,1.,1.,1.,1.,1.,1.,1.,1.,1.,1.,1.,1.,1.,1.,1.
))) REPRESENTATION_ITEM('') SURFACE() );
#4650 = CARTESIAN_POINT('',(11.437579148566,56.736471687631,
    53.063448824057));
#4651 = CARTESIAN_POINT('',(11.366179148566,58.225671687631,
    53.053248824057));
#4652 = CARTESIAN_POINT('',(11.294779148566,59.714871687631,
    53.043048824057));
#4653 = CARTESIAN_POINT('',(11.223379148566,61.204071687631,
    53.032848824057));
#4654 = CARTESIAN_POINT('',(11.151979148566,62.693271687631,
    53.022648824057));
#4655 = CARTESIAN_POINT('',(11.080579148566,64.182471687631,
    53.012448824057));
#4656 = CARTESIAN_POINT('',(9.839888853833,90.059726406359,
    52.835207353381));
#4657 = CARTESIAN_POINT('',(8.670598559099,114.44778112508,
    52.668165882705));
#4658 = CARTESIAN_POINT('',(7.501308264366,138.83583584381,
    52.501124412029));
#4659 = CARTESIAN_POINT('',(6.332017969632,163.22389056254,
    52.334082941353));
#4660 = CARTESIAN_POINT('',(5.162727674898,187.61194528127,
    52.167041470676));
#4661 = CARTESIAN_POINT('',(3.922037380165,213.4892,51.9898));
#4662 = CARTESIAN_POINT('',(3.850637380165,214.9784,51.9796));
#4663 = CARTESIAN_POINT('',(3.779237380165,216.4676,51.9694));
#4664 = CARTESIAN_POINT('',(3.707837380165,217.9568,51.9592));
#4665 = CARTESIAN_POINT('',(3.636437380165,219.446,51.949));
#4666 = CARTESIAN_POINT('',(3.565037380165,220.9352,51.9388));
#4667 = CARTESIAN_POINT('',(19.42577981163,57.119449643143,
    53.060825687376));
#4668 = CARTESIAN_POINT('',(19.35437981163,58.608649643143,
    53.050625687376));
#4669 = CARTESIAN_POINT('',(19.28297981163,60.097849643143,
    53.040425687376));
#4670 = CARTESIAN_POINT('',(19.21157981163,61.587049643143,
    53.030225687376));
#4671 = CARTESIAN_POINT('',(19.14017981163,63.076249643143,
    53.020025687376));
#4672 = CARTESIAN_POINT('',(19.06877981163,64.565449643143,
    53.009825687376));
#4673 = CARTESIAN_POINT('',(17.828089516897,90.442704361871,
    52.8325842167));
#4674 = CARTESIAN_POINT('',(16.658799222163,114.83075908059,
    52.665542746023));
#4675 = CARTESIAN_POINT('',(15.489508927429,139.21881379932,
    52.498501275347));
#4676 = CARTESIAN_POINT('',(14.320218632696,163.60686851805,
    52.331459804671));
#4677 = CARTESIAN_POINT('',(13.150928337962,187.99492323678,
    52.164418333995));
#4678 = CARTESIAN_POINT('',(11.910238043229,213.87217795551,
    51.987176863318));
#4679 = CARTESIAN_POINT('',(11.838838043229,215.36137795551,
    51.976976863318));
#4680 = CARTESIAN_POINT('',(11.767438043229,216.85057795551,
    51.966776863318));
#4681 = CARTESIAN_POINT('',(11.696038043229,218.33977795551,
    51.956576863318));
#4682 = CARTESIAN_POINT('',(11.624638043229,219.82897795551,
    51.946376863318));
#4683 = CARTESIAN_POINT('',(11.553238043229,221.31817795551,
    51.936176863318));
#4684 = CARTESIAN_POINT('',(19.4284,57.0648,45.063636469923));
#4685 = CARTESIAN_POINT('',(19.357,58.554,45.053436469923));
#4686 = CARTESIAN_POINT('',(19.2856,60.0432,45.043236469923));
#4687 = CARTESIAN_POINT('',(19.2142,61.5324,45.033036469923));
#4688 = CARTESIAN_POINT('',(19.1428,63.0216,45.022836469923));
#4689 = CARTESIAN_POINT('',(19.0714,64.5108,45.012636469923));
#4690 = CARTESIAN_POINT('',(17.830709705266,90.388054718728,
    44.835394999246));
#4691 = CARTESIAN_POINT('',(16.661419410533,114.77610943745,
    44.66835352857));
#4692 = CARTESIAN_POINT('',(15.492129115799,139.16416415618,
    44.501312057894));
#4693 = CARTESIAN_POINT('',(14.322838821066,163.55221887491,
    44.334270587218));
#4694 = CARTESIAN_POINT('',(13.153548526332,187.94027359364,
    44.167229116542));
#4695 = CARTESIAN_POINT('',(11.912858231599,213.81752831236,
    43.989987645865));
#4696 = CARTESIAN_POINT('',(11.841458231599,215.30672831236,
    43.979787645865));
#4697 = CARTESIAN_POINT('',(11.770058231599,216.79592831236,
    43.969587645865));
#4698 = CARTESIAN_POINT('',(11.698658231599,218.28512831236,
    43.959387645865));
#4699 = CARTESIAN_POINT('',(11.627258231599,219.77432831236,
    43.949187645865));
#4700 = CARTESIAN_POINT('',(11.555858231599,221.26352831236,
    43.938987645865));
#4701 = ADVANCED_FACE('',(#4702),#4743,.T.);
#4702 = FACE_BOUND('',#4703,.T.);
#4703 = EDGE_LOOP('',(#4704,#4716,#4725,#4733,#4734,#4735));
#4704 = ORIENTED_EDGE('',*,*,#4705,.T.);
#4705 = EDGE_CURVE('',#4706,#4708,#4710,.T.);
#4706 = VERTEX_POINT('',#4707);
#4707 = CARTESIAN_POINT('',(47.682347051676,61.728387145976,
    44.935542086678));
#4708 = VERTEX_POINT('',#4709);
#4709 = CARTESIAN_POINT('',(47.682347051676,61.728387145976,43.));
#4710 = B_SPLINE_CURVE_WITH_KNOTS('',4,(#4711,#4712,#4713,#4714,#4715),
  .UNSPECIFIED.,.F.,.F.,(5,5),(0.,1.),.PIECEWISE_BEZIER_KNOTS.);
#4711 = CARTESIAN_POINT('',(47.682347051676,61.728387145976,
    44.935542686678));
#4712 = CARTESIAN_POINT('',(47.682347051676,61.728387145976,
    44.451656865009));
#4713 = CARTESIAN_POINT('',(47.682347051676,61.728387145976,
    43.967771043339));
#4714 = CARTESIAN_POINT('',(47.682347051676,61.728387145976,
    43.48388522167));
#4715 = CARTESIAN_POINT('',(47.682347051676,61.728387145976,42.9999994)
  );
#4716 = ORIENTED_EDGE('',*,*,#4717,.T.);
#4717 = EDGE_CURVE('',#4708,#4718,#4720,.T.);
#4718 = VERTEX_POINT('',#4719);
#4719 = CARTESIAN_POINT('',(18.53173931729,75.766579953671,43.));
#4720 = CIRCLE('',#4721,78.);
#4721 = AXIS2_PLACEMENT_3D('',#4722,#4723,#4724);
#4722 = CARTESIAN_POINT('',(0.,0.,43.));
#4723 = DIRECTION('',(0.,0.,1.));
#4724 = DIRECTION('',(1.,0.,-0.));
#4725 = ORIENTED_EDGE('',*,*,#4726,.T.);
#4726 = EDGE_CURVE('',#4718,#4590,#4727,.T.);
#4727 = B_SPLINE_CURVE_WITH_KNOTS('',4,(#4728,#4729,#4730,#4731,#4732),
  .UNSPECIFIED.,.F.,.F.,(5,5),(0.,1.),.PIECEWISE_BEZIER_KNOTS.);
#4728 = CARTESIAN_POINT('',(18.53173931729,75.766579953671,42.9999994));
#4729 = CARTESIAN_POINT('',(18.53173931729,75.766579953671,
    43.48388522167));
#4730 = CARTESIAN_POINT('',(18.53173931729,75.766579953671,
    43.967771043339));
#4731 = CARTESIAN_POINT('',(18.53173931729,75.766579953671,
    44.451656865009));
#4732 = CARTESIAN_POINT('',(18.53173931729,75.766579953671,
    44.935542686678));
#4733 = ORIENTED_EDGE('',*,*,#4589,.T.);
#4734 = ORIENTED_EDGE('',*,*,#904,.F.);
#4735 = ORIENTED_EDGE('',*,*,#4736,.T.);
#4736 = EDGE_CURVE('',#828,#4706,#4737,.T.);
#4737 = B_SPLINE_CURVE_WITH_KNOTS('',4,(#4738,#4739,#4740,#4741,#4742),
  .UNSPECIFIED.,.F.,.F.,(5,5),(0.,1.),.PIECEWISE_BEZIER_KNOTS.);
#4738 = CARTESIAN_POINT('',(47.682561371557,61.728221593107,45.0000006)
  );
#4739 = CARTESIAN_POINT('',(47.682454036856,61.728304504834,
    44.983860055065));
#4740 = CARTESIAN_POINT('',(47.682382654793,61.728359644202,
    44.967736641404));
#4741 = CARTESIAN_POINT('',(47.682347051676,61.728387145976,
    44.95163057992));
#4742 = CARTESIAN_POINT('',(47.682347051676,61.728387145976,
    44.935542086678));
#4743 = CYLINDRICAL_SURFACE('',#4744,78.);
#4744 = AXIS2_PLACEMENT_3D('',#4745,#4746,#4747);
#4745 = CARTESIAN_POINT('',(0.,0.,35.));
#4746 = DIRECTION('',(0.,0.,1.));
#4747 = DIRECTION('',(1.,0.,-0.));
#4748 = ADVANCED_FACE('',(#4749),#4826,.T.);
#4749 = FACE_BOUND('',#4750,.T.);
#4750 = EDGE_LOOP('',(#4751,#4773,#4774,#4775,#4797));
#4751 = ORIENTED_EDGE('',*,*,#4752,.F.);
#4752 = EDGE_CURVE('',#4706,#4753,#4755,.T.);
#4753 = VERTEX_POINT('',#4754);
#4754 = CARTESIAN_POINT('',(158.26639666091,141.56181578366,
    44.002436469923));
#4755 = B_SPLINE_CURVE_WITH_KNOTS('',6,(#4756,#4757,#4758,#4759,#4760,
    #4761,#4762,#4763,#4764,#4765,#4766,#4767,#4768,#4769,#4770,#4771,
    #4772),.UNSPECIFIED.,.F.,.F.,(7,5,5,7),(-8.890959613727,
    5.471370022795E-02,146.55455944062,155.50023275457),.UNSPECIFIED.);
#4756 = CARTESIAN_POINT('',(32.501647914309,50.76905561909,
    45.063636469923));
#4757 = CARTESIAN_POINT('',(33.710468529854,51.64173386417,
    45.053436469923));
#4758 = CARTESIAN_POINT('',(34.919289145398,52.51441210925,
    45.043236469923));
#4759 = CARTESIAN_POINT('',(36.128109760942,53.38709035433,
    45.033036469923));
#4760 = CARTESIAN_POINT('',(37.336930376486,54.259768599409,
    45.022836469923));
#4761 = CARTESIAN_POINT('',(38.54575099203,55.132446844489,
    45.012636469923));
#4762 = CARTESIAN_POINT('',(59.550961157008,70.296640529302,
    44.835394999246));
#4763 = CARTESIAN_POINT('',(79.347350706441,84.588155969034,
    44.66835352857));
#4764 = CARTESIAN_POINT('',(99.143740255875,98.879671408768,
    44.501312057894));
#4765 = CARTESIAN_POINT('',(118.9401298053,113.1711868485,
    44.334270587218));
#4766 = CARTESIAN_POINT('',(138.73651935474,127.46270228823,
    44.167229116542));
#4767 = CARTESIAN_POINT('',(159.74172951971,142.62689597304,
    43.989987645865));
#4768 = CARTESIAN_POINT('',(160.95055013526,143.49957421812,
    43.979787645865));
#4769 = CARTESIAN_POINT('',(162.1593707508,144.3722524632,
    43.969587645865));
#4770 = CARTESIAN_POINT('',(163.36819136635,145.24493070828,
    43.959387645865));
#4771 = CARTESIAN_POINT('',(164.57701198189,146.11760895336,
    43.949187645865));
#4772 = CARTESIAN_POINT('',(165.78583259743,146.99028719844,
    43.938987645865));
#4773 = ORIENTED_EDGE('',*,*,#4736,.F.);
#4774 = ORIENTED_EDGE('',*,*,#827,.T.);
#4775 = ORIENTED_EDGE('',*,*,#4776,.T.);
#4776 = EDGE_CURVE('',#789,#4777,#4779,.T.);
#4777 = VERTEX_POINT('',#4778);
#4778 = CARTESIAN_POINT('',(163.25840680232,135.30203306112,52.));
#4779 = B_SPLINE_CURVE_WITH_KNOTS('',6,(#4780,#4781,#4782,#4783,#4784,
    #4785,#4786,#4787,#4788,#4789,#4790,#4791,#4792,#4793,#4794,#4795,
    #4796),.UNSPECIFIED.,.F.,.F.,(7,5,5,7),(-8.890959613727,
    5.471370022795E-02,146.55455944062,155.50023275457),.UNSPECIFIED.);
#4780 = CARTESIAN_POINT('',(37.227145812463,44.316870952253,
    53.063448824057));
#4781 = CARTESIAN_POINT('',(38.435966428007,45.189549197333,
    53.053248824057));
#4782 = CARTESIAN_POINT('',(39.644787043551,46.062227442413,
    53.043048824057));
#4783 = CARTESIAN_POINT('',(40.853607659095,46.934905687493,
    53.032848824057));
#4784 = CARTESIAN_POINT('',(42.062428274639,47.807583932573,
    53.022648824057));
#4785 = CARTESIAN_POINT('',(43.271248890183,48.680262177653,
    53.012448824057));
#4786 = CARTESIAN_POINT('',(64.276459055161,63.844455862465,
    52.835207353381));
#4787 = CARTESIAN_POINT('',(84.072848604594,78.135971302198,
    52.668165882705));
#4788 = CARTESIAN_POINT('',(103.86923815402,92.427486741931,
    52.501124412029));
#4789 = CARTESIAN_POINT('',(123.66562770346,106.71900218166,
    52.334082941352));
#4790 = CARTESIAN_POINT('',(143.46201725289,121.01051762139,
    52.167041470676));
#4791 = CARTESIAN_POINT('',(164.46722741787,136.1747113062,51.9898));
#4792 = CARTESIAN_POINT('',(165.67604803341,137.04738955128,51.9796));
#4793 = CARTESIAN_POINT('',(166.88486864896,137.92006779636,51.9694));
#4794 = CARTESIAN_POINT('',(168.0936892645,138.79274604144,51.9592));
#4795 = CARTESIAN_POINT('',(169.30250988004,139.66542428652,51.949));
#4796 = CARTESIAN_POINT('',(170.51133049559,140.5381025316,51.9388));
#4797 = ORIENTED_EDGE('',*,*,#4798,.F.);
#4798 = EDGE_CURVE('',#4753,#4777,#4799,.T.);
#4799 = B_SPLINE_CURVE_WITH_KNOTS('',7,(#4800,#4801,#4802,#4803,#4804,
    #4805,#4806,#4807,#4808,#4809,#4810,#4811,#4812,#4813,#4814,#4815,
    #4816,#4817,#4818,#4819,#4820,#4821,#4822,#4823,#4824,#4825),
  .UNSPECIFIED.,.F.,.F.,(8,6,6,6,8),(0.,0.24692549866,0.497996622869,
    0.749070781751,1.),.UNSPECIFIED.);
#4800 = CARTESIAN_POINT('',(158.26639666091,141.56181578366,
    44.002436469923));
#4801 = CARTESIAN_POINT('',(158.26639666091,141.56181578366,
    44.4017537518));
#4802 = CARTESIAN_POINT('',(158.28091154782,141.54361469118,
    44.810636700958));
#4803 = CARTESIAN_POINT('',(158.31119164178,141.50564465433,
    45.22705974607));
#4804 = CARTESIAN_POINT('',(158.35836441,141.44649187396,45.648505062594
    ));
#4805 = CARTESIAN_POINT('',(158.42330948365,141.36505332748,
    46.071957206985));
#4806 = CARTESIAN_POINT('',(158.5065523529,141.26067007105,
    46.49401015744));
#4807 = CARTESIAN_POINT('',(158.71150729651,141.00366470075,
    47.335165652794));
#4808 = CARTESIAN_POINT('',(158.833842634,140.85026103965,
    47.754101081615));
#4809 = CARTESIAN_POINT('',(158.97527299499,140.67291297642,
    48.164131040095));
#4810 = CARTESIAN_POINT('',(159.13542790899,140.47208506638,
    48.561312946464));
#4811 = CARTESIAN_POINT('',(159.31340024751,140.24891481268,
    48.941751868043));
#4812 = CARTESIAN_POINT('',(159.50777162086,140.00518081972,
    49.301938471005));
#4813 = CARTESIAN_POINT('',(159.92572382206,139.48108533638,
    49.975981163219));
#4814 = CARTESIAN_POINT('',(160.14930582554,139.2007223718,
    50.289838016798));
#4815 = CARTESIAN_POINT('',(160.38569665469,138.90429764786,
    50.577613543192));
#4816 = CARTESIAN_POINT('',(160.63272342875,138.59453587084,
    50.836987465338));
#4817 = CARTESIAN_POINT('',(160.88796379559,138.27447457426,
    51.066452893019));
#4818 = CARTESIAN_POINT('',(161.14895676884,137.9471997374,
    51.265363987355));
#4819 = CARTESIAN_POINT('',(161.6775849769,137.28432093111,
    51.602175015191));
#4820 = CARTESIAN_POINT('',(161.94521712251,136.94872083544,
    51.740110753147));
#4821 = CARTESIAN_POINT('',(162.21389366218,136.61181111103,
    51.847723160508));
#4822 = CARTESIAN_POINT('',(162.4813711795,136.27640491309,
    51.925855672156));
#4823 = CARTESIAN_POINT('',(162.74566427061,135.94499185933,
    51.975987277391));
#4824 = CARTESIAN_POINT('',(163.00511837645,135.61964670116,52.));
#4825 = CARTESIAN_POINT('',(163.25840680232,135.30203306112,52.));
#4826 = ( BOUNDED_SURFACE() B_SPLINE_SURFACE(2,6,(
    (#4827,#4828,#4829,#4830,#4831,#4832,#4833,#4834,#4835,#4836,#4837
      ,#4838,#4839,#4840,#4841,#4842,#4843)
    ,(#4844,#4845,#4846,#4847,#4848,#4849,#4850,#4851,#4852,#4853,#4854
      ,#4855,#4856,#4857,#4858,#4859,#4860)
    ,(#4861,#4862,#4863,#4864,#4865,#4866,#4867,#4868,#4869,#4870,#4871
      ,#4872,#4873,#4874,#4875,#4876,#4877
)),.UNSPECIFIED.,.F.,.F.,.F.) B_SPLINE_SURFACE_WITH_KNOTS((3,3),(7,5,5,7
    ),(0.,146.49984574039),(-8.890959613727,5.471370022795E-02,
    146.55455944062,155.50023275457),.UNSPECIFIED.) 
GEOMETRIC_REPRESENTATION_ITEM() RATIONAL_B_SPLINE_SURFACE((
    (1.,1.,1.,1.,1.,1.,1.,1.,1.,1.,1.,1.,1.,1.,1.,1.,1.)
    ,(0.707222739782,0.707222739782,0.707222739782,0.707222739782
      ,0.707222739782,0.707222739782,0.707222739782,0.707222739782
      ,0.707222739782,0.707222739782,0.707222739782,0.707222739782
      ,0.707222739782,0.707222739782,0.707222739782,0.707222739782
      ,0.707222739782)
    ,(1.,1.,1.,1.,1.,1.,1.,1.,1.,1.,1.,1.,1.,1.,1.,1.,1.
))) REPRESENTATION_ITEM('') SURFACE() );
#4827 = CARTESIAN_POINT('',(32.501647914309,50.76905561909,
    45.063636469923));
#4828 = CARTESIAN_POINT('',(33.710468529854,51.64173386417,
    45.053436469923));
#4829 = CARTESIAN_POINT('',(34.919289145398,52.51441210925,
    45.043236469923));
#4830 = CARTESIAN_POINT('',(36.128109760942,53.38709035433,
    45.033036469923));
#4831 = CARTESIAN_POINT('',(37.336930376486,54.259768599409,
    45.022836469923));
#4832 = CARTESIAN_POINT('',(38.54575099203,55.132446844489,
    45.012636469923));
#4833 = CARTESIAN_POINT('',(59.550961157008,70.296640529302,
    44.835394999246));
#4834 = CARTESIAN_POINT('',(79.347350706441,84.588155969034,
    44.66835352857));
#4835 = CARTESIAN_POINT('',(99.143740255875,98.879671408768,
    44.501312057894));
#4836 = CARTESIAN_POINT('',(118.9401298053,113.1711868485,
    44.334270587218));
#4837 = CARTESIAN_POINT('',(138.73651935474,127.46270228823,
    44.167229116542));
#4838 = CARTESIAN_POINT('',(159.74172951971,142.62689597304,
    43.989987645865));
#4839 = CARTESIAN_POINT('',(160.95055013526,143.49957421812,
    43.979787645865));
#4840 = CARTESIAN_POINT('',(162.1593707508,144.3722524632,
    43.969587645865));
#4841 = CARTESIAN_POINT('',(163.36819136635,145.24493070828,
    43.959387645865));
#4842 = CARTESIAN_POINT('',(164.57701198189,146.11760895336,
    43.949187645865));
#4843 = CARTESIAN_POINT('',(165.78583259743,146.99028719844,
    43.938987645865));
#4844 = CARTESIAN_POINT('',(32.546008386552,50.801080568507,
    53.060825687376));
#4845 = CARTESIAN_POINT('',(33.754829002096,51.673758813587,
    53.050625687376));
#4846 = CARTESIAN_POINT('',(34.96364961764,52.546437058667,
    53.040425687376));
#4847 = CARTESIAN_POINT('',(36.172470233184,53.419115303747,
    53.030225687376));
#4848 = CARTESIAN_POINT('',(37.381290848728,54.291793548827,
    53.020025687376));
#4849 = CARTESIAN_POINT('',(38.590111464272,55.164471793906,
    53.009825687376));
#4850 = CARTESIAN_POINT('',(59.59532162925,70.328665478719,52.8325842167
    ));
#4851 = CARTESIAN_POINT('',(79.391711178683,84.620180918452,
    52.665542746023));
#4852 = CARTESIAN_POINT('',(99.188100728117,98.911696358185,
    52.498501275347));
#4853 = CARTESIAN_POINT('',(118.98449027755,113.20321179791,
    52.331459804671));
#4854 = CARTESIAN_POINT('',(138.78087982698,127.49472723765,
    52.164418333995));
#4855 = CARTESIAN_POINT('',(159.78608999196,142.65892092246,
    51.987176863318));
#4856 = CARTESIAN_POINT('',(160.9949106075,143.53159916754,
    51.976976863318));
#4857 = CARTESIAN_POINT('',(162.20373122304,144.40427741262,
    51.966776863318));
#4858 = CARTESIAN_POINT('',(163.41255183859,145.2769556577,
    51.956576863318));
#4859 = CARTESIAN_POINT('',(164.62137245413,146.14963390278,
    51.946376863318));
#4860 = CARTESIAN_POINT('',(165.83019306968,147.02231214786,
    51.936176863318));
#4861 = CARTESIAN_POINT('',(37.227145812463,44.316870952253,
    53.063448824057));
#4862 = CARTESIAN_POINT('',(38.435966428007,45.189549197333,
    53.053248824057));
#4863 = CARTESIAN_POINT('',(39.644787043551,46.062227442413,
    53.043048824057));
#4864 = CARTESIAN_POINT('',(40.853607659095,46.934905687493,
    53.032848824057));
#4865 = CARTESIAN_POINT('',(42.062428274639,47.807583932573,
    53.022648824057));
#4866 = CARTESIAN_POINT('',(43.271248890183,48.680262177653,
    53.012448824057));
#4867 = CARTESIAN_POINT('',(64.276459055161,63.844455862465,
    52.835207353381));
#4868 = CARTESIAN_POINT('',(84.072848604594,78.135971302198,
    52.668165882705));
#4869 = CARTESIAN_POINT('',(103.86923815402,92.427486741931,
    52.501124412029));
#4870 = CARTESIAN_POINT('',(123.66562770346,106.71900218166,
    52.334082941352));
#4871 = CARTESIAN_POINT('',(143.46201725289,121.01051762139,
    52.167041470676));
#4872 = CARTESIAN_POINT('',(164.46722741787,136.1747113062,51.9898));
#4873 = CARTESIAN_POINT('',(165.67604803341,137.04738955128,51.9796));
#4874 = CARTESIAN_POINT('',(166.88486864896,137.92006779636,51.9694));
#4875 = CARTESIAN_POINT('',(168.0936892645,138.79274604144,51.9592));
#4876 = CARTESIAN_POINT('',(169.30250988004,139.66542428652,51.949));
#4877 = CARTESIAN_POINT('',(170.51133049559,140.5381025316,51.9388));
#4878 = ADVANCED_FACE('',(#4879),#4911,.T.);
#4879 = FACE_BOUND('',#4880,.T.);
#4880 = EDGE_LOOP('',(#4881,#4882,#4883,#4905));
#4881 = ORIENTED_EDGE('',*,*,#4776,.F.);
#4882 = ORIENTED_EDGE('',*,*,#788,.T.);
#4883 = ORIENTED_EDGE('',*,*,#4884,.T.);
#4884 = EDGE_CURVE('',#705,#4885,#4887,.T.);
#4885 = VERTEX_POINT('',#4886);
#4886 = CARTESIAN_POINT('',(168.23814176411,129.05764292697,52.));
#4887 = B_SPLINE_CURVE_WITH_KNOTS('',6,(#4888,#4889,#4890,#4891,#4892,
    #4893,#4894,#4895,#4896,#4897,#4898,#4899,#4900,#4901,#4902,#4903,
    #4904),.UNSPECIFIED.,.F.,.F.,(7,5,5,7),(-8.890959613726,
    5.471370022866E-02,146.55455944062,155.50023275457),.UNSPECIFIED.);
#4888 = CARTESIAN_POINT('',(51.489573726629,26.432352029116,
    53.063448824057));
#4889 = CARTESIAN_POINT('',(52.609359998468,27.416675809892,
    53.053248824057));
#4890 = CARTESIAN_POINT('',(53.729146270306,28.400999590668,
    53.043048824057));
#4891 = CARTESIAN_POINT('',(54.848932542145,29.385323371444,
    53.032848824057));
#4892 = CARTESIAN_POINT('',(55.968718813984,30.369647152221,
    53.022648824057));
#4893 = CARTESIAN_POINT('',(57.088505085822,31.353970932997,
    53.012448824057));
#4894 = CARTESIAN_POINT('',(76.546599758737,48.45818608264,
    52.835207353381));
#4895 = CARTESIAN_POINT('',(94.884908159812,64.578077451506,
    52.668165882705));
#4896 = CARTESIAN_POINT('',(113.22321656088,80.697968820374,
    52.501124412029));
#4897 = CARTESIAN_POINT('',(131.56152496196,96.81786018924,
    52.334082941352));
#4898 = CARTESIAN_POINT('',(149.89983336304,112.9377515581,
    52.167041470676));
#4899 = CARTESIAN_POINT('',(169.35792803595,130.04196670775,51.9898));
#4900 = CARTESIAN_POINT('',(170.47771430779,131.02629048852,51.9796));
#4901 = CARTESIAN_POINT('',(171.59750057963,132.0106142693,51.9694));
#4902 = CARTESIAN_POINT('',(172.71728685147,132.99493805007,51.9592));
#4903 = CARTESIAN_POINT('',(173.83707312331,133.97926183085,51.949));
#4904 = CARTESIAN_POINT('',(174.95685939514,134.96358561163,51.9388));
#4905 = ORIENTED_EDGE('',*,*,#4906,.F.);
#4906 = EDGE_CURVE('',#4777,#4885,#4907,.T.);
#4907 = LINE('',#4908,#4909);
#4908 = CARTESIAN_POINT('',(158.26639666091,141.56181578366,52.));
#4909 = VECTOR('',#4910,1.);
#4910 = DIRECTION('',(0.623489801859,-0.781831482468,0.));
#4911 = B_SPLINE_SURFACE_WITH_KNOTS('',1,1,(
    (#4912,#4913)
    ,(#4914,#4915
    )),.UNSPECIFIED.,.F.,.F.,.F.,(2,2),(2,2),(0.,38.),(0.,1.),
  .PIECEWISE_BEZIER_KNOTS.);
#4912 = CARTESIAN_POINT('',(39.754571607574,56.005125089569,53.));
#4913 = CARTESIAN_POINT('',(158.26639666091,141.56181578366,52.));
#4914 = CARTESIAN_POINT('',(63.447184078206,26.295528755784,53.));
#4915 = CARTESIAN_POINT('',(173.23015190552,122.79786020443,52.));
#4916 = ADVANCED_FACE('',(#4917),#4982,.T.);
#4917 = FACE_BOUND('',#4918,.T.);
#4918 = EDGE_LOOP('',(#4919,#4920,#4921,#4931,#4953));
#4919 = ORIENTED_EDGE('',*,*,#4884,.F.);
#4920 = ORIENTED_EDGE('',*,*,#704,.T.);
#4921 = ORIENTED_EDGE('',*,*,#4922,.F.);
#4922 = EDGE_CURVE('',#4923,#696,#4925,.T.);
#4923 = VERTEX_POINT('',#4924);
#4924 = CARTESIAN_POINT('',(70.791048001746,32.75099269968,
    44.935542086678));
#4925 = B_SPLINE_CURVE_WITH_KNOTS('',4,(#4926,#4927,#4928,#4929,#4930),
  .UNSPECIFIED.,.F.,.F.,(5,5),(0.,1.),.PIECEWISE_BEZIER_KNOTS.);
#4926 = CARTESIAN_POINT('',(70.791048001746,32.75099269968,
    44.935542086678));
#4927 = CARTESIAN_POINT('',(70.791048001746,32.75099269968,
    44.951630579922));
#4928 = CARTESIAN_POINT('',(70.791029111937,32.751033529873,
    44.967736641404));
#4929 = CARTESIAN_POINT('',(70.790991239032,32.751115391903,
    44.983860055065));
#4930 = CARTESIAN_POINT('',(70.790934290293,32.751238485093,45.0000006)
  );
#4931 = ORIENTED_EDGE('',*,*,#4932,.T.);
#4932 = EDGE_CURVE('',#4923,#4933,#4935,.T.);
#4933 = VERTEX_POINT('',#4934);
#4934 = CARTESIAN_POINT('',(173.23015190552,122.79786020443,
    44.002436469923));
#4935 = B_SPLINE_CURVE_WITH_KNOTS('',6,(#4936,#4937,#4938,#4939,#4940,
    #4941,#4942,#4943,#4944,#4945,#4946,#4947,#4948,#4949,#4950,#4951,
    #4952),.UNSPECIFIED.,.F.,.F.,(7,5,5,7),(-8.890959613726,
    5.471370022866E-02,146.55455944062,155.50023275457),.UNSPECIFIED.);
#4936 = CARTESIAN_POINT('',(56.728466447174,20.389586071126,
    45.063636469923));
#4937 = CARTESIAN_POINT('',(57.848252719012,21.373909851903,
    45.053436469923));
#4938 = CARTESIAN_POINT('',(58.968038990851,22.358233632679,
    45.043236469923));
#4939 = CARTESIAN_POINT('',(60.08782526269,23.342557413455,
    45.033036469923));
#4940 = CARTESIAN_POINT('',(61.207611534529,24.326881194231,
    45.022836469923));
#4941 = CARTESIAN_POINT('',(62.327397806367,25.311204975008,
    45.012636469923));
#4942 = CARTESIAN_POINT('',(81.785492479282,42.415420124651,
    44.835394999247));
#4943 = CARTESIAN_POINT('',(100.12380088035,58.535311493517,
    44.66835352857));
#4944 = CARTESIAN_POINT('',(118.46210928143,74.655202862385,
    44.501312057894));
#4945 = CARTESIAN_POINT('',(136.8004176825,90.775094231251,
    44.334270587218));
#4946 = CARTESIAN_POINT('',(155.13872608358,106.89498560011,
    44.167229116542));
#4947 = CARTESIAN_POINT('',(174.5968207565,123.99920074976,
    43.989987645865));
#4948 = CARTESIAN_POINT('',(175.71660702833,124.98352453053,
    43.979787645865));
#4949 = CARTESIAN_POINT('',(176.83639330017,125.96784831131,
    43.969587645865));
#4950 = CARTESIAN_POINT('',(177.95617957201,126.95217209209,
    43.959387645865));
#4951 = CARTESIAN_POINT('',(179.07596584385,127.93649587286,
    43.949187645865));
#4952 = CARTESIAN_POINT('',(180.19575211569,128.92081965364,
    43.938987645865));
#4953 = ORIENTED_EDGE('',*,*,#4954,.F.);
#4954 = EDGE_CURVE('',#4885,#4933,#4955,.T.);
#4955 = B_SPLINE_CURVE_WITH_KNOTS('',7,(#4956,#4957,#4958,#4959,#4960,
    #4961,#4962,#4963,#4964,#4965,#4966,#4967,#4968,#4969,#4970,#4971,
    #4972,#4973,#4974,#4975,#4976,#4977,#4978,#4979,#4980,#4981),
  .UNSPECIFIED.,.F.,.F.,(8,6,6,6,8),(0.,0.250659808959,0.502734278618,
    0.752805092061,1.),.UNSPECIFIED.);
#4956 = CARTESIAN_POINT('',(168.23814176411,129.05764292697,52.));
#4957 = CARTESIAN_POINT('',(168.49115824764,128.74037029184,52.));
#4958 = CARTESIAN_POINT('',(168.75032718792,128.41538271998,
    51.976038012297));
#4959 = CARTESIAN_POINT('',(169.01432609391,128.08433856269,
    51.926019069728));
#4960 = CARTESIAN_POINT('',(169.28150624634,127.74930524852,
    51.848056499325));
#4961 = CARTESIAN_POINT('',(169.54988911782,127.41276377239,
    51.740688906237));
#4962 = CARTESIAN_POINT('',(169.81723950889,127.07751698573,
    51.60306306033));
#4963 = CARTESIAN_POINT('',(170.34668110495,126.41361822316,
    51.266154271729));
#4964 = CARTESIAN_POINT('',(170.60873497745,126.08501306071,
    51.066526262358));
#4965 = CARTESIAN_POINT('',(170.86499405054,125.76367434689,
    50.836096887615));
#4966 = CARTESIAN_POINT('',(171.1129673649,125.45272564588,
    50.575519111097));
#4967 = CARTESIAN_POINT('',(171.35020318705,125.15524133424,
    50.286321243131));
#4968 = CARTESIAN_POINT('',(171.5745043658,124.87397655239,
    49.970857908884));
#4969 = CARTESIAN_POINT('',(171.99194594164,124.350521373,
    49.296006660072));
#4970 = CARTESIAN_POINT('',(172.18532067017,124.10803713311,
    48.936986505359));
#4971 = CARTESIAN_POINT('',(172.3624123347,123.88597120966,
    48.557912531686));
#4972 = CARTESIAN_POINT('',(172.52182341969,123.6860760317,
    48.162254993284));
#4973 = CARTESIAN_POINT('',(172.66265961557,123.50947302797,
    47.75386191538));
#4974 = CARTESIAN_POINT('',(172.78455447629,123.35662170725,
    47.336628269384));
#4975 = CARTESIAN_POINT('',(172.98945095084,123.09968965484,
    46.496773049477));
#4976 = CARTESIAN_POINT('',(173.07288457007,122.9950672055,
    46.074267295104));
#4977 = CARTESIAN_POINT('',(173.13797816276,122.91344242203,
    45.650344392517));
#4978 = CARTESIAN_POINT('',(173.18525775945,122.854155683,
    45.228422804932));
#4979 = CARTESIAN_POINT('',(173.21560532617,122.81610103799,
    44.811528946167));
#4980 = CARTESIAN_POINT('',(173.23015190552,122.79786020443,
    44.402189431421));
#4981 = CARTESIAN_POINT('',(173.23015190552,122.79786020443,
    44.002436469923));
#4982 = ( BOUNDED_SURFACE() B_SPLINE_SURFACE(2,6,(
    (#4983,#4984,#4985,#4986,#4987,#4988,#4989,#4990,#4991,#4992,#4993
      ,#4994,#4995,#4996,#4997,#4998,#4999)
    ,(#5000,#5001,#5002,#5003,#5004,#5005,#5006,#5007,#5008,#5009,#5010
      ,#5011,#5012,#5013,#5014,#5015,#5016)
    ,(#5017,#5018,#5019,#5020,#5021,#5022,#5023,#5024,#5025,#5026,#5027
      ,#5028,#5029,#5030,#5031,#5032,#5033
)),.UNSPECIFIED.,.F.,.F.,.F.) B_SPLINE_SURFACE_WITH_KNOTS((3,3),(7,5,5,7
    ),(0.,146.49984574039),(-8.890959613726,5.471370022866E-02,
    146.55455944062,155.50023275457),.UNSPECIFIED.) 
GEOMETRIC_REPRESENTATION_ITEM() RATIONAL_B_SPLINE_SURFACE((
    (1.,1.,1.,1.,1.,1.,1.,1.,1.,1.,1.,1.,1.,1.,1.,1.,1.)
    ,(0.707222739782,0.707222739782,0.707222739782,0.707222739782
      ,0.707222739782,0.707222739782,0.707222739782,0.707222739782
      ,0.707222739782,0.707222739782,0.707222739782,0.707222739782
      ,0.707222739782,0.707222739782,0.707222739782,0.707222739782
      ,0.707222739782)
    ,(1.,1.,1.,1.,1.,1.,1.,1.,1.,1.,1.,1.,1.,1.,1.,1.,1.
))) REPRESENTATION_ITEM('') SURFACE() );
#4983 = CARTESIAN_POINT('',(51.489573726629,26.432352029116,
    53.063448824057));
#4984 = CARTESIAN_POINT('',(52.609359998468,27.416675809892,
    53.053248824057));
#4985 = CARTESIAN_POINT('',(53.729146270306,28.400999590668,
    53.043048824057));
#4986 = CARTESIAN_POINT('',(54.848932542145,29.385323371444,
    53.032848824057));
#4987 = CARTESIAN_POINT('',(55.968718813984,30.369647152221,
    53.022648824057));
#4988 = CARTESIAN_POINT('',(57.088505085822,31.353970932997,
    53.012448824057));
#4989 = CARTESIAN_POINT('',(76.546599758737,48.45818608264,
    52.835207353381));
#4990 = CARTESIAN_POINT('',(94.884908159812,64.578077451506,
    52.668165882705));
#4991 = CARTESIAN_POINT('',(113.22321656088,80.697968820374,
    52.501124412029));
#4992 = CARTESIAN_POINT('',(131.56152496196,96.81786018924,
    52.334082941352));
#4993 = CARTESIAN_POINT('',(149.89983336304,112.9377515581,
    52.167041470676));
#4994 = CARTESIAN_POINT('',(169.35792803595,130.04196670775,51.9898));
#4995 = CARTESIAN_POINT('',(170.47771430779,131.02629048852,51.9796));
#4996 = CARTESIAN_POINT('',(171.59750057963,132.0106142693,51.9694));
#4997 = CARTESIAN_POINT('',(172.71728685147,132.99493805007,51.9592));
#4998 = CARTESIAN_POINT('',(173.83707312331,133.97926183085,51.949));
#4999 = CARTESIAN_POINT('',(174.95685939514,134.96358561163,51.9388));
#5000 = CARTESIAN_POINT('',(56.769559597961,20.425708112059,
    53.060825687376));
#5001 = CARTESIAN_POINT('',(57.8893458698,21.410031892835,
    53.050625687376));
#5002 = CARTESIAN_POINT('',(59.009132141638,22.394355673611,
    53.040425687376));
#5003 = CARTESIAN_POINT('',(60.128918413477,23.378679454387,
    53.030225687376));
#5004 = CARTESIAN_POINT('',(61.248704685316,24.363003235164,
    53.020025687376));
#5005 = CARTESIAN_POINT('',(62.368490957154,25.34732701594,
    53.009825687376));
#5006 = CARTESIAN_POINT('',(81.826585630069,42.451542165583,
    52.832584216699));
#5007 = CARTESIAN_POINT('',(100.16489403114,58.57143353445,
    52.665542746023));
#5008 = CARTESIAN_POINT('',(118.50320243222,74.691324903317,
    52.498501275347));
#5009 = CARTESIAN_POINT('',(136.84151083329,90.811216272183,
    52.331459804671));
#5010 = CARTESIAN_POINT('',(155.17981923437,106.93110764105,
    52.164418333995));
#5011 = CARTESIAN_POINT('',(174.63791390728,124.03532279069,
    51.987176863318));
#5012 = CARTESIAN_POINT('',(175.75770017912,125.01964657146,
    51.976976863318));
#5013 = CARTESIAN_POINT('',(176.87748645096,126.00397035224,
    51.966776863318));
#5014 = CARTESIAN_POINT('',(177.9972727228,126.98829413302,
    51.956576863318));
#5015 = CARTESIAN_POINT('',(179.11705899464,127.97261791379,
    51.946376863318));
#5016 = CARTESIAN_POINT('',(180.23684526648,128.95694169457,
    51.936176863318));
#5017 = CARTESIAN_POINT('',(56.728466447174,20.389586071126,
    45.063636469923));
#5018 = CARTESIAN_POINT('',(57.848252719012,21.373909851903,
    45.053436469923));
#5019 = CARTESIAN_POINT('',(58.968038990851,22.358233632679,
    45.043236469923));
#5020 = CARTESIAN_POINT('',(60.08782526269,23.342557413455,
    45.033036469923));
#5021 = CARTESIAN_POINT('',(61.207611534529,24.326881194231,
    45.022836469923));
#5022 = CARTESIAN_POINT('',(62.327397806367,25.311204975008,
    45.012636469923));
#5023 = CARTESIAN_POINT('',(81.785492479282,42.415420124651,
    44.835394999247));
#5024 = CARTESIAN_POINT('',(100.12380088035,58.535311493517,
    44.66835352857));
#5025 = CARTESIAN_POINT('',(118.46210928143,74.655202862385,
    44.501312057894));
#5026 = CARTESIAN_POINT('',(136.8004176825,90.775094231251,
    44.334270587218));
#5027 = CARTESIAN_POINT('',(155.13872608358,106.89498560011,
    44.167229116542));
#5028 = CARTESIAN_POINT('',(174.5968207565,123.99920074976,
    43.989987645865));
#5029 = CARTESIAN_POINT('',(175.71660702833,124.98352453053,
    43.979787645865));
#5030 = CARTESIAN_POINT('',(176.83639330017,125.96784831131,
    43.969587645865));
#5031 = CARTESIAN_POINT('',(177.95617957201,126.95217209209,
    43.959387645865));
#5032 = CARTESIAN_POINT('',(179.07596584385,127.93649587286,
    43.949187645865));
#5033 = CARTESIAN_POINT('',(180.19575211569,128.92081965364,
    43.938987645865));
#5034 = ADVANCED_FACE('',(#5035),#5067,.T.);
#5035 = FACE_BOUND('',#5036,.T.);
#5036 = EDGE_LOOP('',(#5037,#5047,#5056,#5064,#5065,#5066));
#5037 = ORIENTED_EDGE('',*,*,#5038,.T.);
#5038 = EDGE_CURVE('',#3129,#5039,#5041,.T.);
#5039 = VERTEX_POINT('',#5040);
#5040 = CARTESIAN_POINT('',(77.990653548108,1.207459787736,43.));
#5041 = B_SPLINE_CURVE_WITH_KNOTS('',4,(#5042,#5043,#5044,#5045,#5046),
  .UNSPECIFIED.,.F.,.F.,(5,5),(0.,1.),.PIECEWISE_BEZIER_KNOTS.);
#5042 = CARTESIAN_POINT('',(77.990653548108,1.207459787736,
    44.935542686678));
#5043 = CARTESIAN_POINT('',(77.990653548108,1.207459787736,
    44.451656865009));
#5044 = CARTESIAN_POINT('',(77.990653548108,1.207459787736,
    43.967771043339));
#5045 = CARTESIAN_POINT('',(77.990653548108,1.207459787736,
    43.48388522167));
#5046 = CARTESIAN_POINT('',(77.990653548108,1.207459787736,42.9999994));
#5047 = ORIENTED_EDGE('',*,*,#5048,.T.);
#5048 = EDGE_CURVE('',#5039,#5049,#5051,.T.);
#5049 = VERTEX_POINT('',#5050);
#5050 = CARTESIAN_POINT('',(70.791048001746,32.75099269968,43.));
#5051 = CIRCLE('',#5052,78.);
#5052 = AXIS2_PLACEMENT_3D('',#5053,#5054,#5055);
#5053 = CARTESIAN_POINT('',(0.,0.,43.));
#5054 = DIRECTION('',(0.,0.,1.));
#5055 = DIRECTION('',(1.,0.,-0.));
#5056 = ORIENTED_EDGE('',*,*,#5057,.T.);
#5057 = EDGE_CURVE('',#5049,#4923,#5058,.T.);
#5058 = B_SPLINE_CURVE_WITH_KNOTS('',4,(#5059,#5060,#5061,#5062,#5063),
  .UNSPECIFIED.,.F.,.F.,(5,5),(0.,1.),.PIECEWISE_BEZIER_KNOTS.);
#5059 = CARTESIAN_POINT('',(70.791048001746,32.75099269968,42.9999994));
#5060 = CARTESIAN_POINT('',(70.791048001746,32.75099269968,
    43.48388522167));
#5061 = CARTESIAN_POINT('',(70.791048001746,32.75099269968,
    43.967771043339));
#5062 = CARTESIAN_POINT('',(70.791048001746,32.75099269968,
    44.451656865009));
#5063 = CARTESIAN_POINT('',(70.791048001746,32.75099269968,
    44.935542686678));
#5064 = ORIENTED_EDGE('',*,*,#4922,.T.);
#5065 = ORIENTED_EDGE('',*,*,#695,.F.);
#5066 = ORIENTED_EDGE('',*,*,#3152,.T.);
#5067 = CYLINDRICAL_SURFACE('',#5068,78.);
#5068 = AXIS2_PLACEMENT_3D('',#5069,#5070,#5071);
#5069 = CARTESIAN_POINT('',(0.,0.,35.));
#5070 = DIRECTION('',(0.,0.,1.));
#5071 = DIRECTION('',(1.,0.,-0.));
#5072 = ADVANCED_FACE('',(#5073,#5076,#5096,#5116,#5127,#5138,#5149),
  #5178,.T.);
#5073 = FACE_BOUND('',#5074,.T.);
#5074 = EDGE_LOOP('',(#5075));
#5075 = ORIENTED_EDGE('',*,*,#664,.T.);
#5076 = FACE_BOUND('',#5077,.T.);
#5077 = EDGE_LOOP('',(#5078,#5089));
#5078 = ORIENTED_EDGE('',*,*,#5079,.F.);
#5079 = EDGE_CURVE('',#5080,#5082,#5084,.T.);
#5080 = VERTEX_POINT('',#5081);
#5081 = CARTESIAN_POINT('',(-19.91597412837,-45.30495168499,53.));
#5082 = VERTEX_POINT('',#5083);
#5083 = CARTESIAN_POINT('',(-31.26229818386,-58.19934410459,53.));
#5084 = CIRCLE('',#5085,13.);
#5085 = AXIS2_PLACEMENT_3D('',#5086,#5087,#5088);
#5086 = CARTESIAN_POINT('',(-32.91597412837,-45.30495168499,53.));
#5087 = DIRECTION('',(0.,0.,1.));
#5088 = DIRECTION('',(1.,0.,-0.));
#5089 = ORIENTED_EDGE('',*,*,#5090,.F.);
#5090 = EDGE_CURVE('',#5082,#5080,#5091,.T.);
#5091 = CIRCLE('',#5092,13.);
#5092 = AXIS2_PLACEMENT_3D('',#5093,#5094,#5095);
#5093 = CARTESIAN_POINT('',(-32.91597412837,-45.30495168499,53.));
#5094 = DIRECTION('',(0.,0.,1.));
#5095 = DIRECTION('',(1.,0.,-0.));
#5096 = FACE_BOUND('',#5097,.T.);
#5097 = EDGE_LOOP('',(#5098,#5109));
#5098 = ORIENTED_EDGE('',*,*,#5099,.F.);
#5099 = EDGE_CURVE('',#5100,#5102,#5104,.T.);
#5100 = VERTEX_POINT('',#5101);
#5101 = CARTESIAN_POINT('',(45.915974128378,-45.30495168499,53.));
#5102 = VERTEX_POINT('',#5103);
#5103 = CARTESIAN_POINT('',(31.262298183861,-58.19934410459,53.));
#5104 = CIRCLE('',#5105,13.);
#5105 = AXIS2_PLACEMENT_3D('',#5106,#5107,#5108);
#5106 = CARTESIAN_POINT('',(32.915974128378,-45.30495168499,53.));
#5107 = DIRECTION('',(0.,0.,1.));
#5108 = DIRECTION('',(1.,0.,-0.));
#5109 = ORIENTED_EDGE('',*,*,#5110,.F.);
#5110 = EDGE_CURVE('',#5102,#5100,#5111,.T.);
#5111 = CIRCLE('',#5112,13.);
#5112 = AXIS2_PLACEMENT_3D('',#5113,#5114,#5115);
#5113 = CARTESIAN_POINT('',(32.915974128378,-45.30495168499,53.));
#5114 = DIRECTION('',(0.,0.,1.));
#5115 = DIRECTION('',(1.,0.,-0.));
#5116 = FACE_BOUND('',#5117,.T.);
#5117 = EDGE_LOOP('',(#5118));
#5118 = ORIENTED_EDGE('',*,*,#5119,.F.);
#5119 = EDGE_CURVE('',#5120,#5120,#5122,.T.);
#5120 = VERTEX_POINT('',#5121);
#5121 = CARTESIAN_POINT('',(28.55,-6.992733223131E-15,53.));
#5122 = CIRCLE('',#5123,28.55);
#5123 = AXIS2_PLACEMENT_3D('',#5124,#5125,#5126);
#5124 = CARTESIAN_POINT('',(0.,0.,53.));
#5125 = DIRECTION('',(0.,0.,1.));
#5126 = DIRECTION('',(1.,0.,-0.));
#5127 = FACE_BOUND('',#5128,.T.);
#5128 = EDGE_LOOP('',(#5129));
#5129 = ORIENTED_EDGE('',*,*,#5130,.F.);
#5130 = EDGE_CURVE('',#5131,#5131,#5133,.T.);
#5131 = VERTEX_POINT('',#5132);
#5132 = CARTESIAN_POINT('',(-40.25916491252,17.304951684997,53.));
#5133 = CIRCLE('',#5134,13.);
#5134 = AXIS2_PLACEMENT_3D('',#5135,#5136,#5137);
#5135 = CARTESIAN_POINT('',(-53.25916491252,17.304951684997,53.));
#5136 = DIRECTION('',(0.,0.,1.));
#5137 = DIRECTION('',(1.,0.,-0.));
#5138 = FACE_BOUND('',#5139,.T.);
#5139 = EDGE_LOOP('',(#5140));
#5140 = ORIENTED_EDGE('',*,*,#5141,.F.);
#5141 = EDGE_CURVE('',#5142,#5142,#5144,.T.);
#5142 = VERTEX_POINT('',#5143);
#5143 = CARTESIAN_POINT('',(66.259164912529,17.304951684997,53.));
#5144 = CIRCLE('',#5145,13.);
#5145 = AXIS2_PLACEMENT_3D('',#5146,#5147,#5148);
#5146 = CARTESIAN_POINT('',(53.259164912529,17.304951684997,53.));
#5147 = DIRECTION('',(0.,0.,1.));
#5148 = DIRECTION('',(1.,0.,-0.));
#5149 = FACE_BOUND('',#5150,.T.);
#5150 = EDGE_LOOP('',(#5151,#5162,#5171));
#5151 = ORIENTED_EDGE('',*,*,#5152,.F.);
#5152 = EDGE_CURVE('',#5153,#5155,#5157,.T.);
#5153 = VERTEX_POINT('',#5154);
#5154 = CARTESIAN_POINT('',(-8.306623862918,66.,53.));
#5155 = VERTEX_POINT('',#5156);
#5156 = CARTESIAN_POINT('',(13.,56.,53.));
#5157 = CIRCLE('',#5158,13.);
#5158 = AXIS2_PLACEMENT_3D('',#5159,#5160,#5161);
#5159 = CARTESIAN_POINT('',(3.429011037613E-15,56.,53.));
#5160 = DIRECTION('',(0.,0.,1.));
#5161 = DIRECTION('',(1.,0.,-0.));
#5162 = ORIENTED_EDGE('',*,*,#5163,.F.);
#5163 = EDGE_CURVE('',#5164,#5153,#5166,.T.);
#5164 = VERTEX_POINT('',#5165);
#5165 = CARTESIAN_POINT('',(8.306623862918,66.,53.));
#5166 = CIRCLE('',#5167,13.);
#5167 = AXIS2_PLACEMENT_3D('',#5168,#5169,#5170);
#5168 = CARTESIAN_POINT('',(3.429011037613E-15,56.,53.));
#5169 = DIRECTION('',(0.,0.,1.));
#5170 = DIRECTION('',(1.,0.,-0.));
#5171 = ORIENTED_EDGE('',*,*,#5172,.F.);
#5172 = EDGE_CURVE('',#5155,#5164,#5173,.T.);
#5173 = CIRCLE('',#5174,13.);
#5174 = AXIS2_PLACEMENT_3D('',#5175,#5176,#5177);
#5175 = CARTESIAN_POINT('',(3.429011037613E-15,56.,53.));
#5176 = DIRECTION('',(0.,0.,1.));
#5177 = DIRECTION('',(1.,0.,-0.));
#5178 = PLANE('',#5179);
#5179 = AXIS2_PLACEMENT_3D('',#5180,#5181,#5182);
#5180 = CARTESIAN_POINT('',(0.,0.,53.));
#5181 = DIRECTION('',(0.,0.,1.));
#5182 = DIRECTION('',(1.,0.,-0.));
#5183 = ADVANCED_FACE('',(#5184),#5236,.F.);
#5184 = FACE_BOUND('',#5185,.F.);
#5185 = EDGE_LOOP('',(#5186,#5194,#5195,#5196,#5197,#5198,#5199,#5207));
#5186 = ORIENTED_EDGE('',*,*,#5187,.F.);
#5187 = EDGE_CURVE('',#2894,#5188,#5190,.T.);
#5188 = VERTEX_POINT('',#5189);
#5189 = CARTESIAN_POINT('',(207.57217164063,-43.28624684471,34.));
#5190 = LINE('',#5191,#5192);
#5191 = CARTESIAN_POINT('',(204.01446617507,-58.87357294492,34.));
#5192 = VECTOR('',#5193,1.);
#5193 = DIRECTION('',(0.222520933956,0.974927912182,0.));
#5194 = ORIENTED_EDGE('',*,*,#2918,.T.);
#5195 = ORIENTED_EDGE('',*,*,#2128,.F.);
#5196 = ORIENTED_EDGE('',*,*,#2019,.F.);
#5197 = ORIENTED_EDGE('',*,*,#3271,.F.);
#5198 = ORIENTED_EDGE('',*,*,#3184,.F.);
#5199 = ORIENTED_EDGE('',*,*,#5200,.F.);
#5200 = EDGE_CURVE('',#5201,#3131,#5203,.T.);
#5201 = VERTEX_POINT('',#5202);
#5202 = CARTESIAN_POINT('',(209.35496859002,-35.47530305255,
    42.002811770456));
#5203 = LINE('',#5204,#5205);
#5204 = CARTESIAN_POINT('',(209.35496859002,-35.47530305255,34.));
#5205 = VECTOR('',#5206,1.);
#5206 = DIRECTION('',(0.,0.,1.));
#5207 = ORIENTED_EDGE('',*,*,#5208,.F.);
#5208 = EDGE_CURVE('',#5188,#5201,#5209,.T.);
#5209 = B_SPLINE_CURVE_WITH_KNOTS('',7,(#5210,#5211,#5212,#5213,#5214,
    #5215,#5216,#5217,#5218,#5219,#5220,#5221,#5222,#5223,#5224,#5225,
    #5226,#5227,#5228,#5229,#5230,#5231,#5232,#5233,#5234,#5235),
  .UNSPECIFIED.,.F.,.F.,(8,6,6,6,8),(0.,0.249928743903,0.50000257361,
    0.75007469467,1.),.UNSPECIFIED.);
#5210 = CARTESIAN_POINT('',(207.57217164063,-43.28624684471,34.));
#5211 = CARTESIAN_POINT('',(207.66223864036,-42.89163753561,34.));
#5212 = CARTESIAN_POINT('',(207.75449455032,-42.48743798423,
    34.023838195587));
#5213 = CARTESIAN_POINT('',(207.84847141355,-42.07569844391,
    34.073594322343));
#5214 = CARTESIAN_POINT('',(207.94358597133,-41.65897433805,
    34.15114205148));
#5215 = CARTESIAN_POINT('',(208.03913833765,-41.24033206768,
    34.257934940985));
#5216 = CARTESIAN_POINT('',(208.13433765516,-40.82323660517,
    34.394825659662));
#5217 = CARTESIAN_POINT('',(208.32242638804,-39.99916602272,
    34.729108307305));
#5218 = CARTESIAN_POINT('',(208.41531472823,-39.59219561344,
    34.926536733981));
#5219 = CARTESIAN_POINT('',(208.50618875601,-39.19405048344,
    35.154311976587));
#5220 = CARTESIAN_POINT('',(208.59417950065,-38.8085378423,
    35.41181077776));
#5221 = CARTESIAN_POINT('',(208.67843046674,-38.43941024153,
    35.69756177427));
#5222 = CARTESIAN_POINT('',(208.75817149245,-38.09004198063,
    36.009289745989));
#5223 = CARTESIAN_POINT('',(208.90735596129,-37.43642211597,
    36.6789651319));
#5224 = CARTESIAN_POINT('',(208.97679976347,-37.13216893913,
    37.036913526281));
#5225 = CARTESIAN_POINT('',(209.04045686384,-36.85326895945,
    37.415107423275));
#5226 = CARTESIAN_POINT('',(209.09782034473,-36.60194312836,
    37.810089797611));
#5227 = CARTESIAN_POINT('',(209.14856235119,-36.37962787228,
    38.21801591371));
#5228 = CARTESIAN_POINT('',(209.1925439735,-36.18693179441,
    38.634984884272));
#5229 = CARTESIAN_POINT('',(209.26701270482,-35.8606629645,
    39.479299588322));
#5230 = CARTESIAN_POINT('',(209.29750803953,-35.72705417332,
    39.906640440958));
#5231 = CARTESIAN_POINT('',(209.32129845905,-35.622821535,
    40.335566432024));
#5232 = CARTESIAN_POINT('',(209.3385738871,-35.54713293931,
    40.762527272485));
#5233 = CARTESIAN_POINT('',(209.34965812813,-35.4985697063,
    41.184381054575));
#5234 = CARTESIAN_POINT('',(209.35496859002,-35.47530305255,
    41.59850945184));
#5235 = CARTESIAN_POINT('',(209.35496859002,-35.47530305255,
    42.002811770456));
#5236 = PLANE('',#5237);
#5237 = AXIS2_PLACEMENT_3D('',#5238,#5239,#5240);
#5238 = CARTESIAN_POINT('',(204.01446617507,-58.87357294492,34.));
#5239 = DIRECTION('',(-0.974927912182,0.222520933956,0.));
#5240 = DIRECTION('',(0.178016747165,0.779942329745,0.6));
#5241 = ADVANCED_FACE('',(#5242),#5267,.T.);
#5242 = FACE_BOUND('',#5243,.T.);
#5243 = EDGE_LOOP('',(#5244,#5245,#5246,#5247));
#5244 = ORIENTED_EDGE('',*,*,#2757,.T.);
#5245 = ORIENTED_EDGE('',*,*,#2142,.T.);
#5246 = ORIENTED_EDGE('',*,*,#3002,.F.);
#5247 = ORIENTED_EDGE('',*,*,#5248,.F.);
#5248 = EDGE_CURVE('',#2731,#3003,#5249,.T.);
#5249 = B_SPLINE_CURVE_WITH_KNOTS('',6,(#5250,#5251,#5252,#5253,#5254,
    #5255,#5256,#5257,#5258,#5259,#5260,#5261,#5262,#5263,#5264,#5265,
    #5266),.UNSPECIFIED.,.F.,.F.,(7,5,5,7),(-9.000422918949,
    -5.47496049944E-02,146.55481105679,155.50048437074),.UNSPECIFIED.);
#5250 = CARTESIAN_POINT('',(14.264581955516,-55.98164027425,
    35.064199416322));
#5251 = CARTESIAN_POINT('',(14.975050796978,-57.29238381336,
    35.053999416322));
#5252 = CARTESIAN_POINT('',(15.68551963844,-58.60312735247,
    35.043799416322));
#5253 = CARTESIAN_POINT('',(16.395988479902,-59.91387089157,
    35.033599416322));
#5254 = CARTESIAN_POINT('',(17.106457321365,-61.22461443068,
    35.023399416322));
#5255 = CARTESIAN_POINT('',(17.816926162827,-62.53535796979,
    35.013199416322));
#5256 = CARTESIAN_POINT('',(30.171183130126,-85.3277192323,
    34.835832846935));
#5257 = CARTESIAN_POINT('',(41.814971255964,-106.8093369557,
    34.668666277548));
#5258 = CARTESIAN_POINT('',(53.458759381802,-128.2909546791,
    34.501499708161));
#5259 = CARTESIAN_POINT('',(65.10254750764,-149.7725724025,
    34.334333138774));
#5260 = CARTESIAN_POINT('',(76.746335633477,-171.2541901259,
    34.167166569387));
#5261 = CARTESIAN_POINT('',(89.100592600777,-194.0465513884,33.9898));
#5262 = CARTESIAN_POINT('',(89.811061442239,-195.3572949275,33.9796));
#5263 = CARTESIAN_POINT('',(90.521530283701,-196.6680384666,33.9694));
#5264 = CARTESIAN_POINT('',(91.231999125163,-197.9787820057,33.9592));
#5265 = CARTESIAN_POINT('',(91.942467966626,-199.2895255448,33.949));
#5266 = CARTESIAN_POINT('',(92.652936808088,-200.6002690839,33.9388));
#5267 = B_SPLINE_SURFACE_WITH_KNOTS('',1,1,(
    (#5268,#5269)
    ,(#5270,#5271
    )),.UNSPECIFIED.,.F.,.F.,.F.,(2,2),(2,2),(0.,38.),(0.,1.),
  .PIECEWISE_BEZIER_KNOTS.);
#5268 = CARTESIAN_POINT('',(11.517918291613,-67.70773632479,35.));
#5269 = CARTESIAN_POINT('',(81.171726278093,-196.2120048647,34.));
#5270 = CARTESIAN_POINT('',(45.754735271905,-51.22015423832,35.));
#5271 = CARTESIAN_POINT('',(102.79497910775,-185.7987951259,34.));
#5272 = ADVANCED_FACE('',(#5273),#5362,.T.);
#5273 = FACE_BOUND('',#5274,.F.);
#5274 = EDGE_LOOP('',(#5275,#5354,#5361));
#5275 = ORIENTED_EDGE('',*,*,#5276,.F.);
#5276 = EDGE_CURVE('',#5277,#2294,#5279,.T.);
#5277 = VERTEX_POINT('',#5278);
#5278 = CARTESIAN_POINT('',(76.354934521322,0.,38.140493108379));
#5279 = B_SPLINE_CURVE_WITH_KNOTS('',7,(#5280,#5281,#5282,#5283,#5284,
    #5285,#5286,#5287,#5288,#5289,#5290,#5291,#5292,#5293,#5294,#5295,
    #5296,#5297,#5298,#5299,#5300,#5301,#5302,#5303,#5304,#5305,#5306,
    #5307,#5308,#5309,#5310,#5311,#5312,#5313,#5314,#5315,#5316,#5317,
    #5318,#5319,#5320,#5321,#5322,#5323,#5324,#5325,#5326,#5327,#5328,
    #5329,#5330,#5331,#5332,#5333,#5334,#5335,#5336,#5337,#5338,#5339,
    #5340,#5341,#5342,#5343,#5344,#5345,#5346,#5347,#5348,#5349,#5350,
    #5351,#5352,#5353),.UNSPECIFIED.,.F.,.F.,(8,6,6,6,6,6,6,6,6,6,6,6,8)
  ,(0.,0.229166596227,0.456965509749,0.68892869192,0.806159646911,
    0.863706816135,0.919704875378,0.955532829292,0.976360069948,
    0.987802728633,0.993844396248,0.995987686883,1.),.UNSPECIFIED.);
#5280 = CARTESIAN_POINT('',(76.354934521322,0.,38.140493108379));
#5281 = CARTESIAN_POINT('',(76.213661860187,-0.105164219692,
    37.955746274762));
#5282 = CARTESIAN_POINT('',(76.065607033152,-0.215268341271,
    37.775336532047));
#5283 = CARTESIAN_POINT('',(75.910970405307,-0.330124088121,
    37.59968134509));
#5284 = CARTESIAN_POINT('',(75.749995254454,-0.449508566358,
    37.429175347336));
#5285 = CARTESIAN_POINT('',(75.582962361252,-0.573168266872,
    37.264184171047));
#5286 = CARTESIAN_POINT('',(75.410184599364,-0.700823067361,
    37.105038277519));
#5287 = CARTESIAN_POINT('',(75.05488186122,-0.962733512063,
    36.79992848067));
#5288 = CARTESIAN_POINT('',(74.872420919031,-1.096945327021,
    36.653891649816));
#5289 = CARTESIAN_POINT('',(74.684951588343,-1.234508801077,
    36.51420070462));
#5290 = CARTESIAN_POINT('',(74.492830392615,-1.375105415798,
    36.38110073628));
#5291 = CARTESIAN_POINT('',(74.296431024405,-1.518400551213,
    36.254793342087));
#5292 = CARTESIAN_POINT('',(74.096132457757,-1.664047834397,
    36.135434745617));
#5293 = CARTESIAN_POINT('',(73.68474469741,-1.962035769964,
    35.908784810389));
#5294 = CARTESIAN_POINT('',(73.473525411861,-2.114450099285,
    35.801753989489));
#5295 = CARTESIAN_POINT('',(73.25902926315,-2.268560008211,
    35.702161163418));
#5296 = CARTESIAN_POINT('',(73.041634446704,-2.423982407723,
    35.610075434489));
#5297 = CARTESIAN_POINT('',(72.821665672577,-2.580321531322,
    35.52551820137));
#5298 = CARTESIAN_POINT('',(72.599406667454,-2.737180552105,
    35.448465819454));
#5299 = CARTESIAN_POINT('',(72.261414398375,-2.973412747575,
    35.343675283285));
#5300 = CARTESIAN_POINT('',(72.147365724647,-3.052736896206,
    35.310395961579));
#5301 = CARTESIAN_POINT('',(72.032743659185,-3.132019486565,
    35.279009306926));
#5302 = CARTESIAN_POINT('',(71.917529912924,-3.211196643831,
    35.249504686818));
#5303 = CARTESIAN_POINT('',(71.801687313193,-3.290200280087,
    35.221869075767));
#5304 = CARTESIAN_POINT('',(71.685132190332,-3.368950238969,
    35.196087413227));
#5305 = CARTESIAN_POINT('',(71.510016392187,-3.485816197097,
    35.160389322799));
#5306 = CARTESIAN_POINT('',(71.452140466308,-3.52420774344,
    35.149078205901));
#5307 = CARTESIAN_POINT('',(71.394024394229,-3.562498765253,
    35.138207918145));
#5308 = CARTESIAN_POINT('',(71.335638128409,-3.600674189918,
    35.127776441161));
#5309 = CARTESIAN_POINT('',(71.276943218864,-3.638716576832,
    35.117781699159));
#5310 = CARTESIAN_POINT('',(71.217886779737,-3.676604363403,
    35.108221608077));
#5311 = CARTESIAN_POINT('',(71.100495500051,-3.750997921952,
    35.090212420844));
#5312 = CARTESIAN_POINT('',(71.042183534802,-3.787513152696,
    35.081740374389));
#5313 = CARTESIAN_POINT('',(70.983384834788,-3.82382860834,
    35.07367612458));
#5314 = CARTESIAN_POINT('',(70.923996280205,-3.859908707129,
    35.066017964355));
#5315 = CARTESIAN_POINT('',(70.863891149279,-3.895710900411,
    35.058764290443));
#5316 = CARTESIAN_POINT('',(70.802877721507,-3.931173577859,
    35.051913913833));
#5317 = CARTESIAN_POINT('',(70.700765071301,-3.988592064204,
    35.04134184137));
#5318 = CARTESIAN_POINT('',(70.660409031586,-4.010811760422,
    35.037382026378));
#5319 = CARTESIAN_POINT('',(70.619443777506,-4.032819284401,
    35.033587276357));
#5320 = CARTESIAN_POINT('',(70.577751831224,-4.054578757331,
    35.029957770288));
#5321 = CARTESIAN_POINT('',(70.535154444638,-4.076035853821,
    35.026494203186));
#5322 = CARTESIAN_POINT('',(70.491426151045,-4.09712211402,
    35.02319764292));
#5323 = CARTESIAN_POINT('',(70.419741928668,-4.12965565638,
    35.01825361974));
#5324 = CARTESIAN_POINT('',(70.392849016463,-4.141441851857,
    35.016493652275));
#5325 = CARTESIAN_POINT('',(70.365319197356,-4.153026369464,
    35.014791750829));
#5326 = CARTESIAN_POINT('',(70.33703607174,-4.164374328318,
    35.013148707984));
#5327 = CARTESIAN_POINT('',(70.307817186574,-4.175430374785,
    35.011565930251));
#5328 = CARTESIAN_POINT('',(70.277441332998,-4.186126875077,
    35.010045181291));
#5329 = CARTESIAN_POINT('',(70.227816027072,-4.201910363438,
    35.007791313682));
#5330 = CARTESIAN_POINT('',(70.209722495996,-4.207352660534,
    35.007012142245));
#5331 = CARTESIAN_POINT('',(70.191045802456,-4.212615457576,
    35.006253612928));
#5332 = CARTESIAN_POINT('',(70.171684001132,-4.217667788574,
    35.005516577222));
#5333 = CARTESIAN_POINT('',(70.151472789715,-4.22245848883,
    35.004802530068));
#5334 = CARTESIAN_POINT('',(70.130220843704,-4.226927048946,
    35.004113270656));
#5335 = CARTESIAN_POINT('',(70.095460839789,-4.233045458322,
    35.003104343549));
#5336 = CARTESIAN_POINT('',(70.083035854508,-4.235029664796,
    35.002763882336));
#5337 = CARTESIAN_POINT('',(70.07012490522,-4.236862834487,
    35.002432134199));
#5338 = CARTESIAN_POINT('',(70.056645187503,-4.238519041123,
    35.002109868926));
#5339 = CARTESIAN_POINT('',(70.042462189667,-4.239954378444,
    35.001798476938));
#5340 = CARTESIAN_POINT('',(70.027424709697,-4.24111815004,
    35.001499607523));
#5341 = CARTESIAN_POINT('',(70.005386670343,-4.242160471862,
    35.001116940047));
#5342 = CARTESIAN_POINT('',(69.999619218541,-4.242376281991,
    35.001021547625));
#5343 = CARTESIAN_POINT('',(69.993855186476,-4.24253424925,
    35.000930967142));
#5344 = CARTESIAN_POINT('',(69.988094623668,-4.242633682812,
    35.000845198695));
#5345 = CARTESIAN_POINT('',(69.982337577939,-4.242673914501,
    35.000764242371));
#5346 = CARTESIAN_POINT('',(69.976584095407,-4.242654298792,
    35.000688098242));
#5347 = CARTESIAN_POINT('',(69.960070258674,-4.242424289126,
    35.000483230679));
#5348 = CARTESIAN_POINT('',(69.948809476737,-4.242061820096,
    35.000359770316));
#5349 = CARTESIAN_POINT('',(69.936649682139,-4.241410926599,
    35.000246427802));
#5350 = CARTESIAN_POINT('',(69.923354691027,-4.240421729396,
    35.000143744096));
#5351 = CARTESIAN_POINT('',(69.908620941554,-4.238967388758,
    35.000056923741));
#5352 = CARTESIAN_POINT('',(69.891844107202,-4.236741144093,35.));
#5353 = CARTESIAN_POINT('',(69.871885710099,-4.233153353569,35.));
#5354 = ORIENTED_EDGE('',*,*,#5355,.T.);
#5355 = EDGE_CURVE('',#5277,#2296,#5356,.T.);
#5356 = CIRCLE('',#5357,8.);
#5357 = AXIS2_PLACEMENT_3D('',#5358,#5359,#5360);
#5358 = CARTESIAN_POINT('',(70.,0.,43.));
#5359 = DIRECTION('',(0.,1.,0.));
#5360 = DIRECTION('',(1.,0.,-0.));
#5361 = ORIENTED_EDGE('',*,*,#2293,.F.);
#5362 = TOROIDAL_SURFACE('',#5363,70.,8.);
#5363 = AXIS2_PLACEMENT_3D('',#5364,#5365,#5366);
#5364 = CARTESIAN_POINT('',(0.,0.,43.));
#5365 = DIRECTION('',(-0.,-0.,-1.));
#5366 = DIRECTION('',(1.,0.,-0.));
#5367 = ADVANCED_FACE('',(#5368),#5436,.T.);
#5368 = FACE_BOUND('',#5369,.T.);
#5369 = EDGE_LOOP('',(#5370,#5390,#5391,#5392,#5415,#5435));
#5370 = ORIENTED_EDGE('',*,*,#5371,.F.);
#5371 = EDGE_CURVE('',#2797,#5188,#5372,.T.);
#5372 = B_SPLINE_CURVE_WITH_KNOTS('',6,(#5373,#5374,#5375,#5376,#5377,
    #5378,#5379,#5380,#5381,#5382,#5383,#5384,#5385,#5386,#5387,#5388,
    #5389),.UNSPECIFIED.,.F.,.F.,(7,5,5,7),(-9.000422918949,
    -5.474960499485E-02,146.55481105679,155.50048437074),.UNSPECIFIED.);
#5373 = CARTESIAN_POINT('',(57.752231772333,-1.449852225804,
    35.064199416322));
#5374 = CARTESIAN_POINT('',(59.18820642447,-1.850840253581,
    35.053999416322));
#5375 = CARTESIAN_POINT('',(60.624181076607,-2.251828281359,
    35.043799416322));
#5376 = CARTESIAN_POINT('',(62.060155728743,-2.652816309136,
    35.033599416322));
#5377 = CARTESIAN_POINT('',(63.49613038088,-3.053804336914,
    35.023399416322));
#5378 = CARTESIAN_POINT('',(64.932105033017,-3.454792364691,
    35.013199416322));
#5379 = CARTESIAN_POINT('',(89.902095011067,-10.42752480117,
    34.835832846935));
#5380 = CARTESIAN_POINT('',(113.43611033698,-16.99926920988,
    34.668666277548));
#5381 = CARTESIAN_POINT('',(136.97012566289,-23.57101361859,
    34.501499708161));
#5382 = CARTESIAN_POINT('',(160.5041409888,-30.14275802729,
    34.334333138774));
#5383 = CARTESIAN_POINT('',(184.03815631472,-36.714502436,
    34.167166569387));
#5384 = CARTESIAN_POINT('',(209.00814629277,-43.68723487248,33.9898));
#5385 = CARTESIAN_POINT('',(210.4441209449,-44.08822290026,33.9796));
#5386 = CARTESIAN_POINT('',(211.88009559704,-44.48921092804,33.9694));
#5387 = CARTESIAN_POINT('',(213.31607024918,-44.89019895582,33.9592));
#5388 = CARTESIAN_POINT('',(214.75204490131,-45.29118698359,33.949));
#5389 = CARTESIAN_POINT('',(216.18801955345,-45.69217501137,33.9388));
#5390 = ORIENTED_EDGE('',*,*,#2804,.F.);
#5391 = ORIENTED_EDGE('',*,*,#5276,.F.);
#5392 = ORIENTED_EDGE('',*,*,#5393,.F.);
#5393 = EDGE_CURVE('',#5394,#5277,#5396,.T.);
#5394 = VERTEX_POINT('',#5395);
#5395 = CARTESIAN_POINT('',(77.990395752008,1.20753177588,
    42.935919218387));
#5396 = B_SPLINE_CURVE_WITH_KNOTS('',5,(#5397,#5398,#5399,#5400,#5401,
    #5402,#5403,#5404,#5405,#5406,#5407,#5408,#5409,#5410,#5411,#5412,
    #5413,#5414),.UNSPECIFIED.,.F.,.F.,(6,4,4,4,6),(0.,0.253466766462,
    0.50637399241,0.755210361759,1.),.UNSPECIFIED.);
#5397 = CARTESIAN_POINT('',(77.990395752008,1.20753177588,
    42.935919218387));
#5398 = CARTESIAN_POINT('',(77.988480469995,1.208066607854,
    42.697880741614));
#5399 = CARTESIAN_POINT('',(77.977785291523,1.201860347954,
    42.456241553885));
#5400 = CARTESIAN_POINT('',(77.957775024177,1.18849932152,
    42.211553527721));
#5401 = CARTESIAN_POINT('',(77.92795694498,1.167608307697,
    41.964486121583));
#5402 = CARTESIAN_POINT('',(77.847991792292,1.110239638889,
    41.467688611204));
#5403 = CARTESIAN_POINT('',(77.797889778547,1.073796529413,
    41.217965520321));
#5404 = CARTESIAN_POINT('',(77.737225761753,1.029269657308,
    40.967410792513));
#5405 = CARTESIAN_POINT('',(77.665693527905,0.97644623289,40.71689443336
    ));
#5406 = CARTESIAN_POINT('',(77.501883807785,0.855000468056,
    40.221817312545));
#5407 = CARTESIAN_POINT('',(77.409958779675,0.786646122834,
    39.977225430462));
#5408 = CARTESIAN_POINT('',(77.307187289865,0.710075815583,
    39.734457645699));
#5409 = CARTESIAN_POINT('',(77.19353708492,0.625308278914,
    39.494455276702));
#5410 = CARTESIAN_POINT('',(76.94674351712,0.441180623278,
    39.025696439798));
#5411 = CARTESIAN_POINT('',(76.813947170344,0.342080190928,
    38.796820358944));
#5412 = CARTESIAN_POINT('',(76.670853067156,0.235326485668,
    38.572417027679));
#5413 = CARTESIAN_POINT('',(76.517717790662,0.121176845977,
    38.353370060896));
#5414 = CARTESIAN_POINT('',(76.354934521322,-1.941448784186E-16,
    38.140493108379));
#5415 = ORIENTED_EDGE('',*,*,#5416,.T.);
#5416 = EDGE_CURVE('',#5394,#5201,#5417,.T.);
#5417 = B_SPLINE_CURVE_WITH_KNOTS('',6,(#5418,#5419,#5420,#5421,#5422,
    #5423,#5424,#5425,#5426,#5427,#5428,#5429,#5430,#5431,#5432,#5433,
    #5434),.UNSPECIFIED.,.F.,.F.,(7,5,5,7),(-9.000422918949,
    -5.474960499485E-02,146.55481105679,155.50048437074),.UNSPECIFIED.);
#5418 = CARTESIAN_POINT('',(59.95729203635,6.243176857003,
    43.064011770456));
#5419 = CARTESIAN_POINT('',(61.393266688487,5.842188829225,
    43.053811770456));
#5420 = CARTESIAN_POINT('',(62.829241340624,5.441200801448,
    43.043611770456));
#5421 = CARTESIAN_POINT('',(64.26521599276,5.04021277367,43.033411770456
    ));
#5422 = CARTESIAN_POINT('',(65.701190644897,4.639224745893,
    43.023211770456));
#5423 = CARTESIAN_POINT('',(67.137165297034,4.238236718115,
    43.013011770456));
#5424 = CARTESIAN_POINT('',(92.107155275084,-2.734495718369,
    42.835645201069));
#5425 = CARTESIAN_POINT('',(115.64117060099,-9.306240127076,
    42.668478631683));
#5426 = CARTESIAN_POINT('',(139.17518592691,-15.87798453578,
    42.501312062295));
#5427 = CARTESIAN_POINT('',(162.70920125282,-22.44972894449,
    42.334145492909));
#5428 = CARTESIAN_POINT('',(186.24321657873,-29.02147335319,
    42.166978923522));
#5429 = CARTESIAN_POINT('',(211.21320655678,-35.99420578968,
    41.989612354135));
#5430 = CARTESIAN_POINT('',(212.64918120892,-36.39519381745,
    41.979412354135));
#5431 = CARTESIAN_POINT('',(214.08515586106,-36.79618184523,
    41.969212354135));
#5432 = CARTESIAN_POINT('',(215.52113051319,-37.19716987301,
    41.959012354135));
#5433 = CARTESIAN_POINT('',(216.95710516533,-37.59815790079,
    41.948812354135));
#5434 = CARTESIAN_POINT('',(218.39307981747,-37.99914592856,
    41.938612354135));
#5435 = ORIENTED_EDGE('',*,*,#5208,.F.);
#5436 = ( BOUNDED_SURFACE() B_SPLINE_SURFACE(2,6,(
    (#5437,#5438,#5439,#5440,#5441,#5442,#5443,#5444,#5445,#5446,#5447
      ,#5448,#5449,#5450,#5451,#5452,#5453)
    ,(#5454,#5455,#5456,#5457,#5458,#5459,#5460,#5461,#5462,#5463,#5464
      ,#5465,#5466,#5467,#5468,#5469,#5470)
    ,(#5471,#5472,#5473,#5474,#5475,#5476,#5477,#5478,#5479,#5480,#5481
      ,#5482,#5483,#5484,#5485,#5486,#5487
)),.UNSPECIFIED.,.F.,.F.,.F.) B_SPLINE_SURFACE_WITH_KNOTS((3,3),(7,5,5,7
    ),(0.,146.60956066178),(-9.000422918949,-5.474960499485E-02,
    146.55481105679,155.50048437074),.UNSPECIFIED.) 
GEOMETRIC_REPRESENTATION_ITEM() RATIONAL_B_SPLINE_SURFACE((
    (1.,1.,1.,1.,1.,1.,1.,1.,1.,1.,1.,1.,1.,1.,1.,1.,1.)
    ,(0.706990803572,0.706990803572,0.706990803572,0.706990803572
      ,0.706990803572,0.706990803572,0.706990803572,0.706990803572
      ,0.706990803572,0.706990803572,0.706990803572,0.706990803572
      ,0.706990803572,0.706990803572,0.706990803572,0.706990803572
      ,0.706990803572)
    ,(1.,1.,1.,1.,1.,1.,1.,1.,1.,1.,1.,1.,1.,1.,1.,1.,1.
))) REPRESENTATION_ITEM('') SURFACE() );
#5437 = CARTESIAN_POINT('',(57.752231772333,-1.449852225804,
    35.064199416322));
#5438 = CARTESIAN_POINT('',(59.18820642447,-1.850840253581,
    35.053999416322));
#5439 = CARTESIAN_POINT('',(60.624181076607,-2.251828281359,
    35.043799416322));
#5440 = CARTESIAN_POINT('',(62.060155728743,-2.652816309136,
    35.033599416322));
#5441 = CARTESIAN_POINT('',(63.49613038088,-3.053804336914,
    35.023399416322));
#5442 = CARTESIAN_POINT('',(64.932105033017,-3.454792364691,
    35.013199416322));
#5443 = CARTESIAN_POINT('',(89.902095011067,-10.42752480117,
    34.835832846935));
#5444 = CARTESIAN_POINT('',(113.43611033698,-16.99926920988,
    34.668666277548));
#5445 = CARTESIAN_POINT('',(136.97012566289,-23.57101361859,
    34.501499708161));
#5446 = CARTESIAN_POINT('',(160.5041409888,-30.14275802729,
    34.334333138774));
#5447 = CARTESIAN_POINT('',(184.03815631472,-36.714502436,
    34.167166569387));
#5448 = CARTESIAN_POINT('',(209.00814629277,-43.68723487248,33.9898));
#5449 = CARTESIAN_POINT('',(210.4441209449,-44.08822290026,33.9796));
#5450 = CARTESIAN_POINT('',(211.88009559704,-44.48921092804,33.9694));
#5451 = CARTESIAN_POINT('',(213.31607024918,-44.89019895582,33.9592));
#5452 = CARTESIAN_POINT('',(214.75204490131,-45.29118698359,33.949));
#5453 = CARTESIAN_POINT('',(216.18801955345,-45.69217501137,33.9388));
#5454 = CARTESIAN_POINT('',(59.904561039659,6.257901697957,
    35.061574558259));
#5455 = CARTESIAN_POINT('',(61.340535691795,5.856913670179,
    35.051374558259));
#5456 = CARTESIAN_POINT('',(62.776510343932,5.455925642402,
    35.041174558259));
#5457 = CARTESIAN_POINT('',(64.212484996069,5.054937614624,
    35.030974558259));
#5458 = CARTESIAN_POINT('',(65.648459648205,4.653949586847,
    35.020774558259));
#5459 = CARTESIAN_POINT('',(67.084434300342,4.252961559069,
    35.010574558259));
#5460 = CARTESIAN_POINT('',(92.054424278392,-2.719770877415,
    34.833207988872));
#5461 = CARTESIAN_POINT('',(115.5884396043,-9.291515286122,
    34.666041419486));
#5462 = CARTESIAN_POINT('',(139.12245493022,-15.86325969482,
    34.498874850099));
#5463 = CARTESIAN_POINT('',(162.65647025613,-22.43500410353,
    34.331708280712));
#5464 = CARTESIAN_POINT('',(186.19048558204,-29.00674851224,
    34.164541711325));
#5465 = CARTESIAN_POINT('',(211.16047556009,-35.97948094872,
    33.987175141938));
#5466 = CARTESIAN_POINT('',(212.59645021223,-36.3804689765,
    33.976975141938));
#5467 = CARTESIAN_POINT('',(214.03242486437,-36.78145700428,
    33.966775141938));
#5468 = CARTESIAN_POINT('',(215.4683995165,-37.18244503206,
    33.956575141938));
#5469 = CARTESIAN_POINT('',(216.90437416864,-37.58343305983,
    33.946375141938));
#5470 = CARTESIAN_POINT('',(218.34034882078,-37.98442108761,
    33.936175141938));
#5471 = CARTESIAN_POINT('',(59.95729203635,6.243176857003,
    43.064011770456));
#5472 = CARTESIAN_POINT('',(61.393266688487,5.842188829225,
    43.053811770456));
#5473 = CARTESIAN_POINT('',(62.829241340624,5.441200801448,
    43.043611770456));
#5474 = CARTESIAN_POINT('',(64.26521599276,5.04021277367,43.033411770456
    ));
#5475 = CARTESIAN_POINT('',(65.701190644897,4.639224745893,
    43.023211770456));
#5476 = CARTESIAN_POINT('',(67.137165297034,4.238236718115,
    43.013011770456));
#5477 = CARTESIAN_POINT('',(92.107155275084,-2.734495718369,
    42.835645201069));
#5478 = CARTESIAN_POINT('',(115.64117060099,-9.306240127076,
    42.668478631683));
#5479 = CARTESIAN_POINT('',(139.17518592691,-15.87798453578,
    42.501312062295));
#5480 = CARTESIAN_POINT('',(162.70920125282,-22.44972894449,
    42.334145492909));
#5481 = CARTESIAN_POINT('',(186.24321657873,-29.02147335319,
    42.166978923522));
#5482 = CARTESIAN_POINT('',(211.21320655678,-35.99420578968,
    41.989612354135));
#5483 = CARTESIAN_POINT('',(212.64918120892,-36.39519381745,
    41.979412354135));
#5484 = CARTESIAN_POINT('',(214.08515586106,-36.79618184523,
    41.969212354135));
#5485 = CARTESIAN_POINT('',(215.52113051319,-37.19716987301,
    41.959012354135));
#5486 = CARTESIAN_POINT('',(216.95710516533,-37.59815790079,
    41.948812354135));
#5487 = CARTESIAN_POINT('',(218.39307981747,-37.99914592856,
    41.938612354135));
#5488 = ADVANCED_FACE('',(#5489),#5630,.T.);
#5489 = FACE_BOUND('',#5490,.F.);
#5490 = EDGE_LOOP('',(#5491,#5610,#5611,#5612,#5613,#5621,#5622));
#5491 = ORIENTED_EDGE('',*,*,#5492,.T.);
#5492 = EDGE_CURVE('',#5493,#2305,#5495,.T.);
#5493 = VERTEX_POINT('',#5494);
#5494 = CARTESIAN_POINT('',(70.79084696997,32.750815987068,
    42.935919218387));
#5495 = B_SPLINE_CURVE_WITH_KNOTS('',8,(#5496,#5497,#5498,#5499,#5500,
    #5501,#5502,#5503,#5504,#5505,#5506,#5507,#5508,#5509,#5510,#5511,
    #5512,#5513,#5514,#5515,#5516,#5517,#5518,#5519,#5520,#5521,#5522,
    #5523,#5524,#5525,#5526,#5527,#5528,#5529,#5530,#5531,#5532,#5533,
    #5534,#5535,#5536,#5537,#5538,#5539,#5540,#5541,#5542,#5543,#5544,
    #5545,#5546,#5547,#5548,#5549,#5550,#5551,#5552,#5553,#5554,#5555,
    #5556,#5557,#5558,#5559,#5560,#5561,#5562,#5563,#5564,#5565,#5566,
    #5567,#5568,#5569,#5570,#5571,#5572,#5573,#5574,#5575,#5576,#5577,
    #5578,#5579,#5580,#5581,#5582,#5583,#5584,#5585,#5586,#5587,#5588,
    #5589,#5590,#5591,#5592,#5593,#5594,#5595,#5596,#5597,#5598,#5599,
    #5600,#5601,#5602,#5603,#5604,#5605,#5606,#5607,#5608,#5609),
  .UNSPECIFIED.,.F.,.F.,(9,7,7,7,7,7,7,7,7,7,7,7,7,7,7,7,9),(0.,
    0.106991883795,0.214175378111,0.319846282916,0.422847325799,
    0.52449744428,0.626023471327,0.728515848075,0.832679324343,
    0.890287816523,0.946887875191,0.970772527995,0.984448479132,
    0.992164730063,0.996269955091,0.998520299417,1.),.UNSPECIFIED.);
#5496 = CARTESIAN_POINT('',(70.79084696997,32.750815987068,
    42.935919218387));
#5497 = CARTESIAN_POINT('',(70.789941983463,32.750020478351,
    42.791685044428));
#5498 = CARTESIAN_POINT('',(70.785399828905,32.749984966509,
    42.646242184919));
#5499 = CARTESIAN_POINT('',(70.777112838327,32.750732312849,
    42.499680448094));
#5500 = CARTESIAN_POINT('',(70.764976812342,32.752284355255,
    42.352097051157));
#5501 = CARTESIAN_POINT('',(70.748891976905,32.754661660792,
    42.203596420301));
#5502 = CARTESIAN_POINT('',(70.728763940068,32.757883278307,
    42.054289990714));
#5503 = CARTESIAN_POINT('',(70.704504648732,32.761966491034,
    41.904296006601));
#5504 = CARTESIAN_POINT('',(70.647511053152,32.771895530308,
    41.602913005562));
#5505 = CARTESIAN_POINT('',(70.614761663135,32.777744495763,
    41.451521951304));
#5506 = CARTESIAN_POINT('',(70.577703950373,32.784488834664,
    41.299691493145));
#5507 = CARTESIAN_POINT('',(70.536264122757,32.792141863459,
    41.147553603847));
#5508 = CARTESIAN_POINT('',(70.490376714199,32.800714631564,
    40.995246261698));
#5509 = CARTESIAN_POINT('',(70.439985477791,32.810215706978,
    40.842912818003));
#5510 = CARTESIAN_POINT('',(70.385044278964,32.820650961912,
    40.690701364575));
#5511 = CARTESIAN_POINT('',(70.266831742234,32.843235265924,
    40.388970999271));
#5512 = CARTESIAN_POINT('',(70.203688904551,32.855358050203,
    40.239444353896));
#5513 = CARTESIAN_POINT('',(70.136055649642,32.868394600747,
    40.090329854261));
#5514 = CARTESIAN_POINT('',(70.063908615566,32.882345040754,
    39.941776971593));
#5515 = CARTESIAN_POINT('',(69.987235386335,32.897206635975,
    39.793938020478));
#5516 = CARTESIAN_POINT('',(69.906034973844,32.912973703587,
    39.646967220169));
#5517 = CARTESIAN_POINT('',(69.82031829981,32.929637521061,
    39.501019755876));
#5518 = CARTESIAN_POINT('',(69.642178275571,32.96429156638,
    39.215139629436));
#5519 = CARTESIAN_POINT('',(69.549979073105,32.98223764936,
    39.075148105884));
#5520 = CARTESIAN_POINT('',(69.453532417664,33.001013569296,
    38.93641995373));
#5521 = CARTESIAN_POINT('',(69.352870843706,33.020605592057,
    38.799098745937));
#5522 = CARTESIAN_POINT('',(69.248037991047,33.040997214878,
    38.663326997605));
#5523 = CARTESIAN_POINT('',(69.13908852311,33.062169217167,
    38.529245219467));
#5524 = CARTESIAN_POINT('',(69.026088045172,33.084099711329,
    38.396990971386));
#5525 = CARTESIAN_POINT('',(68.793672202128,33.129131416677,
    38.138113736877));
#5526 = CARTESIAN_POINT('',(68.674360378308,33.152213512058,
    38.011439593579));
#5527 = CARTESIAN_POINT('',(68.551250787257,33.175986969643,
    37.886804012095));
#5528 = CARTESIAN_POINT('',(68.424426918559,33.200425830974,
    37.764331700818));
#5529 = CARTESIAN_POINT('',(68.29398190897,33.225501825855,
    37.644142790047));
#5530 = CARTESIAN_POINT('',(68.160017936102,33.251184508984,
    37.526352071648));
#5531 = CARTESIAN_POINT('',(68.022645612103,33.2774413966,
    37.411068238707));
#5532 = CARTESIAN_POINT('',(67.741492858852,33.331002097015,
    37.185855562083));
#5533 = CARTESIAN_POINT('',(67.59772043417,33.358304614014,
    37.075920323914));
#5534 = CARTESIAN_POINT('',(67.450783853221,33.386111359187,
    36.96868901724));
#5535 = CARTESIAN_POINT('',(67.30080862333,33.414386230934,
    36.864256348819));
#5536 = CARTESIAN_POINT('',(67.147926904977,33.443091393585,
    36.762709694124));
#5537 = CARTESIAN_POINT('',(66.99227640756,33.472187350001,
    36.664128665856));
#5538 = CARTESIAN_POINT('',(66.833999285145,33.501633014188,
    36.56858468246));
#5539 = CARTESIAN_POINT('',(66.510952642715,33.561421747776,
    36.382816484699));
#5540 = CARTESIAN_POINT('',(66.346135733461,33.591770779109,
    36.292651554613));
#5541 = CARTESIAN_POINT('',(66.17893948978,33.622388661908,
    36.205710545358));
#5542 = CARTESIAN_POINT('',(66.009516889896,33.653230008087,
    36.122049280513));
#5543 = CARTESIAN_POINT('',(65.838022648153,33.684247630276,
    36.041714589536));
#5544 = CARTESIAN_POINT('',(65.664611158227,33.715391914647,
    35.96474428905));
#5545 = CARTESIAN_POINT('',(65.489434436339,33.746610193742,
    35.891167164114));
#5546 = CARTESIAN_POINT('',(65.132963127081,33.809591334818,
    35.749694733863));
#5547 = CARTESIAN_POINT('',(64.95161500198,33.841354414074,
    35.681911677114));
#5548 = CARTESIAN_POINT('',(64.768751117899,33.873076685914,
    35.617674583282));
#5549 = CARTESIAN_POINT('',(64.58451854209,33.90469220986,
    35.556994831782));
#5550 = CARTESIAN_POINT('',(64.39905687534,33.936129856816,
    35.49987456149));
#5551 = CARTESIAN_POINT('',(64.212492137502,33.967308986954,
    35.446307035734));
#5552 = CARTESIAN_POINT('',(64.024923643582,33.998128724746,
    35.396277188221));
#5553 = CARTESIAN_POINT('',(63.73214141413,34.045220728774,
    35.324036924843));
#5554 = CARTESIAN_POINT('',(63.62758781156,34.061838235637,
    35.299386655036));
#5555 = CARTESIAN_POINT('',(63.522752043353,34.078280072594,
    35.275807699976));
#5556 = CARTESIAN_POINT('',(63.417637246555,34.094518132814,
    35.253295526096));
#5557 = CARTESIAN_POINT('',(63.312240840256,34.110519642746,
    35.231844930921));
#5558 = CARTESIAN_POINT('',(63.206551586553,34.126244565841,
    35.211450098813));
#5559 = CARTESIAN_POINT('',(63.100543586742,34.141640249019,
    35.192104688291));
#5560 = CARTESIAN_POINT('',(62.889652951386,34.171363922056,
    35.155819601962));
#5561 = CARTESIAN_POINT('',(62.784783300618,34.18570555618,
    35.138843828762));
#5562 = CARTESIAN_POINT('',(62.679511470078,34.199589368486,
    35.12286812478));
#5563 = CARTESIAN_POINT('',(62.573761179079,34.212920223045,
    35.107885762377));
#5564 = CARTESIAN_POINT('',(62.467436895572,34.225585959543,
    35.093889687305));
#5565 = CARTESIAN_POINT('',(62.360354048823,34.237394601765,
    35.080873221516));
#5566 = CARTESIAN_POINT('',(62.252279661202,34.248110979387,
    35.068829649947));
#5567 = CARTESIAN_POINT('',(62.096340542508,34.26099715315,
    35.053082118476));
#5568 = CARTESIAN_POINT('',(62.049781667056,34.264526701704,
    35.04858152189));
#5569 = CARTESIAN_POINT('',(62.002894436673,34.267718674672,
    35.044253274731));
#5570 = CARTESIAN_POINT('',(61.955623756708,34.270521615052,
    35.040097192088));
#5571 = CARTESIAN_POINT('',(61.907893693899,34.27286502835,
    35.036113310368));
#5572 = CARTESIAN_POINT('',(61.859606537993,34.274658542063,
    35.032301887504));
#5573 = CARTESIAN_POINT('',(61.810625313172,34.275776125387,
    35.028663572178));
#5574 = CARTESIAN_POINT('',(61.732133091641,34.276129236888,
    35.023216854025));
#5575 = CARTESIAN_POINT('',(61.703249080851,34.275965092622,
    35.021291027251));
#5576 = CARTESIAN_POINT('',(61.674014227296,34.275466559164,
    35.019422826035));
#5577 = CARTESIAN_POINT('',(61.644374386718,34.274584280196,
    35.017612655685));
#5578 = CARTESIAN_POINT('',(61.61425514688,34.273250074307,
    35.015861167731));
#5579 = CARTESIAN_POINT('',(61.583561960895,34.271377065996,
    35.014169249101));
#5580 = CARTESIAN_POINT('',(61.552163210613,34.268844320977,
    35.012538192066));
#5581 = CARTESIAN_POINT('',(61.50158184377,34.263517984001,
    35.010085757398));
#5582 = CARTESIAN_POINT('',(61.48303983016,34.26131928183,
    35.009221343162));
#5583 = CARTESIAN_POINT('',(61.464156812797,34.258803714132,
    35.008377503379));
#5584 = CARTESIAN_POINT('',(61.444882584243,34.255925414033,
    35.007554747824));
#5585 = CARTESIAN_POINT('',(61.425146698755,34.252619239525,
    35.006753861618));
#5586 = CARTESIAN_POINT('',(61.404860580679,34.248802724701,
    35.005975872495));
#5587 = CARTESIAN_POINT('',(61.383900619639,34.244360601731,
    35.005222230438));
#5588 = CARTESIAN_POINT('',(61.350405372114,34.236270154001,
    35.004109009987));
#5589 = CARTESIAN_POINT('',(61.338520116485,34.233223811859,
    35.003730140234));
#5590 = CARTESIAN_POINT('',(61.326344114924,34.229907163347,
    35.003359342727));
#5591 = CARTESIAN_POINT('',(61.313835805681,34.226281788705,
    35.002997089831));
#5592 = CARTESIAN_POINT('',(61.300936619875,34.222292385212,
    35.002644124988));
#5593 = CARTESIAN_POINT('',(61.287573913568,34.217869529286,
    35.002301419595));
#5594 = CARTESIAN_POINT('',(61.273646661389,34.212916373752,
    35.001970338477));
#5595 = CARTESIAN_POINT('',(61.250910766454,34.204141517125,
    35.001479696341));
#5596 = CARTESIAN_POINT('',(61.242638030963,34.200821963189,
    35.001310337883));
#5597 = CARTESIAN_POINT('',(61.234105501765,34.197256687567,
    35.001145687298));
#5598 = CARTESIAN_POINT('',(61.225274664173,34.193409603394,
    35.000986215941));
#5599 = CARTESIAN_POINT('',(61.216089839808,34.189226150601,
    35.000832752497));
#5600 = CARTESIAN_POINT('',(61.206484604665,34.184639548946,
    35.000686383366));
#5601 = CARTESIAN_POINT('',(61.196367465063,34.179557141812,
    35.000548638635));
#5602 = CARTESIAN_POINT('',(61.178426640518,34.169989831625,
    35.000339686503));
#5603 = CARTESIAN_POINT('',(61.17106552718,34.165928793108,
    35.000262583836));
#5604 = CARTESIAN_POINT('',(61.16335765811,34.161527594,35.000191219263)
  );
#5605 = CARTESIAN_POINT('',(61.155193594073,34.156684815513,
    35.000126880393));
#5606 = CARTESIAN_POINT('',(61.1465041005,34.151328118863,
    35.000070865587));
#5607 = CARTESIAN_POINT('',(61.137131871309,34.14527031929,
    35.000027457843));
#5608 = CARTESIAN_POINT('',(61.127008286439,34.138403704093,35.));
#5609 = CARTESIAN_POINT('',(61.115697361131,34.130214415714,35.));
#5610 = ORIENTED_EDGE('',*,*,#2304,.F.);
#5611 = ORIENTED_EDGE('',*,*,#5355,.F.);
#5612 = ORIENTED_EDGE('',*,*,#5393,.F.);
#5613 = ORIENTED_EDGE('',*,*,#5614,.F.);
#5614 = EDGE_CURVE('',#5039,#5394,#5615,.T.);
#5615 = B_SPLINE_CURVE_WITH_KNOTS('',4,(#5616,#5617,#5618,#5619,#5620),
  .UNSPECIFIED.,.F.,.F.,(5,5),(0.,1.),.PIECEWISE_BEZIER_KNOTS.);
#5616 = CARTESIAN_POINT('',(77.990653548108,1.207459787736,43.));
#5617 = CARTESIAN_POINT('',(77.990653548108,1.207459787736,
    42.983979333698));
#5618 = CARTESIAN_POINT('',(77.990610580261,1.207471786272,
    42.967958818826));
#5619 = CARTESIAN_POINT('',(77.990524646394,1.207495782832,
    42.951938549127));
#5620 = CARTESIAN_POINT('',(77.99039574718,1.207531777228,
    42.935918618421));
#5621 = ORIENTED_EDGE('',*,*,#5048,.T.);
#5622 = ORIENTED_EDGE('',*,*,#5623,.F.);
#5623 = EDGE_CURVE('',#5493,#5049,#5624,.T.);
#5624 = B_SPLINE_CURVE_WITH_KNOTS('',4,(#5625,#5626,#5627,#5628,#5629),
  .UNSPECIFIED.,.F.,.F.,(5,5),(0.,1.),.PIECEWISE_BEZIER_KNOTS.);
#5625 = CARTESIAN_POINT('',(70.790846966206,32.750815983759,
    42.935918618421));
#5626 = CARTESIAN_POINT('',(70.790947483001,32.750904340863,
    42.951938549102));
#5627 = CARTESIAN_POINT('',(70.791014495022,32.750963246324,
    42.967958818865));
#5628 = CARTESIAN_POINT('',(70.791048001746,32.75099269968,
    42.983979333569));
#5629 = CARTESIAN_POINT('',(70.791048001746,32.75099269968,43.));
#5630 = TOROIDAL_SURFACE('',#5631,70.,8.);
#5631 = AXIS2_PLACEMENT_3D('',#5632,#5633,#5634);
#5632 = CARTESIAN_POINT('',(0.,0.,43.));
#5633 = DIRECTION('',(-0.,-0.,-1.));
#5634 = DIRECTION('',(1.,0.,-0.));
#5635 = ADVANCED_FACE('',(#5636),#5642,.T.);
#5636 = FACE_BOUND('',#5637,.T.);
#5637 = EDGE_LOOP('',(#5638,#5639,#5640,#5641));
#5638 = ORIENTED_EDGE('',*,*,#2796,.T.);
#5639 = ORIENTED_EDGE('',*,*,#5371,.T.);
#5640 = ORIENTED_EDGE('',*,*,#5187,.F.);
#5641 = ORIENTED_EDGE('',*,*,#2893,.F.);
#5642 = B_SPLINE_SURFACE_WITH_KNOTS('',1,1,(
    (#5643,#5644)
    ,(#5645,#5646
    )),.UNSPECIFIED.,.F.,.F.,.F.,(2,2),(2,2),(0.,38.),(0.,1.),
  .PIECEWISE_BEZIER_KNOTS.);
#5643 = CARTESIAN_POINT('',(60.11734445883,-33.21001197257,35.));
#5644 = CARTESIAN_POINT('',(204.01446617507,-58.87357294492,34.));
#5645 = CARTESIAN_POINT('',(68.57313994917,3.837248690338,35.));
#5646 = CARTESIAN_POINT('',(209.35496859002,-35.47530305255,34.));
#5647 = ADVANCED_FACE('',(#5648),#5725,.F.);
#5648 = FACE_BOUND('',#5649,.F.);
#5649 = EDGE_LOOP('',(#5650,#5672,#5673,#5674,#5696));
#5650 = ORIENTED_EDGE('',*,*,#5651,.F.);
#5651 = EDGE_CURVE('',#2314,#5652,#5654,.T.);
#5652 = VERTEX_POINT('',#5653);
#5653 = CARTESIAN_POINT('',(168.23486585776,129.06175078361,34.));
#5654 = B_SPLINE_CURVE_WITH_KNOTS('',6,(#5655,#5656,#5657,#5658,#5659,
    #5660,#5661,#5662,#5663,#5664,#5665,#5666,#5667,#5668,#5669,#5670,
    #5671),.UNSPECIFIED.,.F.,.F.,(7,5,5,7),(-9.000422918949,
    -5.474960499456E-02,146.55481105679,155.50048437074),.UNSPECIFIED.);
#5655 = CARTESIAN_POINT('',(51.403895573858,26.364025982272,
    35.064199416322));
#5656 = CARTESIAN_POINT('',(52.523681845696,27.348349763048,
    35.053999416322));
#5657 = CARTESIAN_POINT('',(53.643468117535,28.332673543824,
    35.043799416322));
#5658 = CARTESIAN_POINT('',(54.763254389374,29.316997324601,
    35.033599416322));
#5659 = CARTESIAN_POINT('',(55.883040661212,30.301321105377,
    35.023399416322));
#5660 = CARTESIAN_POINT('',(57.002826933051,31.285644886153,
    35.013199416322));
#5661 = CARTESIAN_POINT('',(76.474655313701,48.401932353043,
    34.835832846935));
#5662 = CARTESIAN_POINT('',(94.826697422514,64.533896039158,
    34.668666277548));
#5663 = CARTESIAN_POINT('',(113.17873953132,80.665859725271,
    34.501499708161));
#5664 = CARTESIAN_POINT('',(131.53078164013,96.797823411386,
    34.334333138774));
#5665 = CARTESIAN_POINT('',(149.88282374894,112.9297870975,
    34.167166569387));
#5666 = CARTESIAN_POINT('',(169.3546521296,130.04607456439,33.9898));
#5667 = CARTESIAN_POINT('',(170.47443840143,131.03039834516,33.9796));
#5668 = CARTESIAN_POINT('',(171.59422467327,132.01472212594,33.9694));
#5669 = CARTESIAN_POINT('',(172.71401094511,132.99904590671,33.9592));
#5670 = CARTESIAN_POINT('',(173.83379721695,133.98336968749,33.949));
#5671 = CARTESIAN_POINT('',(174.95358348879,134.96769346827,33.9388));
#5672 = ORIENTED_EDGE('',*,*,#2313,.F.);
#5673 = ORIENTED_EDGE('',*,*,#5492,.F.);
#5674 = ORIENTED_EDGE('',*,*,#5675,.T.);
#5675 = EDGE_CURVE('',#5493,#5676,#5678,.T.);
#5676 = VERTEX_POINT('',#5677);
#5677 = CARTESIAN_POINT('',(173.23015190552,122.79786020443,
    42.002811770456));
#5678 = B_SPLINE_CURVE_WITH_KNOTS('',6,(#5679,#5680,#5681,#5682,#5683,
    #5684,#5685,#5686,#5687,#5688,#5689,#5690,#5691,#5692,#5693,#5694,
    #5695),.UNSPECIFIED.,.F.,.F.,(7,5,5,7),(-9.000422918949,
    -5.474960499456E-02,146.55481105679,155.50048437074),.UNSPECIFIED.);
#5679 = CARTESIAN_POINT('',(56.728466447174,20.389586071126,
    43.064011770456));
#5680 = CARTESIAN_POINT('',(57.848252719013,21.373909851903,
    43.053811770456));
#5681 = CARTESIAN_POINT('',(58.968038990851,22.358233632679,
    43.043611770456));
#5682 = CARTESIAN_POINT('',(60.08782526269,23.342557413455,
    43.033411770456));
#5683 = CARTESIAN_POINT('',(61.207611534529,24.326881194231,
    43.023211770456));
#5684 = CARTESIAN_POINT('',(62.327397806367,25.311204975008,
    43.013011770456));
#5685 = CARTESIAN_POINT('',(81.799226187018,42.427492441898,
    42.835645201069));
#5686 = CARTESIAN_POINT('',(100.15126829583,58.559456128012,
    42.668478631683));
#5687 = CARTESIAN_POINT('',(118.50331040464,74.691419814126,
    42.501312062295));
#5688 = CARTESIAN_POINT('',(136.85535251345,90.82338350024,
    42.334145492909));
#5689 = CARTESIAN_POINT('',(155.20739462226,106.95534718635,
    42.166978923522));
#5690 = CARTESIAN_POINT('',(174.67922300291,124.07163465324,
    41.989612354135));
#5691 = CARTESIAN_POINT('',(175.79900927475,125.05595843402,
    41.979412354135));
#5692 = CARTESIAN_POINT('',(176.91879554659,126.04028221479,
    41.969212354135));
#5693 = CARTESIAN_POINT('',(178.03858181843,127.02460599557,
    41.959012354135));
#5694 = CARTESIAN_POINT('',(179.15836809027,128.00892977634,
    41.948812354135));
#5695 = CARTESIAN_POINT('',(180.2781543621,128.99325355712,
    41.938612354135));
#5696 = ORIENTED_EDGE('',*,*,#5697,.F.);
#5697 = EDGE_CURVE('',#5652,#5676,#5698,.T.);
#5698 = B_SPLINE_CURVE_WITH_KNOTS('',7,(#5699,#5700,#5701,#5702,#5703,
    #5704,#5705,#5706,#5707,#5708,#5709,#5710,#5711,#5712,#5713,#5714,
    #5715,#5716,#5717,#5718,#5719,#5720,#5721,#5722,#5723,#5724),
  .UNSPECIFIED.,.F.,.F.,(8,6,6,6,8),(0.,0.249928743901,0.500002573608,
    0.75007469467,1.),.UNSPECIFIED.);
#5699 = CARTESIAN_POINT('',(168.23486585776,129.06175078361,34.));
#5700 = CARTESIAN_POINT('',(168.48722798306,128.74529868775,34.));
#5701 = CARTESIAN_POINT('',(168.74572329852,128.4211558147,
    34.023838195587));
#5702 = CARTESIAN_POINT('',(169.00904061788,128.09096633999,
    34.073594322343));
#5703 = CARTESIAN_POINT('',(169.27554568656,127.75677955409,
    34.15114205148));
#5704 = CARTESIAN_POINT('',(169.54327746749,127.42105451967,
    34.257934940985));
#5705 = CARTESIAN_POINT('',(169.81002002766,127.08656992885,
    34.394825659662));
#5706 = CARTESIAN_POINT('',(170.337032946,126.42571663182,
    34.729108307305));
#5707 = CARTESIAN_POINT('',(170.59730029158,126.09935170327,
    34.926536733981));
#5708 = CARTESIAN_POINT('',(170.85192365924,125.78006409918,
    35.154311976588));
#5709 = CARTESIAN_POINT('',(171.09846824702,125.47090696463,
    35.411810777759));
#5710 = CARTESIAN_POINT('',(171.3345342082,125.17488961225,
    35.697561774271));
#5711 = CARTESIAN_POINT('',(171.55796359723,124.89471802013,
    36.009289745989));
#5712 = CARTESIAN_POINT('',(171.97596919007,124.37055558579,
    36.678965131904));
#5713 = CARTESIAN_POINT('',(172.1705463999,124.12656348205,
    37.036913526264));
#5714 = CARTESIAN_POINT('',(172.3489096316,123.90290306381,
    37.415107423305));
#5715 = CARTESIAN_POINT('',(172.50963853334,123.70135539591,
    37.810089797579));
#5716 = CARTESIAN_POINT('',(172.65181447604,123.52307240279,
    38.218015913728));
#5717 = CARTESIAN_POINT('',(172.77504824328,123.36854214641,
    38.634984884267));
#5718 = CARTESIAN_POINT('',(172.98370499171,123.10689485969,
    39.479299588322));
#5719 = CARTESIAN_POINT('',(173.0691510208,122.99974892821,
    39.906640440958));
#5720 = CARTESIAN_POINT('',(173.13581029499,122.91616084224,
    40.335566432024));
#5721 = CARTESIAN_POINT('',(173.18421496875,122.85546330118,
    40.762527272485));
#5722 = CARTESIAN_POINT('',(173.21527232196,122.81651861205,
    41.184381054574));
#5723 = CARTESIAN_POINT('',(173.23015190552,122.79786020443,
    41.59850945184));
#5724 = CARTESIAN_POINT('',(173.23015190552,122.79786020443,
    42.002811770456));
#5725 = ( BOUNDED_SURFACE() B_SPLINE_SURFACE(2,6,(
    (#5726,#5727,#5728,#5729,#5730,#5731,#5732,#5733,#5734,#5735,#5736
      ,#5737,#5738,#5739,#5740,#5741,#5742)
    ,(#5743,#5744,#5745,#5746,#5747,#5748,#5749,#5750,#5751,#5752,#5753
      ,#5754,#5755,#5756,#5757,#5758,#5759)
    ,(#5760,#5761,#5762,#5763,#5764,#5765,#5766,#5767,#5768,#5769,#5770
      ,#5771,#5772,#5773,#5774,#5775,#5776
)),.UNSPECIFIED.,.F.,.F.,.F.) B_SPLINE_SURFACE_WITH_KNOTS((3,3),(7,5,5,7
    ),(0.,146.60956066178),(-9.000422918949,-5.474960499456E-02,
    146.55481105679,155.50048437074),.UNSPECIFIED.) 
GEOMETRIC_REPRESENTATION_ITEM() RATIONAL_B_SPLINE_SURFACE((
    (1.,1.,1.,1.,1.,1.,1.,1.,1.,1.,1.,1.,1.,1.,1.,1.,1.)
    ,(0.706990803572,0.706990803572,0.706990803572,0.706990803572
      ,0.706990803572,0.706990803572,0.706990803572,0.706990803572
      ,0.706990803572,0.706990803572,0.706990803572,0.706990803572
      ,0.706990803572,0.706990803572,0.706990803572,0.706990803572
      ,0.706990803572)
    ,(1.,1.,1.,1.,1.,1.,1.,1.,1.,1.,1.,1.,1.,1.,1.,1.,1.
))) REPRESENTATION_ITEM('') SURFACE() );
#5726 = CARTESIAN_POINT('',(51.403895573858,26.364025982272,
    35.064199416322));
#5727 = CARTESIAN_POINT('',(52.523681845696,27.348349763048,
    35.053999416322));
#5728 = CARTESIAN_POINT('',(53.643468117535,28.332673543824,
    35.043799416322));
#5729 = CARTESIAN_POINT('',(54.763254389374,29.316997324601,
    35.033599416322));
#5730 = CARTESIAN_POINT('',(55.883040661212,30.301321105377,
    35.023399416322));
#5731 = CARTESIAN_POINT('',(57.002826933051,31.285644886153,
    35.013199416322));
#5732 = CARTESIAN_POINT('',(76.474655313701,48.401932353043,
    34.835832846935));
#5733 = CARTESIAN_POINT('',(94.826697422514,64.533896039158,
    34.668666277548));
#5734 = CARTESIAN_POINT('',(113.17873953132,80.665859725271,
    34.501499708161));
#5735 = CARTESIAN_POINT('',(131.53078164013,96.797823411386,
    34.334333138774));
#5736 = CARTESIAN_POINT('',(149.88282374894,112.9297870975,
    34.167166569387));
#5737 = CARTESIAN_POINT('',(169.3546521296,130.04607456439,33.9898));
#5738 = CARTESIAN_POINT('',(170.47443840143,131.03039834516,33.9796));
#5739 = CARTESIAN_POINT('',(171.59422467327,132.01472212594,33.9694));
#5740 = CARTESIAN_POINT('',(172.71401094511,132.99904590671,33.9592));
#5741 = CARTESIAN_POINT('',(173.83379721695,133.98336968749,33.949));
#5742 = CARTESIAN_POINT('',(174.95358348879,134.96769346827,33.9388));
#5743 = CARTESIAN_POINT('',(56.687346329832,20.35344032583,
    35.061574558259));
#5744 = CARTESIAN_POINT('',(57.807132601671,21.337764106607,
    35.051374558259));
#5745 = CARTESIAN_POINT('',(58.926918873509,22.322087887383,
    35.041174558259));
#5746 = CARTESIAN_POINT('',(60.046705145348,23.306411668159,
    35.030974558259));
#5747 = CARTESIAN_POINT('',(61.166491417187,24.290735448935,
    35.020774558259));
#5748 = CARTESIAN_POINT('',(62.286277689025,25.275059229712,
    35.010574558259));
#5749 = CARTESIAN_POINT('',(81.758106069676,42.391346696602,
    34.833207988872));
#5750 = CARTESIAN_POINT('',(100.11014817848,58.523310382716,
    34.666041419486));
#5751 = CARTESIAN_POINT('',(118.4621902873,74.65527406883,
    34.498874850098));
#5752 = CARTESIAN_POINT('',(136.81423239611,90.787237754944,
    34.331708280712));
#5753 = CARTESIAN_POINT('',(155.16627450492,106.91920144105,
    34.164541711325));
#5754 = CARTESIAN_POINT('',(174.63810288557,124.03548890794,
    33.987175141938));
#5755 = CARTESIAN_POINT('',(175.75788915741,125.01981268872,
    33.976975141938));
#5756 = CARTESIAN_POINT('',(176.87767542925,126.0041364695,
    33.966775141938));
#5757 = CARTESIAN_POINT('',(177.99746170109,126.98846025027,
    33.956575141938));
#5758 = CARTESIAN_POINT('',(179.11724797292,127.97278403105,
    33.946375141938));
#5759 = CARTESIAN_POINT('',(180.23703424476,128.95710781182,
    33.936175141938));
#5760 = CARTESIAN_POINT('',(56.728466447174,20.389586071126,
    43.064011770456));
#5761 = CARTESIAN_POINT('',(57.848252719013,21.373909851903,
    43.053811770456));
#5762 = CARTESIAN_POINT('',(58.968038990851,22.358233632679,
    43.043611770456));
#5763 = CARTESIAN_POINT('',(60.08782526269,23.342557413455,
    43.033411770456));
#5764 = CARTESIAN_POINT('',(61.207611534529,24.326881194231,
    43.023211770456));
#5765 = CARTESIAN_POINT('',(62.327397806367,25.311204975008,
    43.013011770456));
#5766 = CARTESIAN_POINT('',(81.799226187018,42.427492441898,
    42.835645201069));
#5767 = CARTESIAN_POINT('',(100.15126829583,58.559456128012,
    42.668478631683));
#5768 = CARTESIAN_POINT('',(118.50331040464,74.691419814126,
    42.501312062295));
#5769 = CARTESIAN_POINT('',(136.85535251345,90.82338350024,
    42.334145492909));
#5770 = CARTESIAN_POINT('',(155.20739462226,106.95534718635,
    42.166978923522));
#5771 = CARTESIAN_POINT('',(174.67922300291,124.07163465324,
    41.989612354135));
#5772 = CARTESIAN_POINT('',(175.79900927475,125.05595843402,
    41.979412354135));
#5773 = CARTESIAN_POINT('',(176.91879554659,126.04028221479,
    41.969212354135));
#5774 = CARTESIAN_POINT('',(178.03858181843,127.02460599557,
    41.959012354135));
#5775 = CARTESIAN_POINT('',(179.15836809027,128.00892977634,
    41.948812354135));
#5776 = CARTESIAN_POINT('',(180.2781543621,128.99325355712,
    41.938612354135));
#5777 = ADVANCED_FACE('',(#5778),#5810,.T.);
#5778 = FACE_BOUND('',#5779,.T.);
#5779 = EDGE_LOOP('',(#5780,#5781,#5803,#5809));
#5780 = ORIENTED_EDGE('',*,*,#2350,.T.);
#5781 = ORIENTED_EDGE('',*,*,#5782,.T.);
#5782 = EDGE_CURVE('',#2351,#5783,#5785,.T.);
#5783 = VERTEX_POINT('',#5784);
#5784 = CARTESIAN_POINT('',(163.26168270868,135.29792520448,34.));
#5785 = B_SPLINE_CURVE_WITH_KNOTS('',6,(#5786,#5787,#5788,#5789,#5790,
    #5791,#5792,#5793,#5794,#5795,#5796,#5797,#5798,#5799,#5800,#5801,
    #5802),.UNSPECIFIED.,.F.,.F.,(7,5,5,7),(-9.00042291895,
    -5.474960499524E-02,146.55481105679,155.50048437074),.UNSPECIFIED.);
#5786 = CARTESIAN_POINT('',(37.141467659691,44.24854490541,
    35.064199416322));
#5787 = CARTESIAN_POINT('',(38.350288275236,45.12122315049,
    35.053999416322));
#5788 = CARTESIAN_POINT('',(39.55910889078,45.993901395569,
    35.043799416322));
#5789 = CARTESIAN_POINT('',(40.767929506324,46.866579640649,
    35.033599416322));
#5790 = CARTESIAN_POINT('',(41.976750121868,47.739257885729,
    35.023399416322));
#5791 = CARTESIAN_POINT('',(43.185570737412,48.611936130809,
    35.013199416322));
#5792 = CARTESIAN_POINT('',(64.205606578911,63.786832847322,
    34.835832846935));
#5793 = CARTESIAN_POINT('',(84.016821804864,78.089051318755,
    34.668666277548));
#5794 = CARTESIAN_POINT('',(103.82803703082,92.39126979019,
    34.501499708161));
#5795 = CARTESIAN_POINT('',(123.63925225677,106.69348826162,
    34.334333138774));
#5796 = CARTESIAN_POINT('',(143.45046748272,120.99570673305,
    34.167166569387));
#5797 = CARTESIAN_POINT('',(164.47050332422,136.17060344956,33.9898));
#5798 = CARTESIAN_POINT('',(165.67932393977,137.04328169464,33.9796));
#5799 = CARTESIAN_POINT('',(166.88814455531,137.91595993972,33.9694));
#5800 = CARTESIAN_POINT('',(168.09696517086,138.7886381848,33.9592));
#5801 = CARTESIAN_POINT('',(169.3057857864,139.66131642988,33.949));
#5802 = CARTESIAN_POINT('',(170.51460640194,140.53399467496,33.9388));
#5803 = ORIENTED_EDGE('',*,*,#5804,.F.);
#5804 = EDGE_CURVE('',#5652,#5783,#5805,.T.);
#5805 = LINE('',#5806,#5807);
#5806 = CARTESIAN_POINT('',(173.23015190552,122.79786020443,34.));
#5807 = VECTOR('',#5808,1.);
#5808 = DIRECTION('',(-0.623489801859,0.781831482468,0.));
#5809 = ORIENTED_EDGE('',*,*,#5651,.F.);
#5810 = B_SPLINE_SURFACE_WITH_KNOTS('',1,1,(
    (#5811,#5812)
    ,(#5813,#5814
    )),.UNSPECIFIED.,.F.,.F.,.F.,(2,2),(2,2),(0.,38.),(0.,1.),
  .PIECEWISE_BEZIER_KNOTS.);
#5811 = CARTESIAN_POINT('',(63.447184078206,26.295528755784,35.));
#5812 = CARTESIAN_POINT('',(173.23015190552,122.79786020443,34.));
#5813 = CARTESIAN_POINT('',(39.754571607574,56.005125089569,35.));
#5814 = CARTESIAN_POINT('',(158.26639666091,141.56181578366,34.));
#5815 = ADVANCED_FACE('',(#5816),#5990,.T.);
#5816 = FACE_BOUND('',#5817,.T.);
#5817 = EDGE_LOOP('',(#5818,#5819,#5820,#5939,#5961));
#5818 = ORIENTED_EDGE('',*,*,#5782,.F.);
#5819 = ORIENTED_EDGE('',*,*,#2358,.F.);
#5820 = ORIENTED_EDGE('',*,*,#5821,.F.);
#5821 = EDGE_CURVE('',#5822,#2359,#5824,.T.);
#5822 = VERTEX_POINT('',#5823);
#5823 = CARTESIAN_POINT('',(47.68213003584,61.728230476742,
    42.935919218387));
#5824 = B_SPLINE_CURVE_WITH_KNOTS('',8,(#5825,#5826,#5827,#5828,#5829,
    #5830,#5831,#5832,#5833,#5834,#5835,#5836,#5837,#5838,#5839,#5840,
    #5841,#5842,#5843,#5844,#5845,#5846,#5847,#5848,#5849,#5850,#5851,
    #5852,#5853,#5854,#5855,#5856,#5857,#5858,#5859,#5860,#5861,#5862,
    #5863,#5864,#5865,#5866,#5867,#5868,#5869,#5870,#5871,#5872,#5873,
    #5874,#5875,#5876,#5877,#5878,#5879,#5880,#5881,#5882,#5883,#5884,
    #5885,#5886,#5887,#5888,#5889,#5890,#5891,#5892,#5893,#5894,#5895,
    #5896,#5897,#5898,#5899,#5900,#5901,#5902,#5903,#5904,#5905,#5906,
    #5907,#5908,#5909,#5910,#5911,#5912,#5913,#5914,#5915,#5916,#5917,
    #5918,#5919,#5920,#5921,#5922,#5923,#5924,#5925,#5926,#5927,#5928,
    #5929,#5930,#5931,#5932,#5933,#5934,#5935,#5936,#5937,#5938),
  .UNSPECIFIED.,.F.,.F.,(9,7,7,7,7,7,7,7,7,7,7,7,7,7,7,7,9),(0.,
    0.106991883795,0.214175378111,0.319846282916,0.422847325799,
    0.52449744428,0.626023471326,0.728515848074,0.832679324342,
    0.890287816522,0.946887875191,0.970772527995,0.984448479132,
    0.992164730063,0.996269955091,0.998520299417,1.),.UNSPECIFIED.);
#5825 = CARTESIAN_POINT('',(47.68213003584,61.728230476742,
    42.935919218387));
#5826 = CARTESIAN_POINT('',(47.681153093744,61.727525197479,
    42.791685044428));
#5827 = CARTESIAN_POINT('',(47.680107747784,61.723104826348,
    42.646242184919));
#5828 = CARTESIAN_POINT('',(47.678992327707,61.714859307719,
    42.499680448094));
#5829 = CARTESIAN_POINT('',(47.677804937333,61.702682195318,
    42.352097051157));
#5830 = CARTESIAN_POINT('',(47.676543426253,61.686471640039,
    42.203596420301));
#5831 = CARTESIAN_POINT('',(47.675205361535,61.666131377771,
    42.054289990714));
#5832 = CARTESIAN_POINT('',(47.673787999429,61.641571717207,
    41.904296006601));
#5833 = CARTESIAN_POINT('',(47.67078582884,61.583797650969,
    41.602913005561));
#5834 = CARTESIAN_POINT('',(47.669200723667,61.550567839278,
    41.451521951304));
#5835 = CARTESIAN_POINT('',(47.667529851057,61.512938484155,
    41.299691493145));
#5836 = CARTESIAN_POINT('',(47.665769773298,61.47083468042,
    41.147553603847));
#5837 = CARTESIAN_POINT('',(47.663916695198,61.424190144634,
    40.995246261698));
#5838 = CARTESIAN_POINT('',(47.661966453827,61.372948133556,
    40.842912818003));
#5839 = CARTESIAN_POINT('',(47.659914508257,61.317062362617,
    40.690701364576));
#5840 = CARTESIAN_POINT('',(47.655627812537,61.196788180567,
    40.388970999271));
#5841 = CARTESIAN_POINT('',(47.65339605009,61.132530892376,
    40.239444353896));
#5842 = CARTESIAN_POINT('',(47.651055932045,61.06369243897,
    40.090329854262));
#5843 = CARTESIAN_POINT('',(47.64860237999,60.99025001673,
    39.941776971593));
#5844 = CARTESIAN_POINT('',(47.646029965413,60.912192129387,
    39.793938020479));
#5845 = CARTESIAN_POINT('',(47.643332928096,60.829519078157,
    39.64696722017));
#5846 = CARTESIAN_POINT('',(47.640505194514,60.742243451875,
    39.501019755876));
#5847 = CARTESIAN_POINT('',(47.634650505996,60.560858519438,
    39.215139629437));
#5848 = CARTESIAN_POINT('',(47.631630390565,60.466977564327,
    39.075148105884));
#5849 = CARTESIAN_POINT('',(47.628474159141,60.368770992661,
    38.936419953731));
#5850 = CARTESIAN_POINT('',(47.625175661537,60.266273579322,
    38.799098745938));
#5851 = CARTESIAN_POINT('',(47.621728519516,60.159531542197,
    38.663326997606));
#5852 = CARTESIAN_POINT('',(47.618126158146,60.048602451164,
    38.529245219468));
#5853 = CARTESIAN_POINT('',(47.614361837144,59.93355513709,
    38.396990971387));
#5854 = CARTESIAN_POINT('',(47.60654711316,59.696945947341,
    38.138113736877));
#5855 = CARTESIAN_POINT('',(47.60250111375,59.575489270624,
    38.011439593579));
#5856 = CARTESIAN_POINT('',(47.598284059939,59.450176202066,
    37.886804012096));
#5857 = CARTESIAN_POINT('',(47.593889222283,59.321093914293,
    37.764331700818));
#5858 = CARTESIAN_POINT('',(47.589309764254,59.18833949964,
    37.644142790047));
#5859 = CARTESIAN_POINT('',(47.584538740537,59.052019348627,
    37.526352071648));
#5860 = CARTESIAN_POINT('',(47.579569095325,58.912248528444,
    37.411068238707));
#5861 = CARTESIAN_POINT('',(47.569224543918,58.626226484633,
    37.185855562084));
#5862 = CARTESIAN_POINT('',(47.563850155595,58.479983353226,
    37.075920323915));
#5863 = CARTESIAN_POINT('',(47.558263262386,58.330543196233,
    36.96868901724));
#5864 = CARTESIAN_POINT('',(47.552456595841,58.178036407607,
    36.864256348819));
#5865 = CARTESIAN_POINT('',(47.546422677379,58.022600253521,
    36.762709694124));
#5866 = CARTESIAN_POINT('',(47.540153643365,57.864377779647,
    36.664128665856));
#5867 = CARTESIAN_POINT('',(47.53364107017,57.703516718449,
    36.56858468246));
#5868 = CARTESIAN_POINT('',(47.520046134794,57.37526528497,
    36.382816484699));
#5869 = CARTESIAN_POINT('',(47.512959039969,57.207827384942,
    36.292651554613));
#5870 = CARTESIAN_POINT('',(47.505604604224,57.038009980289,
    36.205710545359));
#5871 = CARTESIAN_POINT('',(47.497972618304,56.865972313552,
    36.122049280513));
#5872 = CARTESIAN_POINT('',(47.490051505104,56.691875720239,
    36.041714589537));
#5873 = CARTESIAN_POINT('',(47.481827250546,56.515881763171,
    35.964744289051));
#5874 = CARTESIAN_POINT('',(47.473282334444,56.338150366817,
    35.891167164115));
#5875 = CARTESIAN_POINT('',(47.455362078155,55.976601915196,
    35.749694733863));
#5876 = CARTESIAN_POINT('',(47.44597503653,55.792732616153,
    35.681911677115));
#5877 = CARTESIAN_POINT('',(47.436210922512,55.607394641874,
    35.617674583282));
#5878 = CARTESIAN_POINT('',(47.426038174431,55.420746045469,
    35.556994831782));
#5879 = CARTESIAN_POINT('',(47.415418510644,55.232938755352,
    35.49987456149));
#5880 = CARTESIAN_POINT('',(47.404301355185,55.044113575848,
    35.446307035735));
#5881 = CARTESIAN_POINT('',(47.392610461358,54.854389778841,
    35.396277188221));
#5882 = CARTESIAN_POINT('',(47.373371595381,54.558469254439,
    35.324036924843));
#5883 = CARTESIAN_POINT('',(47.36630710136,54.452839285828,
    35.299386655036));
#5884 = CARTESIAN_POINT('',(47.359008554084,54.346973316292,
    35.275807699976));
#5885 = CARTESIAN_POINT('',(47.351449249475,54.240880658584,
    35.253295526096));
#5886 = CARTESIAN_POINT('',(47.34359666138,54.134566089305,
    35.231844930921));
#5887 = CARTESIAN_POINT('',(47.335409256379,54.028027561278,
    35.211450098814));
#5888 = CARTESIAN_POINT('',(47.326829938512,53.921251541548,
    35.192104688291));
#5889 = CARTESIAN_POINT('',(47.308880795866,53.709034235238,
    35.155819601962));
#5890 = CARTESIAN_POINT('',(47.299527162648,53.603602571745,
    35.138843828762));
#5891 = CARTESIAN_POINT('',(47.28963769274,53.497880686901,
    35.12286812478));
#5892 = CARTESIAN_POINT('',(47.279102661427,53.391815382281,
    35.107885762378));
#5893 = CARTESIAN_POINT('',(47.267791462595,53.285338479029,
    35.093889687305));
#5894 = CARTESIAN_POINT('',(47.255475862436,53.178312752724,
    35.080873221516));
#5895 = CARTESIAN_POINT('',(47.241874744425,53.070563397282,
    35.068829649947));
#5896 = CARTESIAN_POINT('',(47.219738116577,52.915666554446,
    35.053082118476));
#5897 = CARTESIAN_POINT('',(47.21281884753,52.869489608767,
    35.04858152189));
#5898 = CARTESIAN_POINT('',(47.205497400775,52.823067658336,
    35.044253274731));
#5899 = CARTESIAN_POINT('',(47.197711349734,52.776358440098,
    35.040097192088));
#5900 = CARTESIAN_POINT('',(47.189375070613,52.7293036111,
    35.036113310368));
#5901 = CARTESIAN_POINT('',(47.180378714163,52.681828020662,
    35.032301887504));
#5902 = CARTESIAN_POINT('',(47.170568929446,52.633826171725,
    35.028663572178));
#5903 = CARTESIAN_POINT('',(47.153447025261,52.557223339365,
    35.023216854025));
#5904 = CARTESIAN_POINT('',(47.146859699378,52.529100036565,
    35.021291027251));
#5905 = CARTESIAN_POINT('',(47.139868298277,52.500709095955,
    35.019422826035));
#5906 = CARTESIAN_POINT('',(47.132412654877,52.472008713604,
    35.017612655685));
#5907 = CARTESIAN_POINT('',(47.124409738937,52.442941514733,
    35.015861167731));
#5908 = CARTESIAN_POINT('',(47.115753814442,52.41343465456,
    35.014169249101));
#5909 = CARTESIAN_POINT('',(47.106297691392,52.383386725291,
    35.012538192066));
#5910 = CARTESIAN_POINT('',(47.089849483813,52.335258760398,
    35.010085757398));
#5911 = CARTESIAN_POINT('',(47.08357992151,52.317670891041,
    35.009221343162));
#5912 = CARTESIAN_POINT('',(47.076925557687,52.299821076822,
    35.008377503379));
#5913 = CARTESIAN_POINT('',(47.069830503242,52.281670575445,
    35.007554747824));
#5914 = CARTESIAN_POINT('',(47.062215573759,52.26316520285,
    35.006753861618));
#5915 = CARTESIAN_POINT('',(47.053980660991,52.244236954552,
    35.005975872495));
#5916 = CARTESIAN_POINT('',(47.044985881211,52.224790968848,
    35.005222230438));
#5917 = CARTESIAN_POINT('',(47.029644884135,52.193935811095,
    35.004109009987));
#5918 = CARTESIAN_POINT('',(47.024030201969,52.183026418538,
    35.003730140234));
#5919 = CARTESIAN_POINT('',(47.018087293518,52.17189371848,
    35.003359342727));
#5920 = CARTESIAN_POINT('',(47.011769453933,52.160505740417,
    35.002997089831));
#5921 = CARTESIAN_POINT('',(47.005009734244,52.148817689922,
    35.002644124988));
#5922 = CARTESIAN_POINT('',(46.997724286661,52.136774192591,
    35.002301419595));
#5923 = CARTESIAN_POINT('',(46.989796211915,52.124298306498,
    35.001970338477));
#5924 = CARTESIAN_POINT('',(46.976182146689,52.10408503721,
    35.001479696341));
#5925 = CARTESIAN_POINT('',(46.971104964073,52.096758386711,
    35.001310337883));
#5926 = CARTESIAN_POINT('',(46.965730410989,52.089233134296,
    35.001145687298));
#5927 = CARTESIAN_POINT('',(46.960014735019,52.081479761003,
    35.000986215941));
#5928 = CARTESIAN_POINT('',(46.953892354426,52.073456125183,
    35.000832752497));
#5929 = CARTESIAN_POINT('',(46.947283382556,52.065112328223,
    35.000686383366));
#5930 = CARTESIAN_POINT('',(46.940077126626,52.056379788417,
    35.000548638635));
#5931 = CARTESIAN_POINT('',(46.926757479846,52.041017704598,
    35.000339686503));
#5932 = CARTESIAN_POINT('',(46.921160258226,52.034744815822,
    35.000262583836));
#5933 = CARTESIAN_POINT('',(46.915154244159,52.028209558066,
    35.000191219263));
#5934 = CARTESIAN_POINT('',(46.908616209058,52.021327803737,
    35.000126880393));
#5935 = CARTESIAN_POINT('',(46.901460221776,52.014048151063,
    35.000070865587));
#5936 = CARTESIAN_POINT('',(46.893468786684,52.006258890442,
    35.000027457843));
#5937 = CARTESIAN_POINT('',(46.884521622305,51.997917090606,35.));
#5938 = CARTESIAN_POINT('',(46.874020738821,51.988712041909,35.));
#5939 = ORIENTED_EDGE('',*,*,#5940,.T.);
#5940 = EDGE_CURVE('',#5822,#5941,#5943,.T.);
#5941 = VERTEX_POINT('',#5942);
#5942 = CARTESIAN_POINT('',(158.26639666091,141.56181578366,
    42.002811770456));
#5943 = B_SPLINE_CURVE_WITH_KNOTS('',6,(#5944,#5945,#5946,#5947,#5948,
    #5949,#5950,#5951,#5952,#5953,#5954,#5955,#5956,#5957,#5958,#5959,
    #5960),.UNSPECIFIED.,.F.,.F.,(7,5,5,7),(-9.00042291895,
    -5.474960499524E-02,146.55481105679,155.50048437074),.UNSPECIFIED.);
#5944 = CARTESIAN_POINT('',(32.501647914309,50.76905561909,
    43.064011770456));
#5945 = CARTESIAN_POINT('',(33.710468529854,51.64173386417,
    43.053811770456));
#5946 = CARTESIAN_POINT('',(34.919289145398,52.51441210925,
    43.043611770456));
#5947 = CARTESIAN_POINT('',(36.128109760942,53.38709035433,
    43.033411770456));
#5948 = CARTESIAN_POINT('',(37.336930376486,54.259768599409,
    43.023211770456));
#5949 = CARTESIAN_POINT('',(38.54575099203,55.132446844489,
    43.013011770456));
#5950 = CARTESIAN_POINT('',(59.565786833529,70.307343561003,
    42.83564520107));
#5951 = CARTESIAN_POINT('',(79.377002059483,84.609562032435,
    42.668478631682));
#5952 = CARTESIAN_POINT('',(99.188217285439,98.91178050387,
    42.501312062296));
#5953 = CARTESIAN_POINT('',(118.99943251139,113.2139989753,
    42.334145492908));
#5954 = CARTESIAN_POINT('',(138.81064773734,127.51621744673,
    42.166978923522));
#5955 = CARTESIAN_POINT('',(159.83068357884,142.69111416324,
    41.989612354135));
#5956 = CARTESIAN_POINT('',(161.03950419439,143.56379240832,
    41.979412354135));
#5957 = CARTESIAN_POINT('',(162.24832480993,144.4364706534,
    41.969212354135));
#5958 = CARTESIAN_POINT('',(163.45714542547,145.30914889848,
    41.959012354135));
#5959 = CARTESIAN_POINT('',(164.66596604102,146.18182714356,
    41.948812354135));
#5960 = CARTESIAN_POINT('',(165.87478665656,147.05450538864,
    41.938612354135));
#5961 = ORIENTED_EDGE('',*,*,#5962,.F.);
#5962 = EDGE_CURVE('',#5783,#5941,#5963,.T.);
#5963 = B_SPLINE_CURVE_WITH_KNOTS('',7,(#5964,#5965,#5966,#5967,#5968,
    #5969,#5970,#5971,#5972,#5973,#5974,#5975,#5976,#5977,#5978,#5979,
    #5980,#5981,#5982,#5983,#5984,#5985,#5986,#5987,#5988,#5989),
  .UNSPECIFIED.,.F.,.F.,(8,6,6,6,8),(0.,0.249928743902,0.500002573608,
    0.75007469467,1.),.UNSPECIFIED.);
#5964 = CARTESIAN_POINT('',(163.26168270868,135.29792520448,34.));
#5965 = CARTESIAN_POINT('',(163.00932058337,135.61437730035,34.));
#5966 = CARTESIAN_POINT('',(162.75082526792,135.9385201734,
    34.023838195587));
#5967 = CARTESIAN_POINT('',(162.48750794855,136.26870964811,
    34.073594322343));
#5968 = CARTESIAN_POINT('',(162.22100287988,136.60289643401,
    34.15114205148));
#5969 = CARTESIAN_POINT('',(161.95327109895,136.93862146843,
    34.257934940985));
#5970 = CARTESIAN_POINT('',(161.68652853878,137.27310605925,
    34.394825659662));
#5971 = CARTESIAN_POINT('',(161.15951562044,137.93395935628,
    34.729108307305));
#5972 = CARTESIAN_POINT('',(160.89924827485,138.26032428483,
    34.926536733981));
#5973 = CARTESIAN_POINT('',(160.6446249072,138.57961188891,
    35.154311976588));
#5974 = CARTESIAN_POINT('',(160.39808031941,138.88876902346,
    35.411810777759));
#5975 = CARTESIAN_POINT('',(160.16201435824,139.18478637585,
    35.697561774271));
#5976 = CARTESIAN_POINT('',(159.9385849692,139.46495796796,
    36.009289745989));
#5977 = CARTESIAN_POINT('',(159.52057937637,139.9891204023,
    36.678965131902));
#5978 = CARTESIAN_POINT('',(159.32600216653,140.23311250604,
    37.036913526272));
#5979 = CARTESIAN_POINT('',(159.14763893485,140.45677292428,
    37.415107423289));
#5980 = CARTESIAN_POINT('',(158.98691003309,140.6583205922,
    37.810089797597));
#5981 = CARTESIAN_POINT('',(158.8447340904,140.8366035853,
    38.218015913717));
#5982 = CARTESIAN_POINT('',(158.72150032316,140.99113384169,
    38.634984884271));
#5983 = CARTESIAN_POINT('',(158.51284357472,141.25278112841,
    39.479299588322));
#5984 = CARTESIAN_POINT('',(158.42739754564,141.35992705989,
    39.906640440957));
#5985 = CARTESIAN_POINT('',(158.36073827145,141.44351514586,
    40.335566432024));
#5986 = CARTESIAN_POINT('',(158.31233359769,141.50421268691,
    40.762527272486));
#5987 = CARTESIAN_POINT('',(158.28127624447,141.54315737604,
    41.184381054573));
#5988 = CARTESIAN_POINT('',(158.26639666091,141.56181578366,
    41.598509451841));
#5989 = CARTESIAN_POINT('',(158.26639666091,141.56181578366,
    42.002811770456));
#5990 = ( BOUNDED_SURFACE() B_SPLINE_SURFACE(2,6,(
    (#5991,#5992,#5993,#5994,#5995,#5996,#5997,#5998,#5999,#6000,#6001
      ,#6002,#6003,#6004,#6005,#6006,#6007)
    ,(#6008,#6009,#6010,#6011,#6012,#6013,#6014,#6015,#6016,#6017,#6018
      ,#6019,#6020,#6021,#6022,#6023,#6024)
    ,(#6025,#6026,#6027,#6028,#6029,#6030,#6031,#6032,#6033,#6034,#6035
      ,#6036,#6037,#6038,#6039,#6040,#6041
)),.UNSPECIFIED.,.F.,.F.,.F.) B_SPLINE_SURFACE_WITH_KNOTS((3,3),(7,5,5,7
    ),(0.,146.60956066178),(-9.00042291895,-5.474960499524E-02,
    146.55481105679,155.50048437074),.UNSPECIFIED.) 
GEOMETRIC_REPRESENTATION_ITEM() RATIONAL_B_SPLINE_SURFACE((
    (1.,1.,1.,1.,1.,1.,1.,1.,1.,1.,1.,1.,1.,1.,1.,1.,1.)
    ,(0.706990803572,0.706990803572,0.706990803572,0.706990803572
      ,0.706990803572,0.706990803572,0.706990803572,0.706990803572
      ,0.706990803572,0.706990803572,0.706990803572,0.706990803572
      ,0.706990803572,0.706990803572,0.706990803572,0.706990803572
      ,0.706990803572)
    ,(1.,1.,1.,1.,1.,1.,1.,1.,1.,1.,1.,1.,1.,1.,1.,1.,1.
))) REPRESENTATION_ITEM('') SURFACE() );
#5991 = CARTESIAN_POINT('',(37.141467659691,44.24854490541,
    35.064199416322));
#5992 = CARTESIAN_POINT('',(38.350288275236,45.12122315049,
    35.053999416322));
#5993 = CARTESIAN_POINT('',(39.55910889078,45.993901395569,
    35.043799416322));
#5994 = CARTESIAN_POINT('',(40.767929506324,46.866579640649,
    35.033599416322));
#5995 = CARTESIAN_POINT('',(41.976750121868,47.739257885729,
    35.023399416322));
#5996 = CARTESIAN_POINT('',(43.185570737412,48.611936130809,
    35.013199416322));
#5997 = CARTESIAN_POINT('',(64.205606578911,63.786832847322,
    34.835832846935));
#5998 = CARTESIAN_POINT('',(84.016821804864,78.089051318755,
    34.668666277548));
#5999 = CARTESIAN_POINT('',(103.82803703082,92.39126979019,
    34.501499708161));
#6000 = CARTESIAN_POINT('',(123.63925225677,106.69348826162,
    34.334333138774));
#6001 = CARTESIAN_POINT('',(143.45046748272,120.99570673305,
    34.167166569387));
#6002 = CARTESIAN_POINT('',(164.47050332422,136.17060344956,33.9898));
#6003 = CARTESIAN_POINT('',(165.67932393977,137.04328169464,33.9796));
#6004 = CARTESIAN_POINT('',(166.88814455531,137.91595993972,33.9694));
#6005 = CARTESIAN_POINT('',(168.09696517086,138.7886381848,33.9592));
#6006 = CARTESIAN_POINT('',(169.3057857864,139.66131642988,33.949));
#6007 = CARTESIAN_POINT('',(170.51460640194,140.53399467496,33.9388));
#6008 = CARTESIAN_POINT('',(32.457258331398,50.737009653943,
    35.061574558259));
#6009 = CARTESIAN_POINT('',(33.666078946943,51.609687899023,
    35.051374558259));
#6010 = CARTESIAN_POINT('',(34.874899562487,52.482366144103,
    35.041174558259));
#6011 = CARTESIAN_POINT('',(36.083720178031,53.355044389183,
    35.030974558259));
#6012 = CARTESIAN_POINT('',(37.292540793575,54.227722634262,
    35.020774558259));
#6013 = CARTESIAN_POINT('',(38.501361409119,55.100400879342,
    35.010574558259));
#6014 = CARTESIAN_POINT('',(59.521397250618,70.275297595856,
    34.833207988872));
#6015 = CARTESIAN_POINT('',(79.332612476572,84.577516067289,
    34.666041419486));
#6016 = CARTESIAN_POINT('',(99.143827702527,98.879734538723,
    34.498874850099));
#6017 = CARTESIAN_POINT('',(118.95504292848,113.18195301015,
    34.331708280712));
#6018 = CARTESIAN_POINT('',(138.76625815443,127.48417148158,
    34.164541711325));
#6019 = CARTESIAN_POINT('',(159.78629399593,142.6590681981,
    33.987175141938));
#6020 = CARTESIAN_POINT('',(160.99511461147,143.53174644318,
    33.976975141938));
#6021 = CARTESIAN_POINT('',(162.20393522702,144.40442468826,
    33.966775141938));
#6022 = CARTESIAN_POINT('',(163.41275584256,145.27710293334,
    33.956575141938));
#6023 = CARTESIAN_POINT('',(164.62157645811,146.14978117842,
    33.946375141938));
#6024 = CARTESIAN_POINT('',(165.83039707365,147.0224594235,
    33.936175141938));
#6025 = CARTESIAN_POINT('',(32.501647914309,50.76905561909,
    43.064011770456));
#6026 = CARTESIAN_POINT('',(33.710468529854,51.64173386417,
    43.053811770456));
#6027 = CARTESIAN_POINT('',(34.919289145398,52.51441210925,
    43.043611770456));
#6028 = CARTESIAN_POINT('',(36.128109760942,53.38709035433,
    43.033411770456));
#6029 = CARTESIAN_POINT('',(37.336930376486,54.259768599409,
    43.023211770456));
#6030 = CARTESIAN_POINT('',(38.54575099203,55.132446844489,
    43.013011770456));
#6031 = CARTESIAN_POINT('',(59.565786833529,70.307343561003,
    42.83564520107));
#6032 = CARTESIAN_POINT('',(79.377002059483,84.609562032435,
    42.668478631682));
#6033 = CARTESIAN_POINT('',(99.188217285439,98.91178050387,
    42.501312062296));
#6034 = CARTESIAN_POINT('',(118.99943251139,113.2139989753,
    42.334145492908));
#6035 = CARTESIAN_POINT('',(138.81064773734,127.51621744673,
    42.166978923522));
#6036 = CARTESIAN_POINT('',(159.83068357884,142.69111416324,
    41.989612354135));
#6037 = CARTESIAN_POINT('',(161.03950419439,143.56379240832,
    41.979412354135));
#6038 = CARTESIAN_POINT('',(162.24832480993,144.4364706534,
    41.969212354135));
#6039 = CARTESIAN_POINT('',(163.45714542547,145.30914889848,
    41.959012354135));
#6040 = CARTESIAN_POINT('',(164.66596604102,146.18182714356,
    41.948812354135));
#6041 = CARTESIAN_POINT('',(165.87478665656,147.05450538864,
    41.938612354135));
#6042 = ADVANCED_FACE('',(#6043),#6183,.T.);
#6043 = FACE_BOUND('',#6044,.F.);
#6044 = EDGE_LOOP('',(#6045,#6053,#6054,#6064,#6181,#6182));
#6045 = ORIENTED_EDGE('',*,*,#6046,.F.);
#6046 = EDGE_CURVE('',#4708,#5822,#6047,.T.);
#6047 = B_SPLINE_CURVE_WITH_KNOTS('',4,(#6048,#6049,#6050,#6051,#6052),
  .UNSPECIFIED.,.F.,.F.,(5,5),(0.,1.),.PIECEWISE_BEZIER_KNOTS.);
#6048 = CARTESIAN_POINT('',(47.682347051676,61.728387145976,43.));
#6049 = CARTESIAN_POINT('',(47.682347051676,61.728387145976,
    42.983979333687));
#6050 = CARTESIAN_POINT('',(47.682310880829,61.728361033325,
    42.967958818824));
#6051 = CARTESIAN_POINT('',(47.682238540674,61.728308809132,
    42.951938549142));
#6052 = CARTESIAN_POINT('',(47.682130031776,61.728230473809,
    42.935918618421));
#6053 = ORIENTED_EDGE('',*,*,#4717,.T.);
#6054 = ORIENTED_EDGE('',*,*,#6055,.F.);
#6055 = EDGE_CURVE('',#6056,#4718,#6058,.T.);
#6056 = VERTEX_POINT('',#6057);
#6057 = CARTESIAN_POINT('',(18.531752135512,75.766312602188,
    42.935919218387));
#6058 = B_SPLINE_CURVE_WITH_KNOTS('',4,(#6059,#6060,#6061,#6062,#6063),
  .UNSPECIFIED.,.F.,.F.,(5,5),(0.,1.),.PIECEWISE_BEZIER_KNOTS.);
#6059 = CARTESIAN_POINT('',(18.531752135752,75.766312597182,
    42.935918618421));
#6060 = CARTESIAN_POINT('',(18.531745726583,75.766446274129,
    42.951938549096));
#6061 = CARTESIAN_POINT('',(18.531741453751,75.766535393192,
    42.967958818862));
#6062 = CARTESIAN_POINT('',(18.53173931729,75.766579953671,
    42.983979333585));
#6063 = CARTESIAN_POINT('',(18.53173931729,75.766579953671,43.));
#6064 = ORIENTED_EDGE('',*,*,#6065,.T.);
#6065 = EDGE_CURVE('',#6056,#2408,#6066,.T.);
#6066 = B_SPLINE_CURVE_WITH_KNOTS('',8,(#6067,#6068,#6069,#6070,#6071,
    #6072,#6073,#6074,#6075,#6076,#6077,#6078,#6079,#6080,#6081,#6082,
    #6083,#6084,#6085,#6086,#6087,#6088,#6089,#6090,#6091,#6092,#6093,
    #6094,#6095,#6096,#6097,#6098,#6099,#6100,#6101,#6102,#6103,#6104,
    #6105,#6106,#6107,#6108,#6109,#6110,#6111,#6112,#6113,#6114,#6115,
    #6116,#6117,#6118,#6119,#6120,#6121,#6122,#6123,#6124,#6125,#6126,
    #6127,#6128,#6129,#6130,#6131,#6132,#6133,#6134,#6135,#6136,#6137,
    #6138,#6139,#6140,#6141,#6142,#6143,#6144,#6145,#6146,#6147,#6148,
    #6149,#6150,#6151,#6152,#6153,#6154,#6155,#6156,#6157,#6158,#6159,
    #6160,#6161,#6162,#6163,#6164,#6165,#6166,#6167,#6168,#6169,#6170,
    #6171,#6172,#6173,#6174,#6175,#6176,#6177,#6178,#6179,#6180),
  .UNSPECIFIED.,.F.,.F.,(9,7,7,7,7,7,7,7,7,7,7,7,7,7,7,7,9),(0.,
    0.106991883795,0.214175378111,0.319846282916,0.422847325799,
    0.52449744428,0.626023471327,0.728515848075,0.832679324343,
    0.890287816523,0.946887875191,0.970772527995,0.984448479132,
    0.992164730063,0.996269955091,0.998520299417,1.),.UNSPECIFIED.);
#6067 = CARTESIAN_POINT('',(18.531752135512,75.766312602188,
    42.935919218387));
#6068 = CARTESIAN_POINT('',(18.531809839413,75.765109063673,
    42.791685044428));
#6069 = CARTESIAN_POINT('',(18.529005616644,75.76153572297,
    42.646242184919));
#6070 = CARTESIAN_POINT('',(18.523254463634,75.755522655663,
    42.499680448094));
#6071 = CARTESIAN_POINT('',(18.514474339582,75.747002011088,
    42.352097051157));
#6072 = CARTESIAN_POINT('',(18.50258695641,75.735908606111,
    42.203596420301));
#6073 = CARTESIAN_POINT('',(18.487518568713,75.722180518898,
    42.054289990714));
#6074 = CARTESIAN_POINT('',(18.469200763704,75.705759682683,
    41.904296006601));
#6075 = CARTESIAN_POINT('',(18.425903002594,75.667390950089,
    41.602913005561));
#6076 = CARTESIAN_POINT('',(18.400911186569,75.645433216255,
    41.451521951304));
#6077 = CARTESIAN_POINT('',(18.372533144101,75.620665356275,
    41.299691493145));
#6078 = CARTESIAN_POINT('',(18.340712455343,75.593037979823,
    41.147553603847));
#6079 = CARTESIAN_POINT('',(18.305399664077,75.56250679265,
    40.995246261698));
#6080 = CARTESIAN_POINT('',(18.266553002197,75.529033161214,
    40.842912818003));
#6081 = CARTESIAN_POINT('',(18.224139114192,75.492584677318,
    40.690701364575));
#6082 = CARTESIAN_POINT('',(18.132777683202,75.414243477713,
    40.388970999271));
#6083 = CARTESIAN_POINT('',(18.083930793442,75.372434851688,
    40.239444353896));
#6084 = CARTESIAN_POINT('',(18.031569763102,75.327685200054,
    40.090329854261));
#6085 = CARTESIAN_POINT('',(17.97567992993,75.279976334523,
    39.941776971593));
#6086 = CARTESIAN_POINT('',(17.916255690405,75.229296843107,
    39.793938020479));
#6087 = CARTESIAN_POINT('',(17.853300871465,75.175642410093,
    39.64696722017));
#6088 = CARTESIAN_POINT('',(17.786829102236,75.119016136017,
    39.501019755875));
#6089 = CARTESIAN_POINT('',(17.648666990195,75.001347100628,
    39.215139629436));
#6090 = CARTESIAN_POINT('',(17.577150915057,74.940452061203,
    39.075148105884));
#6091 = CARTESIAN_POINT('',(17.502337803648,74.876753624201,
    38.936419953731));
#6092 = CARTESIAN_POINT('',(17.424258678646,74.810268662996,
    38.799098745938));
#6093 = CARTESIAN_POINT('',(17.342953651414,74.741021007262,
    38.663326997605));
#6094 = CARTESIAN_POINT('',(17.258471831301,74.669041410743,
    38.529245219467));
#6095 = CARTESIAN_POINT('',(17.170871234939,74.594367519017,
    38.396990971386));
#6096 = CARTESIAN_POINT('',(16.990755122061,74.440734304945,
    38.138113736877));
#6097 = CARTESIAN_POINT('',(16.898319107818,74.361844015928,
    38.011439593579));
#6098 = CARTESIAN_POINT('',(16.802974695699,74.280415570209,
    37.886804012095));
#6099 = CARTESIAN_POINT('',(16.704794235749,74.196498057742,
    37.764331700818));
#6100 = CARTESIAN_POINT('',(16.603857900316,74.110146669594,
    37.644142790047));
#6101 = CARTESIAN_POINT('',(16.500253199191,74.021422309105,
    37.526352071648));
#6102 = CARTESIAN_POINT('',(16.39407449475,73.930391203039,
    37.411068238707));
#6103 = CARTESIAN_POINT('',(16.176903178526,73.743971679655,
    37.185855562083));
#6104 = CARTESIAN_POINT('',(16.065916570608,73.648588712641,
    37.075920323914));
#6105 = CARTESIAN_POINT('',(15.952562922065,73.551046289768,
    36.96868901724));
#6106 = CARTESIAN_POINT('',(15.836948710802,73.451420027632,
    36.864256348819));
#6107 = CARTESIAN_POINT('',(15.719185918649,73.349789663303,
    36.762709694124));
#6108 = CARTESIAN_POINT('',(15.599391286116,73.246238236261,
    36.664128665856));
#6109 = CARTESIAN_POINT('',(15.477685567139,73.140851270332,
    36.56858468246));
#6110 = CARTESIAN_POINT('',(15.229524565843,72.925560900633,
    36.382816484699));
#6111 = CARTESIAN_POINT('',(15.103035075592,72.815624163667,
    36.292651554613));
#6112 = CARTESIAN_POINT('',(14.974851898049,72.703994814287,
    36.205710545358));
#6113 = CARTESIAN_POINT('',(14.845105899412,72.590764156674,
    36.122049280513));
#6114 = CARTESIAN_POINT('',(14.713930435069,72.47602373053,
    36.041714589536));
#6115 = CARTESIAN_POINT('',(14.581460557554,72.359863311976,
    35.96474428905));
#6116 = CARTESIAN_POINT('',(14.447832224509,72.242368914456,
    35.891167164114));
#6117 = CARTESIAN_POINT('',(14.176335359636,72.002936521452,
    35.749694733863));
#6118 = CARTESIAN_POINT('',(14.038433277708,71.880956803953,
    35.681911677114));
#6119 = CARTESIAN_POINT('',(13.899618040035,71.757766575356,
    35.617674583282));
#6120 = CARTESIAN_POINT('',(13.760032895893,71.633439704253,
    35.556994831782));
#6121 = CARTESIAN_POINT('',(13.619820495912,71.508040986668,
    35.49987456149));
#6122 = CARTESIAN_POINT('',(13.479122458947,71.38161867078,
    35.446307035734));
#6123 = CARTESIAN_POINT('',(13.33807957455,71.254187509324,
    35.396277188221));
#6124 = CARTESIAN_POINT('',(13.118714829,71.054642529092,35.324036924843
    ));
#6125 = CARTESIAN_POINT('',(13.040534634024,70.983260077058,
    35.299386655036));
#6126 = CARTESIAN_POINT('',(12.962315855914,70.911547490652,
    35.275807699976));
#6127 = CARTESIAN_POINT('',(12.884082425393,70.839489698191,
    35.253295526096));
#6128 = CARTESIAN_POINT('',(12.805858356681,70.767064247864,
    35.231844930921));
#6129 = CARTESIAN_POINT('',(12.727667944896,70.694237391145,
    35.211450098813));
#6130 = CARTESIAN_POINT('',(12.649536208295,70.620956050954,
    35.192104688291));
#6131 = CARTESIAN_POINT('',(12.494809144489,70.474607519887,
    35.155819601962));
#6132 = CARTESIAN_POINT('',(12.418211245642,70.40155898798,
    35.138843828762));
#6133 = CARTESIAN_POINT('',(12.34172053132,70.327910572031,
    35.12286812478));
#6134 = CARTESIAN_POINT('',(12.265363821555,70.253543317115,
    35.107885762378));
#6135 = CARTESIAN_POINT('',(12.189169243557,70.178312602457,
    35.093889687305));
#6136 = CARTESIAN_POINT('',(12.1131718124,70.101954429637,
    35.080873221516));
#6137 = CARTESIAN_POINT('',(12.037410132474,70.024140023106,
    35.068829649947));
#6138 = CARTESIAN_POINT('',(11.93010886592,69.910256308689,
    35.053082118476));
#6139 = CARTESIAN_POINT('',(11.898320369712,69.876055751601,
    35.04858152189));
#6140 = CARTESIAN_POINT('',(11.866591074773,69.841388001355,
    35.044253274731));
#6141 = CARTESIAN_POINT('',(11.834926860855,69.806177900303,
    35.040097192088));
#6142 = CARTESIAN_POINT('',(11.803335499159,69.770322128831,
    35.036113310368));
#6143 = CARTESIAN_POINT('',(11.771826724406,69.733687947655,
    35.032301887504));
#6144 = CARTESIAN_POINT('',(11.74041366842,69.696089685845,
    35.028663572178));
#6145 = CARTESIAN_POINT('',(11.691198495082,69.634942157343,
    35.023216854025));
#6146 = CARTESIAN_POINT('',(11.673317942073,69.612257386092,
    35.021291027251));
#6147 = CARTESIAN_POINT('',(11.655480078174,69.589089826669,
    35.019422826035));
#6148 = CARTESIAN_POINT('',(11.637689733319,69.565366374232,
    35.017612655685));
#6149 = CARTESIAN_POINT('',(11.619953818608,69.540986340534,
    35.015861167731));
#6150 = CARTESIAN_POINT('',(11.602281307025,69.515821639851,
    35.014169249101));
#6151 = CARTESIAN_POINT('',(11.584684686226,69.489693967682,
    35.012538192066));
#6152 = CARTESIAN_POINT('',(11.55731201777,69.446826945872,
    35.010085757398));
#6153 = CARTESIAN_POINT('',(11.547470275955,69.430959347501,
    35.009221343162));
#6154 = CARTESIAN_POINT('',(11.537663657224,69.414627579238,
    35.008377503379));
#6155 = CARTESIAN_POINT('',(11.527896717915,69.397763789796,
    35.007554747824));
#6156 = CARTESIAN_POINT('',(11.5181764659,69.380272287097,
    35.006753861618));
#6157 = CARTESIAN_POINT('',(11.508512149602,69.362032403259,
    35.005975872495));
#6158 = CARTESIAN_POINT('',(11.498916819234,69.342875627475,
    35.005222230438));
#6159 = CARTESIAN_POINT('',(11.484358240734,69.311643676795,
    35.004109009987));
#6160 = CARTESIAN_POINT('',(11.479329631249,69.300452046508,
    35.003730140234));
#6161 = CARTESIAN_POINT('',(11.474331078671,69.288864568635,
    35.003359342727));
#6162 = CARTESIAN_POINT('',(11.469366707451,69.276824794558,
    35.002997089831));
#6163 = CARTESIAN_POINT('',(11.464443237896,69.264252452603,
    35.002644124988));
#6164 = CARTESIAN_POINT('',(11.459569654793,69.251047462557,
    35.002301419595));
#6165 = CARTESIAN_POINT('',(11.454758688026,69.237070456376,
    35.001970338477));
#6166 = CARTESIAN_POINT('',(11.447443548563,69.213823784314,
    35.001479696341));
#6167 = CARTESIAN_POINT('',(11.444880914126,69.205286191235,
    35.001310337883));
#6168 = CARTESIAN_POINT('',(11.442348413912,69.196392278292,
    35.001145687298));
#6169 = CARTESIAN_POINT('',(11.439850248254,69.187089433697,
    35.000986215941));
#6170 = CARTESIAN_POINT('',(11.437394359029,69.177300108695,
    35.000832752497));
#6171 = CARTESIAN_POINT('',(11.434991542444,69.166930734107,
    35.000686383366));
#6172 = CARTESIAN_POINT('',(11.432657194983,69.155852006836,
    35.000548638635));
#6173 = CARTESIAN_POINT('',(11.428951298149,69.135860185052,
    35.000339686503));
#6174 = CARTESIAN_POINT('',(11.427536766817,69.127573018799,
    35.000262583836));
#6175 = CARTESIAN_POINT('',(11.426171985079,69.118802661343,
    35.000191219263));
#6176 = CARTESIAN_POINT('',(11.424868011097,69.109400316038,
    35.000126880393));
#6177 = CARTESIAN_POINT('',(11.42363823455,69.09926675068,
    35.000070865587));
#6178 = CARTESIAN_POINT('',(11.422530923652,69.088162270577,
    35.000027457843));
#6179 = CARTESIAN_POINT('',(11.421587507666,69.07596606866,35.));
#6180 = CARTESIAN_POINT('',(11.42093790456,69.06201689337,35.));
#6181 = ORIENTED_EDGE('',*,*,#2407,.F.);
#6182 = ORIENTED_EDGE('',*,*,#5821,.F.);
#6183 = TOROIDAL_SURFACE('',#6184,70.,8.);
#6184 = AXIS2_PLACEMENT_3D('',#6185,#6186,#6187);
#6185 = CARTESIAN_POINT('',(0.,0.,43.));
#6186 = DIRECTION('',(-0.,-0.,-1.));
#6187 = DIRECTION('',(1.,0.,-0.));
#6188 = ADVANCED_FACE('',(#6189),#6266,.F.);
#6189 = FACE_BOUND('',#6190,.F.);
#6190 = EDGE_LOOP('',(#6191,#6213,#6214,#6215,#6237));
#6191 = ORIENTED_EDGE('',*,*,#6192,.F.);
#6192 = EDGE_CURVE('',#2417,#6193,#6195,.T.);
#6193 = VERTEX_POINT('',#6194);
#6194 = CARTESIAN_POINT('',(3.988183234314,212.,34.));
#6195 = B_SPLINE_CURVE_WITH_KNOTS('',6,(#6196,#6197,#6198,#6199,#6200,
    #6201,#6202,#6203,#6204,#6205,#6206,#6207,#6208,#6209,#6210,#6211,
    #6212),.UNSPECIFIED.,.F.,.F.,(7,5,5,7),(-9.000422918949,
    -5.474960499488E-02,146.55481105679,155.50048437074),.UNSPECIFIED.);
#6196 = CARTESIAN_POINT('',(11.437579148566,56.626885217026,
    35.064199416322));
#6197 = CARTESIAN_POINT('',(11.366179148566,58.116085217026,
    35.053999416322));
#6198 = CARTESIAN_POINT('',(11.294779148566,59.605285217026,
    35.043799416322));
#6199 = CARTESIAN_POINT('',(11.223379148566,61.094485217026,
    35.033599416322));
#6200 = CARTESIAN_POINT('',(11.151979148566,62.583685217026,
    35.023399416322));
#6201 = CARTESIAN_POINT('',(11.080579148566,64.072885217026,
    35.013199416322));
#6202 = CARTESIAN_POINT('',(9.839013162857,89.968404347522,
    34.835832846935));
#6203 = CARTESIAN_POINT('',(8.668847177149,114.37472347801,
    34.668666277548));
#6204 = CARTESIAN_POINT('',(7.49868119144,138.78104260851,
    34.501499708161));
#6205 = CARTESIAN_POINT('',(6.328515205731,163.187361739,34.334333138774
    ));
#6206 = CARTESIAN_POINT('',(5.158349220023,187.5936808695,
    34.167166569387));
#6207 = CARTESIAN_POINT('',(3.916783234314,213.4892,33.9898));
#6208 = CARTESIAN_POINT('',(3.845383234314,214.9784,33.9796));
#6209 = CARTESIAN_POINT('',(3.773983234314,216.4676,33.9694));
#6210 = CARTESIAN_POINT('',(3.702583234314,217.9568,33.9592));
#6211 = CARTESIAN_POINT('',(3.631183234314,219.446,33.949));
#6212 = CARTESIAN_POINT('',(3.559783234314,220.9352,33.9388));
#6213 = ORIENTED_EDGE('',*,*,#2416,.F.);
#6214 = ORIENTED_EDGE('',*,*,#6065,.F.);
#6215 = ORIENTED_EDGE('',*,*,#6216,.T.);
#6216 = EDGE_CURVE('',#6056,#6217,#6219,.T.);
#6217 = VERTEX_POINT('',#6218);
#6218 = CARTESIAN_POINT('',(12.,212.,42.002811770456));
#6219 = B_SPLINE_CURVE_WITH_KNOTS('',6,(#6220,#6221,#6222,#6223,#6224,
    #6225,#6226,#6227,#6228,#6229,#6230,#6231,#6232,#6233,#6234,#6235,
    #6236),.UNSPECIFIED.,.F.,.F.,(7,5,5,7),(-9.000422918949,
    -5.474960499488E-02,146.55481105679,155.50048437074),.UNSPECIFIED.);
#6220 = CARTESIAN_POINT('',(19.4284,57.0648,43.064011770456));
#6221 = CARTESIAN_POINT('',(19.357,58.554,43.053811770456));
#6222 = CARTESIAN_POINT('',(19.2856,60.0432,43.043611770456));
#6223 = CARTESIAN_POINT('',(19.2142,61.5324,43.033411770456));
#6224 = CARTESIAN_POINT('',(19.1428,63.0216,43.023211770456));
#6225 = CARTESIAN_POINT('',(19.0714,64.5108,43.013011770456));
#6226 = CARTESIAN_POINT('',(17.829834014291,90.406319130496,
    42.835645201069));
#6227 = CARTESIAN_POINT('',(16.659668028583,114.81263826099,
    42.668478631683));
#6228 = CARTESIAN_POINT('',(15.489502042874,139.21895739148,
    42.501312062295));
#6229 = CARTESIAN_POINT('',(14.319336057165,163.62527652198,
    42.334145492909));
#6230 = CARTESIAN_POINT('',(13.149170071457,188.03159565247,
    42.166978923522));
#6231 = CARTESIAN_POINT('',(11.907604085748,213.92711478297,
    41.989612354135));
#6232 = CARTESIAN_POINT('',(11.836204085748,215.41631478297,
    41.979412354135));
#6233 = CARTESIAN_POINT('',(11.764804085748,216.90551478297,
    41.969212354135));
#6234 = CARTESIAN_POINT('',(11.693404085748,218.39471478297,
    41.959012354135));
#6235 = CARTESIAN_POINT('',(11.622004085748,219.88391478297,
    41.948812354135));
#6236 = CARTESIAN_POINT('',(11.550604085748,221.37311478297,
    41.938612354135));
#6237 = ORIENTED_EDGE('',*,*,#6238,.F.);
#6238 = EDGE_CURVE('',#6193,#6217,#6239,.T.);
#6239 = B_SPLINE_CURVE_WITH_KNOTS('',7,(#6240,#6241,#6242,#6243,#6244,
    #6245,#6246,#6247,#6248,#6249,#6250,#6251,#6252,#6253,#6254,#6255,
    #6256,#6257,#6258,#6259,#6260,#6261,#6262,#6263,#6264,#6265),
  .UNSPECIFIED.,.F.,.F.,(8,6,6,6,8),(0.,0.249928743901,0.500002573609,
    0.75007469467,1.),.UNSPECIFIED.);
#6240 = CARTESIAN_POINT('',(3.988183234314,212.,34.));
#6241 = CARTESIAN_POINT('',(4.392940657055,212.,34.));
#6242 = CARTESIAN_POINT('',(4.80753495304,212.,34.023838195587));
#6243 = CARTESIAN_POINT('',(5.229863142823,212.,34.073594322343));
#6244 = CARTESIAN_POINT('',(5.657304085528,212.,34.15114205148));
#6245 = CARTESIAN_POINT('',(6.086712521931,212.,34.257934940985));
#6246 = CARTESIAN_POINT('',(6.514534371423,212.,34.394825659662));
#6247 = CARTESIAN_POINT('',(7.359797464366,212.,34.729108307306));
#6248 = CARTESIAN_POINT('',(7.777233876005,212.,34.926536733978));
#6249 = CARTESIAN_POINT('',(8.185618049899,212.,35.154311976594));
#6250 = CARTESIAN_POINT('',(8.581044866896,212.,35.411810777753));
#6251 = CARTESIAN_POINT('',(8.959665271718,212.,35.697561774274));
#6252 = CARTESIAN_POINT('',(9.318018188418,212.,36.009289745988));
#6253 = CARTESIAN_POINT('',(9.988447105768,212.,36.678965131902));
#6254 = CARTESIAN_POINT('',(10.300524719953,212.,37.036913526274));
#6255 = CARTESIAN_POINT('',(10.586597132289,212.,37.415107423287));
#6256 = CARTESIAN_POINT('',(10.844386275398,212.,37.810089797598));
#6257 = CARTESIAN_POINT('',(11.072418782534,212.,38.218015913717));
#6258 = CARTESIAN_POINT('',(11.27007039909,212.,38.63498488427));
#6259 = CARTESIAN_POINT('',(11.604729839887,212.,39.479299588322));
#6260 = CARTESIAN_POINT('',(11.741774630079,212.,39.906640440957));
#6261 = CARTESIAN_POINT('',(11.848687804907,212.,40.335566432024));
#6262 = CARTESIAN_POINT('',(11.926322873865,212.,40.762527272486));
#6263 = CARTESIAN_POINT('',(11.976135000903,212.,41.184381054574));
#6264 = CARTESIAN_POINT('',(12.,212.,41.59850945184));
#6265 = CARTESIAN_POINT('',(12.,212.,42.002811770456));
#6266 = ( BOUNDED_SURFACE() B_SPLINE_SURFACE(2,6,(
    (#6267,#6268,#6269,#6270,#6271,#6272,#6273,#6274,#6275,#6276,#6277
      ,#6278,#6279,#6280,#6281,#6282,#6283)
    ,(#6284,#6285,#6286,#6287,#6288,#6289,#6290,#6291,#6292,#6293,#6294
      ,#6295,#6296,#6297,#6298,#6299,#6300)
    ,(#6301,#6302,#6303,#6304,#6305,#6306,#6307,#6308,#6309,#6310,#6311
      ,#6312,#6313,#6314,#6315,#6316,#6317
)),.UNSPECIFIED.,.F.,.F.,.F.) B_SPLINE_SURFACE_WITH_KNOTS((3,3),(7,5,5,7
    ),(0.,146.60956066178),(-9.000422918949,-5.474960499488E-02,
    146.55481105679,155.50048437074),.UNSPECIFIED.) 
GEOMETRIC_REPRESENTATION_ITEM() RATIONAL_B_SPLINE_SURFACE((
    (1.,1.,1.,1.,1.,1.,1.,1.,1.,1.,1.,1.,1.,1.,1.,1.,1.)
    ,(0.706990803572,0.706990803572,0.706990803572,0.706990803572
      ,0.706990803572,0.706990803572,0.706990803572,0.706990803572
      ,0.706990803572,0.706990803572,0.706990803572,0.706990803572
      ,0.706990803572,0.706990803572,0.706990803572,0.706990803572
      ,0.706990803572)
    ,(1.,1.,1.,1.,1.,1.,1.,1.,1.,1.,1.,1.,1.,1.,1.,1.,1.
))) REPRESENTATION_ITEM('') SURFACE() );
#6267 = CARTESIAN_POINT('',(11.437579148566,56.626885217026,
    35.064199416322));
#6268 = CARTESIAN_POINT('',(11.366179148566,58.116085217026,
    35.053999416322));
#6269 = CARTESIAN_POINT('',(11.294779148566,59.605285217026,
    35.043799416322));
#6270 = CARTESIAN_POINT('',(11.223379148566,61.094485217026,
    35.033599416322));
#6271 = CARTESIAN_POINT('',(11.151979148566,62.583685217026,
    35.023399416322));
#6272 = CARTESIAN_POINT('',(11.080579148566,64.072885217026,
    35.013199416322));
#6273 = CARTESIAN_POINT('',(9.839013162857,89.968404347522,
    34.835832846935));
#6274 = CARTESIAN_POINT('',(8.668847177149,114.37472347801,
    34.668666277548));
#6275 = CARTESIAN_POINT('',(7.49868119144,138.78104260851,
    34.501499708161));
#6276 = CARTESIAN_POINT('',(6.328515205731,163.187361739,34.334333138774
    ));
#6277 = CARTESIAN_POINT('',(5.158349220023,187.5936808695,
    34.167166569387));
#6278 = CARTESIAN_POINT('',(3.916783234314,213.4892,33.9898));
#6279 = CARTESIAN_POINT('',(3.845383234314,214.9784,33.9796));
#6280 = CARTESIAN_POINT('',(3.773983234314,216.4676,33.9694));
#6281 = CARTESIAN_POINT('',(3.702583234314,217.9568,33.9592));
#6282 = CARTESIAN_POINT('',(3.631183234314,219.446,33.949));
#6283 = CARTESIAN_POINT('',(3.559783234314,220.9352,33.9388));
#6284 = CARTESIAN_POINT('',(19.431021907816,57.010114494127,
    35.061574558259));
#6285 = CARTESIAN_POINT('',(19.359621907816,58.499314494127,
    35.051374558259));
#6286 = CARTESIAN_POINT('',(19.288221907816,59.988514494127,
    35.041174558259));
#6287 = CARTESIAN_POINT('',(19.216821907816,61.477714494127,
    35.030974558259));
#6288 = CARTESIAN_POINT('',(19.145421907816,62.966914494127,
    35.020774558259));
#6289 = CARTESIAN_POINT('',(19.074021907816,64.456114494127,
    35.010574558259));
#6290 = CARTESIAN_POINT('',(17.832455922107,90.351633624622,
    34.833207988872));
#6291 = CARTESIAN_POINT('',(16.662289936398,114.75795275511,
    34.666041419486));
#6292 = CARTESIAN_POINT('',(15.49212395069,139.16427188561,
    34.498874850099));
#6293 = CARTESIAN_POINT('',(14.321957964981,163.5705910161,
    34.331708280712));
#6294 = CARTESIAN_POINT('',(13.151791979272,187.9769101466,
    34.164541711325));
#6295 = CARTESIAN_POINT('',(11.910225993564,213.8724292771,
    33.987175141938));
#6296 = CARTESIAN_POINT('',(11.838825993564,215.3616292771,
    33.976975141938));
#6297 = CARTESIAN_POINT('',(11.767425993564,216.8508292771,
    33.966775141938));
#6298 = CARTESIAN_POINT('',(11.696025993564,218.3400292771,
    33.956575141938));
#6299 = CARTESIAN_POINT('',(11.624625993564,219.8292292771,
    33.946375141938));
#6300 = CARTESIAN_POINT('',(11.553225993564,221.3184292771,
    33.936175141938));
#6301 = CARTESIAN_POINT('',(19.4284,57.0648,43.064011770456));
#6302 = CARTESIAN_POINT('',(19.357,58.554,43.053811770456));
#6303 = CARTESIAN_POINT('',(19.2856,60.0432,43.043611770456));
#6304 = CARTESIAN_POINT('',(19.2142,61.5324,43.033411770456));
#6305 = CARTESIAN_POINT('',(19.1428,63.0216,43.023211770456));
#6306 = CARTESIAN_POINT('',(19.0714,64.5108,43.013011770456));
#6307 = CARTESIAN_POINT('',(17.829834014291,90.406319130496,
    42.835645201069));
#6308 = CARTESIAN_POINT('',(16.659668028583,114.81263826099,
    42.668478631683));
#6309 = CARTESIAN_POINT('',(15.489502042874,139.21895739148,
    42.501312062295));
#6310 = CARTESIAN_POINT('',(14.319336057165,163.62527652198,
    42.334145492909));
#6311 = CARTESIAN_POINT('',(13.149170071457,188.03159565247,
    42.166978923522));
#6312 = CARTESIAN_POINT('',(11.907604085748,213.92711478297,
    41.989612354135));
#6313 = CARTESIAN_POINT('',(11.836204085748,215.41631478297,
    41.979412354135));
#6314 = CARTESIAN_POINT('',(11.764804085748,216.90551478297,
    41.969212354135));
#6315 = CARTESIAN_POINT('',(11.693404085748,218.39471478297,
    41.959012354135));
#6316 = CARTESIAN_POINT('',(11.622004085748,219.88391478297,
    41.948812354135));
#6317 = CARTESIAN_POINT('',(11.550604085748,221.37311478297,
    41.938612354135));
#6318 = ADVANCED_FACE('',(#6319),#6463,.F.);
#6319 = FACE_BOUND('',#6320,.F.);
#6320 = EDGE_LOOP('',(#6321,#6322,#6323,#6442,#6462));
#6321 = ORIENTED_EDGE('',*,*,#5248,.F.);
#6322 = ORIENTED_EDGE('',*,*,#2730,.F.);
#6323 = ORIENTED_EDGE('',*,*,#6324,.F.);
#6324 = EDGE_CURVE('',#6325,#2722,#6327,.T.);
#6325 = VERTEX_POINT('',#6326);
#6326 = CARTESIAN_POINT('',(16.177239269207,-76.30371479929,
    42.935919218387));
#6327 = B_SPLINE_CURVE_WITH_KNOTS('',8,(#6328,#6329,#6330,#6331,#6332,
    #6333,#6334,#6335,#6336,#6337,#6338,#6339,#6340,#6341,#6342,#6343,
    #6344,#6345,#6346,#6347,#6348,#6349,#6350,#6351,#6352,#6353,#6354,
    #6355,#6356,#6357,#6358,#6359,#6360,#6361,#6362,#6363,#6364,#6365,
    #6366,#6367,#6368,#6369,#6370,#6371,#6372,#6373,#6374,#6375,#6376,
    #6377,#6378,#6379,#6380,#6381,#6382,#6383,#6384,#6385,#6386,#6387,
    #6388,#6389,#6390,#6391,#6392,#6393,#6394,#6395,#6396,#6397,#6398,
    #6399,#6400,#6401,#6402,#6403,#6404,#6405,#6406,#6407,#6408,#6409,
    #6410,#6411,#6412,#6413,#6414,#6415,#6416,#6417,#6418,#6419,#6420,
    #6421,#6422,#6423,#6424,#6425,#6426,#6427,#6428,#6429,#6430,#6431,
    #6432,#6433,#6434,#6435,#6436,#6437,#6438,#6439,#6440,#6441),
  .UNSPECIFIED.,.F.,.F.,(9,7,7,7,7,7,7,7,7,7,7,7,7,7,7,7,9),(0.,
    0.106991883795,0.214175378111,0.319846282916,0.422847325798,
    0.52449744428,0.626023471326,0.728515848074,0.832679324342,
    0.890287816522,0.946887875191,0.970772527995,0.984448479132,
    0.992164730063,0.996269955091,0.998520299417,1.),.UNSPECIFIED.);
#6328 = CARTESIAN_POINT('',(16.177239269207,-76.30371479929,
    42.935919218387));
#6329 = CARTESIAN_POINT('',(16.176665083997,-76.30265548534,
    42.791685044428));
#6330 = CARTESIAN_POINT('',(16.177641186985,-76.29821930995,
    42.646242184919));
#6331 = CARTESIAN_POINT('',(16.180213824675,-76.29030639173,
    42.499680448093));
#6332 = CARTESIAN_POINT('',(16.184427473975,-76.27882000318,
    42.352097051157));
#6333 = CARTESIAN_POINT('',(16.190324388102,-76.2636674484,
    42.203596420301));
#6334 = CARTESIAN_POINT('',(16.197944142496,-76.24476094081,
    42.054289990714));
#6335 = CARTESIAN_POINT('',(16.207323180721,-76.22201848086,
    41.9042960066));
#6336 = CARTESIAN_POINT('',(16.229685546367,-76.16866325281,
    41.602913005561));
#6337 = CARTESIAN_POINT('',(16.2426752909,-76.13803647563,
    41.451521951304));
#6338 = CARTESIAN_POINT('',(16.257496651998,-76.10340863369,
    41.299691493145));
#6339 = CARTESIAN_POINT('',(16.274179032527,-76.06471074819,
    41.147553603846));
#6340 = CARTESIAN_POINT('',(16.292747772446,-76.02188145313,
    40.995246261697));
#6341 = CARTESIAN_POINT('',(16.313223741052,-75.9748678184,
    40.842912818003));
#6342 = CARTESIAN_POINT('',(16.335622929234,-75.92362617281,
    40.690701364575));
#6343 = CARTESIAN_POINT('',(16.383945761671,-75.8134029516,
    40.388970999271));
#6344 = CARTESIAN_POINT('',(16.409815205652,-75.75454080997,
    40.239444353896));
#6345 = CARTESIAN_POINT('',(16.437574717705,-75.69150416737,
    40.090329854261));
#6346 = CARTESIAN_POINT('',(16.467229616459,-75.62427027501,
    39.941776971592));
#6347 = CARTESIAN_POINT('',(16.498779999038,-75.55282641976,
    39.793938020478));
#6348 = CARTESIAN_POINT('',(16.532220544971,-75.47717037376,
    39.646967220169));
#6349 = CARTESIAN_POINT('',(16.567540320112,-75.39731084393,
    39.501019755875));
#6350 = CARTESIAN_POINT('',(16.640965400732,-75.23134841255,
    39.215139629436));
#6351 = CARTESIAN_POINT('',(16.678977790586,-75.14545421573,
    39.075148105884));
#6352 = CARTESIAN_POINT('',(16.718744358854,-75.05560371455,
    38.93641995373));
#6353 = CARTESIAN_POINT('',(16.760244476151,-74.96182557161,
    38.799098745937));
#6354 = CARTESIAN_POINT('',(16.803452342696,-74.8641586604,
    38.663326997605));
#6355 = CARTESIAN_POINT('',(16.848337056044,-74.76265199681,
    38.529245219467));
#6356 = CARTESIAN_POINT('',(16.894862678819,-74.65736467082,
    38.396990971386));
#6357 = CARTESIAN_POINT('',(16.990482735756,-74.44079647534,
    38.138113736876));
#6358 = CARTESIAN_POINT('',(17.039535493283,-74.32961229746,
    38.011439593579));
#6359 = CARTESIAN_POINT('',(17.090107361832,-74.21487941288,
    37.886804012095));
#6360 = CARTESIAN_POINT('',(17.142154455596,-74.0966734416,
    37.764331700818));
#6361 = CARTESIAN_POINT('',(17.195628488294,-73.97507889455,
    37.644142790047));
#6362 = CARTESIAN_POINT('',(17.250477041296,-73.85018861281,
    37.526352071648));
#6363 = CARTESIAN_POINT('',(17.306643831755,-73.72210320693,
    37.411068238707));
#6364 = CARTESIAN_POINT('',(17.421424026824,-73.45991791728,
    37.185855562083));
#6365 = CARTESIAN_POINT('',(17.480034386936,-73.32582554904,
    37.075920323914));
#6366 = CARTESIAN_POINT('',(17.539840424178,-73.18876055786,
    36.96868901724));
#6367 = CARTESIAN_POINT('',(17.600779014084,-73.04883727097,
    36.864256348818));
#6368 = CARTESIAN_POINT('',(17.662783861128,-72.90617611609,
    36.762709694123));
#6369 = CARTESIAN_POINT('',(17.725785815226,-72.76090256101,
    36.664128665855));
#6370 = CARTESIAN_POINT('',(17.789713188238,-72.6131460532,
    36.56858468246));
#6371 = CARTESIAN_POINT('',(17.919887534032,-72.3115031094,
    36.382816484699));
#6372 = CARTESIAN_POINT('',(17.986150864365,-72.15757179896,
    36.292651554613));
#6373 = CARTESIAN_POINT('',(18.053205757215,-72.00138063406,
    36.205710545358));
#6374 = CARTESIAN_POINT('',(18.120973921614,-71.84306865764,
    36.122049280513));
#6375 = CARTESIAN_POINT('',(18.189374926096,-71.68277620484,
    36.041714589536));
#6376 = CARTESIAN_POINT('',(18.258326044932,-71.52064275827,
    35.96474428905));
#6377 = CARTESIAN_POINT('',(18.327742104354,-71.35680480315,
    35.891167164114));
#6378 = CARTESIAN_POINT('',(18.468466505395,-71.0232855962,
    35.749694733862));
#6379 = CARTESIAN_POINT('',(18.539786972107,-70.85355219728,
    35.681911677114));
#6380 = CARTESIAN_POINT('',(18.611404942634,-70.68233196212,
    35.617674583282));
#6381 = CARTESIAN_POINT('',(18.683223404221,-70.50975359754,
    35.556994831782));
#6382 = CARTESIAN_POINT('',(18.755141947031,-70.33593737655,
    35.49987456149));
#6383 = CARTESIAN_POINT('',(18.827053910986,-70.16098821536,
    35.446307035734));
#6384 = CARTESIAN_POINT('',(18.898838850055,-69.98498049203,
    35.39627718822));
#6385 = CARTESIAN_POINT('',(19.009900334365,-69.71001788107,
    35.324036924843));
#6386 = CARTESIAN_POINT('',(19.049366570929,-69.61178339875,
    35.299386655036));
#6387 = CARTESIAN_POINT('',(19.08872432976,-69.51323473504,
    35.275807699976));
#6388 = CARTESIAN_POINT('',(19.127945510663,-69.41436869399,
    35.253295526096));
#6389 = CARTESIAN_POINT('',(19.166998736099,-69.31517546658,
    35.231844930921));
#6390 = CARTESIAN_POINT('',(19.205847473984,-69.2156351877,
    35.211450098813));
#6391 = CARTESIAN_POINT('',(19.244446154366,-69.11571089157,
    35.192104688291));
#6392 = CARTESIAN_POINT('',(19.320352174004,-68.91672186423,
    35.155819601962));
#6393 = CARTESIAN_POINT('',(19.357669926051,-68.81767282837,
    35.138843828761));
#6394 = CARTESIAN_POINT('',(19.394630828245,-68.7181298213,
    35.12286812478));
#6395 = CARTESIAN_POINT('',(19.431159103971,-68.61799730508,
    35.107885762377));
#6396 = CARTESIAN_POINT('',(19.467166662875,-68.51715718487,
    35.093889687305));
#6397 = CARTESIAN_POINT('',(19.502507412854,-68.41538679875,
    35.080873221516));
#6398 = CARTESIAN_POINT('',(19.537003922185,-68.31240668002,
    35.068829649947));
#6399 = CARTESIAN_POINT('',(19.584266731,-68.16324472403,35.053082118476
    ));
#6400 = CARTESIAN_POINT('',(19.598068110852,-68.11863857523,
    35.04858152189));
#6401 = CARTESIAN_POINT('',(19.611613444688,-68.07363718641,
    35.044253274731));
#6402 = CARTESIAN_POINT('',(19.624864825356,-68.028175394,
    35.040097192088));
#6403 = CARTESIAN_POINT('',(19.637770422544,-67.98216348203,
    35.036113310368));
#6404 = CARTESIAN_POINT('',(19.650263872153,-67.93548608028,
    35.032301887504));
#6405 = CARTESIAN_POINT('',(19.662252783224,-67.88798160272,
    35.028663572178));
#6406 = CARTESIAN_POINT('',(19.680063203926,-67.81153591976,
    35.023216854025));
#6407 = CARTESIAN_POINT('',(19.686330472157,-67.78333956589,
    35.021291027251));
#6408 = CARTESIAN_POINT('',(19.692349804891,-67.75472675702,
    35.019422826035));
#6409 = CARTESIAN_POINT('',(19.698085131507,-67.72563372359,
    35.017612655685));
#6410 = CARTESIAN_POINT('',(19.703486538324,-67.69597274723,
    35.015861167731));
#6411 = CARTESIAN_POINT('',(19.708490366653,-67.66563231994,
    35.014169249101));
#6412 = CARTESIAN_POINT('',(19.713008002077,-67.6344572131,
    35.012538192066));
#6413 = CARTESIAN_POINT('',(19.71907062048,-67.58395880525,
    35.010085757398));
#6414 = CARTESIAN_POINT('',(19.721053030549,-67.56539242137,
    35.009221343162));
#6415 = CARTESIAN_POINT('',(19.722802400045,-67.54642307421,
    35.008377503379));
#6416 = CARTESIAN_POINT('',(19.724285184278,-67.52699160878,
    35.007554747824));
#6417 = CARTESIAN_POINT('',(19.725453550138,-67.5070148501,
    35.006753861618));
#6418 = CARTESIAN_POINT('',(19.726246809251,-67.48638809292,
    35.005975872495));
#6419 = CARTESIAN_POINT('',(19.726580089683,-67.46496517651,
    35.005222230438));
#6420 = CARTESIAN_POINT('',(19.726145880132,-67.43050943079,
    35.004109009987));
#6421 = CARTESIAN_POINT('',(19.725820634331,-67.41824428843,
    35.003730140234));
#6422 = CARTESIAN_POINT('',(19.72529655636,-67.40563554093,
    35.003359342727));
#6423 = CARTESIAN_POINT('',(19.724545438085,-67.39263411936,
    35.002997089831));
#6424 = CARTESIAN_POINT('',(19.72352639614,-67.37917061728,
    35.002644124988));
#6425 = CARTESIAN_POINT('',(19.722187912333,-67.36515876389,
    35.002301419595));
#6426 = CARTESIAN_POINT('',(19.720458047912,-67.35047851621,
    35.001970338477));
#6427 = CARTESIAN_POINT('',(19.716962407836,-67.32636006833,
    35.001479696341));
#6428 = CARTESIAN_POINT('',(19.715566938877,-67.31755607735,
    35.001310337883));
#6429 = CARTESIAN_POINT('',(19.713989718522,-67.30844412801,
    35.001145687298));
#6430 = CARTESIAN_POINT('',(19.712204135011,-67.29897864119,
    35.000986215941));
#6431 = CARTESIAN_POINT('',(19.710169385811,-67.28909319373,
    35.000832752497));
#6432 = CARTESIAN_POINT('',(19.707835145729,-67.278708167,
    35.000686383366));
#6433 = CARTESIAN_POINT('',(19.705131440506,-67.26771374323,
    35.000548638635));
#6434 = CARTESIAN_POINT('',(19.699796211794,-67.24809380581,
    35.000339686503));
#6435 = CARTESIAN_POINT('',(19.697474993806,-67.24001358487,
    35.000262583836));
#6436 = CARTESIAN_POINT('',(19.694899304179,-67.23151960925,
    35.000191219263));
#6437 = CARTESIAN_POINT('',(19.691994619399,-67.22248261572,
    35.000126880393));
#6438 = CARTESIAN_POINT('',(19.68870582056,-67.21281900878,
    35.000070865587));
#6439 = CARTESIAN_POINT('',(19.684885419853,-67.20233377371,
    35.000027457843));
#6440 = CARTESIAN_POINT('',(19.680443674598,-67.19093604263,35.));
#6441 = CARTESIAN_POINT('',(19.67497662644,-67.17808641773,35.));
#6442 = ORIENTED_EDGE('',*,*,#6443,.T.);
#6443 = EDGE_CURVE('',#6325,#3011,#6444,.T.);
#6444 = B_SPLINE_CURVE_WITH_KNOTS('',6,(#6445,#6446,#6447,#6448,#6449,
    #6450,#6451,#6452,#6453,#6454,#6455,#6456,#6457,#6458,#6459,#6460,
    #6461),.UNSPECIFIED.,.F.,.F.,(7,5,5,7),(-9.000422918949,
    -5.47496049944E-02,146.55481105679,155.50048437074),.UNSPECIFIED.);
#6445 = CARTESIAN_POINT('',(7.25510524284,-59.84327509015,
    43.064011770456));
#6446 = CARTESIAN_POINT('',(7.965574084302,-61.15401862925,
    43.053811770456));
#6447 = CARTESIAN_POINT('',(8.676042925764,-62.46476216836,
    43.043611770456));
#6448 = CARTESIAN_POINT('',(9.386511767227,-63.77550570747,
    43.033411770456));
#6449 = CARTESIAN_POINT('',(10.096980608689,-65.08624924657,
    43.023211770456));
#6450 = CARTESIAN_POINT('',(10.807449450151,-66.39699278568,
    43.013011770456));
#6451 = CARTESIAN_POINT('',(23.161706417451,-89.18935404819,
    42.835645201069));
#6452 = CARTESIAN_POINT('',(34.805494543288,-110.6709717715,
    42.668478631682));
#6453 = CARTESIAN_POINT('',(46.449282669126,-132.1525894949,
    42.501312062296));
#6454 = CARTESIAN_POINT('',(58.093070794964,-153.6342072183,
    42.334145492908));
#6455 = CARTESIAN_POINT('',(69.736858920801,-175.1158249417,
    42.166978923522));
#6456 = CARTESIAN_POINT('',(82.091115888101,-197.9081862043,
    41.989612354135));
#6457 = CARTESIAN_POINT('',(82.801584729563,-199.2189297434,
    41.979412354135));
#6458 = CARTESIAN_POINT('',(83.512053571025,-200.5296732825,
    41.969212354135));
#6459 = CARTESIAN_POINT('',(84.222522412488,-201.8404168216,
    41.959012354135));
#6460 = CARTESIAN_POINT('',(84.93299125395,-203.1511603607,
    41.948812354135));
#6461 = CARTESIAN_POINT('',(85.643460095412,-204.4619038998,
    41.938612354135));
#6462 = ORIENTED_EDGE('',*,*,#3010,.F.);
#6463 = ( BOUNDED_SURFACE() B_SPLINE_SURFACE(2,6,(
    (#6464,#6465,#6466,#6467,#6468,#6469,#6470,#6471,#6472,#6473,#6474
      ,#6475,#6476,#6477,#6478,#6479,#6480)
    ,(#6481,#6482,#6483,#6484,#6485,#6486,#6487,#6488,#6489,#6490,#6491
      ,#6492,#6493,#6494,#6495,#6496,#6497)
    ,(#6498,#6499,#6500,#6501,#6502,#6503,#6504,#6505,#6506,#6507,#6508
      ,#6509,#6510,#6511,#6512,#6513,#6514
)),.UNSPECIFIED.,.F.,.F.,.F.) B_SPLINE_SURFACE_WITH_KNOTS((3,3),(7,5,5,7
    ),(0.,146.60956066178),(-9.000422918949,-5.47496049944E-02,
    146.55481105679,155.50048437074),.UNSPECIFIED.) 
GEOMETRIC_REPRESENTATION_ITEM() RATIONAL_B_SPLINE_SURFACE((
    (1.,1.,1.,1.,1.,1.,1.,1.,1.,1.,1.,1.,1.,1.,1.,1.,1.)
    ,(0.706990803572,0.706990803572,0.706990803572,0.706990803572
      ,0.706990803572,0.706990803572,0.706990803572,0.706990803572
      ,0.706990803572,0.706990803572,0.706990803572,0.706990803572
      ,0.706990803572,0.706990803572,0.706990803572,0.706990803572
      ,0.706990803572)
    ,(1.,1.,1.,1.,1.,1.,1.,1.,1.,1.,1.,1.,1.,1.,1.,1.,1.
))) REPRESENTATION_ITEM('') SURFACE() );
#6464 = CARTESIAN_POINT('',(14.264581955516,-55.98164027425,
    35.064199416322));
#6465 = CARTESIAN_POINT('',(14.975050796978,-57.29238381336,
    35.053999416322));
#6466 = CARTESIAN_POINT('',(15.68551963844,-58.60312735247,
    35.043799416322));
#6467 = CARTESIAN_POINT('',(16.395988479902,-59.91387089157,
    35.033599416322));
#6468 = CARTESIAN_POINT('',(17.106457321365,-61.22461443068,
    35.023399416322));
#6469 = CARTESIAN_POINT('',(17.816926162827,-62.53535796979,
    35.013199416322));
#6470 = CARTESIAN_POINT('',(30.171183130126,-85.3277192323,
    34.835832846935));
#6471 = CARTESIAN_POINT('',(41.814971255964,-106.8093369557,
    34.668666277548));
#6472 = CARTESIAN_POINT('',(53.458759381802,-128.2909546791,
    34.501499708161));
#6473 = CARTESIAN_POINT('',(65.10254750764,-149.7725724025,
    34.334333138774));
#6474 = CARTESIAN_POINT('',(76.746335633477,-171.2541901259,
    34.167166569387));
#6475 = CARTESIAN_POINT('',(89.100592600777,-194.0465513884,33.9898));
#6476 = CARTESIAN_POINT('',(89.811061442239,-195.3572949275,33.9796));
#6477 = CARTESIAN_POINT('',(90.521530283701,-196.6680384666,33.9694));
#6478 = CARTESIAN_POINT('',(91.231999125163,-197.9787820057,33.9592));
#6479 = CARTESIAN_POINT('',(91.942467966626,-199.2895255448,33.949));
#6480 = CARTESIAN_POINT('',(92.652936808088,-200.6002690839,33.9388));
#6481 = CARTESIAN_POINT('',(7.22901583376,-59.79514275499,
    35.061574558259));
#6482 = CARTESIAN_POINT('',(7.939484675222,-61.1058862941,
    35.051374558259));
#6483 = CARTESIAN_POINT('',(8.649953516684,-62.41662983321,
    35.041174558259));
#6484 = CARTESIAN_POINT('',(9.360422358146,-63.72737337232,
    35.030974558259));
#6485 = CARTESIAN_POINT('',(10.070891199608,-65.03811691142,
    35.020774558259));
#6486 = CARTESIAN_POINT('',(10.78136004107,-66.34886045053,
    35.010574558259));
#6487 = CARTESIAN_POINT('',(23.13561700837,-89.14122171304,
    34.833207988872));
#6488 = CARTESIAN_POINT('',(34.779405134208,-110.6228394364,
    34.666041419486));
#6489 = CARTESIAN_POINT('',(46.423193260045,-132.1044571598,
    34.498874850098));
#6490 = CARTESIAN_POINT('',(58.066981385883,-153.5860748832,
    34.331708280712));
#6491 = CARTESIAN_POINT('',(69.710769511721,-175.0676926066,
    34.164541711325));
#6492 = CARTESIAN_POINT('',(82.065026479021,-197.8600538691,
    33.987175141938));
#6493 = CARTESIAN_POINT('',(82.775495320483,-199.1707974082,
    33.976975141938));
#6494 = CARTESIAN_POINT('',(83.485964161945,-200.4815409473,
    33.966775141938));
#6495 = CARTESIAN_POINT('',(84.196433003407,-201.7922844864,
    33.956575141938));
#6496 = CARTESIAN_POINT('',(84.906901844869,-203.1030280255,
    33.946375141938));
#6497 = CARTESIAN_POINT('',(85.617370686331,-204.4137715646,
    33.936175141938));
#6498 = CARTESIAN_POINT('',(7.25510524284,-59.84327509015,
    43.064011770456));
#6499 = CARTESIAN_POINT('',(7.965574084302,-61.15401862925,
    43.053811770456));
#6500 = CARTESIAN_POINT('',(8.676042925764,-62.46476216836,
    43.043611770456));
#6501 = CARTESIAN_POINT('',(9.386511767227,-63.77550570747,
    43.033411770456));
#6502 = CARTESIAN_POINT('',(10.096980608689,-65.08624924657,
    43.023211770456));
#6503 = CARTESIAN_POINT('',(10.807449450151,-66.39699278568,
    43.013011770456));
#6504 = CARTESIAN_POINT('',(23.161706417451,-89.18935404819,
    42.835645201069));
#6505 = CARTESIAN_POINT('',(34.805494543288,-110.6709717715,
    42.668478631682));
#6506 = CARTESIAN_POINT('',(46.449282669126,-132.1525894949,
    42.501312062296));
#6507 = CARTESIAN_POINT('',(58.093070794964,-153.6342072183,
    42.334145492908));
#6508 = CARTESIAN_POINT('',(69.736858920801,-175.1158249417,
    42.166978923522));
#6509 = CARTESIAN_POINT('',(82.091115888101,-197.9081862043,
    41.989612354135));
#6510 = CARTESIAN_POINT('',(82.801584729563,-199.2189297434,
    41.979412354135));
#6511 = CARTESIAN_POINT('',(83.512053571025,-200.5296732825,
    41.969212354135));
#6512 = CARTESIAN_POINT('',(84.222522412488,-201.8404168216,
    41.959012354135));
#6513 = CARTESIAN_POINT('',(84.93299125395,-203.1511603607,
    41.948812354135));
#6514 = CARTESIAN_POINT('',(85.643460095412,-204.4619038998,
    41.938612354135));
#6515 = ADVANCED_FACE('',(#6516),#6548,.T.);
#6516 = FACE_BOUND('',#6517,.T.);
#6517 = EDGE_LOOP('',(#6518,#6519,#6541,#6547));
#6518 = ORIENTED_EDGE('',*,*,#2437,.T.);
#6519 = ORIENTED_EDGE('',*,*,#6520,.T.);
#6520 = EDGE_CURVE('',#2438,#6521,#6523,.T.);
#6521 = VERTEX_POINT('',#6522);
#6522 = CARTESIAN_POINT('',(-3.988183234314,212.,34.));
#6523 = B_SPLINE_CURVE_WITH_KNOTS('',6,(#6524,#6525,#6526,#6527,#6528,
    #6529,#6530,#6531,#6532,#6533,#6534,#6535,#6536,#6537,#6538,#6539,
    #6540),.UNSPECIFIED.,.F.,.F.,(7,5,5,7),(-9.000422918949,
    -5.474960499486E-02,146.55481105679,155.50048437074),.UNSPECIFIED.);
#6524 = CARTESIAN_POINT('',(-11.43757914856,56.626885217026,
    35.064199416322));
#6525 = CARTESIAN_POINT('',(-11.36617914856,58.116085217026,
    35.053999416322));
#6526 = CARTESIAN_POINT('',(-11.29477914856,59.605285217026,
    35.043799416322));
#6527 = CARTESIAN_POINT('',(-11.22337914856,61.094485217026,
    35.033599416322));
#6528 = CARTESIAN_POINT('',(-11.15197914856,62.583685217026,
    35.023399416322));
#6529 = CARTESIAN_POINT('',(-11.08057914856,64.072885217026,
    35.013199416322));
#6530 = CARTESIAN_POINT('',(-9.839013162857,89.968404347522,
    34.835832846935));
#6531 = CARTESIAN_POINT('',(-8.668847177149,114.37472347801,
    34.668666277548));
#6532 = CARTESIAN_POINT('',(-7.49868119144,138.78104260851,
    34.501499708161));
#6533 = CARTESIAN_POINT('',(-6.328515205731,163.187361739,
    34.334333138774));
#6534 = CARTESIAN_POINT('',(-5.158349220023,187.5936808695,
    34.167166569387));
#6535 = CARTESIAN_POINT('',(-3.916783234314,213.4892,33.9898));
#6536 = CARTESIAN_POINT('',(-3.845383234314,214.9784,33.9796));
#6537 = CARTESIAN_POINT('',(-3.773983234314,216.4676,33.9694));
#6538 = CARTESIAN_POINT('',(-3.702583234314,217.9568,33.9592));
#6539 = CARTESIAN_POINT('',(-3.631183234314,219.446,33.949));
#6540 = CARTESIAN_POINT('',(-3.559783234314,220.9352,33.9388));
#6541 = ORIENTED_EDGE('',*,*,#6542,.F.);
#6542 = EDGE_CURVE('',#6193,#6521,#6543,.T.);
#6543 = LINE('',#6544,#6545);
#6544 = CARTESIAN_POINT('',(12.,212.,34.));
#6545 = VECTOR('',#6546,1.);
#6546 = DIRECTION('',(-1.,0.,0.));
#6547 = ORIENTED_EDGE('',*,*,#6192,.F.);
#6548 = B_SPLINE_SURFACE_WITH_KNOTS('',1,1,(
    (#6549,#6550)
    ,(#6551,#6552
    )),.UNSPECIFIED.,.F.,.F.,.F.,(2,2),(2,2),(0.,38.),(0.,1.),
  .PIECEWISE_BEZIER_KNOTS.);
#6549 = CARTESIAN_POINT('',(19.,66.,35.));
#6550 = CARTESIAN_POINT('',(12.,212.,34.));
#6551 = CARTESIAN_POINT('',(-19.,66.,35.));
#6552 = CARTESIAN_POINT('',(-12.,212.,34.));
#6553 = ADVANCED_FACE('',(#6554),#6694,.T.);
#6554 = FACE_BOUND('',#6555,.F.);
#6555 = EDGE_LOOP('',(#6556,#6566,#6567,#6575,#6576,#6577));
#6556 = ORIENTED_EDGE('',*,*,#6557,.F.);
#6557 = EDGE_CURVE('',#3374,#6558,#6560,.T.);
#6558 = VERTEX_POINT('',#6559);
#6559 = CARTESIAN_POINT('',(-16.1772392692,-76.30371479929,
    42.935919218387));
#6560 = B_SPLINE_CURVE_WITH_KNOTS('',4,(#6561,#6562,#6563,#6564,#6565),
  .UNSPECIFIED.,.F.,.F.,(5,5),(0.,1.),.PIECEWISE_BEZIER_KNOTS.);
#6561 = CARTESIAN_POINT('',(-16.17736681748,-76.30395011303,43.));
#6562 = CARTESIAN_POINT('',(-16.17736681748,-76.30395011303,
    42.983979333685));
#6563 = CARTESIAN_POINT('',(-16.17734555853,-76.3039108924,
    42.967958818823));
#6564 = CARTESIAN_POINT('',(-16.17730304153,-76.30383245281,
    42.951938549135));
#6565 = CARTESIAN_POINT('',(-16.17723926681,-76.30371479488,
    42.935918618421));
#6566 = ORIENTED_EDGE('',*,*,#3373,.T.);
#6567 = ORIENTED_EDGE('',*,*,#6568,.F.);
#6568 = EDGE_CURVE('',#6325,#3376,#6569,.T.);
#6569 = B_SPLINE_CURVE_WITH_KNOTS('',4,(#6570,#6571,#6572,#6573,#6574),
  .UNSPECIFIED.,.F.,.F.,(5,5),(0.,1.),.PIECEWISE_BEZIER_KNOTS.);
#6570 = CARTESIAN_POINT('',(16.177239266819,-76.30371479488,
    42.935918618421));
#6571 = CARTESIAN_POINT('',(16.177303041534,-76.30383245281,
    42.951938549108));
#6572 = CARTESIAN_POINT('',(16.177345558535,-76.3039108924,
    42.96795881886));
#6573 = CARTESIAN_POINT('',(16.177366817487,-76.30395011303,
    42.983979333575));
#6574 = CARTESIAN_POINT('',(16.177366817487,-76.30395011303,43.));
#6575 = ORIENTED_EDGE('',*,*,#6324,.T.);
#6576 = ORIENTED_EDGE('',*,*,#2721,.F.);
#6577 = ORIENTED_EDGE('',*,*,#6578,.F.);
#6578 = EDGE_CURVE('',#6558,#2695,#6579,.T.);
#6579 = B_SPLINE_CURVE_WITH_KNOTS('',8,(#6580,#6581,#6582,#6583,#6584,
    #6585,#6586,#6587,#6588,#6589,#6590,#6591,#6592,#6593,#6594,#6595,
    #6596,#6597,#6598,#6599,#6600,#6601,#6602,#6603,#6604,#6605,#6606,
    #6607,#6608,#6609,#6610,#6611,#6612,#6613,#6614,#6615,#6616,#6617,
    #6618,#6619,#6620,#6621,#6622,#6623,#6624,#6625,#6626,#6627,#6628,
    #6629,#6630,#6631,#6632,#6633,#6634,#6635,#6636,#6637,#6638,#6639,
    #6640,#6641,#6642,#6643,#6644,#6645,#6646,#6647,#6648,#6649,#6650,
    #6651,#6652,#6653,#6654,#6655,#6656,#6657,#6658,#6659,#6660,#6661,
    #6662,#6663,#6664,#6665,#6666,#6667,#6668,#6669,#6670,#6671,#6672,
    #6673,#6674,#6675,#6676,#6677,#6678,#6679,#6680,#6681,#6682,#6683,
    #6684,#6685,#6686,#6687,#6688,#6689,#6690,#6691,#6692,#6693),
  .UNSPECIFIED.,.F.,.F.,(9,7,7,7,7,7,7,7,7,7,7,7,7,7,7,7,9),(0.,
    0.106991883795,0.214175378111,0.319846282916,0.422847325798,
    0.524497444279,0.626023471326,0.728515848074,0.832679324342,
    0.890287816522,0.946887875191,0.970772527995,0.984448479132,
    0.992164730063,0.996269955091,0.998520299417,1.),.UNSPECIFIED.);
#6580 = CARTESIAN_POINT('',(-16.1772392692,-76.30371479929,
    42.935919218387));
#6581 = CARTESIAN_POINT('',(-16.17666508399,-76.30265548534,
    42.791685044428));
#6582 = CARTESIAN_POINT('',(-16.17764118698,-76.29821930995,
    42.646242184919));
#6583 = CARTESIAN_POINT('',(-16.18021382467,-76.29030639173,
    42.499680448094));
#6584 = CARTESIAN_POINT('',(-16.18442747397,-76.27882000318,
    42.352097051157));
#6585 = CARTESIAN_POINT('',(-16.1903243881,-76.2636674484,
    42.203596420301));
#6586 = CARTESIAN_POINT('',(-16.19794414249,-76.24476094081,
    42.054289990714));
#6587 = CARTESIAN_POINT('',(-16.20732318072,-76.22201848086,
    41.904296006601));
#6588 = CARTESIAN_POINT('',(-16.22968554636,-76.16866325281,
    41.602913005562));
#6589 = CARTESIAN_POINT('',(-16.2426752909,-76.13803647563,
    41.451521951305));
#6590 = CARTESIAN_POINT('',(-16.25749665199,-76.10340863369,
    41.299691493146));
#6591 = CARTESIAN_POINT('',(-16.27417903252,-76.06471074819,
    41.147553603847));
#6592 = CARTESIAN_POINT('',(-16.29274777244,-76.02188145313,
    40.995246261698));
#6593 = CARTESIAN_POINT('',(-16.31322374105,-75.9748678184,
    40.842912818004));
#6594 = CARTESIAN_POINT('',(-16.33562292923,-75.92362617281,
    40.690701364576));
#6595 = CARTESIAN_POINT('',(-16.38394576167,-75.8134029516,
    40.388970999272));
#6596 = CARTESIAN_POINT('',(-16.40981520565,-75.75454080997,
    40.239444353897));
#6597 = CARTESIAN_POINT('',(-16.4375747177,-75.69150416737,
    40.090329854262));
#6598 = CARTESIAN_POINT('',(-16.46722961645,-75.62427027501,
    39.941776971593));
#6599 = CARTESIAN_POINT('',(-16.49877999903,-75.55282641976,
    39.793938020479));
#6600 = CARTESIAN_POINT('',(-16.53222054497,-75.47717037376,
    39.64696722017));
#6601 = CARTESIAN_POINT('',(-16.56754032011,-75.39731084393,
    39.501019755876));
#6602 = CARTESIAN_POINT('',(-16.64096540073,-75.23134841255,
    39.215139629437));
#6603 = CARTESIAN_POINT('',(-16.67897779058,-75.14545421573,
    39.075148105885));
#6604 = CARTESIAN_POINT('',(-16.71874435885,-75.05560371455,
    38.936419953731));
#6605 = CARTESIAN_POINT('',(-16.76024447615,-74.96182557161,
    38.799098745938));
#6606 = CARTESIAN_POINT('',(-16.80345234269,-74.8641586604,
    38.663326997606));
#6607 = CARTESIAN_POINT('',(-16.84833705604,-74.76265199681,
    38.529245219468));
#6608 = CARTESIAN_POINT('',(-16.89486267881,-74.65736467082,
    38.396990971387));
#6609 = CARTESIAN_POINT('',(-16.99048273575,-74.44079647534,
    38.138113736877));
#6610 = CARTESIAN_POINT('',(-17.03953549328,-74.32961229746,
    38.01143959358));
#6611 = CARTESIAN_POINT('',(-17.09010736183,-74.21487941288,
    37.886804012096));
#6612 = CARTESIAN_POINT('',(-17.14215445559,-74.0966734416,
    37.764331700819));
#6613 = CARTESIAN_POINT('',(-17.19562848829,-73.97507889455,
    37.644142790048));
#6614 = CARTESIAN_POINT('',(-17.25047704129,-73.85018861281,
    37.526352071649));
#6615 = CARTESIAN_POINT('',(-17.30664383175,-73.72210320694,
    37.411068238707));
#6616 = CARTESIAN_POINT('',(-17.42142402682,-73.45991791728,
    37.185855562084));
#6617 = CARTESIAN_POINT('',(-17.48003438693,-73.32582554904,
    37.075920323915));
#6618 = CARTESIAN_POINT('',(-17.53984042417,-73.18876055786,
    36.96868901724));
#6619 = CARTESIAN_POINT('',(-17.60077901408,-73.04883727097,
    36.864256348819));
#6620 = CARTESIAN_POINT('',(-17.66278386112,-72.90617611609,
    36.762709694124));
#6621 = CARTESIAN_POINT('',(-17.72578581522,-72.76090256101,
    36.664128665856));
#6622 = CARTESIAN_POINT('',(-17.78971318823,-72.6131460532,
    36.56858468246));
#6623 = CARTESIAN_POINT('',(-17.91988753403,-72.3115031094,
    36.382816484699));
#6624 = CARTESIAN_POINT('',(-17.98615086436,-72.15757179896,
    36.292651554614));
#6625 = CARTESIAN_POINT('',(-18.05320575721,-72.00138063407,
    36.205710545359));
#6626 = CARTESIAN_POINT('',(-18.12097392161,-71.84306865764,
    36.122049280513));
#6627 = CARTESIAN_POINT('',(-18.18937492609,-71.68277620484,
    36.041714589537));
#6628 = CARTESIAN_POINT('',(-18.25832604493,-71.52064275827,
    35.964744289051));
#6629 = CARTESIAN_POINT('',(-18.32774210435,-71.35680480316,
    35.891167164115));
#6630 = CARTESIAN_POINT('',(-18.46846650539,-71.0232855962,
    35.749694733863));
#6631 = CARTESIAN_POINT('',(-18.5397869721,-70.85355219728,
    35.681911677115));
#6632 = CARTESIAN_POINT('',(-18.61140494263,-70.68233196212,
    35.617674583282));
#6633 = CARTESIAN_POINT('',(-18.68322340422,-70.50975359754,
    35.556994831782));
#6634 = CARTESIAN_POINT('',(-18.75514194703,-70.33593737655,
    35.49987456149));
#6635 = CARTESIAN_POINT('',(-18.82705391098,-70.16098821536,
    35.446307035735));
#6636 = CARTESIAN_POINT('',(-18.89883885005,-69.98498049203,
    35.396277188221));
#6637 = CARTESIAN_POINT('',(-19.00990033436,-69.71001788107,
    35.324036924843));
#6638 = CARTESIAN_POINT('',(-19.04936657092,-69.61178339875,
    35.299386655036));
#6639 = CARTESIAN_POINT('',(-19.08872432975,-69.51323473504,
    35.275807699976));
#6640 = CARTESIAN_POINT('',(-19.12794551066,-69.41436869399,
    35.253295526096));
#6641 = CARTESIAN_POINT('',(-19.16699873609,-69.31517546658,
    35.231844930921));
#6642 = CARTESIAN_POINT('',(-19.20584747398,-69.2156351877,
    35.211450098814));
#6643 = CARTESIAN_POINT('',(-19.24444615436,-69.11571089157,
    35.192104688291));
#6644 = CARTESIAN_POINT('',(-19.320352174,-68.91672186423,
    35.155819601962));
#6645 = CARTESIAN_POINT('',(-19.35766992605,-68.81767282837,
    35.138843828762));
#6646 = CARTESIAN_POINT('',(-19.39463082824,-68.7181298213,
    35.12286812478));
#6647 = CARTESIAN_POINT('',(-19.43115910396,-68.61799730507,
    35.107885762378));
#6648 = CARTESIAN_POINT('',(-19.46716666287,-68.51715718487,
    35.093889687305));
#6649 = CARTESIAN_POINT('',(-19.50250741285,-68.41538679875,
    35.080873221516));
#6650 = CARTESIAN_POINT('',(-19.53700392218,-68.31240668002,
    35.068829649947));
#6651 = CARTESIAN_POINT('',(-19.584266731,-68.16324472403,
    35.053082118476));
#6652 = CARTESIAN_POINT('',(-19.59806811085,-68.11863857523,
    35.04858152189));
#6653 = CARTESIAN_POINT('',(-19.61161344468,-68.07363718641,
    35.044253274731));
#6654 = CARTESIAN_POINT('',(-19.62486482535,-68.028175394,
    35.040097192089));
#6655 = CARTESIAN_POINT('',(-19.63777042254,-67.98216348203,
    35.036113310368));
#6656 = CARTESIAN_POINT('',(-19.65026387215,-67.93548608028,
    35.032301887504));
#6657 = CARTESIAN_POINT('',(-19.66225278322,-67.88798160272,
    35.028663572178));
#6658 = CARTESIAN_POINT('',(-19.68006320392,-67.81153591976,
    35.023216854025));
#6659 = CARTESIAN_POINT('',(-19.68633047215,-67.78333956589,
    35.021291027251));
#6660 = CARTESIAN_POINT('',(-19.69234980489,-67.75472675702,
    35.019422826035));
#6661 = CARTESIAN_POINT('',(-19.6980851315,-67.72563372359,
    35.017612655685));
#6662 = CARTESIAN_POINT('',(-19.70348653832,-67.69597274724,
    35.015861167731));
#6663 = CARTESIAN_POINT('',(-19.70849036665,-67.66563231995,
    35.014169249101));
#6664 = CARTESIAN_POINT('',(-19.71300800207,-67.6344572131,
    35.012538192066));
#6665 = CARTESIAN_POINT('',(-19.71907062048,-67.58395880525,
    35.010085757398));
#6666 = CARTESIAN_POINT('',(-19.72105303054,-67.56539242137,
    35.009221343162));
#6667 = CARTESIAN_POINT('',(-19.72280240004,-67.54642307421,
    35.008377503379));
#6668 = CARTESIAN_POINT('',(-19.72428518427,-67.52699160878,
    35.007554747824));
#6669 = CARTESIAN_POINT('',(-19.72545355013,-67.5070148501,
    35.006753861618));
#6670 = CARTESIAN_POINT('',(-19.72624680925,-67.48638809292,
    35.005975872495));
#6671 = CARTESIAN_POINT('',(-19.72658008968,-67.46496517651,
    35.005222230438));
#6672 = CARTESIAN_POINT('',(-19.72614588013,-67.43050943079,
    35.004109009987));
#6673 = CARTESIAN_POINT('',(-19.72582063433,-67.41824428843,
    35.003730140234));
#6674 = CARTESIAN_POINT('',(-19.72529655636,-67.40563554093,
    35.003359342727));
#6675 = CARTESIAN_POINT('',(-19.72454543808,-67.39263411936,
    35.002997089831));
#6676 = CARTESIAN_POINT('',(-19.72352639614,-67.37917061729,
    35.002644124988));
#6677 = CARTESIAN_POINT('',(-19.72218791233,-67.36515876389,
    35.002301419595));
#6678 = CARTESIAN_POINT('',(-19.72045804791,-67.35047851621,
    35.001970338477));
#6679 = CARTESIAN_POINT('',(-19.71696240783,-67.32636006834,
    35.001479696341));
#6680 = CARTESIAN_POINT('',(-19.71556693887,-67.31755607735,
    35.001310337883));
#6681 = CARTESIAN_POINT('',(-19.71398971852,-67.30844412801,
    35.001145687298));
#6682 = CARTESIAN_POINT('',(-19.71220413501,-67.29897864119,
    35.000986215941));
#6683 = CARTESIAN_POINT('',(-19.71016938581,-67.28909319373,
    35.000832752497));
#6684 = CARTESIAN_POINT('',(-19.70783514573,-67.278708167,
    35.000686383366));
#6685 = CARTESIAN_POINT('',(-19.7051314405,-67.26771374323,
    35.000548638635));
#6686 = CARTESIAN_POINT('',(-19.69979621179,-67.24809380582,
    35.000339686503));
#6687 = CARTESIAN_POINT('',(-19.6974749938,-67.24001358487,
    35.000262583836));
#6688 = CARTESIAN_POINT('',(-19.69489930418,-67.23151960925,
    35.000191219263));
#6689 = CARTESIAN_POINT('',(-19.69199461939,-67.22248261572,
    35.000126880393));
#6690 = CARTESIAN_POINT('',(-19.68870582056,-67.21281900878,
    35.000070865587));
#6691 = CARTESIAN_POINT('',(-19.68488541985,-67.20233377371,
    35.000027457843));
#6692 = CARTESIAN_POINT('',(-19.68044367459,-67.19093604263,35.));
#6693 = CARTESIAN_POINT('',(-19.67497662644,-67.17808641773,35.));
#6694 = TOROIDAL_SURFACE('',#6695,70.,8.);
#6695 = AXIS2_PLACEMENT_3D('',#6696,#6697,#6698);
#6696 = CARTESIAN_POINT('',(0.,0.,43.));
#6697 = DIRECTION('',(-0.,-0.,-1.));
#6698 = DIRECTION('',(1.,0.,-0.));
#6699 = ADVANCED_FACE('',(#6700),#6874,.T.);
#6700 = FACE_BOUND('',#6701,.T.);
#6701 = EDGE_LOOP('',(#6702,#6703,#6704,#6823,#6845));
#6702 = ORIENTED_EDGE('',*,*,#6520,.F.);
#6703 = ORIENTED_EDGE('',*,*,#2445,.F.);
#6704 = ORIENTED_EDGE('',*,*,#6705,.F.);
#6705 = EDGE_CURVE('',#6706,#2446,#6708,.T.);
#6706 = VERTEX_POINT('',#6707);
#6707 = CARTESIAN_POINT('',(-18.53175213551,75.766312602188,
    42.935919218387));
#6708 = B_SPLINE_CURVE_WITH_KNOTS('',8,(#6709,#6710,#6711,#6712,#6713,
    #6714,#6715,#6716,#6717,#6718,#6719,#6720,#6721,#6722,#6723,#6724,
    #6725,#6726,#6727,#6728,#6729,#6730,#6731,#6732,#6733,#6734,#6735,
    #6736,#6737,#6738,#6739,#6740,#6741,#6742,#6743,#6744,#6745,#6746,
    #6747,#6748,#6749,#6750,#6751,#6752,#6753,#6754,#6755,#6756,#6757,
    #6758,#6759,#6760,#6761,#6762,#6763,#6764,#6765,#6766,#6767,#6768,
    #6769,#6770,#6771,#6772,#6773,#6774,#6775,#6776,#6777,#6778,#6779,
    #6780,#6781,#6782,#6783,#6784,#6785,#6786,#6787,#6788,#6789,#6790,
    #6791,#6792,#6793,#6794,#6795,#6796,#6797,#6798,#6799,#6800,#6801,
    #6802,#6803,#6804,#6805,#6806,#6807,#6808,#6809,#6810,#6811,#6812,
    #6813,#6814,#6815,#6816,#6817,#6818,#6819,#6820,#6821,#6822),
  .UNSPECIFIED.,.F.,.F.,(9,7,7,7,7,7,7,7,7,7,7,7,7,7,7,7,9),(0.,
    0.106991883795,0.214175378111,0.319846282916,0.422847325799,
    0.52449744428,0.626023471326,0.728515848074,0.832679324342,
    0.890287816522,0.946887875191,0.970772527995,0.984448479132,
    0.992164730063,0.996269955091,0.998520299417,1.),.UNSPECIFIED.);
#6709 = CARTESIAN_POINT('',(-18.53175213551,75.766312602188,
    42.935919218387));
#6710 = CARTESIAN_POINT('',(-18.53180983941,75.765109063673,
    42.791685044428));
#6711 = CARTESIAN_POINT('',(-18.52900561664,75.76153572297,
    42.646242184919));
#6712 = CARTESIAN_POINT('',(-18.52325446363,75.755522655663,
    42.499680448094));
#6713 = CARTESIAN_POINT('',(-18.51447433958,75.747002011088,
    42.352097051157));
#6714 = CARTESIAN_POINT('',(-18.50258695641,75.735908606111,
    42.2035964203));
#6715 = CARTESIAN_POINT('',(-18.48751856871,75.722180518898,
    42.054289990714));
#6716 = CARTESIAN_POINT('',(-18.4692007637,75.705759682683,
    41.904296006601));
#6717 = CARTESIAN_POINT('',(-18.42590300259,75.667390950089,
    41.602913005561));
#6718 = CARTESIAN_POINT('',(-18.40091118656,75.645433216255,
    41.451521951304));
#6719 = CARTESIAN_POINT('',(-18.3725331441,75.620665356275,
    41.299691493145));
#6720 = CARTESIAN_POINT('',(-18.34071245534,75.593037979823,
    41.147553603847));
#6721 = CARTESIAN_POINT('',(-18.30539966407,75.56250679265,
    40.995246261697));
#6722 = CARTESIAN_POINT('',(-18.26655300219,75.529033161214,
    40.842912818003));
#6723 = CARTESIAN_POINT('',(-18.22413911419,75.492584677318,
    40.690701364575));
#6724 = CARTESIAN_POINT('',(-18.1327776832,75.414243477713,
    40.388970999271));
#6725 = CARTESIAN_POINT('',(-18.08393079344,75.372434851688,
    40.239444353896));
#6726 = CARTESIAN_POINT('',(-18.0315697631,75.327685200054,
    40.090329854261));
#6727 = CARTESIAN_POINT('',(-17.97567992993,75.279976334523,
    39.941776971592));
#6728 = CARTESIAN_POINT('',(-17.9162556904,75.229296843107,
    39.793938020479));
#6729 = CARTESIAN_POINT('',(-17.85330087146,75.175642410093,
    39.646967220169));
#6730 = CARTESIAN_POINT('',(-17.78682910223,75.119016136017,
    39.501019755875));
#6731 = CARTESIAN_POINT('',(-17.64866699019,75.001347100629,
    39.215139629436));
#6732 = CARTESIAN_POINT('',(-17.57715091505,74.940452061203,
    39.075148105884));
#6733 = CARTESIAN_POINT('',(-17.50233780364,74.876753624201,
    38.93641995373));
#6734 = CARTESIAN_POINT('',(-17.42425867864,74.810268662996,
    38.799098745937));
#6735 = CARTESIAN_POINT('',(-17.34295365141,74.741021007262,
    38.663326997605));
#6736 = CARTESIAN_POINT('',(-17.2584718313,74.669041410743,
    38.529245219467));
#6737 = CARTESIAN_POINT('',(-17.17087123493,74.594367519017,
    38.396990971386));
#6738 = CARTESIAN_POINT('',(-16.99075512206,74.440734304945,
    38.138113736877));
#6739 = CARTESIAN_POINT('',(-16.89831910781,74.361844015928,
    38.011439593579));
#6740 = CARTESIAN_POINT('',(-16.80297469569,74.280415570209,
    37.886804012095));
#6741 = CARTESIAN_POINT('',(-16.70479423574,74.196498057742,
    37.764331700818));
#6742 = CARTESIAN_POINT('',(-16.60385790031,74.110146669594,
    37.644142790047));
#6743 = CARTESIAN_POINT('',(-16.50025319919,74.021422309104,
    37.526352071648));
#6744 = CARTESIAN_POINT('',(-16.39407449475,73.930391203039,
    37.411068238707));
#6745 = CARTESIAN_POINT('',(-16.17690317852,73.743971679655,
    37.185855562083));
#6746 = CARTESIAN_POINT('',(-16.0659165706,73.648588712641,
    37.075920323914));
#6747 = CARTESIAN_POINT('',(-15.95256292206,73.551046289768,
    36.96868901724));
#6748 = CARTESIAN_POINT('',(-15.8369487108,73.451420027632,
    36.864256348819));
#6749 = CARTESIAN_POINT('',(-15.71918591864,73.349789663303,
    36.762709694123));
#6750 = CARTESIAN_POINT('',(-15.59939128611,73.246238236261,
    36.664128665856));
#6751 = CARTESIAN_POINT('',(-15.47768556713,73.140851270332,
    36.56858468246));
#6752 = CARTESIAN_POINT('',(-15.22952456584,72.925560900633,
    36.382816484699));
#6753 = CARTESIAN_POINT('',(-15.10303507559,72.815624163667,
    36.292651554613));
#6754 = CARTESIAN_POINT('',(-14.97485189804,72.703994814287,
    36.205710545358));
#6755 = CARTESIAN_POINT('',(-14.84510589941,72.590764156674,
    36.122049280513));
#6756 = CARTESIAN_POINT('',(-14.71393043506,72.47602373053,
    36.041714589536));
#6757 = CARTESIAN_POINT('',(-14.58146055755,72.359863311976,
    35.96474428905));
#6758 = CARTESIAN_POINT('',(-14.4478322245,72.242368914456,
    35.891167164114));
#6759 = CARTESIAN_POINT('',(-14.17633535963,72.002936521452,
    35.749694733863));
#6760 = CARTESIAN_POINT('',(-14.0384332777,71.880956803953,
    35.681911677114));
#6761 = CARTESIAN_POINT('',(-13.89961804003,71.757766575356,
    35.617674583282));
#6762 = CARTESIAN_POINT('',(-13.76003289589,71.633439704253,
    35.556994831782));
#6763 = CARTESIAN_POINT('',(-13.61982049591,71.508040986668,
    35.49987456149));
#6764 = CARTESIAN_POINT('',(-13.47912245894,71.38161867078,
    35.446307035734));
#6765 = CARTESIAN_POINT('',(-13.33807957455,71.254187509324,
    35.396277188221));
#6766 = CARTESIAN_POINT('',(-13.118714829,71.054642529092,
    35.324036924843));
#6767 = CARTESIAN_POINT('',(-13.04053463402,70.983260077058,
    35.299386655036));
#6768 = CARTESIAN_POINT('',(-12.96231585591,70.911547490652,
    35.275807699976));
#6769 = CARTESIAN_POINT('',(-12.88408242539,70.83948969819,
    35.253295526096));
#6770 = CARTESIAN_POINT('',(-12.80585835668,70.767064247864,
    35.231844930921));
#6771 = CARTESIAN_POINT('',(-12.72766794489,70.694237391145,
    35.211450098813));
#6772 = CARTESIAN_POINT('',(-12.64953620829,70.620956050954,
    35.192104688291));
#6773 = CARTESIAN_POINT('',(-12.49480914448,70.474607519887,
    35.155819601962));
#6774 = CARTESIAN_POINT('',(-12.41821124564,70.401558987981,
    35.138843828762));
#6775 = CARTESIAN_POINT('',(-12.34172053131,70.327910572027,
    35.122868124779));
#6776 = CARTESIAN_POINT('',(-12.26536382155,70.253543317119,
    35.107885762378));
#6777 = CARTESIAN_POINT('',(-12.18916924355,70.178312602454,
    35.093889687305));
#6778 = CARTESIAN_POINT('',(-12.1131718124,70.101954429638,
    35.080873221516));
#6779 = CARTESIAN_POINT('',(-12.03741013247,70.024140023105,
    35.068829649947));
#6780 = CARTESIAN_POINT('',(-11.93010886592,69.910256308689,
    35.053082118476));
#6781 = CARTESIAN_POINT('',(-11.89832036971,69.876055751601,
    35.04858152189));
#6782 = CARTESIAN_POINT('',(-11.86659107477,69.841388001355,
    35.044253274731));
#6783 = CARTESIAN_POINT('',(-11.83492686085,69.806177900302,
    35.040097192088));
#6784 = CARTESIAN_POINT('',(-11.80333549915,69.77032212883,
    35.036113310368));
#6785 = CARTESIAN_POINT('',(-11.7718267244,69.733687947655,
    35.032301887504));
#6786 = CARTESIAN_POINT('',(-11.74041366842,69.696089685845,
    35.028663572178));
#6787 = CARTESIAN_POINT('',(-11.69119849508,69.634942157343,
    35.023216854025));
#6788 = CARTESIAN_POINT('',(-11.67331794207,69.612257386093,
    35.021291027251));
#6789 = CARTESIAN_POINT('',(-11.65548007817,69.589089826669,
    35.019422826035));
#6790 = CARTESIAN_POINT('',(-11.63768973331,69.565366374232,
    35.017612655685));
#6791 = CARTESIAN_POINT('',(-11.6199538186,69.540986340534,
    35.015861167731));
#6792 = CARTESIAN_POINT('',(-11.60228130702,69.515821639851,
    35.014169249101));
#6793 = CARTESIAN_POINT('',(-11.58468468622,69.489693967682,
    35.012538192066));
#6794 = CARTESIAN_POINT('',(-11.55731201776,69.446826945872,
    35.010085757398));
#6795 = CARTESIAN_POINT('',(-11.54747027595,69.430959347501,
    35.009221343162));
#6796 = CARTESIAN_POINT('',(-11.53766365722,69.414627579238,
    35.008377503379));
#6797 = CARTESIAN_POINT('',(-11.52789671791,69.397763789796,
    35.007554747824));
#6798 = CARTESIAN_POINT('',(-11.5181764659,69.380272287097,
    35.006753861618));
#6799 = CARTESIAN_POINT('',(-11.5085121496,69.362032403259,
    35.005975872496));
#6800 = CARTESIAN_POINT('',(-11.49891681923,69.342875627475,
    35.005222230438));
#6801 = CARTESIAN_POINT('',(-11.48435824073,69.311643676795,
    35.004109009987));
#6802 = CARTESIAN_POINT('',(-11.47932963124,69.30045204651,
    35.003730140234));
#6803 = CARTESIAN_POINT('',(-11.47433107867,69.288864568632,
    35.003359342727));
#6804 = CARTESIAN_POINT('',(-11.46936670745,69.276824794557,
    35.002997089831));
#6805 = CARTESIAN_POINT('',(-11.46444323789,69.264252452605,
    35.002644124989));
#6806 = CARTESIAN_POINT('',(-11.45956965479,69.251047462556,
    35.002301419595));
#6807 = CARTESIAN_POINT('',(-11.45475868802,69.237070456376,
    35.001970338477));
#6808 = CARTESIAN_POINT('',(-11.44744354856,69.213823784314,
    35.001479696341));
#6809 = CARTESIAN_POINT('',(-11.44488091412,69.205286191237,
    35.001310337883));
#6810 = CARTESIAN_POINT('',(-11.44234841391,69.196392278291,
    35.001145687298));
#6811 = CARTESIAN_POINT('',(-11.43985024825,69.187089433697,
    35.000986215941));
#6812 = CARTESIAN_POINT('',(-11.43739435902,69.177300108696,
    35.000832752497));
#6813 = CARTESIAN_POINT('',(-11.43499154244,69.166930734105,
    35.000686383366));
#6814 = CARTESIAN_POINT('',(-11.43265719498,69.155852006836,
    35.000548638635));
#6815 = CARTESIAN_POINT('',(-11.42895129814,69.135860185052,
    35.000339686503));
#6816 = CARTESIAN_POINT('',(-11.42753676681,69.127573018793,
    35.000262583836));
#6817 = CARTESIAN_POINT('',(-11.42617198507,69.118802661351,
    35.000191219263));
#6818 = CARTESIAN_POINT('',(-11.42486801109,69.10940031603,
    35.000126880393));
#6819 = CARTESIAN_POINT('',(-11.42363823454,69.099266750687,
    35.000070865587));
#6820 = CARTESIAN_POINT('',(-11.42253092365,69.088162270573,
    35.000027457843));
#6821 = CARTESIAN_POINT('',(-11.42158750766,69.07596606866,35.));
#6822 = CARTESIAN_POINT('',(-11.42093790456,69.06201689337,35.));
#6823 = ORIENTED_EDGE('',*,*,#6824,.T.);
#6824 = EDGE_CURVE('',#6706,#6825,#6827,.T.);
#6825 = VERTEX_POINT('',#6826);
#6826 = CARTESIAN_POINT('',(-12.,212.,42.002811770456));
#6827 = B_SPLINE_CURVE_WITH_KNOTS('',6,(#6828,#6829,#6830,#6831,#6832,
    #6833,#6834,#6835,#6836,#6837,#6838,#6839,#6840,#6841,#6842,#6843,
    #6844),.UNSPECIFIED.,.F.,.F.,(7,5,5,7),(-9.000422918949,
    -5.474960499486E-02,146.55481105679,155.50048437074),.UNSPECIFIED.);
#6828 = CARTESIAN_POINT('',(-19.4284,57.0648,43.064011770456));
#6829 = CARTESIAN_POINT('',(-19.357,58.554,43.053811770456));
#6830 = CARTESIAN_POINT('',(-19.2856,60.0432,43.043611770456));
#6831 = CARTESIAN_POINT('',(-19.2142,61.5324,43.033411770456));
#6832 = CARTESIAN_POINT('',(-19.1428,63.0216,43.023211770456));
#6833 = CARTESIAN_POINT('',(-19.0714,64.5108,43.013011770456));
#6834 = CARTESIAN_POINT('',(-17.82983401429,90.406319130496,
    42.835645201069));
#6835 = CARTESIAN_POINT('',(-16.65966802858,114.81263826099,
    42.668478631682));
#6836 = CARTESIAN_POINT('',(-15.48950204287,139.21895739148,
    42.501312062295));
#6837 = CARTESIAN_POINT('',(-14.31933605716,163.62527652198,
    42.334145492909));
#6838 = CARTESIAN_POINT('',(-13.14917007145,188.03159565247,
    42.166978923522));
#6839 = CARTESIAN_POINT('',(-11.90760408574,213.92711478297,
    41.989612354135));
#6840 = CARTESIAN_POINT('',(-11.83620408574,215.41631478297,
    41.979412354135));
#6841 = CARTESIAN_POINT('',(-11.76480408574,216.90551478297,
    41.969212354135));
#6842 = CARTESIAN_POINT('',(-11.69340408574,218.39471478297,
    41.959012354135));
#6843 = CARTESIAN_POINT('',(-11.62200408574,219.88391478297,
    41.948812354135));
#6844 = CARTESIAN_POINT('',(-11.55060408574,221.37311478297,
    41.938612354135));
#6845 = ORIENTED_EDGE('',*,*,#6846,.F.);
#6846 = EDGE_CURVE('',#6521,#6825,#6847,.T.);
#6847 = B_SPLINE_CURVE_WITH_KNOTS('',7,(#6848,#6849,#6850,#6851,#6852,
    #6853,#6854,#6855,#6856,#6857,#6858,#6859,#6860,#6861,#6862,#6863,
    #6864,#6865,#6866,#6867,#6868,#6869,#6870,#6871,#6872,#6873),
  .UNSPECIFIED.,.F.,.F.,(8,6,6,6,8),(0.,0.249928743901,0.500002573609,
    0.75007469467,1.),.UNSPECIFIED.);
#6848 = CARTESIAN_POINT('',(-3.988183234314,212.,34.));
#6849 = CARTESIAN_POINT('',(-4.392940657055,212.,34.));
#6850 = CARTESIAN_POINT('',(-4.80753495304,212.,34.023838195587));
#6851 = CARTESIAN_POINT('',(-5.229863142823,212.,34.073594322343));
#6852 = CARTESIAN_POINT('',(-5.657304085528,212.,34.15114205148));
#6853 = CARTESIAN_POINT('',(-6.086712521931,212.,34.257934940985));
#6854 = CARTESIAN_POINT('',(-6.514534371423,212.,34.394825659662));
#6855 = CARTESIAN_POINT('',(-7.359797464367,212.,34.729108307306));
#6856 = CARTESIAN_POINT('',(-7.777233876004,212.,34.926536733978));
#6857 = CARTESIAN_POINT('',(-8.1856180499,212.,35.154311976593));
#6858 = CARTESIAN_POINT('',(-8.581044866895,212.,35.411810777754));
#6859 = CARTESIAN_POINT('',(-8.959665271719,212.,35.697561774274));
#6860 = CARTESIAN_POINT('',(-9.318018188417,212.,36.009289745988));
#6861 = CARTESIAN_POINT('',(-9.988447105768,212.,36.678965131902));
#6862 = CARTESIAN_POINT('',(-10.30052471995,212.,37.036913526273));
#6863 = CARTESIAN_POINT('',(-10.58659713229,212.,37.415107423287));
#6864 = CARTESIAN_POINT('',(-10.84438627539,212.,37.810089797598));
#6865 = CARTESIAN_POINT('',(-11.07241878253,212.,38.218015913716));
#6866 = CARTESIAN_POINT('',(-11.27007039909,212.,38.634984884271));
#6867 = CARTESIAN_POINT('',(-11.60472983988,212.,39.479299588322));
#6868 = CARTESIAN_POINT('',(-11.74177463007,212.,39.906640440957));
#6869 = CARTESIAN_POINT('',(-11.8486878049,212.,40.335566432024));
#6870 = CARTESIAN_POINT('',(-11.92632287386,212.,40.762527272486));
#6871 = CARTESIAN_POINT('',(-11.9761350009,212.,41.184381054574));
#6872 = CARTESIAN_POINT('',(-12.,212.,41.598509451841));
#6873 = CARTESIAN_POINT('',(-12.,212.,42.002811770456));
#6874 = ( BOUNDED_SURFACE() B_SPLINE_SURFACE(2,6,(
    (#6875,#6876,#6877,#6878,#6879,#6880,#6881,#6882,#6883,#6884,#6885
      ,#6886,#6887,#6888,#6889,#6890,#6891)
    ,(#6892,#6893,#6894,#6895,#6896,#6897,#6898,#6899,#6900,#6901,#6902
      ,#6903,#6904,#6905,#6906,#6907,#6908)
    ,(#6909,#6910,#6911,#6912,#6913,#6914,#6915,#6916,#6917,#6918,#6919
      ,#6920,#6921,#6922,#6923,#6924,#6925
)),.UNSPECIFIED.,.F.,.F.,.F.) B_SPLINE_SURFACE_WITH_KNOTS((3,3),(7,5,5,7
    ),(0.,146.60956066178),(-9.000422918949,-5.474960499486E-02,
    146.55481105679,155.50048437074),.UNSPECIFIED.) 
GEOMETRIC_REPRESENTATION_ITEM() RATIONAL_B_SPLINE_SURFACE((
    (1.,1.,1.,1.,1.,1.,1.,1.,1.,1.,1.,1.,1.,1.,1.,1.,1.)
    ,(0.706990803572,0.706990803572,0.706990803572,0.706990803572
      ,0.706990803572,0.706990803572,0.706990803572,0.706990803572
      ,0.706990803572,0.706990803572,0.706990803572,0.706990803572
      ,0.706990803572,0.706990803572,0.706990803572,0.706990803572
      ,0.706990803572)
    ,(1.,1.,1.,1.,1.,1.,1.,1.,1.,1.,1.,1.,1.,1.,1.,1.,1.
))) REPRESENTATION_ITEM('') SURFACE() );
#6875 = CARTESIAN_POINT('',(-11.43757914856,56.626885217026,
    35.064199416322));
#6876 = CARTESIAN_POINT('',(-11.36617914856,58.116085217026,
    35.053999416322));
#6877 = CARTESIAN_POINT('',(-11.29477914856,59.605285217026,
    35.043799416322));
#6878 = CARTESIAN_POINT('',(-11.22337914856,61.094485217026,
    35.033599416322));
#6879 = CARTESIAN_POINT('',(-11.15197914856,62.583685217026,
    35.023399416322));
#6880 = CARTESIAN_POINT('',(-11.08057914856,64.072885217026,
    35.013199416322));
#6881 = CARTESIAN_POINT('',(-9.839013162857,89.968404347522,
    34.835832846935));
#6882 = CARTESIAN_POINT('',(-8.668847177149,114.37472347801,
    34.668666277548));
#6883 = CARTESIAN_POINT('',(-7.49868119144,138.78104260851,
    34.501499708161));
#6884 = CARTESIAN_POINT('',(-6.328515205731,163.187361739,
    34.334333138774));
#6885 = CARTESIAN_POINT('',(-5.158349220023,187.5936808695,
    34.167166569387));
#6886 = CARTESIAN_POINT('',(-3.916783234314,213.4892,33.9898));
#6887 = CARTESIAN_POINT('',(-3.845383234314,214.9784,33.9796));
#6888 = CARTESIAN_POINT('',(-3.773983234314,216.4676,33.9694));
#6889 = CARTESIAN_POINT('',(-3.702583234314,217.9568,33.9592));
#6890 = CARTESIAN_POINT('',(-3.631183234314,219.446,33.949));
#6891 = CARTESIAN_POINT('',(-3.559783234314,220.9352,33.9388));
#6892 = CARTESIAN_POINT('',(-19.43102190781,57.010114494127,
    35.061574558259));
#6893 = CARTESIAN_POINT('',(-19.35962190781,58.499314494127,
    35.051374558259));
#6894 = CARTESIAN_POINT('',(-19.28822190781,59.988514494127,
    35.041174558259));
#6895 = CARTESIAN_POINT('',(-19.21682190781,61.477714494127,
    35.030974558259));
#6896 = CARTESIAN_POINT('',(-19.14542190781,62.966914494127,
    35.020774558259));
#6897 = CARTESIAN_POINT('',(-19.07402190781,64.456114494127,
    35.010574558259));
#6898 = CARTESIAN_POINT('',(-17.8324559221,90.351633624622,
    34.833207988872));
#6899 = CARTESIAN_POINT('',(-16.66228993639,114.75795275511,
    34.666041419486));
#6900 = CARTESIAN_POINT('',(-15.49212395069,139.16427188561,
    34.498874850098));
#6901 = CARTESIAN_POINT('',(-14.32195796498,163.57059101611,
    34.331708280712));
#6902 = CARTESIAN_POINT('',(-13.15179197927,187.9769101466,
    34.164541711325));
#6903 = CARTESIAN_POINT('',(-11.91022599356,213.8724292771,
    33.987175141938));
#6904 = CARTESIAN_POINT('',(-11.83882599356,215.3616292771,
    33.976975141938));
#6905 = CARTESIAN_POINT('',(-11.76742599356,216.8508292771,
    33.966775141938));
#6906 = CARTESIAN_POINT('',(-11.69602599356,218.3400292771,
    33.956575141938));
#6907 = CARTESIAN_POINT('',(-11.62462599356,219.8292292771,
    33.946375141938));
#6908 = CARTESIAN_POINT('',(-11.55322599356,221.3184292771,
    33.936175141938));
#6909 = CARTESIAN_POINT('',(-19.4284,57.0648,43.064011770456));
#6910 = CARTESIAN_POINT('',(-19.357,58.554,43.053811770456));
#6911 = CARTESIAN_POINT('',(-19.2856,60.0432,43.043611770456));
#6912 = CARTESIAN_POINT('',(-19.2142,61.5324,43.033411770456));
#6913 = CARTESIAN_POINT('',(-19.1428,63.0216,43.023211770456));
#6914 = CARTESIAN_POINT('',(-19.0714,64.5108,43.013011770456));
#6915 = CARTESIAN_POINT('',(-17.82983401429,90.406319130496,
    42.835645201069));
#6916 = CARTESIAN_POINT('',(-16.65966802858,114.81263826099,
    42.668478631682));
#6917 = CARTESIAN_POINT('',(-15.48950204287,139.21895739148,
    42.501312062295));
#6918 = CARTESIAN_POINT('',(-14.31933605716,163.62527652198,
    42.334145492909));
#6919 = CARTESIAN_POINT('',(-13.14917007145,188.03159565247,
    42.166978923522));
#6920 = CARTESIAN_POINT('',(-11.90760408574,213.92711478297,
    41.989612354135));
#6921 = CARTESIAN_POINT('',(-11.83620408574,215.41631478297,
    41.979412354135));
#6922 = CARTESIAN_POINT('',(-11.76480408574,216.90551478297,
    41.969212354135));
#6923 = CARTESIAN_POINT('',(-11.69340408574,218.39471478297,
    41.959012354135));
#6924 = CARTESIAN_POINT('',(-11.62200408574,219.88391478297,
    41.948812354135));
#6925 = CARTESIAN_POINT('',(-11.55060408574,221.37311478297,
    41.938612354135));
#6926 = ADVANCED_FACE('',(#6927),#7004,.T.);
#6927 = FACE_BOUND('',#6928,.T.);
#6928 = EDGE_LOOP('',(#6929,#6951,#6952,#6953,#6975));
#6929 = ORIENTED_EDGE('',*,*,#6930,.F.);
#6930 = EDGE_CURVE('',#2687,#6931,#6933,.T.);
#6931 = VERTEX_POINT('',#6932);
#6932 = CARTESIAN_POINT('',(-88.39012375931,-192.7358078493,34.));
#6933 = B_SPLINE_CURVE_WITH_KNOTS('',6,(#6934,#6935,#6936,#6937,#6938,
    #6939,#6940,#6941,#6942,#6943,#6944,#6945,#6946,#6947,#6948,#6949,
    #6950),.UNSPECIFIED.,.F.,.F.,(7,5,5,7),(-9.000422918949,
    -5.474960499457E-02,146.55481105679,155.50048437074),.UNSPECIFIED.);
#6934 = CARTESIAN_POINT('',(-14.26458195551,-55.98164027425,
    35.064199416322));
#6935 = CARTESIAN_POINT('',(-14.97505079697,-57.29238381336,
    35.053999416322));
#6936 = CARTESIAN_POINT('',(-15.68551963844,-58.60312735247,
    35.043799416322));
#6937 = CARTESIAN_POINT('',(-16.3959884799,-59.91387089157,
    35.033599416322));
#6938 = CARTESIAN_POINT('',(-17.10645732136,-61.22461443068,
    35.023399416322));
#6939 = CARTESIAN_POINT('',(-17.81692616282,-62.53535796979,
    35.013199416322));
#6940 = CARTESIAN_POINT('',(-30.17118313012,-85.3277192323,
    34.835832846935));
#6941 = CARTESIAN_POINT('',(-41.81497125596,-106.8093369557,
    34.668666277548));
#6942 = CARTESIAN_POINT('',(-53.4587593818,-128.2909546791,
    34.501499708161));
#6943 = CARTESIAN_POINT('',(-65.10254750764,-149.7725724025,
    34.334333138774));
#6944 = CARTESIAN_POINT('',(-76.74633563347,-171.2541901259,
    34.167166569387));
#6945 = CARTESIAN_POINT('',(-89.10059260077,-194.0465513884,33.9898));
#6946 = CARTESIAN_POINT('',(-89.81106144223,-195.3572949275,33.9796));
#6947 = CARTESIAN_POINT('',(-90.5215302837,-196.6680384666,33.9694));
#6948 = CARTESIAN_POINT('',(-91.23199912516,-197.9787820057,33.9592));
#6949 = CARTESIAN_POINT('',(-91.94246796662,-199.2895255448,33.949));
#6950 = CARTESIAN_POINT('',(-92.65293680808,-200.6002690839,33.9388));
#6951 = ORIENTED_EDGE('',*,*,#2694,.F.);
#6952 = ORIENTED_EDGE('',*,*,#6578,.F.);
#6953 = ORIENTED_EDGE('',*,*,#6954,.T.);
#6954 = EDGE_CURVE('',#6558,#6955,#6957,.T.);
#6955 = VERTEX_POINT('',#6956);
#6956 = CARTESIAN_POINT('',(-81.17172627809,-196.2120048647,
    42.002811770456));
#6957 = B_SPLINE_CURVE_WITH_KNOTS('',6,(#6958,#6959,#6960,#6961,#6962,
    #6963,#6964,#6965,#6966,#6967,#6968,#6969,#6970,#6971,#6972,#6973,
    #6974),.UNSPECIFIED.,.F.,.F.,(7,5,5,7),(-9.000422918949,
    -5.474960499457E-02,146.55481105679,155.50048437074),.UNSPECIFIED.);
#6958 = CARTESIAN_POINT('',(-7.25510524284,-59.84327509015,
    43.064011770456));
#6959 = CARTESIAN_POINT('',(-7.965574084302,-61.15401862925,
    43.053811770456));
#6960 = CARTESIAN_POINT('',(-8.676042925765,-62.46476216836,
    43.043611770456));
#6961 = CARTESIAN_POINT('',(-9.386511767227,-63.77550570747,
    43.033411770456));
#6962 = CARTESIAN_POINT('',(-10.09698060868,-65.08624924657,
    43.023211770456));
#6963 = CARTESIAN_POINT('',(-10.80744945015,-66.39699278568,
    43.013011770456));
#6964 = CARTESIAN_POINT('',(-23.16170641745,-89.18935404819,
    42.835645201069));
#6965 = CARTESIAN_POINT('',(-34.80549454328,-110.6709717715,
    42.668478631683));
#6966 = CARTESIAN_POINT('',(-46.44928266912,-132.1525894949,
    42.501312062295));
#6967 = CARTESIAN_POINT('',(-58.09307079496,-153.6342072183,
    42.334145492909));
#6968 = CARTESIAN_POINT('',(-69.7368589208,-175.1158249417,
    42.166978923522));
#6969 = CARTESIAN_POINT('',(-82.0911158881,-197.9081862043,
    41.989612354135));
#6970 = CARTESIAN_POINT('',(-82.80158472956,-199.2189297434,
    41.979412354135));
#6971 = CARTESIAN_POINT('',(-83.51205357102,-200.5296732825,
    41.969212354135));
#6972 = CARTESIAN_POINT('',(-84.22252241248,-201.8404168216,
    41.959012354135));
#6973 = CARTESIAN_POINT('',(-84.93299125395,-203.1511603607,
    41.948812354135));
#6974 = CARTESIAN_POINT('',(-85.64346009541,-204.4619038998,
    41.938612354135));
#6975 = ORIENTED_EDGE('',*,*,#6976,.F.);
#6976 = EDGE_CURVE('',#6931,#6955,#6977,.T.);
#6977 = B_SPLINE_CURVE_WITH_KNOTS('',7,(#6978,#6979,#6980,#6981,#6982,
    #6983,#6984,#6985,#6986,#6987,#6988,#6989,#6990,#6991,#6992,#6993,
    #6994,#6995,#6996,#6997,#6998,#6999,#7000,#7001,#7002,#7003),
  .UNSPECIFIED.,.F.,.F.,(8,6,6,6,8),(0.,0.249928743902,0.500002573609,
    0.750074694671,1.),.UNSPECIFIED.);
#6978 = CARTESIAN_POINT('',(-88.39012375931,-192.7358078493,34.));
#6979 = CARTESIAN_POINT('',(-88.02544992237,-192.9114255133,34.));
#6980 = CARTESIAN_POINT('',(-87.65191336888,-193.0913112366,
    34.023838195587));
#6981 = CARTESIAN_POINT('',(-87.27140881784,-193.2745525707,
    34.073594322343));
#6982 = CARTESIAN_POINT('',(-86.8862978356,-193.4600122452,
    34.15114205148));
#6983 = CARTESIAN_POINT('',(-86.49941420279,-193.6463255832,
    34.257934940985));
#6984 = CARTESIAN_POINT('',(-86.11396003539,-193.8319505269,
    34.394825659662));
#6985 = CARTESIAN_POINT('',(-85.35240430346,-194.1986964382,
    34.729108307305));
#6986 = CARTESIAN_POINT('',(-84.97630709224,-194.3798153094,
    34.926536733981));
#6987 = CARTESIAN_POINT('',(-84.60836566543,-194.5570065617,
    35.154311976589));
#6988 = CARTESIAN_POINT('',(-84.25209841376,-194.7285758277,
    35.411810777759));
#6989 = CARTESIAN_POINT('',(-83.91097321628,-194.8928530646,
    35.697561774271));
#6990 = CARTESIAN_POINT('',(-83.5881083946,-195.048336568,
    36.009289745989));
#6991 = CARTESIAN_POINT('',(-82.98407281193,-195.3392247735,
    36.678965131902));
#6992 = CARTESIAN_POINT('',(-82.70290059718,-195.4746301756,
    37.036913526271));
#6993 = CARTESIAN_POINT('',(-82.4451582597,-195.5987523436,
    37.415107423291));
#6994 = CARTESIAN_POINT('',(-82.21289826728,-195.7106028609,
    37.810089797594));
#6995 = CARTESIAN_POINT('',(-82.00744807748,-195.8095424577,
    38.218015913719));
#6996 = CARTESIAN_POINT('',(-81.82937012427,-195.8953002801,
    38.63498488427));
#6997 = CARTESIAN_POINT('',(-81.52785238676,-196.0405035696,
    39.479299588321));
#6998 = CARTESIAN_POINT('',(-81.40437929729,-196.0999650756,
    39.906640440961));
#6999 = CARTESIAN_POINT('',(-81.3080538552,-196.1463529637,
    40.335566432022));
#7000 = CARTESIAN_POINT('',(-81.23810707501,-196.1800375577,
    40.762527272484));
#7001 = CARTESIAN_POINT('',(-81.19322789931,-196.2016502296,
    41.184381054577));
#7002 = CARTESIAN_POINT('',(-81.17172627809,-196.2120048647,
    41.598509451839));
#7003 = CARTESIAN_POINT('',(-81.17172627809,-196.2120048647,
    42.002811770456));
#7004 = ( BOUNDED_SURFACE() B_SPLINE_SURFACE(2,6,(
    (#7005,#7006,#7007,#7008,#7009,#7010,#7011,#7012,#7013,#7014,#7015
      ,#7016,#7017,#7018,#7019,#7020,#7021)
    ,(#7022,#7023,#7024,#7025,#7026,#7027,#7028,#7029,#7030,#7031,#7032
      ,#7033,#7034,#7035,#7036,#7037,#7038)
    ,(#7039,#7040,#7041,#7042,#7043,#7044,#7045,#7046,#7047,#7048,#7049
      ,#7050,#7051,#7052,#7053,#7054,#7055
)),.UNSPECIFIED.,.F.,.F.,.F.) B_SPLINE_SURFACE_WITH_KNOTS((3,3),(7,5,5,7
    ),(0.,146.60956066178),(-9.000422918949,-5.474960499457E-02,
    146.55481105679,155.50048437074),.UNSPECIFIED.) 
GEOMETRIC_REPRESENTATION_ITEM() RATIONAL_B_SPLINE_SURFACE((
    (1.,1.,1.,1.,1.,1.,1.,1.,1.,1.,1.,1.,1.,1.,1.,1.,1.)
    ,(0.706990803572,0.706990803572,0.706990803572,0.706990803572
      ,0.706990803572,0.706990803572,0.706990803572,0.706990803572
      ,0.706990803572,0.706990803572,0.706990803572,0.706990803572
      ,0.706990803572,0.706990803572,0.706990803572,0.706990803572
      ,0.706990803572)
    ,(1.,1.,1.,1.,1.,1.,1.,1.,1.,1.,1.,1.,1.,1.,1.,1.,1.
))) REPRESENTATION_ITEM('') SURFACE() );
#7005 = CARTESIAN_POINT('',(-14.26458195551,-55.98164027425,
    35.064199416322));
#7006 = CARTESIAN_POINT('',(-14.97505079697,-57.29238381336,
    35.053999416322));
#7007 = CARTESIAN_POINT('',(-15.68551963844,-58.60312735247,
    35.043799416322));
#7008 = CARTESIAN_POINT('',(-16.3959884799,-59.91387089157,
    35.033599416322));
#7009 = CARTESIAN_POINT('',(-17.10645732136,-61.22461443068,
    35.023399416322));
#7010 = CARTESIAN_POINT('',(-17.81692616282,-62.53535796979,
    35.013199416322));
#7011 = CARTESIAN_POINT('',(-30.17118313012,-85.3277192323,
    34.835832846935));
#7012 = CARTESIAN_POINT('',(-41.81497125596,-106.8093369557,
    34.668666277548));
#7013 = CARTESIAN_POINT('',(-53.4587593818,-128.2909546791,
    34.501499708161));
#7014 = CARTESIAN_POINT('',(-65.10254750764,-149.7725724025,
    34.334333138774));
#7015 = CARTESIAN_POINT('',(-76.74633563347,-171.2541901259,
    34.167166569387));
#7016 = CARTESIAN_POINT('',(-89.10059260077,-194.0465513884,33.9898));
#7017 = CARTESIAN_POINT('',(-89.81106144223,-195.3572949275,33.9796));
#7018 = CARTESIAN_POINT('',(-90.5215302837,-196.6680384666,33.9694));
#7019 = CARTESIAN_POINT('',(-91.23199912516,-197.9787820057,33.9592));
#7020 = CARTESIAN_POINT('',(-91.94246796662,-199.2895255448,33.949));
#7021 = CARTESIAN_POINT('',(-92.65293680808,-200.6002690839,33.9388));
#7022 = CARTESIAN_POINT('',(-7.22901583376,-59.79514275499,
    35.061574558259));
#7023 = CARTESIAN_POINT('',(-7.939484675222,-61.1058862941,
    35.051374558259));
#7024 = CARTESIAN_POINT('',(-8.649953516684,-62.41662983321,
    35.041174558259));
#7025 = CARTESIAN_POINT('',(-9.360422358146,-63.72737337232,
    35.030974558259));
#7026 = CARTESIAN_POINT('',(-10.0708911996,-65.03811691142,
    35.020774558259));
#7027 = CARTESIAN_POINT('',(-10.78136004107,-66.34886045053,
    35.010574558259));
#7028 = CARTESIAN_POINT('',(-23.13561700837,-89.14122171304,
    34.833207988872));
#7029 = CARTESIAN_POINT('',(-34.7794051342,-110.6228394364,
    34.666041419486));
#7030 = CARTESIAN_POINT('',(-46.42319326004,-132.1044571598,
    34.498874850098));
#7031 = CARTESIAN_POINT('',(-58.06698138588,-153.5860748832,
    34.331708280712));
#7032 = CARTESIAN_POINT('',(-69.71076951172,-175.0676926066,
    34.164541711325));
#7033 = CARTESIAN_POINT('',(-82.06502647902,-197.8600538691,
    33.987175141938));
#7034 = CARTESIAN_POINT('',(-82.77549532048,-199.1707974082,
    33.976975141938));
#7035 = CARTESIAN_POINT('',(-83.48596416194,-200.4815409473,
    33.966775141938));
#7036 = CARTESIAN_POINT('',(-84.1964330034,-201.7922844864,
    33.956575141938));
#7037 = CARTESIAN_POINT('',(-84.90690184486,-203.1030280255,
    33.946375141938));
#7038 = CARTESIAN_POINT('',(-85.61737068633,-204.4137715646,
    33.936175141938));
#7039 = CARTESIAN_POINT('',(-7.25510524284,-59.84327509015,
    43.064011770456));
#7040 = CARTESIAN_POINT('',(-7.965574084302,-61.15401862925,
    43.053811770456));
#7041 = CARTESIAN_POINT('',(-8.676042925765,-62.46476216836,
    43.043611770456));
#7042 = CARTESIAN_POINT('',(-9.386511767227,-63.77550570747,
    43.033411770456));
#7043 = CARTESIAN_POINT('',(-10.09698060868,-65.08624924657,
    43.023211770456));
#7044 = CARTESIAN_POINT('',(-10.80744945015,-66.39699278568,
    43.013011770456));
#7045 = CARTESIAN_POINT('',(-23.16170641745,-89.18935404819,
    42.835645201069));
#7046 = CARTESIAN_POINT('',(-34.80549454328,-110.6709717715,
    42.668478631683));
#7047 = CARTESIAN_POINT('',(-46.44928266912,-132.1525894949,
    42.501312062295));
#7048 = CARTESIAN_POINT('',(-58.09307079496,-153.6342072183,
    42.334145492909));
#7049 = CARTESIAN_POINT('',(-69.7368589208,-175.1158249417,
    42.166978923522));
#7050 = CARTESIAN_POINT('',(-82.0911158881,-197.9081862043,
    41.989612354135));
#7051 = CARTESIAN_POINT('',(-82.80158472956,-199.2189297434,
    41.979412354135));
#7052 = CARTESIAN_POINT('',(-83.51205357102,-200.5296732825,
    41.969212354135));
#7053 = CARTESIAN_POINT('',(-84.22252241248,-201.8404168216,
    41.959012354135));
#7054 = CARTESIAN_POINT('',(-84.93299125395,-203.1511603607,
    41.948812354135));
#7055 = CARTESIAN_POINT('',(-85.64346009541,-204.4619038998,
    41.938612354135));
#7056 = ADVANCED_FACE('',(#7057),#7197,.T.);
#7057 = FACE_BOUND('',#7058,.F.);
#7058 = EDGE_LOOP('',(#7059,#7067,#7068,#7078,#7195,#7196));
#7059 = ORIENTED_EDGE('',*,*,#7060,.F.);
#7060 = EDGE_CURVE('',#4375,#6706,#7061,.T.);
#7061 = B_SPLINE_CURVE_WITH_KNOTS('',4,(#7062,#7063,#7064,#7065,#7066),
  .UNSPECIFIED.,.F.,.F.,(5,5),(0.,1.),.PIECEWISE_BEZIER_KNOTS.);
#7062 = CARTESIAN_POINT('',(-18.53173931729,75.766579953671,43.));
#7063 = CARTESIAN_POINT('',(-18.53173931729,75.766579953671,
    42.983979333698));
#7064 = CARTESIAN_POINT('',(-18.53174145375,75.766535393192,
    42.967958818826));
#7065 = CARTESIAN_POINT('',(-18.53174572658,75.76644627413,
    42.951938549127));
#7066 = CARTESIAN_POINT('',(-18.53175213575,75.766312597182,
    42.935918618421));
#7067 = ORIENTED_EDGE('',*,*,#4384,.T.);
#7068 = ORIENTED_EDGE('',*,*,#7069,.F.);
#7069 = EDGE_CURVE('',#7070,#4385,#7072,.T.);
#7070 = VERTEX_POINT('',#7071);
#7071 = CARTESIAN_POINT('',(-47.68213003584,61.728230476742,
    42.935919218387));
#7072 = B_SPLINE_CURVE_WITH_KNOTS('',4,(#7073,#7074,#7075,#7076,#7077),
  .UNSPECIFIED.,.F.,.F.,(5,5),(0.,1.),.PIECEWISE_BEZIER_KNOTS.);
#7073 = CARTESIAN_POINT('',(-47.68213003177,61.728230473809,
    42.935918618421));
#7074 = CARTESIAN_POINT('',(-47.68223854067,61.728308809132,
    42.951938549102));
#7075 = CARTESIAN_POINT('',(-47.68231088082,61.728361033325,
    42.967958818867));
#7076 = CARTESIAN_POINT('',(-47.68234705167,61.728387145976,
    42.983979333573));
#7077 = CARTESIAN_POINT('',(-47.68234705167,61.728387145976,43.));
#7078 = ORIENTED_EDGE('',*,*,#7079,.T.);
#7079 = EDGE_CURVE('',#7070,#2467,#7080,.T.);
#7080 = B_SPLINE_CURVE_WITH_KNOTS('',8,(#7081,#7082,#7083,#7084,#7085,
    #7086,#7087,#7088,#7089,#7090,#7091,#7092,#7093,#7094,#7095,#7096,
    #7097,#7098,#7099,#7100,#7101,#7102,#7103,#7104,#7105,#7106,#7107,
    #7108,#7109,#7110,#7111,#7112,#7113,#7114,#7115,#7116,#7117,#7118,
    #7119,#7120,#7121,#7122,#7123,#7124,#7125,#7126,#7127,#7128,#7129,
    #7130,#7131,#7132,#7133,#7134,#7135,#7136,#7137,#7138,#7139,#7140,
    #7141,#7142,#7143,#7144,#7145,#7146,#7147,#7148,#7149,#7150,#7151,
    #7152,#7153,#7154,#7155,#7156,#7157,#7158,#7159,#7160,#7161,#7162,
    #7163,#7164,#7165,#7166,#7167,#7168,#7169,#7170,#7171,#7172,#7173,
    #7174,#7175,#7176,#7177,#7178,#7179,#7180,#7181,#7182,#7183,#7184,
    #7185,#7186,#7187,#7188,#7189,#7190,#7191,#7192,#7193,#7194),
  .UNSPECIFIED.,.F.,.F.,(9,7,7,7,7,7,7,7,7,7,7,7,7,7,7,7,9),(0.,
    0.106991883794,0.214175378111,0.319846282916,0.422847325798,
    0.524497444279,0.626023471326,0.728515848074,0.832679324342,
    0.890287816522,0.946887875191,0.970772527996,0.984448479132,
    0.992164730063,0.996269955092,0.998520299417,1.),.UNSPECIFIED.);
#7081 = CARTESIAN_POINT('',(-47.68213003584,61.728230476742,
    42.935919218387));
#7082 = CARTESIAN_POINT('',(-47.68115309374,61.727525197479,
    42.791685044428));
#7083 = CARTESIAN_POINT('',(-47.68010774778,61.723104826348,
    42.646242184919));
#7084 = CARTESIAN_POINT('',(-47.6789923277,61.714859307719,
    42.499680448093));
#7085 = CARTESIAN_POINT('',(-47.67780493733,61.702682195318,
    42.352097051157));
#7086 = CARTESIAN_POINT('',(-47.67654342625,61.686471640039,
    42.203596420301));
#7087 = CARTESIAN_POINT('',(-47.67520536153,61.666131377771,
    42.054289990714));
#7088 = CARTESIAN_POINT('',(-47.67378799942,61.641571717207,
    41.9042960066));
#7089 = CARTESIAN_POINT('',(-47.67078582884,61.583797650969,
    41.602913005561));
#7090 = CARTESIAN_POINT('',(-47.66920072366,61.550567839278,
    41.451521951304));
#7091 = CARTESIAN_POINT('',(-47.66752985105,61.512938484155,
    41.299691493145));
#7092 = CARTESIAN_POINT('',(-47.66576977329,61.47083468042,
    41.147553603847));
#7093 = CARTESIAN_POINT('',(-47.66391669519,61.424190144634,
    40.995246261697));
#7094 = CARTESIAN_POINT('',(-47.66196645382,61.372948133556,
    40.842912818003));
#7095 = CARTESIAN_POINT('',(-47.65991450825,61.317062362617,
    40.690701364575));
#7096 = CARTESIAN_POINT('',(-47.65562781253,61.196788180567,
    40.388970999271));
#7097 = CARTESIAN_POINT('',(-47.65339605009,61.132530892376,
    40.239444353896));
#7098 = CARTESIAN_POINT('',(-47.65105593204,61.06369243897,
    40.090329854261));
#7099 = CARTESIAN_POINT('',(-47.64860237999,60.99025001673,
    39.941776971592));
#7100 = CARTESIAN_POINT('',(-47.64602996541,60.912192129386,
    39.793938020478));
#7101 = CARTESIAN_POINT('',(-47.64333292809,60.829519078157,
    39.646967220169));
#7102 = CARTESIAN_POINT('',(-47.64050519451,60.742243451875,
    39.501019755875));
#7103 = CARTESIAN_POINT('',(-47.63465050599,60.560858519438,
    39.215139629436));
#7104 = CARTESIAN_POINT('',(-47.63163039056,60.466977564327,
    39.075148105884));
#7105 = CARTESIAN_POINT('',(-47.62847415914,60.368770992661,
    38.93641995373));
#7106 = CARTESIAN_POINT('',(-47.62517566153,60.266273579322,
    38.799098745937));
#7107 = CARTESIAN_POINT('',(-47.62172851951,60.159531542197,
    38.663326997605));
#7108 = CARTESIAN_POINT('',(-47.61812615814,60.048602451164,
    38.529245219467));
#7109 = CARTESIAN_POINT('',(-47.61436183714,59.93355513709,
    38.396990971386));
#7110 = CARTESIAN_POINT('',(-47.60654711316,59.696945947341,
    38.138113736877));
#7111 = CARTESIAN_POINT('',(-47.60250111375,59.575489270624,
    38.011439593579));
#7112 = CARTESIAN_POINT('',(-47.59828405993,59.450176202065,
    37.886804012095));
#7113 = CARTESIAN_POINT('',(-47.59388922228,59.321093914293,
    37.764331700818));
#7114 = CARTESIAN_POINT('',(-47.58930976425,59.188339499639,
    37.644142790047));
#7115 = CARTESIAN_POINT('',(-47.58453874053,59.052019348627,
    37.526352071648));
#7116 = CARTESIAN_POINT('',(-47.57956909532,58.912248528444,
    37.411068238707));
#7117 = CARTESIAN_POINT('',(-47.56922454391,58.626226484633,
    37.185855562083));
#7118 = CARTESIAN_POINT('',(-47.56385015559,58.479983353226,
    37.075920323914));
#7119 = CARTESIAN_POINT('',(-47.55826326238,58.330543196232,
    36.96868901724));
#7120 = CARTESIAN_POINT('',(-47.55245659584,58.178036407607,
    36.864256348819));
#7121 = CARTESIAN_POINT('',(-47.54642267737,58.02260025352,
    36.762709694123));
#7122 = CARTESIAN_POINT('',(-47.54015364336,57.864377779647,
    36.664128665855));
#7123 = CARTESIAN_POINT('',(-47.53364107017,57.703516718449,
    36.56858468246));
#7124 = CARTESIAN_POINT('',(-47.52004613479,57.375265284969,
    36.382816484699));
#7125 = CARTESIAN_POINT('',(-47.51295903996,57.207827384941,
    36.292651554613));
#7126 = CARTESIAN_POINT('',(-47.50560460422,57.038009980289,
    36.205710545358));
#7127 = CARTESIAN_POINT('',(-47.4979726183,56.865972313551,
    36.122049280513));
#7128 = CARTESIAN_POINT('',(-47.4900515051,56.691875720238,
    36.041714589536));
#7129 = CARTESIAN_POINT('',(-47.48182725054,56.515881763171,
    35.96474428905));
#7130 = CARTESIAN_POINT('',(-47.47328233444,56.338150366817,
    35.891167164114));
#7131 = CARTESIAN_POINT('',(-47.45536207815,55.976601915195,
    35.749694733862));
#7132 = CARTESIAN_POINT('',(-47.44597503653,55.792732616152,
    35.681911677114));
#7133 = CARTESIAN_POINT('',(-47.43621092251,55.607394641874,
    35.617674583282));
#7134 = CARTESIAN_POINT('',(-47.42603817443,55.420746045468,
    35.556994831782));
#7135 = CARTESIAN_POINT('',(-47.41541851064,55.232938755352,
    35.49987456149));
#7136 = CARTESIAN_POINT('',(-47.40430135518,55.044113575848,
    35.446307035734));
#7137 = CARTESIAN_POINT('',(-47.39261046135,54.85438977884,
    35.39627718822));
#7138 = CARTESIAN_POINT('',(-47.37337159538,54.558469254438,
    35.324036924843));
#7139 = CARTESIAN_POINT('',(-47.36630710136,54.452839285827,
    35.299386655036));
#7140 = CARTESIAN_POINT('',(-47.35900855408,54.346973316291,
    35.275807699976));
#7141 = CARTESIAN_POINT('',(-47.35144924947,54.240880658583,
    35.253295526096));
#7142 = CARTESIAN_POINT('',(-47.34359666138,54.134566089304,
    35.231844930921));
#7143 = CARTESIAN_POINT('',(-47.33540925637,54.028027561278,
    35.211450098813));
#7144 = CARTESIAN_POINT('',(-47.32682993851,53.921251541548,
    35.192104688291));
#7145 = CARTESIAN_POINT('',(-47.30888079586,53.709034235238,
    35.155819601962));
#7146 = CARTESIAN_POINT('',(-47.29952716264,53.603602571743,
    35.138843828762));
#7147 = CARTESIAN_POINT('',(-47.28963769274,53.497880686903,
    35.12286812478));
#7148 = CARTESIAN_POINT('',(-47.27910266142,53.391815382276,
    35.107885762377));
#7149 = CARTESIAN_POINT('',(-47.26779146259,53.285338479033,
    35.093889687306));
#7150 = CARTESIAN_POINT('',(-47.25547586243,53.178312752721,
    35.080873221516));
#7151 = CARTESIAN_POINT('',(-47.24187474442,53.070563397283,
    35.068829649947));
#7152 = CARTESIAN_POINT('',(-47.21973811657,52.915666554445,
    35.053082118476));
#7153 = CARTESIAN_POINT('',(-47.21281884753,52.869489608767,
    35.04858152189));
#7154 = CARTESIAN_POINT('',(-47.20549740077,52.823067658335,
    35.044253274731));
#7155 = CARTESIAN_POINT('',(-47.19771134973,52.776358440098,
    35.040097192088));
#7156 = CARTESIAN_POINT('',(-47.18937507061,52.7293036111,
    35.036113310368));
#7157 = CARTESIAN_POINT('',(-47.18037871416,52.681828020661,
    35.032301887504));
#7158 = CARTESIAN_POINT('',(-47.17056892944,52.633826171725,
    35.028663572178));
#7159 = CARTESIAN_POINT('',(-47.15344702526,52.557223339364,
    35.023216854025));
#7160 = CARTESIAN_POINT('',(-47.14685969937,52.529100036565,
    35.021291027251));
#7161 = CARTESIAN_POINT('',(-47.13986829827,52.500709095955,
    35.019422826035));
#7162 = CARTESIAN_POINT('',(-47.13241265487,52.472008713604,
    35.017612655685));
#7163 = CARTESIAN_POINT('',(-47.12440973893,52.442941514733,
    35.015861167731));
#7164 = CARTESIAN_POINT('',(-47.11575381444,52.41343465456,
    35.014169249101));
#7165 = CARTESIAN_POINT('',(-47.10629769139,52.38338672529,
    35.012538192066));
#7166 = CARTESIAN_POINT('',(-47.08984948381,52.335258760397,
    35.010085757398));
#7167 = CARTESIAN_POINT('',(-47.0835799215,52.31767089104,
    35.009221343162));
#7168 = CARTESIAN_POINT('',(-47.07692555768,52.299821076822,
    35.008377503379));
#7169 = CARTESIAN_POINT('',(-47.06983050324,52.281670575445,
    35.007554747824));
#7170 = CARTESIAN_POINT('',(-47.06221557375,52.26316520285,
    35.006753861618));
#7171 = CARTESIAN_POINT('',(-47.05398066099,52.244236954552,
    35.005975872495));
#7172 = CARTESIAN_POINT('',(-47.04498588121,52.224790968847,
    35.005222230438));
#7173 = CARTESIAN_POINT('',(-47.02964488413,52.193935811095,
    35.004109009987));
#7174 = CARTESIAN_POINT('',(-47.02403020196,52.183026418538,
    35.003730140234));
#7175 = CARTESIAN_POINT('',(-47.01808729351,52.17189371848,
    35.003359342727));
#7176 = CARTESIAN_POINT('',(-47.01176945393,52.160505740417,
    35.002997089831));
#7177 = CARTESIAN_POINT('',(-47.00500973424,52.148817689922,
    35.002644124988));
#7178 = CARTESIAN_POINT('',(-46.99772428666,52.136774192591,
    35.002301419595));
#7179 = CARTESIAN_POINT('',(-46.98979621191,52.124298306498,
    35.001970338477));
#7180 = CARTESIAN_POINT('',(-46.97618214668,52.10408503721,
    35.001479696341));
#7181 = CARTESIAN_POINT('',(-46.97110496407,52.096758386711,
    35.001310337883));
#7182 = CARTESIAN_POINT('',(-46.96573041098,52.089233134296,
    35.001145687298));
#7183 = CARTESIAN_POINT('',(-46.96001473501,52.081479761002,
    35.000986215941));
#7184 = CARTESIAN_POINT('',(-46.95389235442,52.073456125183,
    35.000832752497));
#7185 = CARTESIAN_POINT('',(-46.94728338255,52.065112328224,
    35.000686383366));
#7186 = CARTESIAN_POINT('',(-46.94007712662,52.056379788416,
    35.000548638635));
#7187 = CARTESIAN_POINT('',(-46.92675747984,52.041017704598,
    35.000339686503));
#7188 = CARTESIAN_POINT('',(-46.92116025822,52.034744815823,
    35.000262583836));
#7189 = CARTESIAN_POINT('',(-46.91515424415,52.028209558065,
    35.000191219263));
#7190 = CARTESIAN_POINT('',(-46.90861620905,52.021327803734,
    35.000126880393));
#7191 = CARTESIAN_POINT('',(-46.90146022178,52.014048151068,
    35.000070865587));
#7192 = CARTESIAN_POINT('',(-46.89346878667,52.006258890438,
    35.000027457843));
#7193 = CARTESIAN_POINT('',(-46.8845216223,51.997917090606,35.));
#7194 = CARTESIAN_POINT('',(-46.87402073882,51.98871204191,35.));
#7195 = ORIENTED_EDGE('',*,*,#2466,.F.);
#7196 = ORIENTED_EDGE('',*,*,#6705,.F.);
#7197 = TOROIDAL_SURFACE('',#7198,70.,8.);
#7198 = AXIS2_PLACEMENT_3D('',#7199,#7200,#7201);
#7199 = CARTESIAN_POINT('',(0.,0.,43.));
#7200 = DIRECTION('',(-0.,-0.,-1.));
#7201 = DIRECTION('',(1.,0.,-0.));
#7202 = ADVANCED_FACE('',(#7203),#7235,.T.);
#7203 = FACE_BOUND('',#7204,.T.);
#7204 = EDGE_LOOP('',(#7205,#7206,#7207,#7215));
#7205 = ORIENTED_EDGE('',*,*,#2686,.T.);
#7206 = ORIENTED_EDGE('',*,*,#6930,.T.);
#7207 = ORIENTED_EDGE('',*,*,#7208,.F.);
#7208 = EDGE_CURVE('',#7209,#6931,#7211,.T.);
#7209 = VERTEX_POINT('',#7210);
#7210 = CARTESIAN_POINT('',(-95.57658162653,-189.2749921413,34.));
#7211 = LINE('',#7212,#7213);
#7212 = CARTESIAN_POINT('',(-102.7949791077,-185.7987951259,34.));
#7213 = VECTOR('',#7214,1.);
#7214 = DIRECTION('',(0.900968867902,-0.433883739118,0.));
#7215 = ORIENTED_EDGE('',*,*,#7216,.F.);
#7216 = EDGE_CURVE('',#2644,#7209,#7217,.T.);
#7217 = B_SPLINE_CURVE_WITH_KNOTS('',6,(#7218,#7219,#7220,#7221,#7222,
    #7223,#7224,#7225,#7226,#7227,#7228,#7229,#7230,#7231,#7232,#7233,
    #7234),.UNSPECIFIED.,.F.,.F.,(7,5,5,7),(-9.000422918949,
    -5.47496049947E-02,146.55481105679,155.50048437074),.UNSPECIFIED.);
#7218 = CARTESIAN_POINT('',(-34.87438742957,-46.05648105939,
    35.064199416322));
#7219 = CARTESIAN_POINT('',(-35.45619791669,-47.42918319644,
    35.053999416322));
#7220 = CARTESIAN_POINT('',(-36.03800840382,-48.80188533349,
    35.043799416322));
#7221 = CARTESIAN_POINT('',(-36.61981889094,-50.17458747055,
    35.033599416322));
#7222 = CARTESIAN_POINT('',(-37.20162937807,-51.5472896076,
    35.023399416322));
#7223 = CARTESIAN_POINT('',(-37.7834398652,-52.91999174465,
    35.013199416322));
#7224 = CARTESIAN_POINT('',(-47.90047223136,-76.78974359164,
    34.835832846935));
#7225 = CARTESIAN_POINT('',(-57.43569411039,-99.28679330158,
    34.668666277548));
#7226 = CARTESIAN_POINT('',(-66.97091598942,-121.7838430115,
    34.501499708161));
#7227 = CARTESIAN_POINT('',(-76.50613786846,-144.2808927214,
    34.334333138774));
#7228 = CARTESIAN_POINT('',(-86.04135974749,-166.7779424313,
    34.167166569387));
#7229 = CARTESIAN_POINT('',(-96.15839211365,-190.6476942783,33.9898));
#7230 = CARTESIAN_POINT('',(-96.74020260078,-192.0203964154,33.9796));
#7231 = CARTESIAN_POINT('',(-97.3220130879,-193.3930985524,33.9694));
#7232 = CARTESIAN_POINT('',(-97.90382357503,-194.7658006895,33.9592));
#7233 = CARTESIAN_POINT('',(-98.48563406215,-196.1385028265,33.949));
#7234 = CARTESIAN_POINT('',(-99.06744454928,-197.5112049636,33.9388));
#7235 = B_SPLINE_SURFACE_WITH_KNOTS('',1,1,(
    (#7236,#7237)
    ,(#7238,#7239
    )),.UNSPECIFIED.,.F.,.F.,.F.,(2,2),(2,2),(0.,38.),(0.,1.),
  .PIECEWISE_BEZIER_KNOTS.);
#7236 = CARTESIAN_POINT('',(-45.7547352719,-51.22015423832,35.));
#7237 = CARTESIAN_POINT('',(-102.7949791077,-185.7987951259,34.));
#7238 = CARTESIAN_POINT('',(-11.51791829161,-67.70773632479,35.));
#7239 = CARTESIAN_POINT('',(-81.17172627809,-196.2120048647,34.));
#7240 = ADVANCED_FACE('',(#7241),#7318,.F.);
#7241 = FACE_BOUND('',#7242,.F.);
#7242 = EDGE_LOOP('',(#7243,#7265,#7266,#7267,#7289));
#7243 = ORIENTED_EDGE('',*,*,#7244,.F.);
#7244 = EDGE_CURVE('',#2476,#7245,#7247,.T.);
#7245 = VERTEX_POINT('',#7246);
#7246 = CARTESIAN_POINT('',(-163.2616827086,135.29792520448,34.));
#7247 = B_SPLINE_CURVE_WITH_KNOTS('',6,(#7248,#7249,#7250,#7251,#7252,
    #7253,#7254,#7255,#7256,#7257,#7258,#7259,#7260,#7261,#7262,#7263,
    #7264),.UNSPECIFIED.,.F.,.F.,(7,5,5,7),(-9.00042291895,
    -5.474960499583E-02,146.55481105679,155.50048437074),.UNSPECIFIED.);
#7248 = CARTESIAN_POINT('',(-37.14146765969,44.24854490541,
    35.064199416322));
#7249 = CARTESIAN_POINT('',(-38.35028827523,45.12122315049,
    35.053999416322));
#7250 = CARTESIAN_POINT('',(-39.55910889078,45.993901395569,
    35.043799416322));
#7251 = CARTESIAN_POINT('',(-40.76792950632,46.866579640649,
    35.033599416322));
#7252 = CARTESIAN_POINT('',(-41.97675012186,47.739257885729,
    35.023399416322));
#7253 = CARTESIAN_POINT('',(-43.18557073741,48.611936130809,
    35.013199416322));
#7254 = CARTESIAN_POINT('',(-64.20560657891,63.786832847322,
    34.835832846935));
#7255 = CARTESIAN_POINT('',(-84.01682180486,78.089051318755,
    34.668666277548));
#7256 = CARTESIAN_POINT('',(-103.8280370308,92.391269790189,
    34.501499708161));
#7257 = CARTESIAN_POINT('',(-123.6392522567,106.69348826162,
    34.334333138774));
#7258 = CARTESIAN_POINT('',(-143.4504674827,120.99570673305,
    34.167166569387));
#7259 = CARTESIAN_POINT('',(-164.4705033242,136.17060344956,33.9898));
#7260 = CARTESIAN_POINT('',(-165.6793239397,137.04328169464,33.9796));
#7261 = CARTESIAN_POINT('',(-166.8881445553,137.91595993972,33.9694));
#7262 = CARTESIAN_POINT('',(-168.0969651708,138.7886381848,33.9592));
#7263 = CARTESIAN_POINT('',(-169.3057857864,139.66131642988,33.949));
#7264 = CARTESIAN_POINT('',(-170.5146064019,140.53399467496,33.9388));
#7265 = ORIENTED_EDGE('',*,*,#2475,.F.);
#7266 = ORIENTED_EDGE('',*,*,#7079,.F.);
#7267 = ORIENTED_EDGE('',*,*,#7268,.T.);
#7268 = EDGE_CURVE('',#7070,#7269,#7271,.T.);
#7269 = VERTEX_POINT('',#7270);
#7270 = CARTESIAN_POINT('',(-158.2663966609,141.56181578366,
    42.002811770456));
#7271 = B_SPLINE_CURVE_WITH_KNOTS('',6,(#7272,#7273,#7274,#7275,#7276,
    #7277,#7278,#7279,#7280,#7281,#7282,#7283,#7284,#7285,#7286,#7287,
    #7288),.UNSPECIFIED.,.F.,.F.,(7,5,5,7),(-9.00042291895,
    -5.474960499583E-02,146.55481105679,155.50048437074),.UNSPECIFIED.);
#7272 = CARTESIAN_POINT('',(-32.5016479143,50.76905561909,
    43.064011770456));
#7273 = CARTESIAN_POINT('',(-33.71046852985,51.64173386417,
    43.053811770456));
#7274 = CARTESIAN_POINT('',(-34.91928914539,52.51441210925,
    43.043611770456));
#7275 = CARTESIAN_POINT('',(-36.12810976094,53.38709035433,
    43.033411770456));
#7276 = CARTESIAN_POINT('',(-37.33693037648,54.259768599409,
    43.023211770456));
#7277 = CARTESIAN_POINT('',(-38.54575099203,55.132446844489,
    43.013011770456));
#7278 = CARTESIAN_POINT('',(-59.56578683352,70.307343561003,
    42.835645201069));
#7279 = CARTESIAN_POINT('',(-79.37700205948,84.609562032436,
    42.668478631682));
#7280 = CARTESIAN_POINT('',(-99.18821728543,98.91178050387,
    42.501312062296));
#7281 = CARTESIAN_POINT('',(-118.9994325113,113.2139989753,
    42.334145492909));
#7282 = CARTESIAN_POINT('',(-138.8106477373,127.51621744673,
    42.166978923522));
#7283 = CARTESIAN_POINT('',(-159.8306835788,142.69111416324,
    41.989612354135));
#7284 = CARTESIAN_POINT('',(-161.0395041943,143.56379240832,
    41.979412354135));
#7285 = CARTESIAN_POINT('',(-162.2483248099,144.4364706534,
    41.969212354135));
#7286 = CARTESIAN_POINT('',(-163.4571454254,145.30914889848,
    41.959012354135));
#7287 = CARTESIAN_POINT('',(-164.665966041,146.18182714356,
    41.948812354135));
#7288 = CARTESIAN_POINT('',(-165.8747866565,147.05450538864,
    41.938612354135));
#7289 = ORIENTED_EDGE('',*,*,#7290,.F.);
#7290 = EDGE_CURVE('',#7245,#7269,#7291,.T.);
#7291 = B_SPLINE_CURVE_WITH_KNOTS('',7,(#7292,#7293,#7294,#7295,#7296,
    #7297,#7298,#7299,#7300,#7301,#7302,#7303,#7304,#7305,#7306,#7307,
    #7308,#7309,#7310,#7311,#7312,#7313,#7314,#7315,#7316,#7317),
  .UNSPECIFIED.,.F.,.F.,(8,6,6,6,8),(0.,0.249928743902,0.500002573609,
    0.75007469467,1.),.UNSPECIFIED.);
#7292 = CARTESIAN_POINT('',(-163.2616827086,135.29792520448,34.));
#7293 = CARTESIAN_POINT('',(-163.0093205833,135.61437730035,34.));
#7294 = CARTESIAN_POINT('',(-162.7508252679,135.9385201734,
    34.023838195587));
#7295 = CARTESIAN_POINT('',(-162.4875079485,136.26870964811,
    34.073594322343));
#7296 = CARTESIAN_POINT('',(-162.2210028798,136.60289643401,
    34.15114205148));
#7297 = CARTESIAN_POINT('',(-161.9532710989,136.93862146843,
    34.257934940985));
#7298 = CARTESIAN_POINT('',(-161.6865285387,137.27310605925,
    34.394825659662));
#7299 = CARTESIAN_POINT('',(-161.1595156204,137.93395935628,
    34.729108307305));
#7300 = CARTESIAN_POINT('',(-160.8992482748,138.26032428483,
    34.92653673398));
#7301 = CARTESIAN_POINT('',(-160.6446249072,138.57961188891,
    35.154311976589));
#7302 = CARTESIAN_POINT('',(-160.3980803194,138.88876902346,
    35.411810777758));
#7303 = CARTESIAN_POINT('',(-160.1620143582,139.18478637585,
    35.697561774271));
#7304 = CARTESIAN_POINT('',(-159.9385849692,139.46495796796,
    36.009289745989));
#7305 = CARTESIAN_POINT('',(-159.5205793763,139.9891204023,
    36.678965131903));
#7306 = CARTESIAN_POINT('',(-159.3260021665,140.23311250604,
    37.03691352627));
#7307 = CARTESIAN_POINT('',(-159.1476389348,140.45677292428,
    37.415107423294));
#7308 = CARTESIAN_POINT('',(-158.986910033,140.65832059219,
    37.810089797591));
#7309 = CARTESIAN_POINT('',(-158.8447340904,140.8366035853,
    38.218015913721));
#7310 = CARTESIAN_POINT('',(-158.7215003231,140.99113384169,
    38.634984884269));
#7311 = CARTESIAN_POINT('',(-158.5128435747,141.25278112841,
    39.479299588322));
#7312 = CARTESIAN_POINT('',(-158.4273975456,141.35992705989,
    39.906640440958));
#7313 = CARTESIAN_POINT('',(-158.3607382714,141.44351514586,
    40.335566432024));
#7314 = CARTESIAN_POINT('',(-158.3123335976,141.50421268691,
    40.762527272486));
#7315 = CARTESIAN_POINT('',(-158.2812762444,141.54315737604,
    41.184381054574));
#7316 = CARTESIAN_POINT('',(-158.2663966609,141.56181578366,
    41.59850945184));
#7317 = CARTESIAN_POINT('',(-158.2663966609,141.56181578366,
    42.002811770456));
#7318 = ( BOUNDED_SURFACE() B_SPLINE_SURFACE(2,6,(
    (#7319,#7320,#7321,#7322,#7323,#7324,#7325,#7326,#7327,#7328,#7329
      ,#7330,#7331,#7332,#7333,#7334,#7335)
    ,(#7336,#7337,#7338,#7339,#7340,#7341,#7342,#7343,#7344,#7345,#7346
      ,#7347,#7348,#7349,#7350,#7351,#7352)
    ,(#7353,#7354,#7355,#7356,#7357,#7358,#7359,#7360,#7361,#7362,#7363
      ,#7364,#7365,#7366,#7367,#7368,#7369
)),.UNSPECIFIED.,.F.,.F.,.F.) B_SPLINE_SURFACE_WITH_KNOTS((3,3),(7,5,5,7
    ),(0.,146.60956066178),(-9.00042291895,-5.474960499583E-02,
    146.55481105679,155.50048437074),.UNSPECIFIED.) 
GEOMETRIC_REPRESENTATION_ITEM() RATIONAL_B_SPLINE_SURFACE((
    (1.,1.,1.,1.,1.,1.,1.,1.,1.,1.,1.,1.,1.,1.,1.,1.,1.)
    ,(0.706990803572,0.706990803572,0.706990803572,0.706990803572
      ,0.706990803572,0.706990803572,0.706990803572,0.706990803572
      ,0.706990803572,0.706990803572,0.706990803572,0.706990803572
      ,0.706990803572,0.706990803572,0.706990803572,0.706990803572
      ,0.706990803572)
    ,(1.,1.,1.,1.,1.,1.,1.,1.,1.,1.,1.,1.,1.,1.,1.,1.,1.
))) REPRESENTATION_ITEM('') SURFACE() );
#7319 = CARTESIAN_POINT('',(-37.14146765969,44.24854490541,
    35.064199416322));
#7320 = CARTESIAN_POINT('',(-38.35028827523,45.12122315049,
    35.053999416322));
#7321 = CARTESIAN_POINT('',(-39.55910889078,45.993901395569,
    35.043799416322));
#7322 = CARTESIAN_POINT('',(-40.76792950632,46.866579640649,
    35.033599416322));
#7323 = CARTESIAN_POINT('',(-41.97675012186,47.739257885729,
    35.023399416322));
#7324 = CARTESIAN_POINT('',(-43.18557073741,48.611936130809,
    35.013199416322));
#7325 = CARTESIAN_POINT('',(-64.20560657891,63.786832847322,
    34.835832846935));
#7326 = CARTESIAN_POINT('',(-84.01682180486,78.089051318755,
    34.668666277548));
#7327 = CARTESIAN_POINT('',(-103.8280370308,92.391269790189,
    34.501499708161));
#7328 = CARTESIAN_POINT('',(-123.6392522567,106.69348826162,
    34.334333138774));
#7329 = CARTESIAN_POINT('',(-143.4504674827,120.99570673305,
    34.167166569387));
#7330 = CARTESIAN_POINT('',(-164.4705033242,136.17060344956,33.9898));
#7331 = CARTESIAN_POINT('',(-165.6793239397,137.04328169464,33.9796));
#7332 = CARTESIAN_POINT('',(-166.8881445553,137.91595993972,33.9694));
#7333 = CARTESIAN_POINT('',(-168.0969651708,138.7886381848,33.9592));
#7334 = CARTESIAN_POINT('',(-169.3057857864,139.66131642988,33.949));
#7335 = CARTESIAN_POINT('',(-170.5146064019,140.53399467496,33.9388));
#7336 = CARTESIAN_POINT('',(-32.45725833139,50.737009653943,
    35.061574558259));
#7337 = CARTESIAN_POINT('',(-33.66607894694,51.609687899023,
    35.051374558259));
#7338 = CARTESIAN_POINT('',(-34.87489956248,52.482366144103,
    35.041174558259));
#7339 = CARTESIAN_POINT('',(-36.08372017803,53.355044389183,
    35.030974558259));
#7340 = CARTESIAN_POINT('',(-37.29254079357,54.227722634263,
    35.020774558259));
#7341 = CARTESIAN_POINT('',(-38.50136140911,55.100400879342,
    35.010574558259));
#7342 = CARTESIAN_POINT('',(-59.52139725061,70.275297595856,
    34.833207988872));
#7343 = CARTESIAN_POINT('',(-79.33261247657,84.577516067289,
    34.666041419486));
#7344 = CARTESIAN_POINT('',(-99.14382770252,98.879734538722,
    34.498874850099));
#7345 = CARTESIAN_POINT('',(-118.9550429284,113.18195301015,
    34.331708280712));
#7346 = CARTESIAN_POINT('',(-138.7662581544,127.48417148158,
    34.164541711325));
#7347 = CARTESIAN_POINT('',(-159.7862939959,142.6590681981,
    33.987175141938));
#7348 = CARTESIAN_POINT('',(-160.9951146114,143.53174644318,
    33.976975141938));
#7349 = CARTESIAN_POINT('',(-162.203935227,144.40442468826,
    33.966775141938));
#7350 = CARTESIAN_POINT('',(-163.4127558425,145.27710293334,
    33.956575141938));
#7351 = CARTESIAN_POINT('',(-164.6215764581,146.14978117842,
    33.946375141938));
#7352 = CARTESIAN_POINT('',(-165.8303970736,147.0224594235,
    33.936175141938));
#7353 = CARTESIAN_POINT('',(-32.5016479143,50.76905561909,
    43.064011770456));
#7354 = CARTESIAN_POINT('',(-33.71046852985,51.64173386417,
    43.053811770456));
#7355 = CARTESIAN_POINT('',(-34.91928914539,52.51441210925,
    43.043611770456));
#7356 = CARTESIAN_POINT('',(-36.12810976094,53.38709035433,
    43.033411770456));
#7357 = CARTESIAN_POINT('',(-37.33693037648,54.259768599409,
    43.023211770456));
#7358 = CARTESIAN_POINT('',(-38.54575099203,55.132446844489,
    43.013011770456));
#7359 = CARTESIAN_POINT('',(-59.56578683352,70.307343561003,
    42.835645201069));
#7360 = CARTESIAN_POINT('',(-79.37700205948,84.609562032436,
    42.668478631682));
#7361 = CARTESIAN_POINT('',(-99.18821728543,98.91178050387,
    42.501312062296));
#7362 = CARTESIAN_POINT('',(-118.9994325113,113.2139989753,
    42.334145492909));
#7363 = CARTESIAN_POINT('',(-138.8106477373,127.51621744673,
    42.166978923522));
#7364 = CARTESIAN_POINT('',(-159.8306835788,142.69111416324,
    41.989612354135));
#7365 = CARTESIAN_POINT('',(-161.0395041943,143.56379240832,
    41.979412354135));
#7366 = CARTESIAN_POINT('',(-162.2483248099,144.4364706534,
    41.969212354135));
#7367 = CARTESIAN_POINT('',(-163.4571454254,145.30914889848,
    41.959012354135));
#7368 = CARTESIAN_POINT('',(-164.665966041,146.18182714356,
    41.948812354135));
#7369 = CARTESIAN_POINT('',(-165.8747866565,147.05450538864,
    41.938612354135));
#7370 = ADVANCED_FACE('',(#7371),#7545,.F.);
#7371 = FACE_BOUND('',#7372,.F.);
#7372 = EDGE_LOOP('',(#7373,#7374,#7375,#7494,#7516));
#7373 = ORIENTED_EDGE('',*,*,#7216,.F.);
#7374 = ORIENTED_EDGE('',*,*,#2643,.F.);
#7375 = ORIENTED_EDGE('',*,*,#7376,.F.);
#7376 = EDGE_CURVE('',#7377,#2635,#7379,.T.);
#7377 = VERTEX_POINT('',#7378);
#7378 = CARTESIAN_POINT('',(-49.57030275276,-60.22246298137,
    42.935919218387));
#7379 = B_SPLINE_CURVE_WITH_KNOTS('',8,(#7380,#7381,#7382,#7383,#7384,
    #7385,#7386,#7387,#7388,#7389,#7390,#7391,#7392,#7393,#7394,#7395,
    #7396,#7397,#7398,#7399,#7400,#7401,#7402,#7403,#7404,#7405,#7406,
    #7407,#7408,#7409,#7410,#7411,#7412,#7413,#7414,#7415,#7416,#7417,
    #7418,#7419,#7420,#7421,#7422,#7423,#7424,#7425,#7426,#7427,#7428,
    #7429,#7430,#7431,#7432,#7433,#7434,#7435,#7436,#7437,#7438,#7439,
    #7440,#7441,#7442,#7443,#7444,#7445,#7446,#7447,#7448,#7449,#7450,
    #7451,#7452,#7453,#7454,#7455,#7456,#7457,#7458,#7459,#7460,#7461,
    #7462,#7463,#7464,#7465,#7466,#7467,#7468,#7469,#7470,#7471,#7472,
    #7473,#7474,#7475,#7476,#7477,#7478,#7479,#7480,#7481,#7482,#7483,
    #7484,#7485,#7486,#7487,#7488,#7489,#7490,#7491,#7492,#7493),
  .UNSPECIFIED.,.F.,.F.,(9,7,7,7,7,7,7,7,7,7,7,7,7,7,7,7,9),(0.,
    0.106991883795,0.214175378111,0.319846282916,0.422847325799,
    0.52449744428,0.626023471327,0.728515848074,0.832679324342,
    0.890287816522,0.946887875191,0.970772527995,0.984448479132,
    0.992164730063,0.996269955091,0.998520299417,1.),.UNSPECIFIED.);
#7380 = CARTESIAN_POINT('',(-49.57030275276,-60.22246298137,
    42.935919218387));
#7381 = CARTESIAN_POINT('',(-49.56983254639,-60.22135359386,
    42.791685044428));
#7382 = CARTESIAN_POINT('',(-49.56575561455,-60.21935083179,
    42.646242184919));
#7383 = CARTESIAN_POINT('',(-49.55796503261,-60.21642857712,
    42.499680448094));
#7384 = CARTESIAN_POINT('',(-49.54635744505,-60.21256129467,
    42.352097051157));
#7385 = CARTESIAN_POINT('',(-49.53083403486,-60.20772422441,
    42.203596420301));
#7386 = CARTESIAN_POINT('',(-49.51130149285,-60.20189357361,
    42.054289990714));
#7387 = CARTESIAN_POINT('',(-49.48767298699,-60.19504670913,
    41.904296006601));
#7388 = CARTESIAN_POINT('',(-49.43201548302,-60.17926387004,
    41.602913005562));
#7389 = CARTESIAN_POINT('',(-49.39997153117,-60.17032417803,
    41.451521951304));
#7390 = CARTESIAN_POINT('',(-49.36365742667,-60.16032187844,
    41.299691493145));
#7391 = CARTESIAN_POINT('',(-49.32300090735,-60.14923695178,
    41.147553603847));
#7392 = CARTESIAN_POINT('',(-49.27793819613,-60.13705094855,
    40.995246261698));
#7393 = CARTESIAN_POINT('',(-49.22841489879,-60.12374718364,
    40.842912818004));
#7394 = CARTESIAN_POINT('',(-49.17438690165,-60.10931093068,
    40.690701364576));
#7395 = CARTESIAN_POINT('',(-49.05808212399,-60.07836818805,
    40.388970999271));
#7396 = CARTESIAN_POINT('',(-48.99593251403,-60.06189378877,
    40.239444353897));
#7397 = CARTESIAN_POINT('',(-48.92934070963,-60.04429434542,
    40.090329854262));
#7398 = CARTESIAN_POINT('',(-48.85828560895,-60.02555983265,
    39.941776971593));
#7399 = CARTESIAN_POINT('',(-48.7827572119,-60.00568239989,
    39.793938020479));
#7400 = CARTESIAN_POINT('',(-48.70275709394,-59.98465649835,
    39.64696722017));
#7401 = CARTESIAN_POINT('',(-48.61829887974,-59.96247900808,
    39.501019755876));
#7402 = CARTESIAN_POINT('',(-48.44276443701,-59.91640916426,
    39.215139629437));
#7403 = CARTESIAN_POINT('',(-48.35190931236,-59.89257429161,
    39.075148105885));
#7404 = CARTESIAN_POINT('',(-48.25686731205,-59.86764417545,
    38.936419953731));
#7405 = CARTESIAN_POINT('',(-48.15767370762,-59.84162055793,
    38.799098745938));
#7406 = CARTESIAN_POINT('',(-48.05437497749,-59.81450750516,
    38.663326997606));
#7407 = CARTESIAN_POINT('',(-47.94702871119,-59.78631141757,
    38.529245219468));
#7408 = CARTESIAN_POINT('',(-47.8357035137,-59.75704104018,
    38.396990971387));
#7409 = CARTESIAN_POINT('',(-47.60676555001,-59.69677174976,
    38.138113736877));
#7410 = CARTESIAN_POINT('',(-47.48925436533,-59.66580053886,
    38.011439593579));
#7411 = CARTESIAN_POINT('',(-47.36802153978,-59.63380443434,
    37.886804012096));
#7412 = CARTESIAN_POINT('',(-47.24315355784,-59.60079627321,
    37.764331700818));
#7413 = CARTESIAN_POINT('',(-47.11474659881,-59.56679099542,
    37.644142790048));
#7414 = CARTESIAN_POINT('',(-46.98290593125,-59.5318055039,
    37.526352071649));
#7415 = CARTESIAN_POINT('',(-46.84774530744,-59.49585852463,
    37.411068238707));
#7416 = CARTESIAN_POINT('',(-46.57119631267,-59.4221274404,
    37.185855562084));
#7417 = CARTESIAN_POINT('',(-46.4298157158,-59.38434564103,
    37.075920323915));
#7418 = CARTESIAN_POINT('',(-46.28536553624,-59.34564525959,
    36.96868901724));
#7419 = CARTESIAN_POINT('',(-46.13797451608,-59.30604822526,
    36.864256348819));
#7420 = CARTESIAN_POINT('',(-45.98777814407,-59.26557779155,
    36.762709694124));
#7421 = CARTESIAN_POINT('',(-45.83491762926,-59.22425812265,
    36.664128665856));
#7422 = CARTESIAN_POINT('',(-45.67953887458,-59.18211387969,
    36.56858468246));
#7423 = CARTESIAN_POINT('',(-45.36254254759,-59.09581698218,
    36.382816484699));
#7424 = CARTESIAN_POINT('',(-45.20087969225,-59.05164913772,
    36.292651554613));
#7425 = CARTESIAN_POINT('',(-45.03695648039,-59.00669116555,
    36.205710545359));
#7426 = CARTESIAN_POINT('',(-44.87093043378,-58.96096854717,
    36.122049280513));
#7427 = CARTESIAN_POINT('',(-44.70296141905,-58.91450589628,
    36.041714589537));
#7428 = CARTESIAN_POINT('',(-44.53321006674,-58.86732550125,
    35.964744289051));
#7429 = CARTESIAN_POINT('',(-44.36183619027,-58.81944586773,
    35.891167164115));
#7430 = CARTESIAN_POINT('',(-44.01334014534,-58.72152281055,
    35.749694733863));
#7431 = CARTESIAN_POINT('',(-43.83616964678,-58.67145635351,
    35.681911677114));
#7432 = CARTESIAN_POINT('',(-43.65765120224,-58.62069546708,
    35.617674583282));
#7433 = CARTESIAN_POINT('',(-43.47794592524,-58.56924455104,
    35.556994831782));
#7434 = CARTESIAN_POINT('',(-43.2972104535,-58.5171000908,35.49987456149
    ));
#7435 = CARTESIAN_POINT('',(-43.11559331529,-58.46424411034,
    35.446307035734));
#7436 = CARTESIAN_POINT('',(-42.9332277586,-58.41062881512,
    35.396277188221));
#7437 = CARTESIAN_POINT('',(-42.64900763,-58.32602379622,35.324036924843
    ));
#7438 = CARTESIAN_POINT('',(-42.54759802304,-58.29563154454,
    35.299386655036));
#7439 = CARTESIAN_POINT('',(-42.44601041395,-58.26495859267,
    35.275807699976));
#7440 = CARTESIAN_POINT('',(-42.34425982419,-58.23398097833,
    35.253295526096));
#7441 = CARTESIAN_POINT('',(-42.24235814837,-58.20266805377,
    35.231844930921));
#7442 = CARTESIAN_POINT('',(-42.14031263268,-58.17097887134,
    35.211450098814));
#7443 = CARTESIAN_POINT('',(-42.03812278852,-58.13885475525,
    35.192104688291));
#7444 = CARTESIAN_POINT('',(-41.83522027313,-58.07413284188,
    35.155819601962));
#7445 = CARTESIAN_POINT('',(-41.73451338077,-58.04155297155,
    35.138843828762));
#7446 = CARTESIAN_POINT('',(-41.63364277838,-58.00838611874,
    35.122868124779));
#7447 = CARTESIAN_POINT('',(-41.53258101741,-57.97451347202,
    35.107885762378));
#7448 = CARTESIAN_POINT('',(-41.43129069095,-57.9397925286,
    35.093889687305));
#7449 = CARTESIAN_POINT('',(-41.3296888019,-57.90397024168,
    35.080873221516));
#7450 = CARTESIAN_POINT('',(-41.22766748124,-57.86673364488,
    35.068829649947));
#7451 = CARTESIAN_POINT('',(-41.08158008876,-57.81068423838,
    35.053082118476));
#7452 = CARTESIAN_POINT('',(-41.03810057773,-57.79366311277,
    35.04858152189));
#7453 = CARTESIAN_POINT('',(-40.99447169768,-57.77619537421,
    35.044253274731));
#7454 = CARTESIAN_POINT('',(-40.95066613642,-57.75821075686,
    35.040097192088));
#7455 = CARTESIAN_POINT('',(-40.90664606684,-57.73961280116,
    35.036113310368));
#7456 = CARTESIAN_POINT('',(-40.86236266621,-57.72027768943,
    35.032301887504));
#7457 = CARTESIAN_POINT('',(-40.81774720631,-57.70003244024,
    35.028663572178));
#7458 = CARTESIAN_POINT('',(-40.746874949,-57.66629408414,
    35.023216854025));
#7459 = CARTESIAN_POINT('',(-40.72092257402,-57.65361389266,
    35.021291027251));
#7460 = CARTESIAN_POINT('',(-40.69479918667,-57.64048020196,
    35.019422826035));
#7461 = CARTESIAN_POINT('',(-40.66847741956,-57.62682505122,
    35.017612655685));
#7462 = CARTESIAN_POINT('',(-40.64191981238,-57.61255472485,
    35.015861167731));
#7463 = CARTESIAN_POINT('',(-40.6150788752,-57.59754992837,
    35.014169249101));
#7464 = CARTESIAN_POINT('',(-40.58788849558,-57.58164459679,
    35.012538192066));
#7465 = CARTESIAN_POINT('',(-40.54462726977,-57.55489930041,
    35.010085757398));
#7466 = CARTESIAN_POINT('',(-40.52887547387,-57.54487326001,
    35.009221343162));
#7467 = CARTESIAN_POINT('',(-40.51295392702,-57.53441377765,
    35.008377503379));
#7468 = CARTESIAN_POINT('',(-40.49683729475,-57.52345774452,
    35.007554747824));
#7469 = CARTESIAN_POINT('',(-40.4804903717,-57.51191590442,
    35.006753861618));
#7470 = CARTESIAN_POINT('',(-40.46386913458,-57.49967552662,
    35.005975872496));
#7471 = CARTESIAN_POINT('',(-40.44691222714,-57.48657912585,
    35.005222230438));
#7472 = CARTESIAN_POINT('',(-40.42024436561,-57.46475684108,
    35.004109009987));
#7473 = CARTESIAN_POINT('',(-40.41085787862,-57.45685536249,
    35.003730140234));
#7474 = CARTESIAN_POINT('',(-40.40132672013,-57.44858419636,
    35.003359342727));
#7475 = CARTESIAN_POINT('',(-40.39163011402,-57.43989069468,
    35.002997089831));
#7476 = CARTESIAN_POINT('',(-40.38173928649,-57.43069961937,
    35.002644124988));
#7477 = CARTESIAN_POINT('',(-40.37161890939,-57.42091690289,
    35.002301419595));
#7478 = CARTESIAN_POINT('',(-40.3612199824,-57.41041145571,
    35.001970338477));
#7479 = CARTESIAN_POINT('',(-40.34454291648,-57.39264084796,
    35.001479696341));
#7480 = CARTESIAN_POINT('',(-40.33852973983,-57.3860606278,
    35.001310337883));
#7481 = CARTESIAN_POINT('',(-40.33238911177,-57.37914629979,
    35.001145687298));
#7482 = CARTESIAN_POINT('',(-40.32610198929,-57.37184863988,
    35.000986215941));
#7483 = CARTESIAN_POINT('',(-40.31964188062,-57.36409433322,
    35.000832752497));
#7484 = CARTESIAN_POINT('',(-40.31297791466,-57.35579439258,
    35.000686383366));
#7485 = CARTESIAN_POINT('',(-40.30606786066,-57.34682563961,
    35.000548638635));
#7486 = CARTESIAN_POINT('',(-40.2940548366,-57.33042155895,
    35.000339686503));
#7487 = CARTESIAN_POINT('',(-40.28918472123,-57.3235688223,
    35.000262583836));
#7488 = CARTESIAN_POINT('',(-40.28414977988,-57.31625915987,
    35.000191219263));
#7489 = CARTESIAN_POINT('',(-40.27889541518,-57.30835371257,
    35.000126880393));
#7490 = CARTESIAN_POINT('',(-40.27339063557,-57.29975726571,
    35.000070865587));
#7491 = CARTESIAN_POINT('',(-40.26757492958,-57.29023291904,
    35.000027457843));
#7492 = CARTESIAN_POINT('',(-40.26143320745,-57.27965385366,35.));
#7493 = CARTESIAN_POINT('',(-40.25479561495,-57.26736793321,35.));
#7494 = ORIENTED_EDGE('',*,*,#7495,.T.);
#7495 = EDGE_CURVE('',#7377,#7496,#7498,.T.);
#7496 = VERTEX_POINT('',#7497);
#7497 = CARTESIAN_POINT('',(-102.7949791077,-185.7987951259,
    42.002811770456));
#7498 = B_SPLINE_CURVE_WITH_KNOTS('',6,(#7499,#7500,#7501,#7502,#7503,
    #7504,#7505,#7506,#7507,#7508,#7509,#7510,#7511,#7512,#7513,#7514,
    #7515),.UNSPECIFIED.,.F.,.F.,(7,5,5,7),(-9.000422918949,
    -5.47496049947E-02,146.55481105679,155.50048437074),.UNSPECIFIED.);
#7499 = CARTESIAN_POINT('',(-42.26387234915,-42.983941416,
    43.064011770456));
#7500 = CARTESIAN_POINT('',(-42.84568283627,-44.35664355306,
    43.053811770456));
#7501 = CARTESIAN_POINT('',(-43.4274933234,-45.72934569011,
    43.043611770456));
#7502 = CARTESIAN_POINT('',(-44.00930381052,-47.10204782716,
    43.033411770456));
#7503 = CARTESIAN_POINT('',(-44.59111429765,-48.47474996422,
    43.023211770456));
#7504 = CARTESIAN_POINT('',(-45.17292478477,-49.84745210127,
    43.013011770456));
#7505 = CARTESIAN_POINT('',(-55.28995715093,-73.71720394826,
    42.835645201069));
#7506 = CARTESIAN_POINT('',(-64.82517902997,-96.21425365819,
    42.668478631683));
#7507 = CARTESIAN_POINT('',(-74.360400909,-118.7113033681,
    42.501312062295));
#7508 = CARTESIAN_POINT('',(-83.89562278804,-141.208353078,
    42.334145492909));
#7509 = CARTESIAN_POINT('',(-93.43084466707,-163.705402788,
    42.166978923522));
#7510 = CARTESIAN_POINT('',(-103.5478770332,-187.5751546349,
    41.989612354135));
#7511 = CARTESIAN_POINT('',(-104.1296875203,-188.947856772,
    41.979412354135));
#7512 = CARTESIAN_POINT('',(-104.7114980074,-190.320558909,
    41.969212354135));
#7513 = CARTESIAN_POINT('',(-105.2933084946,-191.6932610461,
    41.959012354135));
#7514 = CARTESIAN_POINT('',(-105.8751189817,-193.0659631832,
    41.948812354135));
#7515 = CARTESIAN_POINT('',(-106.4569294688,-194.4386653202,
    41.938612354135));
#7516 = ORIENTED_EDGE('',*,*,#7517,.F.);
#7517 = EDGE_CURVE('',#7209,#7496,#7518,.T.);
#7518 = B_SPLINE_CURVE_WITH_KNOTS('',7,(#7519,#7520,#7521,#7522,#7523,
    #7524,#7525,#7526,#7527,#7528,#7529,#7530,#7531,#7532,#7533,#7534,
    #7535,#7536,#7537,#7538,#7539,#7540,#7541,#7542,#7543,#7544),
  .UNSPECIFIED.,.F.,.F.,(8,6,6,6,8),(0.,0.249928743902,0.500002573608,
    0.75007469467,1.),.UNSPECIFIED.);
#7519 = CARTESIAN_POINT('',(-95.57658162653,-189.2749921413,34.));
#7520 = CARTESIAN_POINT('',(-95.94125546347,-189.0993744773,34.));
#7521 = CARTESIAN_POINT('',(-96.31479201696,-188.9194887539,
    34.023838195587));
#7522 = CARTESIAN_POINT('',(-96.69529656799,-188.7362474198,
    34.073594322343));
#7523 = CARTESIAN_POINT('',(-97.08040755024,-188.5507877453,
    34.15114205148));
#7524 = CARTESIAN_POINT('',(-97.46729118305,-188.3644744073,
    34.257934940985));
#7525 = CARTESIAN_POINT('',(-97.85274535045,-188.1788494636,
    34.394825659662));
#7526 = CARTESIAN_POINT('',(-98.61430108238,-187.8121035523,
    34.729108307305));
#7527 = CARTESIAN_POINT('',(-98.9903982936,-187.6309846811,
    34.926536733981));
#7528 = CARTESIAN_POINT('',(-99.3583397204,-187.4537934288,
    35.154311976587));
#7529 = CARTESIAN_POINT('',(-99.71460697208,-187.2822241629,
    35.411810777762));
#7530 = CARTESIAN_POINT('',(-100.0557321695,-187.1179469259,
    35.697561774268));
#7531 = CARTESIAN_POINT('',(-100.3785969912,-186.9624634225,
    36.00928974599));
#7532 = CARTESIAN_POINT('',(-100.9826325739,-186.671575217,
    36.678965131901));
#7533 = CARTESIAN_POINT('',(-101.2638047886,-186.5361698149,
    37.036913526275));
#7534 = CARTESIAN_POINT('',(-101.5215471261,-186.412047647,
    37.415107423287));
#7535 = CARTESIAN_POINT('',(-101.7538071185,-186.3001971297,
    37.810089797598));
#7536 = CARTESIAN_POINT('',(-101.9592573083,-186.2012575328,
    38.218015913717));
#7537 = CARTESIAN_POINT('',(-102.1373352615,-186.1154997104,
    38.63498488427));
#7538 = CARTESIAN_POINT('',(-102.438852999,-185.9702964209,
    39.479299588323));
#7539 = CARTESIAN_POINT('',(-102.5623260885,-185.9108349149,
    39.906640440956));
#7540 = CARTESIAN_POINT('',(-102.6586515306,-185.8644470268,
    40.335566432025));
#7541 = CARTESIAN_POINT('',(-102.7285983108,-185.8307624328,
    40.762527272487));
#7542 = CARTESIAN_POINT('',(-102.7734774865,-185.8091497609,
    41.184381054572));
#7543 = CARTESIAN_POINT('',(-102.7949791077,-185.7987951259,
    41.598509451841));
#7544 = CARTESIAN_POINT('',(-102.7949791077,-185.7987951259,
    42.002811770456));
#7545 = ( BOUNDED_SURFACE() B_SPLINE_SURFACE(2,6,(
    (#7546,#7547,#7548,#7549,#7550,#7551,#7552,#7553,#7554,#7555,#7556
      ,#7557,#7558,#7559,#7560,#7561,#7562)
    ,(#7563,#7564,#7565,#7566,#7567,#7568,#7569,#7570,#7571,#7572,#7573
      ,#7574,#7575,#7576,#7577,#7578,#7579)
    ,(#7580,#7581,#7582,#7583,#7584,#7585,#7586,#7587,#7588,#7589,#7590
      ,#7591,#7592,#7593,#7594,#7595,#7596
)),.UNSPECIFIED.,.F.,.F.,.F.) B_SPLINE_SURFACE_WITH_KNOTS((3,3),(7,5,5,7
    ),(0.,146.60956066178),(-9.000422918949,-5.47496049947E-02,
    146.55481105679,155.50048437074),.UNSPECIFIED.) 
GEOMETRIC_REPRESENTATION_ITEM() RATIONAL_B_SPLINE_SURFACE((
    (1.,1.,1.,1.,1.,1.,1.,1.,1.,1.,1.,1.,1.,1.,1.,1.,1.)
    ,(0.706990803572,0.706990803572,0.706990803572,0.706990803572
      ,0.706990803572,0.706990803572,0.706990803572,0.706990803572
      ,0.706990803572,0.706990803572,0.706990803572,0.706990803572
      ,0.706990803572,0.706990803572,0.706990803572,0.706990803572
      ,0.706990803572)
    ,(1.,1.,1.,1.,1.,1.,1.,1.,1.,1.,1.,1.,1.,1.,1.,1.,1.
))) REPRESENTATION_ITEM('') SURFACE() );
#7546 = CARTESIAN_POINT('',(-34.87438742957,-46.05648105939,
    35.064199416322));
#7547 = CARTESIAN_POINT('',(-35.45619791669,-47.42918319644,
    35.053999416322));
#7548 = CARTESIAN_POINT('',(-36.03800840382,-48.80188533349,
    35.043799416322));
#7549 = CARTESIAN_POINT('',(-36.61981889094,-50.17458747055,
    35.033599416322));
#7550 = CARTESIAN_POINT('',(-37.20162937807,-51.5472896076,
    35.023399416322));
#7551 = CARTESIAN_POINT('',(-37.7834398652,-52.91999174465,
    35.013199416322));
#7552 = CARTESIAN_POINT('',(-47.90047223136,-76.78974359164,
    34.835832846935));
#7553 = CARTESIAN_POINT('',(-57.43569411039,-99.28679330158,
    34.668666277548));
#7554 = CARTESIAN_POINT('',(-66.97091598942,-121.7838430115,
    34.501499708161));
#7555 = CARTESIAN_POINT('',(-76.50613786846,-144.2808927214,
    34.334333138774));
#7556 = CARTESIAN_POINT('',(-86.04135974749,-166.7779424313,
    34.167166569387));
#7557 = CARTESIAN_POINT('',(-96.15839211365,-190.6476942783,33.9898));
#7558 = CARTESIAN_POINT('',(-96.74020260078,-192.0203964154,33.9796));
#7559 = CARTESIAN_POINT('',(-97.3220130879,-193.3930985524,33.9694));
#7560 = CARTESIAN_POINT('',(-97.90382357503,-194.7658006895,33.9592));
#7561 = CARTESIAN_POINT('',(-98.48563406215,-196.1385028265,33.949));
#7562 = CARTESIAN_POINT('',(-99.06744454928,-197.5112049636,33.9388));
#7563 = CARTESIAN_POINT('',(-42.2425074547,-42.93353387452,
    35.061574558259));
#7564 = CARTESIAN_POINT('',(-42.82431794182,-44.30623601157,
    35.051374558259));
#7565 = CARTESIAN_POINT('',(-43.40612842895,-45.67893814862,
    35.041174558259));
#7566 = CARTESIAN_POINT('',(-43.98793891608,-47.05164028568,
    35.030974558259));
#7567 = CARTESIAN_POINT('',(-44.5697494032,-48.42434242273,
    35.020774558259));
#7568 = CARTESIAN_POINT('',(-45.15155989033,-49.79704455978,
    35.010574558259));
#7569 = CARTESIAN_POINT('',(-55.26859225649,-73.66679640677,
    34.833207988872));
#7570 = CARTESIAN_POINT('',(-64.80381413552,-96.16384611671,
    34.666041419485));
#7571 = CARTESIAN_POINT('',(-74.33903601455,-118.6608958266,
    34.498874850099));
#7572 = CARTESIAN_POINT('',(-83.87425789359,-141.1579455365,
    34.331708280712));
#7573 = CARTESIAN_POINT('',(-93.40947977262,-163.6549952465,
    34.164541711325));
#7574 = CARTESIAN_POINT('',(-103.5265121387,-187.5247470935,
    33.987175141938));
#7575 = CARTESIAN_POINT('',(-104.1083226259,-188.8974492305,
    33.976975141938));
#7576 = CARTESIAN_POINT('',(-104.690133113,-190.2701513676,
    33.966775141938));
#7577 = CARTESIAN_POINT('',(-105.2719436001,-191.6428535046,
    33.956575141938));
#7578 = CARTESIAN_POINT('',(-105.8537540872,-193.0155556417,
    33.946375141938));
#7579 = CARTESIAN_POINT('',(-106.4355645744,-194.3882577787,
    33.936175141938));
#7580 = CARTESIAN_POINT('',(-42.26387234915,-42.983941416,
    43.064011770456));
#7581 = CARTESIAN_POINT('',(-42.84568283627,-44.35664355306,
    43.053811770456));
#7582 = CARTESIAN_POINT('',(-43.4274933234,-45.72934569011,
    43.043611770456));
#7583 = CARTESIAN_POINT('',(-44.00930381052,-47.10204782716,
    43.033411770456));
#7584 = CARTESIAN_POINT('',(-44.59111429765,-48.47474996422,
    43.023211770456));
#7585 = CARTESIAN_POINT('',(-45.17292478477,-49.84745210127,
    43.013011770456));
#7586 = CARTESIAN_POINT('',(-55.28995715093,-73.71720394826,
    42.835645201069));
#7587 = CARTESIAN_POINT('',(-64.82517902997,-96.21425365819,
    42.668478631683));
#7588 = CARTESIAN_POINT('',(-74.360400909,-118.7113033681,
    42.501312062295));
#7589 = CARTESIAN_POINT('',(-83.89562278804,-141.208353078,
    42.334145492909));
#7590 = CARTESIAN_POINT('',(-93.43084466707,-163.705402788,
    42.166978923522));
#7591 = CARTESIAN_POINT('',(-103.5478770332,-187.5751546349,
    41.989612354135));
#7592 = CARTESIAN_POINT('',(-104.1296875203,-188.947856772,
    41.979412354135));
#7593 = CARTESIAN_POINT('',(-104.7114980074,-190.320558909,
    41.969212354135));
#7594 = CARTESIAN_POINT('',(-105.2933084946,-191.6932610461,
    41.959012354135));
#7595 = CARTESIAN_POINT('',(-105.8751189817,-193.0659631832,
    41.948812354135));
#7596 = CARTESIAN_POINT('',(-106.4569294688,-194.4386653202,
    41.938612354135));
#7597 = ADVANCED_FACE('',(#7598),#7630,.T.);
#7598 = FACE_BOUND('',#7599,.T.);
#7599 = EDGE_LOOP('',(#7600,#7601,#7623,#7629));
#7600 = ORIENTED_EDGE('',*,*,#2524,.T.);
#7601 = ORIENTED_EDGE('',*,*,#7602,.T.);
#7602 = EDGE_CURVE('',#2525,#7603,#7605,.T.);
#7603 = VERTEX_POINT('',#7604);
#7604 = CARTESIAN_POINT('',(-168.2348658577,129.06175078361,34.));
#7605 = B_SPLINE_CURVE_WITH_KNOTS('',6,(#7606,#7607,#7608,#7609,#7610,
    #7611,#7612,#7613,#7614,#7615,#7616,#7617,#7618,#7619,#7620,#7621,
    #7622),.UNSPECIFIED.,.F.,.F.,(7,5,5,7),(-9.000422918949,
    -5.474960499478E-02,146.55481105679,155.50048437074),.UNSPECIFIED.);
#7606 = CARTESIAN_POINT('',(-51.40389557385,26.364025982272,
    35.064199416322));
#7607 = CARTESIAN_POINT('',(-52.52368184569,27.348349763048,
    35.053999416322));
#7608 = CARTESIAN_POINT('',(-53.64346811753,28.332673543825,
    35.043799416322));
#7609 = CARTESIAN_POINT('',(-54.76325438937,29.316997324601,
    35.033599416322));
#7610 = CARTESIAN_POINT('',(-55.88304066121,30.301321105377,
    35.023399416322));
#7611 = CARTESIAN_POINT('',(-57.00282693305,31.285644886153,
    35.013199416322));
#7612 = CARTESIAN_POINT('',(-76.4746553137,48.401932353044,
    34.835832846935));
#7613 = CARTESIAN_POINT('',(-94.82669742251,64.533896039157,
    34.668666277548));
#7614 = CARTESIAN_POINT('',(-113.1787395313,80.665859725272,
    34.501499708161));
#7615 = CARTESIAN_POINT('',(-131.5307816401,96.797823411385,
    34.334333138774));
#7616 = CARTESIAN_POINT('',(-149.8828237489,112.9297870975,
    34.167166569387));
#7617 = CARTESIAN_POINT('',(-169.3546521296,130.04607456439,33.9898));
#7618 = CARTESIAN_POINT('',(-170.4744384014,131.03039834516,33.9796));
#7619 = CARTESIAN_POINT('',(-171.5942246732,132.01472212594,33.9694));
#7620 = CARTESIAN_POINT('',(-172.7140109451,132.99904590671,33.9592));
#7621 = CARTESIAN_POINT('',(-173.8337972169,133.98336968749,33.949));
#7622 = CARTESIAN_POINT('',(-174.9535834887,134.96769346827,33.9388));
#7623 = ORIENTED_EDGE('',*,*,#7624,.F.);
#7624 = EDGE_CURVE('',#7245,#7603,#7625,.T.);
#7625 = LINE('',#7626,#7627);
#7626 = CARTESIAN_POINT('',(-158.2663966609,141.56181578366,34.));
#7627 = VECTOR('',#7628,1.);
#7628 = DIRECTION('',(-0.623489801859,-0.781831482468,0.));
#7629 = ORIENTED_EDGE('',*,*,#7244,.F.);
#7630 = B_SPLINE_SURFACE_WITH_KNOTS('',1,1,(
    (#7631,#7632)
    ,(#7633,#7634
    )),.UNSPECIFIED.,.F.,.F.,.F.,(2,2),(2,2),(0.,38.),(0.,1.),
  .PIECEWISE_BEZIER_KNOTS.);
#7631 = CARTESIAN_POINT('',(-39.75457160757,56.005125089569,35.));
#7632 = CARTESIAN_POINT('',(-158.2663966609,141.56181578366,34.));
#7633 = CARTESIAN_POINT('',(-63.4471840782,26.295528755784,35.));
#7634 = CARTESIAN_POINT('',(-173.2301519055,122.79786020443,34.));
#7635 = ADVANCED_FACE('',(#7636),#7776,.T.);
#7636 = FACE_BOUND('',#7637,.F.);
#7637 = EDGE_LOOP('',(#7638,#7648,#7649,#7657,#7658,#7659));
#7638 = ORIENTED_EDGE('',*,*,#7639,.F.);
#7639 = EDGE_CURVE('',#3707,#7640,#7642,.T.);
#7640 = VERTEX_POINT('',#7641);
#7641 = CARTESIAN_POINT('',(-69.74299016592,-34.92671306121,
    42.935919218387));
#7642 = B_SPLINE_CURVE_WITH_KNOTS('',4,(#7643,#7644,#7645,#7646,#7647),
  .UNSPECIFIED.,.F.,.F.,(5,5),(0.,1.),.PIECEWISE_BEZIER_KNOTS.);
#7643 = CARTESIAN_POINT('',(-69.74325366667,-34.92676005567,43.));
#7644 = CARTESIAN_POINT('',(-69.74325366667,-34.92676005567,
    42.983979333698));
#7645 = CARTESIAN_POINT('',(-69.74320974801,-34.92675222292,
    42.967958818826));
#7646 = CARTESIAN_POINT('',(-69.74312191255,-34.92673655777,
    42.951938549127));
#7647 = CARTESIAN_POINT('',(-69.74299016099,-34.92671306033,
    42.935918618421));
#7648 = ORIENTED_EDGE('',*,*,#3706,.T.);
#7649 = ORIENTED_EDGE('',*,*,#7650,.F.);
#7650 = EDGE_CURVE('',#7377,#3709,#7651,.T.);
#7651 = B_SPLINE_CURVE_WITH_KNOTS('',4,(#7652,#7653,#7654,#7655,#7656),
  .UNSPECIFIED.,.F.,.F.,(5,5),(0.,1.),.PIECEWISE_BEZIER_KNOTS.);
#7652 = CARTESIAN_POINT('',(-49.57030275081,-60.22246297676,
    42.935918618421));
#7653 = CARTESIAN_POINT('',(-49.5703549766,-60.22258619636,
    42.951938549096));
#7654 = CARTESIAN_POINT('',(-49.57038979422,-60.22266834378,
    42.967958818862));
#7655 = CARTESIAN_POINT('',(-49.5704072034,-60.22270941836,
    42.983979333585));
#7656 = CARTESIAN_POINT('',(-49.5704072034,-60.22270941836,43.));
#7657 = ORIENTED_EDGE('',*,*,#7376,.T.);
#7658 = ORIENTED_EDGE('',*,*,#2634,.F.);
#7659 = ORIENTED_EDGE('',*,*,#7660,.F.);
#7660 = EDGE_CURVE('',#7640,#2604,#7661,.T.);
#7661 = B_SPLINE_CURVE_WITH_KNOTS('',8,(#7662,#7663,#7664,#7665,#7666,
    #7667,#7668,#7669,#7670,#7671,#7672,#7673,#7674,#7675,#7676,#7677,
    #7678,#7679,#7680,#7681,#7682,#7683,#7684,#7685,#7686,#7687,#7688,
    #7689,#7690,#7691,#7692,#7693,#7694,#7695,#7696,#7697,#7698,#7699,
    #7700,#7701,#7702,#7703,#7704,#7705,#7706,#7707,#7708,#7709,#7710,
    #7711,#7712,#7713,#7714,#7715,#7716,#7717,#7718,#7719,#7720,#7721,
    #7722,#7723,#7724,#7725,#7726,#7727,#7728,#7729,#7730,#7731,#7732,
    #7733,#7734,#7735,#7736,#7737,#7738,#7739,#7740,#7741,#7742,#7743,
    #7744,#7745,#7746,#7747,#7748,#7749,#7750,#7751,#7752,#7753,#7754,
    #7755,#7756,#7757,#7758,#7759,#7760,#7761,#7762,#7763,#7764,#7765,
    #7766,#7767,#7768,#7769,#7770,#7771,#7772,#7773,#7774,#7775),
  .UNSPECIFIED.,.F.,.F.,(9,7,7,7,7,7,7,7,7,7,7,7,7,7,7,7,9),(0.,
    0.106991883795,0.214175378111,0.319846282916,0.422847325799,
    0.52449744428,0.626023471327,0.728515848075,0.832679324343,
    0.890287816523,0.946887875191,0.970772527995,0.984448479132,
    0.992164730063,0.996269955091,0.998520299417,1.),.UNSPECIFIED.);
#7662 = CARTESIAN_POINT('',(-69.74299016592,-34.92671306121,
    42.935919218387));
#7663 = CARTESIAN_POINT('',(-69.7418039623,-34.92650150584,
    42.791685044428));
#7664 = CARTESIAN_POINT('',(-69.73894421098,-34.92297244768,
    42.646242184919));
#7665 = CARTESIAN_POINT('',(-69.73436165577,-34.91602745473,
    42.499680448094));
#7666 = CARTESIAN_POINT('',(-69.72800840294,-34.90557144493,
    42.352097051157));
#7667 = CARTESIAN_POINT('',(-69.7198383244,-34.89151358843,
    42.203596420301));
#7668 = CARTESIAN_POINT('',(-69.70980746069,-34.87376820989,
    42.054289990714));
#7669 = CARTESIAN_POINT('',(-69.69787442421,-34.85225569068,
    41.904296006601));
#7670 = CARTESIAN_POINT('',(-69.67010233409,-34.80150564863,
    41.602913005562));
#7671 = CARTESIAN_POINT('',(-69.65425632873,-34.77225437417,
    41.451521951304));
#7672 = CARTESIAN_POINT('',(-69.63642415922,-34.73907646114,
    41.299691493145));
#7673 = CARTESIAN_POINT('',(-69.61657022816,-34.70190591388,
    41.147553603847));
#7674 = CARTESIAN_POINT('',(-69.59466235688,-34.66068465973,
    40.995246261698));
#7675 = CARTESIAN_POINT('',(-69.57067217476,-34.61536338104,
    40.842912818003));
#7676 = CARTESIAN_POINT('',(-69.54457550842,-34.56590234708,
    40.690701364576));
#7677 = CARTESIAN_POINT('',(-69.48852831721,-34.45939898101,
    40.388970999271));
#7678 = CARTESIAN_POINT('',(-69.45863737625,-34.40247349025,
    40.239444353896));
#7679 = CARTESIAN_POINT('',(-69.42666111719,-34.34146752598,
    40.090329854261));
#7680 = CARTESIAN_POINT('',(-69.3925850704,-34.2763627463,
    39.941776971593));
#7681 = CARTESIAN_POINT('',(-69.35639935692,-34.20715114876,
    39.793938020479));
#7682 = CARTESIAN_POINT('',(-69.31809891767,-34.13383550403,
    39.64696722017));
#7683 = CARTESIAN_POINT('',(-69.27768374268,-34.05642978944,
    39.501019755876));
#7684 = CARTESIAN_POINT('',(-69.19370887789,-33.89554786635,
    39.215139629436));
#7685 = CARTESIAN_POINT('',(-69.15025442808,-33.81227442748,
    39.075148105884));
#7686 = CARTESIAN_POINT('',(-69.1048005273,-33.72516280128,
    38.936419953731));
#7687 = CARTESIAN_POINT('',(-69.0573567227,-33.6342469873,
    38.799098745938));
#7688 = CARTESIAN_POINT('',(-69.00793732087,-33.53957139382,
    38.663326997606));
#7689 = CARTESIAN_POINT('',(-68.95656137663,-33.44119074228,
    38.529245219468));
#7690 = CARTESIAN_POINT('',(-68.90325268179,-33.33916997163,
    38.396990971387));
#7691 = CARTESIAN_POINT('',(-68.79355097881,-33.12938313947,
    38.138113736877));
#7692 = CARTESIAN_POINT('',(-68.73720758227,-33.0217099483,
    38.011439593579));
#7693 = CARTESIAN_POINT('',(-68.67903684533,-32.91063648586,
    37.886804012096));
#7694 = CARTESIAN_POINT('',(-68.61907052775,-32.79624421178,
    37.764331700818));
#7695 = CARTESIAN_POINT('',(-68.55734459682,-32.67862356947,
    37.644142790047));
#7696 = CARTESIAN_POINT('',(-68.49389895614,-32.55787342695,
    37.526352071648));
#7697 = CARTESIAN_POINT('',(-68.42877717444,-32.43410051757,
    37.411068238707));
#7698 = CARTESIAN_POINT('',(-68.29535674183,-32.18089189321,
    37.185855562084));
#7699 = CARTESIAN_POINT('',(-68.22706206859,-32.05146324437,
    37.075920323915));
#7700 = CARTESIAN_POINT('',(-68.15718879765,-31.91924637742,
    36.96868901724));
#7701 = CARTESIAN_POINT('',(-68.08578695618,-31.78436192691,
    36.864256348819));
#7702 = CARTESIAN_POINT('',(-68.01290936376,-31.64693681024,
    36.762709694124));
#7703 = CARTESIAN_POINT('',(-67.93861100071,-31.507103319,
    36.664128665856));
#7704 = CARTESIAN_POINT('',(-67.8629483763,-31.36499821041,
    36.56858468246));
#7705 = CARTESIAN_POINT('',(-67.70827680344,-31.07515250939,
    36.382816484699));
#7706 = CARTESIAN_POINT('',(-67.6292429695,-30.92737114936,
    36.292651554613));
#7707 = CARTESIAN_POINT('',(-67.54893584136,-30.77756192462,
    36.205710545358));
#7708 = CARTESIAN_POINT('',(-67.46741531353,-30.62587273737,
    36.122049280513));
#7709 = CARTESIAN_POINT('',(-67.38474095626,-30.472453969,
    36.041714589537));
#7710 = CARTESIAN_POINT('',(-67.30097024279,-30.31745726307,
    35.964744289051));
#7711 = CARTESIAN_POINT('',(-67.21615677659,-30.16103430825,
    35.891167164115));
#7712 = CARTESIAN_POINT('',(-67.04314118951,-29.84306571691,
    35.749694733863));
#7713 = CARTESIAN_POINT('',(-66.95490585827,-29.68147808742,
    35.681911677114));
#7714 = CARTESIAN_POINT('',(-66.86569356223,-29.51873083286,
    35.617674583282));
#7715 = CARTESIAN_POINT('',(-66.775544442,-29.35498004824,
    35.556994831782));
#7716 = CARTESIAN_POINT('',(-66.68448992627,-29.19037922611,
    35.49987456149));
#7717 = CARTESIAN_POINT('',(-66.59254554038,-29.02507717088,
    35.446307035734));
#7718 = CARTESIAN_POINT('',(-66.49969433856,-28.859214425,
    35.396277188221));
#7719 = CARTESIAN_POINT('',(-66.35396561565,-28.60094667625,
    35.324036924843));
#7720 = CARTESIAN_POINT('',(-66.30176960073,-28.50884253209,
    35.299386655036));
#7721 = CARTESIAN_POINT('',(-66.24926031414,-28.41662731035,
    35.275807699976));
#7722 = CARTESIAN_POINT('',(-66.19641773701,-28.32432098799,
    35.253295526096));
#7723 = CARTESIAN_POINT('',(-66.14321463676,-28.23194198115,
    35.231844930921));
#7724 = CARTESIAN_POINT('',(-66.08961270485,-28.13950646606,
    35.211450098814));
#7725 = CARTESIAN_POINT('',(-66.03555462785,-28.04702702296,
    35.192104688291));
#7726 = CARTESIAN_POINT('',(-65.92730537076,-27.86361367787,
    35.155819601962));
#7727 = CARTESIAN_POINT('',(-65.87313295404,-27.77268142073,
    35.138843828762));
#7728 = CARTESIAN_POINT('',(-65.81835184284,-27.68172017402,
    35.12286812478));
#7729 = CARTESIAN_POINT('',(-65.76284009663,-27.59072961536,
    35.107885762377));
#7730 = CARTESIAN_POINT('',(-65.70645046173,-27.49970498563,
    35.093889687306));
#7731 = CARTESIAN_POINT('',(-65.64891776708,-27.4086216768,
    35.080873221516));
#7732 = CARTESIAN_POINT('',(-65.58991288996,-27.31744416595,
    35.068829649947));
#7733 = CARTESIAN_POINT('',(-65.50276125608,-27.18749165568,
    35.053082118476));
#7734 = CARTESIAN_POINT('',(-65.47649178422,-27.14888982354,
    35.04858152189));
#7735 = CARTESIAN_POINT('',(-65.4497536592,-27.11024174811,
    35.044253274731));
#7736 = CARTESIAN_POINT('',(-65.42247229935,-27.07153643757,
    35.040097192088));
#7737 = CARTESIAN_POINT('',(-65.39454524624,-27.03275847751,
    35.036113310368));
#7738 = CARTESIAN_POINT('',(-65.36584092246,-26.99388782132,
    35.032301887504));
#7739 = CARTESIAN_POINT('',(-65.33617539012,-26.9548959559,
    35.028663572178));
#7740 = CARTESIAN_POINT('',(-65.28751236416,-26.89330810456,
    35.023216854025));
#7741 = CARTESIAN_POINT('',(-65.26937514484,-26.87082801786,
    35.021291027251));
#7742 = CARTESIAN_POINT('',(-65.25075774264,-26.84828211949,
    35.019422826035));
#7743 = CARTESIAN_POINT('',(-65.23158781084,-26.82565885093,
    35.017612655685));
#7744 = CARTESIAN_POINT('',(-65.21176564779,-26.80294254476,
    35.015861167731));
#7745 = CARTESIAN_POINT('',(-65.19116438248,-26.78011344724,
    35.014169249101));
#7746 = CARTESIAN_POINT('',(-65.16960740209,-26.75714405645,
    35.012538192066));
#7747 = CARTESIAN_POINT('',(-65.13390613777,-26.72091886821,
    35.010085757398));
#7748 = CARTESIAN_POINT('',(-65.1206263668,-26.7077930066,
    35.009221343162));
#7749 = CARTESIAN_POINT('',(-65.10688624802,-26.69459809995,
    35.008377503379));
#7750 = CARTESIAN_POINT('',(-65.09261861745,-26.68132349203,
    35.007554747824));
#7751 = CARTESIAN_POINT('',(-65.0777286228,-26.66795472151,
    35.006753861618));
#7752 = CARTESIAN_POINT('',(-65.06209656362,-26.65447395381,
    35.005975872495));
#7753 = CARTESIAN_POINT('',(-65.04555525007,-26.64085641477,
    35.005222230438));
#7754 = CARTESIAN_POINT('',(-65.01834593809,-26.61971308739,
    35.004109009987));
#7755 = CARTESIAN_POINT('',(-65.00855387622,-26.61232018362,
    35.003730140234));
#7756 = CARTESIAN_POINT('',(-64.99836920319,-26.60486849879,
    35.003359342727));
#7757 = CARTESIAN_POINT('',(-64.98773596791,-26.59734949295,
    35.002997089831));
#7758 = CARTESIAN_POINT('',(-64.97657441586,-26.58975185578,
    35.002644124988));
#7759 = CARTESIAN_POINT('',(-64.96478497675,-26.58206207687,
    35.002301419595));
#7760 = CARTESIAN_POINT('',(-64.95222894411,-26.57426155461,
    35.001970338477));
#7761 = CARTESIAN_POINT('',(-64.93119288632,-26.56195694979,
    35.001479696341));
#7762 = CARTESIAN_POINT('',(-64.92343958833,-26.55755877276,
    35.001310337883));
#7763 = CARTESIAN_POINT('',(-64.91533219867,-26.5531106858,
    35.001145687298));
#7764 = CARTESIAN_POINT('',(-64.90681848997,-26.5486050767,
    35.000986215941));
#7765 = CARTESIAN_POINT('',(-64.89782109054,-26.54403243201,
    35.000832752497));
#7766 = CARTESIAN_POINT('',(-64.88824637482,-26.53938245613,
    35.000686383366));
#7767 = CARTESIAN_POINT('',(-64.87796485555,-26.5346413869,
    35.000548638635));
#7768 = CARTESIAN_POINT('',(-64.8592989101,-26.52657980578,
    35.000339686503));
#7769 = CARTESIAN_POINT('',(-64.85153428323,-26.52335667172,
    35.000262583836));
#7770 = CARTESIAN_POINT('',(-64.84328750947,-26.52007451979,
    35.000191219263));
#7771 = CARTESIAN_POINT('',(-64.83441106209,-26.51671102049,
    35.000126880393));
#7772 = CARTESIAN_POINT('',(-64.8248052174,-26.51325714659,
    35.000070865586));
#7773 = CARTESIAN_POINT('',(-64.81422554965,-26.509706619,
    35.000027457843));
#7774 = CARTESIAN_POINT('',(-64.80254506179,-26.50607294618,35.));
#7775 = CARTESIAN_POINT('',(-64.78909017174,-26.50233564647,35.));
#7776 = TOROIDAL_SURFACE('',#7777,70.,8.);
#7777 = AXIS2_PLACEMENT_3D('',#7778,#7779,#7780);
#7778 = CARTESIAN_POINT('',(0.,0.,43.));
#7779 = DIRECTION('',(-0.,-0.,-1.));
#7780 = DIRECTION('',(1.,0.,-0.));
#7781 = ADVANCED_FACE('',(#7782),#7956,.T.);
#7782 = FACE_BOUND('',#7783,.T.);
#7783 = EDGE_LOOP('',(#7784,#7785,#7786,#7905,#7927));
#7784 = ORIENTED_EDGE('',*,*,#7602,.F.);
#7785 = ORIENTED_EDGE('',*,*,#2532,.F.);
#7786 = ORIENTED_EDGE('',*,*,#7787,.F.);
#7787 = EDGE_CURVE('',#7788,#2533,#7790,.T.);
#7788 = VERTEX_POINT('',#7789);
#7789 = CARTESIAN_POINT('',(-70.79084696997,32.750815987068,
    42.935919218387));
#7790 = B_SPLINE_CURVE_WITH_KNOTS('',8,(#7791,#7792,#7793,#7794,#7795,
    #7796,#7797,#7798,#7799,#7800,#7801,#7802,#7803,#7804,#7805,#7806,
    #7807,#7808,#7809,#7810,#7811,#7812,#7813,#7814,#7815,#7816,#7817,
    #7818,#7819,#7820,#7821,#7822,#7823,#7824,#7825,#7826,#7827,#7828,
    #7829,#7830,#7831,#7832,#7833,#7834,#7835,#7836,#7837,#7838,#7839,
    #7840,#7841,#7842,#7843,#7844,#7845,#7846,#7847,#7848,#7849,#7850,
    #7851,#7852,#7853,#7854,#7855,#7856,#7857,#7858,#7859,#7860,#7861,
    #7862,#7863,#7864,#7865,#7866,#7867,#7868,#7869,#7870,#7871,#7872,
    #7873,#7874,#7875,#7876,#7877,#7878,#7879,#7880,#7881,#7882,#7883,
    #7884,#7885,#7886,#7887,#7888,#7889,#7890,#7891,#7892,#7893,#7894,
    #7895,#7896,#7897,#7898,#7899,#7900,#7901,#7902,#7903,#7904),
  .UNSPECIFIED.,.F.,.F.,(9,7,7,7,7,7,7,7,7,7,7,7,7,7,7,7,9),(0.,
    0.106991883795,0.214175378111,0.319846282916,0.422847325798,
    0.524497444279,0.626023471326,0.728515848074,0.832679324342,
    0.890287816522,0.94688787519,0.970772527995,0.984448479132,
    0.992164730063,0.996269955091,0.998520299417,1.),.UNSPECIFIED.);
#7791 = CARTESIAN_POINT('',(-70.79084696997,32.750815987068,
    42.935919218387));
#7792 = CARTESIAN_POINT('',(-70.78994198346,32.750020478351,
    42.791685044428));
#7793 = CARTESIAN_POINT('',(-70.7853998289,32.749984966509,
    42.646242184919));
#7794 = CARTESIAN_POINT('',(-70.77711283832,32.750732312849,
    42.499680448094));
#7795 = CARTESIAN_POINT('',(-70.76497681234,32.752284355255,
    42.352097051157));
#7796 = CARTESIAN_POINT('',(-70.7488919769,32.754661660792,42.2035964203
    ));
#7797 = CARTESIAN_POINT('',(-70.72876394006,32.757883278307,
    42.054289990714));
#7798 = CARTESIAN_POINT('',(-70.70450464873,32.761966491035,
    41.9042960066));
#7799 = CARTESIAN_POINT('',(-70.64751105315,32.771895530308,
    41.602913005561));
#7800 = CARTESIAN_POINT('',(-70.61476166313,32.777744495763,
    41.451521951304));
#7801 = CARTESIAN_POINT('',(-70.57770395037,32.784488834664,
    41.299691493145));
#7802 = CARTESIAN_POINT('',(-70.53626412275,32.792141863459,
    41.147553603846));
#7803 = CARTESIAN_POINT('',(-70.49037671419,32.800714631564,
    40.995246261697));
#7804 = CARTESIAN_POINT('',(-70.43998547779,32.810215706978,
    40.842912818003));
#7805 = CARTESIAN_POINT('',(-70.38504427896,32.820650961912,
    40.690701364575));
#7806 = CARTESIAN_POINT('',(-70.26683174223,32.843235265925,
    40.38897099927));
#7807 = CARTESIAN_POINT('',(-70.20368890455,32.855358050203,
    40.239444353896));
#7808 = CARTESIAN_POINT('',(-70.13605564964,32.868394600747,
    40.090329854261));
#7809 = CARTESIAN_POINT('',(-70.06390861556,32.882345040754,
    39.941776971592));
#7810 = CARTESIAN_POINT('',(-69.98723538633,32.897206635975,
    39.793938020478));
#7811 = CARTESIAN_POINT('',(-69.90603497384,32.912973703587,
    39.646967220169));
#7812 = CARTESIAN_POINT('',(-69.82031829981,32.929637521061,
    39.501019755875));
#7813 = CARTESIAN_POINT('',(-69.64217827557,32.96429156638,
    39.215139629436));
#7814 = CARTESIAN_POINT('',(-69.5499790731,32.98223764936,
    39.075148105884));
#7815 = CARTESIAN_POINT('',(-69.45353241766,33.001013569296,
    38.93641995373));
#7816 = CARTESIAN_POINT('',(-69.3528708437,33.020605592058,
    38.799098745937));
#7817 = CARTESIAN_POINT('',(-69.24803799104,33.040997214878,
    38.663326997605));
#7818 = CARTESIAN_POINT('',(-69.13908852311,33.062169217167,
    38.529245219467));
#7819 = CARTESIAN_POINT('',(-69.02608804517,33.084099711329,
    38.396990971386));
#7820 = CARTESIAN_POINT('',(-68.79367220212,33.129131416677,
    38.138113736877));
#7821 = CARTESIAN_POINT('',(-68.6743603783,33.152213512058,
    38.011439593579));
#7822 = CARTESIAN_POINT('',(-68.55125078725,33.175986969643,
    37.886804012095));
#7823 = CARTESIAN_POINT('',(-68.42442691855,33.200425830974,
    37.764331700818));
#7824 = CARTESIAN_POINT('',(-68.29398190897,33.225501825855,
    37.644142790047));
#7825 = CARTESIAN_POINT('',(-68.1600179361,33.251184508984,
    37.526352071648));
#7826 = CARTESIAN_POINT('',(-68.0226456121,33.2774413966,37.411068238707
    ));
#7827 = CARTESIAN_POINT('',(-67.74149285885,33.331002097015,
    37.185855562083));
#7828 = CARTESIAN_POINT('',(-67.59772043416,33.358304614014,
    37.075920323914));
#7829 = CARTESIAN_POINT('',(-67.45078385322,33.386111359187,
    36.96868901724));
#7830 = CARTESIAN_POINT('',(-67.30080862333,33.414386230935,
    36.864256348818));
#7831 = CARTESIAN_POINT('',(-67.14792690497,33.443091393585,
    36.762709694123));
#7832 = CARTESIAN_POINT('',(-66.99227640756,33.472187350001,
    36.664128665855));
#7833 = CARTESIAN_POINT('',(-66.83399928514,33.501633014188,
    36.56858468246));
#7834 = CARTESIAN_POINT('',(-66.51095264271,33.561421747776,
    36.382816484699));
#7835 = CARTESIAN_POINT('',(-66.34613573346,33.591770779109,
    36.292651554613));
#7836 = CARTESIAN_POINT('',(-66.17893948978,33.622388661908,
    36.205710545358));
#7837 = CARTESIAN_POINT('',(-66.00951688989,33.653230008087,
    36.122049280513));
#7838 = CARTESIAN_POINT('',(-65.83802264815,33.684247630276,
    36.041714589536));
#7839 = CARTESIAN_POINT('',(-65.66461115822,33.715391914647,
    35.96474428905));
#7840 = CARTESIAN_POINT('',(-65.48943443633,33.746610193742,
    35.891167164114));
#7841 = CARTESIAN_POINT('',(-65.13296312708,33.809591334819,
    35.749694733863));
#7842 = CARTESIAN_POINT('',(-64.95161500198,33.841354414074,
    35.681911677114));
#7843 = CARTESIAN_POINT('',(-64.76875111789,33.873076685914,
    35.617674583282));
#7844 = CARTESIAN_POINT('',(-64.58451854209,33.90469220986,
    35.556994831782));
#7845 = CARTESIAN_POINT('',(-64.39905687533,33.936129856816,
    35.49987456149));
#7846 = CARTESIAN_POINT('',(-64.2124921375,33.967308986954,
    35.446307035734));
#7847 = CARTESIAN_POINT('',(-64.02492364358,33.998128724747,
    35.396277188221));
#7848 = CARTESIAN_POINT('',(-63.73214141413,34.045220728774,
    35.324036924843));
#7849 = CARTESIAN_POINT('',(-63.62758781156,34.061838235637,
    35.299386655036));
#7850 = CARTESIAN_POINT('',(-63.52275204335,34.078280072595,
    35.275807699976));
#7851 = CARTESIAN_POINT('',(-63.41763724655,34.094518132814,
    35.253295526096));
#7852 = CARTESIAN_POINT('',(-63.31224084025,34.110519642746,
    35.231844930921));
#7853 = CARTESIAN_POINT('',(-63.20655158655,34.126244565841,
    35.211450098813));
#7854 = CARTESIAN_POINT('',(-63.10054358674,34.141640249019,
    35.192104688291));
#7855 = CARTESIAN_POINT('',(-62.88965295138,34.171363922056,
    35.155819601962));
#7856 = CARTESIAN_POINT('',(-62.78478330062,34.18570555618,
    35.138843828762));
#7857 = CARTESIAN_POINT('',(-62.67951147006,34.199589368487,
    35.122868124779));
#7858 = CARTESIAN_POINT('',(-62.57376117908,34.212920223045,
    35.107885762378));
#7859 = CARTESIAN_POINT('',(-62.46743689556,34.225585959543,
    35.093889687305));
#7860 = CARTESIAN_POINT('',(-62.36035404882,34.237394601765,
    35.080873221516));
#7861 = CARTESIAN_POINT('',(-62.2522796612,34.248110979387,
    35.068829649947));
#7862 = CARTESIAN_POINT('',(-62.0963405425,34.26099715315,
    35.053082118476));
#7863 = CARTESIAN_POINT('',(-62.04978166705,34.264526701704,
    35.04858152189));
#7864 = CARTESIAN_POINT('',(-62.00289443667,34.267718674672,
    35.044253274731));
#7865 = CARTESIAN_POINT('',(-61.9556237567,34.270521615052,
    35.040097192088));
#7866 = CARTESIAN_POINT('',(-61.90789369389,34.27286502835,
    35.036113310368));
#7867 = CARTESIAN_POINT('',(-61.85960653799,34.274658542063,
    35.032301887504));
#7868 = CARTESIAN_POINT('',(-61.81062531317,34.275776125387,
    35.028663572178));
#7869 = CARTESIAN_POINT('',(-61.73213309164,34.276129236888,
    35.023216854025));
#7870 = CARTESIAN_POINT('',(-61.70324908085,34.275965092622,
    35.021291027251));
#7871 = CARTESIAN_POINT('',(-61.67401422729,34.275466559164,
    35.019422826035));
#7872 = CARTESIAN_POINT('',(-61.64437438671,34.274584280197,
    35.017612655685));
#7873 = CARTESIAN_POINT('',(-61.61425514688,34.273250074308,
    35.015861167731));
#7874 = CARTESIAN_POINT('',(-61.58356196089,34.271377065996,
    35.014169249101));
#7875 = CARTESIAN_POINT('',(-61.55216321061,34.268844320977,
    35.012538192066));
#7876 = CARTESIAN_POINT('',(-61.50158184377,34.263517984001,
    35.010085757398));
#7877 = CARTESIAN_POINT('',(-61.48303983015,34.26131928183,
    35.009221343162));
#7878 = CARTESIAN_POINT('',(-61.46415681279,34.258803714132,
    35.008377503379));
#7879 = CARTESIAN_POINT('',(-61.44488258424,34.255925414033,
    35.007554747824));
#7880 = CARTESIAN_POINT('',(-61.42514669875,34.252619239524,
    35.006753861618));
#7881 = CARTESIAN_POINT('',(-61.40486058067,34.248802724702,
    35.005975872495));
#7882 = CARTESIAN_POINT('',(-61.38390061963,34.244360601731,
    35.005222230438));
#7883 = CARTESIAN_POINT('',(-61.35040537211,34.236270154001,
    35.004109009987));
#7884 = CARTESIAN_POINT('',(-61.33852011648,34.23322381186,
    35.003730140234));
#7885 = CARTESIAN_POINT('',(-61.32634411492,34.229907163347,
    35.003359342727));
#7886 = CARTESIAN_POINT('',(-61.31383580568,34.226281788705,
    35.002997089831));
#7887 = CARTESIAN_POINT('',(-61.30093661987,34.222292385213,
    35.002644124988));
#7888 = CARTESIAN_POINT('',(-61.28757391356,34.217869529286,
    35.002301419595));
#7889 = CARTESIAN_POINT('',(-61.27364666138,34.212916373752,
    35.001970338477));
#7890 = CARTESIAN_POINT('',(-61.25091076645,34.204141517125,
    35.001479696341));
#7891 = CARTESIAN_POINT('',(-61.24263803096,34.20082196319,
    35.001310337883));
#7892 = CARTESIAN_POINT('',(-61.23410550176,34.197256687567,
    35.001145687298));
#7893 = CARTESIAN_POINT('',(-61.22527466417,34.193409603394,
    35.000986215941));
#7894 = CARTESIAN_POINT('',(-61.2160898398,34.189226150602,
    35.000832752497));
#7895 = CARTESIAN_POINT('',(-61.20648460466,34.184639548947,
    35.000686383366));
#7896 = CARTESIAN_POINT('',(-61.19636746506,34.179557141812,
    35.000548638635));
#7897 = CARTESIAN_POINT('',(-61.17842664051,34.169989831625,
    35.000339686503));
#7898 = CARTESIAN_POINT('',(-61.17106552717,34.165928793106,
    35.000262583836));
#7899 = CARTESIAN_POINT('',(-61.16335765811,34.161527594007,
    35.000191219263));
#7900 = CARTESIAN_POINT('',(-61.15519359406,34.156684815504,
    35.000126880393));
#7901 = CARTESIAN_POINT('',(-61.1465041005,34.151328118869,
    35.000070865587));
#7902 = CARTESIAN_POINT('',(-61.13713187131,34.14527031929,
    35.000027457843));
#7903 = CARTESIAN_POINT('',(-61.12700828643,34.138403704092,35.));
#7904 = CARTESIAN_POINT('',(-61.11569736113,34.130214415715,35.));
#7905 = ORIENTED_EDGE('',*,*,#7906,.T.);
#7906 = EDGE_CURVE('',#7788,#7907,#7909,.T.);
#7907 = VERTEX_POINT('',#7908);
#7908 = CARTESIAN_POINT('',(-173.2301519055,122.79786020443,
    42.002811770456));
#7909 = B_SPLINE_CURVE_WITH_KNOTS('',6,(#7910,#7911,#7912,#7913,#7914,
    #7915,#7916,#7917,#7918,#7919,#7920,#7921,#7922,#7923,#7924,#7925,
    #7926),.UNSPECIFIED.,.F.,.F.,(7,5,5,7),(-9.000422918949,
    -5.474960499478E-02,146.55481105679,155.50048437074),.UNSPECIFIED.);
#7910 = CARTESIAN_POINT('',(-56.72846644717,20.389586071126,
    43.064011770456));
#7911 = CARTESIAN_POINT('',(-57.84825271901,21.373909851903,
    43.053811770456));
#7912 = CARTESIAN_POINT('',(-58.96803899085,22.358233632679,
    43.043611770456));
#7913 = CARTESIAN_POINT('',(-60.08782526269,23.342557413455,
    43.033411770456));
#7914 = CARTESIAN_POINT('',(-61.20761153452,24.326881194231,
    43.023211770456));
#7915 = CARTESIAN_POINT('',(-62.32739780636,25.311204975008,
    43.013011770456));
#7916 = CARTESIAN_POINT('',(-81.79922618701,42.427492441898,
    42.83564520107));
#7917 = CARTESIAN_POINT('',(-100.1512682958,58.559456128012,
    42.668478631682));
#7918 = CARTESIAN_POINT('',(-118.5033104046,74.691419814126,
    42.501312062296));
#7919 = CARTESIAN_POINT('',(-136.8553525134,90.82338350024,
    42.334145492908));
#7920 = CARTESIAN_POINT('',(-155.2073946222,106.95534718635,
    42.166978923522));
#7921 = CARTESIAN_POINT('',(-174.6792230029,124.07163465324,
    41.989612354135));
#7922 = CARTESIAN_POINT('',(-175.7990092747,125.05595843402,
    41.979412354135));
#7923 = CARTESIAN_POINT('',(-176.9187955465,126.04028221479,
    41.969212354135));
#7924 = CARTESIAN_POINT('',(-178.0385818184,127.02460599557,
    41.959012354135));
#7925 = CARTESIAN_POINT('',(-179.1583680902,128.00892977634,
    41.948812354135));
#7926 = CARTESIAN_POINT('',(-180.2781543621,128.99325355712,
    41.938612354135));
#7927 = ORIENTED_EDGE('',*,*,#7928,.F.);
#7928 = EDGE_CURVE('',#7603,#7907,#7929,.T.);
#7929 = B_SPLINE_CURVE_WITH_KNOTS('',7,(#7930,#7931,#7932,#7933,#7934,
    #7935,#7936,#7937,#7938,#7939,#7940,#7941,#7942,#7943,#7944,#7945,
    #7946,#7947,#7948,#7949,#7950,#7951,#7952,#7953,#7954,#7955),
  .UNSPECIFIED.,.F.,.F.,(8,6,6,6,8),(0.,0.249928743901,0.500002573609,
    0.750074694671,1.),.UNSPECIFIED.);
#7930 = CARTESIAN_POINT('',(-168.2348658577,129.06175078361,34.));
#7931 = CARTESIAN_POINT('',(-168.487227983,128.74529868775,34.));
#7932 = CARTESIAN_POINT('',(-168.7457232985,128.4211558147,
    34.023838195587));
#7933 = CARTESIAN_POINT('',(-169.0090406178,128.09096633999,
    34.073594322343));
#7934 = CARTESIAN_POINT('',(-169.2755456865,127.75677955409,
    34.15114205148));
#7935 = CARTESIAN_POINT('',(-169.5432774674,127.42105451967,
    34.257934940985));
#7936 = CARTESIAN_POINT('',(-169.8100200276,127.08656992885,
    34.394825659662));
#7937 = CARTESIAN_POINT('',(-170.337032946,126.42571663182,
    34.729108307306));
#7938 = CARTESIAN_POINT('',(-170.5973002915,126.09935170327,
    34.926536733979));
#7939 = CARTESIAN_POINT('',(-170.8519236592,125.78006409918,
    35.154311976592));
#7940 = CARTESIAN_POINT('',(-171.098468247,125.47090696464,
    35.411810777754));
#7941 = CARTESIAN_POINT('',(-171.3345342082,125.17488961224,
    35.697561774274));
#7942 = CARTESIAN_POINT('',(-171.5579635972,124.89471802013,
    36.009289745988));
#7943 = CARTESIAN_POINT('',(-171.97596919,124.37055558579,
    36.678965131903));
#7944 = CARTESIAN_POINT('',(-172.1705463999,124.12656348205,
    37.036913526267));
#7945 = CARTESIAN_POINT('',(-172.3489096315,123.90290306381,
    37.4151074233));
#7946 = CARTESIAN_POINT('',(-172.5096385333,123.7013553959,
    37.810089797585));
#7947 = CARTESIAN_POINT('',(-172.651814476,123.52307240279,
    38.218015913724));
#7948 = CARTESIAN_POINT('',(-172.7750482432,123.36854214641,
    38.634984884268));
#7949 = CARTESIAN_POINT('',(-172.9837049917,123.10689485969,
    39.479299588322));
#7950 = CARTESIAN_POINT('',(-173.0691510208,122.99974892821,
    39.906640440958));
#7951 = CARTESIAN_POINT('',(-173.1358102949,122.91616084224,
    40.335566432023));
#7952 = CARTESIAN_POINT('',(-173.1842149687,122.85546330118,
    40.762527272485));
#7953 = CARTESIAN_POINT('',(-173.2152723219,122.81651861205,
    41.184381054575));
#7954 = CARTESIAN_POINT('',(-173.2301519055,122.79786020443,
    41.59850945184));
#7955 = CARTESIAN_POINT('',(-173.2301519055,122.79786020443,
    42.002811770456));
#7956 = ( BOUNDED_SURFACE() B_SPLINE_SURFACE(2,6,(
    (#7957,#7958,#7959,#7960,#7961,#7962,#7963,#7964,#7965,#7966,#7967
      ,#7968,#7969,#7970,#7971,#7972,#7973)
    ,(#7974,#7975,#7976,#7977,#7978,#7979,#7980,#7981,#7982,#7983,#7984
      ,#7985,#7986,#7987,#7988,#7989,#7990)
    ,(#7991,#7992,#7993,#7994,#7995,#7996,#7997,#7998,#7999,#8000,#8001
      ,#8002,#8003,#8004,#8005,#8006,#8007
)),.UNSPECIFIED.,.F.,.F.,.F.) B_SPLINE_SURFACE_WITH_KNOTS((3,3),(7,5,5,7
    ),(0.,146.60956066178),(-9.000422918949,-5.474960499478E-02,
    146.55481105679,155.50048437074),.UNSPECIFIED.) 
GEOMETRIC_REPRESENTATION_ITEM() RATIONAL_B_SPLINE_SURFACE((
    (1.,1.,1.,1.,1.,1.,1.,1.,1.,1.,1.,1.,1.,1.,1.,1.,1.)
    ,(0.706990803572,0.706990803572,0.706990803572,0.706990803572
      ,0.706990803572,0.706990803572,0.706990803572,0.706990803572
      ,0.706990803572,0.706990803572,0.706990803572,0.706990803572
      ,0.706990803572,0.706990803572,0.706990803572,0.706990803572
      ,0.706990803572)
    ,(1.,1.,1.,1.,1.,1.,1.,1.,1.,1.,1.,1.,1.,1.,1.,1.,1.
))) REPRESENTATION_ITEM('') SURFACE() );
#7957 = CARTESIAN_POINT('',(-51.40389557385,26.364025982272,
    35.064199416322));
#7958 = CARTESIAN_POINT('',(-52.52368184569,27.348349763048,
    35.053999416322));
#7959 = CARTESIAN_POINT('',(-53.64346811753,28.332673543825,
    35.043799416322));
#7960 = CARTESIAN_POINT('',(-54.76325438937,29.316997324601,
    35.033599416322));
#7961 = CARTESIAN_POINT('',(-55.88304066121,30.301321105377,
    35.023399416322));
#7962 = CARTESIAN_POINT('',(-57.00282693305,31.285644886153,
    35.013199416322));
#7963 = CARTESIAN_POINT('',(-76.4746553137,48.401932353044,
    34.835832846935));
#7964 = CARTESIAN_POINT('',(-94.82669742251,64.533896039157,
    34.668666277548));
#7965 = CARTESIAN_POINT('',(-113.1787395313,80.665859725272,
    34.501499708161));
#7966 = CARTESIAN_POINT('',(-131.5307816401,96.797823411385,
    34.334333138774));
#7967 = CARTESIAN_POINT('',(-149.8828237489,112.9297870975,
    34.167166569387));
#7968 = CARTESIAN_POINT('',(-169.3546521296,130.04607456439,33.9898));
#7969 = CARTESIAN_POINT('',(-170.4744384014,131.03039834516,33.9796));
#7970 = CARTESIAN_POINT('',(-171.5942246732,132.01472212594,33.9694));
#7971 = CARTESIAN_POINT('',(-172.7140109451,132.99904590671,33.9592));
#7972 = CARTESIAN_POINT('',(-173.8337972169,133.98336968749,33.949));
#7973 = CARTESIAN_POINT('',(-174.9535834887,134.96769346827,33.9388));
#7974 = CARTESIAN_POINT('',(-56.68734632983,20.35344032583,
    35.061574558259));
#7975 = CARTESIAN_POINT('',(-57.80713260167,21.337764106607,
    35.051374558259));
#7976 = CARTESIAN_POINT('',(-58.9269188735,22.322087887383,
    35.041174558259));
#7977 = CARTESIAN_POINT('',(-60.04670514534,23.306411668159,
    35.030974558259));
#7978 = CARTESIAN_POINT('',(-61.16649141718,24.290735448935,
    35.020774558259));
#7979 = CARTESIAN_POINT('',(-62.28627768902,25.275059229712,
    35.010574558259));
#7980 = CARTESIAN_POINT('',(-81.75810606967,42.391346696602,
    34.833207988872));
#7981 = CARTESIAN_POINT('',(-100.1101481784,58.523310382716,
    34.666041419485));
#7982 = CARTESIAN_POINT('',(-118.4621902873,74.65527406883,
    34.498874850099));
#7983 = CARTESIAN_POINT('',(-136.8142323961,90.787237754944,
    34.331708280712));
#7984 = CARTESIAN_POINT('',(-155.1662745049,106.91920144105,
    34.164541711325));
#7985 = CARTESIAN_POINT('',(-174.6381028855,124.03548890794,
    33.987175141938));
#7986 = CARTESIAN_POINT('',(-175.7578891574,125.01981268872,
    33.976975141938));
#7987 = CARTESIAN_POINT('',(-176.8776754292,126.0041364695,
    33.966775141938));
#7988 = CARTESIAN_POINT('',(-177.997461701,126.98846025027,
    33.956575141938));
#7989 = CARTESIAN_POINT('',(-179.1172479729,127.97278403105,
    33.946375141938));
#7990 = CARTESIAN_POINT('',(-180.2370342447,128.95710781183,
    33.936175141938));
#7991 = CARTESIAN_POINT('',(-56.72846644717,20.389586071126,
    43.064011770456));
#7992 = CARTESIAN_POINT('',(-57.84825271901,21.373909851903,
    43.053811770456));
#7993 = CARTESIAN_POINT('',(-58.96803899085,22.358233632679,
    43.043611770456));
#7994 = CARTESIAN_POINT('',(-60.08782526269,23.342557413455,
    43.033411770456));
#7995 = CARTESIAN_POINT('',(-61.20761153452,24.326881194231,
    43.023211770456));
#7996 = CARTESIAN_POINT('',(-62.32739780636,25.311204975008,
    43.013011770456));
#7997 = CARTESIAN_POINT('',(-81.79922618701,42.427492441898,
    42.83564520107));
#7998 = CARTESIAN_POINT('',(-100.1512682958,58.559456128012,
    42.668478631682));
#7999 = CARTESIAN_POINT('',(-118.5033104046,74.691419814126,
    42.501312062296));
#8000 = CARTESIAN_POINT('',(-136.8553525134,90.82338350024,
    42.334145492908));
#8001 = CARTESIAN_POINT('',(-155.2073946222,106.95534718635,
    42.166978923522));
#8002 = CARTESIAN_POINT('',(-174.6792230029,124.07163465324,
    41.989612354135));
#8003 = CARTESIAN_POINT('',(-175.7990092747,125.05595843402,
    41.979412354135));
#8004 = CARTESIAN_POINT('',(-176.9187955465,126.04028221479,
    41.969212354135));
#8005 = CARTESIAN_POINT('',(-178.0385818184,127.02460599557,
    41.959012354135));
#8006 = CARTESIAN_POINT('',(-179.1583680902,128.00892977634,
    41.948812354135));
#8007 = CARTESIAN_POINT('',(-180.2781543621,128.99325355712,
    41.938612354135));
#8008 = ADVANCED_FACE('',(#8009),#8086,.T.);
#8009 = FACE_BOUND('',#8010,.T.);
#8010 = EDGE_LOOP('',(#8011,#8033,#8034,#8035,#8057));
#8011 = ORIENTED_EDGE('',*,*,#8012,.F.);
#8012 = EDGE_CURVE('',#2596,#8013,#8015,.T.);
#8013 = VERTEX_POINT('',#8014);
#8014 = CARTESIAN_POINT('',(-205.7972631244,-51.06262915276,34.));
#8015 = B_SPLINE_CURVE_WITH_KNOTS('',6,(#8016,#8017,#8018,#8019,#8020,
    #8021,#8022,#8023,#8024,#8025,#8026,#8027,#8028,#8029,#8030,#8031,
    #8032),.UNSPECIFIED.,.F.,.F.,(7,5,5,7),(-9.000422918949,
    -5.474960499457E-02,146.55481105679,155.50048437074),.UNSPECIFIED.);
#8016 = CARTESIAN_POINT('',(-52.66203018365,-23.75148254525,
    35.064199416322));
#8017 = CARTESIAN_POINT('',(-54.12978082516,-24.01325086717,
    35.053999416322));
#8018 = CARTESIAN_POINT('',(-55.59753146666,-24.27501918909,
    35.043799416322));
#8019 = CARTESIAN_POINT('',(-57.06528210817,-24.53678751101,
    35.033599416322));
#8020 = CARTESIAN_POINT('',(-58.53303274968,-24.79855583292,
    35.023399416322));
#8021 = CARTESIAN_POINT('',(-60.00078339118,-25.06032415484,
    35.013199416322));
#8022 = CARTESIAN_POINT('',(-85.52332221465,-29.61218192276,
    34.835832846935));
#8023 = CARTESIAN_POINT('',(-109.5781103966,-33.90227136876,
    34.668666277548));
#8024 = CARTESIAN_POINT('',(-133.6328985785,-38.19236081476,
    34.501499708161));
#8025 = CARTESIAN_POINT('',(-157.6876867605,-42.48245026076,
    34.334333138774));
#8026 = CARTESIAN_POINT('',(-181.7424749424,-46.77253970676,
    34.167166569387));
#8027 = CARTESIAN_POINT('',(-207.2650137659,-51.32439747468,33.9898));
#8028 = CARTESIAN_POINT('',(-208.7327644074,-51.5861657966,33.9796));
#8029 = CARTESIAN_POINT('',(-210.2005150489,-51.84793411852,33.9694));
#8030 = CARTESIAN_POINT('',(-211.6682656904,-52.10970244043,33.9592));
#8031 = CARTESIAN_POINT('',(-213.1360163319,-52.37147076235,33.949));
#8032 = CARTESIAN_POINT('',(-214.6037669734,-52.63323908427,33.9388));
#8033 = ORIENTED_EDGE('',*,*,#2603,.F.);
#8034 = ORIENTED_EDGE('',*,*,#7660,.F.);
#8035 = ORIENTED_EDGE('',*,*,#8036,.T.);
#8036 = EDGE_CURVE('',#7640,#8037,#8039,.T.);
#8037 = VERTEX_POINT('',#8038);
#8038 = CARTESIAN_POINT('',(-204.014466175,-58.87357294492,
    42.002811770456));
#8039 = B_SPLINE_CURVE_WITH_KNOTS('',6,(#8040,#8041,#8042,#8043,#8044,
    #8045,#8046,#8047,#8048,#8049,#8050,#8051,#8052,#8053,#8054,#8055,
    #8056),.UNSPECIFIED.,.F.,.F.,(7,5,5,7),(-9.000422918949,
    -5.474960499457E-02,146.55481105679,155.50048437074),.UNSPECIFIED.);
#8040 = CARTESIAN_POINT('',(-51.31084060979,-31.63940204106,
    43.064011770456));
#8041 = CARTESIAN_POINT('',(-52.7785912513,-31.90117036298,
    43.053811770456));
#8042 = CARTESIAN_POINT('',(-54.2463418928,-32.1629386849,
    43.043611770456));
#8043 = CARTESIAN_POINT('',(-55.71409253431,-32.42470700681,
    43.033411770456));
#8044 = CARTESIAN_POINT('',(-57.18184317581,-32.68647532873,
    43.023211770456));
#8045 = CARTESIAN_POINT('',(-58.64959381732,-32.94824365065,
    43.013011770456));
#8046 = CARTESIAN_POINT('',(-84.17213264079,-37.50010141857,
    42.83564520107));
#8047 = CARTESIAN_POINT('',(-108.2269208227,-41.79019086457,
    42.668478631682));
#8048 = CARTESIAN_POINT('',(-132.2817090047,-46.08028031057,
    42.501312062296));
#8049 = CARTESIAN_POINT('',(-156.3364971866,-50.37036975657,
    42.334145492909));
#8050 = CARTESIAN_POINT('',(-180.3912853686,-54.66045920257,
    42.166978923522));
#8051 = CARTESIAN_POINT('',(-205.9138241921,-59.21231697049,
    41.989612354135));
#8052 = CARTESIAN_POINT('',(-207.3815748336,-59.47408529241,
    41.979412354135));
#8053 = CARTESIAN_POINT('',(-208.8493254751,-59.73585361432,
    41.969212354135));
#8054 = CARTESIAN_POINT('',(-210.3170761166,-59.99762193624,
    41.959012354135));
#8055 = CARTESIAN_POINT('',(-211.7848267581,-60.25939025816,
    41.948812354135));
#8056 = CARTESIAN_POINT('',(-213.2525773996,-60.52115858008,
    41.938612354135));
#8057 = ORIENTED_EDGE('',*,*,#8058,.F.);
#8058 = EDGE_CURVE('',#8013,#8037,#8059,.T.);
#8059 = B_SPLINE_CURVE_WITH_KNOTS('',7,(#8060,#8061,#8062,#8063,#8064,
    #8065,#8066,#8067,#8068,#8069,#8070,#8071,#8072,#8073,#8074,#8075,
    #8076,#8077,#8078,#8079,#8080,#8081,#8082,#8083,#8084,#8085),
  .UNSPECIFIED.,.F.,.F.,(8,6,6,6,8),(0.,0.249928743902,0.50000257361,
    0.75007469467,1.),.UNSPECIFIED.);
#8060 = CARTESIAN_POINT('',(-205.7972631244,-51.06262915276,34.));
#8061 = CARTESIAN_POINT('',(-205.7071961247,-51.45723846186,34.));
#8062 = CARTESIAN_POINT('',(-205.6149402147,-51.86143801324,
    34.023838195587));
#8063 = CARTESIAN_POINT('',(-205.5209633515,-52.27317755356,
    34.073594322343));
#8064 = CARTESIAN_POINT('',(-205.4258487937,-52.68990165942,
    34.15114205148));
#8065 = CARTESIAN_POINT('',(-205.3302964274,-53.10854392979,
    34.257934940985));
#8066 = CARTESIAN_POINT('',(-205.2350971099,-53.5256393923,
    34.394825659662));
#8067 = CARTESIAN_POINT('',(-205.047008377,-54.34970997475,
    34.729108307306));
#8068 = CARTESIAN_POINT('',(-204.9541200368,-54.75668038402,
    34.926536733978));
#8069 = CARTESIAN_POINT('',(-204.863246009,-55.15482551404,
    35.154311976593));
#8070 = CARTESIAN_POINT('',(-204.7752552644,-55.54033815516,
    35.411810777754));
#8071 = CARTESIAN_POINT('',(-204.6910042983,-55.90946575594,
    35.697561774273));
#8072 = CARTESIAN_POINT('',(-204.6112632726,-56.25883401684,
    36.009289745988));
#8073 = CARTESIAN_POINT('',(-204.4620788037,-56.9124538815,36.6789651319
    ));
#8074 = CARTESIAN_POINT('',(-204.3926350016,-57.21670705834,
    37.036913526281));
#8075 = CARTESIAN_POINT('',(-204.3289779012,-57.49560703802,
    37.415107423274));
#8076 = CARTESIAN_POINT('',(-204.2716144203,-57.74693286911,
    37.810089797612));
#8077 = CARTESIAN_POINT('',(-204.2208724139,-57.96924812519,
    38.218015913708));
#8078 = CARTESIAN_POINT('',(-204.1768907915,-58.16194420306,
    38.634984884273));
#8079 = CARTESIAN_POINT('',(-204.1024220602,-58.48821303297,
    39.479299588322));
#8080 = CARTESIAN_POINT('',(-204.0719267255,-58.62182182415,
    39.906640440959));
#8081 = CARTESIAN_POINT('',(-204.048136306,-58.72605446247,
    40.335566432023));
#8082 = CARTESIAN_POINT('',(-204.0308608779,-58.80174305816,
    40.762527272485));
#8083 = CARTESIAN_POINT('',(-204.0197766369,-58.85030629117,
    41.184381054575));
#8084 = CARTESIAN_POINT('',(-204.014466175,-58.87357294492,
    41.59850945184));
#8085 = CARTESIAN_POINT('',(-204.014466175,-58.87357294492,
    42.002811770456));
#8086 = ( BOUNDED_SURFACE() B_SPLINE_SURFACE(2,6,(
    (#8087,#8088,#8089,#8090,#8091,#8092,#8093,#8094,#8095,#8096,#8097
      ,#8098,#8099,#8100,#8101,#8102,#8103)
    ,(#8104,#8105,#8106,#8107,#8108,#8109,#8110,#8111,#8112,#8113,#8114
      ,#8115,#8116,#8117,#8118,#8119,#8120)
    ,(#8121,#8122,#8123,#8124,#8125,#8126,#8127,#8128,#8129,#8130,#8131
      ,#8132,#8133,#8134,#8135,#8136,#8137
)),.UNSPECIFIED.,.F.,.F.,.F.) B_SPLINE_SURFACE_WITH_KNOTS((3,3),(7,5,5,7
    ),(0.,146.60956066178),(-9.000422918949,-5.474960499457E-02,
    146.55481105679,155.50048437074),.UNSPECIFIED.) 
GEOMETRIC_REPRESENTATION_ITEM() RATIONAL_B_SPLINE_SURFACE((
    (1.,1.,1.,1.,1.,1.,1.,1.,1.,1.,1.,1.,1.,1.,1.,1.,1.)
    ,(0.706990803572,0.706990803572,0.706990803572,0.706990803572
      ,0.706990803572,0.706990803572,0.706990803572,0.706990803572
      ,0.706990803572,0.706990803572,0.706990803572,0.706990803572
      ,0.706990803572,0.706990803572,0.706990803572,0.706990803572
      ,0.706990803572)
    ,(1.,1.,1.,1.,1.,1.,1.,1.,1.,1.,1.,1.,1.,1.,1.,1.,1.
))) REPRESENTATION_ITEM('') SURFACE() );
#8087 = CARTESIAN_POINT('',(-52.66203018365,-23.75148254525,
    35.064199416322));
#8088 = CARTESIAN_POINT('',(-54.12978082516,-24.01325086717,
    35.053999416322));
#8089 = CARTESIAN_POINT('',(-55.59753146666,-24.27501918909,
    35.043799416322));
#8090 = CARTESIAN_POINT('',(-57.06528210817,-24.53678751101,
    35.033599416322));
#8091 = CARTESIAN_POINT('',(-58.53303274968,-24.79855583292,
    35.023399416322));
#8092 = CARTESIAN_POINT('',(-60.00078339118,-25.06032415484,
    35.013199416322));
#8093 = CARTESIAN_POINT('',(-85.52332221465,-29.61218192276,
    34.835832846935));
#8094 = CARTESIAN_POINT('',(-109.5781103966,-33.90227136876,
    34.668666277548));
#8095 = CARTESIAN_POINT('',(-133.6328985785,-38.19236081476,
    34.501499708161));
#8096 = CARTESIAN_POINT('',(-157.6876867605,-42.48245026076,
    34.334333138774));
#8097 = CARTESIAN_POINT('',(-181.7424749424,-46.77253970676,
    34.167166569387));
#8098 = CARTESIAN_POINT('',(-207.2650137659,-51.32439747468,33.9898));
#8099 = CARTESIAN_POINT('',(-208.7327644074,-51.5861657966,33.9796));
#8100 = CARTESIAN_POINT('',(-210.2005150489,-51.84793411852,33.9694));
#8101 = CARTESIAN_POINT('',(-211.6682656904,-52.10970244043,33.9592));
#8102 = CARTESIAN_POINT('',(-213.1360163319,-52.37147076235,33.949));
#8103 = CARTESIAN_POINT('',(-214.6037669734,-52.63323908427,33.9388));
#8104 = CARTESIAN_POINT('',(-51.25694275435,-31.62978954233,
    35.061574558259));
#8105 = CARTESIAN_POINT('',(-52.72469339585,-31.89155786425,
    35.051374558259));
#8106 = CARTESIAN_POINT('',(-54.19244403736,-32.15332618617,
    35.041174558259));
#8107 = CARTESIAN_POINT('',(-55.66019467887,-32.41509450809,
    35.030974558259));
#8108 = CARTESIAN_POINT('',(-57.12794532037,-32.67686283,35.020774558259
    ));
#8109 = CARTESIAN_POINT('',(-58.59569596188,-32.93863115192,
    35.010574558259));
#8110 = CARTESIAN_POINT('',(-84.11823478534,-37.49048891984,
    34.833207988872));
#8111 = CARTESIAN_POINT('',(-108.1730229673,-41.78057836584,
    34.666041419486));
#8112 = CARTESIAN_POINT('',(-132.2278111492,-46.07066781184,
    34.498874850099));
#8113 = CARTESIAN_POINT('',(-156.2825993312,-50.36075725784,
    34.331708280712));
#8114 = CARTESIAN_POINT('',(-180.3373875131,-54.65084670384,
    34.164541711325));
#8115 = CARTESIAN_POINT('',(-205.8599263366,-59.20270447176,
    33.987175141938));
#8116 = CARTESIAN_POINT('',(-207.3276769781,-59.46447279368,
    33.976975141938));
#8117 = CARTESIAN_POINT('',(-208.7954276196,-59.7262411156,
    33.966775141938));
#8118 = CARTESIAN_POINT('',(-210.2631782611,-59.98800943751,
    33.956575141938));
#8119 = CARTESIAN_POINT('',(-211.7309289026,-60.24977775943,
    33.946375141938));
#8120 = CARTESIAN_POINT('',(-213.1986795441,-60.51154608135,
    33.936175141938));
#8121 = CARTESIAN_POINT('',(-51.31084060979,-31.63940204106,
    43.064011770456));
#8122 = CARTESIAN_POINT('',(-52.7785912513,-31.90117036298,
    43.053811770456));
#8123 = CARTESIAN_POINT('',(-54.2463418928,-32.1629386849,
    43.043611770456));
#8124 = CARTESIAN_POINT('',(-55.71409253431,-32.42470700681,
    43.033411770456));
#8125 = CARTESIAN_POINT('',(-57.18184317581,-32.68647532873,
    43.023211770456));
#8126 = CARTESIAN_POINT('',(-58.64959381732,-32.94824365065,
    43.013011770456));
#8127 = CARTESIAN_POINT('',(-84.17213264079,-37.50010141857,
    42.83564520107));
#8128 = CARTESIAN_POINT('',(-108.2269208227,-41.79019086457,
    42.668478631682));
#8129 = CARTESIAN_POINT('',(-132.2817090047,-46.08028031057,
    42.501312062296));
#8130 = CARTESIAN_POINT('',(-156.3364971866,-50.37036975657,
    42.334145492909));
#8131 = CARTESIAN_POINT('',(-180.3912853686,-54.66045920257,
    42.166978923522));
#8132 = CARTESIAN_POINT('',(-205.9138241921,-59.21231697049,
    41.989612354135));
#8133 = CARTESIAN_POINT('',(-207.3815748336,-59.47408529241,
    41.979412354135));
#8134 = CARTESIAN_POINT('',(-208.8493254751,-59.73585361432,
    41.969212354135));
#8135 = CARTESIAN_POINT('',(-210.3170761166,-59.99762193624,
    41.959012354135));
#8136 = CARTESIAN_POINT('',(-211.7848267581,-60.25939025816,
    41.948812354135));
#8137 = CARTESIAN_POINT('',(-213.2525773996,-60.52115858008,
    41.938612354135));
#8138 = ADVANCED_FACE('',(#8139),#8279,.T.);
#8139 = FACE_BOUND('',#8140,.F.);
#8140 = EDGE_LOOP('',(#8141,#8149,#8150,#8160,#8277,#8278));
#8141 = ORIENTED_EDGE('',*,*,#8142,.F.);
#8142 = EDGE_CURVE('',#4042,#7788,#8143,.T.);
#8143 = B_SPLINE_CURVE_WITH_KNOTS('',4,(#8144,#8145,#8146,#8147,#8148),
  .UNSPECIFIED.,.F.,.F.,(5,5),(0.,1.),.PIECEWISE_BEZIER_KNOTS.);
#8144 = CARTESIAN_POINT('',(-70.79104800174,32.750992699681,43.));
#8145 = CARTESIAN_POINT('',(-70.79104800174,32.750992699681,
    42.983979333704));
#8146 = CARTESIAN_POINT('',(-70.79101449502,32.750963246324,
    42.967958818816));
#8147 = CARTESIAN_POINT('',(-70.790947483,32.750904340863,
    42.951938549148));
#8148 = CARTESIAN_POINT('',(-70.7908469662,32.750815983759,
    42.935918618421));
#8149 = ORIENTED_EDGE('',*,*,#4051,.T.);
#8150 = ORIENTED_EDGE('',*,*,#8151,.F.);
#8151 = EDGE_CURVE('',#8152,#4052,#8154,.T.);
#8152 = VERTEX_POINT('',#8153);
#8153 = CARTESIAN_POINT('',(-77.990395752,1.20753177588,42.935919218387)
  );
#8154 = B_SPLINE_CURVE_WITH_KNOTS('',4,(#8155,#8156,#8157,#8158,#8159),
  .UNSPECIFIED.,.F.,.F.,(5,5),(0.,1.),.PIECEWISE_BEZIER_KNOTS.);
#8155 = CARTESIAN_POINT('',(-77.99039574718,1.207531777228,
    42.935918618421));
#8156 = CARTESIAN_POINT('',(-77.99052464639,1.207495782832,
    42.951938549096));
#8157 = CARTESIAN_POINT('',(-77.99061058026,1.207471786272,
    42.967958818862));
#8158 = CARTESIAN_POINT('',(-77.9906535481,1.207459787736,
    42.983979333585));
#8159 = CARTESIAN_POINT('',(-77.9906535481,1.207459787736,43.));
#8160 = ORIENTED_EDGE('',*,*,#8161,.T.);
#8161 = EDGE_CURVE('',#8152,#2570,#8162,.T.);
#8162 = B_SPLINE_CURVE_WITH_KNOTS('',8,(#8163,#8164,#8165,#8166,#8167,
    #8168,#8169,#8170,#8171,#8172,#8173,#8174,#8175,#8176,#8177,#8178,
    #8179,#8180,#8181,#8182,#8183,#8184,#8185,#8186,#8187,#8188,#8189,
    #8190,#8191,#8192,#8193,#8194,#8195,#8196,#8197,#8198,#8199,#8200,
    #8201,#8202,#8203,#8204,#8205,#8206,#8207,#8208,#8209,#8210,#8211,
    #8212,#8213,#8214,#8215,#8216,#8217,#8218,#8219,#8220,#8221,#8222,
    #8223,#8224,#8225,#8226,#8227,#8228,#8229,#8230,#8231,#8232,#8233,
    #8234,#8235,#8236,#8237,#8238,#8239,#8240,#8241,#8242,#8243,#8244,
    #8245,#8246,#8247,#8248,#8249,#8250,#8251,#8252,#8253,#8254,#8255,
    #8256,#8257,#8258,#8259,#8260,#8261,#8262,#8263,#8264,#8265,#8266,
    #8267,#8268,#8269,#8270,#8271,#8272,#8273,#8274,#8275,#8276),
  .UNSPECIFIED.,.F.,.F.,(9,7,7,7,7,7,7,7,7,7,7,7,7,7,7,7,9),(0.,
    0.106991883795,0.214175378111,0.319846282916,0.422847325798,
    0.524497444279,0.626023471326,0.728515848073,0.832679324341,
    0.890287816521,0.94688787519,0.970772527995,0.984448479132,
    0.992164730063,0.996269955091,0.998520299417,1.),.UNSPECIFIED.);
#8163 = CARTESIAN_POINT('',(-77.990395752,1.20753177588,42.935919218387)
  );
#8164 = CARTESIAN_POINT('',(-77.98923522904,1.207855845539,
    42.791685044428));
#8165 = CARTESIAN_POINT('',(-77.98512748118,1.2059170736,42.646242184919
    ));
#8166 = CARTESIAN_POINT('',(-77.97798542208,1.201648147356,
    42.499680448094));
#8167 = CARTESIAN_POINT('',(-77.96772464645,1.194984181134,
    42.352097051157));
#8168 = CARTESIAN_POINT('',(-77.95426418469,1.185863354313,
    42.203596420301));
#8169 = CARTESIAN_POINT('',(-77.93752725758,1.174227549344,
    42.054289990714));
#8170 = CARTESIAN_POINT('',(-77.91744203094,1.160022989762,
    41.904296006601));
#8171 = CARTESIAN_POINT('',(-77.87040062434,1.126348640133,
    41.602913005561));
#8172 = CARTESIAN_POINT('',(-77.84343221449,1.106869476554,
    41.451521951304));
#8173 = CARTESIAN_POINT('',(-77.81297062796,1.084714298193,
    41.299691493145));
#8174 = CARTESIAN_POINT('',(-77.77895515813,1.059839090149,
    41.147553603847));
#8175 = CARTESIAN_POINT('',(-77.74133161627,1.032205492572,
    40.995246261697));
#8176 = CARTESIAN_POINT('',(-77.70005304318,1.00178138134,
    40.842912818003));
#8177 = CARTESIAN_POINT('',(-77.6550804209,0.968541448738,
    40.690701364576));
#8178 = CARTESIAN_POINT('',(-77.55837356778,0.896903196472,
    40.388970999271));
#8179 = CARTESIAN_POINT('',(-77.50674371577,0.858584294732,
    40.239444353896));
#8180 = CARTESIAN_POINT('',(-77.45146460596,0.817493799018,
    40.090329854261));
#8181 = CARTESIAN_POINT('',(-77.39251524342,0.773621461968,
    39.941776971592));
#8182 = CARTESIAN_POINT('',(-77.32988325538,0.726964359957,
    39.793938020479));
#8183 = CARTESIAN_POINT('',(-77.26356528592,0.677527184311,
    39.646967220169));
#8184 = CARTESIAN_POINT('',(-77.19356739059,0.625322532512,
    39.501019755875));
#8185 = CARTESIAN_POINT('',(-77.04810460138,0.51680825673,
    39.215139629436));
#8186 = CARTESIAN_POINT('',(-76.9728225039,0.460635659954,
    39.075148105884));
#8187 = CARTESIAN_POINT('',(-76.89407363628,0.401872505138,
    38.93641995373));
#8188 = CARTESIAN_POINT('',(-76.81188135204,0.340545282476,
    38.799098745937));
#8189 = CARTESIAN_POINT('',(-76.72627780902,0.276687795055,
    38.663326997605));
#8190 = CARTESIAN_POINT('',(-76.63730391775,0.210341077597,
    38.529245219467));
#8191 = CARTESIAN_POINT('',(-76.54500928988,0.14155331521,
    38.396990971386));
#8192 = CARTESIAN_POINT('',(-76.35514837558,1.3969561309E-04,
    38.138113736877));
#8193 = CARTESIAN_POINT('',(-76.2576670826,-7.242401397127E-02,
    38.011439593579));
#8194 = CARTESIAN_POINT('',(-76.15706409039,-0.147258408824,
    37.886804012095));
#8195 = CARTESIAN_POINT('',(-76.05340335752,-0.224303876411,
    37.764331700818));
#8196 = CARTESIAN_POINT('',(-75.94675653133,-0.303494535639,
    37.644142790047));
#8197 = CARTESIAN_POINT('',(-75.83720246094,-0.384758623038,
    37.526352071648));
#8198 = CARTESIAN_POINT('',(-75.72482671028,-0.468018878936,
    37.411068238707));
#8199 = CARTESIAN_POINT('',(-75.49475594944,-0.638263010397,
    37.185855562083));
#8200 = CARTESIAN_POINT('',(-75.3770675889,-0.725242245431,
    37.075920323914));
#8201 = CARTESIAN_POINT('',(-75.25674719848,-0.814048650305,
    36.96868901724));
#8202 = CARTESIAN_POINT('',(-75.13389219247,-0.904595243014,
    36.864256348819));
#8203 = CARTESIAN_POINT('',(-75.00860522707,-0.996790592511,
    36.762709694123));
#8204 = CARTESIAN_POINT('',(-74.88099323698,-1.090539363239,
    36.664128665856));
#8205 = CARTESIAN_POINT('',(-74.75116647206,-1.185742859656,
    36.56858468246));
#8206 = CARTESIAN_POINT('',(-74.48605286364,-1.379775332398,
    36.382816484699));
#8207 = CARTESIAN_POINT('',(-74.35072591069,-1.478630241656,
    36.292651554613));
#8208 = CARTESIAN_POINT('',(-74.21337190178,-1.578759732234,
    36.205710545358));
#8209 = CARTESIAN_POINT('',(-74.07410897236,-1.680056536114,
    36.122049280513));
#8210 = CARTESIAN_POINT('',(-73.93305604142,-1.782411010907,
    36.041714589536));
#8211 = CARTESIAN_POINT('',(-73.79033068622,-1.885711467194,
    35.96474428905));
#8212 = CARTESIAN_POINT('',(-73.64604701708,-1.989844495867,
    35.891167164114));
#8213 = CARTESIAN_POINT('',(-73.35220395812,-2.201255647791,
    35.749694733862));
#8214 = CARTESIAN_POINT('',(-73.20259642674,-2.308557195949,
    35.681911677114));
#8215 = CARTESIAN_POINT('',(-73.05160553804,-2.416479641071,
    35.617674583282));
#8216 = CARTESIAN_POINT('',(-72.89933518453,-2.524899762748,
    35.556994831782));
#8217 = CARTESIAN_POINT('',(-72.74588028041,-2.633692905369,
    35.49987456149));
#8218 = CARTESIAN_POINT('',(-72.59131937734,-2.742731736991,
    35.446307035734));
#8219 = CARTESIAN_POINT('',(-72.43569818679,-2.851882280742,
    35.396277188221));
#8220 = CARTESIAN_POINT('',(-72.19234296776,-3.02134415876,
    35.324036924843));
#8221 = CARTESIAN_POINT('',(-72.10535349283,-3.081680123127,
    35.299386655036));
#8222 = CARTESIAN_POINT('',(-72.01803357513,-3.14198024146,
    35.275807699976));
#8223 = CARTESIAN_POINT('',(-71.93037384595,-3.202217829264,
    35.253295526096));
#8224 = CARTESIAN_POINT('',(-71.84235776004,-3.262364478407,
    35.231844930921));
#8225 = CARTESIAN_POINT('',(-71.75395782121,-3.322388993146,
    35.211450098814));
#8226 = CARTESIAN_POINT('',(-71.66512785022,-3.382255171725,
    35.192104688291));
#8227 = CARTESIAN_POINT('',(-71.48801857163,-3.500537293184,
    35.155819601962));
#8228 = CARTESIAN_POINT('',(-71.39975688295,-3.558959895237,
    35.138843828762));
#8229 = CARTESIAN_POINT('',(-71.31093420133,-3.617144513357,
    35.122868124778));
#8230 = CARTESIAN_POINT('',(-71.22144052244,-3.675038529961,
    35.107885762379));
#8231 = CARTESIAN_POINT('',(-71.13114111016,-3.732582341928,
    35.093889687304));
#8232 = CARTESIAN_POINT('',(-71.03978637682,-3.789683066881,
    35.080873221517));
#8233 = CARTESIAN_POINT('',(-70.94706438014,-3.846229908901,
    35.068829649947));
#8234 = CARTESIAN_POINT('',(-70.81215919017,-3.925499398181,
    35.053082118476));
#8235 = CARTESIAN_POINT('',(-70.77174250658,-3.948880550516,
    35.04858152189));
#8236 = CARTESIAN_POINT('',(-70.73088351687,-3.972100025623,
    35.044253274731));
#8237 = CARTESIAN_POINT('',(-70.68951025611,-3.995135367018,
    35.040097192088));
#8238 = CARTESIAN_POINT('',(-70.64752372438,-4.017956007564,
    35.036113310368));
#8239 = CARTESIAN_POINT('',(-70.60479667663,-4.040522919339,
    35.032301887504));
#8240 = CARTESIAN_POINT('',(-70.56115101918,-4.062781984093,
    35.028663572178));
#8241 = CARTESIAN_POINT('',(-70.49058518055,-4.097156625132,
    35.023216854025));
#8242 = CARTESIAN_POINT('',(-70.46449036652,-4.109541038861,
    35.021291027251));
#8243 = CARTESIAN_POINT('',(-70.43793436805,-4.12177640331,
    35.019422826035));
#8244 = CARTESIAN_POINT('',(-70.41084698794,-4.133841742283,
    35.017612655685));
#8245 = CARTESIAN_POINT('',(-70.38313160028,-4.145707912714,
    35.015861167731));
#8246 = CARTESIAN_POINT('',(-70.3546653274,-4.157337664837,
    35.014169249101));
#8247 = CARTESIAN_POINT('',(-70.32527711403,-4.1686791476,
    35.012538192066));
#8248 = CARTESIAN_POINT('',(-70.2773938662,-4.18582671638,
    35.010085757398));
#8249 = CARTESIAN_POINT('',(-70.25973410808,-4.191890832371,
    35.009221343162));
#8250 = CARTESIAN_POINT('',(-70.24162963338,-4.197817418369,
    35.008377503379));
#8251 = CARTESIAN_POINT('',(-70.22301530589,-4.203586933941,
    35.007554747824));
#8252 = CARTESIAN_POINT('',(-70.20379939213,-4.209171253427,
    35.006753861618));
#8253 = CARTESIAN_POINT('',(-70.18386630757,-4.21453450915,
    35.005975872495));
#8254 = CARTESIAN_POINT('',(-70.16305467028,-4.219626480914,
    35.005222230438));
#8255 = CARTESIAN_POINT('',(-70.12936618132,-4.226870282621,
    35.004109009987));
#8256 = CARTESIAN_POINT('',(-70.11733617769,-4.229282442344,
    35.003730140234));
#8257 = CARTESIAN_POINT('',(-70.10492693949,-4.231577214372,
    35.003359342727));
#8258 = CARTESIAN_POINT('',(-70.09208435117,-4.23373801667,
    35.002997089831));
#8259 = CARTESIAN_POINT('',(-70.07873164903,-4.235740435291,
    35.002644124988));
#8260 = CARTESIAN_POINT('',(-70.06477326139,-4.237553440771,
    35.002301419595));
#8261 = CARTESIAN_POINT('',(-70.05007614712,-4.239133610088,
    35.001970338477));
#8262 = CARTESIAN_POINT('',(-70.025784546,-4.241092472554,
    35.001479696341));
#8263 = CARTESIAN_POINT('',(-70.01689076839,-4.241691063209,
    35.001310337883));
#8264 = CARTESIAN_POINT('',(-70.0076563101,-4.242180986542,
    35.001145687298));
#8265 = CARTESIAN_POINT('',(-69.99803081309,-4.242546440303,
    35.000986215941));
#8266 = CARTESIAN_POINT('',(-69.98794044014,-4.242762425515,
    35.000832752497));
#8267 = CARTESIAN_POINT('',(-69.97729637043,-4.242797595554,
    35.000686383366));
#8268 = CARTESIAN_POINT('',(-69.96597596881,-4.242608167311,
    35.000548638635));
#8269 = CARTESIAN_POINT('',(-69.94566074411,-4.241772550719,
    35.000339686503));
#8270 = CARTESIAN_POINT('',(-69.93726659157,-4.241307548821,
    35.000262583836));
#8271 = CARTESIAN_POINT('',(-69.92841243281,-4.240686524506,
    35.000191219263));
#8272 = CARTESIAN_POINT('',(-69.91895566238,-4.239865586468,
    35.000126880393));
#8273 = CARTESIAN_POINT('',(-69.90880251568,-4.238809599531,
    35.000070865587));
#8274 = CARTESIAN_POINT('',(-69.8977300482,-4.237418168545,
    35.000027457843));
#8275 = CARTESIAN_POINT('',(-69.88562970073,-4.235624020882,35.));
#8276 = CARTESIAN_POINT('',(-69.87188571009,-4.233153353569,35.));
#8277 = ORIENTED_EDGE('',*,*,#2569,.F.);
#8278 = ORIENTED_EDGE('',*,*,#7787,.F.);
#8279 = TOROIDAL_SURFACE('',#8280,70.,8.);
#8280 = AXIS2_PLACEMENT_3D('',#8281,#8282,#8283);
#8281 = CARTESIAN_POINT('',(0.,0.,43.));
#8282 = DIRECTION('',(-0.,-0.,-1.));
#8283 = DIRECTION('',(1.,0.,-0.));
#8284 = ADVANCED_FACE('',(#8285),#8317,.T.);
#8285 = FACE_BOUND('',#8286,.T.);
#8286 = EDGE_LOOP('',(#8287,#8288,#8289,#8297));
#8287 = ORIENTED_EDGE('',*,*,#2595,.T.);
#8288 = ORIENTED_EDGE('',*,*,#8012,.T.);
#8289 = ORIENTED_EDGE('',*,*,#8290,.F.);
#8290 = EDGE_CURVE('',#8291,#8013,#8293,.T.);
#8291 = VERTEX_POINT('',#8292);
#8292 = CARTESIAN_POINT('',(-207.5721716406,-43.28624684471,34.));
#8293 = LINE('',#8294,#8295);
#8294 = CARTESIAN_POINT('',(-209.35496859,-35.47530305255,34.));
#8295 = VECTOR('',#8296,1.);
#8296 = DIRECTION('',(0.222520933956,-0.974927912182,0.));
#8297 = ORIENTED_EDGE('',*,*,#8298,.F.);
#8298 = EDGE_CURVE('',#2579,#8291,#8299,.T.);
#8299 = B_SPLINE_CURVE_WITH_KNOTS('',6,(#8300,#8301,#8302,#8303,#8304,
    #8305,#8306,#8307,#8308,#8309,#8310,#8311,#8312,#8313,#8314,#8315,
    #8316),.UNSPECIFIED.,.F.,.F.,(7,5,5,7),(-9.000422918949,
    -5.474960499463E-02,146.55481105679,155.50048437074),.UNSPECIFIED.);
#8300 = CARTESIAN_POINT('',(-57.75223177233,-1.449852225804,
    35.064199416322));
#8301 = CARTESIAN_POINT('',(-59.18820642447,-1.850840253581,
    35.053999416322));
#8302 = CARTESIAN_POINT('',(-60.6241810766,-2.251828281359,
    35.043799416322));
#8303 = CARTESIAN_POINT('',(-62.06015572874,-2.652816309136,
    35.033599416322));
#8304 = CARTESIAN_POINT('',(-63.49613038088,-3.053804336914,
    35.023399416322));
#8305 = CARTESIAN_POINT('',(-64.93210503301,-3.454792364691,
    35.013199416322));
#8306 = CARTESIAN_POINT('',(-89.90209501106,-10.42752480117,
    34.835832846935));
#8307 = CARTESIAN_POINT('',(-113.4361103369,-16.99926920988,
    34.668666277548));
#8308 = CARTESIAN_POINT('',(-136.9701256628,-23.57101361859,
    34.501499708161));
#8309 = CARTESIAN_POINT('',(-160.5041409888,-30.14275802729,
    34.334333138774));
#8310 = CARTESIAN_POINT('',(-184.0381563147,-36.714502436,
    34.167166569387));
#8311 = CARTESIAN_POINT('',(-209.0081462927,-43.68723487248,33.9898));
#8312 = CARTESIAN_POINT('',(-210.4441209449,-44.08822290026,33.9796));
#8313 = CARTESIAN_POINT('',(-211.880095597,-44.48921092804,33.9694));
#8314 = CARTESIAN_POINT('',(-213.3160702491,-44.89019895582,33.9592));
#8315 = CARTESIAN_POINT('',(-214.7520449013,-45.29118698359,33.949));
#8316 = CARTESIAN_POINT('',(-216.1880195534,-45.69217501137,33.9388));
#8317 = B_SPLINE_SURFACE_WITH_KNOTS('',1,1,(
    (#8318,#8319)
    ,(#8320,#8321
    )),.UNSPECIFIED.,.F.,.F.,.F.,(2,2),(2,2),(0.,38.),(0.,1.),
  .PIECEWISE_BEZIER_KNOTS.);
#8318 = CARTESIAN_POINT('',(-68.57313994917,3.837248690338,35.));
#8319 = CARTESIAN_POINT('',(-209.35496859,-35.47530305255,34.));
#8320 = CARTESIAN_POINT('',(-60.11734445883,-33.21001197257,35.));
#8321 = CARTESIAN_POINT('',(-204.014466175,-58.87357294492,34.));
#8322 = ADVANCED_FACE('',(#8323),#8379,.F.);
#8323 = FACE_BOUND('',#8324,.F.);
#8324 = EDGE_LOOP('',(#8325,#8326,#8327,#8328,#8350));
#8325 = ORIENTED_EDGE('',*,*,#8298,.F.);
#8326 = ORIENTED_EDGE('',*,*,#2578,.F.);
#8327 = ORIENTED_EDGE('',*,*,#8161,.F.);
#8328 = ORIENTED_EDGE('',*,*,#8329,.T.);
#8329 = EDGE_CURVE('',#8152,#8330,#8332,.T.);
#8330 = VERTEX_POINT('',#8331);
#8331 = CARTESIAN_POINT('',(-209.35496859,-35.47530305255,
    42.002811770456));
#8332 = B_SPLINE_CURVE_WITH_KNOTS('',6,(#8333,#8334,#8335,#8336,#8337,
    #8338,#8339,#8340,#8341,#8342,#8343,#8344,#8345,#8346,#8347,#8348,
    #8349),.UNSPECIFIED.,.F.,.F.,(7,5,5,7),(-9.000422918949,
    -5.474960499463E-02,146.55481105679,155.50048437074),.UNSPECIFIED.);
#8333 = CARTESIAN_POINT('',(-59.95729203635,6.243176857003,
    43.064011770456));
#8334 = CARTESIAN_POINT('',(-61.39326668848,5.842188829226,
    43.053811770456));
#8335 = CARTESIAN_POINT('',(-62.82924134062,5.441200801448,
    43.043611770456));
#8336 = CARTESIAN_POINT('',(-64.26521599276,5.04021277367,
    43.033411770456));
#8337 = CARTESIAN_POINT('',(-65.70119064489,4.639224745893,
    43.023211770456));
#8338 = CARTESIAN_POINT('',(-67.13716529703,4.238236718115,
    43.013011770456));
#8339 = CARTESIAN_POINT('',(-92.10715527508,-2.734495718369,
    42.835645201069));
#8340 = CARTESIAN_POINT('',(-115.6411706009,-9.306240127076,
    42.668478631682));
#8341 = CARTESIAN_POINT('',(-139.1751859269,-15.87798453578,
    42.501312062296));
#8342 = CARTESIAN_POINT('',(-162.7092012528,-22.44972894449,
    42.334145492908));
#8343 = CARTESIAN_POINT('',(-186.2432165787,-29.02147335319,
    42.166978923522));
#8344 = CARTESIAN_POINT('',(-211.2132065567,-35.99420578968,
    41.989612354135));
#8345 = CARTESIAN_POINT('',(-212.6491812089,-36.39519381745,
    41.979412354135));
#8346 = CARTESIAN_POINT('',(-214.085155861,-36.79618184523,
    41.969212354135));
#8347 = CARTESIAN_POINT('',(-215.5211305131,-37.19716987301,
    41.959012354135));
#8348 = CARTESIAN_POINT('',(-216.9571051653,-37.59815790079,
    41.948812354135));
#8349 = CARTESIAN_POINT('',(-218.3930798174,-37.99914592856,
    41.938612354135));
#8350 = ORIENTED_EDGE('',*,*,#8351,.F.);
#8351 = EDGE_CURVE('',#8291,#8330,#8352,.T.);
#8352 = B_SPLINE_CURVE_WITH_KNOTS('',7,(#8353,#8354,#8355,#8356,#8357,
    #8358,#8359,#8360,#8361,#8362,#8363,#8364,#8365,#8366,#8367,#8368,
    #8369,#8370,#8371,#8372,#8373,#8374,#8375,#8376,#8377,#8378),
  .UNSPECIFIED.,.F.,.F.,(8,6,6,6,8),(0.,0.249928743901,0.500002573608,
    0.75007469467,1.),.UNSPECIFIED.);
#8353 = CARTESIAN_POINT('',(-207.5721716406,-43.28624684471,34.));
#8354 = CARTESIAN_POINT('',(-207.6622386403,-42.89163753561,34.));
#8355 = CARTESIAN_POINT('',(-207.7544945503,-42.48743798423,
    34.023838195587));
#8356 = CARTESIAN_POINT('',(-207.8484714135,-42.0756984439,
    34.073594322343));
#8357 = CARTESIAN_POINT('',(-207.9435859713,-41.65897433805,
    34.15114205148));
#8358 = CARTESIAN_POINT('',(-208.0391383376,-41.24033206768,
    34.257934940985));
#8359 = CARTESIAN_POINT('',(-208.1343376551,-40.82323660517,
    34.394825659662));
#8360 = CARTESIAN_POINT('',(-208.322426388,-39.99916602272,
    34.729108307305));
#8361 = CARTESIAN_POINT('',(-208.4153147282,-39.59219561345,
    34.926536733979));
#8362 = CARTESIAN_POINT('',(-208.506188756,-39.19405048343,
    35.154311976592));
#8363 = CARTESIAN_POINT('',(-208.5941795006,-38.80853784231,
    35.411810777755));
#8364 = CARTESIAN_POINT('',(-208.6784304667,-38.43941024153,
    35.697561774273));
#8365 = CARTESIAN_POINT('',(-208.7581714924,-38.09004198063,
    36.009289745988));
#8366 = CARTESIAN_POINT('',(-208.9073559612,-37.43642211597,
    36.678965131903));
#8367 = CARTESIAN_POINT('',(-208.9767997634,-37.13216893914,
    37.036913526269));
#8368 = CARTESIAN_POINT('',(-209.0404568638,-36.85326895944,
    37.415107423295));
#8369 = CARTESIAN_POINT('',(-209.0978203447,-36.60194312837,
    37.81008979759));
#8370 = CARTESIAN_POINT('',(-209.1485623511,-36.37962787227,
    38.218015913721));
#8371 = CARTESIAN_POINT('',(-209.1925439735,-36.18693179441,
    38.634984884269));
#8372 = CARTESIAN_POINT('',(-209.2670127048,-35.8606629645,
    39.479299588322));
#8373 = CARTESIAN_POINT('',(-209.2975080395,-35.72705417332,
    39.906640440957));
#8374 = CARTESIAN_POINT('',(-209.321298459,-35.622821535,40.335566432024
    ));
#8375 = CARTESIAN_POINT('',(-209.3385738871,-35.54713293931,
    40.762527272486));
#8376 = CARTESIAN_POINT('',(-209.3496581281,-35.4985697063,
    41.184381054573));
#8377 = CARTESIAN_POINT('',(-209.35496859,-35.47530305255,
    41.598509451841));
#8378 = CARTESIAN_POINT('',(-209.35496859,-35.47530305255,
    42.002811770456));
#8379 = ( BOUNDED_SURFACE() B_SPLINE_SURFACE(2,6,(
    (#8380,#8381,#8382,#8383,#8384,#8385,#8386,#8387,#8388,#8389,#8390
      ,#8391,#8392,#8393,#8394,#8395,#8396)
    ,(#8397,#8398,#8399,#8400,#8401,#8402,#8403,#8404,#8405,#8406,#8407
      ,#8408,#8409,#8410,#8411,#8412,#8413)
    ,(#8414,#8415,#8416,#8417,#8418,#8419,#8420,#8421,#8422,#8423,#8424
      ,#8425,#8426,#8427,#8428,#8429,#8430
)),.UNSPECIFIED.,.F.,.F.,.F.) B_SPLINE_SURFACE_WITH_KNOTS((3,3),(7,5,5,7
    ),(0.,146.60956066178),(-9.000422918949,-5.474960499463E-02,
    146.55481105679,155.50048437074),.UNSPECIFIED.) 
GEOMETRIC_REPRESENTATION_ITEM() RATIONAL_B_SPLINE_SURFACE((
    (1.,1.,1.,1.,1.,1.,1.,1.,1.,1.,1.,1.,1.,1.,1.,1.,1.)
    ,(0.706990803572,0.706990803572,0.706990803572,0.706990803572
      ,0.706990803572,0.706990803572,0.706990803572,0.706990803572
      ,0.706990803572,0.706990803572,0.706990803572,0.706990803572
      ,0.706990803572,0.706990803572,0.706990803572,0.706990803572
      ,0.706990803572)
    ,(1.,1.,1.,1.,1.,1.,1.,1.,1.,1.,1.,1.,1.,1.,1.,1.,1.
))) REPRESENTATION_ITEM('') SURFACE() );
#8380 = CARTESIAN_POINT('',(-57.75223177233,-1.449852225804,
    35.064199416322));
#8381 = CARTESIAN_POINT('',(-59.18820642447,-1.850840253581,
    35.053999416322));
#8382 = CARTESIAN_POINT('',(-60.6241810766,-2.251828281359,
    35.043799416322));
#8383 = CARTESIAN_POINT('',(-62.06015572874,-2.652816309136,
    35.033599416322));
#8384 = CARTESIAN_POINT('',(-63.49613038088,-3.053804336914,
    35.023399416322));
#8385 = CARTESIAN_POINT('',(-64.93210503301,-3.454792364691,
    35.013199416322));
#8386 = CARTESIAN_POINT('',(-89.90209501106,-10.42752480117,
    34.835832846935));
#8387 = CARTESIAN_POINT('',(-113.4361103369,-16.99926920988,
    34.668666277548));
#8388 = CARTESIAN_POINT('',(-136.9701256628,-23.57101361859,
    34.501499708161));
#8389 = CARTESIAN_POINT('',(-160.5041409888,-30.14275802729,
    34.334333138774));
#8390 = CARTESIAN_POINT('',(-184.0381563147,-36.714502436,
    34.167166569387));
#8391 = CARTESIAN_POINT('',(-209.0081462927,-43.68723487248,33.9898));
#8392 = CARTESIAN_POINT('',(-210.4441209449,-44.08822290026,33.9796));
#8393 = CARTESIAN_POINT('',(-211.880095597,-44.48921092804,33.9694));
#8394 = CARTESIAN_POINT('',(-213.3160702491,-44.89019895582,33.9592));
#8395 = CARTESIAN_POINT('',(-214.7520449013,-45.29118698359,33.949));
#8396 = CARTESIAN_POINT('',(-216.1880195534,-45.69217501137,33.9388));
#8397 = CARTESIAN_POINT('',(-59.90456103965,6.257901697957,
    35.061574558259));
#8398 = CARTESIAN_POINT('',(-61.34053569179,5.856913670179,
    35.051374558259));
#8399 = CARTESIAN_POINT('',(-62.77651034393,5.455925642402,
    35.041174558259));
#8400 = CARTESIAN_POINT('',(-64.21248499606,5.054937614624,
    35.030974558259));
#8401 = CARTESIAN_POINT('',(-65.6484596482,4.653949586847,
    35.020774558259));
#8402 = CARTESIAN_POINT('',(-67.08443430034,4.252961559069,
    35.010574558259));
#8403 = CARTESIAN_POINT('',(-92.05442427839,-2.719770877415,
    34.833207988872));
#8404 = CARTESIAN_POINT('',(-115.5884396043,-9.291515286122,
    34.666041419485));
#8405 = CARTESIAN_POINT('',(-139.1224549302,-15.86325969482,
    34.498874850099));
#8406 = CARTESIAN_POINT('',(-162.6564702561,-22.43500410353,
    34.331708280712));
#8407 = CARTESIAN_POINT('',(-186.190485582,-29.00674851224,
    34.164541711325));
#8408 = CARTESIAN_POINT('',(-211.16047556,-35.97948094872,
    33.987175141938));
#8409 = CARTESIAN_POINT('',(-212.5964502122,-36.3804689765,
    33.976975141938));
#8410 = CARTESIAN_POINT('',(-214.0324248643,-36.78145700428,
    33.966775141938));
#8411 = CARTESIAN_POINT('',(-215.4683995165,-37.18244503206,
    33.956575141938));
#8412 = CARTESIAN_POINT('',(-216.9043741686,-37.58343305983,
    33.946375141938));
#8413 = CARTESIAN_POINT('',(-218.3403488207,-37.98442108761,
    33.936175141938));
#8414 = CARTESIAN_POINT('',(-59.95729203635,6.243176857003,
    43.064011770456));
#8415 = CARTESIAN_POINT('',(-61.39326668848,5.842188829226,
    43.053811770456));
#8416 = CARTESIAN_POINT('',(-62.82924134062,5.441200801448,
    43.043611770456));
#8417 = CARTESIAN_POINT('',(-64.26521599276,5.04021277367,
    43.033411770456));
#8418 = CARTESIAN_POINT('',(-65.70119064489,4.639224745893,
    43.023211770456));
#8419 = CARTESIAN_POINT('',(-67.13716529703,4.238236718115,
    43.013011770456));
#8420 = CARTESIAN_POINT('',(-92.10715527508,-2.734495718369,
    42.835645201069));
#8421 = CARTESIAN_POINT('',(-115.6411706009,-9.306240127076,
    42.668478631682));
#8422 = CARTESIAN_POINT('',(-139.1751859269,-15.87798453578,
    42.501312062296));
#8423 = CARTESIAN_POINT('',(-162.7092012528,-22.44972894449,
    42.334145492908));
#8424 = CARTESIAN_POINT('',(-186.2432165787,-29.02147335319,
    42.166978923522));
#8425 = CARTESIAN_POINT('',(-211.2132065567,-35.99420578968,
    41.989612354135));
#8426 = CARTESIAN_POINT('',(-212.6491812089,-36.39519381745,
    41.979412354135));
#8427 = CARTESIAN_POINT('',(-214.085155861,-36.79618184523,
    41.969212354135));
#8428 = CARTESIAN_POINT('',(-215.5211305131,-37.19716987301,
    41.959012354135));
#8429 = CARTESIAN_POINT('',(-216.9571051653,-37.59815790079,
    41.948812354135));
#8430 = CARTESIAN_POINT('',(-218.3930798174,-37.99914592856,
    41.938612354135));
#8431 = ADVANCED_FACE('',(#8432),#8451,.F.);
#8432 = FACE_BOUND('',#8433,.F.);
#8433 = EDGE_LOOP('',(#8434,#8442,#8449,#8450));
#8434 = ORIENTED_EDGE('',*,*,#8435,.T.);
#8435 = EDGE_CURVE('',#2822,#8436,#8438,.T.);
#8436 = VERTEX_POINT('',#8437);
#8437 = CARTESIAN_POINT('',(-25.41597412837,-45.30495168499,43.));
#8438 = LINE('',#8439,#8440);
#8439 = CARTESIAN_POINT('',(-25.41597412837,-45.30495168499,25.));
#8440 = VECTOR('',#8441,1.);
#8441 = DIRECTION('',(0.,0.,1.));
#8442 = ORIENTED_EDGE('',*,*,#8443,.F.);
#8443 = EDGE_CURVE('',#8436,#8436,#8444,.T.);
#8444 = CIRCLE('',#8445,7.5);
#8445 = AXIS2_PLACEMENT_3D('',#8446,#8447,#8448);
#8446 = CARTESIAN_POINT('',(-32.91597412837,-45.30495168499,43.));
#8447 = DIRECTION('',(0.,0.,1.));
#8448 = DIRECTION('',(1.,0.,-0.));
#8449 = ORIENTED_EDGE('',*,*,#8435,.F.);
#8450 = ORIENTED_EDGE('',*,*,#2821,.T.);
#8451 = CYLINDRICAL_SURFACE('',#8452,7.5);
#8452 = AXIS2_PLACEMENT_3D('',#8453,#8454,#8455);
#8453 = CARTESIAN_POINT('',(-32.91597412837,-45.30495168499,25.));
#8454 = DIRECTION('',(0.,0.,1.));
#8455 = DIRECTION('',(1.,0.,-0.));
#8456 = ADVANCED_FACE('',(#8457),#8468,.F.);
#8457 = FACE_BOUND('',#8458,.F.);
#8458 = EDGE_LOOP('',(#8459,#8460,#8466,#8467));
#8459 = ORIENTED_EDGE('',*,*,#5119,.F.);
#8460 = ORIENTED_EDGE('',*,*,#8461,.F.);
#8461 = EDGE_CURVE('',#2833,#5120,#8462,.T.);
#8462 = LINE('',#8463,#8464);
#8463 = CARTESIAN_POINT('',(28.55,-6.992733223131E-15,5.));
#8464 = VECTOR('',#8465,1.);
#8465 = DIRECTION('',(0.,0.,1.));
#8466 = ORIENTED_EDGE('',*,*,#2832,.T.);
#8467 = ORIENTED_EDGE('',*,*,#8461,.T.);
#8468 = CYLINDRICAL_SURFACE('',#8469,28.55);
#8469 = AXIS2_PLACEMENT_3D('',#8470,#8471,#8472);
#8470 = CARTESIAN_POINT('',(0.,0.,5.));
#8471 = DIRECTION('',(0.,0.,1.));
#8472 = DIRECTION('',(1.,0.,-0.));
#8473 = ADVANCED_FACE('',(#8474),#8493,.F.);
#8474 = FACE_BOUND('',#8475,.F.);
#8475 = EDGE_LOOP('',(#8476,#8484,#8491,#8492));
#8476 = ORIENTED_EDGE('',*,*,#8477,.T.);
#8477 = EDGE_CURVE('',#2844,#8478,#8480,.T.);
#8478 = VERTEX_POINT('',#8479);
#8479 = CARTESIAN_POINT('',(40.415974128378,-45.30495168499,43.));
#8480 = LINE('',#8481,#8482);
#8481 = CARTESIAN_POINT('',(40.415974128378,-45.30495168499,25.));
#8482 = VECTOR('',#8483,1.);
#8483 = DIRECTION('',(0.,0.,1.));
#8484 = ORIENTED_EDGE('',*,*,#8485,.F.);
#8485 = EDGE_CURVE('',#8478,#8478,#8486,.T.);
#8486 = CIRCLE('',#8487,7.5);
#8487 = AXIS2_PLACEMENT_3D('',#8488,#8489,#8490);
#8488 = CARTESIAN_POINT('',(32.915974128378,-45.30495168499,43.));
#8489 = DIRECTION('',(0.,0.,1.));
#8490 = DIRECTION('',(1.,0.,-0.));
#8491 = ORIENTED_EDGE('',*,*,#8477,.F.);
#8492 = ORIENTED_EDGE('',*,*,#2843,.T.);
#8493 = CYLINDRICAL_SURFACE('',#8494,7.5);
#8494 = AXIS2_PLACEMENT_3D('',#8495,#8496,#8497);
#8495 = CARTESIAN_POINT('',(32.915974128378,-45.30495168499,25.));
#8496 = DIRECTION('',(0.,0.,1.));
#8497 = DIRECTION('',(1.,0.,-0.));
#8498 = ADVANCED_FACE('',(#8499),#8518,.F.);
#8499 = FACE_BOUND('',#8500,.F.);
#8500 = EDGE_LOOP('',(#8501,#8509,#8516,#8517));
#8501 = ORIENTED_EDGE('',*,*,#8502,.T.);
#8502 = EDGE_CURVE('',#2855,#8503,#8505,.T.);
#8503 = VERTEX_POINT('',#8504);
#8504 = CARTESIAN_POINT('',(-45.75916491252,17.304951684997,43.));
#8505 = LINE('',#8506,#8507);
#8506 = CARTESIAN_POINT('',(-45.75916491252,17.304951684997,25.));
#8507 = VECTOR('',#8508,1.);
#8508 = DIRECTION('',(0.,0.,1.));
#8509 = ORIENTED_EDGE('',*,*,#8510,.F.);
#8510 = EDGE_CURVE('',#8503,#8503,#8511,.T.);
#8511 = CIRCLE('',#8512,7.5);
#8512 = AXIS2_PLACEMENT_3D('',#8513,#8514,#8515);
#8513 = CARTESIAN_POINT('',(-53.25916491252,17.304951684997,43.));
#8514 = DIRECTION('',(0.,0.,1.));
#8515 = DIRECTION('',(1.,0.,-0.));
#8516 = ORIENTED_EDGE('',*,*,#8502,.F.);
#8517 = ORIENTED_EDGE('',*,*,#2854,.T.);
#8518 = CYLINDRICAL_SURFACE('',#8519,7.5);
#8519 = AXIS2_PLACEMENT_3D('',#8520,#8521,#8522);
#8520 = CARTESIAN_POINT('',(-53.25916491252,17.304951684997,25.));
#8521 = DIRECTION('',(0.,0.,1.));
#8522 = DIRECTION('',(1.,0.,-0.));
#8523 = ADVANCED_FACE('',(#8524),#8543,.F.);
#8524 = FACE_BOUND('',#8525,.F.);
#8525 = EDGE_LOOP('',(#8526,#8534,#8541,#8542));
#8526 = ORIENTED_EDGE('',*,*,#8527,.T.);
#8527 = EDGE_CURVE('',#2866,#8528,#8530,.T.);
#8528 = VERTEX_POINT('',#8529);
#8529 = CARTESIAN_POINT('',(7.5,56.,43.));
#8530 = LINE('',#8531,#8532);
#8531 = CARTESIAN_POINT('',(7.5,56.,25.));
#8532 = VECTOR('',#8533,1.);
#8533 = DIRECTION('',(0.,0.,1.));
#8534 = ORIENTED_EDGE('',*,*,#8535,.F.);
#8535 = EDGE_CURVE('',#8528,#8528,#8536,.T.);
#8536 = CIRCLE('',#8537,7.5);
#8537 = AXIS2_PLACEMENT_3D('',#8538,#8539,#8540);
#8538 = CARTESIAN_POINT('',(3.429011037613E-15,56.,43.));
#8539 = DIRECTION('',(0.,0.,1.));
#8540 = DIRECTION('',(1.,0.,-0.));
#8541 = ORIENTED_EDGE('',*,*,#8527,.F.);
#8542 = ORIENTED_EDGE('',*,*,#2865,.T.);
#8543 = CYLINDRICAL_SURFACE('',#8544,7.5);
#8544 = AXIS2_PLACEMENT_3D('',#8545,#8546,#8547);
#8545 = CARTESIAN_POINT('',(3.429011037613E-15,56.,25.));
#8546 = DIRECTION('',(0.,0.,1.));
#8547 = DIRECTION('',(1.,0.,-0.));
#8548 = ADVANCED_FACE('',(#8549),#8568,.F.);
#8549 = FACE_BOUND('',#8550,.F.);
#8550 = EDGE_LOOP('',(#8551,#8559,#8566,#8567));
#8551 = ORIENTED_EDGE('',*,*,#8552,.T.);
#8552 = EDGE_CURVE('',#2877,#8553,#8555,.T.);
#8553 = VERTEX_POINT('',#8554);
#8554 = CARTESIAN_POINT('',(60.759164912529,17.304951684997,43.));
#8555 = LINE('',#8556,#8557);
#8556 = CARTESIAN_POINT('',(60.759164912529,17.304951684997,25.));
#8557 = VECTOR('',#8558,1.);
#8558 = DIRECTION('',(0.,0.,1.));
#8559 = ORIENTED_EDGE('',*,*,#8560,.F.);
#8560 = EDGE_CURVE('',#8553,#8553,#8561,.T.);
#8561 = CIRCLE('',#8562,7.5);
#8562 = AXIS2_PLACEMENT_3D('',#8563,#8564,#8565);
#8563 = CARTESIAN_POINT('',(53.259164912529,17.304951684997,43.));
#8564 = DIRECTION('',(0.,0.,1.));
#8565 = DIRECTION('',(1.,0.,-0.));
#8566 = ORIENTED_EDGE('',*,*,#8552,.F.);
#8567 = ORIENTED_EDGE('',*,*,#2876,.T.);
#8568 = CYLINDRICAL_SURFACE('',#8569,7.5);
#8569 = AXIS2_PLACEMENT_3D('',#8570,#8571,#8572);
#8570 = CARTESIAN_POINT('',(53.259164912529,17.304951684997,25.));
#8571 = DIRECTION('',(0.,0.,1.));
#8572 = DIRECTION('',(1.,0.,-0.));
#8573 = ADVANCED_FACE('',(#8574),#8581,.T.);
#8574 = FACE_BOUND('',#8575,.T.);
#8575 = EDGE_LOOP('',(#8576,#8577,#8578,#8579,#8580));
#8576 = ORIENTED_EDGE('',*,*,#3297,.F.);
#8577 = ORIENTED_EDGE('',*,*,#3384,.F.);
#8578 = ORIENTED_EDGE('',*,*,#6568,.F.);
#8579 = ORIENTED_EDGE('',*,*,#6443,.T.);
#8580 = ORIENTED_EDGE('',*,*,#3041,.F.);
#8581 = B_SPLINE_SURFACE_WITH_KNOTS('',1,1,(
    (#8582,#8583)
    ,(#8584,#8585
    )),.UNSPECIFIED.,.F.,.F.,.F.,(2,2),(2,2),(0.,18.),(0.,1.),
  .PIECEWISE_BEZIER_KNOTS.);
#8582 = CARTESIAN_POINT('',(11.517918291613,-67.70773632479,53.));
#8583 = CARTESIAN_POINT('',(81.171726278093,-196.2120048647,52.));
#8584 = CARTESIAN_POINT('',(11.517918291613,-67.70773632479,35.));
#8585 = CARTESIAN_POINT('',(81.171726278093,-196.2120048647,34.));
#8586 = ADVANCED_FACE('',(#8587),#8594,.T.);
#8587 = FACE_BOUND('',#8588,.T.);
#8588 = EDGE_LOOP('',(#8589,#8590,#8591,#8592,#8593));
#8589 = ORIENTED_EDGE('',*,*,#5416,.F.);
#8590 = ORIENTED_EDGE('',*,*,#5614,.F.);
#8591 = ORIENTED_EDGE('',*,*,#5038,.F.);
#8592 = ORIENTED_EDGE('',*,*,#3128,.T.);
#8593 = ORIENTED_EDGE('',*,*,#5200,.F.);
#8594 = B_SPLINE_SURFACE_WITH_KNOTS('',1,1,(
    (#8595,#8596)
    ,(#8597,#8598
    )),.UNSPECIFIED.,.F.,.F.,.F.,(2,2),(2,2),(0.,18.),(0.,1.),
  .PIECEWISE_BEZIER_KNOTS.);
#8595 = CARTESIAN_POINT('',(68.57313994917,3.837248690338,35.));
#8596 = CARTESIAN_POINT('',(209.35496859002,-35.47530305255,34.));
#8597 = CARTESIAN_POINT('',(68.57313994917,3.837248690338,53.));
#8598 = CARTESIAN_POINT('',(209.35496859002,-35.47530305255,52.));
#8599 = ADVANCED_FACE('',(#8600),#8612,.T.);
#8600 = FACE_BOUND('',#8601,.T.);
#8601 = EDGE_LOOP('',(#8602,#8603,#8604,#8605,#8606));
#8602 = ORIENTED_EDGE('',*,*,#6954,.F.);
#8603 = ORIENTED_EDGE('',*,*,#6557,.F.);
#8604 = ORIENTED_EDGE('',*,*,#3404,.F.);
#8605 = ORIENTED_EDGE('',*,*,#3420,.T.);
#8606 = ORIENTED_EDGE('',*,*,#8607,.F.);
#8607 = EDGE_CURVE('',#6955,#3421,#8608,.T.);
#8608 = LINE('',#8609,#8610);
#8609 = CARTESIAN_POINT('',(-81.17172627809,-196.2120048647,34.));
#8610 = VECTOR('',#8611,1.);
#8611 = DIRECTION('',(0.,0.,1.));
#8612 = B_SPLINE_SURFACE_WITH_KNOTS('',1,1,(
    (#8613,#8614)
    ,(#8615,#8616
    )),.UNSPECIFIED.,.F.,.F.,.F.,(2,2),(2,2),(0.,18.),(0.,1.),
  .PIECEWISE_BEZIER_KNOTS.);
#8613 = CARTESIAN_POINT('',(-11.51791829161,-67.70773632479,35.));
#8614 = CARTESIAN_POINT('',(-81.17172627809,-196.2120048647,34.));
#8615 = CARTESIAN_POINT('',(-11.51791829161,-67.70773632479,53.));
#8616 = CARTESIAN_POINT('',(-81.17172627809,-196.2120048647,52.));
#8617 = ADVANCED_FACE('',(#8618),#8633,.F.);
#8618 = FACE_BOUND('',#8619,.F.);
#8619 = EDGE_LOOP('',(#8620,#8621,#8622,#8628,#8629,#8630,#8631,#8632));
#8620 = ORIENTED_EDGE('',*,*,#7208,.F.);
#8621 = ORIENTED_EDGE('',*,*,#7517,.T.);
#8622 = ORIENTED_EDGE('',*,*,#8623,.F.);
#8623 = EDGE_CURVE('',#3601,#7496,#8624,.T.);
#8624 = LINE('',#8625,#8626);
#8625 = CARTESIAN_POINT('',(-102.7949791077,-185.7987951259,52.));
#8626 = VECTOR('',#8627,1.);
#8627 = DIRECTION('',(0.,0.,-1.));
#8628 = ORIENTED_EDGE('',*,*,#3622,.F.);
#8629 = ORIENTED_EDGE('',*,*,#3574,.F.);
#8630 = ORIENTED_EDGE('',*,*,#3466,.F.);
#8631 = ORIENTED_EDGE('',*,*,#8607,.F.);
#8632 = ORIENTED_EDGE('',*,*,#6976,.F.);
#8633 = PLANE('',#8634);
#8634 = AXIS2_PLACEMENT_3D('',#8635,#8636,#8637);
#8635 = CARTESIAN_POINT('',(-102.7949791077,-185.7987951259,34.));
#8636 = DIRECTION('',(0.433883739118,0.900968867902,0.));
#8637 = DIRECTION('',(0.720775094322,-0.347106991294,0.6));
#8638 = ADVANCED_FACE('',(#8639),#8646,.T.);
#8639 = FACE_BOUND('',#8640,.T.);
#8640 = EDGE_LOOP('',(#8641,#8642,#8643,#8644,#8645));
#8641 = ORIENTED_EDGE('',*,*,#3600,.F.);
#8642 = ORIENTED_EDGE('',*,*,#3717,.F.);
#8643 = ORIENTED_EDGE('',*,*,#7650,.F.);
#8644 = ORIENTED_EDGE('',*,*,#7495,.T.);
#8645 = ORIENTED_EDGE('',*,*,#8623,.F.);
#8646 = B_SPLINE_SURFACE_WITH_KNOTS('',1,1,(
    (#8647,#8648)
    ,(#8649,#8650
    )),.UNSPECIFIED.,.F.,.F.,.F.,(2,2),(2,2),(0.,18.),(0.,1.),
  .PIECEWISE_BEZIER_KNOTS.);
#8647 = CARTESIAN_POINT('',(-45.7547352719,-51.22015423832,53.));
#8648 = CARTESIAN_POINT('',(-102.7949791077,-185.7987951259,52.));
#8649 = CARTESIAN_POINT('',(-45.7547352719,-51.22015423832,35.));
#8650 = CARTESIAN_POINT('',(-102.7949791077,-185.7987951259,34.));
#8651 = ADVANCED_FACE('',(#8652),#8664,.T.);
#8652 = FACE_BOUND('',#8653,.T.);
#8653 = EDGE_LOOP('',(#8654,#8655,#8656,#8657,#8658));
#8654 = ORIENTED_EDGE('',*,*,#8036,.F.);
#8655 = ORIENTED_EDGE('',*,*,#7639,.F.);
#8656 = ORIENTED_EDGE('',*,*,#3737,.F.);
#8657 = ORIENTED_EDGE('',*,*,#3753,.T.);
#8658 = ORIENTED_EDGE('',*,*,#8659,.F.);
#8659 = EDGE_CURVE('',#8037,#3754,#8660,.T.);
#8660 = LINE('',#8661,#8662);
#8661 = CARTESIAN_POINT('',(-204.014466175,-58.87357294492,34.));
#8662 = VECTOR('',#8663,1.);
#8663 = DIRECTION('',(0.,0.,1.));
#8664 = B_SPLINE_SURFACE_WITH_KNOTS('',1,1,(
    (#8665,#8666)
    ,(#8667,#8668
    )),.UNSPECIFIED.,.F.,.F.,.F.,(2,2),(2,2),(0.,18.),(0.,1.),
  .PIECEWISE_BEZIER_KNOTS.);
#8665 = CARTESIAN_POINT('',(-60.11734445883,-33.21001197257,35.));
#8666 = CARTESIAN_POINT('',(-204.014466175,-58.87357294492,34.));
#8667 = CARTESIAN_POINT('',(-60.11734445883,-33.21001197257,53.));
#8668 = CARTESIAN_POINT('',(-204.014466175,-58.87357294492,52.));
#8669 = ADVANCED_FACE('',(#8670),#8685,.F.);
#8670 = FACE_BOUND('',#8671,.F.);
#8671 = EDGE_LOOP('',(#8672,#8673,#8674,#8680,#8681,#8682,#8683,#8684));
#8672 = ORIENTED_EDGE('',*,*,#8290,.F.);
#8673 = ORIENTED_EDGE('',*,*,#8351,.T.);
#8674 = ORIENTED_EDGE('',*,*,#8675,.F.);
#8675 = EDGE_CURVE('',#3934,#8330,#8676,.T.);
#8676 = LINE('',#8677,#8678);
#8677 = CARTESIAN_POINT('',(-209.35496859,-35.47530305255,52.));
#8678 = VECTOR('',#8679,1.);
#8679 = DIRECTION('',(0.,0.,-1.));
#8680 = ORIENTED_EDGE('',*,*,#3955,.F.);
#8681 = ORIENTED_EDGE('',*,*,#3907,.F.);
#8682 = ORIENTED_EDGE('',*,*,#3799,.F.);
#8683 = ORIENTED_EDGE('',*,*,#8659,.F.);
#8684 = ORIENTED_EDGE('',*,*,#8058,.F.);
#8685 = PLANE('',#8686);
#8686 = AXIS2_PLACEMENT_3D('',#8687,#8688,#8689);
#8687 = CARTESIAN_POINT('',(-209.35496859,-35.47530305255,34.));
#8688 = DIRECTION('',(0.974927912182,0.222520933956,4.625929269271E-17)
  );
#8689 = DIRECTION('',(0.178016747165,-0.779942329745,0.6));
#8690 = ADVANCED_FACE('',(#8691),#8698,.T.);
#8691 = FACE_BOUND('',#8692,.T.);
#8692 = EDGE_LOOP('',(#8693,#8694,#8695,#8696,#8697));
#8693 = ORIENTED_EDGE('',*,*,#3933,.F.);
#8694 = ORIENTED_EDGE('',*,*,#4060,.F.);
#8695 = ORIENTED_EDGE('',*,*,#8151,.F.);
#8696 = ORIENTED_EDGE('',*,*,#8329,.T.);
#8697 = ORIENTED_EDGE('',*,*,#8675,.F.);
#8698 = B_SPLINE_SURFACE_WITH_KNOTS('',1,1,(
    (#8699,#8700)
    ,(#8701,#8702
    )),.UNSPECIFIED.,.F.,.F.,.F.,(2,2),(2,2),(0.,18.),(0.,1.),
  .PIECEWISE_BEZIER_KNOTS.);
#8699 = CARTESIAN_POINT('',(-68.57313994917,3.837248690338,53.));
#8700 = CARTESIAN_POINT('',(-209.35496859,-35.47530305255,52.));
#8701 = CARTESIAN_POINT('',(-68.57313994917,3.837248690338,35.));
#8702 = CARTESIAN_POINT('',(-209.35496859,-35.47530305255,34.));
#8703 = ADVANCED_FACE('',(#8704),#8716,.T.);
#8704 = FACE_BOUND('',#8705,.T.);
#8705 = EDGE_LOOP('',(#8706,#8707,#8708,#8709,#8710));
#8706 = ORIENTED_EDGE('',*,*,#7906,.F.);
#8707 = ORIENTED_EDGE('',*,*,#8142,.F.);
#8708 = ORIENTED_EDGE('',*,*,#4039,.F.);
#8709 = ORIENTED_EDGE('',*,*,#4086,.T.);
#8710 = ORIENTED_EDGE('',*,*,#8711,.F.);
#8711 = EDGE_CURVE('',#7907,#4087,#8712,.T.);
#8712 = LINE('',#8713,#8714);
#8713 = CARTESIAN_POINT('',(-173.2301519055,122.79786020443,34.));
#8714 = VECTOR('',#8715,1.);
#8715 = DIRECTION('',(0.,0.,1.));
#8716 = B_SPLINE_SURFACE_WITH_KNOTS('',1,1,(
    (#8717,#8718)
    ,(#8719,#8720
    )),.UNSPECIFIED.,.F.,.F.,.F.,(2,2),(2,2),(0.,18.),(0.,1.),
  .PIECEWISE_BEZIER_KNOTS.);
#8717 = CARTESIAN_POINT('',(-63.4471840782,26.295528755784,35.));
#8718 = CARTESIAN_POINT('',(-173.2301519055,122.79786020443,34.));
#8719 = CARTESIAN_POINT('',(-63.4471840782,26.295528755784,53.));
#8720 = CARTESIAN_POINT('',(-173.2301519055,122.79786020443,52.));
#8721 = ADVANCED_FACE('',(#8722),#8737,.F.);
#8722 = FACE_BOUND('',#8723,.F.);
#8723 = EDGE_LOOP('',(#8724,#8725,#8726,#8732,#8733,#8734,#8735,#8736));
#8724 = ORIENTED_EDGE('',*,*,#7624,.F.);
#8725 = ORIENTED_EDGE('',*,*,#7290,.T.);
#8726 = ORIENTED_EDGE('',*,*,#8727,.F.);
#8727 = EDGE_CURVE('',#4267,#7269,#8728,.T.);
#8728 = LINE('',#8729,#8730);
#8729 = CARTESIAN_POINT('',(-158.2663966609,141.56181578366,52.));
#8730 = VECTOR('',#8731,1.);
#8731 = DIRECTION('',(0.,0.,-1.));
#8732 = ORIENTED_EDGE('',*,*,#4288,.F.);
#8733 = ORIENTED_EDGE('',*,*,#4240,.F.);
#8734 = ORIENTED_EDGE('',*,*,#4132,.F.);
#8735 = ORIENTED_EDGE('',*,*,#8711,.F.);
#8736 = ORIENTED_EDGE('',*,*,#7928,.F.);
#8737 = PLANE('',#8738);
#8738 = AXIS2_PLACEMENT_3D('',#8739,#8740,#8741);
#8739 = CARTESIAN_POINT('',(-158.2663966609,141.56181578366,34.));
#8740 = DIRECTION('',(0.781831482468,-0.623489801859,-9.251858538543E-17
    ));
#8741 = DIRECTION('',(-0.498791841487,-0.625465185974,0.6));
#8742 = ADVANCED_FACE('',(#8743),#8750,.T.);
#8743 = FACE_BOUND('',#8744,.T.);
#8744 = EDGE_LOOP('',(#8745,#8746,#8747,#8748,#8749));
#8745 = ORIENTED_EDGE('',*,*,#4266,.F.);
#8746 = ORIENTED_EDGE('',*,*,#4393,.F.);
#8747 = ORIENTED_EDGE('',*,*,#7069,.F.);
#8748 = ORIENTED_EDGE('',*,*,#7268,.T.);
#8749 = ORIENTED_EDGE('',*,*,#8727,.F.);
#8750 = B_SPLINE_SURFACE_WITH_KNOTS('',1,1,(
    (#8751,#8752)
    ,(#8753,#8754
    )),.UNSPECIFIED.,.F.,.F.,.F.,(2,2),(2,2),(0.,18.),(0.,1.),
  .PIECEWISE_BEZIER_KNOTS.);
#8751 = CARTESIAN_POINT('',(-39.75457160757,56.005125089569,53.));
#8752 = CARTESIAN_POINT('',(-158.2663966609,141.56181578366,52.));
#8753 = CARTESIAN_POINT('',(-39.75457160757,56.005125089569,35.));
#8754 = CARTESIAN_POINT('',(-158.2663966609,141.56181578366,34.));
#8755 = ADVANCED_FACE('',(#8756),#8768,.T.);
#8756 = FACE_BOUND('',#8757,.T.);
#8757 = EDGE_LOOP('',(#8758,#8759,#8760,#8761,#8762));
#8758 = ORIENTED_EDGE('',*,*,#6824,.F.);
#8759 = ORIENTED_EDGE('',*,*,#7060,.F.);
#8760 = ORIENTED_EDGE('',*,*,#4372,.F.);
#8761 = ORIENTED_EDGE('',*,*,#4419,.T.);
#8762 = ORIENTED_EDGE('',*,*,#8763,.F.);
#8763 = EDGE_CURVE('',#6825,#4420,#8764,.T.);
#8764 = LINE('',#8765,#8766);
#8765 = CARTESIAN_POINT('',(-12.,212.,34.));
#8766 = VECTOR('',#8767,1.);
#8767 = DIRECTION('',(0.,0.,1.));
#8768 = B_SPLINE_SURFACE_WITH_KNOTS('',1,1,(
    (#8769,#8770)
    ,(#8771,#8772
    )),.UNSPECIFIED.,.F.,.F.,.F.,(2,2),(2,2),(0.,18.),(0.,1.),
  .PIECEWISE_BEZIER_KNOTS.);
#8769 = CARTESIAN_POINT('',(-19.,66.,35.));
#8770 = CARTESIAN_POINT('',(-12.,212.,34.));
#8771 = CARTESIAN_POINT('',(-19.,66.,53.));
#8772 = CARTESIAN_POINT('',(-12.,212.,52.));
#8773 = ADVANCED_FACE('',(#8774),#8789,.F.);
#8774 = FACE_BOUND('',#8775,.F.);
#8775 = EDGE_LOOP('',(#8776,#8777,#8778,#8784,#8785,#8786,#8787,#8788));
#8776 = ORIENTED_EDGE('',*,*,#6542,.F.);
#8777 = ORIENTED_EDGE('',*,*,#6238,.T.);
#8778 = ORIENTED_EDGE('',*,*,#8779,.F.);
#8779 = EDGE_CURVE('',#4600,#6217,#8780,.T.);
#8780 = LINE('',#8781,#8782);
#8781 = CARTESIAN_POINT('',(12.,212.,52.));
#8782 = VECTOR('',#8783,1.);
#8783 = DIRECTION('',(0.,0.,-1.));
#8784 = ORIENTED_EDGE('',*,*,#4621,.F.);
#8785 = ORIENTED_EDGE('',*,*,#4573,.F.);
#8786 = ORIENTED_EDGE('',*,*,#4465,.F.);
#8787 = ORIENTED_EDGE('',*,*,#8763,.F.);
#8788 = ORIENTED_EDGE('',*,*,#6846,.F.);
#8789 = PLANE('',#8790);
#8790 = AXIS2_PLACEMENT_3D('',#8791,#8792,#8793);
#8791 = CARTESIAN_POINT('',(12.,212.,34.));
#8792 = DIRECTION('',(0.,-1.,0.));
#8793 = DIRECTION('',(-0.8,0.,0.6));
#8794 = ADVANCED_FACE('',(#8795),#8802,.T.);
#8795 = FACE_BOUND('',#8796,.T.);
#8796 = EDGE_LOOP('',(#8797,#8798,#8799,#8800,#8801));
#8797 = ORIENTED_EDGE('',*,*,#4599,.F.);
#8798 = ORIENTED_EDGE('',*,*,#4726,.F.);
#8799 = ORIENTED_EDGE('',*,*,#6055,.F.);
#8800 = ORIENTED_EDGE('',*,*,#6216,.T.);
#8801 = ORIENTED_EDGE('',*,*,#8779,.F.);
#8802 = B_SPLINE_SURFACE_WITH_KNOTS('',1,1,(
    (#8803,#8804)
    ,(#8805,#8806
    )),.UNSPECIFIED.,.F.,.F.,.F.,(2,2),(2,2),(0.,18.),(0.,1.),
  .PIECEWISE_BEZIER_KNOTS.);
#8803 = CARTESIAN_POINT('',(19.,66.,53.));
#8804 = CARTESIAN_POINT('',(12.,212.,52.));
#8805 = CARTESIAN_POINT('',(19.,66.,35.));
#8806 = CARTESIAN_POINT('',(12.,212.,34.));
#8807 = ADVANCED_FACE('',(#8808),#8820,.T.);
#8808 = FACE_BOUND('',#8809,.T.);
#8809 = EDGE_LOOP('',(#8810,#8811,#8812,#8813,#8814));
#8810 = ORIENTED_EDGE('',*,*,#5940,.F.);
#8811 = ORIENTED_EDGE('',*,*,#6046,.F.);
#8812 = ORIENTED_EDGE('',*,*,#4705,.F.);
#8813 = ORIENTED_EDGE('',*,*,#4752,.T.);
#8814 = ORIENTED_EDGE('',*,*,#8815,.F.);
#8815 = EDGE_CURVE('',#5941,#4753,#8816,.T.);
#8816 = LINE('',#8817,#8818);
#8817 = CARTESIAN_POINT('',(158.26639666091,141.56181578366,34.));
#8818 = VECTOR('',#8819,1.);
#8819 = DIRECTION('',(0.,0.,1.));
#8820 = B_SPLINE_SURFACE_WITH_KNOTS('',1,1,(
    (#8821,#8822)
    ,(#8823,#8824
    )),.UNSPECIFIED.,.F.,.F.,.F.,(2,2),(2,2),(0.,18.),(0.,1.),
  .PIECEWISE_BEZIER_KNOTS.);
#8821 = CARTESIAN_POINT('',(39.754571607574,56.005125089569,35.));
#8822 = CARTESIAN_POINT('',(158.26639666091,141.56181578366,34.));
#8823 = CARTESIAN_POINT('',(39.754571607574,56.005125089569,53.));
#8824 = CARTESIAN_POINT('',(158.26639666091,141.56181578366,52.));
#8825 = ADVANCED_FACE('',(#8826),#8841,.F.);
#8826 = FACE_BOUND('',#8827,.F.);
#8827 = EDGE_LOOP('',(#8828,#8829,#8830,#8836,#8837,#8838,#8839,#8840));
#8828 = ORIENTED_EDGE('',*,*,#5804,.F.);
#8829 = ORIENTED_EDGE('',*,*,#5697,.T.);
#8830 = ORIENTED_EDGE('',*,*,#8831,.F.);
#8831 = EDGE_CURVE('',#4933,#5676,#8832,.T.);
#8832 = LINE('',#8833,#8834);
#8833 = CARTESIAN_POINT('',(173.23015190552,122.79786020443,52.));
#8834 = VECTOR('',#8835,1.);
#8835 = DIRECTION('',(0.,0.,-1.));
#8836 = ORIENTED_EDGE('',*,*,#4954,.F.);
#8837 = ORIENTED_EDGE('',*,*,#4906,.F.);
#8838 = ORIENTED_EDGE('',*,*,#4798,.F.);
#8839 = ORIENTED_EDGE('',*,*,#8815,.F.);
#8840 = ORIENTED_EDGE('',*,*,#5962,.F.);
#8841 = PLANE('',#8842);
#8842 = AXIS2_PLACEMENT_3D('',#8843,#8844,#8845);
#8843 = CARTESIAN_POINT('',(173.23015190552,122.79786020443,34.));
#8844 = DIRECTION('',(-0.781831482468,-0.623489801859,9.251858538543E-17
    ));
#8845 = DIRECTION('',(-0.498791841487,0.625465185974,0.6));
#8846 = ADVANCED_FACE('',(#8847),#8854,.T.);
#8847 = FACE_BOUND('',#8848,.T.);
#8848 = EDGE_LOOP('',(#8849,#8850,#8851,#8852,#8853));
#8849 = ORIENTED_EDGE('',*,*,#4932,.F.);
#8850 = ORIENTED_EDGE('',*,*,#5057,.F.);
#8851 = ORIENTED_EDGE('',*,*,#5623,.F.);
#8852 = ORIENTED_EDGE('',*,*,#5675,.T.);
#8853 = ORIENTED_EDGE('',*,*,#8831,.F.);
#8854 = B_SPLINE_SURFACE_WITH_KNOTS('',1,1,(
    (#8855,#8856)
    ,(#8857,#8858
    )),.UNSPECIFIED.,.F.,.F.,.F.,(2,2),(2,2),(0.,18.),(0.,1.),
  .PIECEWISE_BEZIER_KNOTS.);
#8855 = CARTESIAN_POINT('',(63.447184078206,26.295528755784,53.));
#8856 = CARTESIAN_POINT('',(173.23015190552,122.79786020443,52.));
#8857 = CARTESIAN_POINT('',(63.447184078206,26.295528755784,35.));
#8858 = CARTESIAN_POINT('',(173.23015190552,122.79786020443,34.));
#8859 = ADVANCED_FACE('',(#8860),#8879,.F.);
#8860 = FACE_BOUND('',#8861,.F.);
#8861 = EDGE_LOOP('',(#8862,#8863,#8870,#8877,#8878));
#8862 = ORIENTED_EDGE('',*,*,#5079,.F.);
#8863 = ORIENTED_EDGE('',*,*,#8864,.F.);
#8864 = EDGE_CURVE('',#8865,#5080,#8867,.T.);
#8865 = VERTEX_POINT('',#8866);
#8866 = CARTESIAN_POINT('',(-19.91597412837,-45.30495168499,43.));
#8867 = B_SPLINE_CURVE_WITH_KNOTS('',1,(#8868,#8869),.UNSPECIFIED.,.F.,
  .F.,(2,2),(0.,14.392304845413),.PIECEWISE_BEZIER_KNOTS.);
#8868 = CARTESIAN_POINT('',(-19.91597412837,-45.30495168499,43.));
#8869 = CARTESIAN_POINT('',(-19.91597412837,-45.30495168499,
    57.392304845413));
#8870 = ORIENTED_EDGE('',*,*,#8871,.T.);
#8871 = EDGE_CURVE('',#8865,#8865,#8872,.T.);
#8872 = CIRCLE('',#8873,13.);
#8873 = AXIS2_PLACEMENT_3D('',#8874,#8875,#8876);
#8874 = CARTESIAN_POINT('',(-32.91597412837,-45.30495168499,43.));
#8875 = DIRECTION('',(0.,0.,1.));
#8876 = DIRECTION('',(1.,0.,-0.));
#8877 = ORIENTED_EDGE('',*,*,#8864,.T.);
#8878 = ORIENTED_EDGE('',*,*,#5090,.F.);
#8879 = CYLINDRICAL_SURFACE('',#8880,13.);
#8880 = AXIS2_PLACEMENT_3D('',#8881,#8882,#8883);
#8881 = CARTESIAN_POINT('',(-32.91597412837,-45.30495168499,43.));
#8882 = DIRECTION('',(0.,0.,1.));
#8883 = DIRECTION('',(1.,0.,-0.));
#8884 = ADVANCED_FACE('',(#8885),#8904,.F.);
#8885 = FACE_BOUND('',#8886,.F.);
#8886 = EDGE_LOOP('',(#8887,#8888,#8895,#8902,#8903));
#8887 = ORIENTED_EDGE('',*,*,#5099,.F.);
#8888 = ORIENTED_EDGE('',*,*,#8889,.F.);
#8889 = EDGE_CURVE('',#8890,#5100,#8892,.T.);
#8890 = VERTEX_POINT('',#8891);
#8891 = CARTESIAN_POINT('',(45.915974128378,-45.30495168499,43.));
#8892 = B_SPLINE_CURVE_WITH_KNOTS('',1,(#8893,#8894),.UNSPECIFIED.,.F.,
  .F.,(2,2),(0.,14.392304845413),.PIECEWISE_BEZIER_KNOTS.);
#8893 = CARTESIAN_POINT('',(45.915974128378,-45.30495168499,43.));
#8894 = CARTESIAN_POINT('',(45.915974128378,-45.30495168499,
    57.392304845413));
#8895 = ORIENTED_EDGE('',*,*,#8896,.T.);
#8896 = EDGE_CURVE('',#8890,#8890,#8897,.T.);
#8897 = CIRCLE('',#8898,13.);
#8898 = AXIS2_PLACEMENT_3D('',#8899,#8900,#8901);
#8899 = CARTESIAN_POINT('',(32.915974128378,-45.30495168499,43.));
#8900 = DIRECTION('',(0.,0.,1.));
#8901 = DIRECTION('',(1.,0.,-0.));
#8902 = ORIENTED_EDGE('',*,*,#8889,.T.);
#8903 = ORIENTED_EDGE('',*,*,#5110,.F.);
#8904 = CYLINDRICAL_SURFACE('',#8905,13.);
#8905 = AXIS2_PLACEMENT_3D('',#8906,#8907,#8908);
#8906 = CARTESIAN_POINT('',(32.915974128378,-45.30495168499,43.));
#8907 = DIRECTION('',(0.,0.,1.));
#8908 = DIRECTION('',(1.,0.,-0.));
#8909 = ADVANCED_FACE('',(#8910),#8928,.F.);
#8910 = FACE_BOUND('',#8911,.F.);
#8911 = EDGE_LOOP('',(#8912,#8913,#8920,#8927));
#8912 = ORIENTED_EDGE('',*,*,#5130,.F.);
#8913 = ORIENTED_EDGE('',*,*,#8914,.F.);
#8914 = EDGE_CURVE('',#8915,#5131,#8917,.T.);
#8915 = VERTEX_POINT('',#8916);
#8916 = CARTESIAN_POINT('',(-40.25916491252,17.304951684997,43.));
#8917 = B_SPLINE_CURVE_WITH_KNOTS('',1,(#8918,#8919),.UNSPECIFIED.,.F.,
  .F.,(2,2),(0.,14.392304845413),.PIECEWISE_BEZIER_KNOTS.);
#8918 = CARTESIAN_POINT('',(-40.25916491252,17.304951684997,43.));
#8919 = CARTESIAN_POINT('',(-40.25916491252,17.304951684997,
    57.392304845413));
#8920 = ORIENTED_EDGE('',*,*,#8921,.T.);
#8921 = EDGE_CURVE('',#8915,#8915,#8922,.T.);
#8922 = CIRCLE('',#8923,13.);
#8923 = AXIS2_PLACEMENT_3D('',#8924,#8925,#8926);
#8924 = CARTESIAN_POINT('',(-53.25916491252,17.304951684997,43.));
#8925 = DIRECTION('',(0.,0.,1.));
#8926 = DIRECTION('',(1.,0.,-0.));
#8927 = ORIENTED_EDGE('',*,*,#8914,.T.);
#8928 = CYLINDRICAL_SURFACE('',#8929,13.);
#8929 = AXIS2_PLACEMENT_3D('',#8930,#8931,#8932);
#8930 = CARTESIAN_POINT('',(-53.25916491252,17.304951684997,43.));
#8931 = DIRECTION('',(0.,0.,1.));
#8932 = DIRECTION('',(1.,0.,-0.));
#8933 = ADVANCED_FACE('',(#8934),#8952,.F.);
#8934 = FACE_BOUND('',#8935,.F.);
#8935 = EDGE_LOOP('',(#8936,#8937,#8944,#8951));
#8936 = ORIENTED_EDGE('',*,*,#5141,.F.);
#8937 = ORIENTED_EDGE('',*,*,#8938,.F.);
#8938 = EDGE_CURVE('',#8939,#5142,#8941,.T.);
#8939 = VERTEX_POINT('',#8940);
#8940 = CARTESIAN_POINT('',(66.259164912529,17.304951684997,43.));
#8941 = B_SPLINE_CURVE_WITH_KNOTS('',1,(#8942,#8943),.UNSPECIFIED.,.F.,
  .F.,(2,2),(0.,14.392304845413),.PIECEWISE_BEZIER_KNOTS.);
#8942 = CARTESIAN_POINT('',(66.259164912529,17.304951684997,43.));
#8943 = CARTESIAN_POINT('',(66.259164912529,17.304951684997,
    57.392304845413));
#8944 = ORIENTED_EDGE('',*,*,#8945,.T.);
#8945 = EDGE_CURVE('',#8939,#8939,#8946,.T.);
#8946 = CIRCLE('',#8947,13.);
#8947 = AXIS2_PLACEMENT_3D('',#8948,#8949,#8950);
#8948 = CARTESIAN_POINT('',(53.259164912529,17.304951684997,43.));
#8949 = DIRECTION('',(0.,0.,1.));
#8950 = DIRECTION('',(1.,0.,-0.));
#8951 = ORIENTED_EDGE('',*,*,#8938,.T.);
#8952 = CYLINDRICAL_SURFACE('',#8953,13.);
#8953 = AXIS2_PLACEMENT_3D('',#8954,#8955,#8956);
#8954 = CARTESIAN_POINT('',(53.259164912529,17.304951684997,43.));
#8955 = DIRECTION('',(0.,0.,1.));
#8956 = DIRECTION('',(1.,0.,-0.));
#8957 = ADVANCED_FACE('',(#8958),#8978,.F.);
#8958 = FACE_BOUND('',#8959,.F.);
#8959 = EDGE_LOOP('',(#8960,#8961,#8968,#8975,#8976,#8977));
#8960 = ORIENTED_EDGE('',*,*,#5172,.F.);
#8961 = ORIENTED_EDGE('',*,*,#8962,.F.);
#8962 = EDGE_CURVE('',#8963,#5155,#8965,.T.);
#8963 = VERTEX_POINT('',#8964);
#8964 = CARTESIAN_POINT('',(13.,56.,43.));
#8965 = B_SPLINE_CURVE_WITH_KNOTS('',1,(#8966,#8967),.UNSPECIFIED.,.F.,
  .F.,(2,2),(0.,14.392304845413),.PIECEWISE_BEZIER_KNOTS.);
#8966 = CARTESIAN_POINT('',(13.,56.,43.));
#8967 = CARTESIAN_POINT('',(13.,56.,57.392304845413));
#8968 = ORIENTED_EDGE('',*,*,#8969,.T.);
#8969 = EDGE_CURVE('',#8963,#8963,#8970,.T.);
#8970 = CIRCLE('',#8971,13.);
#8971 = AXIS2_PLACEMENT_3D('',#8972,#8973,#8974);
#8972 = CARTESIAN_POINT('',(3.429011037613E-15,56.,43.));
#8973 = DIRECTION('',(0.,0.,1.));
#8974 = DIRECTION('',(1.,0.,-0.));
#8975 = ORIENTED_EDGE('',*,*,#8962,.T.);
#8976 = ORIENTED_EDGE('',*,*,#5152,.F.);
#8977 = ORIENTED_EDGE('',*,*,#5163,.F.);
#8978 = CYLINDRICAL_SURFACE('',#8979,13.);
#8979 = AXIS2_PLACEMENT_3D('',#8980,#8981,#8982);
#8980 = CARTESIAN_POINT('',(3.429011037613E-15,56.,43.));
#8981 = DIRECTION('',(0.,0.,1.));
#8982 = DIRECTION('',(1.,0.,-0.));
#8983 = ADVANCED_FACE('',(#8984,#8987),#8990,.T.);
#8984 = FACE_BOUND('',#8985,.F.);
#8985 = EDGE_LOOP('',(#8986));
#8986 = ORIENTED_EDGE('',*,*,#8871,.F.);
#8987 = FACE_BOUND('',#8988,.T.);
#8988 = EDGE_LOOP('',(#8989));
#8989 = ORIENTED_EDGE('',*,*,#8443,.F.);
#8990 = PLANE('',#8991);
#8991 = AXIS2_PLACEMENT_3D('',#8992,#8993,#8994);
#8992 = CARTESIAN_POINT('',(-32.91597412837,-45.30495168499,43.));
#8993 = DIRECTION('',(0.,0.,1.));
#8994 = DIRECTION('',(1.,0.,-0.));
#8995 = ADVANCED_FACE('',(#8996,#8999),#9002,.T.);
#8996 = FACE_BOUND('',#8997,.F.);
#8997 = EDGE_LOOP('',(#8998));
#8998 = ORIENTED_EDGE('',*,*,#8896,.F.);
#8999 = FACE_BOUND('',#9000,.T.);
#9000 = EDGE_LOOP('',(#9001));
#9001 = ORIENTED_EDGE('',*,*,#8485,.F.);
#9002 = PLANE('',#9003);
#9003 = AXIS2_PLACEMENT_3D('',#9004,#9005,#9006);
#9004 = CARTESIAN_POINT('',(32.915974128378,-45.30495168499,43.));
#9005 = DIRECTION('',(0.,0.,1.));
#9006 = DIRECTION('',(1.,0.,-0.));
#9007 = ADVANCED_FACE('',(#9008,#9011),#9014,.T.);
#9008 = FACE_BOUND('',#9009,.F.);
#9009 = EDGE_LOOP('',(#9010));
#9010 = ORIENTED_EDGE('',*,*,#8921,.F.);
#9011 = FACE_BOUND('',#9012,.T.);
#9012 = EDGE_LOOP('',(#9013));
#9013 = ORIENTED_EDGE('',*,*,#8510,.F.);
#9014 = PLANE('',#9015);
#9015 = AXIS2_PLACEMENT_3D('',#9016,#9017,#9018);
#9016 = CARTESIAN_POINT('',(-53.25916491252,17.304951684997,43.));
#9017 = DIRECTION('',(0.,0.,1.));
#9018 = DIRECTION('',(1.,0.,-0.));
#9019 = ADVANCED_FACE('',(#9020,#9023),#9026,.T.);
#9020 = FACE_BOUND('',#9021,.F.);
#9021 = EDGE_LOOP('',(#9022));
#9022 = ORIENTED_EDGE('',*,*,#8969,.F.);
#9023 = FACE_BOUND('',#9024,.T.);
#9024 = EDGE_LOOP('',(#9025));
#9025 = ORIENTED_EDGE('',*,*,#8535,.F.);
#9026 = PLANE('',#9027);
#9027 = AXIS2_PLACEMENT_3D('',#9028,#9029,#9030);
#9028 = CARTESIAN_POINT('',(3.429011037613E-15,56.,43.));
#9029 = DIRECTION('',(0.,0.,1.));
#9030 = DIRECTION('',(1.,0.,-0.));
#9031 = ADVANCED_FACE('',(#9032,#9035),#9038,.T.);
#9032 = FACE_BOUND('',#9033,.F.);
#9033 = EDGE_LOOP('',(#9034));
#9034 = ORIENTED_EDGE('',*,*,#8945,.F.);
#9035 = FACE_BOUND('',#9036,.T.);
#9036 = EDGE_LOOP('',(#9037));
#9037 = ORIENTED_EDGE('',*,*,#8560,.F.);
#9038 = PLANE('',#9039);
#9039 = AXIS2_PLACEMENT_3D('',#9040,#9041,#9042);
#9040 = CARTESIAN_POINT('',(53.259164912529,17.304951684997,43.));
#9041 = DIRECTION('',(0.,0.,1.));
#9042 = DIRECTION('',(1.,0.,-0.));
#9043 = ( GEOMETRIC_REPRESENTATION_CONTEXT(3) 
GLOBAL_UNCERTAINTY_ASSIGNED_CONTEXT((#9047)) 
GLOBAL_UNIT_ASSIGNED_CONTEXT((#9044,#9045,#9046)) REPRESENTATION_CONTEXT
('Context #1','3D Context with UNIT and UNCERTAINTY') );
#9044 = ( LENGTH_UNIT() NAMED_UNIT(*) SI_UNIT(.MILLI.,.METRE.) );
#9045 = ( NAMED_UNIT(*) PLANE_ANGLE_UNIT() SI_UNIT($,.RADIAN.) );
#9046 = ( NAMED_UNIT(*) SI_UNIT($,.STERADIAN.) SOLID_ANGLE_UNIT() );
#9047 = UNCERTAINTY_MEASURE_WITH_UNIT(LENGTH_MEASURE(1.E-05),#9044,
  'distance_accuracy_value','confusion accuracy');
#9048 = PRODUCT_RELATED_PRODUCT_CATEGORY('part',$,(#7));
ENDSEC;
END-ISO-10303-21;
