ISO-10303-21;
HEADER;
FILE_DESCRIPTION(('FreeCAD Model'),'2;1');
FILE_NAME('Open CASCADE Shape Model','2026-09-26T21:29:26',('FreeCAD'),(
    'FreeCAD'),'Open CASCADE STEP processor 7.8','FreeCAD','Unknown');
FILE_SCHEMA(('AUTOMOTIVE_DESIGN { 1 0 10303 214 1 1 1 1 }'));
ENDSEC;
DATA;
#1 = APPLICATION_PROTOCOL_DEFINITION('international standard',
  'automotive_design',2000,#2);
#2 = APPLICATION_CONTEXT(
  'core data for automotive mechanical design processes');
#3 = SHAPE_DEFINITION_REPRESENTATION(#4,#10);
#4 = PRODUCT_DEFINITION_SHAPE('','',#5);
#5 = PRODUCT_DEFINITION('design','',#6,#9);
#6 = PRODUCT_DEFINITION_FORMATION('','',#7);
#7 = PRODUCT('Open CASCADE STEP translator 7.8 5',
  'Open CASCADE STEP translator 7.8 5','',(#8));
#8 = PRODUCT_CONTEXT('',#2,'mechanical');
#9 = PRODUCT_DEFINITION_CONTEXT('part definition',#2,'design');
#10 = SHAPE_REPRESENTATION('',(#11,#15,#287,#9315,#9602),#10253);
#11 = AXIS2_PLACEMENT_3D('',#12,#13,#14);
#12 = CARTESIAN_POINT('',(0.,0.,0.));
#13 = DIRECTION('',(0.,0.,1.));
#14 = DIRECTION('',(1.,0.,-0.));
#15 = MANIFOLD_SOLID_BREP('',#16);
#16 = CLOSED_SHELL('',(#17,#50,#70,#90,#115,#140,#160,#180,#205,#230,
    #250,#270));
#17 = ADVANCED_FACE('',(#18),#45,.T.);
#18 = FACE_BOUND('',#19,.T.);
#19 = EDGE_LOOP('',(#20,#29,#37,#44));
#20 = ORIENTED_EDGE('',*,*,#21,.F.);
#21 = EDGE_CURVE('',#22,#22,#24,.T.);
#22 = VERTEX_POINT('',#23);
#23 = CARTESIAN_POINT('',(215.9,-5.288024878718E-14,92.25));
#24 = CIRCLE('',#25,215.9);
#25 = AXIS2_PLACEMENT_3D('',#26,#27,#28);
#26 = CARTESIAN_POINT('',(0.,0.,92.25));
#27 = DIRECTION('',(0.,0.,1.));
#28 = DIRECTION('',(1.,0.,-0.));
#29 = ORIENTED_EDGE('',*,*,#30,.F.);
#30 = EDGE_CURVE('',#31,#22,#33,.T.);
#31 = VERTEX_POINT('',#32);
#32 = CARTESIAN_POINT('',(215.9,-5.288024878718E-14,-92.25));
#33 = LINE('',#34,#35);
#34 = CARTESIAN_POINT('',(215.9,-5.288024878718E-14,-95.25));
#35 = VECTOR('',#36,1.);
#36 = DIRECTION('',(0.,0.,1.));
#37 = ORIENTED_EDGE('',*,*,#38,.T.);
#38 = EDGE_CURVE('',#31,#31,#39,.T.);
#39 = CIRCLE('',#40,215.9);
#40 = AXIS2_PLACEMENT_3D('',#41,#42,#43);
#41 = CARTESIAN_POINT('',(0.,0.,-92.25));
#42 = DIRECTION('',(0.,0.,1.));
#43 = DIRECTION('',(1.,0.,-0.));
#44 = ORIENTED_EDGE('',*,*,#30,.T.);
#45 = CYLINDRICAL_SURFACE('',#46,215.9);
#46 = AXIS2_PLACEMENT_3D('',#47,#48,#49);
#47 = CARTESIAN_POINT('',(0.,0.,-95.25));
#48 = DIRECTION('',(0.,0.,1.));
#49 = DIRECTION('',(1.,0.,-0.));
#50 = ADVANCED_FACE('',(#51,#62),#65,.F.);
#51 = FACE_BOUND('',#52,.F.);
#52 = EDGE_LOOP('',(#53));
#53 = ORIENTED_EDGE('',*,*,#54,.T.);
#54 = EDGE_CURVE('',#55,#55,#57,.T.);
#55 = VERTEX_POINT('',#56);
#56 = CARTESIAN_POINT('',(226.9,-5.557447174531E-14,92.25));
#57 = CIRCLE('',#58,226.9);
#58 = AXIS2_PLACEMENT_3D('',#59,#60,#61);
#59 = CARTESIAN_POINT('',(0.,0.,92.25));
#60 = DIRECTION('',(0.,0.,1.));
#61 = DIRECTION('',(1.,0.,-0.));
#62 = FACE_BOUND('',#63,.F.);
#63 = EDGE_LOOP('',(#64));
#64 = ORIENTED_EDGE('',*,*,#21,.F.);
#65 = PLANE('',#66);
#66 = AXIS2_PLACEMENT_3D('',#67,#68,#69);
#67 = CARTESIAN_POINT('',(0.,0.,92.25));
#68 = DIRECTION('',(0.,0.,1.));
#69 = DIRECTION('',(1.,0.,-0.));
#70 = ADVANCED_FACE('',(#71,#82),#85,.T.);
#71 = FACE_BOUND('',#72,.T.);
#72 = EDGE_LOOP('',(#73));
#73 = ORIENTED_EDGE('',*,*,#74,.T.);
#74 = EDGE_CURVE('',#75,#75,#77,.T.);
#75 = VERTEX_POINT('',#76);
#76 = CARTESIAN_POINT('',(226.9,-5.557447174531E-14,-92.25));
#77 = CIRCLE('',#78,226.9);
#78 = AXIS2_PLACEMENT_3D('',#79,#80,#81);
#79 = CARTESIAN_POINT('',(0.,0.,-92.25));
#80 = DIRECTION('',(0.,0.,1.));
#81 = DIRECTION('',(1.,0.,-0.));
#82 = FACE_BOUND('',#83,.T.);
#83 = EDGE_LOOP('',(#84));
#84 = ORIENTED_EDGE('',*,*,#38,.F.);
#85 = PLANE('',#86);
#86 = AXIS2_PLACEMENT_3D('',#87,#88,#89);
#87 = CARTESIAN_POINT('',(0.,0.,-92.25));
#88 = DIRECTION('',(0.,0.,1.));
#89 = DIRECTION('',(1.,0.,-0.));
#90 = ADVANCED_FACE('',(#91),#110,.T.);
#91 = FACE_BOUND('',#92,.T.);
#92 = EDGE_LOOP('',(#93,#102,#108,#109));
#93 = ORIENTED_EDGE('',*,*,#94,.F.);
#94 = EDGE_CURVE('',#95,#95,#97,.T.);
#95 = VERTEX_POINT('',#96);
#96 = CARTESIAN_POINT('',(226.9,-5.557447174531E-14,106.25));
#97 = CIRCLE('',#98,226.9);
#98 = AXIS2_PLACEMENT_3D('',#99,#100,#101);
#99 = CARTESIAN_POINT('',(0.,0.,106.25));
#100 = DIRECTION('',(0.,0.,1.));
#101 = DIRECTION('',(1.,0.,-0.));
#102 = ORIENTED_EDGE('',*,*,#103,.F.);
#103 = EDGE_CURVE('',#55,#95,#104,.T.);
#104 = LINE('',#105,#106);
#105 = CARTESIAN_POINT('',(226.9,-5.557447174531E-14,92.25));
#106 = VECTOR('',#107,1.);
#107 = DIRECTION('',(0.,0.,1.));
#108 = ORIENTED_EDGE('',*,*,#54,.T.);
#109 = ORIENTED_EDGE('',*,*,#103,.T.);
#110 = CYLINDRICAL_SURFACE('',#111,226.9);
#111 = AXIS2_PLACEMENT_3D('',#112,#113,#114);
#112 = CARTESIAN_POINT('',(0.,0.,92.25));
#113 = DIRECTION('',(0.,0.,1.));
#114 = DIRECTION('',(1.,0.,-0.));
#115 = ADVANCED_FACE('',(#116),#135,.T.);
#116 = FACE_BOUND('',#117,.T.);
#117 = EDGE_LOOP('',(#118,#119,#127,#134));
#118 = ORIENTED_EDGE('',*,*,#74,.F.);
#119 = ORIENTED_EDGE('',*,*,#120,.F.);
#120 = EDGE_CURVE('',#121,#75,#123,.T.);
#121 = VERTEX_POINT('',#122);
#122 = CARTESIAN_POINT('',(226.9,-5.557447174531E-14,-106.25));
#123 = LINE('',#124,#125);
#124 = CARTESIAN_POINT('',(226.9,-5.557447174531E-14,-106.25));
#125 = VECTOR('',#126,1.);
#126 = DIRECTION('',(0.,0.,1.));
#127 = ORIENTED_EDGE('',*,*,#128,.T.);
#128 = EDGE_CURVE('',#121,#121,#129,.T.);
#129 = CIRCLE('',#130,226.9);
#130 = AXIS2_PLACEMENT_3D('',#131,#132,#133);
#131 = CARTESIAN_POINT('',(0.,0.,-106.25));
#132 = DIRECTION('',(0.,0.,1.));
#133 = DIRECTION('',(1.,0.,-0.));
#134 = ORIENTED_EDGE('',*,*,#120,.T.);
#135 = CYLINDRICAL_SURFACE('',#136,226.9);
#136 = AXIS2_PLACEMENT_3D('',#137,#138,#139);
#137 = CARTESIAN_POINT('',(0.,0.,-106.25));
#138 = DIRECTION('',(0.,0.,1.));
#139 = DIRECTION('',(1.,0.,-0.));
#140 = ADVANCED_FACE('',(#141,#144),#155,.T.);
#141 = FACE_BOUND('',#142,.T.);
#142 = EDGE_LOOP('',(#143));
#143 = ORIENTED_EDGE('',*,*,#94,.T.);
#144 = FACE_BOUND('',#145,.T.);
#145 = EDGE_LOOP('',(#146));
#146 = ORIENTED_EDGE('',*,*,#147,.F.);
#147 = EDGE_CURVE('',#148,#148,#150,.T.);
#148 = VERTEX_POINT('',#149);
#149 = CARTESIAN_POINT('',(209.91,-5.14131219218E-14,106.25));
#150 = CIRCLE('',#151,209.91);
#151 = AXIS2_PLACEMENT_3D('',#152,#153,#154);
#152 = CARTESIAN_POINT('',(0.,0.,106.25));
#153 = DIRECTION('',(0.,0.,1.));
#154 = DIRECTION('',(1.,0.,-0.));
#155 = PLANE('',#156);
#156 = AXIS2_PLACEMENT_3D('',#157,#158,#159);
#157 = CARTESIAN_POINT('',(0.,0.,106.25));
#158 = DIRECTION('',(0.,0.,1.));
#159 = DIRECTION('',(1.,0.,-0.));
#160 = ADVANCED_FACE('',(#161,#164),#175,.F.);
#161 = FACE_BOUND('',#162,.F.);
#162 = EDGE_LOOP('',(#163));
#163 = ORIENTED_EDGE('',*,*,#128,.T.);
#164 = FACE_BOUND('',#165,.F.);
#165 = EDGE_LOOP('',(#166));
#166 = ORIENTED_EDGE('',*,*,#167,.F.);
#167 = EDGE_CURVE('',#168,#168,#170,.T.);
#168 = VERTEX_POINT('',#169);
#169 = CARTESIAN_POINT('',(209.91,-5.14131219218E-14,-106.25));
#170 = CIRCLE('',#171,209.91);
#171 = AXIS2_PLACEMENT_3D('',#172,#173,#174);
#172 = CARTESIAN_POINT('',(0.,0.,-106.25));
#173 = DIRECTION('',(0.,0.,1.));
#174 = DIRECTION('',(1.,0.,-0.));
#175 = PLANE('',#176);
#176 = AXIS2_PLACEMENT_3D('',#177,#178,#179);
#177 = CARTESIAN_POINT('',(0.,0.,-106.25));
#178 = DIRECTION('',(0.,0.,1.));
#179 = DIRECTION('',(1.,0.,-0.));
#180 = ADVANCED_FACE('',(#181),#200,.F.);
#181 = FACE_BOUND('',#182,.F.);
#182 = EDGE_LOOP('',(#183,#191,#192,#193));
#183 = ORIENTED_EDGE('',*,*,#184,.T.);
#184 = EDGE_CURVE('',#185,#148,#187,.T.);
#185 = VERTEX_POINT('',#186);
#186 = CARTESIAN_POINT('',(209.91,-5.14131219218E-14,95.25));
#187 = LINE('',#188,#189);
#188 = CARTESIAN_POINT('',(209.91,-5.14131219218E-14,90.25));
#189 = VECTOR('',#190,1.);
#190 = DIRECTION('',(0.,0.,1.));
#191 = ORIENTED_EDGE('',*,*,#147,.F.);
#192 = ORIENTED_EDGE('',*,*,#184,.F.);
#193 = ORIENTED_EDGE('',*,*,#194,.T.);
#194 = EDGE_CURVE('',#185,#185,#195,.T.);
#195 = CIRCLE('',#196,209.91);
#196 = AXIS2_PLACEMENT_3D('',#197,#198,#199);
#197 = CARTESIAN_POINT('',(0.,0.,95.25));
#198 = DIRECTION('',(0.,0.,1.));
#199 = DIRECTION('',(1.,0.,-0.));
#200 = CYLINDRICAL_SURFACE('',#201,209.91);
#201 = AXIS2_PLACEMENT_3D('',#202,#203,#204);
#202 = CARTESIAN_POINT('',(0.,0.,90.25));
#203 = DIRECTION('',(0.,0.,1.));
#204 = DIRECTION('',(1.,0.,-0.));
#205 = ADVANCED_FACE('',(#206),#225,.F.);
#206 = FACE_BOUND('',#207,.F.);
#207 = EDGE_LOOP('',(#208,#217,#223,#224));
#208 = ORIENTED_EDGE('',*,*,#209,.F.);
#209 = EDGE_CURVE('',#210,#210,#212,.T.);
#210 = VERTEX_POINT('',#211);
#211 = CARTESIAN_POINT('',(209.91,-5.14131219218E-14,-95.25));
#212 = CIRCLE('',#213,209.91);
#213 = AXIS2_PLACEMENT_3D('',#214,#215,#216);
#214 = CARTESIAN_POINT('',(0.,0.,-95.25));
#215 = DIRECTION('',(0.,0.,1.));
#216 = DIRECTION('',(1.,0.,-0.));
#217 = ORIENTED_EDGE('',*,*,#218,.F.);
#218 = EDGE_CURVE('',#168,#210,#219,.T.);
#219 = LINE('',#220,#221);
#220 = CARTESIAN_POINT('',(209.91,-5.14131219218E-14,-108.25));
#221 = VECTOR('',#222,1.);
#222 = DIRECTION('',(0.,0.,1.));
#223 = ORIENTED_EDGE('',*,*,#167,.T.);
#224 = ORIENTED_EDGE('',*,*,#218,.T.);
#225 = CYLINDRICAL_SURFACE('',#226,209.91);
#226 = AXIS2_PLACEMENT_3D('',#227,#228,#229);
#227 = CARTESIAN_POINT('',(0.,0.,-108.25));
#228 = DIRECTION('',(0.,0.,1.));
#229 = DIRECTION('',(1.,0.,-0.));
#230 = ADVANCED_FACE('',(#231,#234),#245,.T.);
#231 = FACE_BOUND('',#232,.T.);
#232 = EDGE_LOOP('',(#233));
#233 = ORIENTED_EDGE('',*,*,#194,.T.);
#234 = FACE_BOUND('',#235,.T.);
#235 = EDGE_LOOP('',(#236));
#236 = ORIENTED_EDGE('',*,*,#237,.F.);
#237 = EDGE_CURVE('',#238,#238,#240,.T.);
#238 = VERTEX_POINT('',#239);
#239 = CARTESIAN_POINT('',(209.9,-5.141067262821E-14,95.25));
#240 = CIRCLE('',#241,209.9);
#241 = AXIS2_PLACEMENT_3D('',#242,#243,#244);
#242 = CARTESIAN_POINT('',(0.,0.,95.25));
#243 = DIRECTION('',(0.,0.,1.));
#244 = DIRECTION('',(1.,0.,-0.));
#245 = PLANE('',#246);
#246 = AXIS2_PLACEMENT_3D('',#247,#248,#249);
#247 = CARTESIAN_POINT('',(0.,0.,95.25));
#248 = DIRECTION('',(0.,0.,1.));
#249 = DIRECTION('',(1.,0.,-0.));
#250 = ADVANCED_FACE('',(#251,#254),#265,.F.);
#251 = FACE_BOUND('',#252,.F.);
#252 = EDGE_LOOP('',(#253));
#253 = ORIENTED_EDGE('',*,*,#209,.T.);
#254 = FACE_BOUND('',#255,.F.);
#255 = EDGE_LOOP('',(#256));
#256 = ORIENTED_EDGE('',*,*,#257,.F.);
#257 = EDGE_CURVE('',#258,#258,#260,.T.);
#258 = VERTEX_POINT('',#259);
#259 = CARTESIAN_POINT('',(209.9,-5.141067262821E-14,-95.25));
#260 = CIRCLE('',#261,209.9);
#261 = AXIS2_PLACEMENT_3D('',#262,#263,#264);
#262 = CARTESIAN_POINT('',(0.,0.,-95.25));
#263 = DIRECTION('',(0.,0.,1.));
#264 = DIRECTION('',(1.,0.,-0.));
#265 = PLANE('',#266);
#266 = AXIS2_PLACEMENT_3D('',#267,#268,#269);
#267 = CARTESIAN_POINT('',(0.,0.,-95.25));
#268 = DIRECTION('',(0.,0.,1.));
#269 = DIRECTION('',(1.,0.,-0.));
#270 = ADVANCED_FACE('',(#271),#282,.F.);
#271 = FACE_BOUND('',#272,.F.);
#272 = EDGE_LOOP('',(#273,#274,#280,#281));
#273 = ORIENTED_EDGE('',*,*,#237,.F.);
#274 = ORIENTED_EDGE('',*,*,#275,.F.);
#275 = EDGE_CURVE('',#258,#238,#276,.T.);
#276 = LINE('',#277,#278);
#277 = CARTESIAN_POINT('',(209.9,-5.141067262821E-14,-97.25));
#278 = VECTOR('',#279,1.);
#279 = DIRECTION('',(0.,0.,1.));
#280 = ORIENTED_EDGE('',*,*,#257,.T.);
#281 = ORIENTED_EDGE('',*,*,#275,.T.);
#282 = CYLINDRICAL_SURFACE('',#283,209.9);
#283 = AXIS2_PLACEMENT_3D('',#284,#285,#286);
#284 = CARTESIAN_POINT('',(0.,0.,-97.25));
#285 = DIRECTION('',(0.,0.,1.));
#286 = DIRECTION('',(1.,0.,-0.));
#287 = MANIFOLD_SOLID_BREP('',#288);
#288 = CLOSED_SHELL('',(#289,#355,#629,#689,#860,#2241,#2371,#2410,#2561
    ,#3161,#3270,#3365,#3396,#3536,#3553,#3641,#3688,#3818,#3856,#3974,
    #4021,#4151,#4189,#4307,#4354,#4484,#4522,#4640,#4687,#4817,#4855,
    #4973,#5020,#5150,#5188,#5306,#5344,#5455,#5513,#5544,#5639,#5760,
    #5907,#5919,#6049,#6087,#6314,#6460,#6590,#6787,#6825,#6971,#7198,
    #7328,#7474,#7512,#7642,#7869,#7907,#8053,#8280,#8410,#8556,#8594,
    #8703,#8728,#8745,#8770,#8795,#8820,#8845,#8858,#8871,#8889,#8910,
    #8923,#8941,#8962,#8975,#8993,#9014,#9027,#9045,#9066,#9079,#9097,
    #9118,#9131,#9156,#9181,#9205,#9229,#9255,#9267,#9279,#9291,#9303));
#289 = ADVANCED_FACE('',(#290),#350,.T.);
#290 = FACE_BOUND('',#291,.T.);
#291 = EDGE_LOOP('',(#292,#303,#313,#323,#332,#342));
#292 = ORIENTED_EDGE('',*,*,#293,.T.);
#293 = EDGE_CURVE('',#294,#296,#298,.T.);
#294 = VERTEX_POINT('',#295);
#295 = CARTESIAN_POINT('',(49.570407203409,-60.22270941836,43.));
#296 = VERTEX_POINT('',#297);
#297 = CARTESIAN_POINT('',(69.743253666671,-34.92676005567,43.));
#298 = CIRCLE('',#299,78.);
#299 = AXIS2_PLACEMENT_3D('',#300,#301,#302);
#300 = CARTESIAN_POINT('',(0.,0.,43.));
#301 = DIRECTION('',(0.,0.,1.));
#302 = DIRECTION('',(1.,0.,-0.));
#303 = ORIENTED_EDGE('',*,*,#304,.T.);
#304 = EDGE_CURVE('',#296,#305,#307,.T.);
#305 = VERTEX_POINT('',#306);
#306 = CARTESIAN_POINT('',(69.743253666671,-34.92676005567,
    44.935542086678));
#307 = B_SPLINE_CURVE_WITH_KNOTS('',4,(#308,#309,#310,#311,#312),
  .UNSPECIFIED.,.F.,.F.,(5,5),(0.,1.),.PIECEWISE_BEZIER_KNOTS.);
#308 = CARTESIAN_POINT('',(69.743253666671,-34.92676005567,42.9999994));
#309 = CARTESIAN_POINT('',(69.743253666671,-34.92676005567,
    43.48388522167));
#310 = CARTESIAN_POINT('',(69.743253666671,-34.92676005567,
    43.967771043339));
#311 = CARTESIAN_POINT('',(69.743253666671,-34.92676005567,
    44.451656865009));
#312 = CARTESIAN_POINT('',(69.743253666671,-34.92676005567,
    44.935542686678));
#313 = ORIENTED_EDGE('',*,*,#314,.T.);
#314 = EDGE_CURVE('',#305,#315,#317,.T.);
#315 = VERTEX_POINT('',#316);
#316 = CARTESIAN_POINT('',(69.743374929256,-34.92651791228,45.));
#317 = B_SPLINE_CURVE_WITH_KNOTS('',4,(#318,#319,#320,#321,#322),
  .UNSPECIFIED.,.F.,.F.,(5,5),(0.,1.),.PIECEWISE_BEZIER_KNOTS.);
#318 = CARTESIAN_POINT('',(69.743253666671,-34.92676005567,
    44.935542086678));
#319 = CARTESIAN_POINT('',(69.743253666671,-34.92676005567,
    44.951630579922));
#320 = CARTESIAN_POINT('',(69.743273811398,-34.92671982981,
    44.967736641404));
#321 = CARTESIAN_POINT('',(69.74331420034,-34.92663917944,
    44.983860055065));
#322 = CARTESIAN_POINT('',(69.743374931514,-34.92651790777,45.0000006));
#323 = ORIENTED_EDGE('',*,*,#324,.F.);
#324 = EDGE_CURVE('',#325,#315,#327,.T.);
#325 = VERTEX_POINT('',#326);
#326 = CARTESIAN_POINT('',(49.570198114529,-60.22288152261,45.));
#327 = CIRCLE('',#328,78.);
#328 = AXIS2_PLACEMENT_3D('',#329,#330,#331);
#329 = CARTESIAN_POINT('',(0.,0.,45.));
#330 = DIRECTION('',(0.,0.,1.));
#331 = DIRECTION('',(1.,0.,-0.));
#332 = ORIENTED_EDGE('',*,*,#333,.T.);
#333 = EDGE_CURVE('',#325,#334,#336,.T.);
#334 = VERTEX_POINT('',#335);
#335 = CARTESIAN_POINT('',(49.570407203409,-60.22270941836,
    44.935542086678));
#336 = B_SPLINE_CURVE_WITH_KNOTS('',4,(#337,#338,#339,#340,#341),
  .UNSPECIFIED.,.F.,.F.,(5,5),(0.,1.),.PIECEWISE_BEZIER_KNOTS.);
#337 = CARTESIAN_POINT('',(49.570198110636,-60.22288152581,45.0000006));
#338 = CARTESIAN_POINT('',(49.570302827811,-60.22279533181,
    44.983860055065));
#339 = CARTESIAN_POINT('',(49.570372468723,-60.22273800911,
    44.967736641404));
#340 = CARTESIAN_POINT('',(49.570407203409,-60.22270941836,
    44.95163057992));
#341 = CARTESIAN_POINT('',(49.570407203409,-60.22270941836,
    44.935542086678));
#342 = ORIENTED_EDGE('',*,*,#343,.T.);
#343 = EDGE_CURVE('',#334,#294,#344,.T.);
#344 = B_SPLINE_CURVE_WITH_KNOTS('',4,(#345,#346,#347,#348,#349),
  .UNSPECIFIED.,.F.,.F.,(5,5),(0.,1.),.PIECEWISE_BEZIER_KNOTS.);
#345 = CARTESIAN_POINT('',(49.570407203409,-60.22270941836,
    44.935542686678));
#346 = CARTESIAN_POINT('',(49.570407203409,-60.22270941836,
    44.451656865009));
#347 = CARTESIAN_POINT('',(49.570407203409,-60.22270941836,
    43.967771043339));
#348 = CARTESIAN_POINT('',(49.570407203409,-60.22270941836,
    43.48388522167));
#349 = CARTESIAN_POINT('',(49.570407203409,-60.22270941836,42.9999994));
#350 = CYLINDRICAL_SURFACE('',#351,78.);
#351 = AXIS2_PLACEMENT_3D('',#352,#353,#354);
#352 = CARTESIAN_POINT('',(0.,0.,35.));
#353 = DIRECTION('',(0.,0.,1.));
#354 = DIRECTION('',(1.,0.,-0.));
#355 = ADVANCED_FACE('',(#356),#624,.T.);
#356 = FACE_BOUND('',#357,.F.);
#357 = EDGE_LOOP('',(#358,#368,#369,#379,#498,#507));
#358 = ORIENTED_EDGE('',*,*,#359,.F.);
#359 = EDGE_CURVE('',#294,#360,#362,.T.);
#360 = VERTEX_POINT('',#361);
#361 = CARTESIAN_POINT('',(49.570302752767,-60.22246298137,
    42.935919218387));
#362 = B_SPLINE_CURVE_WITH_KNOTS('',4,(#363,#364,#365,#366,#367),
  .UNSPECIFIED.,.F.,.F.,(5,5),(0.,1.),.PIECEWISE_BEZIER_KNOTS.);
#363 = CARTESIAN_POINT('',(49.570407203409,-60.22270941836,43.));
#364 = CARTESIAN_POINT('',(49.570407203409,-60.22270941836,
    42.983979333698));
#365 = CARTESIAN_POINT('',(49.570389794228,-60.22266834378,
    42.967958818826));
#366 = CARTESIAN_POINT('',(49.570354976604,-60.22258619636,
    42.951938549127));
#367 = CARTESIAN_POINT('',(49.570302750811,-60.22246297676,
    42.935918618421));
#368 = ORIENTED_EDGE('',*,*,#293,.T.);
#369 = ORIENTED_EDGE('',*,*,#370,.F.);
#370 = EDGE_CURVE('',#371,#296,#373,.T.);
#371 = VERTEX_POINT('',#372);
#372 = CARTESIAN_POINT('',(69.742990165926,-34.92671306121,
    42.935919218387));
#373 = B_SPLINE_CURVE_WITH_KNOTS('',4,(#374,#375,#376,#377,#378),
  .UNSPECIFIED.,.F.,.F.,(5,5),(0.,1.),.PIECEWISE_BEZIER_KNOTS.);
#374 = CARTESIAN_POINT('',(69.742990160992,-34.92671306033,
    42.935918618421));
#375 = CARTESIAN_POINT('',(69.743121912553,-34.92673655777,
    42.951938549096));
#376 = CARTESIAN_POINT('',(69.74320974801,-34.92675222292,
    42.967958818862));
#377 = CARTESIAN_POINT('',(69.743253666671,-34.92676005567,
    42.983979333585));
#378 = CARTESIAN_POINT('',(69.743253666671,-34.92676005567,43.));
#379 = ORIENTED_EDGE('',*,*,#380,.T.);
#380 = EDGE_CURVE('',#371,#381,#383,.T.);
#381 = VERTEX_POINT('',#382);
#382 = CARTESIAN_POINT('',(64.78909017174,-26.50233564647,35.));
#383 = B_SPLINE_CURVE_WITH_KNOTS('',8,(#384,#385,#386,#387,#388,#389,
    #390,#391,#392,#393,#394,#395,#396,#397,#398,#399,#400,#401,#402,
    #403,#404,#405,#406,#407,#408,#409,#410,#411,#412,#413,#414,#415,
    #416,#417,#418,#419,#420,#421,#422,#423,#424,#425,#426,#427,#428,
    #429,#430,#431,#432,#433,#434,#435,#436,#437,#438,#439,#440,#441,
    #442,#443,#444,#445,#446,#447,#448,#449,#450,#451,#452,#453,#454,
    #455,#456,#457,#458,#459,#460,#461,#462,#463,#464,#465,#466,#467,
    #468,#469,#470,#471,#472,#473,#474,#475,#476,#477,#478,#479,#480,
    #481,#482,#483,#484,#485,#486,#487,#488,#489,#490,#491,#492,#493,
    #494,#495,#496,#497),.UNSPECIFIED.,.F.,.F.,(9,7,7,7,7,7,7,7,7,7,7,7,
    7,7,7,7,9),(0.,0.106991883795,0.214175378111,0.319846282916,
    0.422847325799,0.52449744428,0.626023471327,0.728515848075,
    0.832679324343,0.890287816522,0.946887875191,0.970772527995,
    0.984448479132,0.992164730063,0.996269955091,0.998520299417,1.),
  .UNSPECIFIED.);
#384 = CARTESIAN_POINT('',(69.742990165926,-34.92671306121,
    42.935919218387));
#385 = CARTESIAN_POINT('',(69.741803962308,-34.92650150584,
    42.791685044428));
#386 = CARTESIAN_POINT('',(69.738944210987,-34.92297244768,
    42.646242184919));
#387 = CARTESIAN_POINT('',(69.73436165577,-34.91602745473,
    42.499680448094));
#388 = CARTESIAN_POINT('',(69.728008402948,-34.90557144493,
    42.352097051157));
#389 = CARTESIAN_POINT('',(69.719838324401,-34.89151358843,
    42.203596420301));
#390 = CARTESIAN_POINT('',(69.709807460699,-34.87376820989,
    42.054289990714));
#391 = CARTESIAN_POINT('',(69.697874424211,-34.85225569068,
    41.904296006601));
#392 = CARTESIAN_POINT('',(69.67010233409,-34.80150564863,
    41.602913005562));
#393 = CARTESIAN_POINT('',(69.65425632873,-34.77225437417,
    41.451521951304));
#394 = CARTESIAN_POINT('',(69.636424159225,-34.73907646114,
    41.299691493145));
#395 = CARTESIAN_POINT('',(69.616570228164,-34.70190591388,
    41.147553603847));
#396 = CARTESIAN_POINT('',(69.594662356889,-34.66068465973,
    40.995246261698));
#397 = CARTESIAN_POINT('',(69.570672174763,-34.61536338104,
    40.842912818003));
#398 = CARTESIAN_POINT('',(69.544575508427,-34.56590234708,
    40.690701364575));
#399 = CARTESIAN_POINT('',(69.48852831721,-34.45939898101,
    40.388970999271));
#400 = CARTESIAN_POINT('',(69.458637376259,-34.40247349025,
    40.239444353896));
#401 = CARTESIAN_POINT('',(69.426661117194,-34.34146752598,
    40.090329854262));
#402 = CARTESIAN_POINT('',(69.392585070406,-34.2763627463,
    39.941776971593));
#403 = CARTESIAN_POINT('',(69.356399356928,-34.20715114876,
    39.793938020479));
#404 = CARTESIAN_POINT('',(69.318098917678,-34.13383550403,
    39.64696722017));
#405 = CARTESIAN_POINT('',(69.277683742689,-34.05642978944,
    39.501019755876));
#406 = CARTESIAN_POINT('',(69.193708877898,-33.89554786635,
    39.215139629436));
#407 = CARTESIAN_POINT('',(69.150254428081,-33.81227442748,
    39.075148105884));
#408 = CARTESIAN_POINT('',(69.104800527309,-33.72516280128,
    38.936419953731));
#409 = CARTESIAN_POINT('',(69.057356722707,-33.6342469873,
    38.799098745938));
#410 = CARTESIAN_POINT('',(69.007937320874,-33.53957139382,
    38.663326997605));
#411 = CARTESIAN_POINT('',(68.956561376634,-33.44119074228,
    38.529245219467));
#412 = CARTESIAN_POINT('',(68.903252681797,-33.33916997163,
    38.396990971387));
#413 = CARTESIAN_POINT('',(68.793550978818,-33.12938313947,
    38.138113736877));
#414 = CARTESIAN_POINT('',(68.737207582276,-33.0217099483,
    38.011439593579));
#415 = CARTESIAN_POINT('',(68.679036845331,-32.91063648586,
    37.886804012096));
#416 = CARTESIAN_POINT('',(68.61907052775,-32.79624421178,
    37.764331700818));
#417 = CARTESIAN_POINT('',(68.55734459682,-32.67862356947,
    37.644142790047));
#418 = CARTESIAN_POINT('',(68.493898956145,-32.55787342695,
    37.526352071648));
#419 = CARTESIAN_POINT('',(68.428777174444,-32.43410051757,
    37.411068238707));
#420 = CARTESIAN_POINT('',(68.295356741835,-32.18089189321,
    37.185855562084));
#421 = CARTESIAN_POINT('',(68.227062068597,-32.05146324437,
    37.075920323915));
#422 = CARTESIAN_POINT('',(68.157188797657,-31.91924637742,
    36.96868901724));
#423 = CARTESIAN_POINT('',(68.085786956183,-31.78436192691,
    36.864256348819));
#424 = CARTESIAN_POINT('',(68.012909363769,-31.64693681024,
    36.762709694124));
#425 = CARTESIAN_POINT('',(67.938611000714,-31.507103319,36.664128665856
    ));
#426 = CARTESIAN_POINT('',(67.862948376304,-31.36499821041,
    36.56858468246));
#427 = CARTESIAN_POINT('',(67.708276803441,-31.07515250939,
    36.382816484699));
#428 = CARTESIAN_POINT('',(67.629242969505,-30.92737114936,
    36.292651554613));
#429 = CARTESIAN_POINT('',(67.54893584136,-30.77756192462,
    36.205710545358));
#430 = CARTESIAN_POINT('',(67.467415313532,-30.62587273737,
    36.122049280513));
#431 = CARTESIAN_POINT('',(67.384740956266,-30.472453969,36.041714589537
    ));
#432 = CARTESIAN_POINT('',(67.300970242793,-30.31745726307,
    35.964744289051));
#433 = CARTESIAN_POINT('',(67.216156776598,-30.16103430825,
    35.891167164115));
#434 = CARTESIAN_POINT('',(67.043141189516,-29.84306571691,
    35.749694733863));
#435 = CARTESIAN_POINT('',(66.954905858271,-29.68147808742,
    35.681911677114));
#436 = CARTESIAN_POINT('',(66.865693562238,-29.51873083286,
    35.617674583282));
#437 = CARTESIAN_POINT('',(66.775544442007,-29.35498004824,
    35.556994831782));
#438 = CARTESIAN_POINT('',(66.684489926277,-29.19037922611,
    35.49987456149));
#439 = CARTESIAN_POINT('',(66.592545540386,-29.02507717088,
    35.446307035734));
#440 = CARTESIAN_POINT('',(66.499694338565,-28.859214425,35.396277188221
    ));
#441 = CARTESIAN_POINT('',(66.353965615658,-28.60094667625,
    35.324036924843));
#442 = CARTESIAN_POINT('',(66.301769600733,-28.50884253209,
    35.299386655036));
#443 = CARTESIAN_POINT('',(66.249260314149,-28.41662731035,
    35.275807699976));
#444 = CARTESIAN_POINT('',(66.196417737014,-28.32432098799,
    35.253295526096));
#445 = CARTESIAN_POINT('',(66.143214636767,-28.23194198115,
    35.231844930921));
#446 = CARTESIAN_POINT('',(66.089612704852,-28.13950646606,
    35.211450098814));
#447 = CARTESIAN_POINT('',(66.035554627857,-28.04702702296,
    35.192104688291));
#448 = CARTESIAN_POINT('',(65.92730537076,-27.86361367787,
    35.155819601962));
#449 = CARTESIAN_POINT('',(65.873132954051,-27.77268142073,
    35.138843828762));
#450 = CARTESIAN_POINT('',(65.818351842839,-27.68172017401,
    35.122868124779));
#451 = CARTESIAN_POINT('',(65.762840096648,-27.59072961536,
    35.107885762378));
#452 = CARTESIAN_POINT('',(65.706450461726,-27.49970498562,
    35.093889687305));
#453 = CARTESIAN_POINT('',(65.648917767084,-27.40862167681,
    35.080873221516));
#454 = CARTESIAN_POINT('',(65.589912889961,-27.31744416595,
    35.068829649947));
#455 = CARTESIAN_POINT('',(65.502761256081,-27.18749165568,
    35.053082118476));
#456 = CARTESIAN_POINT('',(65.476491784229,-27.14888982354,
    35.04858152189));
#457 = CARTESIAN_POINT('',(65.449753659206,-27.11024174811,
    35.044253274731));
#458 = CARTESIAN_POINT('',(65.422472299353,-27.07153643757,
    35.040097192088));
#459 = CARTESIAN_POINT('',(65.394545246242,-27.03275847751,
    35.036113310368));
#460 = CARTESIAN_POINT('',(65.365840922459,-26.99388782132,
    35.032301887504));
#461 = CARTESIAN_POINT('',(65.336175390128,-26.9548959559,
    35.028663572178));
#462 = CARTESIAN_POINT('',(65.287512364166,-26.89330810456,
    35.023216854025));
#463 = CARTESIAN_POINT('',(65.269375144846,-26.87082801786,
    35.021291027251));
#464 = CARTESIAN_POINT('',(65.250757742645,-26.84828211949,
    35.019422826035));
#465 = CARTESIAN_POINT('',(65.231587810842,-26.82565885093,
    35.017612655685));
#466 = CARTESIAN_POINT('',(65.211765647794,-26.80294254476,
    35.015861167731));
#467 = CARTESIAN_POINT('',(65.191164382483,-26.78011344724,
    35.014169249101));
#468 = CARTESIAN_POINT('',(65.169607402098,-26.75714405645,
    35.012538192066));
#469 = CARTESIAN_POINT('',(65.133906137773,-26.72091886821,
    35.010085757398));
#470 = CARTESIAN_POINT('',(65.120626366804,-26.7077930066,
    35.009221343162));
#471 = CARTESIAN_POINT('',(65.106886248026,-26.69459809995,
    35.008377503379));
#472 = CARTESIAN_POINT('',(65.092618617451,-26.68132349203,
    35.007554747824));
#473 = CARTESIAN_POINT('',(65.077728622801,-26.66795472151,
    35.006753861618));
#474 = CARTESIAN_POINT('',(65.06209656362,-26.65447395381,
    35.005975872496));
#475 = CARTESIAN_POINT('',(65.045555250076,-26.64085641477,
    35.005222230438));
#476 = CARTESIAN_POINT('',(65.018345938091,-26.61971308739,
    35.004109009987));
#477 = CARTESIAN_POINT('',(65.008553876222,-26.61232018362,
    35.003730140234));
#478 = CARTESIAN_POINT('',(64.998369203196,-26.60486849879,
    35.003359342727));
#479 = CARTESIAN_POINT('',(64.987735967915,-26.59734949295,
    35.002997089831));
#480 = CARTESIAN_POINT('',(64.976574415867,-26.58975185578,
    35.002644124988));
#481 = CARTESIAN_POINT('',(64.964784976752,-26.58206207687,
    35.002301419595));
#482 = CARTESIAN_POINT('',(64.952228944117,-26.57426155461,
    35.001970338477));
#483 = CARTESIAN_POINT('',(64.931192886324,-26.56195694979,
    35.001479696341));
#484 = CARTESIAN_POINT('',(64.923439588336,-26.55755877276,
    35.001310337883));
#485 = CARTESIAN_POINT('',(64.915332198673,-26.5531106858,
    35.001145687298));
#486 = CARTESIAN_POINT('',(64.906818489971,-26.5486050767,
    35.000986215941));
#487 = CARTESIAN_POINT('',(64.897821090548,-26.54403243201,
    35.000832752497));
#488 = CARTESIAN_POINT('',(64.888246374819,-26.53938245613,
    35.000686383366));
#489 = CARTESIAN_POINT('',(64.87796485555,-26.5346413869,35.000548638635
    ));
#490 = CARTESIAN_POINT('',(64.859298910102,-26.52657980578,
    35.000339686503));
#491 = CARTESIAN_POINT('',(64.851534283238,-26.52335667172,
    35.000262583836));
#492 = CARTESIAN_POINT('',(64.843287509474,-26.52007451979,
    35.000191219263));
#493 = CARTESIAN_POINT('',(64.834411062082,-26.51671102049,
    35.000126880393));
#494 = CARTESIAN_POINT('',(64.824805217417,-26.51325714659,
    35.000070865587));
#495 = CARTESIAN_POINT('',(64.814225549651,-26.509706619,35.000027457843
    ));
#496 = CARTESIAN_POINT('',(64.802545061791,-26.50607294618,35.));
#497 = CARTESIAN_POINT('',(64.78909017174,-26.50233564647,35.));
#498 = ORIENTED_EDGE('',*,*,#499,.F.);
#499 = EDGE_CURVE('',#500,#381,#502,.T.);
#500 = VERTEX_POINT('',#501);
#501 = CARTESIAN_POINT('',(40.254795614951,-57.26736793321,35.));
#502 = CIRCLE('',#503,70.);
#503 = AXIS2_PLACEMENT_3D('',#504,#505,#506);
#504 = CARTESIAN_POINT('',(0.,0.,35.));
#505 = DIRECTION('',(0.,0.,1.));
#506 = DIRECTION('',(1.,0.,-0.));
#507 = ORIENTED_EDGE('',*,*,#508,.F.);
#508 = EDGE_CURVE('',#360,#500,#509,.T.);
#509 = B_SPLINE_CURVE_WITH_KNOTS('',8,(#510,#511,#512,#513,#514,#515,
    #516,#517,#518,#519,#520,#521,#522,#523,#524,#525,#526,#527,#528,
    #529,#530,#531,#532,#533,#534,#535,#536,#537,#538,#539,#540,#541,
    #542,#543,#544,#545,#546,#547,#548,#549,#550,#551,#552,#553,#554,
    #555,#556,#557,#558,#559,#560,#561,#562,#563,#564,#565,#566,#567,
    #568,#569,#570,#571,#572,#573,#574,#575,#576,#577,#578,#579,#580,
    #581,#582,#583,#584,#585,#586,#587,#588,#589,#590,#591,#592,#593,
    #594,#595,#596,#597,#598,#599,#600,#601,#602,#603,#604,#605,#606,
    #607,#608,#609,#610,#611,#612,#613,#614,#615,#616,#617,#618,#619,
    #620,#621,#622,#623),.UNSPECIFIED.,.F.,.F.,(9,7,7,7,7,7,7,7,7,7,7,7,
    7,7,7,7,9),(0.,0.106991883795,0.214175378112,0.319846282917,
    0.422847325799,0.52449744428,0.626023471327,0.728515848074,
    0.832679324343,0.890287816523,0.946887875191,0.970772527995,
    0.984448479132,0.992164730063,0.996269955092,0.998520299418,1.),
  .UNSPECIFIED.);
#510 = CARTESIAN_POINT('',(49.570302752767,-60.22246298137,
    42.935919218387));
#511 = CARTESIAN_POINT('',(49.569832546395,-60.22135359386,
    42.791685044428));
#512 = CARTESIAN_POINT('',(49.565755614556,-60.21935083179,
    42.646242184919));
#513 = CARTESIAN_POINT('',(49.557965032612,-60.21642857712,
    42.499680448094));
#514 = CARTESIAN_POINT('',(49.546357445057,-60.21256129467,
    42.352097051157));
#515 = CARTESIAN_POINT('',(49.530834034868,-60.20772422441,42.2035964203
    ));
#516 = CARTESIAN_POINT('',(49.511301492852,-60.20189357361,
    42.054289990714));
#517 = CARTESIAN_POINT('',(49.487672986995,-60.19504670913,
    41.904296006601));
#518 = CARTESIAN_POINT('',(49.432015483022,-60.17926387004,
    41.602913005561));
#519 = CARTESIAN_POINT('',(49.399971531172,-60.17032417803,
    41.451521951304));
#520 = CARTESIAN_POINT('',(49.363657426678,-60.16032187844,
    41.299691493145));
#521 = CARTESIAN_POINT('',(49.323000907355,-60.14923695178,
    41.147553603847));
#522 = CARTESIAN_POINT('',(49.277938196136,-60.13705094855,
    40.995246261697));
#523 = CARTESIAN_POINT('',(49.228414898791,-60.12374718364,
    40.842912818003));
#524 = CARTESIAN_POINT('',(49.174386901654,-60.10931093068,
    40.690701364576));
#525 = CARTESIAN_POINT('',(49.058082123993,-60.07836818805,
    40.388970999271));
#526 = CARTESIAN_POINT('',(48.995932514039,-60.06189378877,
    40.239444353896));
#527 = CARTESIAN_POINT('',(48.929340709635,-60.04429434542,
    40.090329854261));
#528 = CARTESIAN_POINT('',(48.858285608949,-60.02555983265,
    39.941776971592));
#529 = CARTESIAN_POINT('',(48.782757211907,-60.00568239989,
    39.793938020478));
#530 = CARTESIAN_POINT('',(48.70275709394,-59.98465649835,
    39.646967220169));
#531 = CARTESIAN_POINT('',(48.618298879742,-59.96247900808,
    39.501019755875));
#532 = CARTESIAN_POINT('',(48.442764437017,-59.91640916426,
    39.215139629436));
#533 = CARTESIAN_POINT('',(48.351909312364,-59.89257429161,
    39.075148105884));
#534 = CARTESIAN_POINT('',(48.256867312051,-59.86764417545,
    38.93641995373));
#535 = CARTESIAN_POINT('',(48.157673707628,-59.84162055793,
    38.799098745937));
#536 = CARTESIAN_POINT('',(48.054374977494,-59.81450750516,
    38.663326997605));
#537 = CARTESIAN_POINT('',(47.947028711189,-59.78631141757,
    38.529245219467));
#538 = CARTESIAN_POINT('',(47.835703513702,-59.75704104018,
    38.396990971386));
#539 = CARTESIAN_POINT('',(47.606765550017,-59.69677174976,
    38.138113736877));
#540 = CARTESIAN_POINT('',(47.489254365331,-59.66580053886,
    38.011439593579));
#541 = CARTESIAN_POINT('',(47.368021539785,-59.63380443434,
    37.886804012095));
#542 = CARTESIAN_POINT('',(47.243153557847,-59.60079627321,
    37.764331700818));
#543 = CARTESIAN_POINT('',(47.114746598814,-59.56679099542,
    37.644142790047));
#544 = CARTESIAN_POINT('',(46.982905931252,-59.5318055039,
    37.526352071648));
#545 = CARTESIAN_POINT('',(46.847745307442,-59.49585852463,
    37.411068238707));
#546 = CARTESIAN_POINT('',(46.571196312672,-59.4221274404,
    37.185855562083));
#547 = CARTESIAN_POINT('',(46.429815715807,-59.38434564103,
    37.075920323914));
#548 = CARTESIAN_POINT('',(46.285365536248,-59.34564525959,
    36.96868901724));
#549 = CARTESIAN_POINT('',(46.137974516083,-59.30604822526,
    36.864256348818));
#550 = CARTESIAN_POINT('',(45.987778144073,-59.26557779155,
    36.762709694123));
#551 = CARTESIAN_POINT('',(45.834917629263,-59.22425812265,
    36.664128665855));
#552 = CARTESIAN_POINT('',(45.679538874588,-59.18211387969,
    36.56858468246));
#553 = CARTESIAN_POINT('',(45.362542547592,-59.09581698218,
    36.382816484699));
#554 = CARTESIAN_POINT('',(45.200879692257,-59.05164913772,
    36.292651554613));
#555 = CARTESIAN_POINT('',(45.036956480398,-59.00669116555,
    36.205710545358));
#556 = CARTESIAN_POINT('',(44.870930433783,-58.96096854717,
    36.122049280513));
#557 = CARTESIAN_POINT('',(44.702961419054,-58.91450589628,
    36.041714589536));
#558 = CARTESIAN_POINT('',(44.533210066739,-58.86732550125,
    35.96474428905));
#559 = CARTESIAN_POINT('',(44.361836190274,-58.81944586773,
    35.891167164114));
#560 = CARTESIAN_POINT('',(44.013340145348,-58.72152281055,
    35.749694733862));
#561 = CARTESIAN_POINT('',(43.836169646788,-58.67145635351,
    35.681911677114));
#562 = CARTESIAN_POINT('',(43.657651202246,-58.62069546708,
    35.617674583282));
#563 = CARTESIAN_POINT('',(43.477945925245,-58.56924455104,
    35.556994831782));
#564 = CARTESIAN_POINT('',(43.297210453503,-58.5171000908,35.49987456149
    ));
#565 = CARTESIAN_POINT('',(43.115593315298,-58.46424411034,
    35.446307035734));
#566 = CARTESIAN_POINT('',(42.933227758603,-58.41062881512,
    35.39627718822));
#567 = CARTESIAN_POINT('',(42.649007630002,-58.32602379622,
    35.324036924843));
#568 = CARTESIAN_POINT('',(42.547598023047,-58.29563154454,
    35.299386655036));
#569 = CARTESIAN_POINT('',(42.446010413953,-58.26495859267,
    35.275807699976));
#570 = CARTESIAN_POINT('',(42.344259824198,-58.23398097833,
    35.253295526096));
#571 = CARTESIAN_POINT('',(42.242358148373,-58.20266805377,
    35.231844930921));
#572 = CARTESIAN_POINT('',(42.140312632685,-58.17097887134,
    35.211450098813));
#573 = CARTESIAN_POINT('',(42.038122788523,-58.13885475525,
    35.192104688291));
#574 = CARTESIAN_POINT('',(41.835220273138,-58.07413284188,
    35.155819601962));
#575 = CARTESIAN_POINT('',(41.734513380768,-58.04155297155,
    35.138843828761));
#576 = CARTESIAN_POINT('',(41.633642778392,-58.00838611875,
    35.12286812478));
#577 = CARTESIAN_POINT('',(41.532581017402,-57.97451347201,
    35.107885762377));
#578 = CARTESIAN_POINT('',(41.431290690956,-57.9397925286,
    35.093889687305));
#579 = CARTESIAN_POINT('',(41.329688801904,-57.90397024167,
    35.080873221516));
#580 = CARTESIAN_POINT('',(41.227667481249,-57.86673364488,
    35.068829649947));
#581 = CARTESIAN_POINT('',(41.081580088762,-57.81068423838,
    35.053082118476));
#582 = CARTESIAN_POINT('',(41.038100577731,-57.79366311277,
    35.04858152189));
#583 = CARTESIAN_POINT('',(40.994471697688,-57.77619537421,
    35.044253274731));
#584 = CARTESIAN_POINT('',(40.950666136421,-57.75821075686,
    35.040097192088));
#585 = CARTESIAN_POINT('',(40.906646066843,-57.73961280116,
    35.036113310368));
#586 = CARTESIAN_POINT('',(40.862362666218,-57.72027768943,
    35.032301887504));
#587 = CARTESIAN_POINT('',(40.81774720631,-57.70003244024,
    35.028663572178));
#588 = CARTESIAN_POINT('',(40.746874949,-57.66629408414,35.023216854025)
  );
#589 = CARTESIAN_POINT('',(40.720922574026,-57.65361389266,
    35.021291027251));
#590 = CARTESIAN_POINT('',(40.694799186675,-57.64048020196,
    35.019422826035));
#591 = CARTESIAN_POINT('',(40.668477419563,-57.62682505122,
    35.017612655685));
#592 = CARTESIAN_POINT('',(40.641919812384,-57.61255472485,
    35.015861167731));
#593 = CARTESIAN_POINT('',(40.615078875203,-57.59754992837,
    35.014169249101));
#594 = CARTESIAN_POINT('',(40.587888495588,-57.58164459679,
    35.012538192066));
#595 = CARTESIAN_POINT('',(40.544627269769,-57.55489930041,
    35.010085757398));
#596 = CARTESIAN_POINT('',(40.528875473877,-57.54487326001,
    35.009221343162));
#597 = CARTESIAN_POINT('',(40.51295392702,-57.53441377765,
    35.008377503379));
#598 = CARTESIAN_POINT('',(40.496837294749,-57.52345774452,
    35.007554747824));
#599 = CARTESIAN_POINT('',(40.480490371702,-57.51191590442,
    35.006753861618));
#600 = CARTESIAN_POINT('',(40.463869134587,-57.49967552662,
    35.005975872495));
#601 = CARTESIAN_POINT('',(40.446912227142,-57.48657912585,
    35.005222230438));
#602 = CARTESIAN_POINT('',(40.420244365611,-57.46475684108,
    35.004109009987));
#603 = CARTESIAN_POINT('',(40.410857878622,-57.4568553625,
    35.003730140234));
#604 = CARTESIAN_POINT('',(40.401326720135,-57.44858419635,
    35.003359342727));
#605 = CARTESIAN_POINT('',(40.391630114024,-57.43989069468,
    35.002997089831));
#606 = CARTESIAN_POINT('',(40.381739286497,-57.43069961937,
    35.002644124988));
#607 = CARTESIAN_POINT('',(40.371618909388,-57.42091690289,
    35.002301419595));
#608 = CARTESIAN_POINT('',(40.361219982404,-57.41041145571,
    35.001970338477));
#609 = CARTESIAN_POINT('',(40.344542916488,-57.39264084796,
    35.001479696341));
#610 = CARTESIAN_POINT('',(40.338529739832,-57.3860606278,
    35.001310337883));
#611 = CARTESIAN_POINT('',(40.332389111777,-57.37914629979,
    35.001145687298));
#612 = CARTESIAN_POINT('',(40.326101989295,-57.37184863988,
    35.000986215941));
#613 = CARTESIAN_POINT('',(40.319641880626,-57.36409433322,
    35.000832752497));
#614 = CARTESIAN_POINT('',(40.312977914669,-57.35579439258,
    35.000686383366));
#615 = CARTESIAN_POINT('',(40.306067860666,-57.34682563961,
    35.000548638635));
#616 = CARTESIAN_POINT('',(40.294054836604,-57.33042155895,
    35.000339686503));
#617 = CARTESIAN_POINT('',(40.289184721229,-57.32356882229,
    35.000262583836));
#618 = CARTESIAN_POINT('',(40.284149779888,-57.31625915987,
    35.000191219263));
#619 = CARTESIAN_POINT('',(40.278895415186,-57.30835371257,
    35.000126880393));
#620 = CARTESIAN_POINT('',(40.273390635576,-57.29975726571,
    35.000070865587));
#621 = CARTESIAN_POINT('',(40.267574929581,-57.29023291904,
    35.000027457843));
#622 = CARTESIAN_POINT('',(40.261433207458,-57.27965385366,35.));
#623 = CARTESIAN_POINT('',(40.254795614951,-57.26736793321,35.));
#624 = TOROIDAL_SURFACE('',#625,70.,8.);
#625 = AXIS2_PLACEMENT_3D('',#626,#627,#628);
#626 = CARTESIAN_POINT('',(0.,0.,43.));
#627 = DIRECTION('',(-0.,-0.,-1.));
#628 = DIRECTION('',(1.,0.,-0.));
#629 = ADVANCED_FACE('',(#630),#684,.T.);
#630 = FACE_BOUND('',#631,.T.);
#631 = EDGE_LOOP('',(#632,#654,#655,#656,#678));
#632 = ORIENTED_EDGE('',*,*,#633,.F.);
#633 = EDGE_CURVE('',#360,#634,#636,.T.);
#634 = VERTEX_POINT('',#635);
#635 = CARTESIAN_POINT('',(102.79497910775,-185.7987951259,
    42.002811770456));
#636 = B_SPLINE_CURVE_WITH_KNOTS('',6,(#637,#638,#639,#640,#641,#642,
    #643,#644,#645,#646,#647,#648,#649,#650,#651,#652,#653),
  .UNSPECIFIED.,.F.,.F.,(7,5,5,7),(-9.00042291895,-5.474960499495E-02,
    146.55481105679,155.50048437074),.UNSPECIFIED.);
#637 = CARTESIAN_POINT('',(42.263872349151,-42.983941416,43.064011770456
    ));
#638 = CARTESIAN_POINT('',(42.845682836277,-44.35664355306,
    43.053811770456));
#639 = CARTESIAN_POINT('',(43.427493323402,-45.72934569011,
    43.043611770456));
#640 = CARTESIAN_POINT('',(44.009303810528,-47.10204782716,
    43.033411770456));
#641 = CARTESIAN_POINT('',(44.591114297654,-48.47474996421,
    43.023211770456));
#642 = CARTESIAN_POINT('',(45.172924784779,-49.84745210127,
    43.013011770456));
#643 = CARTESIAN_POINT('',(55.289957150939,-73.71720394826,
    42.835645201069));
#644 = CARTESIAN_POINT('',(64.825179029973,-96.21425365819,
    42.668478631682));
#645 = CARTESIAN_POINT('',(74.360400909006,-118.7113033681,
    42.501312062295));
#646 = CARTESIAN_POINT('',(83.895622788041,-141.208353078,
    42.334145492909));
#647 = CARTESIAN_POINT('',(93.430844667074,-163.705402788,
    42.166978923522));
#648 = CARTESIAN_POINT('',(103.54787703323,-187.5751546349,
    41.989612354135));
#649 = CARTESIAN_POINT('',(104.12968752036,-188.947856772,
    41.979412354135));
#650 = CARTESIAN_POINT('',(104.71149800748,-190.320558909,
    41.969212354135));
#651 = CARTESIAN_POINT('',(105.29330849461,-191.6932610461,
    41.959012354135));
#652 = CARTESIAN_POINT('',(105.87511898173,-193.0659631832,
    41.948812354135));
#653 = CARTESIAN_POINT('',(106.45692946886,-194.4386653202,
    41.938612354135));
#654 = ORIENTED_EDGE('',*,*,#359,.F.);
#655 = ORIENTED_EDGE('',*,*,#343,.F.);
#656 = ORIENTED_EDGE('',*,*,#657,.T.);
#657 = EDGE_CURVE('',#334,#658,#660,.T.);
#658 = VERTEX_POINT('',#659);
#659 = CARTESIAN_POINT('',(102.79497910775,-185.7987951259,
    44.002436469923));
#660 = B_SPLINE_CURVE_WITH_KNOTS('',6,(#661,#662,#663,#664,#665,#666,
    #667,#668,#669,#670,#671,#672,#673,#674,#675,#676,#677),
  .UNSPECIFIED.,.F.,.F.,(7,5,5,7),(-8.890959613726,5.471370022829E-02,
    146.55455944062,155.50023275457),.UNSPECIFIED.);
#661 = CARTESIAN_POINT('',(42.263872349151,-42.983941416,45.063636469923
    ));
#662 = CARTESIAN_POINT('',(42.845682836277,-44.35664355306,
    45.053436469923));
#663 = CARTESIAN_POINT('',(43.427493323402,-45.72934569011,
    45.043236469923));
#664 = CARTESIAN_POINT('',(44.009303810528,-47.10204782716,
    45.033036469923));
#665 = CARTESIAN_POINT('',(44.591114297654,-48.47474996422,
    45.022836469923));
#666 = CARTESIAN_POINT('',(45.172924784779,-49.84745210127,
    45.012636469923));
#667 = CARTESIAN_POINT('',(55.282821489975,-73.70036833379,
    44.835394999247));
#668 = CARTESIAN_POINT('',(64.810907708045,-96.18058242926,
    44.66835352857));
#669 = CARTESIAN_POINT('',(74.338993926115,-118.6607965247,
    44.501312057894));
#670 = CARTESIAN_POINT('',(83.867080144185,-141.1410106201,
    44.334270587218));
#671 = CARTESIAN_POINT('',(93.395166362255,-163.6212247156,
    44.167229116542));
#672 = CARTESIAN_POINT('',(103.50506306745,-187.4741409481,
    43.989987645865));
#673 = CARTESIAN_POINT('',(104.08687355457,-188.8468430852,
    43.979787645865));
#674 = CARTESIAN_POINT('',(104.6686840417,-190.2195452222,
    43.969587645865));
#675 = CARTESIAN_POINT('',(105.25049452882,-191.5922473593,
    43.959387645865));
#676 = CARTESIAN_POINT('',(105.83230501595,-192.9649494963,
    43.949187645865));
#677 = CARTESIAN_POINT('',(106.41411550307,-194.3376516334,
    43.938987645865));
#678 = ORIENTED_EDGE('',*,*,#679,.F.);
#679 = EDGE_CURVE('',#634,#658,#680,.T.);
#680 = LINE('',#681,#682);
#681 = CARTESIAN_POINT('',(102.79497910775,-185.7987951259,34.));
#682 = VECTOR('',#683,1.);
#683 = DIRECTION('',(0.,0.,1.));
#684 = B_SPLINE_SURFACE_WITH_KNOTS('',1,1,(
    (#685,#686)
    ,(#687,#688
  )),.UNSPECIFIED.,.F.,.F.,.F.,(2,2),(2,2),(0.,18.),(0.,1.),
  .PIECEWISE_BEZIER_KNOTS.);
#685 = CARTESIAN_POINT('',(45.754735271905,-51.22015423832,35.));
#686 = CARTESIAN_POINT('',(102.79497910775,-185.7987951259,34.));
#687 = CARTESIAN_POINT('',(45.754735271905,-51.22015423832,53.));
#688 = CARTESIAN_POINT('',(102.79497910775,-185.7987951259,52.));
#689 = ADVANCED_FACE('',(#690),#808,.T.);
#690 = FACE_BOUND('',#691,.T.);
#691 = EDGE_LOOP('',(#692,#693,#694,#757,#779));
#692 = ORIENTED_EDGE('',*,*,#657,.F.);
#693 = ORIENTED_EDGE('',*,*,#333,.F.);
#694 = ORIENTED_EDGE('',*,*,#695,.T.);
#695 = EDGE_CURVE('',#325,#696,#698,.T.);
#696 = VERTEX_POINT('',#697);
#697 = CARTESIAN_POINT('',(40.031123712583,-58.20964536009,
    52.97387717864));
#698 = B_SPLINE_CURVE_WITH_KNOTS('',8,(#699,#700,#701,#702,#703,#704,
    #705,#706,#707,#708,#709,#710,#711,#712,#713,#714,#715,#716,#717,
    #718,#719,#720,#721,#722,#723,#724,#725,#726,#727,#728,#729,#730,
    #731,#732,#733,#734,#735,#736,#737,#738,#739,#740,#741,#742,#743,
    #744,#745,#746,#747,#748,#749,#750,#751,#752,#753,#754,#755,#756),
  .UNSPECIFIED.,.F.,.F.,(9,7,7,7,7,7,7,7,9),(0.,0.202955060292,
    0.401649457109,0.596447807078,0.796772396684,0.858695805546,
    0.921060854274,0.963383855954,1.),.UNSPECIFIED.);
#699 = CARTESIAN_POINT('',(49.570198114529,-60.22288152261,45.));
#700 = CARTESIAN_POINT('',(49.568335983562,-60.22441426562,
    45.287021574606));
#701 = CARTESIAN_POINT('',(49.552176586401,-60.22247223293,
    45.578797578923));
#702 = CARTESIAN_POINT('',(49.520893656207,-60.2168510568,
    45.874617166636));
#703 = CARTESIAN_POINT('',(49.473718089283,-60.20735550864,
    46.173657631433));
#704 = CARTESIAN_POINT('',(49.409969703826,-60.19380563148,
    46.474984410623));
#705 = CARTESIAN_POINT('',(49.329087378745,-60.17604311577,
    46.777559748648));
#706 = CARTESIAN_POINT('',(49.230657572544,-60.15393791869,
    47.080260020497));
#707 = CARTESIAN_POINT('',(49.000664617807,-60.10140955146,
    47.677211003964));
#708 = CARTESIAN_POINT('',(48.869839774123,-60.07117061236,
    47.971506649596));
#709 = CARTESIAN_POINT('',(48.721742075566,-60.03658921199,
    48.263678154242));
#710 = CARTESIAN_POINT('',(48.556303855248,-59.99760796561,
    48.552559991758));
#711 = CARTESIAN_POINT('',(48.373636534744,-59.9542070442,
    48.836957859708));
#712 = CARTESIAN_POINT('',(48.174041983987,-59.90640867427,
    49.11567761476));
#713 = CARTESIAN_POINT('',(47.958013101344,-59.85428029451,
    49.387556891278));
#714 = CARTESIAN_POINT('',(47.498979109656,-59.74269724893,
    49.910266467594));
#715 = CARTESIAN_POINT('',(47.25658524949,-59.68340618617,
    50.161405729199));
#716 = CARTESIAN_POINT('',(46.999675497348,-59.62017034216,
    50.403884119514));
#717 = CARTESIAN_POINT('',(46.729050292826,-59.55314128835,
    50.636728120494));
#718 = CARTESIAN_POINT('',(46.445662769892,-59.48251393607,
    50.859053744214));
#719 = CARTESIAN_POINT('',(46.150598658975,-59.40852714186,
    51.070089531311));
#720 = CARTESIAN_POINT('',(45.845050372377,-59.33146598851,
    51.269192568114));
#721 = CARTESIAN_POINT('',(45.206590594089,-59.16960163991,
    51.647817979973));
#722 = CARTESIAN_POINT('',(44.873148641219,-59.08464132696,
    51.826624829085));
#723 = CARTESIAN_POINT('',(44.531336630693,-58.99714679913,
    51.991728455371));
#724 = CARTESIAN_POINT('',(44.182624293012,-58.90755441037,
    52.142732095374));
#725 = CARTESIAN_POINT('',(43.828520220162,-58.81632896203,
    52.27940056979));
#726 = CARTESIAN_POINT('',(43.470597197349,-58.72411408754,
    52.40165679321));
#727 = CARTESIAN_POINT('',(43.110398572685,-58.63158133825,
    52.509570325278));
#728 = CARTESIAN_POINT('',(42.638213406159,-58.51187621473,
    52.632318272525));
#729 = CARTESIAN_POINT('',(42.526671657871,-58.48371541918,
    52.659950143901));
#730 = CARTESIAN_POINT('',(42.41513564796,-58.45570066923,
    52.686235693148));
#731 = CARTESIAN_POINT('',(42.303660758603,-58.42788153477,
    52.711181743102));
#732 = CARTESIAN_POINT('',(42.192305299094,-58.40031620652,
    52.734796176185));
#733 = CARTESIAN_POINT('',(42.081132195558,-58.37307573449,
    52.75708785059));
#734 = CARTESIAN_POINT('',(41.97021224165,-58.3462520306,52.778066483428
    ));
#735 = CARTESIAN_POINT('',(41.748256894786,-58.29349979377,
    52.817558848294));
#736 = CARTESIAN_POINT('',(41.637226834835,-58.26757916268,
    52.83605384435));
#737 = CARTESIAN_POINT('',(41.526623976851,-58.24233598151,
    52.853238238317));
#738 = CARTESIAN_POINT('',(41.416546876866,-58.21793184828,
    52.869123411996));
#739 = CARTESIAN_POINT('',(41.307116381953,-58.19458352406,
    52.883721179014));
#740 = CARTESIAN_POINT('',(41.198483544517,-58.17258218196,
    52.897043617816));
#741 = CARTESIAN_POINT('',(41.090852692423,-58.15234926417,
    52.909102600004));
#742 = CARTESIAN_POINT('',(40.912385742392,-58.12250122698,
    52.927242038995));
#743 = CARTESIAN_POINT('',(40.840842182763,-58.11156400356,
    52.933998252321));
#744 = CARTESIAN_POINT('',(40.770001034202,-58.10196830611,
    52.940180765934));
#745 = CARTESIAN_POINT('',(40.699984812917,-58.09398791591,
    52.945792526784));
#746 = CARTESIAN_POINT('',(40.630944201371,-58.08796219962,
    52.950836015794));
#747 = CARTESIAN_POINT('',(40.563076861541,-58.08434134484,
    52.955312954841));
#748 = CARTESIAN_POINT('',(40.496639461367,-58.08371530388,
    52.959224106288));
#749 = CARTESIAN_POINT('',(40.375943760276,-58.08941016597,
    52.965463962931));
#750 = CARTESIAN_POINT('',(40.321249970566,-58.094804891,52.967934984056
    ));
#751 = CARTESIAN_POINT('',(40.26804334273,-58.10339885444,
    52.969982557851));
#752 = CARTESIAN_POINT('',(40.216534715577,-58.11567051796,
    52.971606424997));
#753 = CARTESIAN_POINT('',(40.166955429217,-58.13214391294,
    52.972806135406));
#754 = CARTESIAN_POINT('',(40.119492492684,-58.15323537495,
    52.973582255866));
#755 = CARTESIAN_POINT('',(40.074223782795,-58.1791001689,
    52.973937588547));
#756 = CARTESIAN_POINT('',(40.031123712583,-58.20964536009,
    52.97387717864));
#757 = ORIENTED_EDGE('',*,*,#758,.T.);
#758 = EDGE_CURVE('',#696,#759,#761,.T.);
#759 = VERTEX_POINT('',#760);
#760 = CARTESIAN_POINT('',(95.581315448369,-189.2727124528,52.));
#761 = B_SPLINE_CURVE_WITH_KNOTS('',6,(#762,#763,#764,#765,#766,#767,
    #768,#769,#770,#771,#772,#773,#774,#775,#776,#777,#778),
  .UNSPECIFIED.,.F.,.F.,(7,5,5,7),(-8.890959613726,5.471370022829E-02,
    146.55455944062,155.50023275457),.UNSPECIFIED.);
#762 = CARTESIAN_POINT('',(34.921935217195,-46.15521505775,
    53.063448824057));
#763 = CARTESIAN_POINT('',(35.50374570432,-47.5279171948,53.053248824057
    ));
#764 = CARTESIAN_POINT('',(36.085556191446,-48.90061933185,
    53.043048824057));
#765 = CARTESIAN_POINT('',(36.667366678572,-50.2733214689,
    53.032848824057));
#766 = CARTESIAN_POINT('',(37.249177165697,-51.64602360596,
    53.022648824057));
#767 = CARTESIAN_POINT('',(37.830987652823,-53.01872574301,
    53.012448824057));
#768 = CARTESIAN_POINT('',(47.940884358019,-76.87164197553,
    52.835207353381));
#769 = CARTESIAN_POINT('',(57.468970576088,-99.351856071,52.668165882705
    ));
#770 = CARTESIAN_POINT('',(66.997056794159,-121.8320701664,
    52.501124412029));
#771 = CARTESIAN_POINT('',(76.525143012229,-144.3122842619,
    52.334082941352));
#772 = CARTESIAN_POINT('',(86.053229230299,-166.7924983574,
    52.167041470676));
#773 = CARTESIAN_POINT('',(96.163125935494,-190.6454145899,51.9898));
#774 = CARTESIAN_POINT('',(96.74493642262,-192.0181167269,51.9796));
#775 = CARTESIAN_POINT('',(97.326746909746,-193.390818864,51.9694));
#776 = CARTESIAN_POINT('',(97.908557396871,-194.763521001,51.9592));
#777 = CARTESIAN_POINT('',(98.490367883997,-196.1362231381,51.949));
#778 = CARTESIAN_POINT('',(99.072178371122,-197.5089252751,51.9388));
#779 = ORIENTED_EDGE('',*,*,#780,.F.);
#780 = EDGE_CURVE('',#658,#759,#781,.T.);
#781 = B_SPLINE_CURVE_WITH_KNOTS('',7,(#782,#783,#784,#785,#786,#787,
    #788,#789,#790,#791,#792,#793,#794,#795,#796,#797,#798,#799,#800,
    #801,#802,#803,#804,#805,#806,#807),.UNSPECIFIED.,.F.,.F.,(8,6,6,6,8
    ),(0.,0.246925498661,0.497996622871,0.749070781754,1.),
  .UNSPECIFIED.);
#782 = CARTESIAN_POINT('',(102.79497910775,-185.7987951259,
    44.002436469923));
#783 = CARTESIAN_POINT('',(102.79497910775,-185.7987951259,44.4017537518
    ));
#784 = CARTESIAN_POINT('',(102.77400448846,-185.8088959701,
    44.810636700958));
#785 = CARTESIAN_POINT('',(102.73024848492,-185.8299677509,
    45.22705974607));
#786 = CARTESIAN_POINT('',(102.66208185982,-185.8627950674,
    45.648505062594));
#787 = CARTESIAN_POINT('',(102.56823350928,-185.907990051,
    46.071957206985));
#788 = CARTESIAN_POINT('',(102.44794407801,-185.965918388,46.49401015744
    ));
#789 = CARTESIAN_POINT('',(102.15177560345,-186.1085456083,
    47.335165652794));
#790 = CARTESIAN_POINT('',(101.97499591886,-186.1936782175,
    47.754101081615));
#791 = CARTESIAN_POINT('',(101.77062312584,-186.2920989674,
    48.164131040095));
#792 = CARTESIAN_POINT('',(101.53919256974,-186.4035500492,
    48.561312946464));
#793 = CARTESIAN_POINT('',(101.28201508926,-186.5274001963,
    48.941751868043));
#794 = CARTESIAN_POINT('',(101.00114031685,-186.6626623578,
    49.301938471006));
#795 = CARTESIAN_POINT('',(100.39718188733,-186.9535134083,
    49.975981163219));
#796 = CARTESIAN_POINT('',(100.07409653138,-187.1091031154,
    50.289838016796));
#797 = CARTESIAN_POINT('',(99.732501886066,-187.2736064265,
    50.577613543196));
#798 = CARTESIAN_POINT('',(99.37553785507,-187.4455112436,
    50.836987465333));
#799 = CARTESIAN_POINT('',(99.006704838593,-187.623131863,
    51.066452893022));
#800 = CARTESIAN_POINT('',(98.62955906503,-187.8047556951,
    51.265363987355));
#801 = CARTESIAN_POINT('',(97.865669171815,-188.1726256792,
    51.60217501519));
#802 = CARTESIAN_POINT('',(97.478929516198,-188.3588696815,
    51.740110753152));
#803 = CARTESIAN_POINT('',(97.09068066748,-188.5458404728,
    51.847723160502));
#804 = CARTESIAN_POINT('',(96.70416445618,-188.7319768699,
    51.925855672161));
#805 = CARTESIAN_POINT('',(96.322249874169,-188.9158972392,
    51.975987277389));
#806 = CARTESIAN_POINT('',(95.947327828415,-189.0964501804,52.));
#807 = CARTESIAN_POINT('',(95.581315448369,-189.2727124528,52.));
#808 = ( BOUNDED_SURFACE() B_SPLINE_SURFACE(2,6,(
    (#809,#810,#811,#812,#813,#814,#815,#816,#817,#818,#819,#820,#821
      ,#822,#823,#824,#825)
    ,(#826,#827,#828,#829,#830,#831,#832,#833,#834,#835,#836,#837,#838
      ,#839,#840,#841,#842)
    ,(#843,#844,#845,#846,#847,#848,#849,#850,#851,#852,#853,#854,#855
      ,#856,#857,#858,#859
)),.UNSPECIFIED.,.F.,.F.,.F.) B_SPLINE_SURFACE_WITH_KNOTS((3,3),(7,5,5,7
    ),(0.,146.49984574039),(-8.890959613726,5.471370022829E-02,
    146.55455944062,155.50023275457),.UNSPECIFIED.) 
GEOMETRIC_REPRESENTATION_ITEM() RATIONAL_B_SPLINE_SURFACE((
    (1.,1.,1.,1.,1.,1.,1.,1.,1.,1.,1.,1.,1.,1.,1.,1.,1.)
    ,(0.707222739782,0.707222739782,0.707222739782,0.707222739782
      ,0.707222739782,0.707222739782,0.707222739782,0.707222739782
      ,0.707222739782,0.707222739782,0.707222739782,0.707222739782
      ,0.707222739782,0.707222739782,0.707222739782,0.707222739782
      ,0.707222739782)
    ,(1.,1.,1.,1.,1.,1.,1.,1.,1.,1.,1.,1.,1.,1.,1.,1.,1.
))) REPRESENTATION_ITEM('') SURFACE() );
#809 = CARTESIAN_POINT('',(42.263872349151,-42.983941416,45.063636469923
    ));
#810 = CARTESIAN_POINT('',(42.845682836277,-44.35664355306,
    45.053436469923));
#811 = CARTESIAN_POINT('',(43.427493323402,-45.72934569011,
    45.043236469923));
#812 = CARTESIAN_POINT('',(44.009303810528,-47.10204782716,
    45.033036469923));
#813 = CARTESIAN_POINT('',(44.591114297654,-48.47474996422,
    45.022836469923));
#814 = CARTESIAN_POINT('',(45.172924784779,-49.84745210127,
    45.012636469923));
#815 = CARTESIAN_POINT('',(55.282821489975,-73.70036833379,
    44.835394999247));
#816 = CARTESIAN_POINT('',(64.810907708045,-96.18058242926,
    44.66835352857));
#817 = CARTESIAN_POINT('',(74.338993926115,-118.6607965247,
    44.501312057894));
#818 = CARTESIAN_POINT('',(83.867080144185,-141.1410106201,
    44.334270587218));
#819 = CARTESIAN_POINT('',(93.395166362255,-163.6212247156,
    44.167229116542));
#820 = CARTESIAN_POINT('',(103.50506306745,-187.4741409481,
    43.989987645865));
#821 = CARTESIAN_POINT('',(104.08687355457,-188.8468430852,
    43.979787645865));
#822 = CARTESIAN_POINT('',(104.6686840417,-190.2195452222,
    43.969587645865));
#823 = CARTESIAN_POINT('',(105.25049452882,-191.5922473593,
    43.959387645865));
#824 = CARTESIAN_POINT('',(105.83230501595,-192.9649494963,
    43.949187645865));
#825 = CARTESIAN_POINT('',(106.41411550307,-194.3376516334,
    43.938987645865));
#826 = CARTESIAN_POINT('',(42.28522323251,-43.03431590024,
    53.060825687376));
#827 = CARTESIAN_POINT('',(42.867033719636,-44.4070180373,
    53.050625687376));
#828 = CARTESIAN_POINT('',(43.448844206761,-45.77972017435,
    53.040425687376));
#829 = CARTESIAN_POINT('',(44.030654693887,-47.1524223114,
    53.030225687376));
#830 = CARTESIAN_POINT('',(44.612465181013,-48.52512444846,
    53.020025687376));
#831 = CARTESIAN_POINT('',(45.194275668138,-49.89782658551,
    53.009825687376));
#832 = CARTESIAN_POINT('',(55.304172373334,-73.75074281803,52.8325842167
    ));
#833 = CARTESIAN_POINT('',(64.832258591404,-96.2309569135,
    52.665542746023));
#834 = CARTESIAN_POINT('',(74.360344809474,-118.7111710089,
    52.498501275347));
#835 = CARTESIAN_POINT('',(83.888431027544,-141.1913851044,
    52.331459804671));
#836 = CARTESIAN_POINT('',(93.416517245614,-163.6715991999,
    52.164418333995));
#837 = CARTESIAN_POINT('',(103.52641395081,-187.5245154324,
    51.987176863318));
#838 = CARTESIAN_POINT('',(104.10822443793,-188.8972175694,
    51.976976863318));
#839 = CARTESIAN_POINT('',(104.69003492506,-190.2699197065,
    51.966776863318));
#840 = CARTESIAN_POINT('',(105.27184541218,-191.6426218435,
    51.956576863318));
#841 = CARTESIAN_POINT('',(105.85365589931,-193.0153239806,
    51.946376863318));
#842 = CARTESIAN_POINT('',(106.43546638643,-194.3880261176,
    51.936176863318));
#843 = CARTESIAN_POINT('',(34.921935217195,-46.15521505775,
    53.063448824057));
#844 = CARTESIAN_POINT('',(35.50374570432,-47.5279171948,53.053248824057
    ));
#845 = CARTESIAN_POINT('',(36.085556191446,-48.90061933185,
    53.043048824057));
#846 = CARTESIAN_POINT('',(36.667366678572,-50.2733214689,
    53.032848824057));
#847 = CARTESIAN_POINT('',(37.249177165697,-51.64602360596,
    53.022648824057));
#848 = CARTESIAN_POINT('',(37.830987652823,-53.01872574301,
    53.012448824057));
#849 = CARTESIAN_POINT('',(47.940884358019,-76.87164197553,
    52.835207353381));
#850 = CARTESIAN_POINT('',(57.468970576088,-99.351856071,52.668165882705
    ));
#851 = CARTESIAN_POINT('',(66.997056794159,-121.8320701664,
    52.501124412029));
#852 = CARTESIAN_POINT('',(76.525143012229,-144.3122842619,
    52.334082941352));
#853 = CARTESIAN_POINT('',(86.053229230299,-166.7924983574,
    52.167041470676));
#854 = CARTESIAN_POINT('',(96.163125935494,-190.6454145899,51.9898));
#855 = CARTESIAN_POINT('',(96.74493642262,-192.0181167269,51.9796));
#856 = CARTESIAN_POINT('',(97.326746909746,-193.390818864,51.9694));
#857 = CARTESIAN_POINT('',(97.908557396871,-194.763521001,51.9592));
#858 = CARTESIAN_POINT('',(98.490367883997,-196.1362231381,51.949));
#859 = CARTESIAN_POINT('',(99.072178371122,-197.5089252751,51.9388));
#860 = ADVANCED_FACE('',(#861),#2236,.T.);
#861 = FACE_BOUND('',#862,.T.);
#862 = EDGE_LOOP('',(#863,#926,#935,#942,#943,#966,#975,#1059,#1098,
    #1175,#1184,#1268,#1307,#1384,#1393,#1477,#1516,#1593,#1602,#1686,
    #1725,#1788,#1797,#1881,#1920,#1983,#1992,#2076,#2113,#2114,#2115,
    #2199));
#863 = ORIENTED_EDGE('',*,*,#864,.F.);
#864 = EDGE_CURVE('',#865,#867,#869,.T.);
#865 = VERTEX_POINT('',#866);
#866 = CARTESIAN_POINT('',(76.469393559464,0.,49.706054289186));
#867 = VERTEX_POINT('',#868);
#868 = CARTESIAN_POINT('',(70.469130717559,-4.995527454761,
    52.97387717864));
#869 = B_SPLINE_CURVE_WITH_KNOTS('',7,(#870,#871,#872,#873,#874,#875,
    #876,#877,#878,#879,#880,#881,#882,#883,#884,#885,#886,#887,#888,
    #889,#890,#891,#892,#893,#894,#895,#896,#897,#898,#899,#900,#901,
    #902,#903,#904,#905,#906,#907,#908,#909,#910,#911,#912,#913,#914,
    #915,#916,#917,#918,#919,#920,#921,#922,#923,#924,#925),
  .UNSPECIFIED.,.F.,.F.,(8,6,6,6,6,6,6,6,6,8),(0.,0.163067867256,
    0.324397675294,0.489152288596,0.657272190618,0.761884589986,
    0.867098602208,0.93826204004,0.995771736901,1.),.UNSPECIFIED.);
#870 = CARTESIAN_POINT('',(76.469393559464,8.881784197001E-16,
    49.706054289186));
#871 = CARTESIAN_POINT('',(76.363155331922,-8.225764633206E-02,
    49.85209954553));
#872 = CARTESIAN_POINT('',(76.252795497943,-0.167556120481,
    49.995583204438));
#873 = CARTESIAN_POINT('',(76.138411409545,-0.255808951514,
    50.136304379944));
#874 = CARTESIAN_POINT('',(76.020117190411,-0.346917091095,
    50.274070076619));
#875 = CARTESIAN_POINT('',(75.898042863607,-0.440770111236,
    50.408697122078));
#876 = CARTESIAN_POINT('',(75.772333479308,-0.537247402046,
    50.540014099472));
#877 = CARTESIAN_POINT('',(75.515339926862,-0.734136443996,
    50.794349779762));
#878 = CARTESIAN_POINT('',(75.384129399688,-0.834495326506,
    50.917442047607));
#879 = CARTESIAN_POINT('',(75.24967076726,-0.937170718882,
    51.036987122096));
#880 = CARTESIAN_POINT('',(75.112131409777,-1.042028807595,
    51.152845283954));
#881 = CARTESIAN_POINT('',(74.971690934466,-1.148929033071,
    51.264891071494));
#882 = CARTESIAN_POINT('',(74.82854012867,-1.257725859051,
    51.373014296042));
#883 = CARTESIAN_POINT('',(74.534127535371,-1.481161933217,
    51.583437859006));
#884 = CARTESIAN_POINT('',(74.382757909499,-1.595876162691,
    51.685565872903));
#885 = CARTESIAN_POINT('',(74.228985727769,-1.712255073147,
    51.783404783708));
#886 = CARTESIAN_POINT('',(74.073035612253,-1.830136875806,
    51.876872032525));
#887 = CARTESIAN_POINT('',(73.915143099397,-1.949358901361,
    51.965902818516));
#888 = CARTESIAN_POINT('',(73.755555624789,-2.069760351013,
    52.050450100511));
#889 = CARTESIAN_POINT('',(73.430222342528,-2.315089972942,
    52.212153886729));
#890 = CARTESIAN_POINT('',(73.26441783875,-2.44006049984,52.289124099471
    ));
#891 = CARTESIAN_POINT('',(73.097396108171,-2.565930537269,
    52.361363968528));
#892 = CARTESIAN_POINT('',(72.929454096159,-2.692540868245,
    52.428861062574));
#893 = CARTESIAN_POINT('',(72.760904686032,-2.819740351663,
    52.491621212422));
#894 = CARTESIAN_POINT('',(72.5920983509,-2.947394448598,52.549667298825
    ));
#895 = CARTESIAN_POINT('',(72.318543414119,-3.155053035394,
    52.636246883686));
#896 = CARTESIAN_POINT('',(72.213685222453,-3.234841546536,
    52.667645841756));
#897 = CARTESIAN_POINT('',(72.109001647907,-3.314741964813,
    52.697243464587));
#898 = CARTESIAN_POINT('',(72.004613916023,-3.394735477293,
    52.725051180097));
#899 = CARTESIAN_POINT('',(71.900660790107,-3.474809615596,
    52.751082520072));
#900 = CARTESIAN_POINT('',(71.79731561796,-3.554963335431,
    52.775352849746));
#901 = CARTESIAN_POINT('',(71.591733424927,-3.715931511024,
    52.820534622291));
#902 = CARTESIAN_POINT('',(71.489506787846,-3.796746703646,
    52.841425826145));
#903 = CARTESIAN_POINT('',(71.388385609616,-3.877683660576,
    52.860569819886));
#904 = CARTESIAN_POINT('',(71.288685245463,-3.958784683038,
    52.877985115043));
#905 = CARTESIAN_POINT('',(71.190850872724,-4.040130579611,
    52.893690952125));
#906 = CARTESIAN_POINT('',(71.095507508137,-4.121855238744,
    52.907706898736));
#907 = CARTESIAN_POINT('',(70.941818143932,-4.259982080892,
    52.928398243225));
#908 = CARTESIAN_POINT('',(70.881486332364,-4.316018762526,
    52.935981105995));
#909 = CARTESIAN_POINT('',(70.82319113827,-4.372452844514,
    52.942803915512));
#910 = CARTESIAN_POINT('',(70.767420631336,-4.429410625704,
    52.948871144169));
#911 = CARTESIAN_POINT('',(70.714802255714,-4.487056671185,
    52.954186361851));
#912 = CARTESIAN_POINT('',(70.666283542809,-4.545645542477,
    52.958751031722));
#913 = CARTESIAN_POINT('',(70.588035232125,-4.653845881979,
    52.965647820653));
#914 = CARTESIAN_POINT('',(70.556485763632,-4.703022846296,
    52.968240264331));
#915 = CARTESIAN_POINT('',(70.528967256173,-4.753179410738,
    52.970342629795));
#916 = CARTESIAN_POINT('',(70.506143141317,-4.804491030295,
    52.971954534398));
#917 = CARTESIAN_POINT('',(70.488749988405,-4.857151459032,
    52.973075310888));
#918 = CARTESIAN_POINT('',(70.477179440655,-4.911255774744,
    52.97370713456));
#919 = CARTESIAN_POINT('',(70.471006800329,-4.970869231343,
    52.973866488435));
#920 = CARTESIAN_POINT('',(70.470615518965,-4.974959705846,
    52.973874789169));
#921 = CARTESIAN_POINT('',(70.470255703635,-4.979057887193,
    52.973880479132));
#922 = CARTESIAN_POINT('',(70.46992734344,-4.983163766366,
    52.973883560621));
#923 = CARTESIAN_POINT('',(70.469630416338,-4.987277331287,
    52.97388403603));
#924 = CARTESIAN_POINT('',(70.469364889151,-4.991398566818,
    52.973881907842));
#925 = CARTESIAN_POINT('',(70.469130717559,-4.995527454761,
    52.97387717864));
#926 = ORIENTED_EDGE('',*,*,#927,.T.);
#927 = EDGE_CURVE('',#865,#928,#930,.T.);
#928 = VERTEX_POINT('',#929);
#929 = CARTESIAN_POINT('',(70.,0.,53.));
#930 = CIRCLE('',#931,8.);
#931 = AXIS2_PLACEMENT_3D('',#932,#933,#934);
#932 = CARTESIAN_POINT('',(70.,0.,45.));
#933 = DIRECTION('',(0.,-1.,0.));
#934 = DIRECTION('',(1.,0.,0.));
#935 = ORIENTED_EDGE('',*,*,#936,.F.);
#936 = EDGE_CURVE('',#928,#928,#937,.T.);
#937 = CIRCLE('',#938,70.);
#938 = AXIS2_PLACEMENT_3D('',#939,#940,#941);
#939 = CARTESIAN_POINT('',(0.,0.,53.));
#940 = DIRECTION('',(0.,0.,1.));
#941 = DIRECTION('',(1.,0.,-0.));
#942 = ORIENTED_EDGE('',*,*,#927,.F.);
#943 = ORIENTED_EDGE('',*,*,#944,.F.);
#944 = EDGE_CURVE('',#945,#865,#947,.T.);
#945 = VERTEX_POINT('',#946);
#946 = CARTESIAN_POINT('',(77.990657739845,1.207189010222,45.));
#947 = B_SPLINE_CURVE_WITH_KNOTS('',5,(#948,#949,#950,#951,#952,#953,
    #954,#955,#956,#957,#958,#959,#960,#961,#962,#963,#964,#965),
  .UNSPECIFIED.,.F.,.F.,(6,4,4,4,6),(0.,0.252563344198,0.504271063371,
    0.754071349208,1.),.UNSPECIFIED.);
#948 = CARTESIAN_POINT('',(77.990657739845,1.207189010222,45.));
#949 = CARTESIAN_POINT('',(77.990687973648,1.205235750079,
    45.232478801004));
#950 = CARTESIAN_POINT('',(77.982372459805,1.196816258425,
    45.468368781328));
#951 = CARTESIAN_POINT('',(77.965220625291,1.18155352377,45.707154430352
    ));
#952 = CARTESIAN_POINT('',(77.938781889803,1.159107215412,
    45.948214507605));
#953 = CARTESIAN_POINT('',(77.866719426198,1.099414132704,
    46.432632304142));
#954 = CARTESIAN_POINT('',(77.821161025126,1.062217784844,
    46.675979537183));
#955 = CARTESIAN_POINT('',(77.765651177119,1.017356191491,
    46.920169746327));
#956 = CARTESIAN_POINT('',(77.699910358154,0.964637441104,
    47.164404815525));
#957 = CARTESIAN_POINT('',(77.548232462911,0.843770001038,
    47.649412654709));
#958 = CARTESIAN_POINT('',(77.462452210558,0.775741271497,
    47.890197782039));
#959 = CARTESIAN_POINT('',(77.366289422447,0.699801272849,
    48.129352926551));
#960 = CARTESIAN_POINT('',(77.25971222164,0.615965363362,48.365992134286
    ));
#961 = CARTESIAN_POINT('',(77.027766109826,0.43418526179,48.828856289469
    ));
#962 = CARTESIAN_POINT('',(76.902713998827,0.336479831211,
    49.055185984241));
#963 = CARTESIAN_POINT('',(76.767783675838,0.231374021384,
    49.277377827971));
#964 = CARTESIAN_POINT('',(76.623217555483,0.119102136345,
    49.494593071787));
#965 = CARTESIAN_POINT('',(76.469393559464,-1.422906488477E-15,
    49.706054289186));
#966 = ORIENTED_EDGE('',*,*,#967,.T.);
#967 = EDGE_CURVE('',#945,#968,#970,.T.);
#968 = VERTEX_POINT('',#969);
#969 = CARTESIAN_POINT('',(70.79093429241,32.751238480518,45.));
#970 = CIRCLE('',#971,78.);
#971 = AXIS2_PLACEMENT_3D('',#972,#973,#974);
#972 = CARTESIAN_POINT('',(0.,0.,45.));
#973 = DIRECTION('',(0.,0.,1.));
#974 = DIRECTION('',(1.,0.,-0.));
#975 = ORIENTED_EDGE('',*,*,#976,.F.);
#976 = EDGE_CURVE('',#977,#968,#979,.T.);
#977 = VERTEX_POINT('',#978);
#978 = CARTESIAN_POINT('',(61.323014793731,35.076224643589,
    52.97387717864));
#979 = B_SPLINE_CURVE_WITH_KNOTS('',8,(#980,#981,#982,#983,#984,#985,
    #986,#987,#988,#989,#990,#991,#992,#993,#994,#995,#996,#997,#998,
    #999,#1000,#1001,#1002,#1003,#1004,#1005,#1006,#1007,#1008,#1009,
    #1010,#1011,#1012,#1013,#1014,#1015,#1016,#1017,#1018,#1019,#1020,
    #1021,#1022,#1023,#1024,#1025,#1026,#1027,#1028,#1029,#1030,#1031,
    #1032,#1033,#1034,#1035,#1036,#1037,#1038,#1039,#1040,#1041,#1042,
    #1043,#1044,#1045,#1046,#1047,#1048,#1049,#1050,#1051,#1052,#1053,
    #1054,#1055,#1056,#1057,#1058),.UNSPECIFIED.,.F.,.F.,(9,7,7,7,7,7,7,
    7,7,7,7,9),(0.,2.958550655082E-02,5.811163681923E-02,0.107608388069,
    0.221635307737,0.334457174808,0.444601065781,0.553062152465,
    0.662398323602,0.77359060305,0.88682055978,1.),.UNSPECIFIED.);
#980 = CARTESIAN_POINT('',(61.323014793731,35.076224643589,
    52.97387717864));
#981 = CARTESIAN_POINT('',(61.343681877043,35.038879331389,
    52.973925988535));
#982 = CARTESIAN_POINT('',(61.366950558454,35.003672744398,
    52.973703387532));
#983 = CARTESIAN_POINT('',(61.392853259318,34.970642212662,
    52.973206721031));
#984 = CARTESIAN_POINT('',(61.421339499244,34.939751448798,
    52.972434262404));
#985 = CARTESIAN_POINT('',(61.452266972676,34.910882731991,
    52.971385264795));
#986 = CARTESIAN_POINT('',(61.485437829517,34.883868843988,
    52.97005960417));
#987 = CARTESIAN_POINT('',(61.520642529987,34.858531649816,
    52.968457354547));
#988 = CARTESIAN_POINT('',(61.593378774644,34.811710335468,
    52.964767189896));
#989 = CARTESIAN_POINT('',(61.630782447983,34.790120734261,
    52.96269870004));
#990 = CARTESIAN_POINT('',(61.669699077071,34.769765839554,
    52.960373229234));
#991 = CARTESIAN_POINT('',(61.709948799841,34.75049073368,
    52.957790816076));
#992 = CARTESIAN_POINT('',(61.751368713559,34.73215511601,
    52.954951363786));
#993 = CARTESIAN_POINT('',(61.793818209896,34.7146380295,52.951854580877
    ));
#994 = CARTESIAN_POINT('',(61.837178410513,34.69783735181,
    52.948499973966));
#995 = CARTESIAN_POINT('',(61.957982017887,34.653601154284,
    52.938617700985));
#996 = CARTESIAN_POINT('',(62.037047641703,34.627428129708,
    52.931570417286));
#997 = CARTESIAN_POINT('',(62.118004250822,34.6026830821,52.92374168826)
  );
#998 = CARTESIAN_POINT('',(62.200470312511,34.579043979246,
    52.915126885434));
#999 = CARTESIAN_POINT('',(62.284169366255,34.556282460364,
    52.905720633891));
#1000 = CARTESIAN_POINT('',(62.368892319213,34.534230153033,
    52.89551718218));
#1001 = CARTESIAN_POINT('',(62.454473755932,34.512757498563,
    52.884510613534));
#1002 = CARTESIAN_POINT('',(62.7396133549,34.443404332805,
    52.845474736052));
#1003 = CARTESIAN_POINT('',(62.942297913263,34.397592585743,
    52.81396091909));
#1004 = CARTESIAN_POINT('',(63.147220180259,34.353114361504,
    52.778081070088));
#1005 = CARTESIAN_POINT('',(63.353644089139,34.309554190436,
    52.737763781564));
#1006 = CARTESIAN_POINT('',(63.560940946702,34.266604168986,
    52.692947487215));
#1007 = CARTESIAN_POINT('',(63.768659171442,34.224125041769,
    52.643580864123));
#1008 = CARTESIAN_POINT('',(63.976379828638,34.182015303673,
    52.589625349911));
#1009 = CARTESIAN_POINT('',(64.388898535832,34.098877583394,
    52.473105205813));
#1010 = CARTESIAN_POINT('',(64.593702834692,34.057842545037,
    52.410637834921));
#1011 = CARTESIAN_POINT('',(64.797789276351,34.017071881222,
    52.343629645913));
#1012 = CARTESIAN_POINT('',(65.000832898162,33.976553942226,
    52.272069847719));
#1013 = CARTESIAN_POINT('',(65.202527568395,33.936299035094,
    52.195961998494));
#1014 = CARTESIAN_POINT('',(65.402577309789,33.896329581043,
    52.115324795329));
#1015 = CARTESIAN_POINT('',(65.600693634203,33.856675451406,
    52.030192546968));
#1016 = CARTESIAN_POINT('',(65.987854072458,33.779006373254,
    51.853164345699));
#1017 = CARTESIAN_POINT('',(66.177001601982,33.740974586584,
    51.761476970485));
#1018 = CARTESIAN_POINT('',(66.363782760925,33.70331403797,
    51.665599594315));
#1019 = CARTESIAN_POINT('',(66.547945935986,33.666064461074,
    51.565593313477));
#1020 = CARTESIAN_POINT('',(66.72924755274,33.629269068965,
    51.461533628234));
#1021 = CARTESIAN_POINT('',(66.907453011797,33.592973215716,
    51.35351014095));
#1022 = CARTESIAN_POINT('',(67.082337624958,33.557223058015,
    51.241626254219));
#1023 = CARTESIAN_POINT('',(67.422419553303,33.48744254057,
    51.012138066159));
#1024 = CARTESIAN_POINT('',(67.587724196641,33.453394304056,
    50.894647243021));
#1025 = CARTESIAN_POINT('',(67.749397446705,33.419963428037,
    50.773637670433));
#1026 = CARTESIAN_POINT('',(67.907246033998,33.387193586488,
    50.649233222345));
#1027 = CARTESIAN_POINT('',(68.061088562683,33.355127601425,
    50.521569335091));
#1028 = CARTESIAN_POINT('',(68.210756619036,33.32380683779,
    50.390791966701));
#1029 = CARTESIAN_POINT('',(68.356095879913,33.293270598323,
    50.257056556197));
#1030 = CARTESIAN_POINT('',(68.63897513898,33.233600691711,
    49.98289586332));
#1031 = CARTESIAN_POINT('',(68.776442835159,33.204480319902,
    49.842425231457));
#1032 = CARTESIAN_POINT('',(68.909227438212,33.176232096854,
    49.699282762505));
#1033 = CARTESIAN_POINT('',(69.037202001154,33.148890957634,
    49.553644634383));
#1034 = CARTESIAN_POINT('',(69.160255913871,33.122488779457,
    49.405693980225));
#1035 = CARTESIAN_POINT('',(69.278295315449,33.0970540826,
    49.255619340859));
#1036 = CARTESIAN_POINT('',(69.391243506495,33.072611731313,
    49.103613117287));
#1037 = CARTESIAN_POINT('',(69.608669210046,33.025355802066,
    48.79351696173));
#1038 = CARTESIAN_POINT('',(69.712970422003,33.002576908415,
    48.635367447041));
#1039 = CARTESIAN_POINT('',(69.811882340476,32.980868104342,
    48.475626309125));
#1040 = CARTESIAN_POINT('',(69.905361160761,32.960247302349,
    48.314500564427));
#1041 = CARTESIAN_POINT('',(69.993381360079,32.940728190499,
    48.152197792097));
#1042 = CARTESIAN_POINT('',(70.075935127338,32.922320246057,
    47.988924510265));
#1043 = CARTESIAN_POINT('',(70.153031792901,32.90502874911,
    47.824884552317));
#1044 = CARTESIAN_POINT('',(70.297676044226,32.872384444161,
    47.492653792162));
#1045 = CARTESIAN_POINT('',(70.365022745888,32.85707297225,
    47.324441912884));
#1046 = CARTESIAN_POINT('',(70.42676436231,32.842921665099,
    47.155852763564));
#1047 = CARTESIAN_POINT('',(70.482945597287,32.829927342434,
    46.987092440046));
#1048 = CARTESIAN_POINT('',(70.533627451069,32.81808265084,
    46.818360997818));
#1049 = CARTESIAN_POINT('',(70.578885811975,32.807376355511,
    46.649851274015));
#1050 = CARTESIAN_POINT('',(70.618810048015,32.797793632008,
    46.48174770944));
#1051 = CARTESIAN_POINT('',(70.688177671689,32.780842866068,
    46.146777370355));
#1052 = CARTESIAN_POINT('',(70.717625698484,32.773473846975,
    45.979910035431));
#1053 = CARTESIAN_POINT('',(70.741946891242,32.767191252382,
    45.813798143498));
#1054 = CARTESIAN_POINT('',(70.761254338888,32.761973795793,
    45.64860706367));
#1055 = CARTESIAN_POINT('',(70.775671402557,32.757797348927,
    45.484492164559));
#1056 = CARTESIAN_POINT('',(70.785330111223,32.754635338069,
    45.321598422365));
#1057 = CARTESIAN_POINT('',(70.790369557329,32.752459140433,
    45.160060028965));
#1058 = CARTESIAN_POINT('',(70.79093429241,32.751238480517,45.));
#1059 = ORIENTED_EDGE('',*,*,#1060,.F.);
#1060 = EDGE_CURVE('',#1061,#977,#1063,.T.);
#1061 = VERTEX_POINT('',#1062);
#1062 = CARTESIAN_POINT('',(47.842444983913,51.980324514194,
    52.97387717864));
#1063 = B_SPLINE_CURVE_WITH_KNOTS('',5,(#1064,#1065,#1066,#1067,#1068,
    #1069,#1070,#1071,#1072,#1073,#1074,#1075,#1076,#1077,#1078,#1079,
    #1080,#1081,#1082,#1083,#1084,#1085,#1086,#1087,#1088,#1089,#1090,
    #1091,#1092,#1093,#1094,#1095,#1096,#1097),.UNSPECIFIED.,.F.,.F.,(6,
    4,4,4,4,4,4,4,6),(0.,0.124082905037,0.247797775406,0.371191805937,
    0.494386485865,0.617616256264,0.74095568179,0.864645388834,1.),
  .UNSPECIFIED.);
#1064 = CARTESIAN_POINT('',(47.783884189553,52.032650806089,
    52.973967314005));
#1065 = CARTESIAN_POINT('',(48.19190475626,51.668523536812,
    52.973337357254));
#1066 = CARTESIAN_POINT('',(48.595442500974,51.30048613892,
    52.97274810418));
#1067 = CARTESIAN_POINT('',(48.994531892202,50.928602755685,
    52.97219909628));
#1068 = CARTESIAN_POINT('',(49.389199351774,50.552927763311,
    52.971689959852));
#1069 = CARTESIAN_POINT('',(50.168569620173,49.795209158766,
    52.970752244854));
#1070 = CARTESIAN_POINT('',(50.553298709766,49.413188119779,
    52.970323429151));
#1071 = CARTESIAN_POINT('',(50.933669017702,49.027487276217,
    52.969933669294));
#1072 = CARTESIAN_POINT('',(51.309693399126,48.638144847923,
    52.969582733224));
#1073 = CARTESIAN_POINT('',(52.052100818681,47.853259531658,
    52.968958969505));
#1074 = CARTESIAN_POINT('',(52.418506396729,47.457735533906,
    52.968685940482));
#1075 = CARTESIAN_POINT('',(52.780603089116,47.058652403623,
    52.968451184784));
#1076 = CARTESIAN_POINT('',(53.138393492861,46.656037137864,
    52.968254573212));
#1077 = CARTESIAN_POINT('',(53.844786469872,45.844442954557,
    52.967937726829));
#1078 = CARTESIAN_POINT('',(54.193402953491,45.435475476485,
    52.967817368676));
#1079 = CARTESIAN_POINT('',(54.537722963104,45.023031782684,
    52.967734863288));
#1080 = CARTESIAN_POINT('',(54.877740037924,44.607130216743,
    52.967690166927));
#1081 = CARTESIAN_POINT('',(55.549242105791,43.768320808335,
    52.96767638374));
#1082 = CARTESIAN_POINT('',(55.880724595225,43.345411065673,
    52.967707318435));
#1083 = CARTESIAN_POINT('',(56.207879874306,42.9190705332,
    52.967776076498));
#1084 = CARTESIAN_POINT('',(56.530692349677,42.489310236321,
    52.967882694349));
#1085 = CARTESIAN_POINT('',(57.167874400252,41.622579707801,
    52.968171931735));
#1086 = CARTESIAN_POINT('',(57.48223610762,41.185603427374,
    52.968354619233));
#1087 = CARTESIAN_POINT('',(57.792206525332,40.74521645663,
    52.968575387411));
#1088 = CARTESIAN_POINT('',(58.09775981157,40.301422904392,
    52.968834357104));
#1089 = CARTESIAN_POINT('',(58.700824458969,39.405753838258,
    52.969429874921));
#1090 = CARTESIAN_POINT('',(58.998310326427,38.95385893516,
    52.969766642365));
#1091 = CARTESIAN_POINT('',(59.291290692819,38.498539384498,
    52.970142161695));
#1092 = CARTESIAN_POINT('',(59.579726805011,38.039791897804,
    52.970556654479));
#1093 = CARTESIAN_POINT('',(60.174187342347,37.071839057448,
    52.971506933667));
#1094 = CARTESIAN_POINT('',(60.479304960836,36.561955282963,
    52.972050473212));
#1095 = CARTESIAN_POINT('',(60.778864529039,36.047947713455,
    52.972641386748));
#1096 = CARTESIAN_POINT('',(61.072793002125,35.529800806187,
    52.973280131808));
#1097 = CARTESIAN_POINT('',(61.360998153585,35.007488395265,
    52.973967314005));
#1098 = ORIENTED_EDGE('',*,*,#1099,.F.);
#1099 = EDGE_CURVE('',#1100,#1061,#1102,.T.);
#1100 = VERTEX_POINT('',#1101);
#1101 = CARTESIAN_POINT('',(47.682561367567,61.728221596189,45.));
#1102 = B_SPLINE_CURVE_WITH_KNOTS('',8,(#1103,#1104,#1105,#1106,#1107,
    #1108,#1109,#1110,#1111,#1112,#1113,#1114,#1115,#1116,#1117,#1118,
    #1119,#1120,#1121,#1122,#1123,#1124,#1125,#1126,#1127,#1128,#1129,
    #1130,#1131,#1132,#1133,#1134,#1135,#1136,#1137,#1138,#1139,#1140,
    #1141,#1142,#1143,#1144,#1145,#1146,#1147,#1148,#1149,#1150,#1151,
    #1152,#1153,#1154,#1155,#1156,#1157,#1158,#1159,#1160,#1161,#1162,
    #1163,#1164,#1165,#1166,#1167,#1168,#1169,#1170,#1171,#1172,#1173,
    #1174),.UNSPECIFIED.,.F.,.F.,(9,7,7,7,7,7,7,7,7,7,9),(0.,
    0.117996632388,0.236003966699,0.351596736804,0.465003684803,
    0.57818583098,0.693226195263,0.811411807256,0.929420196866,
    0.971618651607,1.),.UNSPECIFIED.);
#1103 = CARTESIAN_POINT('',(47.682561367567,61.728221596189,45.));
#1104 = CARTESIAN_POINT('',(47.683671063251,61.727364401033,
    45.16687296537));
#1105 = CARTESIAN_POINT('',(47.684711045766,61.721534286929,
    45.335352817874));
#1106 = CARTESIAN_POINT('',(47.685678314297,61.710563921192,
    45.505300180643));
#1107 = CARTESIAN_POINT('',(47.686569397861,61.694292691808,
    45.676562440278));
#1108 = CARTESIAN_POINT('',(47.687380320096,61.672568743644,
    45.848974249435));
#1109 = CARTESIAN_POINT('',(47.688106564046,61.645251014667,
    46.022358029427));
#1110 = CARTESIAN_POINT('',(47.68874303695,61.612211272156,
    46.196524472807));
#1111 = CARTESIAN_POINT('',(47.689825082169,61.534457499832,
    46.546037468267));
#1112 = CARTESIAN_POINT('',(47.690270633377,61.489742452356,
    46.72138418104));
#1113 = CARTESIAN_POINT('',(47.690615020592,61.439077464175,
    46.897113037339));
#1114 = CARTESIAN_POINT('',(47.69085194594,61.382364108072,
    47.073012732282));
#1115 = CARTESIAN_POINT('',(47.690974523765,61.319520795726,
    47.248862310367));
#1116 = CARTESIAN_POINT('',(47.690975322663,61.250484501515,
    47.42443267279));
#1117 = CARTESIAN_POINT('',(47.69084640751,61.17521248632,
    47.599488084767));
#1118 = CARTESIAN_POINT('',(47.690317819142,61.013823721399,
    47.944520913017));
#1119 = CARTESIAN_POINT('',(47.68992373832,60.927960377395,
    48.114529066844));
#1120 = CARTESIAN_POINT('',(47.689389302347,60.836074036589,
    48.28358606148));
#1121 = CARTESIAN_POINT('',(47.688706241347,60.738165145211,
    48.451461379428));
#1122 = CARTESIAN_POINT('',(47.68786600281,60.634255098101,
    48.617922079884));
#1123 = CARTESIAN_POINT('',(47.686859902154,60.524386788359,
    48.782734810077));
#1124 = CARTESIAN_POINT('',(47.685679273278,60.408625157002,
    48.945667816612));
#1125 = CARTESIAN_POINT('',(47.682977751234,60.167789128937,
    49.26427694534));
#1126 = CARTESIAN_POINT('',(47.681463712607,60.042932160275,
    49.420032163857));
#1127 = CARTESIAN_POINT('',(47.679765540808,59.912568913322,
    49.573543167929));
#1128 = CARTESIAN_POINT('',(47.677875422518,59.776802309989,
    49.724598198018));
#1129 = CARTESIAN_POINT('',(47.675785952714,59.635755385044,
    49.872990991437));
#1130 = CARTESIAN_POINT('',(47.673490393843,59.489570553751,
    50.018522594309));
#1131 = CARTESIAN_POINT('',(47.670982934995,59.3384088795,
    50.161003173521));
#1132 = CARTESIAN_POINT('',(47.6655403668,59.026798955435,
    50.439228453121));
#1133 = CARTESIAN_POINT('',(47.66260609518,58.866369597509,
    50.574986037151));
#1134 = CARTESIAN_POINT('',(47.659451665681,58.701338764724,
    50.707348446478));
#1135 = CARTESIAN_POINT('',(47.656073695673,58.531901408966,
    50.836148641111));
#1136 = CARTESIAN_POINT('',(47.652470383975,58.358268338824,
    50.961231805116));
#1137 = CARTESIAN_POINT('',(47.648642004395,58.180664621458,
    51.082456476387));
#1138 = CARTESIAN_POINT('',(47.644591399269,57.999327984468,
    51.199695676402));
#1139 = CARTESIAN_POINT('',(47.635987492581,57.62665207411,
    51.427837968531));
#1140 = CARTESIAN_POINT('',(47.631427096608,57.435197422479,
    51.538605382374));
#1141 = CARTESIAN_POINT('',(47.626649479122,57.240404291331,
    51.645023118144));
#1142 = CARTESIAN_POINT('',(47.62166469278,57.042545652736,
    51.746990272499));
#1143 = CARTESIAN_POINT('',(47.616486927382,56.841904105183,
    51.844422894224));
#1144 = CARTESIAN_POINT('',(47.61113591132,56.638770380518,
    51.93725429738));
#1145 = CARTESIAN_POINT('',(47.605639435943,56.43344267501,
    52.025434995502));
#1146 = CARTESIAN_POINT('',(47.594281397112,56.013345572681,
    52.194712365357));
#1147 = CARTESIAN_POINT('',(47.588413886391,55.798471500003,
    52.275549431359));
#1148 = CARTESIAN_POINT('',(47.582478192933,55.581936779776,
    52.351407983072));
#1149 = CARTESIAN_POINT('',(47.576529239149,55.364080878067,
    52.422271217573));
#1150 = CARTESIAN_POINT('',(47.570645236983,55.145256411224,
    52.488140460837));
#1151 = CARTESIAN_POINT('',(47.564929793745,54.925828168448,
    52.549034319715));
#1152 = CARTESIAN_POINT('',(47.55953244974,54.706185478925,
    52.604987375159));
#1153 = CARTESIAN_POINT('',(47.549906898715,54.267719759162,
    52.707032589746));
#1154 = CARTESIAN_POINT('',(47.545678305845,54.048903468,52.753137856534
    ));
#1155 = CARTESIAN_POINT('',(47.542284413354,53.830785264217,
    52.794414591675));
#1156 = CARTESIAN_POINT('',(47.54013768135,53.61391704068,
    52.830925143113));
#1157 = CARTESIAN_POINT('',(47.539729013411,53.398898137487,
    52.862744148482));
#1158 = CARTESIAN_POINT('',(47.542186189607,53.186770219228,
    52.88995199445));
#1159 = CARTESIAN_POINT('',(47.548863571316,52.978724656944,
    52.912638754968));
#1160 = CARTESIAN_POINT('',(47.570794729382,52.707184258764,
    52.937387252699));
#1161 = CARTESIAN_POINT('',(47.577783398378,52.636689599308,
    52.943335887242));
#1162 = CARTESIAN_POINT('',(47.586222727563,52.567402039043,
    52.948717507778));
#1163 = CARTESIAN_POINT('',(47.596421469539,52.499551293248,
    52.953534498538));
#1164 = CARTESIAN_POINT('',(47.608760197238,52.433419881086,
    52.957788620792));
#1165 = CARTESIAN_POINT('',(47.623740886646,52.369378447081,
    52.961480658768));
#1166 = CARTESIAN_POINT('',(47.641994803594,52.307891323436,
    52.964610388953));
#1167 = CARTESIAN_POINT('',(47.679066169651,52.21010809442,
    52.968904299396));
#1168 = CARTESIAN_POINT('',(47.695741885595,52.172155782682,
    52.970376516458));
#1169 = CARTESIAN_POINT('',(47.714379488789,52.135715522313,
    52.971594195489));
#1170 = CARTESIAN_POINT('',(47.735170981327,52.100931004955,
    52.972557302495));
#1171 = CARTESIAN_POINT('',(47.758292480046,52.067934950932,
    52.973266014569));
#1172 = CARTESIAN_POINT('',(47.783866156565,52.036821651208,
    52.973721061155));
#1173 = CARTESIAN_POINT('',(47.811929797921,52.007625019935,
    52.973924001557));
#1174 = CARTESIAN_POINT('',(47.842444983913,51.980324514194,
    52.97387717864));
#1175 = ORIENTED_EDGE('',*,*,#1176,.T.);
#1176 = EDGE_CURVE('',#1100,#1177,#1179,.T.);
#1177 = VERTEX_POINT('',#1178);
#1178 = CARTESIAN_POINT('',(18.531476261482,75.766644293978,45.));
#1179 = CIRCLE('',#1180,78.);
#1180 = AXIS2_PLACEMENT_3D('',#1181,#1182,#1183);
#1181 = CARTESIAN_POINT('',(0.,0.,45.));
#1182 = DIRECTION('',(0.,0.,1.));
#1183 = DIRECTION('',(1.,0.,-0.));
#1184 = ORIENTED_EDGE('',*,*,#1185,.F.);
#1185 = EDGE_CURVE('',#1186,#1177,#1188,.T.);
#1186 = VERTEX_POINT('',#1187);
#1187 = CARTESIAN_POINT('',(10.810577630644,69.813931918575,
    52.97387717864));
#1188 = B_SPLINE_CURVE_WITH_KNOTS('',8,(#1189,#1190,#1191,#1192,#1193,
    #1194,#1195,#1196,#1197,#1198,#1199,#1200,#1201,#1202,#1203,#1204,
    #1205,#1206,#1207,#1208,#1209,#1210,#1211,#1212,#1213,#1214,#1215,
    #1216,#1217,#1218,#1219,#1220,#1221,#1222,#1223,#1224,#1225,#1226,
    #1227,#1228,#1229,#1230,#1231,#1232,#1233,#1234,#1235,#1236,#1237,
    #1238,#1239,#1240,#1241,#1242,#1243,#1244,#1245,#1246,#1247,#1248,
    #1249,#1250,#1251,#1252,#1253,#1254,#1255,#1256,#1257,#1258,#1259,
    #1260,#1261,#1262,#1263,#1264,#1265,#1266,#1267),.UNSPECIFIED.,.F.,
  .F.,(9,7,7,7,7,7,7,7,7,7,7,9),(0.,2.958550655022E-02,
    5.811163681811E-02,0.107608388067,0.221635307734,0.334457174805,
    0.444601065779,0.553062152463,0.662398323601,0.773590603049,
    0.88682055978,1.),.UNSPECIFIED.);
#1189 = CARTESIAN_POINT('',(10.810577630644,69.813931918576,
    52.97387717864));
#1190 = CARTESIAN_POINT('',(10.852661087125,69.806805673656,
    52.973925988535));
#1191 = CARTESIAN_POINT('',(10.894694490787,69.80304691339,
    52.973703387532));
#1192 = CARTESIAN_POINT('',(10.93666887021,69.802704260721,
    52.973206721032));
#1193 = CARTESIAN_POINT('',(10.978581122003,69.805715623671,
    52.972434262404));
#1194 = CARTESIAN_POINT('',(11.020434557944,69.81189634555,
    52.971385264794));
#1195 = CARTESIAN_POINT('',(11.062236557008,69.820987482052,
    52.97005960417));
#1196 = CARTESIAN_POINT('',(11.103995744809,69.832714143035,
    52.968457354547));
#1197 = CARTESIAN_POINT('',(11.185952429186,69.86038901702,
    52.964767189896));
#1198 = CARTESIAN_POINT('',(11.226152667982,69.876171490217,
    52.96269870004));
#1199 = CARTESIAN_POINT('',(11.266330886846,69.893906666762,
    52.960373229234));
#1200 = CARTESIAN_POINT('',(11.306496063121,69.913357335242,
    52.957790816076));
#1201 = CARTESIAN_POINT('',(11.346656320062,69.934308657159,
    52.954951363786));
#1202 = CARTESIAN_POINT('',(11.386818557838,69.956575285014,
    52.951854580877));
#1203 = CARTESIAN_POINT('',(11.426988499474,69.980000603738,
    52.948499973966));
#1204 = CARTESIAN_POINT('',(11.536893568589,70.046867849149,
    52.938617700985));
#1205 = CARTESIAN_POINT('',(11.606653073321,70.092365229122,
    52.931570417286));
#1206 = CARTESIAN_POINT('',(11.676475150755,70.140231370015,
    52.92374168826));
#1207 = CARTESIAN_POINT('',(11.746373694046,70.189967193723,
    52.915126885434));
#1208 = CARTESIAN_POINT('',(11.816354872532,70.241214174096,
    52.905720633891));
#1209 = CARTESIAN_POINT('',(11.886419957817,70.293703857277,
    52.89551718218));
#1210 = CARTESIAN_POINT('',(11.956567108116,70.347226137739,
    52.884510613534));
#1211 = CARTESIAN_POINT('',(12.188571228579,70.526916261534,
    52.845474736052));
#1212 = CARTESIAN_POINT('',(12.350760049824,70.656818273169,
    52.81396091909));
#1213 = CARTESIAN_POINT('',(12.513301469487,70.789301233762,
    52.77808107009));
#1214 = CARTESIAN_POINT('',(12.676061384618,70.923530622005,
    52.737763781564));
#1215 = CARTESIAN_POINT('',(12.838888540248,71.058822931129,
    52.692947487213));
#1216 = CARTESIAN_POINT('',(13.001610254013,71.194738276081,
    52.643580864125));
#1217 = CARTESIAN_POINT('',(13.164044684383,71.330885833183,
    52.589625349911));
#1218 = CARTESIAN_POINT('',(13.486245578487,71.601570424829,
    52.473105205813));
#1219 = CARTESIAN_POINT('',(13.646021455075,71.736107945488,
    52.410637834921));
#1220 = CARTESIAN_POINT('',(13.805143058679,71.870249057618,
    52.343629645913));
#1221 = CARTESIAN_POINT('',(13.963416886522,72.003732431708,
    52.272069847719));
#1222 = CARTESIAN_POINT('',(14.120644010221,72.13632515067,
    52.195961998494));
#1223 = CARTESIAN_POINT('',(14.276622361359,72.267809789565,
    52.115324795329));
#1224 = CARTESIAN_POINT('',(14.431148716173,72.397979423753,
    52.030192546968));
#1225 = CARTESIAN_POINT('',(14.733263431622,72.652247764999,
    51.853164345699));
#1226 = CARTESIAN_POINT('',(14.88092943548,72.776416827277,
    51.761476970485));
#1227 = CARTESIAN_POINT('',(15.026829785814,72.898967249677,
    51.665599594315));
#1228 = CARTESIAN_POINT('',(15.170776539268,73.019727086533,
    51.565593313477));
#1229 = CARTESIAN_POINT('',(15.312584044335,73.138532846598,
    51.461533628234));
#1230 = CARTESIAN_POINT('',(15.452070571445,73.255229390486,
    51.35351014095));
#1231 = CARTESIAN_POINT('',(15.589059943048,73.369669828113,
    51.241626254219));
#1232 = CARTESIAN_POINT('',(15.855654162568,73.592049145315,
    51.012138066159));
#1233 = CARTESIAN_POINT('',(15.985339905119,73.700060791439,
    50.894647243021));
#1234 = CARTESIAN_POINT('',(16.112278839125,73.805618217946,
    50.773637670433));
#1235 = CARTESIAN_POINT('',(16.236316317339,73.908597550941,
    50.649233222345));
#1236 = CARTESIAN_POINT('',(16.357305761704,74.008883668535,
    50.521569335091));
#1237 = CARTESIAN_POINT('',(16.475109827569,74.106370690199,
    50.390791966701));
#1238 = CARTESIAN_POINT('',(16.589601567907,74.200962466097,
    50.257056556197));
#1239 = CARTESIAN_POINT('',(16.812625712638,74.384922798322,
    49.98289586332));
#1240 = CARTESIAN_POINT('',(16.921102642752,74.474243116169,
    49.842425231457));
#1241 = CARTESIAN_POINT('',(17.025977838703,74.560445820231,
    49.699282762505));
#1242 = CARTESIAN_POINT('',(17.127144837003,74.643453441019,
    49.553644634383));
#1243 = CARTESIAN_POINT('',(17.224509750765,74.723199375182,
    49.405693980225));
#1244 = CARTESIAN_POINT('',(17.317991760616,74.799628021404,
    49.255619340859));
#1245 = CARTESIAN_POINT('',(17.407523605614,74.87269491629,
    49.103613117287));
#1246 = CARTESIAN_POINT('',(17.580032487658,75.013221586461,
    48.79351696173));
#1247 = CARTESIAN_POINT('',(17.662872485827,75.08056514974,
    48.635367447041));
#1248 = CARTESIAN_POINT('',(17.741515684748,75.144362383644,
    48.475626309125));
#1249 = CARTESIAN_POINT('',(17.815920768078,75.204590208537,
    48.314500564427));
#1250 = CARTESIAN_POINT('',(17.886061120864,75.261237204277,
    48.152197792098));
#1251 = CARTESIAN_POINT('',(17.951924463348,75.314303172883,
    47.988924510265));
#1252 = CARTESIAN_POINT('',(18.013512484775,75.36379870121,
    47.824884552317));
#1253 = CARTESIAN_POINT('',(18.129219045706,75.456532739428,
    47.492653792163));
#1254 = CARTESIAN_POINT('',(18.183180018165,75.49963996444,
    47.324441912884));
#1255 = CARTESIAN_POINT('',(18.232739223803,75.539088308245,
    47.155852763563));
#1256 = CARTESIAN_POINT('',(18.277927021419,75.574910738811,
    46.987092440046));
#1257 = CARTESIAN_POINT('',(18.31878719318,75.607150363273,
    46.818360997818));
#1258 = CARTESIAN_POINT('',(18.355375838402,75.635859508721,
    46.649851274015));
#1259 = CARTESIAN_POINT('',(18.387760267343,75.661098802992,
    46.48174770944));
#1260 = CARTESIAN_POINT('',(18.444262915747,75.704763965347,
    46.146777370354));
#1261 = CARTESIAN_POINT('',(18.46838479126,75.723192851538,
    45.979910035431));
#1262 = CARTESIAN_POINT('',(18.488460737158,75.738290792069,
    45.813798143499));
#1263 = CARTESIAN_POINT('',(18.504577905685,75.75013293151,
    45.64860706367));
#1264 = CARTESIAN_POINT('',(18.5168320755,75.758800673742,
    45.484492164559));
#1265 = CARTESIAN_POINT('',(18.52532634149,75.764380674734,
    45.321598422365));
#1266 = CARTESIAN_POINT('',(18.530169804567,75.766963835321,
    45.160060028965));
#1267 = CARTESIAN_POINT('',(18.531476261482,75.766644293978,45.));
#1268 = ORIENTED_EDGE('',*,*,#1269,.F.);
#1269 = EDGE_CURVE('',#1270,#1186,#1272,.T.);
#1270 = VERTEX_POINT('',#1271);
#1271 = CARTESIAN_POINT('',(-10.81057763064,69.813931918576,
    52.97387717864));
#1272 = B_SPLINE_CURVE_WITH_KNOTS('',5,(#1273,#1274,#1275,#1276,#1277,
    #1278,#1279,#1280,#1281,#1282,#1283,#1284,#1285,#1286,#1287,#1288,
    #1289,#1290,#1291,#1292,#1293,#1294,#1295,#1296,#1297,#1298,#1299,
    #1300,#1301,#1302,#1303,#1304,#1305,#1306),.UNSPECIFIED.,.F.,.F.,(6,
    4,4,4,4,4,4,4,6),(0.,0.124082905037,0.247797775406,0.371191805936,
    0.494386485864,0.617616256264,0.740955681789,0.864645388833,1.),
  .UNSPECIFIED.);
#1273 = CARTESIAN_POINT('',(-10.88800003108,69.800772155272,
    52.973967314005));
#1274 = CARTESIAN_POINT('',(-10.34891720604,69.892745840845,
    52.973337357254));
#1275 = CARTESIAN_POINT('',(-9.809572313153,69.978776789738,
    52.97274810418));
#1276 = CARTESIAN_POINT('',(-9.269994010874,70.058931943192,
    52.97219909628));
#1277 = CARTESIAN_POINT('',(-8.730208338491,70.133265861632,
    52.971689959852));
#1278 = CARTESIAN_POINT('',(-7.651870664388,70.270172251353,
    52.970752244854));
#1279 = CARTESIAN_POINT('',(-7.113319925304,70.332779343914,
    52.970323429151));
#1280 = CARTESIAN_POINT('',(-6.574609855064,70.389684283125,
    52.969933669294));
#1281 = CARTESIAN_POINT('',(-6.035762320095,70.440920949227,
    52.969582733224));
#1282 = CARTESIAN_POINT('',(-4.959230814796,70.531990452333,
    52.968958969505));
#1283 = CARTESIAN_POINT('',(-4.421547560024,70.571852689613,
    52.968685940482));
#1284 = CARTESIAN_POINT('',(-3.883768209657,70.606127021593,
    52.968451184784));
#1285 = CARTESIAN_POINT('',(-3.345912251626,70.634832311094,
    52.968254573212));
#1286 = CARTESIAN_POINT('',(-2.270953550858,70.681091882976,
    52.967937726829));
#1287 = CARTESIAN_POINT('',(-1.733851078899,70.698664173306,
    52.967817368676));
#1288 = CARTESIAN_POINT('',(-1.196709599771,70.71070995994,
    52.967734863288));
#1289 = CARTESIAN_POINT('',(-0.659547483302,70.71723562867,
    52.967690166927));
#1290 = CARTESIAN_POINT('',(0.414934811224,70.719247974024,
    52.96767638374));
#1291 = CARTESIAN_POINT('',(0.952254913937,70.714731508494,
    52.967707318435));
#1292 = CARTESIAN_POINT('',(1.489559344608,70.70469283122,
    52.967776076499));
#1293 = CARTESIAN_POINT('',(2.026829760929,70.68912662505,
    52.967882694349));
#1294 = CARTESIAN_POINT('',(3.101743485403,70.646897966761,
    52.968171931735));
#1295 = CARTESIAN_POINT('',(3.639386617172,70.620225591964,
    52.968354619233));
#1296 = CARTESIAN_POINT('',(4.17695840969,70.587993438035,
    52.968575387411));
#1297 = CARTESIAN_POINT('',(4.71443953844,70.550183862835,
    52.968834357104));
#1298 = CARTESIAN_POINT('',(5.790706469731,70.463238261561,
    52.969429874921));
#1299 = CARTESIAN_POINT('',(6.329491536297,70.414070214735,
    52.969766642365));
#1300 = CARTESIAN_POINT('',(6.868144966178,70.359244392501,
    52.970142161695));
#1301 = CARTESIAN_POINT('',(7.406645168218,70.298728446112,
    52.970556654479));
#1302 = CARTESIAN_POINT('',(8.53406125499,70.159987684644,
    52.971506933667));
#1303 = CARTESIAN_POINT('',(9.122942165775,70.08063091111,
    52.972050473212));
#1304 = CARTESIAN_POINT('',(9.71158180167,69.994357534738,
    52.972641386748));
#1305 = CARTESIAN_POINT('',(10.299946771758,69.901100756045,
    52.973280131808));
#1306 = CARTESIAN_POINT('',(10.888000031081,69.800772155272,
    52.973967314005));
#1307 = ORIENTED_EDGE('',*,*,#1308,.F.);
#1308 = EDGE_CURVE('',#1309,#1270,#1311,.T.);
#1309 = VERTEX_POINT('',#1310);
#1310 = CARTESIAN_POINT('',(-18.53147626148,75.766644293978,45.));
#1311 = B_SPLINE_CURVE_WITH_KNOTS('',8,(#1312,#1313,#1314,#1315,#1316,
    #1317,#1318,#1319,#1320,#1321,#1322,#1323,#1324,#1325,#1326,#1327,
    #1328,#1329,#1330,#1331,#1332,#1333,#1334,#1335,#1336,#1337,#1338,
    #1339,#1340,#1341,#1342,#1343,#1344,#1345,#1346,#1347,#1348,#1349,
    #1350,#1351,#1352,#1353,#1354,#1355,#1356,#1357,#1358,#1359,#1360,
    #1361,#1362,#1363,#1364,#1365,#1366,#1367,#1368,#1369,#1370,#1371,
    #1372,#1373,#1374,#1375,#1376,#1377,#1378,#1379,#1380,#1381,#1382,
    #1383),.UNSPECIFIED.,.F.,.F.,(9,7,7,7,7,7,7,7,7,7,9),(0.,
    0.117996632387,0.236003966698,0.351596736802,0.4650036848,
    0.578185830976,0.693226195259,0.811411807253,0.929420196866,
    0.971618651607,1.),.UNSPECIFIED.);
#1312 = CARTESIAN_POINT('',(-18.53147626148,75.766644293978,45.));
#1313 = CARTESIAN_POINT('',(-18.53011419538,75.766977436561,
    45.16687296537));
#1314 = CARTESIAN_POINT('',(-18.52490761013,75.764155510945,
    45.335352817874));
#1315 = CARTESIAN_POINT('',(-18.51572755076,75.758071840775,
    45.505300180643));
#1316 = CARTESIAN_POINT('',(-18.50245060985,75.748623572375,
    45.676562440278));
#1317 = CARTESIAN_POINT('',(-18.48496054151,75.735712916771,
    45.848974249435));
#1318 = CARTESIAN_POINT('',(-18.46314987527,75.719248391728,
    46.022358029427));
#1319 = CARTESIAN_POINT('',(-18.43692153004,75.69914606377,
    46.196524472807));
#1320 = CARTESIAN_POINT('',(-18.3754565388,75.651513356689,
    46.546037468267));
#1321 = CARTESIAN_POINT('',(-18.3402191103,75.623982326559,
    46.72138418104));
#1322 = CARTESIAN_POINT('',(-18.30039290557,75.592662475883,
    46.897113037339));
#1323 = CARTESIAN_POINT('',(-18.25590489775,75.55748751242,
    47.073012732282));
#1324 = CARTESIAN_POINT('',(-18.20669559167,75.51840118326,
    47.248862310367));
#1325 = CARTESIAN_POINT('',(-18.15272034532,75.475358382465,
    47.42443267279));
#1326 = CARTESIAN_POINT('',(-18.09395069138,75.4283262587,
    47.599488084767));
#1327 = CARTESIAN_POINT('',(-17.9681014435,75.32728874261,
    47.944520913018));
#1328 = CARTESIAN_POINT('',(-17.90121648334,75.273445718477,
    48.114529066844));
#1329 = CARTESIAN_POINT('',(-17.82971006467,75.215737683185,
    48.28358606148));
#1330 = CARTESIAN_POINT('',(-17.75358769255,75.154158449305,
    48.451461379428));
#1331 = CARTESIAN_POINT('',(-17.67287142653,75.08871466968,
    48.617922079884));
#1332 = CARTESIAN_POINT('',(-17.58760021655,75.019426297841,
    48.782734810077));
#1333 = CARTESIAN_POINT('',(-17.49783023876,74.94632704842,
    48.945667816612));
#1334 = CARTESIAN_POINT('',(-17.31122142134,74.794056106016,
    49.264276945339));
#1335 = CARTESIAN_POINT('',(-17.21454830008,74.715025336301,
    49.420032163857));
#1336 = CARTESIAN_POINT('',(-17.11368500226,74.632417497113,
    49.573543167929));
#1337 = CARTESIAN_POINT('',(-17.00871686698,74.546290650517,
    49.724598198018));
#1338 = CARTESIAN_POINT('',(-16.89974470367,74.456715717956,
    49.872990991437));
#1339 = CARTESIAN_POINT('',(-16.78688405785,74.363776226263,
    50.018522594309));
#1340 = CARTESIAN_POINT('',(-16.670264477,74.267568053667,
    50.161003173521));
#1341 = CARTESIAN_POINT('',(-16.43003141388,74.069027272694,
    50.439228453121));
#1342 = CARTESIAN_POINT('',(-16.30643217957,73.966707098178,
    50.574986037151));
#1343 = CARTESIAN_POINT('',(-16.17937263355,73.861345824653,
    50.707348446479));
#1344 = CARTESIAN_POINT('',(-16.04900730436,73.753062357985,
    50.836148641111));
#1345 = CARTESIAN_POINT('',(-15.91550213182,73.641986726959,
    50.961231805116));
#1346 = CARTESIAN_POINT('',(-15.77903290981,73.528259472727,
    51.082456476387));
#1347 = CARTESIAN_POINT('',(-15.63978372907,73.412031038249,
    51.199695676402));
#1348 = CARTESIAN_POINT('',(-15.35377841767,73.172944603622,
    51.427837968531));
#1349 = CARTESIAN_POINT('',(-15.20693650394,73.050009119668,
    51.538605382374));
#1350 = CARTESIAN_POINT('',(-15.05761989722,72.924822297163,
    51.645023118144));
#1351 = CARTESIAN_POINT('',(-14.90603574794,72.797562190894,
    51.746990272499));
#1352 = CARTESIAN_POINT('',(-14.75239615329,72.668416092169,
    51.844422894224));
#1353 = CARTESIAN_POINT('',(-14.59691611614,72.537580693605,
    51.93725429738));
#1354 = CARTESIAN_POINT('',(-14.4398114481,72.405263645691,
    52.025434995502));
#1355 = CARTESIAN_POINT('',(-14.11844792918,72.134457314258,
    52.194712365359));
#1356 = CARTESIAN_POINT('',(-13.9541109475,71.995898116664,
    52.275549431354));
#1357 = CARTESIAN_POINT('',(-13.7885181305,71.856250214823,
    52.351407983077));
#1358 = CARTESIAN_POINT('',(-13.62190063993,71.715768202485,
    52.422271217573));
#1359 = CARTESIAN_POINT('',(-13.45448539797,71.574733080883,
    52.488140460832));
#1360 = CARTESIAN_POINT('',(-13.28649301018,71.433453295795,
    52.549034319719));
#1361 = CARTESIAN_POINT('',(-13.11813462958,71.292288505373,
    52.604987375157));
#1362 = CARTESIAN_POINT('',(-12.78132975878,71.0113840418,
    52.707032589747));
#1363 = CARTESIAN_POINT('',(-12.61288877802,70.871648268766,
    52.753137856525));
#1364 = CARTESIAN_POINT('',(-12.44447315671,70.733000341072,
    52.794414591694));
#1365 = CARTESIAN_POINT('',(-12.27625721757,70.596106832733,
    52.830925143091));
#1366 = CARTESIAN_POINT('',(-12.10840346998,70.461725229886,
    52.862744148497));
#1367 = CARTESIAN_POINT('',(-11.9410231609,70.331386733889,
    52.889951994446));
#1368 = CARTESIAN_POINT('',(-11.77420331111,70.206893034718,
    52.912638754968));
#1369 = CARTESIAN_POINT('',(-11.54823062566,70.054736835484,
    52.937387252699));
#1370 = CARTESIAN_POINT('',(-11.4887583177,70.016248095668,
    52.943335887241));
#1371 = CARTESIAN_POINT('',(-11.42932528606,69.979646141697,
    52.948717507779));
#1372 = CARTESIAN_POINT('',(-11.36991862527,69.945315591203,
    52.953534498539));
#1373 = CARTESIAN_POINT('',(-11.31052193438,69.913730135905,
    52.957788620791));
#1374 = CARTESIAN_POINT('',(-11.25111201802,69.885513329515,
    52.961480658768));
#1375 = CARTESIAN_POINT('',(-11.19165831793,69.861448221925,
    52.964610388953));
#1376 = CARTESIAN_POINT('',(-11.09209469235,69.829464936923,
    52.968904299396));
#1377 = CARTESIAN_POINT('',(-11.05202524137,69.818839657315,
    52.970376516458));
#1378 = CARTESIAN_POINT('',(-11.01191474306,69.810690991533,
    52.971594195489));
#1379 = CARTESIAN_POINT('',(-10.97175582872,69.805258643131,
    52.972557302495));
#1380 = CARTESIAN_POINT('',(-10.93154245624,69.802763055566,
    52.973266014569));
#1381 = CARTESIAN_POINT('',(-10.89127217248,69.803358535912,
    52.973721061155));
#1382 = CARTESIAN_POINT('',(-10.85094793278,69.807095772388,
    52.973924001557));
#1383 = CARTESIAN_POINT('',(-10.81057763064,69.813931918576,
    52.97387717864));
#1384 = ORIENTED_EDGE('',*,*,#1385,.T.);
#1385 = EDGE_CURVE('',#1309,#1386,#1388,.T.);
#1386 = VERTEX_POINT('',#1387);
#1387 = CARTESIAN_POINT('',(-47.68256136756,61.728221596189,45.));
#1388 = CIRCLE('',#1389,78.);
#1389 = AXIS2_PLACEMENT_3D('',#1390,#1391,#1392);
#1390 = CARTESIAN_POINT('',(0.,0.,45.));
#1391 = DIRECTION('',(0.,0.,1.));
#1392 = DIRECTION('',(1.,0.,-0.));
#1393 = ORIENTED_EDGE('',*,*,#1394,.F.);
#1394 = EDGE_CURVE('',#1395,#1386,#1397,.T.);
#1395 = VERTEX_POINT('',#1396);
#1396 = CARTESIAN_POINT('',(-47.84244498391,51.980324514194,
    52.97387717864));
#1397 = B_SPLINE_CURVE_WITH_KNOTS('',8,(#1398,#1399,#1400,#1401,#1402,
    #1403,#1404,#1405,#1406,#1407,#1408,#1409,#1410,#1411,#1412,#1413,
    #1414,#1415,#1416,#1417,#1418,#1419,#1420,#1421,#1422,#1423,#1424,
    #1425,#1426,#1427,#1428,#1429,#1430,#1431,#1432,#1433,#1434,#1435,
    #1436,#1437,#1438,#1439,#1440,#1441,#1442,#1443,#1444,#1445,#1446,
    #1447,#1448,#1449,#1450,#1451,#1452,#1453,#1454,#1455,#1456,#1457,
    #1458,#1459,#1460,#1461,#1462,#1463,#1464,#1465,#1466,#1467,#1468,
    #1469,#1470,#1471,#1472,#1473,#1474,#1475,#1476),.UNSPECIFIED.,.F.,
  .F.,(9,7,7,7,7,7,7,7,7,7,7,9),(0.,2.958550655066E-02,
    5.811163681903E-02,0.107608388069,0.221635307737,0.334457174807,
    0.44460106578,0.553062152465,0.662398323602,0.773590603049,
    0.88682055978,1.),.UNSPECIFIED.);
#1398 = CARTESIAN_POINT('',(-47.84244498391,51.980324514194,
    52.97387717864));
#1399 = CARTESIAN_POINT('',(-47.81063485534,52.008783544328,
    52.973925988535));
#1400 = CARTESIAN_POINT('',(-47.78148873971,52.039303033934,
    52.973703387532));
#1401 = CARTESIAN_POINT('',(-47.75505024555,52.071906284778,
    52.973206721032));
#1402 = CARTESIAN_POINT('',(-47.73127276234,52.10655215682,
    52.972434262404));
#1403 = CARTESIAN_POINT('',(-47.71000985481,52.143128107749,
    52.971385264794));
#1404 = CARTESIAN_POINT('',(-47.69105447143,52.181478457542,
    52.97005960417));
#1405 = CARTESIAN_POINT('',(-47.67418631644,52.221438558781,
    52.968457354547));
#1406 = CARTESIAN_POINT('',(-47.64472424729,52.302769876522,
    52.964767189897));
#1407 = CARTESIAN_POINT('',(-47.63199904279,52.344039899902,
    52.96269870004));
#1408 = CARTESIAN_POINT('',(-47.62081425244,52.386510198029,
    52.960373229234));
#1409 = CARTESIAN_POINT('',(-47.61097881961,52.430039890776,
    52.957790816076));
#1410 = CARTESIAN_POINT('',(-47.60231971204,52.474501379548,
    52.954951363787));
#1411 = CARTESIAN_POINT('',(-47.59468771704,52.519784496836,
    52.951854580877));
#1412 = CARTESIAN_POINT('',(-47.58795681975,52.565796069186,
    52.948499973966));
#1413 = CARTESIAN_POINT('',(-47.57171104759,52.693414357895,
    52.938617700985));
#1414 = CARTESIAN_POINT('',(-47.56378799184,52.776321687321,
    52.931570417286));
#1415 = CARTESIAN_POINT('',(-47.55767789451,52.860754836331,
    52.92374168826));
#1416 = CARTESIAN_POINT('',(-47.55298189839,52.946413496924,
    52.915126885434));
#1417 = CARTESIAN_POINT('',(-47.54941584992,53.033078955083,
    52.905720633891));
#1418 = CARTESIAN_POINT('',(-47.54676907059,53.120584826746,
    52.89551718218));
#1419 = CARTESIAN_POINT('',(-47.54487844163,53.208798673295,
    52.884510613534));
#1420 = CARTESIAN_POINT('',(-47.5407136344,53.502221758415,
    52.845474736052));
#1421 = CARTESIAN_POINT('',(-47.54115204071,53.710018664474,
    52.81396091909));
#1422 = CARTESIAN_POINT('',(-47.54338847266,53.919700438396,
    52.778081070089));
#1423 = CARTESIAN_POINT('',(-47.54685408702,54.130641918847,
    52.737763781565));
#1424 = CARTESIAN_POINT('',(-47.55110880263,54.342298690291,
    52.692947487215));
#1425 = CARTESIAN_POINT('',(-47.55591636919,54.554261480511,
    52.643580864124));
#1426 = CARTESIAN_POINT('',(-47.56108460479,54.766144445402,
    52.589625349912));
#1427 = CARTESIAN_POINT('',(-47.57182536873,55.186820330505,
    52.473105205813));
#1428 = CARTESIAN_POINT('',(-47.57739240832,55.395620913059,
    52.410637834921));
#1429 = CARTESIAN_POINT('',(-47.58305745577,55.603662807721,
    52.343629645914));
#1430 = CARTESIAN_POINT('',(-47.58873684246,55.810631791643,
    52.272069847719));
#1431 = CARTESIAN_POINT('',(-47.59437249629,56.016227114923,
    52.195961998494));
#1432 = CARTESIAN_POINT('',(-47.59992041519,56.220155231878,
    52.115324795329));
#1433 = CARTESIAN_POINT('',(-47.60534552692,56.422128240371,
    52.030192546968));
#1434 = CARTESIAN_POINT('',(-47.61577507702,56.816864753927,
    51.853164345699));
#1435 = CARTESIAN_POINT('',(-47.62078611158,57.009732828671,
    51.761476970484));
#1436 = CARTESIAN_POINT('',(-47.62563250948,57.200211254445,
    51.665599594315));
#1437 = CARTESIAN_POINT('',(-47.63029701896,57.388045884848,
    51.565593313477));
#1438 = CARTESIAN_POINT('',(-47.63476756924,57.572989636563,
    51.461533628234));
#1439 = CARTESIAN_POINT('',(-47.639036174,57.754803699864,51.35351014095
    ));
#1440 = CARTESIAN_POINT('',(-47.64309783484,57.933258749128,
    51.241626254219));
#1441 = CARTESIAN_POINT('',(-47.65074220898,58.280341739413,
    51.012138066159));
#1442 = CARTESIAN_POINT('',(-47.65433137646,58.449078295605,
    50.894647243021));
#1443 = CARTESIAN_POINT('',(-47.6577143649,58.6141371295,50.773637670433
    ));
#1444 = CARTESIAN_POINT('',(-47.66089074677,58.775320098898,
    50.649233222345));
#1445 = CARTESIAN_POINT('',(-47.66386190606,58.932440827137,
    50.521569335091));
#1446 = CARTESIAN_POINT('',(-47.66663069505,59.085325918414,
    50.390791966701));
#1447 = CARTESIAN_POINT('',(-47.66920109093,59.233816173105,
    50.257056556197));
#1448 = CARTESIAN_POINT('',(-47.67397379038,59.522880861895,
    49.98289586332));
#1449 = CARTESIAN_POINT('',(-47.67617296723,59.663381848256,
    49.842425231457));
#1450 = CARTESIAN_POINT('',(-47.67818034,59.799123085055,49.699282762505
    ));
#1451 = CARTESIAN_POINT('',(-47.68000171949,59.929973034351,
    49.553644634383));
#1452 = CARTESIAN_POINT('',(-47.68164357063,60.055816765909,
    49.405693980225));
#1453 = CARTESIAN_POINT('',(-47.68311281261,60.176556425744,
    49.255619340859));
#1454 = CARTESIAN_POINT('',(-47.68441661906,60.292111704661,
    49.103613117287));
#1455 = CARTESIAN_POINT('',(-47.68672726524,60.51460152539,
    48.79351696173));
#1456 = CARTESIAN_POINT('',(-47.68772868911,60.621356468891,
    48.635367447041));
#1457 = CARTESIAN_POINT('',(-47.68857414256,60.722619122415,
    48.475626309125));
#1458 = CARTESIAN_POINT('',(-47.68927134152,60.818342793628,
    48.314500564427));
#1459 = CARTESIAN_POINT('',(-47.68982795151,60.908499553777,
    48.152197792097));
#1460 = CARTESIAN_POINT('',(-47.69025147406,60.993079678723,
    47.988924510265));
#1461 = CARTESIAN_POINT('',(-47.69054913307,61.072091089967,
    47.824884552317));
#1462 = CARTESIAN_POINT('',(-47.6909096629,61.220372849145,
    47.492653792163));
#1463 = CARTESIAN_POINT('',(-47.69096813251,61.28943815142,
    47.324441912884));
#1464 = CARTESIAN_POINT('',(-47.69091043032,61.352780738696,
    47.155852763563));
#1465 = CARTESIAN_POINT('',(-47.69074340334,61.410444901632,
    46.987092440047));
#1466 = CARTESIAN_POINT('',(-47.69047345633,61.46249174736,
    46.818360997818));
#1467 = CARTESIAN_POINT('',(-47.69010652291,61.508997761503,
    46.649851274015));
#1468 = CARTESIAN_POINT('',(-47.68964803659,61.550053370175,
    46.481747709439));
#1469 = CARTESIAN_POINT('',(-47.68855801015,61.621453702965,
    46.146777370355));
#1470 = CARTESIAN_POINT('',(-47.68792655017,61.651803167257,
    45.979910035431));
#1471 = CARTESIAN_POINT('',(-47.68721344787,61.676912585751,
    45.813798143498));
#1472 = CARTESIAN_POINT('',(-47.68642311509,61.696896948687,
    45.64860706367));
#1473 = CARTESIAN_POINT('',(-47.68555947894,61.711881893327,
    45.484492164559));
#1474 = CARTESIAN_POINT('',(-47.68462601117,61.722002051611,
    45.321598422365));
#1475 = CARTESIAN_POINT('',(-47.68362575761,61.727399397811,
    45.160060028965));
#1476 = CARTESIAN_POINT('',(-47.68256136756,61.728221596189,45.));
#1477 = ORIENTED_EDGE('',*,*,#1478,.F.);
#1478 = EDGE_CURVE('',#1479,#1395,#1481,.T.);
#1479 = VERTEX_POINT('',#1480);
#1480 = CARTESIAN_POINT('',(-61.32301479373,35.07622464359,
    52.97387717864));
#1481 = B_SPLINE_CURVE_WITH_KNOTS('',5,(#1482,#1483,#1484,#1485,#1486,
    #1487,#1488,#1489,#1490,#1491,#1492,#1493,#1494,#1495,#1496,#1497,
    #1498,#1499,#1500,#1501,#1502,#1503,#1504,#1505,#1506,#1507,#1508,
    #1509,#1510,#1511,#1512,#1513,#1514,#1515),.UNSPECIFIED.,.F.,.F.,(6,
    4,4,4,4,4,4,4,6),(0.,0.125726710388,0.250635113424,0.375260106851,
    0.49968784995,0.62168440666,0.743832668039,0.866288894673,1.),
  .UNSPECIFIED.);
#1482 = CARTESIAN_POINT('',(-61.36099815358,35.007488395265,
    52.973967314005));
#1483 = CARTESIAN_POINT('',(-61.09329334492,35.492648162032,
    52.973329011817));
#1484 = CARTESIAN_POINT('',(-60.82065065545,35.974214233674,
    52.972732498827));
#1485 = CARTESIAN_POINT('',(-60.54314308969,36.452206706588,
    52.972177298275));
#1486 = CARTESIAN_POINT('',(-60.26083176292,36.926639715551,
    52.971663022524));
#1487 = CARTESIAN_POINT('',(-59.68856844206,37.865338361827,
    52.970718806411));
#1488 = CARTESIAN_POINT('',(-59.39867857071,38.32965018918,
    52.970288336128));
#1489 = CARTESIAN_POINT('',(-59.10414505021,38.79046512625,
    52.969897666026));
#1490 = CARTESIAN_POINT('',(-58.80500889864,39.247787167714,
    52.969546559395));
#1491 = CARTESIAN_POINT('',(-58.19828696896,40.154415306815,
    52.96892382588));
#1492 = CARTESIAN_POINT('',(-57.89072211094,40.603737258475,
    52.968652019266));
#1493 = CARTESIAN_POINT('',(-57.57864206787,41.049581814241,
    52.968419241656));
#1494 = CARTESIAN_POINT('',(-57.26207422584,41.491945191042,
    52.968225362554));
#1495 = CARTESIAN_POINT('',(-56.6205140996,42.369000091338,
    52.967915479805));
#1496 = CARTESIAN_POINT('',(-56.29553605058,42.803702623535,
    52.967799352916));
#1497 = CARTESIAN_POINT('',(-55.96612748237,43.234920211656,
    52.967721833879));
#1498 = CARTESIAN_POINT('',(-55.6323049662,43.662641886995,
    52.967682880797));
#1499 = CARTESIAN_POINT('',(-54.96246382788,44.502775581838,
    52.967682114354));
#1500 = CARTESIAN_POINT('',(-54.62661560662,44.915323386264,
    52.967718808627));
#1501 = CARTESIAN_POINT('',(-54.28654647649,45.324482760299,
    52.967792576128));
#1502 = CARTESIAN_POINT('',(-53.94226317056,45.730236289172,
    52.96790345517));
#1503 = CARTESIAN_POINT('',(-53.24483973833,46.535389708953,
    52.968199774689));
#1504 = CARTESIAN_POINT('',(-52.8916891329,46.93478097202,
    52.968385308126));
#1505 = CARTESIAN_POINT('',(-52.53431884235,47.330715517223,
    52.968608199859));
#1506 = CARTESIAN_POINT('',(-52.17272691828,47.723167731806,
    52.968868569698));
#1507 = CARTESIAN_POINT('',(-51.44016463984,48.502027902353,
    52.96946534284));
#1508 = CARTESIAN_POINT('',(-51.06917288182,48.888417949213,
    52.96980193724));
#1509 = CARTESIAN_POINT('',(-50.69392530802,49.271247476331,
    52.970176526698));
#1510 = CARTESIAN_POINT('',(-50.31441024438,49.650480312521,
    52.970589328198));
#1511 = CARTESIAN_POINT('',(-49.51153636844,50.436188888256,
    52.971533374694));
#1512 = CARTESIAN_POINT('',(-49.08735381613,50.841964816277,
    52.972072019357));
#1513 = CARTESIAN_POINT('',(-48.65804021792,51.243346706621,
    52.972656905464));
#1514 = CARTESIAN_POINT('',(-48.2235651349,51.640269060945,
    52.973288475726));
#1515 = CARTESIAN_POINT('',(-47.78388418955,52.032650806089,
    52.973967314005));
#1516 = ORIENTED_EDGE('',*,*,#1517,.F.);
#1517 = EDGE_CURVE('',#1518,#1479,#1520,.T.);
#1518 = VERTEX_POINT('',#1519);
#1519 = CARTESIAN_POINT('',(-70.79093429241,32.751238480518,45.));
#1520 = B_SPLINE_CURVE_WITH_KNOTS('',8,(#1521,#1522,#1523,#1524,#1525,
    #1526,#1527,#1528,#1529,#1530,#1531,#1532,#1533,#1534,#1535,#1536,
    #1537,#1538,#1539,#1540,#1541,#1542,#1543,#1544,#1545,#1546,#1547,
    #1548,#1549,#1550,#1551,#1552,#1553,#1554,#1555,#1556,#1557,#1558,
    #1559,#1560,#1561,#1562,#1563,#1564,#1565,#1566,#1567,#1568,#1569,
    #1570,#1571,#1572,#1573,#1574,#1575,#1576,#1577,#1578,#1579,#1580,
    #1581,#1582,#1583,#1584,#1585,#1586,#1587,#1588,#1589,#1590,#1591,
    #1592),.UNSPECIFIED.,.F.,.F.,(9,7,7,7,7,7,7,7,7,7,9),(0.,
    0.117996632387,0.236003966698,0.351596736803,0.465003684801,
    0.578185830977,0.69322619526,0.811411807252,0.929420196865,
    0.971618651608,1.),.UNSPECIFIED.);
#1521 = CARTESIAN_POINT('',(-70.79093429241,32.751238480518,45.));
#1522 = CARTESIAN_POINT('',(-70.79034551944,32.75251109768,
    45.16687296537));
#1523 = CARTESIAN_POINT('',(-70.78489299635,32.754822328098,
    45.335352817874));
#1524 = CARTESIAN_POINT('',(-70.77441291808,32.758206481217,
    45.505300180643));
#1525 = CARTESIAN_POINT('',(-70.75874792714,32.762695912615,
    45.676562440278));
#1526 = CARTESIAN_POINT('',(-70.73774909088,32.768320536571,
    45.848974249435));
#1527 = CARTESIAN_POINT('',(-70.71127787889,32.775107338635,
    46.022358029427));
#1528 = CARTESIAN_POINT('',(-70.67920814025,32.783079888195,
    46.196524472807));
#1529 = CARTESIAN_POINT('',(-70.60364459505,32.801436646318,
    46.546037468267));
#1530 = CARTESIAN_POINT('',(-70.56014979164,32.811821060753,
    46.72138418104));
#1531 = CARTESIAN_POINT('',(-70.51083171385,32.82343083395,
    46.897113037339));
#1532 = CARTESIAN_POINT('',(-70.45559300085,32.836281728053,
    47.073012732282));
#1533 = CARTESIAN_POINT('',(-70.39435257768,32.850385185152,
    47.248862310367));
#1534 = CARTESIAN_POINT('',(-70.32704734527,32.865747984685,
    47.42443267279));
#1535 = CARTESIAN_POINT('',(-70.25363387033,32.882371900826,
    47.599488084767));
#1536 = CARTESIAN_POINT('',(-70.09617383672,32.917768943972,
    47.944520913018));
#1537 = CARTESIAN_POINT('',(-70.01237557478,32.93649113508,
    48.114529066844));
#1538 = CARTESIAN_POINT('',(-69.92267409319,32.956416732906,
    48.28358606148));
#1539 = CARTESIAN_POINT('',(-69.82706798676,32.977537575623,
    48.451461379428));
#1540 = CARTESIAN_POINT('',(-69.72557621082,32.999840564351,
    48.617922079884));
#1541 = CARTESIAN_POINT('',(-69.61823865053,33.023307687635,
    48.782734810077));
#1542 = CARTESIAN_POINT('',(-69.50511669032,33.047916045916,
    48.945667816612));
#1543 = CARTESIAN_POINT('',(-69.26971777909,33.098873314565,
    49.264276945339));
#1544 = CARTESIAN_POINT('',(-69.14765433002,33.125180525325,
    49.420032163857));
#1545 = CARTESIAN_POINT('',(-69.02018168307,33.152533481704,
    49.573543167929));
#1546 = CARTESIAN_POINT('',(-68.88739844105,33.180901664,49.724598198018
    ));
#1547 = CARTESIAN_POINT('',(-68.74942290622,33.210250475037,
    49.872990991437));
#1548 = CARTESIAN_POINT('',(-68.60639242395,33.240541655809,
    50.018522594309));
#1549 = CARTESIAN_POINT('',(-68.45846272639,33.271733701122,
    50.161003173521));
#1550 = CARTESIAN_POINT('',(-68.15345442835,33.335767320808,
    50.439228453121));
#1551 = CARTESIAN_POINT('',(-67.99639443251,33.368605508063,
    50.574986037151));
#1552 = CARTESIAN_POINT('',(-67.83479934066,33.40225298174,
    50.707348446478));
#1553 = CARTESIAN_POINT('',(-67.66885846412,33.436663063144,
    50.83614864111));
#1554 = CARTESIAN_POINT('',(-67.49877692528,33.471787086927,
    50.961231805116));
#1555 = CARTESIAN_POINT('',(-67.32477420931,33.507575237878,
    51.082456476387));
#1556 = CARTESIAN_POINT('',(-67.14708271597,33.543977387703,
    51.199695676402));
#1557 = CARTESIAN_POINT('',(-66.78183601942,33.618517390555,
    51.42783796853));
#1558 = CARTESIAN_POINT('',(-66.59416675205,33.656674001121,
    51.538605382373));
#1559 = CARTESIAN_POINT('',(-66.40319437149,33.695361717952,
    51.645023118144));
#1560 = CARTESIAN_POINT('',(-66.20918724275,33.734529599662,
    51.746990272499));
#1561 = CARTESIAN_POINT('',(-66.0124240365,33.774128596205,
    51.844422894224));
#1562 = CARTESIAN_POINT('',(-65.81319258533,33.814113247417,
    51.93725429738));
#1563 = CARTESIAN_POINT('',(-65.61178979325,33.854444292951,
    52.025434995502));
#1564 = CARTESIAN_POINT('',(-65.19969800095,33.936851423429,
    52.194712365357));
#1565 = CARTESIAN_POINT('',(-64.98890562593,33.978945002789,
    52.275549431359));
#1566 = CARTESIAN_POINT('',(-64.77647906718,34.021341637737,
    52.351407983071));
#1567 = CARTESIAN_POINT('',(-64.56276150101,34.06401933536,
    52.422271217573));
#1568 = CARTESIAN_POINT('',(-64.34811410676,34.106975882148,
    52.488140460837));
#1569 = CARTESIAN_POINT('',(-64.13291558239,34.150231114523,
    52.549034319714));
#1570 = CARTESIAN_POINT('',(-63.91757877164,34.193844189611,
    52.604987375158));
#1571 = CARTESIAN_POINT('',(-63.4879644163,34.282027772717,
    52.707032589747));
#1572 = CARTESIAN_POINT('',(-63.273693356,34.326596404967,
    52.753137856528));
#1573 = CARTESIAN_POINT('',(-63.06028861879,34.371823470879,
    52.794414591684));
#1574 = CARTESIAN_POINT('',(-62.84838004166,34.417988281558,
    52.830925143103));
#1575 = CARTESIAN_POINT('',(-62.63866117406,34.465436066949,
    52.862744148489));
#1576 = CARTESIAN_POINT('',(-62.43239851877,34.515034539088,
    52.889951994447));
#1577 = CARTESIAN_POINT('',(-62.23105495029,34.567838997725,
    52.912638754968));
#1578 = CARTESIAN_POINT('',(-61.9712027786,34.649643718878,
    52.937387252699));
#1579 = CARTESIAN_POINT('',(-61.90403069259,34.672143704813,
    52.943335887241));
#1580 = CARTESIAN_POINT('',(-61.83835824353,34.695789375017,
    52.948717507779));
#1581 = CARTESIAN_POINT('',(-61.77447809119,34.720830624562,
    52.953534498538));
#1582 = CARTESIAN_POINT('',(-61.71275035681,34.747575618195,
    52.957788620791));
#1583 = CARTESIAN_POINT('',(-61.65364809226,34.77643127015,
    52.961480658769));
#1584 = CARTESIAN_POINT('',(-61.59776445783,34.807909695468,
    52.964610388953));
#1585 = CARTESIAN_POINT('',(-61.51068201351,34.865810420426,
    52.968904299396));
#1586 = CARTESIAN_POINT('',(-61.47739194135,34.890513225212,
    52.970376516458));
#1587 = CARTESIAN_POINT('',(-61.44601257127,34.916792265549,
    52.971594195489));
#1588 = CARTESIAN_POINT('',(-61.41672671672,34.944802755252,
    52.972557302495));
#1589 = CARTESIAN_POINT('',(-61.38970296014,34.974686862485,
    52.973266014569));
#1590 = CARTESIAN_POINT('',(-61.36506041419,35.006542714048,
    52.973721061155));
#1591 = CARTESIAN_POINT('',(-61.3428405511,35.040399602986,
    52.973924001557));
#1592 = CARTESIAN_POINT('',(-61.32301479373,35.07622464359,
    52.97387717864));
#1593 = ORIENTED_EDGE('',*,*,#1594,.T.);
#1594 = EDGE_CURVE('',#1518,#1595,#1597,.T.);
#1595 = VERTEX_POINT('',#1596);
#1596 = CARTESIAN_POINT('',(-77.99065773984,1.207189010222,45.));
#1597 = CIRCLE('',#1598,78.);
#1598 = AXIS2_PLACEMENT_3D('',#1599,#1600,#1601);
#1599 = CARTESIAN_POINT('',(0.,0.,45.));
#1600 = DIRECTION('',(0.,0.,1.));
#1601 = DIRECTION('',(1.,0.,-0.));
#1602 = ORIENTED_EDGE('',*,*,#1603,.F.);
#1603 = EDGE_CURVE('',#1604,#1595,#1606,.T.);
#1604 = VERTEX_POINT('',#1605);
#1605 = CARTESIAN_POINT('',(-70.46913071755,-4.995527454761,
    52.97387717864));
#1606 = B_SPLINE_CURVE_WITH_KNOTS('',8,(#1607,#1608,#1609,#1610,#1611,
    #1612,#1613,#1614,#1615,#1616,#1617,#1618,#1619,#1620,#1621,#1622,
    #1623,#1624,#1625,#1626,#1627,#1628,#1629,#1630,#1631,#1632,#1633,
    #1634,#1635,#1636,#1637,#1638,#1639,#1640,#1641,#1642,#1643,#1644,
    #1645,#1646,#1647,#1648,#1649,#1650,#1651,#1652,#1653,#1654,#1655,
    #1656,#1657,#1658,#1659,#1660,#1661,#1662,#1663,#1664,#1665,#1666,
    #1667,#1668,#1669,#1670,#1671,#1672,#1673,#1674,#1675,#1676,#1677,
    #1678,#1679,#1680,#1681,#1682,#1683,#1684,#1685),.UNSPECIFIED.,.F.,
  .F.,(9,7,7,7,7,7,7,7,7,7,7,9),(0.,2.958550655064E-02,
    5.811163681876E-02,0.107608388068,0.221635307736,0.334457174807,
    0.44460106578,0.553062152464,0.662398323602,0.77359060305,
    0.88682055978,1.),.UNSPECIFIED.);
#1607 = CARTESIAN_POINT('',(-70.46913071755,-4.995527454761,
    52.97387717864));
#1608 = CARTESIAN_POINT('',(-70.47154759251,-4.952913379721,
    52.973925988535));
#1609 = CARTESIAN_POINT('',(-70.47723638446,-4.911097438402,
    52.973703387532));
#1610 = CARTESIAN_POINT('',(-70.48624250092,-4.870099196914,
    52.973206721032));
#1611 = CARTESIAN_POINT('',(-70.49850471612,-4.829907864074,
    52.972434262404));
#1612 = CARTESIAN_POINT('',(-70.51384374006,-4.79047912116,
    52.971385264794));
#1613 = CARTESIAN_POINT('',(-70.53200876266,-4.751748153672,
    52.97005960417));
#1614 = CARTESIAN_POINT('',(-70.55273370524,-4.713645383448,
    52.968457354547));
#1615 = CARTESIAN_POINT('',(-70.5979517903,-4.639901763066,
    52.964767189896));
#1616 = CARTESIAN_POINT('',(-70.62228395863,-4.604221358863,
    52.96269870004));
#1617 = CARTESIAN_POINT('',(-70.64851497206,-4.568996939879,
    52.960373229234));
#1618 = CARTESIAN_POINT('',(-70.6764155642,-4.534166969348,
    52.957790816076));
#1619 = CARTESIAN_POINT('',(-70.70577809062,-4.499675721616,
    52.954951363786));
#1620 = CARTESIAN_POINT('',(-70.73642338629,-4.465475225819,
    52.951854580877));
#1621 = CARTESIAN_POINT('',(-70.76820003629,-4.431525052288,
    52.948499973966));
#1622 = CARTESIAN_POINT('',(-70.85784695888,-4.339254894617,
    52.938617700985));
#1623 = CARTESIAN_POINT('',(-70.91772657469,-4.281368525798,
    52.931570417286));
#1624 = CARTESIAN_POINT('',(-70.97992948538,-4.223948251998,
    52.923741688259));
#1625 = CARTESIAN_POINT('',(-71.04397221728,-4.166869473065,
    52.915126885434));
#1626 = CARTESIAN_POINT('',(-71.10950660606,-4.110046394767,
    52.905720633891));
#1627 = CARTESIAN_POINT('',(-71.17627121151,-4.053418040778,
    52.89551718218));
#1628 = CARTESIAN_POINT('',(-71.24406078605,-3.996939453827,
    52.884510613533));
#1629 = CARTESIAN_POINT('',(-71.47087147685,-3.810736975217,
    52.845474736052));
#1630 = CARTESIAN_POINT('',(-71.63360698183,-3.681520483289,
    52.813960919088));
#1631 = CARTESIAN_POINT('',(-71.79893718649,-3.552534548509,
    52.778081070093));
#1632 = CARTESIAN_POINT('',(-71.96601865208,-3.423724213083,
    52.737763781557));
#1633 = CARTESIAN_POINT('',(-72.13415135126,-3.295084845198,
    52.692947487219));
#1634 = CARTESIAN_POINT('',(-72.30286800249,-3.166686914018,
    52.643580864122));
#1635 = CARTESIAN_POINT('',(-72.47174711723,-3.038620735517,
    52.58962534991));
#1636 = CARTESIAN_POINT('',(-72.8073415249,-2.784731078665,
    52.473105205812));
#1637 = CARTESIAN_POINT('',(-72.97405938631,-2.658898531635,
    52.41063783492));
#1638 = CARTESIAN_POINT('',(-73.14024518855,-2.533615644404,
    52.343629645913));
#1639 = CARTESIAN_POINT('',(-73.30560109575,-2.409012916941,
    52.272069847718));
#1640 = CARTESIAN_POINT('',(-73.46985576483,-2.285232461154,
    52.195961998493));
#1641 = CARTESIAN_POINT('',(-73.63275225768,-2.162422897582,
    52.115324795328));
#1642 = CARTESIAN_POINT('',(-73.79404361617,-2.040736309678,
    52.030192546967));
#1643 = CARTESIAN_POINT('',(-74.10916376787,-1.802776269676,
    51.853164345698));
#1644 = CARTESIAN_POINT('',(-74.26307842961,-1.686442776541,
    51.761476970484));
#1645 = CARTESIAN_POINT('',(-74.41502213928,-1.571470487053,
    51.665599594314));
#1646 = CARTESIAN_POINT('',(-74.56478544092,-1.458004370924,
    51.565593313476));
#1647 = CARTESIAN_POINT('',(-74.712167631,-1.346189044766,
    51.461533628233));
#1648 = CARTESIAN_POINT('',(-74.85697702118,-1.236167160049,
    51.353510140949));
#1649 = CARTESIAN_POINT('',(-74.99903120102,-1.128077791064,
    51.241626254218));
#1650 = CARTESIAN_POINT('',(-75.27515779916,-0.917651698584,
    51.012138066159));
#1651 = CARTESIAN_POINT('',(-75.40931916036,-0.815252300733,
    50.89464724302));
#1652 = CARTESIAN_POINT('',(-75.54047661195,-0.714984727961,
    50.773637670433));
#1653 = CARTESIAN_POINT('',(-75.66847497357,-0.616972185649,
    50.649233222344));
#1654 = CARTESIAN_POINT('',(-75.79316939297,-0.521331959809,
    50.521569335091));
#1655 = CARTESIAN_POINT('',(-75.91442608223,-0.428174390938,
    50.390791966701));
#1656 = CARTESIAN_POINT('',(-76.0321230538,-0.337601847885,
    50.257056556197));
#1657 = CARTESIAN_POINT('',(-76.2610986574,-0.161104409034,
    49.98289586332));
#1658 = CARTESIAN_POINT('',(-76.3723179162,-7.522286258655E-02,
    49.842425231457));
#1659 = CARTESIAN_POINT('',(-76.47969626505,7.840987023466E-03,
    49.699282762504));
#1660 = CARTESIAN_POINT('',(-76.58313448642,8.800058415475E-02,
    49.553644634383));
#1661 = CARTESIAN_POINT('',(-76.68254675507,0.165179216499,
    49.405693980225));
#1662 = CARTESIAN_POINT('',(-76.7778608797,0.239310463452,
    49.255619340859));
#1663 = CARTESIAN_POINT('',(-76.86901854475,0.310338644478,
    49.103613117287));
#1664 = CARTESIAN_POINT('',(-77.04440875545,0.44725224279,48.79351696173
    ));
#1665 = CARTESIAN_POINT('',(-77.12849750876,0.513029916654,
    48.635367447041));
#1666 = CARTESIAN_POINT('',(-77.20819497089,0.575505146313,
    48.475626309124));
#1667 = CARTESIAN_POINT('',(-77.2834694471,0.634642787014,
    48.314500564427));
#1668 = CARTESIAN_POINT('',(-77.3543038812,0.690419432317,
    48.152197792098));
#1669 = CARTESIAN_POINT('',(-77.42069534766,0.742823154398,
    47.988924510265));
#1670 = CARTESIAN_POINT('',(-77.4826545438,0.791853244354,
    47.824884552317));
#1671 = CARTESIAN_POINT('',(-77.59881067807,0.884023535435,
    47.492653792163));
#1672 = CARTESIAN_POINT('',(-77.65284456094,0.927039333683,
    47.324441912884));
#1673 = CARTESIAN_POINT('',(-77.70233181313,0.966577904259,
    47.155852763563));
#1674 = CARTESIAN_POINT('',(-77.7473113315,1.002661508739,
    46.987092440046));
#1675 = CARTESIAN_POINT('',(-77.78783488485,1.035323239339,
    46.818360997818));
#1676 = CARTESIAN_POINT('',(-77.82396597159,1.064606144977,
    46.649851274015));
#1677 = CARTESIAN_POINT('',(-77.85577867743,1.090562357338,
    46.481747709439));
#1678 = CARTESIAN_POINT('',(-77.9109220851,1.13593195367,46.146777370355
    ));
#1679 = CARTESIAN_POINT('',(-77.9342565429,1.155348230435,45.97991003543
    ));
#1680 = CARTESIAN_POINT('',(-77.95344326477,1.171561222627,
    45.813798143498));
#1681 = CARTESIAN_POINT('',(-77.96857490445,1.184639176161,
    45.64860706367));
#1682 = CARTESIAN_POINT('',(-77.9797521376,1.194657354258,
    45.484492164559));
#1683 = CARTESIAN_POINT('',(-77.98708238832,1.201696984232,
    45.321598422365));
#1684 = CARTESIAN_POINT('',(-77.9906785556,1.205844204271,
    45.160060028965));
#1685 = CARTESIAN_POINT('',(-77.99065773984,1.207189010222,45.));
#1686 = ORIENTED_EDGE('',*,*,#1687,.F.);
#1687 = EDGE_CURVE('',#1688,#1604,#1690,.T.);
#1688 = VERTEX_POINT('',#1689);
#1689 = CARTESIAN_POINT('',(-65.6579710556,-26.0745952126,52.97387717864
    ));
#1690 = B_SPLINE_CURVE_WITH_KNOTS('',5,(#1691,#1692,#1693,#1694,#1695,
    #1696,#1697,#1698,#1699,#1700,#1701,#1702,#1703,#1704,#1705,#1706,
    #1707,#1708,#1709,#1710,#1711,#1712,#1713,#1714,#1715,#1716,#1717,
    #1718,#1719,#1720,#1721,#1722,#1723,#1724),.UNSPECIFIED.,.F.,.F.,(6,
    4,4,4,4,4,4,4,6),(0.,0.125726710388,0.250635113424,0.375260106851,
    0.49968784995,0.62168440666,0.743832668039,0.866288894673,1.),
  .UNSPECIFIED.);
#1691 = CARTESIAN_POINT('',(-65.62791313018,-26.147148149,
    52.973967314005));
#1692 = CARTESIAN_POINT('',(-65.84031509176,-25.63535593473,
    52.973329011817));
#1693 = CARTESIAN_POINT('',(-66.04682867102,-25.12194376205,
    52.972732498827));
#1694 = CARTESIAN_POINT('',(-66.24751509754,-24.60695617828,
    52.972177298275));
#1695 = CARTESIAN_POINT('',(-66.44242352708,-24.0904321524,
    52.971663022524));
#1696 = CARTESIAN_POINT('',(-66.81952733675,-23.05774963892,
    52.970718806411));
#1697 = CARTESIAN_POINT('',(-67.00179756261,-22.54161092181,
    52.970288336128));
#1698 = CARTESIAN_POINT('',(-67.17843854167,-22.02402192904,
    52.969897666026));
#1699 = CARTESIAN_POINT('',(-67.34947897144,-21.50501223918,
    52.969546559395));
#1700 = CARTESIAN_POINT('',(-67.68002445776,-20.46538453464,
    52.96892382588));
#1701 = CARTESIAN_POINT('',(-67.83955495294,-19.94477299113,
    52.968652019266));
#1702 = CARTESIAN_POINT('',(-67.99355153871,-19.42279945467,
    52.968419241656));
#1703 = CARTESIAN_POINT('',(-68.14202833228,-18.89948769529,
    52.968225362554));
#1704 = CARTESIAN_POINT('',(-68.4277312692,-17.85106100469,
    52.967915479805));
#1705 = CARTESIAN_POINT('',(-68.56497489498,-17.32595033919,
    52.967799352916));
#1706 = CARTESIAN_POINT('',(-68.69673149825,-16.79954858139,
    52.967721833879));
#1707 = CARTESIAN_POINT('',(-68.8230028353,-16.27187552608,
    52.967682880797));
#1708 = CARTESIAN_POINT('',(-69.0622066888,-15.22435784496,
    52.967682114354));
#1709 = CARTESIAN_POINT('',(-69.1753516094,-14.70456178341,
    52.967718808627));
#1710 = CARTESIAN_POINT('',(-69.2832156548,-14.18357833422,
    52.967792576128));
#1711 = CARTESIAN_POINT('',(-69.3857894076,-13.66142361943,
    52.96790345517));
#1712 = CARTESIAN_POINT('',(-69.58044730183,-12.61415107734,
    52.968199774689));
#1713 = CARTESIAN_POINT('',(-69.67251816411,-12.08903043649,
    52.968385308126));
#1714 = CARTESIAN_POINT('',(-69.7592555249,-11.5627659413,
    52.968608199859));
#1715 = CARTESIAN_POINT('',(-69.84063814453,-11.03537203774,
    52.968868569698));
#1716 = CARTESIAN_POINT('',(-69.99283043647,-9.977020412183,
    52.96946534284));
#1717 = CARTESIAN_POINT('',(-70.06361276192,-9.446057122268,
    52.96980193724));
#1718 = CARTESIAN_POINT('',(-70.12895790321,-8.913986449349,
    52.970176526698));
#1719 = CARTESIAN_POINT('',(-70.18883030189,-8.380821818627,
    52.970589328198));
#1720 = CARTESIAN_POINT('',(-70.30253832862,-7.263228461765,
    52.971533374694));
#1721 = CARTESIAN_POINT('',(-70.35531322848,-6.678592035091,
    52.972072019357));
#1722 = CARTESIAN_POINT('',(-70.40145357657,-6.092683632881,
    52.972656905464));
#1723 = CARTESIAN_POINT('',(-70.44088918584,-5.505520294573,
    52.973288475726));
#1724 = CARTESIAN_POINT('',(-70.47352900185,-4.917117872726,
    52.973967314005));
#1725 = ORIENTED_EDGE('',*,*,#1726,.F.);
#1726 = EDGE_CURVE('',#1727,#1688,#1729,.T.);
#1727 = VERTEX_POINT('',#1728);
#1728 = CARTESIAN_POINT('',(-69.74337492925,-34.92651791228,45.));
#1729 = B_SPLINE_CURVE_WITH_KNOTS('',8,(#1730,#1731,#1732,#1733,#1734,
    #1735,#1736,#1737,#1738,#1739,#1740,#1741,#1742,#1743,#1744,#1745,
    #1746,#1747,#1748,#1749,#1750,#1751,#1752,#1753,#1754,#1755,#1756,
    #1757,#1758,#1759,#1760,#1761,#1762,#1763,#1764,#1765,#1766,#1767,
    #1768,#1769,#1770,#1771,#1772,#1773,#1774,#1775,#1776,#1777,#1778,
    #1779,#1780,#1781,#1782,#1783,#1784,#1785,#1786,#1787),
  .UNSPECIFIED.,.F.,.F.,(9,7,7,7,7,7,7,7,9),(0.,0.202955060293,
    0.401649457111,0.596447807082,0.796772396689,0.85869580555,
    0.921060854278,0.963383855955,1.),.UNSPECIFIED.);
#1730 = CARTESIAN_POINT('',(-69.74337492925,-34.92651791228,45.));
#1731 = CARTESIAN_POINT('',(-69.74445488008,-34.92436140142,
    45.287021574606));
#1732 = CARTESIAN_POINT('',(-69.73896573406,-34.90903929701,
    45.578797578922));
#1733 = CARTESIAN_POINT('',(-69.7265243857,-34.87979152455,
    45.874617166636));
#1734 = CARTESIAN_POINT('',(-69.70676935954,-34.83591170583,
    46.173657631433));
#1735 = CARTESIAN_POINT('',(-69.67937385582,-34.77677675681,
    46.474984410623));
#1736 = CARTESIAN_POINT('',(-69.64405867295,-34.70187485207,
    46.777559748648));
#1737 = CARTESIAN_POINT('',(-69.60060500691,-34.61083175572,
    47.080260020497));
#1738 = CARTESIAN_POINT('',(-69.49821538842,-34.39829386587,
    47.677211003964));
#1739 = CARTESIAN_POINT('',(-69.43962333626,-34.27747787113,
    47.971506649596));
#1740 = CARTESIAN_POINT('',(-69.3729541256,-34.14078837658,
    48.263678154242));
#1741 = CARTESIAN_POINT('',(-69.29813675315,-33.98817218121,
    48.552559991758));
#1742 = CARTESIAN_POINT('',(-69.21517668069,-33.81974232537,
    48.836957859709));
#1743 = CARTESIAN_POINT('',(-69.12416274985,-33.63578816463,
    49.11567761476));
#1744 = CARTESIAN_POINT('',(-69.02527038867,-33.43677523286,
    49.387556891278));
#1745 = CARTESIAN_POINT('',(-68.81434029047,-33.01407974524,
    49.910266467595));
#1746 = CARTESIAN_POINT('',(-68.70259807029,-32.79095670788,
    50.161405729197));
#1747 = CARTESIAN_POINT('',(-68.58377988292,-32.55455951868,
    50.403884119513));
#1748 = CARTESIAN_POINT('',(-68.45821161417,-32.3056348207,
    50.636728120495));
#1749 = CARTESIAN_POINT('',(-68.3262953808,-32.04506847902,
    50.859053744214));
#1750 = CARTESIAN_POINT('',(-68.18850564845,-31.77386585196,
    51.070089531309));
#1751 = CARTESIAN_POINT('',(-68.045385689,-31.49312601864,
    51.269192568114));
#1752 = CARTESIAN_POINT('',(-67.74550895141,-30.90669196602,
    51.647817979971));
#1753 = CARTESIAN_POINT('',(-67.58848095611,-30.60051554724,
    51.826624829095));
#1754 = CARTESIAN_POINT('',(-67.42711977096,-30.28674284155,
    51.991728455347));
#1755 = CARTESIAN_POINT('',(-67.26217785535,-29.96670963218,
    52.142732095403));
#1756 = CARTESIAN_POINT('',(-67.09444405048,-29.64178325977,
    52.279400569771));
#1757 = CARTESIAN_POINT('',(-66.92489583008,-29.31335385438,
    52.401656793216));
#1758 = CARTESIAN_POINT('',(-66.75453133565,-28.98277663507,
    52.509570325278));
#1759 = CARTESIAN_POINT('',(-66.53275638524,-28.54906703239,
    52.632318272525));
#1760 = CARTESIAN_POINT('',(-66.48048126562,-28.44658823513,
    52.659950143901));
#1761 = CARTESIAN_POINT('',(-66.42834980685,-28.34408253418,
    52.686235693148));
#1762 = CARTESIAN_POINT('',(-66.37642265967,-28.24159289282,
    52.711181743101));
#1763 = CARTESIAN_POINT('',(-66.32476953091,-28.13916320976,
    52.734796176185));
#1764 = CARTESIAN_POINT('',(-66.27347369156,-28.03683902331,
    52.75708785059));
#1765 = CARTESIAN_POINT('',(-66.22264050218,-27.93466889988,
    52.778066483428));
#1766 = CARTESIAN_POINT('',(-66.12182116298,-27.73001691397,
    52.817558848294));
#1767 = CARTESIAN_POINT('',(-66.0718439036,-27.62753849247,
    52.83605384435));
#1768 = CARTESIAN_POINT('',(-66.02262217042,-27.5253258153,
    52.853238238316));
#1769 = CARTESIAN_POINT('',(-65.97433544067,-27.42343900856,
    52.869123411996));
#1770 = CARTESIAN_POINT('',(-65.92722193176,-27.32194765553,
    52.883721179014));
#1771 = CARTESIAN_POINT('',(-65.88159912879,-27.22093422932,
    52.897043617816));
#1772 = CARTESIAN_POINT('',(-65.83792337477,-27.12050415517,
    52.909102600004));
#1773 = CARTESIAN_POINT('',(-65.76911105778,-26.9531535573,
    52.927242038995));
#1774 = CARTESIAN_POINT('',(-65.74252811368,-26.88583750524,
    52.933998252322));
#1775 = CARTESIAN_POINT('',(-65.71740936186,-26.81890773575,
    52.940180765933));
#1776 = CARTESIAN_POINT('',(-65.69404898175,-26.75242277119,
    52.945792526784));
#1777 = CARTESIAN_POINT('',(-65.67281136138,-26.68645399993,
    52.950836015795));
#1778 = CARTESIAN_POINT('',(-65.65417938516,-26.621093952,52.95531295484
    ));
#1779 = CARTESIAN_POINT('',(-65.63878532801,-26.55646158337,
    52.959224106288));
#1780 = CARTESIAN_POINT('',(-65.61748008789,-26.43752474947,
    52.965463962931));
#1781 = CARTESIAN_POINT('',(-65.61056904273,-26.383001808,
    52.967934984056));
#1782 = CARTESIAN_POINT('',(-65.60710794904,-26.32921684464,
    52.969982557852));
#1783 = CARTESIAN_POINT('',(-65.60761018852,-26.27626894429,
    52.971606424997));
#1784 = CARTESIAN_POINT('',(-65.61263813199,-26.22426703891,
    52.972806135405));
#1785 = CARTESIAN_POINT('',(-65.62263929004,-26.17330080547,
    52.973582255866));
#1786 = CARTESIAN_POINT('',(-65.637782364,-26.12341161854,
    52.973937588547));
#1787 = CARTESIAN_POINT('',(-65.6579710556,-26.0745952126,52.97387717864
    ));
#1788 = ORIENTED_EDGE('',*,*,#1789,.T.);
#1789 = EDGE_CURVE('',#1727,#1790,#1792,.T.);
#1790 = VERTEX_POINT('',#1791);
#1791 = CARTESIAN_POINT('',(-49.57019811452,-60.22288152261,45.));
#1792 = CIRCLE('',#1793,78.);
#1793 = AXIS2_PLACEMENT_3D('',#1794,#1795,#1796);
#1794 = CARTESIAN_POINT('',(0.,0.,45.));
#1795 = DIRECTION('',(0.,0.,1.));
#1796 = DIRECTION('',(1.,0.,-0.));
#1797 = ORIENTED_EDGE('',*,*,#1798,.F.);
#1798 = EDGE_CURVE('',#1799,#1790,#1801,.T.);
#1799 = VERTEX_POINT('',#1800);
#1800 = CARTESIAN_POINT('',(-40.03112371258,-58.20964536009,
    52.97387717864));
#1801 = B_SPLINE_CURVE_WITH_KNOTS('',8,(#1802,#1803,#1804,#1805,#1806,
    #1807,#1808,#1809,#1810,#1811,#1812,#1813,#1814,#1815,#1816,#1817,
    #1818,#1819,#1820,#1821,#1822,#1823,#1824,#1825,#1826,#1827,#1828,
    #1829,#1830,#1831,#1832,#1833,#1834,#1835,#1836,#1837,#1838,#1839,
    #1840,#1841,#1842,#1843,#1844,#1845,#1846,#1847,#1848,#1849,#1850,
    #1851,#1852,#1853,#1854,#1855,#1856,#1857,#1858,#1859,#1860,#1861,
    #1862,#1863,#1864,#1865,#1866,#1867,#1868,#1869,#1870,#1871,#1872,
    #1873,#1874,#1875,#1876,#1877,#1878,#1879,#1880),.UNSPECIFIED.,.F.,
  .F.,(9,7,7,7,7,7,7,7,7,7,7,9),(0.,2.958550655024E-02,
    5.811163681805E-02,0.107608388067,0.221635307734,0.334457174805,
    0.444601065778,0.553062152463,0.662398323601,0.773590603049,
    0.88682055978,1.),.UNSPECIFIED.);
#1802 = CARTESIAN_POINT('',(-40.03112371258,-58.20964536009,
    52.97387717864));
#1803 = CARTESIAN_POINT('',(-40.06594763493,-58.18496550782,
    52.973925988535));
#1804 = CARTESIAN_POINT('',(-40.10218755808,-58.16334137149,
    52.973703387531));
#1805 = CARTESIAN_POINT('',(-40.13985649577,-58.14482065141,
    52.973206721033));
#1806 = CARTESIAN_POINT('',(-40.17892471124,-58.12934875115,
    52.972434262404));
#1807 = CARTESIAN_POINT('',(-40.21931506875,-58.11675786387,
    52.971385264794));
#1808 = CARTESIAN_POINT('',(-40.26092186482,-58.10681148717,
    52.970059604171));
#1809 = CARTESIAN_POINT('',(-40.3036336005,-58.0992582111,
    52.968457354547));
#1810 = CARTESIAN_POINT('',(-40.38948169944,-58.08863273832,
    52.964767189896));
#1811 = CARTESIAN_POINT('',(-40.43254862156,-58.0854100254,
    52.96269870004));
#1812 = CARTESIAN_POINT('',(-40.47644295064,-58.0839561915,
    52.960373229234));
#1813 = CARTESIAN_POINT('',(-40.52106985281,-58.0840536214,
    52.957790816076));
#1814 = CARTESIAN_POINT('',(-40.56634343193,-58.08550522774,
    52.954951363786));
#1815 = CARTESIAN_POINT('',(-40.61218948558,-58.08814102434,
    52.951854580877));
#1816 = CARTESIAN_POINT('',(-40.6585452173,-58.09181742275,
    52.948499973966));
#1817 = CARTESIAN_POINT('',(-40.78657887346,-58.10437670681,
    52.938617700985));
#1818 = CARTESIAN_POINT('',(-40.86917058881,-58.11510091499,
    52.931570417286));
#1819 = CARTESIAN_POINT('',(-40.95284644706,-58.12793215373,
    52.92374168826));
#1820 = CARTESIAN_POINT('',(-41.03740242363,-58.14241474119,
    52.915126885434));
#1821 = CARTESIAN_POINT('',(-41.12268851825,-58.15822297969,
    52.905720633891));
#1822 = CARTESIAN_POINT('',(-41.20858939882,-58.17511444894,
    52.89551718218));
#1823 = CARTESIAN_POINT('',(-41.29501224459,-58.19290064951,
    52.884510613533));
#1824 = CARTESIAN_POINT('',(-41.58200535714,-58.25413304164,
    52.845474736052));
#1825 = CARTESIAN_POINT('',(-41.78449480633,-58.3007996178,
    52.813960919093));
#1826 = CARTESIAN_POINT('',(-41.9884217675,-58.3496385619,52.77808107008
    ));
#1827 = CARTESIAN_POINT('',(-42.19330333285,-58.3999561813,
    52.737763781576));
#1828 = CARTESIAN_POINT('',(-42.39870666388,-58.45120228478,
    52.692947487205));
#1829 = CARTESIAN_POINT('',(-42.60428532018,-58.50305547364,
    52.643580864127));
#1830 = CARTESIAN_POINT('',(-42.80970589617,-58.55524252602,
    52.58962534991));
#1831 = CARTESIAN_POINT('',(-43.21744451371,-58.65932318744,
    52.473105205813));
#1832 = CARTESIAN_POINT('',(-43.41977124688,-58.71121315036,
    52.410637834921));
#1833 = CARTESIAN_POINT('',(-43.62133650523,-58.76302983995,
    52.343629645913));
#1834 = CARTESIAN_POINT('',(-43.82185256218,-58.81462176416,
    52.272069847719));
#1835 = CARTESIAN_POINT('',(-44.02103913051,-58.86586538373,
    52.195961998493));
#1836 = CARTESIAN_POINT('',(-44.21861981571,-58.91665247977,
    52.115324795329));
#1837 = CARTESIAN_POINT('',(-44.41432173827,-58.9668847951,
    52.030192546968));
#1838 = CARTESIAN_POINT('',(-44.79684059006,-59.06488999228,
    51.853164345699));
#1839 = CARTESIAN_POINT('',(-44.98375799941,-59.11269257385,
    51.761476970484));
#1840 = CARTESIAN_POINT('',(-45.16838230838,-59.15980289964,
    51.665599594315));
#1841 = CARTESIAN_POINT('',(-45.35046958143,-59.20614759752,
    51.565593313477));
#1842 = CARTESIAN_POINT('',(-45.52978161614,-59.25165991813,
    51.461533628234));
#1843 = CARTESIAN_POINT('',(-45.70608736736,-59.29627893523,
    51.35351014095));
#1844 = CARTESIAN_POINT('',(-45.87916437139,-59.33994874599,
    51.241626254219));
#1845 = CARTESIAN_POINT('',(-46.21584423319,-59.42463469086,
    51.012138066159));
#1846 = CARTESIAN_POINT('',(-46.37955154673,-59.4656812865,
    50.894647243021));
#1847 = CARTESIAN_POINT('',(-46.5397192253,-59.50570850223,
    50.773637670433));
#1848 = CARTESIAN_POINT('',(-46.69615418967,-59.54467183046,
    50.649233222345));
#1849 = CARTESIAN_POINT('',(-46.84867442807,-59.58253114778,
    50.521569335091));
#1850 = CARTESIAN_POINT('',(-46.9971102574,-59.61925065074,
    50.390791966701));
#1851 = CARTESIAN_POINT('',(-47.1413055845,-59.65479879159,
    50.257056556197));
#1852 = CARTESIAN_POINT('',(-47.42206079249,-59.72377477403,
    49.98289586332));
#1853 = CARTESIAN_POINT('',(-47.55854976289,-59.75718322363,
    49.842425231457));
#1854 = CARTESIAN_POINT('',(-47.69044100102,-59.78934553416,
    49.699282762505));
#1855 = CARTESIAN_POINT('',(-47.81760497383,-59.82023810079,
    49.553644634383));
#1856 = CARTESIAN_POINT('',(-47.93992819405,-59.84984165197,
    49.405693980225));
#1857 = CARTESIAN_POINT('',(-48.05731372143,-59.87814115886,
    49.255619340859));
#1858 = CARTESIAN_POINT('',(-48.16968166402,-59.90512574475,
    49.103613117287));
#1859 = CARTESIAN_POINT('',(-48.38607903328,-59.95688710091,
    48.79351696173));
#1860 = CARTESIAN_POINT('',(-48.48993456968,-59.98161862672,
    48.635367447041));
#1861 = CARTESIAN_POINT('',(-48.58847022598,-60.00497594312,
    48.475626309125));
#1862 = CARTESIAN_POINT('',(-48.68163876353,-60.02695618257,
    48.314500564427));
#1863 = CARTESIAN_POINT('',(-48.7694112481,-60.04756060366,
    48.152197792097));
#1864 = CARTESIAN_POINT('',(-48.85177653009,-60.06679435601,
    47.988924510265));
#1865 = CARTESIAN_POINT('',(-48.92874072493,-60.08466624512,
    47.824884552317));
#1866 = CARTESIAN_POINT('',(-49.07322452539,-60.11801353125,
    47.492653792163));
#1867 = CARTESIAN_POINT('',(-49.14054520563,-60.13343901047,
    47.324441912884));
#1868 = CARTESIAN_POINT('',(-49.20231250194,-60.14747780668,
    47.155852763563));
#1869 = CARTESIAN_POINT('',(-49.25856807092,-60.1601464508,
    46.987092440047));
#1870 = CARTESIAN_POINT('',(-49.30937006242,-60.17146478465,
    46.818360997818));
#1871 = CARTESIAN_POINT('',(-49.35479172406,-60.18145561272,
    46.649851274015));
#1872 = CARTESIAN_POINT('',(-49.39492000571,-60.19014435399,
    46.481747709439));
#1873 = CARTESIAN_POINT('',(-49.46477273679,-60.20496972552,
    46.146777370355));
#1874 = CARTESIAN_POINT('',(-49.49450178971,-60.21110748871,
    45.97991003543));
#1875 = CARTESIAN_POINT('',(-49.51914034285,-60.21599963662,
    45.813798143498));
#1876 = CARTESIAN_POINT('',(-49.53879952167,-60.21967605825,
    45.64860706367));
#1877 = CARTESIAN_POINT('',(-49.55360093958,-60.22216853913,
    45.484492164559));
#1878 = CARTESIAN_POINT('',(-49.56367508049,-60.22351042242,
    45.321598422365));
#1879 = CARTESIAN_POINT('',(-49.56915968131,-60.22373626982,
    45.160060028965));
#1880 = CARTESIAN_POINT('',(-49.57019811452,-60.22288152261,45.));
#1881 = ORIENTED_EDGE('',*,*,#1882,.F.);
#1882 = EDGE_CURVE('',#1883,#1799,#1885,.T.);
#1883 = VERTEX_POINT('',#1884);
#1884 = CARTESIAN_POINT('',(-20.55113593407,-67.5907130489,
    52.97387717864));
#1885 = B_SPLINE_CURVE_WITH_KNOTS('',5,(#1886,#1887,#1888,#1889,#1890,
    #1891,#1892,#1893,#1894,#1895,#1896,#1897,#1898,#1899,#1900,#1901,
    #1902,#1903,#1904,#1905,#1906,#1907,#1908,#1909,#1910,#1911,#1912,
    #1913,#1914,#1915,#1916,#1917,#1918,#1919),.UNSPECIFIED.,.F.,.F.,(6,
    4,4,4,4,4,4,4,6),(0.,0.125726710387,0.250635113424,0.375260106851,
    0.49968784995,0.62168440666,0.743832668039,0.866288894673,1.),
  .UNSPECIFIED.);
#1886 = CARTESIAN_POINT('',(-20.47567095429,-67.61244883244,
    52.973967314005));
#1887 = CARTESIAN_POINT('',(-21.00823667683,-67.45941414667,
    52.973329011817));
#1888 = CARTESIAN_POINT('',(-21.53839758753,-67.30076571068,
    52.972732498827));
#1889 = CARTESIAN_POINT('',(-22.0661570339,-67.13657917048,
    52.972177298275));
#1890 = CARTESIAN_POINT('',(-22.59151519689,-66.96691725434,
    52.971663022524));
#1891 = CARTESIAN_POINT('',(-23.6340192769,-66.61788186918,
    52.970718806411));
#1892 = CARTESIAN_POINT('',(-24.15119640226,-66.43857924362,
    52.970288336128));
#1893 = CARTESIAN_POINT('',(-24.66599762082,-66.25397126359,
    52.969897666026));
#1894 = CARTESIAN_POINT('',(-25.17841769973,-66.06409880766,
    52.969546559395));
#1895 = CARTESIAN_POINT('',(-26.19732310895,-65.67433240376,
    52.96892382588));
#1896 = CARTESIAN_POINT('',(-26.70381924064,-65.47446237919,
    52.968652019266));
#1897 = CARTESIAN_POINT('',(-27.2079298852,-65.26941658132,
    52.968419241656));
#1898 = CARTESIAN_POINT('',(-27.70964526044,-65.05922086778,
    52.968225362554));
#1899 = CARTESIAN_POINT('',(-28.70747112174,-64.62890906891,
    52.967915479805));
#1900 = CARTESIAN_POINT('',(-29.20358917286,-64.40880931153,
    52.967799352916));
#1901 = CARTESIAN_POINT('',(-29.69729553799,-64.18361464431,
    52.967721833879));
#1902 = CARTESIAN_POINT('',(-30.188575836,-63.95333878225,
    52.967682880797));
#1903 = CARTESIAN_POINT('',(-31.15669930077,-63.4872392942,
    52.967682114354));
#1904 = CARTESIAN_POINT('',(-31.63363693027,-63.25161201179,
    52.967718808627));
#1905 = CARTESIAN_POINT('',(-32.108210325,-63.0111156508,52.967792576128
    ));
#1906 = CARTESIAN_POINT('',(-32.58040100854,-62.76575290035,
    52.96790345517));
#1907 = CARTESIAN_POINT('',(-33.52055886458,-62.2649788206,
    52.968199774689));
#1908 = CARTESIAN_POINT('',(-33.98851995737,-62.00955535504,
    52.968385308126));
#1909 = CARTESIAN_POINT('',(-34.45404996771,-61.74924880858,
    52.968608199859));
#1910 = CARTESIAN_POINT('',(-34.91712435856,-61.4840515823,
    52.968868569698));
#1911 = CARTESIAN_POINT('',(-35.83946732089,-60.94316886221,
    52.96946534284));
#1912 = CARTESIAN_POINT('',(-36.29872319505,-60.66745851623,
    52.96980193724));
#1913 = CARTESIAN_POINT('',(-36.75545482723,-60.38680676648,
    52.970176526698));
#1914 = CARTESIAN_POINT('',(-37.20962955086,-60.10119418274,
    52.970589328198));
#1915 = CARTESIAN_POINT('',(-38.15429501691,-59.49328663721,
    52.971533374694));
#1916 = CARTESIAN_POINT('',(-38.64428679294,-59.17003286558,
    52.972072019357));
#1917 = CARTESIAN_POINT('',(-39.13113646411,-58.84079892872,
    52.972656905464));
#1918 = CARTESIAN_POINT('',(-39.61478694757,-58.50554057613,
    52.973288475726));
#1919 = CARTESIAN_POINT('',(-40.09516907774,-58.16419650245,
    52.973967314005));
#1920 = ORIENTED_EDGE('',*,*,#1921,.F.);
#1921 = EDGE_CURVE('',#1922,#1883,#1924,.T.);
#1922 = VERTEX_POINT('',#1923);
#1923 = CARTESIAN_POINT('',(-16.17763173879,-76.30389394601,45.));
#1924 = B_SPLINE_CURVE_WITH_KNOTS('',8,(#1925,#1926,#1927,#1928,#1929,
    #1930,#1931,#1932,#1933,#1934,#1935,#1936,#1937,#1938,#1939,#1940,
    #1941,#1942,#1943,#1944,#1945,#1946,#1947,#1948,#1949,#1950,#1951,
    #1952,#1953,#1954,#1955,#1956,#1957,#1958,#1959,#1960,#1961,#1962,
    #1963,#1964,#1965,#1966,#1967,#1968,#1969,#1970,#1971,#1972,#1973,
    #1974,#1975,#1976,#1977,#1978,#1979,#1980,#1981,#1982),
  .UNSPECIFIED.,.F.,.F.,(9,7,7,7,7,7,7,7,9),(0.,0.202955060294,
    0.401649457113,0.596447807085,0.79677239669,0.85869580555,
    0.921060854278,0.963383855955,1.),.UNSPECIFIED.);
#1925 = CARTESIAN_POINT('',(-16.17763173879,-76.30389394601,45.));
#1926 = CARTESIAN_POINT('',(-16.1799911052,-76.30339372303,
    45.287021574606));
#1927 = CARTESIAN_POINT('',(-16.18854798224,-76.28954896002,
    45.578797578922));
#1928 = CARTESIAN_POINT('',(-16.20365775772,-76.26158623433,
    45.874617166636));
#1929 = CARTESIAN_POINT('',(-16.2256473241,-76.21878251347,
    46.173657631433));
#1930 = CARTESIAN_POINT('',(-16.25480007176,-76.16049380853,
    46.474984410623));
#1931 = CARTESIAN_POINT('',(-16.29134208261,-76.08618271301,
    46.777559748648));
#1932 = CARTESIAN_POINT('',(-16.33542952398,-75.99544482677,
    47.080260020497));
#1933 = CARTESIAN_POINT('',(-16.43775945453,-75.78287819272,
    47.677211003964));
#1934 = CARTESIAN_POINT('',(-16.49568565581,-75.6617415411,
    47.971506649596));
#1935 = CARTESIAN_POINT('',(-16.56098623303,-75.52439294742,
    48.263678154242));
#1936 = CARTESIAN_POINT('',(-16.63365851058,-75.37074372879,
    48.552559991758));
#1937 = CARTESIAN_POINT('',(-16.71361751532,-75.20086863491,
    48.836957859709));
#1938 = CARTESIAN_POINT('',(-16.80069241181,-75.01501753521,
    49.115677614761));
#1939 = CARTESIAN_POINT('',(-16.89462860862,-74.81361784046,
    49.387556891278));
#1940 = CARTESIAN_POINT('',(-17.0935924832,-74.38515972326,
    49.910266467595));
#1941 = CARTESIAN_POINT('',(-17.19836696355,-74.15868119925,
    50.161405729198));
#1942 = CARTESIAN_POINT('',(-17.30910780034,-73.91839416302,
    50.403884119513));
#1943 = CARTESIAN_POINT('',(-17.42543443098,-73.6650189267,
    50.636728120495));
#1944 = CARTESIAN_POINT('',(-17.54690497397,-73.39942220566,
    50.859053744215));
#1945 = CARTESIAN_POINT('',(-17.67302923301,-73.12260178273,
    51.07008953131));
#1946 = CARTESIAN_POINT('',(-17.80328663792,-72.83566766962,
    51.269192568114));
#1947 = CARTESIAN_POINT('',(-18.07480915495,-72.23557894404,
    51.647817979969));
#1948 = CARTESIAN_POINT('',(-18.21628216467,-71.92191163898,
    51.826624829101));
#1949 = CARTESIAN_POINT('',(-18.36099249094,-71.60012030234,
    51.991728455339));
#1950 = CARTESIAN_POINT('',(-18.50836492721,-71.27162607755,
    52.14273209541));
#1951 = CARTESIAN_POINT('',(-18.65782227786,-70.93789822877,
    52.279400569766));
#1952 = CARTESIAN_POINT('',(-18.80888714044,-70.60056770731,
    52.40165679322));
#1953 = CARTESIAN_POINT('',(-18.96112229299,-70.26125985713,
    52.509570325276));
#1954 = CARTESIAN_POINT('',(-19.16193569473,-69.81745570463,
    52.632318272525));
#1955 = CARTESIAN_POINT('',(-19.20946384074,-69.71269088537,
    52.659950143901));
#1956 = CARTESIAN_POINT('',(-19.25710259197,-69.6080216105,
    52.686235693148));
#1957 = CARTESIAN_POINT('',(-19.30485617351,-69.50352208586,
    52.711181743101));
#1958 = CARTESIAN_POINT('',(-19.35273372545,-69.39927418083,
    52.734796176185));
#1959 = CARTESIAN_POINT('',(-19.40075156312,-69.29537139197,
    52.75708785059));
#1960 = CARTESIAN_POINT('',(-19.44893740702,-69.19192637414,
    52.778066483428));
#1961 = CARTESIAN_POINT('',(-19.54608094273,-68.98550421457,
    52.817558848295));
#1962 = CARTESIAN_POINT('',(-19.59504148738,-68.88253616907,
    52.836053844348));
#1963 = CARTESIAN_POINT('',(-19.64426532764,-68.7803245066,
    52.853238238318));
#1964 = CARTESIAN_POINT('',(-19.69381735723,-68.67904703615,
    52.869123411996));
#1965 = CARTESIAN_POINT('',(-19.74379169988,-68.57893338806,
    52.883721179012));
#1966 = CARTESIAN_POINT('',(-19.79432182426,-68.48028320328,
    52.897043617817));
#1967 = CARTESIAN_POINT('',(-19.8456098308,-68.38351899673,
    52.909102600004));
#1968 = CARTESIAN_POINT('',(-19.93354601895,-68.22537796982,
    52.927242038995));
#1969 = CARTESIAN_POINT('',(-19.96960163316,-68.16262371526,
    52.933998252322));
#1970 = CARTESIAN_POINT('',(-20.00626814848,-68.10125505558,
    52.940180765933));
#1971 = CARTESIAN_POINT('',(-20.04368322811,-68.04153847758,
    52.945792526784));
#1972 = CARTESIAN_POINT('',(-20.08201825063,-67.98380338124,
    52.950836015795));
#1973 = CARTESIAN_POINT('',(-20.12150194663,-67.92848499232,
    52.95531295484));
#1974 = CARTESIAN_POINT('',(-20.16243552957,-67.87615181109,
    52.959224106288));
#1975 = CARTESIAN_POINT('',(-20.2421404908,-67.78533880061,
    52.965463962931));
#1976 = CARTESIAN_POINT('',(-20.28045927678,-67.74594102996,
    52.967934984056));
#1977 = CARTESIAN_POINT('',(-20.3203520978,-67.70970066181,
    52.969982557851));
#1978 = CARTESIAN_POINT('',(-20.36206157442,-67.67708085254,
    52.971606424997));
#1979 = CARTESIAN_POINT('',(-20.40585317267,-67.64858919935,
    52.972806135406));
#1980 = CARTESIAN_POINT('',(-20.45193579857,-67.62463149279,
    52.973582255865));
#1981 = CARTESIAN_POINT('',(-20.50038228773,-67.60536542548,
    52.973937588547));
#1982 = CARTESIAN_POINT('',(-20.55113593407,-67.5907130489,
    52.97387717864));
#1983 = ORIENTED_EDGE('',*,*,#1984,.T.);
#1984 = EDGE_CURVE('',#1922,#1985,#1987,.T.);
#1985 = VERTEX_POINT('',#1986);
#1986 = CARTESIAN_POINT('',(16.177631738793,-76.30389394601,45.));
#1987 = CIRCLE('',#1988,78.);
#1988 = AXIS2_PLACEMENT_3D('',#1989,#1990,#1991);
#1989 = CARTESIAN_POINT('',(0.,0.,45.));
#1990 = DIRECTION('',(0.,0.,1.));
#1991 = DIRECTION('',(1.,0.,-0.));
#1992 = ORIENTED_EDGE('',*,*,#1993,.F.);
#1993 = EDGE_CURVE('',#1994,#1985,#1996,.T.);
#1994 = VERTEX_POINT('',#1995);
#1995 = CARTESIAN_POINT('',(20.551135934077,-67.5907130489,
    52.97387717864));
#1996 = B_SPLINE_CURVE_WITH_KNOTS('',8,(#1997,#1998,#1999,#2000,#2001,
    #2002,#2003,#2004,#2005,#2006,#2007,#2008,#2009,#2010,#2011,#2012,
    #2013,#2014,#2015,#2016,#2017,#2018,#2019,#2020,#2021,#2022,#2023,
    #2024,#2025,#2026,#2027,#2028,#2029,#2030,#2031,#2032,#2033,#2034,
    #2035,#2036,#2037,#2038,#2039,#2040,#2041,#2042,#2043,#2044,#2045,
    #2046,#2047,#2048,#2049,#2050,#2051,#2052,#2053,#2054,#2055,#2056,
    #2057,#2058,#2059,#2060,#2061,#2062,#2063,#2064,#2065,#2066,#2067,
    #2068,#2069,#2070,#2071,#2072,#2073,#2074,#2075),.UNSPECIFIED.,.F.,
  .F.,(9,7,7,7,7,7,7,7,7,7,7,9),(0.,2.958550655074E-02,
    5.811163681914E-02,0.107608388069,0.221635307737,0.334457174807,
    0.44460106578,0.553062152465,0.662398323602,0.77359060305,
    0.88682055978,1.),.UNSPECIFIED.);
#1997 = CARTESIAN_POINT('',(20.551135934077,-67.5907130489,
    52.97387717864));
#1998 = CARTESIAN_POINT('',(20.510128088143,-67.60255185153,
    52.973925988535));
#1999 = CARTESIAN_POINT('',(20.470626435074,-67.6174029359,
    52.973703387532));
#2000 = CARTESIAN_POINT('',(20.432660154542,-67.6353062172,
    52.973206721032));
#2001 = CARTESIAN_POINT('',(20.39620510191,-67.65620440599,
    52.972434262404));
#2002 = CARTESIAN_POINT('',(20.361178173832,-67.67993256927,
    52.971385264794));
#2003 = CARTESIAN_POINT('',(20.327460370357,-67.70626060789,
    52.97005960417));
#2004 = CARTESIAN_POINT('',(20.294924649714,-67.7349445969,
    52.968457354547));
#2005 = CARTESIAN_POINT('',(20.233091906378,-67.79543846945,
    52.964767189896));
#2006 = CARTESIAN_POINT('',(20.203720501224,-67.82710021638,
    52.96269870004));
#2007 = CARTESIAN_POINT('',(20.175216181573,-67.86051173414,
    52.960373229234));
#2008 = CARTESIAN_POINT('',(20.147467936944,-67.89546319777,
    52.957790816076));
#2009 = CARTESIAN_POINT('',(20.120375233606,-67.931764569,
    52.954951363787));
#2010 = CARTESIAN_POINT('',(20.093851435456,-67.96925184939,
    52.951854580877));
#2011 = CARTESIAN_POINT('',(20.067823433494,-68.00778641676,
    52.948499973966));
#2012 = CARTESIAN_POINT('',(19.99781499826,-68.11571774549,
    52.938617700985));
#2013 = CARTESIAN_POINT('',(19.954704429599,-68.18697698317,
    52.931570417286));
#2014 = CARTESIAN_POINT('',(19.912565251726,-68.26039754997,
    52.92374168826));
#2015 = CARTESIAN_POINT('',(19.871168405468,-68.33553582008,
    52.915126885434));
#2016 = CARTESIAN_POINT('',(19.830352773776,-68.41207144936,
    52.905720633891));
#2017 = CARTESIAN_POINT('',(19.790000733211,-68.48976312097,
    52.89551718218));
#2018 = CARTESIAN_POINT('',(19.750022781792,-68.56842073727,
    52.884510613534));
#2019 = CARTESIAN_POINT('',(19.618958914826,-68.83097875995,
    52.845474736052));
#2020 = CARTESIAN_POINT('',(19.529194206686,-69.01838752053,
    52.813960919089));
#2021 = CARTESIAN_POINT('',(19.440231650143,-69.20827462245,
    52.77808107009));
#2022 = CARTESIAN_POINT('',(19.351829982529,-69.399830003,
    52.737763781564));
#2023 = CARTESIAN_POINT('',(19.263828917422,-69.59237221667,
    52.692947487215));
#2024 = CARTESIAN_POINT('',(19.176193177253,-69.78543001677,
    52.643580864124));
#2025 = CARTESIAN_POINT('',(19.088917023565,-69.97857238516,
    52.589625349912));
#2026 = CARTESIAN_POINT('',(18.916069691511,-70.36224850394,
    52.473105205813));
#2027 = CARTESIAN_POINT('',(18.830490243379,-70.55278677637,
    52.410637834921));
#2028 = CARTESIAN_POINT('',(18.745328279621,-70.74268401865,
    52.343629645914));
#2029 = CARTESIAN_POINT('',(18.66064475359,-70.93162082332,
    52.272069847719));
#2030 = CARTESIAN_POINT('',(18.576517834631,-71.11930102754,
    52.195961998494));
#2031 = CARTESIAN_POINT('',(18.493035242949,-71.305441064,
    52.115324795329));
#2032 = CARTESIAN_POINT('',(18.410290295592,-71.48976632457,
    52.030192546968));
#2033 = CARTESIAN_POINT('',(18.248417241077,-71.84993684651,
    51.8531643457));
#2034 = CARTESIAN_POINT('',(18.169249705777,-72.02587918387,
    51.761476970485));
#2035 = CARTESIAN_POINT('',(18.090970667811,-72.19959708874,
    51.665599594315));
#2036 = CARTESIAN_POINT('',(18.013674853864,-72.37085409787,
    51.565593313477));
#2037 = CARTESIAN_POINT('',(17.937458593969,-72.53942235955,
    51.461533628234));
#2038 = CARTESIAN_POINT('',(17.862418308355,-72.70508324852,
    51.35351014095));
#2039 = CARTESIAN_POINT('',(17.788648994291,-72.86762798082,
    51.241626254218));
#2040 = CARTESIAN_POINT('',(17.644942671791,-73.18365571928,
    51.012138066159));
#2041 = CARTESIAN_POINT('',(17.57496435203,-73.3372393847,
    50.894647243021));
#2042 = CARTESIAN_POINT('',(17.506395975271,-73.48742007908,
    50.773637670433));
#2043 = CARTESIAN_POINT('',(17.439323126998,-73.63401909698,
    50.649233222345));
#2044 = CARTESIAN_POINT('',(17.373827919964,-73.77686911934,
    50.521569335091));
#2045 = CARTESIAN_POINT('',(17.309988157583,-73.91581515946,
    50.390791966701));
#2046 = CARTESIAN_POINT('',(17.247876497323,-74.0507155091,
    50.257056556197));
#2047 = CARTESIAN_POINT('',(17.126756082924,-74.31322459119,
    49.98289586332));
#2048 = CARTESIAN_POINT('',(17.067776379492,-74.44076579289,
    49.842425231457));
#2049 = CARTESIAN_POINT('',(17.010689044486,-74.56393538774,
    49.699282762505));
#2050 = CARTESIAN_POINT('',(16.955556385441,-74.68261738536,
    49.553644634383));
#2051 = CARTESIAN_POINT('',(16.90243409341,-74.79671104223,
    49.405693980225));
#2052 = CARTESIAN_POINT('',(16.851370859623,-74.90613119706,
    49.255619340859));
#2053 = CARTESIAN_POINT('',(16.802407992154,-75.01080860631,
    49.103613117287));
#2054 = CARTESIAN_POINT('',(16.707955097095,-75.21226756002,
    48.79351696173));
#2055 = CARTESIAN_POINT('',(16.662538114768,-75.30888494214,
    48.635367447041));
#2056 = CARTESIAN_POINT('',(16.61936362326,-75.40048626895,
    48.475626309125));
#2057 = CARTESIAN_POINT('',(16.578458833429,-75.48703281992,
    48.314500564427));
#2058 = CARTESIAN_POINT('',(16.539842769507,-75.56850275807,
    48.152197792097));
#2059 = CARTESIAN_POINT('',(16.503526409272,-75.64489057704,
    47.988924510265));
#2060 = CARTESIAN_POINT('',(16.46951282423,-75.71620654819,
    47.824884552317));
#2061 = CARTESIAN_POINT('',(16.405500606265,-75.84996022491,
    47.492653792163));
#2062 = CARTESIAN_POINT('',(16.375586973969,-75.91221128113,
    47.324441912884));
#2063 = CARTESIAN_POINT('',(16.348051667483,-75.96925594424,
    47.155852763563));
#2064 = CARTESIAN_POINT('',(16.32288163874,-76.02113708954,
    46.987092440047));
#2065 = CARTESIAN_POINT('',(16.300056144856,-76.0679125516,
    46.818360997819));
#2066 = CARTESIAN_POINT('',(16.279547345965,-76.10965381607,
    46.649851274015));
#2067 = CARTESIAN_POINT('',(16.261320903056,-76.14644471157,
    46.481747709439));
#2068 = CARTESIAN_POINT('',(16.229359379802,-76.21030124383,
    46.146777370355));
#2069 = CARTESIAN_POINT('',(16.215622314978,-76.2373711861,
    45.97991003543));
#2070 = CARTESIAN_POINT('',(16.20408526362,-76.25968458696,
    45.813798143498));
#2071 = CARTESIAN_POINT('',(16.194702308279,-76.27734696327,
    45.64860706367));
#2072 = CARTESIAN_POINT('',(16.187422475182,-76.29047321419,
    45.484492164559));
#2073 = CARTESIAN_POINT('',(16.182190477665,-76.29918614526,
    45.321598422365));
#2074 = CARTESIAN_POINT('',(16.178947459594,-76.3036149924,
    45.160060028965));
#2075 = CARTESIAN_POINT('',(16.177631738793,-76.30389394601,45.));
#2076 = ORIENTED_EDGE('',*,*,#2077,.F.);
#2077 = EDGE_CURVE('',#696,#1994,#2078,.T.);
#2078 = B_SPLINE_CURVE_WITH_KNOTS('',5,(#2079,#2080,#2081,#2082,#2083,
    #2084,#2085,#2086,#2087,#2088,#2089,#2090,#2091,#2092,#2093,#2094,
    #2095,#2096,#2097,#2098,#2099,#2100,#2101,#2102,#2103,#2104,#2105,
    #2106,#2107,#2108,#2109,#2110,#2111,#2112),.UNSPECIFIED.,.F.,.F.,(6,
    4,4,4,4,4,4,4,6),(0.,0.124082905036,0.247797775406,0.371191805936,
    0.494386485864,0.617616256264,0.740955681789,0.864645388834,1.),
  .UNSPECIFIED.);
#2079 = CARTESIAN_POINT('',(40.095169077746,-58.16419650245,
    52.973967314005));
#2080 = CARTESIAN_POINT('',(39.649378121767,-58.48096120164,
    52.973337357254));
#2081 = CARTESIAN_POINT('',(39.200772593998,-58.79248538706,
    52.97274810418));
#2082 = CARTESIAN_POINT('',(38.74940735954,-59.09881693627,
    52.97219909628));
#2083 = CARTESIAN_POINT('',(38.295329551862,-59.39999370846,
    52.971689959852));
#2084 = CARTESIAN_POINT('',(37.383182334692,-59.99121528549,
    52.970752244854));
#2085 = CARTESIAN_POINT('',(36.925129084406,-60.28129073518,
    52.970323429151));
#2086 = CARTESIAN_POINT('',(36.464458210094,-60.56629785341,
    52.969933669294));
#2087 = CARTESIAN_POINT('',(36.001204112809,-60.84625767775,
    52.969582733224));
#2088 = CARTESIAN_POINT('',(35.070796317744,-61.39539797966,
    52.968958969505));
#2089 = CARTESIAN_POINT('',(34.603656020963,-61.6646046355,
    52.968685940482));
#2090 = CARTESIAN_POINT('',(34.134004643796,-61.92881845694,
    52.968451184784));
#2091 = CARTESIAN_POINT('',(33.661867928535,-62.1880479833,
    52.968254573212));
#2092 = CARTESIAN_POINT('',(32.71343488088,-62.69613351789,
    52.967937726829));
#2093 = CARTESIAN_POINT('',(32.237146605804,-62.94500563324,
    52.967817368676));
#2094 = CARTESIAN_POINT('',(31.758425326396,-63.18891546539,
    52.967734863288));
#2095 = CARTESIAN_POINT('',(31.277290363989,-63.42786079736,
    52.967690166927));
#2096 = CARTESIAN_POINT('',(30.310088391436,-63.89587425344,
    52.96767638374));
#2097 = CARTESIAN_POINT('',(29.824020085841,-64.12493951388,
    52.967707318435));
#2098 = CARTESIAN_POINT('',(29.335569902388,-64.3490226336,
    52.967776076499));
#2099 = CARTESIAN_POINT('',(28.844752059901,-64.5681108636,
    52.967882694349));
#2100 = CARTESIAN_POINT('',(27.857965930312,-64.99645174315,
    52.968171931735));
#2101 = CARTESIAN_POINT('',(27.361993496838,-65.20569537615,
    52.968354619233));
#2102 = CARTESIAN_POINT('',(26.86367304005,-65.4098988683,
    52.968575387411));
#2103 = CARTESIAN_POINT('',(26.363014316099,-65.60903793998,
    52.968834357104));
#2104 = CARTESIAN_POINT('',(25.355607034872,-65.99767738047,
    52.969429874921));
#2105 = CARTESIAN_POINT('',(24.848845247402,-66.18714858025,
    52.969766642365));
#2106 = CARTESIAN_POINT('',(24.33974724374,-66.3714651855,
    52.970142161695));
#2107 = CARTESIAN_POINT('',(23.828318441247,-66.55058868297,
    52.970556654479));
#2108 = CARTESIAN_POINT('',(22.752354285538,-66.91475508345,
    52.971506933667));
#2109 = CARTESIAN_POINT('',(22.187359304394,-67.0987629525,
    52.972050473212));
#2110 = CARTESIAN_POINT('',(21.61958070291,-67.27643449248,
    52.972641386748));
#2111 = CARTESIAN_POINT('',(21.049019582061,-67.44769503134,
    52.973280131808));
#2112 = CARTESIAN_POINT('',(20.475670954298,-67.61244883244,
    52.973967314005));
#2113 = ORIENTED_EDGE('',*,*,#695,.F.);
#2114 = ORIENTED_EDGE('',*,*,#324,.T.);
#2115 = ORIENTED_EDGE('',*,*,#2116,.F.);
#2116 = EDGE_CURVE('',#2117,#315,#2119,.T.);
#2117 = VERTEX_POINT('',#2118);
#2118 = CARTESIAN_POINT('',(65.657971055602,-26.0745952126,
    52.97387717864));
#2119 = B_SPLINE_CURVE_WITH_KNOTS('',8,(#2120,#2121,#2122,#2123,#2124,
    #2125,#2126,#2127,#2128,#2129,#2130,#2131,#2132,#2133,#2134,#2135,
    #2136,#2137,#2138,#2139,#2140,#2141,#2142,#2143,#2144,#2145,#2146,
    #2147,#2148,#2149,#2150,#2151,#2152,#2153,#2154,#2155,#2156,#2157,
    #2158,#2159,#2160,#2161,#2162,#2163,#2164,#2165,#2166,#2167,#2168,
    #2169,#2170,#2171,#2172,#2173,#2174,#2175,#2176,#2177,#2178,#2179,
    #2180,#2181,#2182,#2183,#2184,#2185,#2186,#2187,#2188,#2189,#2190,
    #2191,#2192,#2193,#2194,#2195,#2196,#2197,#2198),.UNSPECIFIED.,.F.,
  .F.,(9,7,7,7,7,7,7,7,7,7,7,9),(0.,2.958550655037E-02,
    5.811163681842E-02,0.107608388067,0.221635307735,0.334457174806,
    0.444601065779,0.553062152464,0.662398323602,0.773590603049,
    0.88682055978,1.),.UNSPECIFIED.);
#2120 = CARTESIAN_POINT('',(65.657971055602,-26.0745952126,
    52.97387717864));
#2121 = CARTESIAN_POINT('',(65.641659030481,-26.11403781029,
    52.973925988535));
#2122 = CARTESIAN_POINT('',(65.628641197944,-26.15418094592,
    52.973703387532));
#2123 = CARTESIAN_POINT('',(65.618966958179,-26.19502669262,
    52.973206721032));
#2124 = CARTESIAN_POINT('',(65.61257646656,-26.23655820806,
    52.972434262404));
#2125 = CARTESIAN_POINT('',(65.609288959184,-26.27873763098,
    52.971385264794));
#2126 = CARTESIAN_POINT('',(65.608850342039,-26.32151453484,
    52.97005960417));
#2127 = CARTESIAN_POINT('',(65.610990697677,-26.36483616017,
    52.968457354547));
#2128 = CARTESIAN_POINT('',(65.61973462684,-26.45089625817,
    52.964767189896));
#2129 = CARTESIAN_POINT('',(65.626176005801,-26.49360052372,
    52.96269870004));
#2130 = CARTESIAN_POINT('',(65.634526029655,-26.5367178388,
    52.960373229234));
#2131 = CARTESIAN_POINT('',(65.64455143673,-26.58020417116,
    52.957790816076));
#2132 = CARTESIAN_POINT('',(65.656040967382,-26.62401963434,
    52.954951363787));
#2133 = CARTESIAN_POINT('',(65.668812385727,-26.66812971179,
    52.951854580877));
#2134 = CARTESIAN_POINT('',(65.682711729874,-26.71250513292,
    52.948499973966));
#2135 = CARTESIAN_POINT('',(65.723446295209,-26.83453401439,
    52.938617700985));
#2136 = CARTESIAN_POINT('',(65.752280010731,-26.91266862218,
    52.931570417286));
#2137 = CARTESIAN_POINT('',(65.783409173655,-26.99139133273,
    52.92374168826));
#2138 = CARTESIAN_POINT('',(65.816344127288,-27.07060463555,
    52.915126885434));
#2139 = CARTESIAN_POINT('',(65.850733961672,-27.15023476572,
    52.905720633891));
#2140 = CARTESIAN_POINT('',(65.886316670692,-27.23022322636,
    52.89551718218));
#2141 = CARTESIAN_POINT('',(65.922887826439,-27.31052146898,
    52.884510613534));
#2142 = CARTESIAN_POINT('',(66.046446970103,-27.57669357593,
    52.845474736052));
#2143 = CARTESIAN_POINT('',(66.137001659115,-27.76372190176,
    52.813960919088));
#2144 = CARTESIAN_POINT('',(66.229994126771,-27.95166830079,
    52.778081070095));
#2145 = CARTESIAN_POINT('',(66.324640615687,-28.14021633389,
    52.737763781556));
#2146 = CARTESIAN_POINT('',(66.420308413402,-28.32906644374,
    52.69294748722));
#2147 = CARTESIAN_POINT('',(66.516607089174,-28.51795239391,
    52.643580864123));
#2148 = CARTESIAN_POINT('',(66.613196081613,-28.70660993554,
    52.589625349911));
#2149 = CARTESIAN_POINT('',(66.805397601529,-29.08096556867,
    52.473105205813));
#2150 = CARTESIAN_POINT('',(66.901008508372,-29.2666729452,
    52.410637834921));
#2151 = CARTESIAN_POINT('',(66.996378534913,-29.45165424354,
    52.343629645914));
#2152 = CARTESIAN_POINT('',(67.091295962133,-29.63566266114,
    52.272069847719));
#2153 = CARTESIAN_POINT('',(67.185577978393,-29.81845242825,
    52.195961998494));
#2154 = CARTESIAN_POINT('',(67.279057574502,-29.99977816111,
    52.11532479533));
#2155 = CARTESIAN_POINT('',(67.371578235397,-30.17939568616,
    52.030192546968));
#2156 = CARTESIAN_POINT('',(67.552244689817,-30.5305157837,51.8531643457
    ));
#2157 = CARTESIAN_POINT('',(67.64044179737,-30.70210970825,
    51.761476970485));
#2158 = CARTESIAN_POINT('',(67.727453742596,-30.87162206664,
    51.665599594315));
#2159 = CARTESIAN_POINT('',(67.813154712199,-31.03883136613,
    51.565593313477));
#2160 = CARTESIAN_POINT('',(67.897426625345,-31.20352022967,
    51.461533628234));
#2161 = CARTESIAN_POINT('',(67.980158670949,-31.36547696226,
    51.35351014095));
#2162 = CARTESIAN_POINT('',(68.061246844964,-31.52449711737,
    51.241626254219));
#2163 = CARTESIAN_POINT('',(68.218727853681,-31.83389131656,
    51.012138066159));
#2164 = CARTESIAN_POINT('',(68.295173629774,-31.98436041916,
    50.894647243021));
#2165 = CARTESIAN_POINT('',(68.369837941064,-32.1316054662,
    50.773637670434));
#2166 = CARTESIAN_POINT('',(68.442634431681,-32.27544812322,
    50.649233222345));
#2167 = CARTESIAN_POINT('',(68.513483482769,-32.41571987016,
    50.521569335091));
#2168 = CARTESIAN_POINT('',(68.582312430505,-32.55226324525,
    50.390791966701));
#2169 = CARTESIAN_POINT('',(68.6490557841,-32.68493308894,
    50.257056556197));
#2170 = CARTESIAN_POINT('',(68.77877630574,-32.94330057766,
    49.98289586332));
#2171 = CARTESIAN_POINT('',(68.841718788932,-33.06893340521,
    49.842425231457));
#2172 = CARTESIAN_POINT('',(68.902423284676,-33.19036106725,
    49.699282762505));
#2173 = CARTESIAN_POINT('',(68.960837956159,-33.30746253099,
    49.553644634383));
#2174 = CARTESIAN_POINT('',(69.016918761713,-33.42013144283,
    49.405693980225));
#2175 = CARTESIAN_POINT('',(69.070629478064,-33.52827663726,
    49.255619340859));
#2176 = CARTESIAN_POINT('',(69.121941723578,-33.63182264567,
    49.103613117287));
#2177 = CARTESIAN_POINT('',(69.220558259185,-33.83127649577,
    48.79351696173));
#2178 = CARTESIAN_POINT('',(69.26777974497,-33.92702487483,
    48.635367447041));
#2179 = CARTESIAN_POINT('',(69.312477690949,-34.01789254463,
    48.475626309125));
#2180 = CARTESIAN_POINT('',(69.354638789894,-34.10383408902,
    48.314500564427));
#2181 = CARTESIAN_POINT('',(69.394257830373,-34.18482101912,
    48.152197792098));
#2182 = CARTESIAN_POINT('',(69.431337351871,-34.26084131899,
    47.988924510265));
#2183 = CARTESIAN_POINT('',(69.465887299916,-34.33189899133,
    47.824884552317));
#2184 = CARTESIAN_POINT('',(69.530549170181,-34.465339812,
    47.492653792163));
#2185 = CARTESIAN_POINT('',(69.560568161073,-34.52754013018,
    47.324441912884));
#2186 = CARTESIAN_POINT('',(69.587999491814,-34.58463486537,
    47.155852763563));
#2187 = CARTESIAN_POINT('',(69.612868548325,-34.63666095126,
    46.987092440046));
#2188 = CARTESIAN_POINT('',(69.635207614509,-34.68367066456,
    46.818360997818));
#2189 = CARTESIAN_POINT('',(69.655055222234,-34.72573034191,
    46.649851274015));
#2190 = CARTESIAN_POINT('',(69.672455501329,-34.76291909694,
    46.481747709439));
#2191 = CARTESIAN_POINT('',(69.702452864805,-34.82772151869,
    46.146777370355));
#2192 = CARTESIAN_POINT('',(69.715052078076,-34.85533942139,
    45.979910035431));
#2193 = CARTESIAN_POINT('',(69.725304163485,-34.87827162924,
    45.813798143499));
#2194 = CARTESIAN_POINT('',(69.733262988372,-34.89661983063,
    45.64860706367));
#2195 = CARTESIAN_POINT('',(69.738986602898,-34.91049551692,
    45.484492164559));
#2196 = CARTESIAN_POINT('',(69.742536549614,-34.92001848095,
    45.321598422365));
#2197 = CARTESIAN_POINT('',(69.743977173044,-34.92531531561,
    45.160060028965));
#2198 = CARTESIAN_POINT('',(69.743374929256,-34.92651791228,45.));
#2199 = ORIENTED_EDGE('',*,*,#2200,.F.);
#2200 = EDGE_CURVE('',#867,#2117,#2201,.T.);
#2201 = B_SPLINE_CURVE_WITH_KNOTS('',5,(#2202,#2203,#2204,#2205,#2206,
    #2207,#2208,#2209,#2210,#2211,#2212,#2213,#2214,#2215,#2216,#2217,
    #2218,#2219,#2220,#2221,#2222,#2223,#2224,#2225,#2226,#2227,#2228,
    #2229,#2230,#2231,#2232,#2233,#2234,#2235),.UNSPECIFIED.,.F.,.F.,(6,
    4,4,4,4,4,4,4,6),(0.,0.124082905036,0.247797775406,0.371191805936,
    0.494386485864,0.617616256263,0.740955681789,0.864645388834,1.),
  .UNSPECIFIED.);
#2202 = CARTESIAN_POINT('',(70.47352900185,-4.917117872726,
    52.973967314005));
#2203 = CARTESIAN_POINT('',(70.443239501396,-5.463150836242,
    52.973337357254));
#2204 = CARTESIAN_POINT('',(70.407097945493,-6.008116913709,
    52.97274810418));
#2205 = CARTESIAN_POINT('',(70.365175974134,-6.552003061015,
    52.97219909628));
#2206 = CARTESIAN_POINT('',(70.317532574089,-7.09479603257,
    52.971689959852));
#2207 = CARTESIAN_POINT('',(70.211053728423,-8.176562067513,
    52.970752244854));
#2208 = CARTESIAN_POINT('',(70.152252317017,-8.715541603882,
    52.970323429151));
#2209 = CARTESIAN_POINT('',(70.087856262634,-9.253407628153,
    52.969933669294));
#2210 = CARTESIAN_POINT('',(70.017903461802,-9.790146361198,
    52.969582733224));
#2211 = CARTESIAN_POINT('',(69.867138866336,-10.85995184494,
    52.968958969505));
#2212 = CARTESIAN_POINT('',(69.786355894078,-11.3930244402,
    52.968685940482));
#2213 = CARTESIAN_POINT('',(69.700103733691,-11.92494729583,
    52.968451184784));
#2214 = CARTESIAN_POINT('',(69.608405111537,-12.45570560988,
    52.968254573212));
#2215 = CARTESIAN_POINT('',(69.414304045311,-13.51400657484,
    52.967937726829));
#2216 = CARTESIAN_POINT('',(69.311919217945,-14.04155296891,
    52.967817368676));
#2217 = CARTESIAN_POINT('',(69.204137767955,-14.5679076294,
    52.967734863288));
#2218 = CARTESIAN_POINT('',(69.090970008703,-15.09305406801,
    52.967690166927));
#2219 = CARTESIAN_POINT('',(68.853837096661,-16.14104463706,
    52.96767638374));
#2220 = CARTESIAN_POINT('',(68.729868897262,-16.66388799484,
    52.967707318435));
#2221 = CARTESIAN_POINT('',(68.600520426854,-17.1854872658,
    52.967776076499));
#2222 = CARTESIAN_POINT('',(68.465790583146,-17.70582338432,
    52.967882694349));
#2223 = CARTESIAN_POINT('',(68.185429879593,-18.74439001702,
    52.968171931735));
#2224 = CARTESIAN_POINT('',(68.039789385103,-19.26261815122,
    52.968354619233));
#2225 = CARTESIAN_POINT('',(67.888744381228,-19.77953956755,
    52.968575387411));
#2226 = CARTESIAN_POINT('',(67.732281968265,-20.29513150026,
    52.968834357104));
#2227 = CARTESIAN_POINT('',(67.408024352004,-21.32506695613,
    52.969429874921));
#2228 = CARTESIAN_POINT('',(67.240198094552,-21.8394026365,
    52.969766642365));
#2229 = CARTESIAN_POINT('',(67.066885205851,-22.35235100711,
    52.970142161695));
#2230 = CARTESIAN_POINT('',(66.88805895269,-22.86388381989,
    52.970556654479));
#2231 = CARTESIAN_POINT('',(66.501923031192,-23.9321605077,
    52.971506933667));
#2232 = CARTESIAN_POINT('',(66.293517567396,-24.48861840122,
    52.972050473212));
#2233 = CARTESIAN_POINT('',(66.07842260315,-25.04330198018,
    52.972641386748));
#2234 = CARTESIAN_POINT('',(65.85658044395,-25.59616382658,
    52.973280131808));
#2235 = CARTESIAN_POINT('',(65.627913130186,-26.147148149,
    52.973967314005));
#2236 = TOROIDAL_SURFACE('',#2237,70.,8.);
#2237 = AXIS2_PLACEMENT_3D('',#2238,#2239,#2240);
#2238 = CARTESIAN_POINT('',(0.,0.,45.));
#2239 = DIRECTION('',(0.,0.,1.));
#2240 = DIRECTION('',(1.,0.,-0.));
#2241 = ADVANCED_FACE('',(#2242),#2319,.T.);
#2242 = FACE_BOUND('',#2243,.T.);
#2243 = EDGE_LOOP('',(#2244,#2266,#2267,#2268,#2290));
#2244 = ORIENTED_EDGE('',*,*,#2245,.F.);
#2245 = EDGE_CURVE('',#2117,#2246,#2248,.T.);
#2246 = VERTEX_POINT('',#2247);
#2247 = CARTESIAN_POINT('',(205.79609396701,-51.06775156621,52.));
#2248 = B_SPLINE_CURVE_WITH_KNOTS('',6,(#2249,#2250,#2251,#2252,#2253,
    #2254,#2255,#2256,#2257,#2258,#2259,#2260,#2261,#2262,#2263,#2264,
    #2265),.UNSPECIFIED.,.F.,.F.,(7,5,5,7),(-8.890959613726,
    5.471370022853E-02,146.55455944062,155.50023275457),.UNSPECIFIED.);
#2249 = CARTESIAN_POINT('',(52.768869092647,-23.77586782904,
    53.063448824057));
#2250 = CARTESIAN_POINT('',(54.236619734152,-24.03763615096,
    53.053248824057));
#2251 = CARTESIAN_POINT('',(55.704370375658,-24.29940447287,
    53.043048824057));
#2252 = CARTESIAN_POINT('',(57.172121017164,-24.56117279479,
    53.032848824057));
#2253 = CARTESIAN_POINT('',(58.639871658669,-24.82294111671,
    53.022648824057));
#2254 = CARTESIAN_POINT('',(60.107622300175,-25.08470943863,
    53.012448824057));
#2255 = CARTESIAN_POINT('',(85.612159779237,-29.63335672816,
    52.835207353381));
#2256 = CARTESIAN_POINT('',(109.64894661679,-33.92023569577,
    52.668165882705));
#2257 = CARTESIAN_POINT('',(133.68573345434,-38.20711466338,
    52.501124412029));
#2258 = CARTESIAN_POINT('',(157.7225202919,-42.49399363099,
    52.334082941352));
#2259 = CARTESIAN_POINT('',(181.75930712946,-46.7808725986,
    52.167041470676));
#2260 = CARTESIAN_POINT('',(207.26384460852,-51.32951988813,51.9898));
#2261 = CARTESIAN_POINT('',(208.73159525002,-51.59128821004,51.9796));
#2262 = CARTESIAN_POINT('',(210.19934589153,-51.85305653196,51.9694));
#2263 = CARTESIAN_POINT('',(211.66709653303,-52.11482485388,51.9592));
#2264 = CARTESIAN_POINT('',(213.13484717454,-52.3765931758,51.949));
#2265 = CARTESIAN_POINT('',(214.60259781605,-52.63836149771,51.9388));
#2266 = ORIENTED_EDGE('',*,*,#2116,.T.);
#2267 = ORIENTED_EDGE('',*,*,#314,.F.);
#2268 = ORIENTED_EDGE('',*,*,#2269,.T.);
#2269 = EDGE_CURVE('',#305,#2270,#2272,.T.);
#2270 = VERTEX_POINT('',#2271);
#2271 = CARTESIAN_POINT('',(204.01446617507,-58.87357294492,
    44.002436469923));
#2272 = B_SPLINE_CURVE_WITH_KNOTS('',6,(#2273,#2274,#2275,#2276,#2277,
    #2278,#2279,#2280,#2281,#2282,#2283,#2284,#2285,#2286,#2287,#2288,
    #2289),.UNSPECIFIED.,.F.,.F.,(7,5,5,7),(-8.890959613726,
    5.471370022853E-02,146.55455944062,155.50023275457),.UNSPECIFIED.);
#2273 = CARTESIAN_POINT('',(51.310840609796,-31.63940204106,
    45.063636469923));
#2274 = CARTESIAN_POINT('',(52.778591251302,-31.90117036298,
    45.053436469923));
#2275 = CARTESIAN_POINT('',(54.246341892808,-32.1629386849,
    45.043236469923));
#2276 = CARTESIAN_POINT('',(55.714092534313,-32.42470700681,
    45.033036469923));
#2277 = CARTESIAN_POINT('',(57.181843175819,-32.68647532873,
    45.022836469923));
#2278 = CARTESIAN_POINT('',(58.649593817325,-32.94824365065,
    45.012636469923));
#2279 = CARTESIAN_POINT('',(84.154131296386,-37.49689094018,
    44.835394999247));
#2280 = CARTESIAN_POINT('',(108.19091813394,-41.78376990779,
    44.66835352857));
#2281 = CARTESIAN_POINT('',(132.22770497149,-46.0706488754,
    44.501312057894));
#2282 = CARTESIAN_POINT('',(156.26449180905,-50.35752784301,
    44.334270587218));
#2283 = CARTESIAN_POINT('',(180.30127864661,-54.64440681062,
    44.167229116542));
#2284 = CARTESIAN_POINT('',(205.80581612567,-59.19305410015,
    43.989987645865));
#2285 = CARTESIAN_POINT('',(207.27356676717,-59.45482242206,
    43.979787645865));
#2286 = CARTESIAN_POINT('',(208.74131740868,-59.71659074398,
    43.969587645865));
#2287 = CARTESIAN_POINT('',(210.20906805018,-59.9783590659,
    43.959387645865));
#2288 = CARTESIAN_POINT('',(211.67681869169,-60.24012738782,
    43.949187645865));
#2289 = CARTESIAN_POINT('',(213.1445693332,-60.50189570974,
    43.938987645865));
#2290 = ORIENTED_EDGE('',*,*,#2291,.F.);
#2291 = EDGE_CURVE('',#2246,#2270,#2292,.T.);
#2292 = B_SPLINE_CURVE_WITH_KNOTS('',7,(#2293,#2294,#2295,#2296,#2297,
    #2298,#2299,#2300,#2301,#2302,#2303,#2304,#2305,#2306,#2307,#2308,
    #2309,#2310,#2311,#2312,#2313,#2314,#2315,#2316,#2317,#2318),
  .UNSPECIFIED.,.F.,.F.,(8,6,6,6,8),(0.,0.250659813184,0.502734282845,
    0.752805096287,1.),.UNSPECIFIED.);
#2293 = CARTESIAN_POINT('',(205.79609396701,-51.06775156621,52.));
#2294 = CARTESIAN_POINT('',(205.70579342801,-51.4633840777,52.));
#2295 = CARTESIAN_POINT('',(205.61329710254,-51.86863695827,
    51.976038011489));
#2296 = CARTESIAN_POINT('',(205.51907698222,-52.28144227755,
    51.926019067199));
#2297 = CARTESIAN_POINT('',(205.42372148817,-52.69922199418,
    51.848056494067));
#2298 = CARTESIAN_POINT('',(205.32793674868,-53.11888235792,
    51.740688897186));
#2299 = CARTESIAN_POINT('',(205.23252049725,-53.53692827001,
    51.603063046408));
#2300 = CARTESIAN_POINT('',(205.04356497798,-54.36479649176,
    51.266154248816));
#2301 = CARTESIAN_POINT('',(204.95003903391,-54.77456042617,
    51.066526236349));
#2302 = CARTESIAN_POINT('',(204.85858122988,-55.17526324702,
    50.836096858547));
#2303 = CARTESIAN_POINT('',(204.77008057898,-55.56300993348,
    50.575519079073));
#2304 = CARTESIAN_POINT('',(204.68541209476,-55.93396680072,
    50.286321208306));
#2305 = CARTESIAN_POINT('',(204.60535993137,-56.28469824485,
    49.970857871463));
#2306 = CARTESIAN_POINT('',(204.45637675892,-56.93743617239,
    49.296006617979));
#2307 = CARTESIAN_POINT('',(204.38736211793,-57.23980907121,
    48.936986461189));
#2308 = CARTESIAN_POINT('',(204.32415883525,-57.51672074571,
    48.55791248571));
#2309 = CARTESIAN_POINT('',(204.26726567838,-57.76598595263,
    48.162254945835));
#2310 = CARTESIAN_POINT('',(204.21700182269,-57.98620629327,
    47.753861866765));
#2311 = CARTESIAN_POINT('',(204.17349805127,-58.17680876961,
    47.336628219941));
#2312 = CARTESIAN_POINT('',(204.10037134814,-58.49719778983,
    46.496773006142));
#2313 = CARTESIAN_POINT('',(204.07059423526,-58.62765984557,
    46.074267258868));
#2314 = CARTESIAN_POINT('',(204.04736260183,-58.72944428207,
    45.650344363667));
#2315 = CARTESIAN_POINT('',(204.03048870974,-58.80337363379,
    45.228422783553));
#2316 = CARTESIAN_POINT('',(204.01965778895,-58.85082699829,
    44.81152893217));
#2317 = CARTESIAN_POINT('',(204.01446617507,-58.87357294492,
    44.402189424588));
#2318 = CARTESIAN_POINT('',(204.01446617507,-58.87357294492,
    44.002436469923));
#2319 = ( BOUNDED_SURFACE() B_SPLINE_SURFACE(2,6,(
    (#2320,#2321,#2322,#2323,#2324,#2325,#2326,#2327,#2328,#2329,#2330
      ,#2331,#2332,#2333,#2334,#2335,#2336)
    ,(#2337,#2338,#2339,#2340,#2341,#2342,#2343,#2344,#2345,#2346,#2347
      ,#2348,#2349,#2350,#2351,#2352,#2353)
    ,(#2354,#2355,#2356,#2357,#2358,#2359,#2360,#2361,#2362,#2363,#2364
      ,#2365,#2366,#2367,#2368,#2369,#2370
)),.UNSPECIFIED.,.F.,.F.,.F.) B_SPLINE_SURFACE_WITH_KNOTS((3,3),(7,5,5,7
    ),(0.,146.49984574039),(-8.890959613726,5.471370022853E-02,
    146.55455944062,155.50023275457),.UNSPECIFIED.) 
GEOMETRIC_REPRESENTATION_ITEM() RATIONAL_B_SPLINE_SURFACE((
    (1.,1.,1.,1.,1.,1.,1.,1.,1.,1.,1.,1.,1.,1.,1.,1.,1.)
    ,(0.707222739782,0.707222739782,0.707222739782,0.707222739782
      ,0.707222739782,0.707222739782,0.707222739782,0.707222739782
      ,0.707222739782,0.707222739782,0.707222739782,0.707222739782
      ,0.707222739782,0.707222739782,0.707222739782,0.707222739782
      ,0.707222739782)
    ,(1.,1.,1.,1.,1.,1.,1.,1.,1.,1.,1.,1.,1.,1.,1.,1.,1.
))) REPRESENTATION_ITEM('') SURFACE() );
#2320 = CARTESIAN_POINT('',(52.768869092647,-23.77586782904,
    53.063448824057));
#2321 = CARTESIAN_POINT('',(54.236619734152,-24.03763615096,
    53.053248824057));
#2322 = CARTESIAN_POINT('',(55.704370375658,-24.29940447287,
    53.043048824057));
#2323 = CARTESIAN_POINT('',(57.172121017164,-24.56117279479,
    53.032848824057));
#2324 = CARTESIAN_POINT('',(58.639871658669,-24.82294111671,
    53.022648824057));
#2325 = CARTESIAN_POINT('',(60.107622300175,-25.08470943863,
    53.012448824057));
#2326 = CARTESIAN_POINT('',(85.612159779237,-29.63335672816,
    52.835207353381));
#2327 = CARTESIAN_POINT('',(109.64894661679,-33.92023569577,
    52.668165882705));
#2328 = CARTESIAN_POINT('',(133.68573345434,-38.20711466338,
    52.501124412029));
#2329 = CARTESIAN_POINT('',(157.7225202919,-42.49399363099,
    52.334082941352));
#2330 = CARTESIAN_POINT('',(181.75930712946,-46.7808725986,
    52.167041470676));
#2331 = CARTESIAN_POINT('',(207.26384460852,-51.32951988813,51.9898));
#2332 = CARTESIAN_POINT('',(208.73159525002,-51.59128821004,51.9796));
#2333 = CARTESIAN_POINT('',(210.19934589153,-51.85305653196,51.9694));
#2334 = CARTESIAN_POINT('',(211.66709653303,-52.11482485388,51.9592));
#2335 = CARTESIAN_POINT('',(213.13484717454,-52.3765931758,51.949));
#2336 = CARTESIAN_POINT('',(214.60259781605,-52.63836149771,51.9388));
#2337 = CARTESIAN_POINT('',(51.36470311905,-31.64900823591,
    53.060825687376));
#2338 = CARTESIAN_POINT('',(52.832453760556,-31.91077655783,
    53.050625687376));
#2339 = CARTESIAN_POINT('',(54.300204402062,-32.17254487975,
    53.040425687376));
#2340 = CARTESIAN_POINT('',(55.767955043567,-32.43431320167,
    53.030225687376));
#2341 = CARTESIAN_POINT('',(57.235705685073,-32.69608152359,
    53.020025687376));
#2342 = CARTESIAN_POINT('',(58.703456326579,-32.9578498455,
    53.009825687376));
#2343 = CARTESIAN_POINT('',(84.20799380564,-37.50649713503,52.8325842167
    ));
#2344 = CARTESIAN_POINT('',(108.24478064319,-41.79337610264,
    52.665542746023));
#2345 = CARTESIAN_POINT('',(132.28156748075,-46.08025507025,
    52.498501275347));
#2346 = CARTESIAN_POINT('',(156.3183543183,-50.36713403786,
    52.331459804671));
#2347 = CARTESIAN_POINT('',(180.35514115586,-54.65401300547,
    52.164418333995));
#2348 = CARTESIAN_POINT('',(205.85967863492,-59.202660295,
    51.987176863318));
#2349 = CARTESIAN_POINT('',(207.32742927643,-59.46442861692,
    51.976976863318));
#2350 = CARTESIAN_POINT('',(208.79517991793,-59.72619693884,
    51.966776863318));
#2351 = CARTESIAN_POINT('',(210.26293055944,-59.98796526075,
    51.956576863318));
#2352 = CARTESIAN_POINT('',(211.73068120094,-60.24973358267,
    51.946376863318));
#2353 = CARTESIAN_POINT('',(213.19843184245,-60.51150190459,
    51.936176863318));
#2354 = CARTESIAN_POINT('',(51.310840609796,-31.63940204106,
    45.063636469923));
#2355 = CARTESIAN_POINT('',(52.778591251302,-31.90117036298,
    45.053436469923));
#2356 = CARTESIAN_POINT('',(54.246341892808,-32.1629386849,
    45.043236469923));
#2357 = CARTESIAN_POINT('',(55.714092534313,-32.42470700681,
    45.033036469923));
#2358 = CARTESIAN_POINT('',(57.181843175819,-32.68647532873,
    45.022836469923));
#2359 = CARTESIAN_POINT('',(58.649593817325,-32.94824365065,
    45.012636469923));
#2360 = CARTESIAN_POINT('',(84.154131296386,-37.49689094018,
    44.835394999247));
#2361 = CARTESIAN_POINT('',(108.19091813394,-41.78376990779,
    44.66835352857));
#2362 = CARTESIAN_POINT('',(132.22770497149,-46.0706488754,
    44.501312057894));
#2363 = CARTESIAN_POINT('',(156.26449180905,-50.35752784301,
    44.334270587218));
#2364 = CARTESIAN_POINT('',(180.30127864661,-54.64440681062,
    44.167229116542));
#2365 = CARTESIAN_POINT('',(205.80581612567,-59.19305410015,
    43.989987645865));
#2366 = CARTESIAN_POINT('',(207.27356676717,-59.45482242206,
    43.979787645865));
#2367 = CARTESIAN_POINT('',(208.74131740868,-59.71659074398,
    43.969587645865));
#2368 = CARTESIAN_POINT('',(210.20906805018,-59.9783590659,
    43.959387645865));
#2369 = CARTESIAN_POINT('',(211.67681869169,-60.24012738782,
    43.949187645865));
#2370 = CARTESIAN_POINT('',(213.1445693332,-60.50189570974,
    43.938987645865));
#2371 = ADVANCED_FACE('',(#2372),#2405,.T.);
#2372 = FACE_BOUND('',#2373,.T.);
#2373 = EDGE_LOOP('',(#2374,#2375,#2376,#2377,#2399));
#2374 = ORIENTED_EDGE('',*,*,#2269,.F.);
#2375 = ORIENTED_EDGE('',*,*,#304,.F.);
#2376 = ORIENTED_EDGE('',*,*,#370,.F.);
#2377 = ORIENTED_EDGE('',*,*,#2378,.T.);
#2378 = EDGE_CURVE('',#371,#2379,#2381,.T.);
#2379 = VERTEX_POINT('',#2380);
#2380 = CARTESIAN_POINT('',(204.01446617507,-58.87357294492,
    42.002811770456));
#2381 = B_SPLINE_CURVE_WITH_KNOTS('',6,(#2382,#2383,#2384,#2385,#2386,
    #2387,#2388,#2389,#2390,#2391,#2392,#2393,#2394,#2395,#2396,#2397,
    #2398),.UNSPECIFIED.,.F.,.F.,(7,5,5,7),(-9.000422918949,
    -5.474960499469E-02,146.55481105679,155.50048437074),.UNSPECIFIED.);
#2382 = CARTESIAN_POINT('',(51.310840609796,-31.63940204106,
    43.064011770456));
#2383 = CARTESIAN_POINT('',(52.778591251302,-31.90117036298,
    43.053811770456));
#2384 = CARTESIAN_POINT('',(54.246341892808,-32.1629386849,
    43.043611770456));
#2385 = CARTESIAN_POINT('',(55.714092534313,-32.42470700681,
    43.033411770456));
#2386 = CARTESIAN_POINT('',(57.181843175819,-32.68647532873,
    43.023211770456));
#2387 = CARTESIAN_POINT('',(58.649593817325,-32.94824365065,
    43.013011770456));
#2388 = CARTESIAN_POINT('',(84.172132640792,-37.50010141857,
    42.835645201069));
#2389 = CARTESIAN_POINT('',(108.22692082275,-41.79019086457,
    42.668478631682));
#2390 = CARTESIAN_POINT('',(132.28170900471,-46.08028031057,
    42.501312062296));
#2391 = CARTESIAN_POINT('',(156.33649718667,-50.37036975657,
    42.334145492909));
#2392 = CARTESIAN_POINT('',(180.39128536863,-54.66045920257,
    42.166978923522));
#2393 = CARTESIAN_POINT('',(205.9138241921,-59.21231697049,
    41.989612354135));
#2394 = CARTESIAN_POINT('',(207.3815748336,-59.47408529241,
    41.979412354135));
#2395 = CARTESIAN_POINT('',(208.84932547511,-59.73585361432,
    41.969212354135));
#2396 = CARTESIAN_POINT('',(210.31707611662,-59.99762193624,
    41.959012354135));
#2397 = CARTESIAN_POINT('',(211.78482675812,-60.25939025816,
    41.948812354135));
#2398 = CARTESIAN_POINT('',(213.25257739963,-60.52115858008,
    41.938612354135));
#2399 = ORIENTED_EDGE('',*,*,#2400,.F.);
#2400 = EDGE_CURVE('',#2270,#2379,#2401,.T.);
#2401 = LINE('',#2402,#2403);
#2402 = CARTESIAN_POINT('',(204.01446617507,-58.87357294492,52.));
#2403 = VECTOR('',#2404,1.);
#2404 = DIRECTION('',(0.,0.,-1.));
#2405 = B_SPLINE_SURFACE_WITH_KNOTS('',1,1,(
    (#2406,#2407)
    ,(#2408,#2409
    )),.UNSPECIFIED.,.F.,.F.,.F.,(2,2),(2,2),(0.,18.),(0.,1.),
  .PIECEWISE_BEZIER_KNOTS.);
#2406 = CARTESIAN_POINT('',(60.11734445883,-33.21001197257,53.));
#2407 = CARTESIAN_POINT('',(204.01446617507,-58.87357294492,52.));
#2408 = CARTESIAN_POINT('',(60.11734445883,-33.21001197257,35.));
#2409 = CARTESIAN_POINT('',(204.01446617507,-58.87357294492,34.));
#2410 = ADVANCED_FACE('',(#2411),#2509,.T.);
#2411 = FACE_BOUND('',#2412,.T.);
#2412 = EDGE_LOOP('',(#2413,#2437,#2478,#2479,#2480));
#2413 = ORIENTED_EDGE('',*,*,#2414,.F.);
#2414 = EDGE_CURVE('',#2415,#2417,#2419,.T.);
#2415 = VERTEX_POINT('',#2416);
#2416 = CARTESIAN_POINT('',(38.536337790683,-54.69635125374,35.));
#2417 = VERTEX_POINT('',#2418);
#2418 = CARTESIAN_POINT('',(95.57658162653,-189.2749921413,34.));
#2419 = B_SPLINE_CURVE_WITH_KNOTS('',6,(#2420,#2421,#2422,#2423,#2424,
    #2425,#2426,#2427,#2428,#2429,#2430,#2431,#2432,#2433,#2434,#2435,
    #2436),.UNSPECIFIED.,.F.,.F.,(7,5,5,7),(-9.00042291895,
    -5.474960499495E-02,146.55481105679,155.50048437074),.UNSPECIFIED.);
#2420 = CARTESIAN_POINT('',(34.874387429572,-46.05648105939,
    35.064199416322));
#2421 = CARTESIAN_POINT('',(35.456197916698,-47.42918319644,
    35.053999416322));
#2422 = CARTESIAN_POINT('',(36.038008403823,-48.80188533349,
    35.043799416322));
#2423 = CARTESIAN_POINT('',(36.619818890949,-50.17458747055,
    35.033599416322));
#2424 = CARTESIAN_POINT('',(37.201629378075,-51.5472896076,
    35.023399416322));
#2425 = CARTESIAN_POINT('',(37.7834398652,-52.91999174465,
    35.013199416322));
#2426 = CARTESIAN_POINT('',(47.90047223136,-76.78974359164,
    34.835832846935));
#2427 = CARTESIAN_POINT('',(57.435694110394,-99.28679330158,
    34.668666277548));
#2428 = CARTESIAN_POINT('',(66.970915989428,-121.7838430115,
    34.501499708161));
#2429 = CARTESIAN_POINT('',(76.506137868462,-144.2808927214,
    34.334333138774));
#2430 = CARTESIAN_POINT('',(86.041359747496,-166.7779424313,
    34.167166569387));
#2431 = CARTESIAN_POINT('',(96.158392113655,-190.6476942783,33.9898));
#2432 = CARTESIAN_POINT('',(96.740202600781,-192.0203964154,33.9796));
#2433 = CARTESIAN_POINT('',(97.322013087906,-193.3930985524,33.9694));
#2434 = CARTESIAN_POINT('',(97.903823575032,-194.7658006895,33.9592));
#2435 = CARTESIAN_POINT('',(98.485634062158,-196.1385028265,33.949));
#2436 = CARTESIAN_POINT('',(99.067444549283,-197.5112049636,33.9388));
#2437 = ORIENTED_EDGE('',*,*,#2438,.F.);
#2438 = EDGE_CURVE('',#500,#2415,#2439,.T.);
#2439 = B_SPLINE_CURVE_WITH_KNOTS('',7,(#2440,#2441,#2442,#2443,#2444,
    #2445,#2446,#2447,#2448,#2449,#2450,#2451,#2452,#2453,#2454,#2455,
    #2456,#2457,#2458,#2459,#2460,#2461,#2462,#2463,#2464,#2465,#2466,
    #2467,#2468,#2469,#2470,#2471,#2472,#2473,#2474,#2475,#2476,#2477),
  .UNSPECIFIED.,.F.,.F.,(8,6,6,6,6,6,8),(0.,0.242439669756,
    0.498605761485,0.638261506869,0.771527331608,0.879093325361,1.),
  .UNSPECIFIED.);
#2440 = CARTESIAN_POINT('',(46.510419789578,-70.,35.));
#2441 = CARTESIAN_POINT('',(46.201287506456,-69.34389594279,35.));
#2442 = CARTESIAN_POINT('',(45.892346934498,-68.68988272554,35.));
#2443 = CARTESIAN_POINT('',(45.583630251196,-68.03815952733,35.));
#2444 = CARTESIAN_POINT('',(45.275185918801,-67.38898180869,35.));
#2445 = CARTESIAN_POINT('',(44.967079239315,-66.74266606038,35.));
#2446 = CARTESIAN_POINT('',(44.659394179468,-66.09960445264,35.));
#2447 = CARTESIAN_POINT('',(44.027688130993,-64.78477764812,35.));
#2448 = CARTESIAN_POINT('',(43.70376757135,-64.11352991623,35.));
#2449 = CARTESIAN_POINT('',(43.380559874441,-63.44704424535,35.));
#2450 = CARTESIAN_POINT('',(43.058236839137,-62.78606846155,35.));
#2451 = CARTESIAN_POINT('',(42.737067331419,-62.13165468259,35.));
#2452 = CARTESIAN_POINT('',(42.417423303673,-61.48519397665,35.));
#2453 = CARTESIAN_POINT('',(41.926678092771,-60.50164107147,35.));
#2454 = CARTESIAN_POINT('',(41.754158105539,-60.15760869337,35.));
#2455 = CARTESIAN_POINT('',(41.582345794767,-59.81687767132,35.));
#2456 = CARTESIAN_POINT('',(41.411359146914,-59.47986182691,35.));
#2457 = CARTESIAN_POINT('',(41.241354888061,-59.14708289071,35.));
#2458 = CARTESIAN_POINT('',(41.072533947347,-58.81919372265,35.));
#2459 = CARTESIAN_POINT('',(40.745426682824,-58.18958483031,35.));
#2460 = CARTESIAN_POINT('',(40.587055800966,-57.88743895395,35.));
#2461 = CARTESIAN_POINT('',(40.430220477194,-57.59121992341,35.));
#2462 = CARTESIAN_POINT('',(40.275221778132,-57.30185574555,35.));
#2463 = CARTESIAN_POINT('',(40.122488536703,-57.02059400453,35.));
#2464 = CARTESIAN_POINT('',(39.972584655857,-56.74902785385,35.));
#2465 = CARTESIAN_POINT('',(39.708127412968,-56.27952241101,35.));
#2466 = CARTESIAN_POINT('',(39.592389664353,-56.07758665777,35.));
#2467 = CARTESIAN_POINT('',(39.479387588706,-55.8844424624,35.));
#2468 = CARTESIAN_POINT('',(39.369659732387,-55.70151376899,35.));
#2469 = CARTESIAN_POINT('',(39.263927539681,-55.53062068188,35.));
#2470 = CARTESIAN_POINT('',(39.163078555981,-55.37392886752,35.));
#2471 = CARTESIAN_POINT('',(38.96141241467,-55.07639903188,35.));
#2472 = CARTESIAN_POINT('',(38.862009444578,-54.93972899635,35.));
#2473 = CARTESIAN_POINT('',(38.771708032304,-54.82780593873,35.));
#2474 = CARTESIAN_POINT('',(38.692437502867,-54.74472587623,35.));
#2475 = CARTESIAN_POINT('',(38.626050960726,-54.69415064926,35.));
#2476 = CARTESIAN_POINT('',(38.573909735634,-54.67825755868,35.));
#2477 = CARTESIAN_POINT('',(38.536337790683,-54.69635125374,35.));
#2478 = ORIENTED_EDGE('',*,*,#508,.F.);
#2479 = ORIENTED_EDGE('',*,*,#633,.T.);
#2480 = ORIENTED_EDGE('',*,*,#2481,.F.);
#2481 = EDGE_CURVE('',#2417,#634,#2482,.T.);
#2482 = B_SPLINE_CURVE_WITH_KNOTS('',7,(#2483,#2484,#2485,#2486,#2487,
    #2488,#2489,#2490,#2491,#2492,#2493,#2494,#2495,#2496,#2497,#2498,
    #2499,#2500,#2501,#2502,#2503,#2504,#2505,#2506,#2507,#2508),
  .UNSPECIFIED.,.F.,.F.,(8,6,6,6,8),(0.,0.249928743902,0.50000257361,
    0.75007469467,1.),.UNSPECIFIED.);
#2483 = CARTESIAN_POINT('',(95.57658162653,-189.2749921413,34.));
#2484 = CARTESIAN_POINT('',(95.941255463472,-189.0993744773,34.));
#2485 = CARTESIAN_POINT('',(96.314792016964,-188.9194887539,
    34.023838195587));
#2486 = CARTESIAN_POINT('',(96.695296567996,-188.7362474198,
    34.073594322343));
#2487 = CARTESIAN_POINT('',(97.08040755024,-188.5507877453,
    34.15114205148));
#2488 = CARTESIAN_POINT('',(97.467291183054,-188.3644744073,
    34.257934940985));
#2489 = CARTESIAN_POINT('',(97.852745350455,-188.1788494636,
    34.394825659662));
#2490 = CARTESIAN_POINT('',(98.614301082382,-187.8121035523,
    34.729108307305));
#2491 = CARTESIAN_POINT('',(98.990398293602,-187.6309846811,
    34.92653673398));
#2492 = CARTESIAN_POINT('',(99.358339720416,-187.4537934288,
    35.15431197659));
#2493 = CARTESIAN_POINT('',(99.714606972074,-187.2822241629,
    35.411810777757));
#2494 = CARTESIAN_POINT('',(100.05573216956,-187.1179469259,
    35.697561774272));
#2495 = CARTESIAN_POINT('',(100.37859699123,-186.9624634225,
    36.009289745988));
#2496 = CARTESIAN_POINT('',(100.9826325739,-186.671575217,36.6789651319)
  );
#2497 = CARTESIAN_POINT('',(101.26380478866,-186.5361698149,
    37.03691352628));
#2498 = CARTESIAN_POINT('',(101.52154712613,-186.412047647,
    37.415107423276));
#2499 = CARTESIAN_POINT('',(101.75380711857,-186.3001971297,
    37.81008979761));
#2500 = CARTESIAN_POINT('',(101.95925730836,-186.2012575328,
    38.218015913709));
#2501 = CARTESIAN_POINT('',(102.13733526157,-186.1154997104,
    38.634984884273));
#2502 = CARTESIAN_POINT('',(102.43885299907,-185.9702964209,
    39.479299588322));
#2503 = CARTESIAN_POINT('',(102.56232608855,-185.9108349149,
    39.906640440957));
#2504 = CARTESIAN_POINT('',(102.65865153063,-185.8644470268,
    40.335566432024));
#2505 = CARTESIAN_POINT('',(102.72859831082,-185.8307624328,
    40.762527272486));
#2506 = CARTESIAN_POINT('',(102.77347748653,-185.8091497609,
    41.184381054574));
#2507 = CARTESIAN_POINT('',(102.79497910775,-185.7987951259,
    41.59850945184));
#2508 = CARTESIAN_POINT('',(102.79497910775,-185.7987951259,
    42.002811770456));
#2509 = ( BOUNDED_SURFACE() B_SPLINE_SURFACE(2,6,(
    (#2510,#2511,#2512,#2513,#2514,#2515,#2516,#2517,#2518,#2519,#2520
      ,#2521,#2522,#2523,#2524,#2525,#2526)
    ,(#2527,#2528,#2529,#2530,#2531,#2532,#2533,#2534,#2535,#2536,#2537
      ,#2538,#2539,#2540,#2541,#2542,#2543)
    ,(#2544,#2545,#2546,#2547,#2548,#2549,#2550,#2551,#2552,#2553,#2554
      ,#2555,#2556,#2557,#2558,#2559,#2560
)),.UNSPECIFIED.,.F.,.F.,.F.) B_SPLINE_SURFACE_WITH_KNOTS((3,3),(7,5,5,7
    ),(0.,146.60956066178),(-9.00042291895,-5.474960499495E-02,
    146.55481105679,155.50048437074),.UNSPECIFIED.) 
GEOMETRIC_REPRESENTATION_ITEM() RATIONAL_B_SPLINE_SURFACE((
    (1.,1.,1.,1.,1.,1.,1.,1.,1.,1.,1.,1.,1.,1.,1.,1.,1.)
    ,(0.706990803572,0.706990803572,0.706990803572,0.706990803572
      ,0.706990803572,0.706990803572,0.706990803572,0.706990803572
      ,0.706990803572,0.706990803572,0.706990803572,0.706990803572
      ,0.706990803572,0.706990803572,0.706990803572,0.706990803572
      ,0.706990803572)
    ,(1.,1.,1.,1.,1.,1.,1.,1.,1.,1.,1.,1.,1.,1.,1.,1.,1.
))) REPRESENTATION_ITEM('') SURFACE() );
#2510 = CARTESIAN_POINT('',(34.874387429572,-46.05648105939,
    35.064199416322));
#2511 = CARTESIAN_POINT('',(35.456197916698,-47.42918319644,
    35.053999416322));
#2512 = CARTESIAN_POINT('',(36.038008403823,-48.80188533349,
    35.043799416322));
#2513 = CARTESIAN_POINT('',(36.619818890949,-50.17458747055,
    35.033599416322));
#2514 = CARTESIAN_POINT('',(37.201629378075,-51.5472896076,
    35.023399416322));
#2515 = CARTESIAN_POINT('',(37.7834398652,-52.91999174465,
    35.013199416322));
#2516 = CARTESIAN_POINT('',(47.90047223136,-76.78974359164,
    34.835832846935));
#2517 = CARTESIAN_POINT('',(57.435694110394,-99.28679330158,
    34.668666277548));
#2518 = CARTESIAN_POINT('',(66.970915989428,-121.7838430115,
    34.501499708161));
#2519 = CARTESIAN_POINT('',(76.506137868462,-144.2808927214,
    34.334333138774));
#2520 = CARTESIAN_POINT('',(86.041359747496,-166.7779424313,
    34.167166569387));
#2521 = CARTESIAN_POINT('',(96.158392113655,-190.6476942783,33.9898));
#2522 = CARTESIAN_POINT('',(96.740202600781,-192.0203964154,33.9796));
#2523 = CARTESIAN_POINT('',(97.322013087906,-193.3930985524,33.9694));
#2524 = CARTESIAN_POINT('',(97.903823575032,-194.7658006895,33.9592));
#2525 = CARTESIAN_POINT('',(98.485634062158,-196.1385028265,33.949));
#2526 = CARTESIAN_POINT('',(99.067444549283,-197.5112049636,33.9388));
#2527 = CARTESIAN_POINT('',(42.242507454704,-42.93353387452,
    35.061574558259));
#2528 = CARTESIAN_POINT('',(42.824317941829,-44.30623601157,
    35.051374558259));
#2529 = CARTESIAN_POINT('',(43.406128428955,-45.67893814862,
    35.041174558259));
#2530 = CARTESIAN_POINT('',(43.987938916081,-47.05164028568,
    35.030974558259));
#2531 = CARTESIAN_POINT('',(44.569749403206,-48.42434242273,
    35.020774558259));
#2532 = CARTESIAN_POINT('',(45.151559890332,-49.79704455978,
    35.010574558259));
#2533 = CARTESIAN_POINT('',(55.268592256492,-73.66679640677,
    34.833207988872));
#2534 = CARTESIAN_POINT('',(64.803814135526,-96.16384611671,
    34.666041419486));
#2535 = CARTESIAN_POINT('',(74.339036014559,-118.6608958266,
    34.498874850098));
#2536 = CARTESIAN_POINT('',(83.874257893593,-141.1579455365,
    34.331708280712));
#2537 = CARTESIAN_POINT('',(93.409479772627,-163.6549952465,
    34.164541711325));
#2538 = CARTESIAN_POINT('',(103.52651213878,-187.5247470935,
    33.987175141938));
#2539 = CARTESIAN_POINT('',(104.10832262591,-188.8974492305,
    33.976975141938));
#2540 = CARTESIAN_POINT('',(104.69013311303,-190.2701513676,
    33.966775141938));
#2541 = CARTESIAN_POINT('',(105.27194360016,-191.6428535046,
    33.956575141938));
#2542 = CARTESIAN_POINT('',(105.85375408728,-193.0155556417,
    33.946375141938));
#2543 = CARTESIAN_POINT('',(106.43556457441,-194.3882577787,
    33.936175141938));
#2544 = CARTESIAN_POINT('',(42.263872349151,-42.983941416,
    43.064011770456));
#2545 = CARTESIAN_POINT('',(42.845682836277,-44.35664355306,
    43.053811770456));
#2546 = CARTESIAN_POINT('',(43.427493323402,-45.72934569011,
    43.043611770456));
#2547 = CARTESIAN_POINT('',(44.009303810528,-47.10204782716,
    43.033411770456));
#2548 = CARTESIAN_POINT('',(44.591114297654,-48.47474996421,
    43.023211770456));
#2549 = CARTESIAN_POINT('',(45.172924784779,-49.84745210127,
    43.013011770456));
#2550 = CARTESIAN_POINT('',(55.289957150939,-73.71720394826,
    42.835645201069));
#2551 = CARTESIAN_POINT('',(64.825179029973,-96.21425365819,
    42.668478631682));
#2552 = CARTESIAN_POINT('',(74.360400909006,-118.7113033681,
    42.501312062295));
#2553 = CARTESIAN_POINT('',(83.895622788041,-141.208353078,
    42.334145492909));
#2554 = CARTESIAN_POINT('',(93.430844667074,-163.705402788,
    42.166978923522));
#2555 = CARTESIAN_POINT('',(103.54787703323,-187.5751546349,
    41.989612354135));
#2556 = CARTESIAN_POINT('',(104.12968752036,-188.947856772,
    41.979412354135));
#2557 = CARTESIAN_POINT('',(104.71149800748,-190.320558909,
    41.969212354135));
#2558 = CARTESIAN_POINT('',(105.29330849461,-191.6932610461,
    41.959012354135));
#2559 = CARTESIAN_POINT('',(105.87511898173,-193.0659631832,
    41.948812354135));
#2560 = CARTESIAN_POINT('',(106.45692946886,-194.4386653202,
    41.938612354135));
#2561 = ADVANCED_FACE('',(#2562,#3090,#3101,#3112,#3123,#3134,#3145),
  #3156,.F.);
#2562 = FACE_BOUND('',#2563,.F.);
#2563 = EDGE_LOOP('',(#2564,#2575,#2584,#2621,#2629,#2678,#2687,#2708,
    #2716,#2737,#2746,#2795,#2803,#2840,#2849,#2866,#2874,#2905,#2914,
    #2957,#2965,#2992,#3001,#3028,#3034,#3035,#3036,#3067,#3075));
#2564 = ORIENTED_EDGE('',*,*,#2565,.T.);
#2565 = EDGE_CURVE('',#2566,#2568,#2570,.T.);
#2566 = VERTEX_POINT('',#2567);
#2567 = CARTESIAN_POINT('',(69.871885710099,-4.233153353569,35.));
#2568 = VERTEX_POINT('',#2569);
#2569 = CARTESIAN_POINT('',(70.,0.,35.));
#2570 = CIRCLE('',#2571,70.);
#2571 = AXIS2_PLACEMENT_3D('',#2572,#2573,#2574);
#2572 = CARTESIAN_POINT('',(0.,0.,35.));
#2573 = DIRECTION('',(0.,0.,1.));
#2574 = DIRECTION('',(1.,0.,-0.));
#2575 = ORIENTED_EDGE('',*,*,#2576,.T.);
#2576 = EDGE_CURVE('',#2568,#2577,#2579,.T.);
#2577 = VERTEX_POINT('',#2578);
#2578 = CARTESIAN_POINT('',(61.115697361131,34.130214415714,35.));
#2579 = CIRCLE('',#2580,70.);
#2580 = AXIS2_PLACEMENT_3D('',#2581,#2582,#2583);
#2581 = CARTESIAN_POINT('',(0.,0.,35.));
#2582 = DIRECTION('',(0.,0.,1.));
#2583 = DIRECTION('',(1.,0.,-0.));
#2584 = ORIENTED_EDGE('',*,*,#2585,.T.);
#2585 = EDGE_CURVE('',#2577,#2586,#2588,.T.);
#2586 = VERTEX_POINT('',#2587);
#2587 = CARTESIAN_POINT('',(58.45189803044,32.559419334962,35.));
#2588 = B_SPLINE_CURVE_WITH_KNOTS('',7,(#2589,#2590,#2591,#2592,#2593,
    #2594,#2595,#2596,#2597,#2598,#2599,#2600,#2601,#2602,#2603,#2604,
    #2605,#2606,#2607,#2608,#2609,#2610,#2611,#2612,#2613,#2614,#2615,
    #2616,#2617,#2618,#2619,#2620),.UNSPECIFIED.,.F.,.F.,(8,6,6,6,6,8),(
    0.,0.24464115016,0.505832742148,0.652410943821,0.786320112131,1.),
  .UNSPECIFIED.);
#2589 = CARTESIAN_POINT('',(70.,41.047660368373,35.));
#2590 = CARTESIAN_POINT('',(69.515660201681,40.657787405645,35.));
#2591 = CARTESIAN_POINT('',(69.032496628556,40.269754616816,35.));
#2592 = CARTESIAN_POINT('',(68.550634512738,39.883732923487,35.));
#2593 = CARTESIAN_POINT('',(68.070241305004,39.499938902857,35.));
#2594 = CARTESIAN_POINT('',(67.59152940022,39.118638846883,35.));
#2595 = CARTESIAN_POINT('',(67.114764749709,38.740161390977,35.));
#2596 = CARTESIAN_POINT('',(66.133698262423,37.964290148463,35.));
#2597 = CARTESIAN_POINT('',(65.629793690285,37.567410650548,35.));
#2598 = CARTESIAN_POINT('',(65.128893556066,37.174717749126,35.));
#2599 = CARTESIAN_POINT('',(64.631533300718,36.786854046716,35.));
#2600 = CARTESIAN_POINT('',(64.138493818974,36.404713556353,35.));
#2601 = CARTESIAN_POINT('',(63.650823024864,36.02947043394,35.));
#2602 = CARTESIAN_POINT('',(62.900163648864,35.457013442581,35.));
#2603 = CARTESIAN_POINT('',(62.632526445949,35.253964615788,35.));
#2604 = CARTESIAN_POINT('',(62.367337245403,35.053930079203,35.));
#2605 = CARTESIAN_POINT('',(62.104944349812,34.857287402511,35.));
#2606 = CARTESIAN_POINT('',(61.845797558391,34.664510656851,35.));
#2607 = CARTESIAN_POINT('',(61.59046516805,34.476190530486,35.));
#2608 = CARTESIAN_POINT('',(61.110539933391,34.125776326511,35.));
#2609 = CARTESIAN_POINT('',(60.885267351436,33.96287328901,35.));
#2610 = CARTESIAN_POINT('',(60.664335154418,33.804883106009,35.));
#2611 = CARTESIAN_POINT('',(60.448464750596,33.652531594754,35.));
#2612 = CARTESIAN_POINT('',(60.238613620425,33.506751856649,35.));
#2613 = CARTESIAN_POINT('',(60.035994222305,33.368704706364,35.));
#2614 = CARTESIAN_POINT('',(59.532722724312,33.034146085302,35.));
#2615 = CARTESIAN_POINT('',(59.24441739837,32.851026206053,35.));
#2616 = CARTESIAN_POINT('',(58.984568175937,32.697210537888,35.));
#2617 = CARTESIAN_POINT('',(58.764080641157,32.582180397532,35.));
#2618 = CARTESIAN_POINT('',(58.595776366497,32.516621461721,35.));
#2619 = CARTESIAN_POINT('',(58.49152386266,32.509730113008,35.));
#2620 = CARTESIAN_POINT('',(58.451898030439,32.559419334961,35.));
#2621 = ORIENTED_EDGE('',*,*,#2622,.T.);
#2622 = EDGE_CURVE('',#2586,#2623,#2625,.T.);
#2623 = VERTEX_POINT('',#2624);
#2624 = CARTESIAN_POINT('',(44.74985765534,49.74123451039,35.));
#2625 = LINE('',#2626,#2627);
#2626 = CARTESIAN_POINT('',(63.447184078206,26.295528755784,35.));
#2627 = VECTOR('',#2628,1.);
#2628 = DIRECTION('',(-0.623489801859,0.781831482468,0.));
#2629 = ORIENTED_EDGE('',*,*,#2630,.F.);
#2630 = EDGE_CURVE('',#2631,#2623,#2633,.T.);
#2631 = VERTEX_POINT('',#2632);
#2632 = CARTESIAN_POINT('',(46.874020738821,51.988712041909,35.));
#2633 = B_SPLINE_CURVE_WITH_KNOTS('',7,(#2634,#2635,#2636,#2637,#2638,
    #2639,#2640,#2641,#2642,#2643,#2644,#2645,#2646,#2647,#2648,#2649,
    #2650,#2651,#2652,#2653,#2654,#2655,#2656,#2657,#2658,#2659,#2660,
    #2661,#2662,#2663,#2664,#2665,#2666,#2667,#2668,#2669,#2670,#2671,
    #2672,#2673,#2674,#2675,#2676,#2677),.UNSPECIFIED.,.F.,.F.,(8,6,6,6,
    6,6,6,8),(0.,0.244287368813,0.495141310613,0.617654021702,
    0.749863440819,0.824058091385,0.89183995688,1.),.UNSPECIFIED.);
#2634 = CARTESIAN_POINT('',(69.630495824126,70.,35.));
#2635 = CARTESIAN_POINT('',(68.620181404169,69.225707382399,35.));
#2636 = CARTESIAN_POINT('',(67.611832158776,68.451812846349,35.));
#2637 = CARTESIAN_POINT('',(66.605629705499,67.678370348844,35.));
#2638 = CARTESIAN_POINT('',(65.601805008204,66.905457377325,35.));
#2639 = CARTESIAN_POINT('',(64.600643062465,66.133176076673,35.));
#2640 = CARTESIAN_POINT('',(63.602497447173,65.361656905466,35.));
#2641 = CARTESIAN_POINT('',(61.586394443148,63.799758816913,35.));
#2642 = CARTESIAN_POINT('',(60.568687109387,63.009477971877,35.));
#2643 = CARTESIAN_POINT('',(59.555115633045,62.220353664859,35.));
#2644 = CARTESIAN_POINT('',(58.546297557064,61.432626462628,35.));
#2645 = CARTESIAN_POINT('',(57.543095164259,60.646662945633,35.));
#2646 = CARTESIAN_POINT('',(56.546647926389,59.862965915198,35.));
#2647 = CARTESIAN_POINT('',(55.076051651199,58.700959651143,35.));
#2648 = CARTESIAN_POINT('',(54.595528148081,58.320397248756,35.));
#2649 = CARTESIAN_POINT('',(54.117217726889,57.940643663454,35.));
#2650 = CARTESIAN_POINT('',(53.641362569444,57.561811174685,35.));
#2651 = CARTESIAN_POINT('',(53.168261302111,57.184043670621,35.));
#2652 = CARTESIAN_POINT('',(52.69828257067,56.807521980673,35.));
#2653 = CARTESIAN_POINT('',(51.728578435246,56.027739071022,35.));
#2654 = CARTESIAN_POINT('',(51.229520218937,55.624782435112,35.));
#2655 = CARTESIAN_POINT('',(50.735212182745,55.223823304232,35.));
#2656 = CARTESIAN_POINT('',(50.246399964602,54.825240702186,35.));
#2657 = CARTESIAN_POINT('',(49.764128928224,54.429597008448,35.));
#2658 = CARTESIAN_POINT('',(49.289776973758,54.037652589373,35.));
#2659 = CARTESIAN_POINT('',(48.564635248929,53.433197475537,35.));
#2660 = CARTESIAN_POINT('',(48.3071223998,53.217453110654,35.));
#2661 = CARTESIAN_POINT('',(48.053092998101,53.003424628936,35.));
#2662 = CARTESIAN_POINT('',(47.802992651677,52.791367583139,35.));
#2663 = CARTESIAN_POINT('',(47.557383635456,52.58161500432,35.));
#2664 = CARTESIAN_POINT('',(47.316968285868,52.374589500495,35.));
#2665 = CARTESIAN_POINT('',(46.868546286142,51.984671489405,35.));
#2666 = CARTESIAN_POINT('',(46.659599702571,51.801296297456,35.));
#2667 = CARTESIAN_POINT('',(46.456408624494,51.621059454963,35.));
#2668 = CARTESIAN_POINT('',(46.259841199836,51.444502773437,35.));
#2669 = CARTESIAN_POINT('',(46.071020194647,51.272352092703,35.));
#2670 = CARTESIAN_POINT('',(45.891347116932,51.105531166739,35.));
#2671 = CARTESIAN_POINT('',(45.453188135231,50.689324032762,35.));
#2672 = CARTESIAN_POINT('',(45.210505483275,50.448995129823,35.));
#2673 = CARTESIAN_POINT('',(45.002724403403,50.229888076064,35.));
#2674 = CARTESIAN_POINT('',(44.841515216645,50.04052523837,35.));
#2675 = CARTESIAN_POINT('',(44.740148755856,49.891028938901,35.));
#2676 = CARTESIAN_POINT('',(44.710231823119,49.790923732343,35.));
#2677 = CARTESIAN_POINT('',(44.74985765534,49.74123451039,35.));
#2678 = ORIENTED_EDGE('',*,*,#2679,.T.);
#2679 = EDGE_CURVE('',#2631,#2680,#2682,.T.);
#2680 = VERTEX_POINT('',#2681);
#2681 = CARTESIAN_POINT('',(11.42093790456,69.06201689337,35.));
#2682 = CIRCLE('',#2683,70.);
#2683 = AXIS2_PLACEMENT_3D('',#2684,#2685,#2686);
#2684 = CARTESIAN_POINT('',(0.,0.,35.));
#2685 = DIRECTION('',(0.,0.,1.));
#2686 = DIRECTION('',(1.,0.,-0.));
#2687 = ORIENTED_EDGE('',*,*,#2688,.T.);
#2688 = EDGE_CURVE('',#2680,#2689,#2691,.T.);
#2689 = VERTEX_POINT('',#2690);
#2690 = CARTESIAN_POINT('',(10.988183234314,66.,35.));
#2691 = B_SPLINE_CURVE_WITH_KNOTS('',8,(#2692,#2693,#2694,#2695,#2696,
    #2697,#2698,#2699,#2700,#2701,#2702,#2703,#2704,#2705,#2706,#2707),
  .UNSPECIFIED.,.F.,.F.,(9,7,9),(0.,0.575685018863,1.),.UNSPECIFIED.);
#2692 = CARTESIAN_POINT('',(11.458681127179,70.,35.));
#2693 = CARTESIAN_POINT('',(11.443671983368,69.567444446287,35.));
#2694 = CARTESIAN_POINT('',(11.426801305208,69.145230101874,35.));
#2695 = CARTESIAN_POINT('',(11.407806163033,68.734235849498,35.));
#2696 = CARTESIAN_POINT('',(11.386374989703,68.336612314184,35.));
#2697 = CARTESIAN_POINT('',(11.362145557157,67.955795026756,35.));
#2698 = CARTESIAN_POINT('',(11.334691332474,67.596603256476,35.));
#2699 = CARTESIAN_POINT('',(11.30351718643,67.265268368674,35.));
#2700 = CARTESIAN_POINT('',(11.241822918445,66.752085125421,35.));
#2701 = CARTESIAN_POINT('',(11.213261901956,66.553636248102,35.));
#2702 = CARTESIAN_POINT('',(11.182151616837,66.378537046835,35.));
#2703 = CARTESIAN_POINT('',(11.148372979213,66.231337815396,35.));
#2704 = CARTESIAN_POINT('',(11.111884459427,66.116705476402,35.));
#2705 = CARTESIAN_POINT('',(11.072773529022,66.038748707731,35.));
#2706 = CARTESIAN_POINT('',(11.0313351186,65.999999999999,35.));
#2707 = CARTESIAN_POINT('',(10.988183234314,65.999999999999,35.));
#2708 = ORIENTED_EDGE('',*,*,#2709,.T.);
#2709 = EDGE_CURVE('',#2689,#2710,#2712,.T.);
#2710 = VERTEX_POINT('',#2711);
#2711 = CARTESIAN_POINT('',(-10.98818323431,66.,35.));
#2712 = LINE('',#2713,#2714);
#2713 = CARTESIAN_POINT('',(19.,66.,35.));
#2714 = VECTOR('',#2715,1.);
#2715 = DIRECTION('',(-1.,0.,0.));
#2716 = ORIENTED_EDGE('',*,*,#2717,.F.);
#2717 = EDGE_CURVE('',#2718,#2710,#2720,.T.);
#2718 = VERTEX_POINT('',#2719);
#2719 = CARTESIAN_POINT('',(-11.42093790456,69.06201689337,35.));
#2720 = B_SPLINE_CURVE_WITH_KNOTS('',8,(#2721,#2722,#2723,#2724,#2725,
    #2726,#2727,#2728,#2729,#2730,#2731,#2732,#2733,#2734,#2735,#2736),
  .UNSPECIFIED.,.F.,.F.,(9,7,9),(0.,0.575685018864,1.),.UNSPECIFIED.);
#2721 = CARTESIAN_POINT('',(-11.45868112717,70.,35.));
#2722 = CARTESIAN_POINT('',(-11.44367198336,69.567444446287,35.));
#2723 = CARTESIAN_POINT('',(-11.4268013052,69.145230101877,35.));
#2724 = CARTESIAN_POINT('',(-11.40780616303,68.734235849488,35.));
#2725 = CARTESIAN_POINT('',(-11.3863749897,68.336612314198,35.));
#2726 = CARTESIAN_POINT('',(-11.36214555715,67.955795026747,35.));
#2727 = CARTESIAN_POINT('',(-11.33469133247,67.596603256478,35.));
#2728 = CARTESIAN_POINT('',(-11.30351718643,67.265268368673,35.));
#2729 = CARTESIAN_POINT('',(-11.24182291844,66.75208512542,35.));
#2730 = CARTESIAN_POINT('',(-11.21326190195,66.553636248107,35.));
#2731 = CARTESIAN_POINT('',(-11.18215161683,66.378537046832,35.));
#2732 = CARTESIAN_POINT('',(-11.14837297921,66.231337815395,35.));
#2733 = CARTESIAN_POINT('',(-11.11188445942,66.116705476405,35.));
#2734 = CARTESIAN_POINT('',(-11.07277352902,66.038748707729,35.));
#2735 = CARTESIAN_POINT('',(-11.0313351186,66.,35.));
#2736 = CARTESIAN_POINT('',(-10.98818323431,66.,35.));
#2737 = ORIENTED_EDGE('',*,*,#2738,.T.);
#2738 = EDGE_CURVE('',#2718,#2739,#2741,.T.);
#2739 = VERTEX_POINT('',#2740);
#2740 = CARTESIAN_POINT('',(-46.87402073882,51.98871204191,35.));
#2741 = CIRCLE('',#2742,70.);
#2742 = AXIS2_PLACEMENT_3D('',#2743,#2744,#2745);
#2743 = CARTESIAN_POINT('',(0.,0.,35.));
#2744 = DIRECTION('',(0.,0.,1.));
#2745 = DIRECTION('',(1.,0.,-0.));
#2746 = ORIENTED_EDGE('',*,*,#2747,.T.);
#2747 = EDGE_CURVE('',#2739,#2748,#2750,.T.);
#2748 = VERTEX_POINT('',#2749);
#2749 = CARTESIAN_POINT('',(-44.74985765534,49.74123451039,35.));
#2750 = B_SPLINE_CURVE_WITH_KNOTS('',7,(#2751,#2752,#2753,#2754,#2755,
    #2756,#2757,#2758,#2759,#2760,#2761,#2762,#2763,#2764,#2765,#2766,
    #2767,#2768,#2769,#2770,#2771,#2772,#2773,#2774,#2775,#2776,#2777,
    #2778,#2779,#2780,#2781,#2782,#2783,#2784,#2785,#2786,#2787,#2788,
    #2789,#2790,#2791,#2792,#2793,#2794),.UNSPECIFIED.,.F.,.F.,(8,6,6,6,
    6,6,6,8),(0.,0.244287368813,0.495141310613,0.617654021702,
    0.749863440819,0.824058091385,0.89183995688,1.),.UNSPECIFIED.);
#2751 = CARTESIAN_POINT('',(-69.63049582412,70.,35.));
#2752 = CARTESIAN_POINT('',(-68.62018140416,69.2257073824,35.));
#2753 = CARTESIAN_POINT('',(-67.61183215877,68.451812846348,35.));
#2754 = CARTESIAN_POINT('',(-66.6056297055,67.678370348845,35.));
#2755 = CARTESIAN_POINT('',(-65.6018050082,66.905457377326,35.));
#2756 = CARTESIAN_POINT('',(-64.60064306246,66.133176076672,35.));
#2757 = CARTESIAN_POINT('',(-63.60249744717,65.361656905466,35.));
#2758 = CARTESIAN_POINT('',(-61.58639444314,63.799758816913,35.));
#2759 = CARTESIAN_POINT('',(-60.56868710938,63.009477971877,35.));
#2760 = CARTESIAN_POINT('',(-59.55511563304,62.22035366486,35.));
#2761 = CARTESIAN_POINT('',(-58.54629755706,61.432626462626,35.));
#2762 = CARTESIAN_POINT('',(-57.54309516426,60.646662945635,35.));
#2763 = CARTESIAN_POINT('',(-56.54664792638,59.862965915198,35.));
#2764 = CARTESIAN_POINT('',(-55.07605165119,58.700959651143,35.));
#2765 = CARTESIAN_POINT('',(-54.59552814808,58.320397248757,35.));
#2766 = CARTESIAN_POINT('',(-54.11721772688,57.940643663454,35.));
#2767 = CARTESIAN_POINT('',(-53.64136256944,57.561811174685,35.));
#2768 = CARTESIAN_POINT('',(-53.16826130211,57.184043670622,35.));
#2769 = CARTESIAN_POINT('',(-52.69828257067,56.807521980673,35.));
#2770 = CARTESIAN_POINT('',(-51.72857843524,56.027739071023,35.));
#2771 = CARTESIAN_POINT('',(-51.22952021893,55.624782435111,35.));
#2772 = CARTESIAN_POINT('',(-50.73521218274,55.223823304234,35.));
#2773 = CARTESIAN_POINT('',(-50.24639996459,54.825240702184,35.));
#2774 = CARTESIAN_POINT('',(-49.76412892822,54.42959700845,35.));
#2775 = CARTESIAN_POINT('',(-49.28977697375,54.037652589373,35.));
#2776 = CARTESIAN_POINT('',(-48.56463524892,53.433197475537,35.));
#2777 = CARTESIAN_POINT('',(-48.30712239979,53.217453110654,35.));
#2778 = CARTESIAN_POINT('',(-48.0530929981,53.003424628936,35.));
#2779 = CARTESIAN_POINT('',(-47.80299265167,52.79136758314,35.));
#2780 = CARTESIAN_POINT('',(-47.55738363545,52.581615004321,35.));
#2781 = CARTESIAN_POINT('',(-47.31696828586,52.374589500495,35.));
#2782 = CARTESIAN_POINT('',(-46.86854628614,51.984671489405,35.));
#2783 = CARTESIAN_POINT('',(-46.65959970257,51.801296297456,35.));
#2784 = CARTESIAN_POINT('',(-46.45640862449,51.621059454963,35.));
#2785 = CARTESIAN_POINT('',(-46.25984119983,51.444502773437,35.));
#2786 = CARTESIAN_POINT('',(-46.07102019464,51.272352092704,35.));
#2787 = CARTESIAN_POINT('',(-45.89134711693,51.105531166739,35.));
#2788 = CARTESIAN_POINT('',(-45.45318813523,50.689324032762,35.));
#2789 = CARTESIAN_POINT('',(-45.21050548327,50.448995129824,35.));
#2790 = CARTESIAN_POINT('',(-45.00272440339,50.229888076059,35.));
#2791 = CARTESIAN_POINT('',(-44.84151521665,50.040525238376,35.));
#2792 = CARTESIAN_POINT('',(-44.74014875584,49.891028938895,35.));
#2793 = CARTESIAN_POINT('',(-44.71023182311,49.790923732343,35.));
#2794 = CARTESIAN_POINT('',(-44.74985765534,49.74123451039,35.));
#2795 = ORIENTED_EDGE('',*,*,#2796,.T.);
#2796 = EDGE_CURVE('',#2748,#2797,#2799,.T.);
#2797 = VERTEX_POINT('',#2798);
#2798 = CARTESIAN_POINT('',(-58.45189803044,32.559419334962,35.));
#2799 = LINE('',#2800,#2801);
#2800 = CARTESIAN_POINT('',(-39.75457160757,56.005125089569,35.));
#2801 = VECTOR('',#2802,1.);
#2802 = DIRECTION('',(-0.623489801859,-0.781831482468,0.));
#2803 = ORIENTED_EDGE('',*,*,#2804,.F.);
#2804 = EDGE_CURVE('',#2805,#2797,#2807,.T.);
#2805 = VERTEX_POINT('',#2806);
#2806 = CARTESIAN_POINT('',(-61.11569736113,34.130214415715,35.));
#2807 = B_SPLINE_CURVE_WITH_KNOTS('',7,(#2808,#2809,#2810,#2811,#2812,
    #2813,#2814,#2815,#2816,#2817,#2818,#2819,#2820,#2821,#2822,#2823,
    #2824,#2825,#2826,#2827,#2828,#2829,#2830,#2831,#2832,#2833,#2834,
    #2835,#2836,#2837,#2838,#2839),.UNSPECIFIED.,.F.,.F.,(8,6,6,6,6,8),(
    0.,0.24464115016,0.505832742148,0.652410943821,0.786320112131,1.),
  .UNSPECIFIED.);
#2808 = CARTESIAN_POINT('',(-70.,41.047660368373,35.));
#2809 = CARTESIAN_POINT('',(-69.51566020168,40.657787405645,35.));
#2810 = CARTESIAN_POINT('',(-69.03249662855,40.269754616816,35.));
#2811 = CARTESIAN_POINT('',(-68.55063451273,39.883732923487,35.));
#2812 = CARTESIAN_POINT('',(-68.070241305,39.499938902858,35.));
#2813 = CARTESIAN_POINT('',(-67.59152940022,39.118638846883,35.));
#2814 = CARTESIAN_POINT('',(-67.1147647497,38.740161390977,35.));
#2815 = CARTESIAN_POINT('',(-66.13369826242,37.964290148463,35.));
#2816 = CARTESIAN_POINT('',(-65.62979369028,37.567410650547,35.));
#2817 = CARTESIAN_POINT('',(-65.12889355606,37.174717749128,35.));
#2818 = CARTESIAN_POINT('',(-64.63153330071,36.786854046714,35.));
#2819 = CARTESIAN_POINT('',(-64.13849381897,36.404713556354,35.));
#2820 = CARTESIAN_POINT('',(-63.65082302486,36.02947043394,35.));
#2821 = CARTESIAN_POINT('',(-62.90016364886,35.457013442581,35.));
#2822 = CARTESIAN_POINT('',(-62.63252644595,35.25396461579,35.));
#2823 = CARTESIAN_POINT('',(-62.3673372454,35.053930079203,35.));
#2824 = CARTESIAN_POINT('',(-62.10494434981,34.85728740251,35.));
#2825 = CARTESIAN_POINT('',(-61.84579755839,34.664510656852,35.));
#2826 = CARTESIAN_POINT('',(-61.59046516804,34.476190530486,35.));
#2827 = CARTESIAN_POINT('',(-61.11053993339,34.12577632651,35.));
#2828 = CARTESIAN_POINT('',(-60.88526735143,33.962873289011,35.));
#2829 = CARTESIAN_POINT('',(-60.66433515441,33.80488310601,35.));
#2830 = CARTESIAN_POINT('',(-60.44846475059,33.652531594754,35.));
#2831 = CARTESIAN_POINT('',(-60.23861362042,33.506751856649,35.));
#2832 = CARTESIAN_POINT('',(-60.0359942223,33.368704706364,35.));
#2833 = CARTESIAN_POINT('',(-59.53272272431,33.034146085302,35.));
#2834 = CARTESIAN_POINT('',(-59.24441739837,32.851026206059,35.));
#2835 = CARTESIAN_POINT('',(-58.98456817592,32.697210537877,35.));
#2836 = CARTESIAN_POINT('',(-58.76408064116,32.58218039754,35.));
#2837 = CARTESIAN_POINT('',(-58.59577636649,32.51662146172,35.));
#2838 = CARTESIAN_POINT('',(-58.49152386266,32.509730113009,35.));
#2839 = CARTESIAN_POINT('',(-58.45189803043,32.559419334962,35.));
#2840 = ORIENTED_EDGE('',*,*,#2841,.T.);
#2841 = EDGE_CURVE('',#2805,#2842,#2844,.T.);
#2842 = VERTEX_POINT('',#2843);
#2843 = CARTESIAN_POINT('',(-69.87188571009,-4.233153353569,35.));
#2844 = CIRCLE('',#2845,70.);
#2845 = AXIS2_PLACEMENT_3D('',#2846,#2847,#2848);
#2846 = CARTESIAN_POINT('',(0.,0.,35.));
#2847 = DIRECTION('',(0.,0.,1.));
#2848 = DIRECTION('',(1.,0.,-0.));
#2849 = ORIENTED_EDGE('',*,*,#2850,.T.);
#2850 = EDGE_CURVE('',#2842,#2851,#2853,.T.);
#2851 = VERTEX_POINT('',#2852);
#2852 = CARTESIAN_POINT('',(-66.79034299978,-3.973695101816,35.));
#2853 = B_SPLINE_CURVE_WITH_KNOTS('',6,(#2854,#2855,#2856,#2857,#2858,
    #2859,#2860,#2861,#2862,#2863,#2864,#2865),.UNSPECIFIED.,.F.,.F.,(7,
    5,7),(0.,0.546350914089,1.),.UNSPECIFIED.);
#2854 = CARTESIAN_POINT('',(-70.,-4.256313865805,35.));
#2855 = CARTESIAN_POINT('',(-69.55488184711,-4.175401956516,35.));
#2856 = CARTESIAN_POINT('',(-69.12529059275,-4.100935758818,35.));
#2857 = CARTESIAN_POINT('',(-68.71380376402,-4.034038831958,35.));
#2858 = CARTESIAN_POINT('',(-68.32641509965,-3.976729620161,35.));
#2859 = CARTESIAN_POINT('',(-67.97261621847,-3.931950410015,35.));
#2860 = CARTESIAN_POINT('',(-67.41028003485,-3.879988233274,35.));
#2861 = CARTESIAN_POINT('',(-67.18694612691,-3.867684060096,35.));
#2862 = CARTESIAN_POINT('',(-67.00450177371,-3.869056183183,35.));
#2863 = CARTESIAN_POINT('',(-66.87328564216,-3.886583230632,35.));
#2864 = CARTESIAN_POINT('',(-66.80214645854,-3.921980770045,35.));
#2865 = CARTESIAN_POINT('',(-66.79034299978,-3.973695101816,35.));
#2866 = ORIENTED_EDGE('',*,*,#2867,.T.);
#2867 = EDGE_CURVE('',#2851,#2868,#2870,.T.);
#2868 = VERTEX_POINT('',#2869);
#2869 = CARTESIAN_POINT('',(-61.90014140821,-25.39906818041,35.));
#2870 = LINE('',#2871,#2872);
#2871 = CARTESIAN_POINT('',(-68.57313994917,3.837248690338,35.));
#2872 = VECTOR('',#2873,1.);
#2873 = DIRECTION('',(0.222520933956,-0.974927912182,0.));
#2874 = ORIENTED_EDGE('',*,*,#2875,.F.);
#2875 = EDGE_CURVE('',#2876,#2868,#2878,.T.);
#2876 = VERTEX_POINT('',#2877);
#2877 = CARTESIAN_POINT('',(-64.78909017174,-26.50233564647,35.));
#2878 = B_SPLINE_CURVE_WITH_KNOTS('',7,(#2879,#2880,#2881,#2882,#2883,
    #2884,#2885,#2886,#2887,#2888,#2889,#2890,#2891,#2892,#2893,#2894,
    #2895,#2896,#2897,#2898,#2899,#2900,#2901,#2902,#2903,#2904),
  .UNSPECIFIED.,.F.,.F.,(8,6,6,6,8),(0.,0.254455197407,0.526725997924,
    0.768799424868,1.),.UNSPECIFIED.);
#2879 = CARTESIAN_POINT('',(-70.,-27.81852201322,35.));
#2880 = CARTESIAN_POINT('',(-69.60057138124,-27.72364806208,35.));
#2881 = CARTESIAN_POINT('',(-69.20364946322,-27.62868232785,35.));
#2882 = CARTESIAN_POINT('',(-68.80948374319,-27.53362879854,35.));
#2883 = CARTESIAN_POINT('',(-68.41839757452,-27.43849983846,35.));
#2884 = CARTESIAN_POINT('',(-68.03079324679,-27.34331609351,35.));
#2885 = CARTESIAN_POINT('',(-67.64716814668,-27.24810629112,35.));
#2886 = CARTESIAN_POINT('',(-66.8625784529,-27.0510422247,35.));
#2887 = CARTESIAN_POINT('',(-66.46238353996,-26.9492153762,35.));
#2888 = CARTESIAN_POINT('',(-66.06820946372,-26.84744510542,35.));
#2889 = CARTESIAN_POINT('',(-65.68104253587,-26.74580233935,35.));
#2890 = CARTESIAN_POINT('',(-65.30224998515,-26.64441210582,35.));
#2891 = CARTESIAN_POINT('',(-64.93361336438,-26.54345451794,35.));
#2892 = CARTESIAN_POINT('',(-64.26095103459,-26.3540119986,35.));
#2893 = CARTESIAN_POINT('',(-63.95457599271,-26.26546500208,35.));
#2894 = CARTESIAN_POINT('',(-63.65982514863,-26.17763135709,35.));
#2895 = CARTESIAN_POINT('',(-63.37905525548,-26.09079717907,35.));
#2896 = CARTESIAN_POINT('',(-63.11555361537,-26.00543348188,35.));
#2897 = CARTESIAN_POINT('',(-62.87354488726,-25.92219717154,35.));
#2898 = CARTESIAN_POINT('',(-62.45232290362,-25.76525389311,35.));
#2899 = CARTESIAN_POINT('',(-62.27048786261,-25.69117912614,35.));
#2900 = CARTESIAN_POINT('',(-62.1178826741,-25.6207199745,35.));
#2901 = CARTESIAN_POINT('',(-62.00028340735,-25.55509722526,35.));
#2902 = CARTESIAN_POINT('',(-61.92314921587,-25.49560980933,35.));
#2903 = CARTESIAN_POINT('',(-61.89002415785,-25.4433947505,35.));
#2904 = CARTESIAN_POINT('',(-61.90014140821,-25.39906818041,35.));
#2905 = ORIENTED_EDGE('',*,*,#2906,.T.);
#2906 = EDGE_CURVE('',#2876,#2907,#2909,.T.);
#2907 = VERTEX_POINT('',#2908);
#2908 = CARTESIAN_POINT('',(-40.25479561495,-57.26736793321,35.));
#2909 = CIRCLE('',#2910,70.);
#2910 = AXIS2_PLACEMENT_3D('',#2911,#2912,#2913);
#2911 = CARTESIAN_POINT('',(0.,0.,35.));
#2912 = DIRECTION('',(0.,0.,1.));
#2913 = DIRECTION('',(1.,0.,-0.));
#2914 = ORIENTED_EDGE('',*,*,#2915,.T.);
#2915 = EDGE_CURVE('',#2907,#2916,#2918,.T.);
#2916 = VERTEX_POINT('',#2917);
#2917 = CARTESIAN_POINT('',(-38.53633779068,-54.69635125374,35.));
#2918 = B_SPLINE_CURVE_WITH_KNOTS('',7,(#2919,#2920,#2921,#2922,#2923,
    #2924,#2925,#2926,#2927,#2928,#2929,#2930,#2931,#2932,#2933,#2934,
    #2935,#2936,#2937,#2938,#2939,#2940,#2941,#2942,#2943,#2944,#2945,
    #2946,#2947,#2948,#2949,#2950,#2951,#2952,#2953,#2954,#2955,#2956),
  .UNSPECIFIED.,.F.,.F.,(8,6,6,6,6,6,8),(0.,0.242439669756,
    0.498605761485,0.638261506869,0.771527331608,0.879093325361,1.),
  .UNSPECIFIED.);
#2919 = CARTESIAN_POINT('',(-46.51041978957,-70.,35.));
#2920 = CARTESIAN_POINT('',(-46.20128750645,-69.34389594279,35.));
#2921 = CARTESIAN_POINT('',(-45.89234693449,-68.68988272554,35.));
#2922 = CARTESIAN_POINT('',(-45.58363025119,-68.03815952733,35.));
#2923 = CARTESIAN_POINT('',(-45.2751859188,-67.38898180869,35.));
#2924 = CARTESIAN_POINT('',(-44.96707923931,-66.74266606038,35.));
#2925 = CARTESIAN_POINT('',(-44.65939417946,-66.09960445264,35.));
#2926 = CARTESIAN_POINT('',(-44.02768813099,-64.78477764812,35.));
#2927 = CARTESIAN_POINT('',(-43.70376757135,-64.11352991623,35.));
#2928 = CARTESIAN_POINT('',(-43.38055987443,-63.44704424534,35.));
#2929 = CARTESIAN_POINT('',(-43.05823683914,-62.78606846156,35.));
#2930 = CARTESIAN_POINT('',(-42.73706733141,-62.13165468258,35.));
#2931 = CARTESIAN_POINT('',(-42.41742330367,-61.48519397665,35.));
#2932 = CARTESIAN_POINT('',(-41.92667809277,-60.50164107147,35.));
#2933 = CARTESIAN_POINT('',(-41.75415810553,-60.15760869337,35.));
#2934 = CARTESIAN_POINT('',(-41.58234579476,-59.81687767132,35.));
#2935 = CARTESIAN_POINT('',(-41.41135914691,-59.47986182691,35.));
#2936 = CARTESIAN_POINT('',(-41.24135488806,-59.14708289071,35.));
#2937 = CARTESIAN_POINT('',(-41.07253394734,-58.81919372265,35.));
#2938 = CARTESIAN_POINT('',(-40.74542668282,-58.18958483032,35.));
#2939 = CARTESIAN_POINT('',(-40.58705580096,-57.88743895394,35.));
#2940 = CARTESIAN_POINT('',(-40.43022047719,-57.59121992342,35.));
#2941 = CARTESIAN_POINT('',(-40.27522177812,-57.30185574554,35.));
#2942 = CARTESIAN_POINT('',(-40.1224885367,-57.02059400454,35.));
#2943 = CARTESIAN_POINT('',(-39.97258465585,-56.74902785385,35.));
#2944 = CARTESIAN_POINT('',(-39.70812741296,-56.27952241101,35.));
#2945 = CARTESIAN_POINT('',(-39.59238966435,-56.07758665777,35.));
#2946 = CARTESIAN_POINT('',(-39.4793875887,-55.8844424624,35.));
#2947 = CARTESIAN_POINT('',(-39.36965973238,-55.70151376899,35.));
#2948 = CARTESIAN_POINT('',(-39.26392753968,-55.53062068188,35.));
#2949 = CARTESIAN_POINT('',(-39.16307855598,-55.37392886752,35.));
#2950 = CARTESIAN_POINT('',(-38.96141241467,-55.07639903188,35.));
#2951 = CARTESIAN_POINT('',(-38.86200944457,-54.93972899635,35.));
#2952 = CARTESIAN_POINT('',(-38.7717080323,-54.82780593874,35.));
#2953 = CARTESIAN_POINT('',(-38.69243750286,-54.74472587622,35.));
#2954 = CARTESIAN_POINT('',(-38.62605096073,-54.69415064927,35.));
#2955 = CARTESIAN_POINT('',(-38.57390973563,-54.67825755867,35.));
#2956 = CARTESIAN_POINT('',(-38.53633779068,-54.69635125374,35.));
#2957 = ORIENTED_EDGE('',*,*,#2958,.T.);
#2958 = EDGE_CURVE('',#2916,#2959,#2961,.T.);
#2959 = VERTEX_POINT('',#2960);
#2960 = CARTESIAN_POINT('',(-18.73631577283,-64.23153930937,35.));
#2961 = LINE('',#2962,#2963);
#2962 = CARTESIAN_POINT('',(-45.7547352719,-51.22015423832,35.));
#2963 = VECTOR('',#2964,1.);
#2964 = DIRECTION('',(0.900968867902,-0.433883739118,0.));
#2965 = ORIENTED_EDGE('',*,*,#2966,.F.);
#2966 = EDGE_CURVE('',#2967,#2959,#2969,.T.);
#2967 = VERTEX_POINT('',#2968);
#2968 = CARTESIAN_POINT('',(-19.67497662644,-67.17808641773,35.));
#2969 = B_SPLINE_CURVE_WITH_KNOTS('',6,(#2970,#2971,#2972,#2973,#2974,
    #2975,#2976,#2977,#2978,#2979,#2980,#2981,#2982,#2983,#2984,#2985,
    #2986,#2987,#2988,#2989,#2990,#2991),.UNSPECIFIED.,.F.,.F.,(7,5,5,5,
    7),(0.,0.288845814999,0.566274367152,0.756419158127,1.),
  .UNSPECIFIED.);
#2970 = CARTESIAN_POINT('',(-20.93050452852,-70.,35.));
#2971 = CARTESIAN_POINT('',(-20.75697269493,-69.62180579158,35.));
#2972 = CARTESIAN_POINT('',(-20.58634748842,-69.24722977909,35.));
#2973 = CARTESIAN_POINT('',(-20.41899749169,-68.8767742154,35.));
#2974 = CARTESIAN_POINT('',(-20.25543792606,-68.51118806926,35.));
#2975 = CARTESIAN_POINT('',(-20.09634422506,-68.15148446348,35.));
#2976 = CARTESIAN_POINT('',(-19.79502448811,-67.46057523626,35.));
#2977 = CARTESIAN_POINT('',(-19.65244015686,-67.12894207236,35.));
#2978 = CARTESIAN_POINT('',(-19.51564542601,-66.80524809346,35.));
#2979 = CARTESIAN_POINT('',(-19.38580235677,-66.49132820424,35.));
#2980 = CARTESIAN_POINT('',(-19.26449462259,-66.18978471408,35.));
#2981 = CARTESIAN_POINT('',(-19.07810622074,-65.70853559254,35.));
#2982 = CARTESIAN_POINT('',(-19.00737315662,-65.52042328336,35.));
#2983 = CARTESIAN_POINT('',(-18.94240206514,-65.34106633848,35.));
#2984 = CARTESIAN_POINT('',(-18.88410183009,-65.17206057954,35.));
#2985 = CARTESIAN_POINT('',(-18.83357122486,-65.01540370729,35.));
#2986 = CARTESIAN_POINT('',(-18.73866707373,-64.69122753004,35.));
#2987 = CARTESIAN_POINT('',(-18.69994334566,-64.5327844221,35.));
#2988 = CARTESIAN_POINT('',(-18.67845894238,-64.40324321517,35.));
#2989 = CARTESIAN_POINT('',(-18.6767409725,-64.30793281158,35.));
#2990 = CARTESIAN_POINT('',(-18.69635635518,-64.25078275069,35.));
#2991 = CARTESIAN_POINT('',(-18.73631577283,-64.23153930937,35.));
#2992 = ORIENTED_EDGE('',*,*,#2993,.T.);
#2993 = EDGE_CURVE('',#2967,#2994,#2996,.T.);
#2994 = VERTEX_POINT('',#2995);
#2995 = CARTESIAN_POINT('',(19.67497662644,-67.17808641773,35.));
#2996 = CIRCLE('',#2997,70.);
#2997 = AXIS2_PLACEMENT_3D('',#2998,#2999,#3000);
#2998 = CARTESIAN_POINT('',(0.,0.,35.));
#2999 = DIRECTION('',(0.,0.,1.));
#3000 = DIRECTION('',(1.,0.,-0.));
#3001 = ORIENTED_EDGE('',*,*,#3002,.T.);
#3002 = EDGE_CURVE('',#2994,#3003,#3005,.T.);
#3003 = VERTEX_POINT('',#3004);
#3004 = CARTESIAN_POINT('',(18.736315772835,-64.23153930937,35.));
#3005 = B_SPLINE_CURVE_WITH_KNOTS('',6,(#3006,#3007,#3008,#3009,#3010,
    #3011,#3012,#3013,#3014,#3015,#3016,#3017,#3018,#3019,#3020,#3021,
    #3022,#3023,#3024,#3025,#3026,#3027),.UNSPECIFIED.,.F.,.F.,(7,5,5,5,
    7),(0.,0.288845814999,0.566274367154,0.756419158129,1.),
  .UNSPECIFIED.);
#3006 = CARTESIAN_POINT('',(20.930504528528,-70.,35.));
#3007 = CARTESIAN_POINT('',(20.756972694933,-69.62180579158,35.));
#3008 = CARTESIAN_POINT('',(20.586347488429,-69.24722977909,35.));
#3009 = CARTESIAN_POINT('',(20.418997491691,-68.8767742154,35.));
#3010 = CARTESIAN_POINT('',(20.255437926064,-68.51118806926,35.));
#3011 = CARTESIAN_POINT('',(20.096344225061,-68.15148446348,35.));
#3012 = CARTESIAN_POINT('',(19.795024488113,-67.46057523626,35.));
#3013 = CARTESIAN_POINT('',(19.65244015686,-67.12894207236,35.));
#3014 = CARTESIAN_POINT('',(19.515645426014,-66.80524809347,35.));
#3015 = CARTESIAN_POINT('',(19.385802356776,-66.49132820424,35.));
#3016 = CARTESIAN_POINT('',(19.264494622598,-66.18978471408,35.));
#3017 = CARTESIAN_POINT('',(19.078106220742,-65.70853559254,35.));
#3018 = CARTESIAN_POINT('',(19.00737315662,-65.52042328335,35.));
#3019 = CARTESIAN_POINT('',(18.942402065142,-65.34106633848,35.));
#3020 = CARTESIAN_POINT('',(18.884101830095,-65.17206057953,35.));
#3021 = CARTESIAN_POINT('',(18.833571224862,-65.01540370729,35.));
#3022 = CARTESIAN_POINT('',(18.738667073732,-64.69122753004,35.));
#3023 = CARTESIAN_POINT('',(18.69994334566,-64.53278442209,35.));
#3024 = CARTESIAN_POINT('',(18.678458942388,-64.40324321518,35.));
#3025 = CARTESIAN_POINT('',(18.676740972498,-64.30793281157,35.));
#3026 = CARTESIAN_POINT('',(18.696356355188,-64.25078275069,35.));
#3027 = CARTESIAN_POINT('',(18.736315772834,-64.23153930937,35.));
#3028 = ORIENTED_EDGE('',*,*,#3029,.T.);
#3029 = EDGE_CURVE('',#3003,#2415,#3030,.T.);
#3030 = LINE('',#3031,#3032);
#3031 = CARTESIAN_POINT('',(11.517918291613,-67.70773632479,35.));
#3032 = VECTOR('',#3033,1.);
#3033 = DIRECTION('',(0.900968867902,0.433883739118,0.));
#3034 = ORIENTED_EDGE('',*,*,#2438,.F.);
#3035 = ORIENTED_EDGE('',*,*,#499,.T.);
#3036 = ORIENTED_EDGE('',*,*,#3037,.T.);
#3037 = EDGE_CURVE('',#381,#3038,#3040,.T.);
#3038 = VERTEX_POINT('',#3039);
#3039 = CARTESIAN_POINT('',(61.900141408218,-25.39906818041,35.));
#3040 = B_SPLINE_CURVE_WITH_KNOTS('',7,(#3041,#3042,#3043,#3044,#3045,
    #3046,#3047,#3048,#3049,#3050,#3051,#3052,#3053,#3054,#3055,#3056,
    #3057,#3058,#3059,#3060,#3061,#3062,#3063,#3064,#3065,#3066),
  .UNSPECIFIED.,.F.,.F.,(8,6,6,6,8),(0.,0.254455197407,0.526725997923,
    0.768799424867,1.),.UNSPECIFIED.);
#3041 = CARTESIAN_POINT('',(70.,-27.81852201322,35.));
#3042 = CARTESIAN_POINT('',(69.600571381245,-27.72364806208,35.));
#3043 = CARTESIAN_POINT('',(69.203649463224,-27.62868232785,35.));
#3044 = CARTESIAN_POINT('',(68.80948374319,-27.53362879854,35.));
#3045 = CARTESIAN_POINT('',(68.418397574528,-27.43849983846,35.));
#3046 = CARTESIAN_POINT('',(68.030793246796,-27.34331609351,35.));
#3047 = CARTESIAN_POINT('',(67.647168146679,-27.24810629112,35.));
#3048 = CARTESIAN_POINT('',(66.862578452901,-27.0510422247,35.));
#3049 = CARTESIAN_POINT('',(66.462383539958,-26.9492153762,35.));
#3050 = CARTESIAN_POINT('',(66.068209463728,-26.84744510542,35.));
#3051 = CARTESIAN_POINT('',(65.681042535874,-26.74580233935,35.));
#3052 = CARTESIAN_POINT('',(65.302249985161,-26.64441210582,35.));
#3053 = CARTESIAN_POINT('',(64.93361336438,-26.54345451794,35.));
#3054 = CARTESIAN_POINT('',(64.260951034599,-26.3540119986,35.));
#3055 = CARTESIAN_POINT('',(63.954575992718,-26.26546500208,35.));
#3056 = CARTESIAN_POINT('',(63.659825148619,-26.17763135709,35.));
#3057 = CARTESIAN_POINT('',(63.379055255511,-26.09079717908,35.));
#3058 = CARTESIAN_POINT('',(63.115553615363,-26.00543348188,35.));
#3059 = CARTESIAN_POINT('',(62.873544887266,-25.92219717154,35.));
#3060 = CARTESIAN_POINT('',(62.452322903622,-25.76525389311,35.));
#3061 = CARTESIAN_POINT('',(62.270487862615,-25.69117912614,35.));
#3062 = CARTESIAN_POINT('',(62.117882674101,-25.6207199745,35.));
#3063 = CARTESIAN_POINT('',(62.000283407355,-25.55509722526,35.));
#3064 = CARTESIAN_POINT('',(61.923149215871,-25.49560980933,35.));
#3065 = CARTESIAN_POINT('',(61.890024157853,-25.4433947505,35.));
#3066 = CARTESIAN_POINT('',(61.900141408218,-25.39906818041,35.));
#3067 = ORIENTED_EDGE('',*,*,#3068,.T.);
#3068 = EDGE_CURVE('',#3038,#3069,#3071,.T.);
#3069 = VERTEX_POINT('',#3070);
#3070 = CARTESIAN_POINT('',(66.790342999783,-3.973695101816,35.));
#3071 = LINE('',#3072,#3073);
#3072 = CARTESIAN_POINT('',(60.11734445883,-33.21001197257,35.));
#3073 = VECTOR('',#3074,1.);
#3074 = DIRECTION('',(0.222520933956,0.974927912182,0.));
#3075 = ORIENTED_EDGE('',*,*,#3076,.F.);
#3076 = EDGE_CURVE('',#2566,#3069,#3077,.T.);
#3077 = B_SPLINE_CURVE_WITH_KNOTS('',6,(#3078,#3079,#3080,#3081,#3082,
    #3083,#3084,#3085,#3086,#3087,#3088,#3089),.UNSPECIFIED.,.F.,.F.,(7,
    5,7),(0.,0.546350914089,1.),.UNSPECIFIED.);
#3078 = CARTESIAN_POINT('',(70.,-4.256313865805,35.));
#3079 = CARTESIAN_POINT('',(69.554881847109,-4.175401956517,35.));
#3080 = CARTESIAN_POINT('',(69.125290592749,-4.100935758817,35.));
#3081 = CARTESIAN_POINT('',(68.713803764032,-4.03403883196,35.));
#3082 = CARTESIAN_POINT('',(68.326415099655,-3.97672962016,35.));
#3083 = CARTESIAN_POINT('',(67.972616218476,-3.931950410015,35.));
#3084 = CARTESIAN_POINT('',(67.410280034858,-3.879988233274,35.));
#3085 = CARTESIAN_POINT('',(67.186946126926,-3.867684060098,35.));
#3086 = CARTESIAN_POINT('',(67.004501773702,-3.86905618318,35.));
#3087 = CARTESIAN_POINT('',(66.873285642175,-3.886583230634,35.));
#3088 = CARTESIAN_POINT('',(66.802146458541,-3.921980770045,35.));
#3089 = CARTESIAN_POINT('',(66.790342999782,-3.973695101815,35.));
#3090 = FACE_BOUND('',#3091,.F.);
#3091 = EDGE_LOOP('',(#3092));
#3092 = ORIENTED_EDGE('',*,*,#3093,.F.);
#3093 = EDGE_CURVE('',#3094,#3094,#3096,.T.);
#3094 = VERTEX_POINT('',#3095);
#3095 = CARTESIAN_POINT('',(-25.41597412837,-45.30495168499,35.));
#3096 = CIRCLE('',#3097,7.5);
#3097 = AXIS2_PLACEMENT_3D('',#3098,#3099,#3100);
#3098 = CARTESIAN_POINT('',(-32.91597412837,-45.30495168499,35.));
#3099 = DIRECTION('',(0.,0.,1.));
#3100 = DIRECTION('',(1.,0.,-0.));
#3101 = FACE_BOUND('',#3102,.F.);
#3102 = EDGE_LOOP('',(#3103));
#3103 = ORIENTED_EDGE('',*,*,#3104,.F.);
#3104 = EDGE_CURVE('',#3105,#3105,#3107,.T.);
#3105 = VERTEX_POINT('',#3106);
#3106 = CARTESIAN_POINT('',(28.55,-6.992733223131E-15,35.));
#3107 = CIRCLE('',#3108,28.55);
#3108 = AXIS2_PLACEMENT_3D('',#3109,#3110,#3111);
#3109 = CARTESIAN_POINT('',(0.,0.,35.));
#3110 = DIRECTION('',(0.,0.,1.));
#3111 = DIRECTION('',(1.,0.,-0.));
#3112 = FACE_BOUND('',#3113,.F.);
#3113 = EDGE_LOOP('',(#3114));
#3114 = ORIENTED_EDGE('',*,*,#3115,.F.);
#3115 = EDGE_CURVE('',#3116,#3116,#3118,.T.);
#3116 = VERTEX_POINT('',#3117);
#3117 = CARTESIAN_POINT('',(40.415974128378,-45.30495168499,35.));
#3118 = CIRCLE('',#3119,7.5);
#3119 = AXIS2_PLACEMENT_3D('',#3120,#3121,#3122);
#3120 = CARTESIAN_POINT('',(32.915974128378,-45.30495168499,35.));
#3121 = DIRECTION('',(0.,0.,1.));
#3122 = DIRECTION('',(1.,0.,-0.));
#3123 = FACE_BOUND('',#3124,.F.);
#3124 = EDGE_LOOP('',(#3125));
#3125 = ORIENTED_EDGE('',*,*,#3126,.F.);
#3126 = EDGE_CURVE('',#3127,#3127,#3129,.T.);
#3127 = VERTEX_POINT('',#3128);
#3128 = CARTESIAN_POINT('',(-45.75916491252,17.304951684997,35.));
#3129 = CIRCLE('',#3130,7.5);
#3130 = AXIS2_PLACEMENT_3D('',#3131,#3132,#3133);
#3131 = CARTESIAN_POINT('',(-53.25916491252,17.304951684997,35.));
#3132 = DIRECTION('',(0.,0.,1.));
#3133 = DIRECTION('',(1.,0.,-0.));
#3134 = FACE_BOUND('',#3135,.F.);
#3135 = EDGE_LOOP('',(#3136));
#3136 = ORIENTED_EDGE('',*,*,#3137,.F.);
#3137 = EDGE_CURVE('',#3138,#3138,#3140,.T.);
#3138 = VERTEX_POINT('',#3139);
#3139 = CARTESIAN_POINT('',(7.5,56.,35.));
#3140 = CIRCLE('',#3141,7.5);
#3141 = AXIS2_PLACEMENT_3D('',#3142,#3143,#3144);
#3142 = CARTESIAN_POINT('',(3.429011037613E-15,56.,35.));
#3143 = DIRECTION('',(0.,0.,1.));
#3144 = DIRECTION('',(1.,0.,-0.));
#3145 = FACE_BOUND('',#3146,.F.);
#3146 = EDGE_LOOP('',(#3147));
#3147 = ORIENTED_EDGE('',*,*,#3148,.F.);
#3148 = EDGE_CURVE('',#3149,#3149,#3151,.T.);
#3149 = VERTEX_POINT('',#3150);
#3150 = CARTESIAN_POINT('',(60.759164912529,17.304951684997,35.));
#3151 = CIRCLE('',#3152,7.5);
#3152 = AXIS2_PLACEMENT_3D('',#3153,#3154,#3155);
#3153 = CARTESIAN_POINT('',(53.259164912529,17.304951684997,35.));
#3154 = DIRECTION('',(0.,0.,1.));
#3155 = DIRECTION('',(1.,0.,-0.));
#3156 = PLANE('',#3157);
#3157 = AXIS2_PLACEMENT_3D('',#3158,#3159,#3160);
#3158 = CARTESIAN_POINT('',(0.,0.,35.));
#3159 = DIRECTION('',(0.,0.,1.));
#3160 = DIRECTION('',(1.,0.,-0.));
#3161 = ADVANCED_FACE('',(#3162),#3218,.F.);
#3162 = FACE_BOUND('',#3163,.F.);
#3163 = EDGE_LOOP('',(#3164,#3186,#3187,#3188,#3189));
#3164 = ORIENTED_EDGE('',*,*,#3165,.F.);
#3165 = EDGE_CURVE('',#3038,#3166,#3168,.T.);
#3166 = VERTEX_POINT('',#3167);
#3167 = CARTESIAN_POINT('',(205.79726312445,-51.06262915276,34.));
#3168 = B_SPLINE_CURVE_WITH_KNOTS('',6,(#3169,#3170,#3171,#3172,#3173,
    #3174,#3175,#3176,#3177,#3178,#3179,#3180,#3181,#3182,#3183,#3184,
    #3185),.UNSPECIFIED.,.F.,.F.,(7,5,5,7),(-9.000422918949,
    -5.474960499469E-02,146.55481105679,155.50048437074),.UNSPECIFIED.);
#3169 = CARTESIAN_POINT('',(52.662030183657,-23.75148254525,
    35.064199416322));
#3170 = CARTESIAN_POINT('',(54.129780825163,-24.01325086717,
    35.053999416322));
#3171 = CARTESIAN_POINT('',(55.597531466668,-24.27501918909,
    35.043799416322));
#3172 = CARTESIAN_POINT('',(57.065282108174,-24.53678751101,
    35.033599416322));
#3173 = CARTESIAN_POINT('',(58.53303274968,-24.79855583292,
    35.023399416322));
#3174 = CARTESIAN_POINT('',(60.000783391185,-25.06032415484,
    35.013199416322));
#3175 = CARTESIAN_POINT('',(85.523322214652,-29.61218192276,
    34.835832846935));
#3176 = CARTESIAN_POINT('',(109.57811039661,-33.90227136876,
    34.668666277548));
#3177 = CARTESIAN_POINT('',(133.63289857857,-38.19236081476,
    34.501499708161));
#3178 = CARTESIAN_POINT('',(157.68768676053,-42.48245026076,
    34.334333138774));
#3179 = CARTESIAN_POINT('',(181.74247494249,-46.77253970676,
    34.167166569387));
#3180 = CARTESIAN_POINT('',(207.26501376596,-51.32439747468,33.9898));
#3181 = CARTESIAN_POINT('',(208.73276440747,-51.5861657966,33.9796));
#3182 = CARTESIAN_POINT('',(210.20051504897,-51.84793411852,33.9694));
#3183 = CARTESIAN_POINT('',(211.66826569048,-52.10970244043,33.9592));
#3184 = CARTESIAN_POINT('',(213.13601633198,-52.37147076235,33.949));
#3185 = CARTESIAN_POINT('',(214.60376697349,-52.63323908427,33.9388));
#3186 = ORIENTED_EDGE('',*,*,#3037,.F.);
#3187 = ORIENTED_EDGE('',*,*,#380,.F.);
#3188 = ORIENTED_EDGE('',*,*,#2378,.T.);
#3189 = ORIENTED_EDGE('',*,*,#3190,.F.);
#3190 = EDGE_CURVE('',#3166,#2379,#3191,.T.);
#3191 = B_SPLINE_CURVE_WITH_KNOTS('',7,(#3192,#3193,#3194,#3195,#3196,
    #3197,#3198,#3199,#3200,#3201,#3202,#3203,#3204,#3205,#3206,#3207,
    #3208,#3209,#3210,#3211,#3212,#3213,#3214,#3215,#3216,#3217),
  .UNSPECIFIED.,.F.,.F.,(8,6,6,6,8),(0.,0.249928743901,0.500002573608,
    0.75007469467,1.),.UNSPECIFIED.);
#3192 = CARTESIAN_POINT('',(205.79726312445,-51.06262915276,34.));
#3193 = CARTESIAN_POINT('',(205.70719612472,-51.45723846186,34.));
#3194 = CARTESIAN_POINT('',(205.61494021476,-51.86143801324,
    34.023838195587));
#3195 = CARTESIAN_POINT('',(205.52096335154,-52.27317755356,
    34.073594322343));
#3196 = CARTESIAN_POINT('',(205.42584879376,-52.68990165942,
    34.15114205148));
#3197 = CARTESIAN_POINT('',(205.33029642744,-53.10854392979,
    34.257934940985));
#3198 = CARTESIAN_POINT('',(205.23509710992,-53.5256393923,
    34.394825659662));
#3199 = CARTESIAN_POINT('',(205.04700837704,-54.34970997475,
    34.729108307306));
#3200 = CARTESIAN_POINT('',(204.95412003686,-54.75668038402,
    34.926536733978));
#3201 = CARTESIAN_POINT('',(204.86324600907,-55.15482551404,
    35.154311976594));
#3202 = CARTESIAN_POINT('',(204.77525526444,-55.54033815516,
    35.411810777754));
#3203 = CARTESIAN_POINT('',(204.69100429834,-55.90946575594,
    35.697561774273));
#3204 = CARTESIAN_POINT('',(204.61126327263,-56.25883401684,
    36.009289745989));
#3205 = CARTESIAN_POINT('',(204.46207880379,-56.9124538815,
    36.678965131903));
#3206 = CARTESIAN_POINT('',(204.39263500162,-57.21670705833,
    37.03691352627));
#3207 = CARTESIAN_POINT('',(204.32897790124,-57.49560703803,
    37.415107423294));
#3208 = CARTESIAN_POINT('',(204.27161442036,-57.7469328691,
    37.810089797592));
#3209 = CARTESIAN_POINT('',(204.2208724139,-57.96924812519,
    38.218015913721));
#3210 = CARTESIAN_POINT('',(204.17689079158,-58.16194420306,
    38.634984884269));
#3211 = CARTESIAN_POINT('',(204.10242206026,-58.48821303297,
    39.479299588321));
#3212 = CARTESIAN_POINT('',(204.07192672555,-58.62182182415,
    39.906640440959));
#3213 = CARTESIAN_POINT('',(204.04813630604,-58.72605446247,
    40.335566432023));
#3214 = CARTESIAN_POINT('',(204.03086087799,-58.80174305816,
    40.762527272484));
#3215 = CARTESIAN_POINT('',(204.01977663695,-58.85030629117,
    41.184381054576));
#3216 = CARTESIAN_POINT('',(204.01446617507,-58.87357294492,
    41.598509451839));
#3217 = CARTESIAN_POINT('',(204.01446617507,-58.87357294492,
    42.002811770456));
#3218 = ( BOUNDED_SURFACE() B_SPLINE_SURFACE(2,6,(
    (#3219,#3220,#3221,#3222,#3223,#3224,#3225,#3226,#3227,#3228,#3229
      ,#3230,#3231,#3232,#3233,#3234,#3235)
    ,(#3236,#3237,#3238,#3239,#3240,#3241,#3242,#3243,#3244,#3245,#3246
      ,#3247,#3248,#3249,#3250,#3251,#3252)
    ,(#3253,#3254,#3255,#3256,#3257,#3258,#3259,#3260,#3261,#3262,#3263
      ,#3264,#3265,#3266,#3267,#3268,#3269
)),.UNSPECIFIED.,.F.,.F.,.F.) B_SPLINE_SURFACE_WITH_KNOTS((3,3),(7,5,5,7
    ),(0.,146.60956066178),(-9.000422918949,-5.474960499469E-02,
    146.55481105679,155.50048437074),.UNSPECIFIED.) 
GEOMETRIC_REPRESENTATION_ITEM() RATIONAL_B_SPLINE_SURFACE((
    (1.,1.,1.,1.,1.,1.,1.,1.,1.,1.,1.,1.,1.,1.,1.,1.,1.)
    ,(0.706990803572,0.706990803572,0.706990803572,0.706990803572
      ,0.706990803572,0.706990803572,0.706990803572,0.706990803572
      ,0.706990803572,0.706990803572,0.706990803572,0.706990803572
      ,0.706990803572,0.706990803572,0.706990803572,0.706990803572
      ,0.706990803572)
    ,(1.,1.,1.,1.,1.,1.,1.,1.,1.,1.,1.,1.,1.,1.,1.,1.,1.
))) REPRESENTATION_ITEM('') SURFACE() );
#3219 = CARTESIAN_POINT('',(52.662030183657,-23.75148254525,
    35.064199416322));
#3220 = CARTESIAN_POINT('',(54.129780825163,-24.01325086717,
    35.053999416322));
#3221 = CARTESIAN_POINT('',(55.597531466668,-24.27501918909,
    35.043799416322));
#3222 = CARTESIAN_POINT('',(57.065282108174,-24.53678751101,
    35.033599416322));
#3223 = CARTESIAN_POINT('',(58.53303274968,-24.79855583292,
    35.023399416322));
#3224 = CARTESIAN_POINT('',(60.000783391185,-25.06032415484,
    35.013199416322));
#3225 = CARTESIAN_POINT('',(85.523322214652,-29.61218192276,
    34.835832846935));
#3226 = CARTESIAN_POINT('',(109.57811039661,-33.90227136876,
    34.668666277548));
#3227 = CARTESIAN_POINT('',(133.63289857857,-38.19236081476,
    34.501499708161));
#3228 = CARTESIAN_POINT('',(157.68768676053,-42.48245026076,
    34.334333138774));
#3229 = CARTESIAN_POINT('',(181.74247494249,-46.77253970676,
    34.167166569387));
#3230 = CARTESIAN_POINT('',(207.26501376596,-51.32439747468,33.9898));
#3231 = CARTESIAN_POINT('',(208.73276440747,-51.5861657966,33.9796));
#3232 = CARTESIAN_POINT('',(210.20051504897,-51.84793411852,33.9694));
#3233 = CARTESIAN_POINT('',(211.66826569048,-52.10970244043,33.9592));
#3234 = CARTESIAN_POINT('',(213.13601633198,-52.37147076235,33.949));
#3235 = CARTESIAN_POINT('',(214.60376697349,-52.63323908427,33.9388));
#3236 = CARTESIAN_POINT('',(51.256942754353,-31.62978954233,
    35.061574558259));
#3237 = CARTESIAN_POINT('',(52.724693395859,-31.89155786425,
    35.051374558259));
#3238 = CARTESIAN_POINT('',(54.192444037364,-32.15332618617,
    35.041174558259));
#3239 = CARTESIAN_POINT('',(55.66019467887,-32.41509450809,
    35.030974558259));
#3240 = CARTESIAN_POINT('',(57.127945320376,-32.67686283,35.020774558259
    ));
#3241 = CARTESIAN_POINT('',(58.595695961881,-32.93863115192,
    35.010574558259));
#3242 = CARTESIAN_POINT('',(84.118234785348,-37.49048891984,
    34.833207988872));
#3243 = CARTESIAN_POINT('',(108.1730229673,-41.78057836584,
    34.666041419486));
#3244 = CARTESIAN_POINT('',(132.22781114927,-46.07066781184,
    34.498874850099));
#3245 = CARTESIAN_POINT('',(156.28259933123,-50.36075725784,
    34.331708280712));
#3246 = CARTESIAN_POINT('',(180.33738751319,-54.65084670384,
    34.164541711325));
#3247 = CARTESIAN_POINT('',(205.85992633666,-59.20270447176,
    33.987175141938));
#3248 = CARTESIAN_POINT('',(207.32767697816,-59.46447279368,
    33.976975141938));
#3249 = CARTESIAN_POINT('',(208.79542761967,-59.7262411156,
    33.966775141938));
#3250 = CARTESIAN_POINT('',(210.26317826117,-59.98800943751,
    33.956575141938));
#3251 = CARTESIAN_POINT('',(211.73092890268,-60.24977775943,
    33.946375141938));
#3252 = CARTESIAN_POINT('',(213.19867954418,-60.51154608135,
    33.936175141938));
#3253 = CARTESIAN_POINT('',(51.310840609796,-31.63940204106,
    43.064011770456));
#3254 = CARTESIAN_POINT('',(52.778591251302,-31.90117036298,
    43.053811770456));
#3255 = CARTESIAN_POINT('',(54.246341892808,-32.1629386849,
    43.043611770456));
#3256 = CARTESIAN_POINT('',(55.714092534313,-32.42470700681,
    43.033411770456));
#3257 = CARTESIAN_POINT('',(57.181843175819,-32.68647532873,
    43.023211770456));
#3258 = CARTESIAN_POINT('',(58.649593817325,-32.94824365065,
    43.013011770456));
#3259 = CARTESIAN_POINT('',(84.172132640792,-37.50010141857,
    42.835645201069));
#3260 = CARTESIAN_POINT('',(108.22692082275,-41.79019086457,
    42.668478631682));
#3261 = CARTESIAN_POINT('',(132.28170900471,-46.08028031057,
    42.501312062296));
#3262 = CARTESIAN_POINT('',(156.33649718667,-50.37036975657,
    42.334145492909));
#3263 = CARTESIAN_POINT('',(180.39128536863,-54.66045920257,
    42.166978923522));
#3264 = CARTESIAN_POINT('',(205.9138241921,-59.21231697049,
    41.989612354135));
#3265 = CARTESIAN_POINT('',(207.3815748336,-59.47408529241,
    41.979412354135));
#3266 = CARTESIAN_POINT('',(208.84932547511,-59.73585361432,
    41.969212354135));
#3267 = CARTESIAN_POINT('',(210.31707611662,-59.99762193624,
    41.959012354135));
#3268 = CARTESIAN_POINT('',(211.78482675812,-60.25939025816,
    41.948812354135));
#3269 = CARTESIAN_POINT('',(213.25257739963,-60.52115858008,
    41.938612354135));
#3270 = ADVANCED_FACE('',(#3271),#3360,.F.);
#3271 = FACE_BOUND('',#3272,.F.);
#3272 = EDGE_LOOP('',(#3273,#3281,#3312,#3320,#3351,#3357,#3358,#3359));
#3273 = ORIENTED_EDGE('',*,*,#3274,.F.);
#3274 = EDGE_CURVE('',#3275,#2417,#3277,.T.);
#3275 = VERTEX_POINT('',#3276);
#3276 = CARTESIAN_POINT('',(88.390123759315,-192.7358078493,34.));
#3277 = LINE('',#3278,#3279);
#3278 = CARTESIAN_POINT('',(81.171726278093,-196.2120048647,34.));
#3279 = VECTOR('',#3280,1.);
#3280 = DIRECTION('',(0.900968867902,0.433883739118,0.));
#3281 = ORIENTED_EDGE('',*,*,#3282,.T.);
#3282 = EDGE_CURVE('',#3275,#3283,#3285,.T.);
#3283 = VERTEX_POINT('',#3284);
#3284 = CARTESIAN_POINT('',(81.171726278093,-196.2120048647,
    42.002811770456));
#3285 = B_SPLINE_CURVE_WITH_KNOTS('',7,(#3286,#3287,#3288,#3289,#3290,
    #3291,#3292,#3293,#3294,#3295,#3296,#3297,#3298,#3299,#3300,#3301,
    #3302,#3303,#3304,#3305,#3306,#3307,#3308,#3309,#3310,#3311),
  .UNSPECIFIED.,.F.,.F.,(8,6,6,6,8),(0.,0.249928743901,0.500002573608,
    0.750074694671,1.),.UNSPECIFIED.);
#3286 = CARTESIAN_POINT('',(88.390123759315,-192.7358078493,34.));
#3287 = CARTESIAN_POINT('',(88.025449922373,-192.9114255133,34.));
#3288 = CARTESIAN_POINT('',(87.651913368881,-193.0913112366,
    34.023838195587));
#3289 = CARTESIAN_POINT('',(87.271408817849,-193.2745525707,
    34.073594322343));
#3290 = CARTESIAN_POINT('',(86.886297835605,-193.4600122452,
    34.15114205148));
#3291 = CARTESIAN_POINT('',(86.499414202791,-193.6463255832,
    34.257934940985));
#3292 = CARTESIAN_POINT('',(86.11396003539,-193.8319505269,
    34.394825659662));
#3293 = CARTESIAN_POINT('',(85.352404303462,-194.1986964383,
    34.729108307305));
#3294 = CARTESIAN_POINT('',(84.976307092243,-194.3798153094,
    34.92653673398));
#3295 = CARTESIAN_POINT('',(84.608365665429,-194.5570065617,
    35.15431197659));
#3296 = CARTESIAN_POINT('',(84.25209841377,-194.7285758277,
    35.411810777756));
#3297 = CARTESIAN_POINT('',(83.91097321628,-194.8928530646,
    35.697561774272));
#3298 = CARTESIAN_POINT('',(83.588108394609,-195.048336568,
    36.009289745988));
#3299 = CARTESIAN_POINT('',(82.984072811933,-195.3392247735,
    36.678965131905));
#3300 = CARTESIAN_POINT('',(82.702900597195,-195.4746301756,
    37.036913526262));
#3301 = CARTESIAN_POINT('',(82.44515825969,-195.5987523436,
    37.415107423309));
#3302 = CARTESIAN_POINT('',(82.212898267293,-195.7106028609,
    37.810089797576));
#3303 = CARTESIAN_POINT('',(82.007448077475,-195.8095424577,
    38.21801591373));
#3304 = CARTESIAN_POINT('',(81.829370124275,-195.8953002801,
    38.634984884267));
#3305 = CARTESIAN_POINT('',(81.527852386766,-196.0405035696,
    39.479299588322));
#3306 = CARTESIAN_POINT('',(81.404379297295,-196.0999650756,
    39.906640440957));
#3307 = CARTESIAN_POINT('',(81.308053855206,-196.1463529637,
    40.335566432024));
#3308 = CARTESIAN_POINT('',(81.238107075018,-196.1800375577,
    40.762527272486));
#3309 = CARTESIAN_POINT('',(81.193227899312,-196.2016502296,
    41.184381054574));
#3310 = CARTESIAN_POINT('',(81.171726278093,-196.2120048647,
    41.598509451841));
#3311 = CARTESIAN_POINT('',(81.171726278093,-196.2120048647,
    42.002811770456));
#3312 = ORIENTED_EDGE('',*,*,#3313,.F.);
#3313 = EDGE_CURVE('',#3314,#3283,#3316,.T.);
#3314 = VERTEX_POINT('',#3315);
#3315 = CARTESIAN_POINT('',(81.171726278093,-196.2120048647,
    44.002436469923));
#3316 = LINE('',#3317,#3318);
#3317 = CARTESIAN_POINT('',(81.171726278093,-196.2120048647,52.));
#3318 = VECTOR('',#3319,1.);
#3319 = DIRECTION('',(0.,0.,-1.));
#3320 = ORIENTED_EDGE('',*,*,#3321,.F.);
#3321 = EDGE_CURVE('',#3322,#3314,#3324,.T.);
#3322 = VERTEX_POINT('',#3323);
#3323 = CARTESIAN_POINT('',(88.385389937476,-192.7380875377,52.));
#3324 = B_SPLINE_CURVE_WITH_KNOTS('',7,(#3325,#3326,#3327,#3328,#3329,
    #3330,#3331,#3332,#3333,#3334,#3335,#3336,#3337,#3338,#3339,#3340,
    #3341,#3342,#3343,#3344,#3345,#3346,#3347,#3348,#3349,#3350),
  .UNSPECIFIED.,.F.,.F.,(8,6,6,6,8),(0.,0.25065980494,0.502734274596,
    0.752805088042,1.),.UNSPECIFIED.);
#3325 = CARTESIAN_POINT('',(88.385389937476,-192.7380875377,52.));
#3326 = CARTESIAN_POINT('',(88.019770531361,-192.9141605638,52.));
#3327 = CARTESIAN_POINT('',(87.645260567942,-193.0945150567,
    51.976038013066));
#3328 = CARTESIAN_POINT('',(87.263771102049,-193.2782307008,
    51.926019072134));
#3329 = CARTESIAN_POINT('',(86.877684601917,-193.4641601599,
    51.848056504324));
#3330 = CARTESIAN_POINT('',(86.489860122338,-193.6509265859,
    51.740688914844));
#3331 = CARTESIAN_POINT('',(86.103527619913,-193.8369745135,
    51.603063073569));
#3332 = CARTESIAN_POINT('',(85.338462352167,-194.2054105281,
    51.266154293519));
#3333 = CARTESIAN_POINT('',(84.959783534007,-194.3877726356,
    51.066526287095));
#3334 = CARTESIAN_POINT('',(84.589478443326,-194.5661021685,
    50.836096915255));
#3335 = CARTESIAN_POINT('',(84.231146620642,-194.7386656794,
    50.575519141554));
#3336 = CARTESIAN_POINT('',(83.888330923488,-194.9037570181,
    50.28632127625));
#3337 = CARTESIAN_POINT('',(83.564206327336,-195.059847197,
    49.970857944472));
#3338 = CARTESIAN_POINT('',(82.960985768783,-195.3503429075,
    49.296006700099));
#3339 = CARTESIAN_POINT('',(82.681551187637,-195.4849115094,
    48.93698654738));
#3340 = CARTESIAN_POINT('',(82.42564631551,-195.6081488006,
    48.557912575384));
#3341 = CARTESIAN_POINT('',(82.195290620988,-195.7190822564,
    48.162255038434));
#3342 = CARTESIAN_POINT('',(81.99177641881,-195.8170895308,
    47.753861961598));
#3343 = CARTESIAN_POINT('',(81.815633238946,-195.9019156155,
    47.336628316408));
#3344 = CARTESIAN_POINT('',(81.519549247019,-196.044502151,
    46.496773090691));
#3345 = CARTESIAN_POINT('',(81.398984169924,-196.102563232,
    46.074267329563));
#3346 = CARTESIAN_POINT('',(81.304921199953,-196.147861571,
    45.650344419954));
#3347 = CARTESIAN_POINT('',(81.236600200935,-196.18076323,
    45.228422825266));
#3348 = CARTESIAN_POINT('',(81.192746694983,-196.2018819654,
    44.811528959477));
#3349 = CARTESIAN_POINT('',(81.171726278093,-196.2120048647,
    44.402189437919));
#3350 = CARTESIAN_POINT('',(81.171726278093,-196.2120048647,
    44.002436469923));
#3351 = ORIENTED_EDGE('',*,*,#3352,.F.);
#3352 = EDGE_CURVE('',#759,#3322,#3353,.T.);
#3353 = LINE('',#3354,#3355);
#3354 = CARTESIAN_POINT('',(102.79497910775,-185.7987951259,52.));
#3355 = VECTOR('',#3356,1.);
#3356 = DIRECTION('',(-0.900968867902,-0.433883739118,0.));
#3357 = ORIENTED_EDGE('',*,*,#780,.F.);
#3358 = ORIENTED_EDGE('',*,*,#679,.F.);
#3359 = ORIENTED_EDGE('',*,*,#2481,.F.);
#3360 = PLANE('',#3361);
#3361 = AXIS2_PLACEMENT_3D('',#3362,#3363,#3364);
#3362 = CARTESIAN_POINT('',(81.171726278093,-196.2120048647,34.));
#3363 = DIRECTION('',(-0.433883739118,0.900968867902,0.));
#3364 = DIRECTION('',(0.720775094322,0.347106991294,0.6));
#3365 = ADVANCED_FACE('',(#3366),#3391,.T.);
#3366 = FACE_BOUND('',#3367,.T.);
#3367 = EDGE_LOOP('',(#3368,#3369,#3370,#3390));
#3368 = ORIENTED_EDGE('',*,*,#758,.F.);
#3369 = ORIENTED_EDGE('',*,*,#2077,.T.);
#3370 = ORIENTED_EDGE('',*,*,#3371,.T.);
#3371 = EDGE_CURVE('',#1994,#3322,#3372,.T.);
#3372 = B_SPLINE_CURVE_WITH_KNOTS('',6,(#3373,#3374,#3375,#3376,#3377,
    #3378,#3379,#3380,#3381,#3382,#3383,#3384,#3385,#3386,#3387,#3388,
    #3389),.UNSPECIFIED.,.F.,.F.,(7,5,5,7),(-8.890959613726,
    5.471370022882E-02,146.55455944062,155.50023275457),.UNSPECIFIED.);
#3373 = CARTESIAN_POINT('',(14.312129743139,-56.08037427261,
    53.063448824057));
#3374 = CARTESIAN_POINT('',(15.022598584601,-57.39111781172,
    53.053248824057));
#3375 = CARTESIAN_POINT('',(15.733067426063,-58.70186135083,
    53.043048824057));
#3376 = CARTESIAN_POINT('',(16.443536267525,-60.01260488993,
    53.032848824057));
#3377 = CARTESIAN_POINT('',(17.154005108987,-61.32334842904,
    53.022648824057));
#3378 = CARTESIAN_POINT('',(17.864473950449,-62.63409196815,
    53.012448824057));
#3379 = CARTESIAN_POINT('',(30.210017316172,-85.41037751234,
    52.835207353381));
#3380 = CARTESIAN_POINT('',(41.845091840433,-106.8759195174,
    52.668165882705));
#3381 = CARTESIAN_POINT('',(53.480166364694,-128.3414615225,
    52.501124412029));
#3382 = CARTESIAN_POINT('',(65.115240888954,-149.8070035275,
    52.334082941352));
#3383 = CARTESIAN_POINT('',(76.750315413215,-171.2725455326,
    52.167041470676));
#3384 = CARTESIAN_POINT('',(89.095858778938,-194.0488310768,51.9898));
#3385 = CARTESIAN_POINT('',(89.8063276204,-195.3595746159,51.9796));
#3386 = CARTESIAN_POINT('',(90.516796461862,-196.670318155,51.9694));
#3387 = CARTESIAN_POINT('',(91.227265303324,-197.9810616941,51.9592));
#3388 = CARTESIAN_POINT('',(91.937734144786,-199.2918052332,51.949));
#3389 = CARTESIAN_POINT('',(92.648202986248,-200.6025487723,51.9388));
#3390 = ORIENTED_EDGE('',*,*,#3352,.F.);
#3391 = B_SPLINE_SURFACE_WITH_KNOTS('',1,1,(
    (#3392,#3393)
    ,(#3394,#3395
    )),.UNSPECIFIED.,.F.,.F.,.F.,(2,2),(2,2),(0.,38.),(0.,1.),
  .PIECEWISE_BEZIER_KNOTS.);
#3392 = CARTESIAN_POINT('',(45.754735271905,-51.22015423832,53.));
#3393 = CARTESIAN_POINT('',(102.79497910775,-185.7987951259,52.));
#3394 = CARTESIAN_POINT('',(11.517918291613,-67.70773632479,53.));
#3395 = CARTESIAN_POINT('',(81.171726278093,-196.2120048647,52.));
#3396 = ADVANCED_FACE('',(#3397),#3484,.T.);
#3397 = FACE_BOUND('',#3398,.T.);
#3398 = EDGE_LOOP('',(#3399,#3423,#3431,#3432,#3433,#3455));
#3399 = ORIENTED_EDGE('',*,*,#3400,.F.);
#3400 = EDGE_CURVE('',#3401,#3403,#3405,.T.);
#3401 = VERTEX_POINT('',#3402);
#3402 = CARTESIAN_POINT('',(77.990653548108,1.207459787736,
    44.935542086678));
#3403 = VERTEX_POINT('',#3404);
#3404 = CARTESIAN_POINT('',(209.35496859002,-35.47530305255,
    44.002436469923));
#3405 = B_SPLINE_CURVE_WITH_KNOTS('',6,(#3406,#3407,#3408,#3409,#3410,
    #3411,#3412,#3413,#3414,#3415,#3416,#3417,#3418,#3419,#3420,#3421,
    #3422),.UNSPECIFIED.,.F.,.F.,(7,5,5,7),(-8.890959613726,
    5.471370022838E-02,146.55455944062,155.50023275457),.UNSPECIFIED.);
#3406 = CARTESIAN_POINT('',(59.95729203635,6.243176857003,
    45.063636469923));
#3407 = CARTESIAN_POINT('',(61.393266688487,5.842188829225,
    45.053436469923));
#3408 = CARTESIAN_POINT('',(62.829241340624,5.441200801448,
    45.043236469923));
#3409 = CARTESIAN_POINT('',(64.26521599276,5.04021277367,45.033036469923
    ));
#3410 = CARTESIAN_POINT('',(65.701190644897,4.639224745893,
    45.022836469923));
#3411 = CARTESIAN_POINT('',(67.137165297034,4.238236718115,
    45.012636469923));
#3412 = CARTESIAN_POINT('',(92.089543649826,-2.72957776883,
    44.835394999247));
#3413 = CARTESIAN_POINT('',(115.60594735048,-9.296404227998,
    44.66835352857));
#3414 = CARTESIAN_POINT('',(139.12235105113,-15.86323068716,
    44.501312057894));
#3415 = CARTESIAN_POINT('',(162.63875475179,-22.43005714633,
    44.334270587218));
#3416 = CARTESIAN_POINT('',(186.15515845244,-28.9968836055,
    44.167229116542));
#3417 = CARTESIAN_POINT('',(211.10753680524,-35.96469809244,
    43.989987645865));
#3418 = CARTESIAN_POINT('',(212.54351145737,-36.36568612022,
    43.979787645865));
#3419 = CARTESIAN_POINT('',(213.97948610951,-36.766674148,
    43.969587645865));
#3420 = CARTESIAN_POINT('',(215.41546076165,-37.16766217578,
    43.959387645865));
#3421 = CARTESIAN_POINT('',(216.85143541378,-37.56865020355,
    43.949187645865));
#3422 = CARTESIAN_POINT('',(218.28741006592,-37.96963823133,
    43.938987645865));
#3423 = ORIENTED_EDGE('',*,*,#3424,.F.);
#3424 = EDGE_CURVE('',#945,#3401,#3425,.T.);
#3425 = B_SPLINE_CURVE_WITH_KNOTS('',4,(#3426,#3427,#3428,#3429,#3430),
  .UNSPECIFIED.,.F.,.F.,(5,5),(0.,1.),.PIECEWISE_BEZIER_KNOTS.);
#3426 = CARTESIAN_POINT('',(77.990657739923,1.207189005181,45.0000006));
#3427 = CARTESIAN_POINT('',(77.99065564083,1.207324617445,
    44.983860055065));
#3428 = CARTESIAN_POINT('',(77.990654244535,1.207414805023,
    44.967736641404));
#3429 = CARTESIAN_POINT('',(77.990653548108,1.207459787736,
    44.95163057992));
#3430 = CARTESIAN_POINT('',(77.990653548108,1.207459787736,
    44.935542086678));
#3431 = ORIENTED_EDGE('',*,*,#944,.T.);
#3432 = ORIENTED_EDGE('',*,*,#864,.T.);
#3433 = ORIENTED_EDGE('',*,*,#3434,.T.);
#3434 = EDGE_CURVE('',#867,#3435,#3437,.T.);
#3435 = VERTEX_POINT('',#3436);
#3436 = CARTESIAN_POINT('',(207.57334079807,-43.28112443126,52.));
#3437 = B_SPLINE_CURVE_WITH_KNOTS('',6,(#3438,#3439,#3440,#3441,#3442,
    #3443,#3444,#3445,#3446,#3447,#3448,#3449,#3450,#3451,#3452,#3453,
    #3454),.UNSPECIFIED.,.F.,.F.,(7,5,5,7),(-8.890959613726,
    5.471370022838E-02,146.55455944062,155.50023275457),.UNSPECIFIED.);
#3438 = CARTESIAN_POINT('',(57.859070681323,-1.474237509592,
    53.063448824057));
#3439 = CARTESIAN_POINT('',(59.29504533346,-1.875225537369,
    53.053248824057));
#3440 = CARTESIAN_POINT('',(60.731019985597,-2.276213565147,
    53.043048824057));
#3441 = CARTESIAN_POINT('',(62.166994637733,-2.677201592924,
    53.032848824057));
#3442 = CARTESIAN_POINT('',(63.60296928987,-3.078189620702,
    53.022648824057));
#3443 = CARTESIAN_POINT('',(65.038943942007,-3.479177648479,
    53.012448824057));
#3444 = CARTESIAN_POINT('',(89.991322294799,-10.44699213542,
    52.835207353381));
#3445 = CARTESIAN_POINT('',(113.50772599545,-17.01381859459,
    52.668165882705));
#3446 = CARTESIAN_POINT('',(137.02412969611,-23.58064505376,
    52.501124412029));
#3447 = CARTESIAN_POINT('',(160.54053339676,-30.14747151292,
    52.334082941352));
#3448 = CARTESIAN_POINT('',(184.05693709742,-36.71429797209,
    52.167041470676));
#3449 = CARTESIAN_POINT('',(209.00931545021,-43.68211245904,51.9898));
#3450 = CARTESIAN_POINT('',(210.44529010235,-44.08310048682,51.9796));
#3451 = CARTESIAN_POINT('',(211.88126475448,-44.48408851459,51.9694));
#3452 = CARTESIAN_POINT('',(213.31723940662,-44.88507654237,51.9592));
#3453 = CARTESIAN_POINT('',(214.75321405876,-45.28606457015,51.949));
#3454 = CARTESIAN_POINT('',(216.18918871089,-45.68705259793,51.9388));
#3455 = ORIENTED_EDGE('',*,*,#3456,.F.);
#3456 = EDGE_CURVE('',#3403,#3435,#3457,.T.);
#3457 = B_SPLINE_CURVE_WITH_KNOTS('',7,(#3458,#3459,#3460,#3461,#3462,
    #3463,#3464,#3465,#3466,#3467,#3468,#3469,#3470,#3471,#3472,#3473,
    #3474,#3475,#3476,#3477,#3478,#3479,#3480,#3481,#3482,#3483),
  .UNSPECIFIED.,.F.,.F.,(8,6,6,6,8),(0.,0.246925498661,0.497996622871,
    0.749070781754,1.),.UNSPECIFIED.);
#3458 = CARTESIAN_POINT('',(209.35496859002,-35.47530305255,
    44.002436469923));
#3459 = CARTESIAN_POINT('',(209.35496859002,-35.47530305255,
    44.4017537518));
#3460 = CARTESIAN_POINT('',(209.34978828686,-35.49799944365,
    44.810636700958));
#3461 = CARTESIAN_POINT('',(209.33898144644,-35.54534730515,
    45.22705974607));
#3462 = CARTESIAN_POINT('',(209.32214568039,-35.61910961577,
    45.648505062594));
#3463 = CARTESIAN_POINT('',(209.29896705196,-35.72066182219,
    46.071957206985));
#3464 = CARTESIAN_POINT('',(209.2692580159,-35.85082561393,
    46.49401015744));
#3465 = CARTESIAN_POINT('',(209.19611044342,-36.17130606874,
    47.335165652794));
#3466 = CARTESIAN_POINT('',(209.15244946697,-36.36259730526,
    47.754101081613));
#3467 = CARTESIAN_POINT('',(209.10197355554,-36.58374672287,
    48.164131040099));
#3468 = CARTESIAN_POINT('',(209.04481492851,-36.83417503055,
    48.56131294646));
#3469 = CARTESIAN_POINT('',(208.98129733629,-37.11246378507,
    48.941751868046));
#3470 = CARTESIAN_POINT('',(208.91192699631,-37.41639510302,
    49.301938471005));
#3471 = CARTESIAN_POINT('',(208.76276158272,-38.06993148115,
    49.975981163219));
#3472 = CARTESIAN_POINT('',(208.68296608955,-38.41953837962,
    50.289838016795));
#3473 = CARTESIAN_POINT('',(208.59859917941,-38.78917396442,
    50.577613543197));
#3474 = CARTESIAN_POINT('',(208.5104363445,-39.17544058235,
    50.836987465333));
#3475 = CARTESIAN_POINT('',(208.41934211225,-39.57455049115,
    51.066452893022));
#3476 = CARTESIAN_POINT('',(208.32619479855,-39.98265553751,
    51.265363987355));
#3477 = CARTESIAN_POINT('',(208.13752957544,-40.80925188868,
    51.602175015189));
#3478 = CARTESIAN_POINT('',(208.04201276855,-41.22773836302,
    51.740110753154));
#3479 = CARTESIAN_POINT('',(207.94612322176,-41.6478579176,51.8477231605
    ));
#3480 = CARTESIAN_POINT('',(207.85066160105,-42.06610260546,
    51.925855672162));
#3481 = CARTESIAN_POINT('',(207.75633648894,-42.47936792385,
    51.975987277389));
#3482 = CARTESIAN_POINT('',(207.66373839065,-42.88506670028,52.));
#3483 = CARTESIAN_POINT('',(207.57334079807,-43.28112443126,52.));
#3484 = ( BOUNDED_SURFACE() B_SPLINE_SURFACE(2,6,(
    (#3485,#3486,#3487,#3488,#3489,#3490,#3491,#3492,#3493,#3494,#3495
      ,#3496,#3497,#3498,#3499,#3500,#3501)
    ,(#3502,#3503,#3504,#3505,#3506,#3507,#3508,#3509,#3510,#3511,#3512
      ,#3513,#3514,#3515,#3516,#3517,#3518)
    ,(#3519,#3520,#3521,#3522,#3523,#3524,#3525,#3526,#3527,#3528,#3529
      ,#3530,#3531,#3532,#3533,#3534,#3535
)),.UNSPECIFIED.,.F.,.F.,.F.) B_SPLINE_SURFACE_WITH_KNOTS((3,3),(7,5,5,7
    ),(0.,146.49984574039),(-8.890959613726,5.471370022838E-02,
    146.55455944062,155.50023275457),.UNSPECIFIED.) 
GEOMETRIC_REPRESENTATION_ITEM() RATIONAL_B_SPLINE_SURFACE((
    (1.,1.,1.,1.,1.,1.,1.,1.,1.,1.,1.,1.,1.,1.,1.,1.,1.)
    ,(0.707222739782,0.707222739782,0.707222739782,0.707222739782
      ,0.707222739782,0.707222739782,0.707222739782,0.707222739782
      ,0.707222739782,0.707222739782,0.707222739782,0.707222739782
      ,0.707222739782,0.707222739782,0.707222739782,0.707222739782
      ,0.707222739782)
    ,(1.,1.,1.,1.,1.,1.,1.,1.,1.,1.,1.,1.,1.,1.,1.,1.,1.
))) REPRESENTATION_ITEM('') SURFACE() );
#3485 = CARTESIAN_POINT('',(59.95729203635,6.243176857003,
    45.063636469923));
#3486 = CARTESIAN_POINT('',(61.393266688487,5.842188829225,
    45.053436469923));
#3487 = CARTESIAN_POINT('',(62.829241340624,5.441200801448,
    45.043236469923));
#3488 = CARTESIAN_POINT('',(64.26521599276,5.04021277367,45.033036469923
    ));
#3489 = CARTESIAN_POINT('',(65.701190644897,4.639224745893,
    45.022836469923));
#3490 = CARTESIAN_POINT('',(67.137165297034,4.238236718115,
    45.012636469923));
#3491 = CARTESIAN_POINT('',(92.089543649826,-2.72957776883,
    44.835394999247));
#3492 = CARTESIAN_POINT('',(115.60594735048,-9.296404227998,
    44.66835352857));
#3493 = CARTESIAN_POINT('',(139.12235105113,-15.86323068716,
    44.501312057894));
#3494 = CARTESIAN_POINT('',(162.63875475179,-22.43005714633,
    44.334270587218));
#3495 = CARTESIAN_POINT('',(186.15515845244,-28.9968836055,
    44.167229116542));
#3496 = CARTESIAN_POINT('',(211.10753680524,-35.96469809244,
    43.989987645865));
#3497 = CARTESIAN_POINT('',(212.54351145737,-36.36568612022,
    43.979787645865));
#3498 = CARTESIAN_POINT('',(213.97948610951,-36.766674148,
    43.969587645865));
#3499 = CARTESIAN_POINT('',(215.41546076165,-37.16766217578,
    43.959387645865));
#3500 = CARTESIAN_POINT('',(216.85143541378,-37.56865020355,
    43.949187645865));
#3501 = CARTESIAN_POINT('',(218.28741006592,-37.96963823133,
    43.938987645865));
#3502 = CARTESIAN_POINT('',(60.009988452078,6.228461672594,
    53.060825687376));
#3503 = CARTESIAN_POINT('',(61.445963104215,5.827473644816,
    53.050625687376));
#3504 = CARTESIAN_POINT('',(62.881937756351,5.426485617038,
    53.040425687376));
#3505 = CARTESIAN_POINT('',(64.317912408488,5.025497589261,
    53.030225687376));
#3506 = CARTESIAN_POINT('',(65.753887060625,4.624509561483,
    53.020025687376));
#3507 = CARTESIAN_POINT('',(67.189861712761,4.223521533706,
    53.009825687376));
#3508 = CARTESIAN_POINT('',(92.142240065554,-2.74429295324,52.8325842167
    ));
#3509 = CARTESIAN_POINT('',(115.6586437662,-9.311119412408,
    52.665542746023));
#3510 = CARTESIAN_POINT('',(139.17504746686,-15.87794587157,
    52.498501275347));
#3511 = CARTESIAN_POINT('',(162.69145116752,-22.44477233074,
    52.331459804671));
#3512 = CARTESIAN_POINT('',(186.20785486817,-29.01159878991,
    52.164418333995));
#3513 = CARTESIAN_POINT('',(211.16023322096,-35.97941327685,
    51.987176863318));
#3514 = CARTESIAN_POINT('',(212.5962078731,-36.38040130463,
    51.976976863318));
#3515 = CARTESIAN_POINT('',(214.03218252524,-36.78138933241,
    51.966776863318));
#3516 = CARTESIAN_POINT('',(215.46815717737,-37.18237736019,
    51.956576863318));
#3517 = CARTESIAN_POINT('',(216.90413182951,-37.58336538796,
    51.946376863318));
#3518 = CARTESIAN_POINT('',(218.34010648165,-37.98435341574,
    51.936176863318));
#3519 = CARTESIAN_POINT('',(57.859070681323,-1.474237509592,
    53.063448824057));
#3520 = CARTESIAN_POINT('',(59.29504533346,-1.875225537369,
    53.053248824057));
#3521 = CARTESIAN_POINT('',(60.731019985597,-2.276213565147,
    53.043048824057));
#3522 = CARTESIAN_POINT('',(62.166994637733,-2.677201592924,
    53.032848824057));
#3523 = CARTESIAN_POINT('',(63.60296928987,-3.078189620702,
    53.022648824057));
#3524 = CARTESIAN_POINT('',(65.038943942007,-3.479177648479,
    53.012448824057));
#3525 = CARTESIAN_POINT('',(89.991322294799,-10.44699213542,
    52.835207353381));
#3526 = CARTESIAN_POINT('',(113.50772599545,-17.01381859459,
    52.668165882705));
#3527 = CARTESIAN_POINT('',(137.02412969611,-23.58064505376,
    52.501124412029));
#3528 = CARTESIAN_POINT('',(160.54053339676,-30.14747151292,
    52.334082941352));
#3529 = CARTESIAN_POINT('',(184.05693709742,-36.71429797209,
    52.167041470676));
#3530 = CARTESIAN_POINT('',(209.00931545021,-43.68211245904,51.9898));
#3531 = CARTESIAN_POINT('',(210.44529010235,-44.08310048682,51.9796));
#3532 = CARTESIAN_POINT('',(211.88126475448,-44.48408851459,51.9694));
#3533 = CARTESIAN_POINT('',(213.31723940662,-44.88507654237,51.9592));
#3534 = CARTESIAN_POINT('',(214.75321405876,-45.28606457015,51.949));
#3535 = CARTESIAN_POINT('',(216.18918871089,-45.68705259793,51.9388));
#3536 = ADVANCED_FACE('',(#3537),#3548,.T.);
#3537 = FACE_BOUND('',#3538,.T.);
#3538 = EDGE_LOOP('',(#3539,#3540,#3541,#3542));
#3539 = ORIENTED_EDGE('',*,*,#3434,.F.);
#3540 = ORIENTED_EDGE('',*,*,#2200,.T.);
#3541 = ORIENTED_EDGE('',*,*,#2245,.T.);
#3542 = ORIENTED_EDGE('',*,*,#3543,.F.);
#3543 = EDGE_CURVE('',#3435,#2246,#3544,.T.);
#3544 = LINE('',#3545,#3546);
#3545 = CARTESIAN_POINT('',(209.35496859002,-35.47530305255,52.));
#3546 = VECTOR('',#3547,1.);
#3547 = DIRECTION('',(-0.222520933956,-0.974927912182,0.));
#3548 = B_SPLINE_SURFACE_WITH_KNOTS('',1,1,(
    (#3549,#3550)
    ,(#3551,#3552
    )),.UNSPECIFIED.,.F.,.F.,.F.,(2,2),(2,2),(0.,38.),(0.,1.),
  .PIECEWISE_BEZIER_KNOTS.);
#3549 = CARTESIAN_POINT('',(68.57313994917,3.837248690338,53.));
#3550 = CARTESIAN_POINT('',(209.35496859002,-35.47530305255,52.));
#3551 = CARTESIAN_POINT('',(60.11734445883,-33.21001197257,53.));
#3552 = CARTESIAN_POINT('',(204.01446617507,-58.87357294492,52.));
#3553 = ADVANCED_FACE('',(#3554),#3589,.T.);
#3554 = FACE_BOUND('',#3555,.T.);
#3555 = EDGE_LOOP('',(#3556,#3557,#3558,#3568,#3588));
#3556 = ORIENTED_EDGE('',*,*,#3371,.F.);
#3557 = ORIENTED_EDGE('',*,*,#1993,.T.);
#3558 = ORIENTED_EDGE('',*,*,#3559,.F.);
#3559 = EDGE_CURVE('',#3560,#1985,#3562,.T.);
#3560 = VERTEX_POINT('',#3561);
#3561 = CARTESIAN_POINT('',(16.177366817487,-76.30395011303,
    44.935542086678));
#3562 = B_SPLINE_CURVE_WITH_KNOTS('',4,(#3563,#3564,#3565,#3566,#3567),
  .UNSPECIFIED.,.F.,.F.,(5,5),(0.,1.),.PIECEWISE_BEZIER_KNOTS.);
#3563 = CARTESIAN_POINT('',(16.177366817487,-76.30395011303,
    44.935542086678));
#3564 = CARTESIAN_POINT('',(16.177366817487,-76.30395011303,
    44.951630579922));
#3565 = CARTESIAN_POINT('',(16.177410827359,-76.3039407824,
    44.967736641404));
#3566 = CARTESIAN_POINT('',(16.177499064451,-76.30392207506,
    44.983860055065));
#3567 = CARTESIAN_POINT('',(16.177631743725,-76.30389394496,45.0000006)
  );
#3568 = ORIENTED_EDGE('',*,*,#3569,.T.);
#3569 = EDGE_CURVE('',#3560,#3314,#3570,.T.);
#3570 = B_SPLINE_CURVE_WITH_KNOTS('',6,(#3571,#3572,#3573,#3574,#3575,
    #3576,#3577,#3578,#3579,#3580,#3581,#3582,#3583,#3584,#3585,#3586,
    #3587),.UNSPECIFIED.,.F.,.F.,(7,5,5,7),(-8.890959613726,
    5.471370022882E-02,146.55455944062,155.50023275457),.UNSPECIFIED.);
#3571 = CARTESIAN_POINT('',(7.25510524284,-59.84327509015,
    45.063636469923));
#3572 = CARTESIAN_POINT('',(7.965574084302,-61.15401862925,
    45.053436469923));
#3573 = CARTESIAN_POINT('',(8.676042925764,-62.46476216836,
    45.043236469923));
#3574 = CARTESIAN_POINT('',(9.386511767227,-63.77550570747,
    45.033036469923));
#3575 = CARTESIAN_POINT('',(10.096980608689,-65.08624924657,
    45.022836469923));
#3576 = CARTESIAN_POINT('',(10.807449450151,-66.39699278568,
    45.012636469923));
#3577 = CARTESIAN_POINT('',(23.152992815874,-89.17327832987,
    44.835394999247));
#3578 = CARTESIAN_POINT('',(34.788067340134,-110.6388203349,
    44.66835352857));
#3579 = CARTESIAN_POINT('',(46.423141864395,-132.10436234,
    44.501312057894));
#3580 = CARTESIAN_POINT('',(58.058216388656,-153.5699043451,
    44.334270587218));
#3581 = CARTESIAN_POINT('',(69.693290912917,-175.0354463502,
    44.167229116542));
#3582 = CARTESIAN_POINT('',(82.03883427864,-197.8117318943,
    43.989987645865));
#3583 = CARTESIAN_POINT('',(82.749303120102,-199.1224754334,
    43.979787645865));
#3584 = CARTESIAN_POINT('',(83.459771961564,-200.4332189726,
    43.969587645865));
#3585 = CARTESIAN_POINT('',(84.170240803026,-201.7439625117,
    43.959387645865));
#3586 = CARTESIAN_POINT('',(84.880709644488,-203.0547060508,
    43.949187645865));
#3587 = CARTESIAN_POINT('',(85.59117848595,-204.3654495899,
    43.938987645865));
#3588 = ORIENTED_EDGE('',*,*,#3321,.F.);
#3589 = ( BOUNDED_SURFACE() B_SPLINE_SURFACE(2,6,(
    (#3590,#3591,#3592,#3593,#3594,#3595,#3596,#3597,#3598,#3599,#3600
      ,#3601,#3602,#3603,#3604,#3605,#3606)
    ,(#3607,#3608,#3609,#3610,#3611,#3612,#3613,#3614,#3615,#3616,#3617
      ,#3618,#3619,#3620,#3621,#3622,#3623)
    ,(#3624,#3625,#3626,#3627,#3628,#3629,#3630,#3631,#3632,#3633,#3634
      ,#3635,#3636,#3637,#3638,#3639,#3640
)),.UNSPECIFIED.,.F.,.F.,.F.) B_SPLINE_SURFACE_WITH_KNOTS((3,3),(7,5,5,7
    ),(0.,146.49984574039),(-8.890959613726,5.471370022882E-02,
    146.55455944062,155.50023275457),.UNSPECIFIED.) 
GEOMETRIC_REPRESENTATION_ITEM() RATIONAL_B_SPLINE_SURFACE((
    (1.,1.,1.,1.,1.,1.,1.,1.,1.,1.,1.,1.,1.,1.,1.,1.,1.)
    ,(0.707222739782,0.707222739782,0.707222739782,0.707222739782
      ,0.707222739782,0.707222739782,0.707222739782,0.707222739782
      ,0.707222739782,0.707222739782,0.707222739782,0.707222739782
      ,0.707222739782,0.707222739782,0.707222739782,0.707222739782
      ,0.707222739782)
    ,(1.,1.,1.,1.,1.,1.,1.,1.,1.,1.,1.,1.,1.,1.,1.,1.,1.
))) REPRESENTATION_ITEM('') SURFACE() );
#3590 = CARTESIAN_POINT('',(14.312129743139,-56.08037427261,
    53.063448824057));
#3591 = CARTESIAN_POINT('',(15.022598584601,-57.39111781172,
    53.053248824057));
#3592 = CARTESIAN_POINT('',(15.733067426063,-58.70186135083,
    53.043048824057));
#3593 = CARTESIAN_POINT('',(16.443536267525,-60.01260488993,
    53.032848824057));
#3594 = CARTESIAN_POINT('',(17.154005108987,-61.32334842904,
    53.022648824057));
#3595 = CARTESIAN_POINT('',(17.864473950449,-62.63409196815,
    53.012448824057));
#3596 = CARTESIAN_POINT('',(30.210017316172,-85.41037751234,
    52.835207353381));
#3597 = CARTESIAN_POINT('',(41.845091840433,-106.8759195174,
    52.668165882705));
#3598 = CARTESIAN_POINT('',(53.480166364694,-128.3414615225,
    52.501124412029));
#3599 = CARTESIAN_POINT('',(65.115240888954,-149.8070035275,
    52.334082941352));
#3600 = CARTESIAN_POINT('',(76.750315413215,-171.2725455326,
    52.167041470676));
#3601 = CARTESIAN_POINT('',(89.095858778938,-194.0488310768,51.9898));
#3602 = CARTESIAN_POINT('',(89.8063276204,-195.3595746159,51.9796));
#3603 = CARTESIAN_POINT('',(90.516796461862,-196.670318155,51.9694));
#3604 = CARTESIAN_POINT('',(91.227265303324,-197.9810616941,51.9592));
#3605 = CARTESIAN_POINT('',(91.937734144786,-199.2918052332,51.949));
#3606 = CARTESIAN_POINT('',(92.648202986248,-200.6025487723,51.9388));
#3607 = CARTESIAN_POINT('',(7.281177542498,-59.89137586013,
    53.060825687376));
#3608 = CARTESIAN_POINT('',(7.99164638396,-61.20211939924,
    53.050625687376));
#3609 = CARTESIAN_POINT('',(8.702115225422,-62.51286293835,
    53.040425687376));
#3610 = CARTESIAN_POINT('',(9.412584066884,-63.82360647745,
    53.030225687376));
#3611 = CARTESIAN_POINT('',(10.123052908346,-65.13435001656,
    53.020025687376));
#3612 = CARTESIAN_POINT('',(10.833521749808,-66.44509355567,
    53.009825687376));
#3613 = CARTESIAN_POINT('',(23.179065115531,-89.22137909986,
    52.8325842167));
#3614 = CARTESIAN_POINT('',(34.814139639792,-110.6869211049,
    52.665542746023));
#3615 = CARTESIAN_POINT('',(46.449214164053,-132.15246311,
    52.498501275347));
#3616 = CARTESIAN_POINT('',(58.084288688313,-153.6180051151,
    52.331459804671));
#3617 = CARTESIAN_POINT('',(69.719363212574,-175.0835471201,
    52.164418333995));
#3618 = CARTESIAN_POINT('',(82.064906578297,-197.8598326643,
    51.987176863318));
#3619 = CARTESIAN_POINT('',(82.775375419759,-199.1705762034,
    51.976976863318));
#3620 = CARTESIAN_POINT('',(83.485844261221,-200.4813197425,
    51.966776863318));
#3621 = CARTESIAN_POINT('',(84.196313102683,-201.7920632817,
    51.956576863318));
#3622 = CARTESIAN_POINT('',(84.906781944145,-203.1028068208,
    51.946376863318));
#3623 = CARTESIAN_POINT('',(85.617250785608,-204.4135503599,
    51.936176863318));
#3624 = CARTESIAN_POINT('',(7.25510524284,-59.84327509015,
    45.063636469923));
#3625 = CARTESIAN_POINT('',(7.965574084302,-61.15401862925,
    45.053436469923));
#3626 = CARTESIAN_POINT('',(8.676042925764,-62.46476216836,
    45.043236469923));
#3627 = CARTESIAN_POINT('',(9.386511767227,-63.77550570747,
    45.033036469923));
#3628 = CARTESIAN_POINT('',(10.096980608689,-65.08624924657,
    45.022836469923));
#3629 = CARTESIAN_POINT('',(10.807449450151,-66.39699278568,
    45.012636469923));
#3630 = CARTESIAN_POINT('',(23.152992815874,-89.17327832987,
    44.835394999247));
#3631 = CARTESIAN_POINT('',(34.788067340134,-110.6388203349,
    44.66835352857));
#3632 = CARTESIAN_POINT('',(46.423141864395,-132.10436234,
    44.501312057894));
#3633 = CARTESIAN_POINT('',(58.058216388656,-153.5699043451,
    44.334270587218));
#3634 = CARTESIAN_POINT('',(69.693290912917,-175.0354463502,
    44.167229116542));
#3635 = CARTESIAN_POINT('',(82.03883427864,-197.8117318943,
    43.989987645865));
#3636 = CARTESIAN_POINT('',(82.749303120102,-199.1224754334,
    43.979787645865));
#3637 = CARTESIAN_POINT('',(83.459771961564,-200.4332189726,
    43.969587645865));
#3638 = CARTESIAN_POINT('',(84.170240803026,-201.7439625117,
    43.959387645865));
#3639 = CARTESIAN_POINT('',(84.880709644488,-203.0547060508,
    43.949187645865));
#3640 = CARTESIAN_POINT('',(85.59117848595,-204.3654495899,
    43.938987645865));
#3641 = ADVANCED_FACE('',(#3642),#3683,.T.);
#3642 = FACE_BOUND('',#3643,.T.);
#3643 = EDGE_LOOP('',(#3644,#3655,#3663,#3664,#3665,#3675));
#3644 = ORIENTED_EDGE('',*,*,#3645,.T.);
#3645 = EDGE_CURVE('',#3646,#3648,#3650,.T.);
#3646 = VERTEX_POINT('',#3647);
#3647 = CARTESIAN_POINT('',(-16.17736681748,-76.30395011303,43.));
#3648 = VERTEX_POINT('',#3649);
#3649 = CARTESIAN_POINT('',(16.177366817487,-76.30395011303,43.));
#3650 = CIRCLE('',#3651,78.);
#3651 = AXIS2_PLACEMENT_3D('',#3652,#3653,#3654);
#3652 = CARTESIAN_POINT('',(0.,0.,43.));
#3653 = DIRECTION('',(0.,0.,1.));
#3654 = DIRECTION('',(1.,0.,-0.));
#3655 = ORIENTED_EDGE('',*,*,#3656,.T.);
#3656 = EDGE_CURVE('',#3648,#3560,#3657,.T.);
#3657 = B_SPLINE_CURVE_WITH_KNOTS('',4,(#3658,#3659,#3660,#3661,#3662),
  .UNSPECIFIED.,.F.,.F.,(5,5),(0.,1.),.PIECEWISE_BEZIER_KNOTS.);
#3658 = CARTESIAN_POINT('',(16.177366817487,-76.30395011303,42.9999994)
  );
#3659 = CARTESIAN_POINT('',(16.177366817487,-76.30395011303,
    43.48388522167));
#3660 = CARTESIAN_POINT('',(16.177366817487,-76.30395011303,
    43.967771043339));
#3661 = CARTESIAN_POINT('',(16.177366817487,-76.30395011303,
    44.451656865009));
#3662 = CARTESIAN_POINT('',(16.177366817487,-76.30395011303,
    44.935542686678));
#3663 = ORIENTED_EDGE('',*,*,#3559,.T.);
#3664 = ORIENTED_EDGE('',*,*,#1984,.F.);
#3665 = ORIENTED_EDGE('',*,*,#3666,.T.);
#3666 = EDGE_CURVE('',#1922,#3667,#3669,.T.);
#3667 = VERTEX_POINT('',#3668);
#3668 = CARTESIAN_POINT('',(-16.17736681748,-76.30395011303,
    44.935542086678));
#3669 = B_SPLINE_CURVE_WITH_KNOTS('',4,(#3670,#3671,#3672,#3673,#3674),
  .UNSPECIFIED.,.F.,.F.,(5,5),(0.,1.),.PIECEWISE_BEZIER_KNOTS.);
#3670 = CARTESIAN_POINT('',(-16.17763174372,-76.30389394496,45.0000006)
  );
#3671 = CARTESIAN_POINT('',(-16.17749906445,-76.30392207506,
    44.983860055065));
#3672 = CARTESIAN_POINT('',(-16.17741082735,-76.3039407824,
    44.967736641404));
#3673 = CARTESIAN_POINT('',(-16.17736681748,-76.30395011303,
    44.95163057992));
#3674 = CARTESIAN_POINT('',(-16.17736681748,-76.30395011303,
    44.935542086678));
#3675 = ORIENTED_EDGE('',*,*,#3676,.T.);
#3676 = EDGE_CURVE('',#3667,#3646,#3677,.T.);
#3677 = B_SPLINE_CURVE_WITH_KNOTS('',4,(#3678,#3679,#3680,#3681,#3682),
  .UNSPECIFIED.,.F.,.F.,(5,5),(0.,1.),.PIECEWISE_BEZIER_KNOTS.);
#3678 = CARTESIAN_POINT('',(-16.17736681748,-76.30395011303,
    44.935542686678));
#3679 = CARTESIAN_POINT('',(-16.17736681748,-76.30395011303,
    44.451656865009));
#3680 = CARTESIAN_POINT('',(-16.17736681748,-76.30395011303,
    43.967771043339));
#3681 = CARTESIAN_POINT('',(-16.17736681748,-76.30395011303,
    43.48388522167));
#3682 = CARTESIAN_POINT('',(-16.17736681748,-76.30395011303,42.9999994)
  );
#3683 = CYLINDRICAL_SURFACE('',#3684,78.);
#3684 = AXIS2_PLACEMENT_3D('',#3685,#3686,#3687);
#3685 = CARTESIAN_POINT('',(0.,0.,35.));
#3686 = DIRECTION('',(0.,0.,1.));
#3687 = DIRECTION('',(1.,0.,-0.));
#3688 = ADVANCED_FACE('',(#3689),#3766,.T.);
#3689 = FACE_BOUND('',#3690,.T.);
#3690 = EDGE_LOOP('',(#3691,#3713,#3714,#3715,#3737));
#3691 = ORIENTED_EDGE('',*,*,#3692,.F.);
#3692 = EDGE_CURVE('',#3667,#3693,#3695,.T.);
#3693 = VERTEX_POINT('',#3694);
#3694 = CARTESIAN_POINT('',(-81.17172627809,-196.2120048647,
    44.002436469923));
#3695 = B_SPLINE_CURVE_WITH_KNOTS('',6,(#3696,#3697,#3698,#3699,#3700,
    #3701,#3702,#3703,#3704,#3705,#3706,#3707,#3708,#3709,#3710,#3711,
    #3712),.UNSPECIFIED.,.F.,.F.,(7,5,5,7),(-8.890959613726,
    5.471370022866E-02,146.55455944062,155.50023275457),.UNSPECIFIED.);
#3696 = CARTESIAN_POINT('',(-7.25510524284,-59.84327509015,
    45.063636469923));
#3697 = CARTESIAN_POINT('',(-7.965574084302,-61.15401862925,
    45.053436469923));
#3698 = CARTESIAN_POINT('',(-8.676042925765,-62.46476216836,
    45.043236469923));
#3699 = CARTESIAN_POINT('',(-9.386511767227,-63.77550570747,
    45.033036469923));
#3700 = CARTESIAN_POINT('',(-10.09698060868,-65.08624924657,
    45.022836469923));
#3701 = CARTESIAN_POINT('',(-10.80744945015,-66.39699278568,
    45.012636469923));
#3702 = CARTESIAN_POINT('',(-23.15299281587,-89.17327832987,
    44.835394999246));
#3703 = CARTESIAN_POINT('',(-34.78806734013,-110.6388203349,
    44.66835352857));
#3704 = CARTESIAN_POINT('',(-46.42314186439,-132.10436234,
    44.501312057894));
#3705 = CARTESIAN_POINT('',(-58.05821638865,-153.5699043451,
    44.334270587218));
#3706 = CARTESIAN_POINT('',(-69.69329091291,-175.0354463502,
    44.167229116542));
#3707 = CARTESIAN_POINT('',(-82.03883427864,-197.8117318943,
    43.989987645865));
#3708 = CARTESIAN_POINT('',(-82.7493031201,-199.1224754334,
    43.979787645865));
#3709 = CARTESIAN_POINT('',(-83.45977196156,-200.4332189726,
    43.969587645865));
#3710 = CARTESIAN_POINT('',(-84.17024080302,-201.7439625117,
    43.959387645865));
#3711 = CARTESIAN_POINT('',(-84.88070964448,-203.0547060508,
    43.949187645865));
#3712 = CARTESIAN_POINT('',(-85.59117848595,-204.3654495899,
    43.938987645865));
#3713 = ORIENTED_EDGE('',*,*,#3666,.F.);
#3714 = ORIENTED_EDGE('',*,*,#1921,.T.);
#3715 = ORIENTED_EDGE('',*,*,#3716,.T.);
#3716 = EDGE_CURVE('',#1883,#3717,#3719,.T.);
#3717 = VERTEX_POINT('',#3718);
#3718 = CARTESIAN_POINT('',(-88.38538993747,-192.7380875377,52.));
#3719 = B_SPLINE_CURVE_WITH_KNOTS('',6,(#3720,#3721,#3722,#3723,#3724,
    #3725,#3726,#3727,#3728,#3729,#3730,#3731,#3732,#3733,#3734,#3735,
    #3736),.UNSPECIFIED.,.F.,.F.,(7,5,5,7),(-8.890959613726,
    5.471370022866E-02,146.55455944062,155.50023275457),.UNSPECIFIED.);
#3720 = CARTESIAN_POINT('',(-14.31212974313,-56.08037427261,
    53.063448824057));
#3721 = CARTESIAN_POINT('',(-15.0225985846,-57.39111781172,
    53.053248824057));
#3722 = CARTESIAN_POINT('',(-15.73306742606,-58.70186135083,
    53.043048824057));
#3723 = CARTESIAN_POINT('',(-16.44353626752,-60.01260488993,
    53.032848824057));
#3724 = CARTESIAN_POINT('',(-17.15400510898,-61.32334842904,
    53.022648824057));
#3725 = CARTESIAN_POINT('',(-17.86447395044,-62.63409196815,
    53.012448824057));
#3726 = CARTESIAN_POINT('',(-30.21001731617,-85.41037751234,
    52.835207353381));
#3727 = CARTESIAN_POINT('',(-41.84509184043,-106.8759195174,
    52.668165882705));
#3728 = CARTESIAN_POINT('',(-53.48016636469,-128.3414615225,
    52.501124412029));
#3729 = CARTESIAN_POINT('',(-65.11524088895,-149.8070035275,
    52.334082941352));
#3730 = CARTESIAN_POINT('',(-76.75031541321,-171.2725455326,
    52.167041470676));
#3731 = CARTESIAN_POINT('',(-89.09585877893,-194.0488310768,51.9898));
#3732 = CARTESIAN_POINT('',(-89.8063276204,-195.3595746159,51.9796));
#3733 = CARTESIAN_POINT('',(-90.51679646186,-196.670318155,51.9694));
#3734 = CARTESIAN_POINT('',(-91.22726530332,-197.9810616941,51.9592));
#3735 = CARTESIAN_POINT('',(-91.93773414478,-199.2918052332,51.949));
#3736 = CARTESIAN_POINT('',(-92.64820298624,-200.6025487723,51.9388));
#3737 = ORIENTED_EDGE('',*,*,#3738,.F.);
#3738 = EDGE_CURVE('',#3693,#3717,#3739,.T.);
#3739 = B_SPLINE_CURVE_WITH_KNOTS('',7,(#3740,#3741,#3742,#3743,#3744,
    #3745,#3746,#3747,#3748,#3749,#3750,#3751,#3752,#3753,#3754,#3755,
    #3756,#3757,#3758,#3759,#3760,#3761,#3762,#3763,#3764,#3765),
  .UNSPECIFIED.,.F.,.F.,(8,6,6,6,8),(0.,0.246925498661,0.497996622871,
    0.749070781753,1.),.UNSPECIFIED.);
#3740 = CARTESIAN_POINT('',(-81.17172627809,-196.2120048647,
    44.002436469923));
#3741 = CARTESIAN_POINT('',(-81.17172627809,-196.2120048647,
    44.4017537518));
#3742 = CARTESIAN_POINT('',(-81.19270089738,-196.2019040204,
    44.810636700957));
#3743 = CARTESIAN_POINT('',(-81.23645690091,-196.1808322397,
    45.22705974607));
#3744 = CARTESIAN_POINT('',(-81.30462352602,-196.1480049232,
    45.648505062594));
#3745 = CARTESIAN_POINT('',(-81.39847187656,-196.1028099395,
    46.071957206984));
#3746 = CARTESIAN_POINT('',(-81.51876130782,-196.0448816025,
    46.49401015744));
#3747 = CARTESIAN_POINT('',(-81.81492978239,-195.9022543823,
    47.335165652794));
#3748 = CARTESIAN_POINT('',(-81.99170946697,-195.8171217731,
    47.754101081614));
#3749 = CARTESIAN_POINT('',(-82.19608226,-195.7187010232,48.164131040097
    ));
#3750 = CARTESIAN_POINT('',(-82.42751281609,-195.6072499413,
    48.561312946463));
#3751 = CARTESIAN_POINT('',(-82.68469029657,-195.4833997942,
    48.941751868044));
#3752 = CARTESIAN_POINT('',(-82.96556506899,-195.3481376327,
    49.301938471006));
#3753 = CARTESIAN_POINT('',(-83.56952349851,-195.0572865823,
    49.975981163217));
#3754 = CARTESIAN_POINT('',(-83.89260885446,-194.9016968751,
    50.289838016802));
#3755 = CARTESIAN_POINT('',(-84.23420349976,-194.737193564,
    50.577613543186));
#3756 = CARTESIAN_POINT('',(-84.59116753079,-194.5652887469,
    50.836987465342));
#3757 = CARTESIAN_POINT('',(-84.96000054724,-194.3876681276,
    51.066452893017));
#3758 = CARTESIAN_POINT('',(-85.33714632081,-194.2060442954,
    51.265363987356));
#3759 = CARTESIAN_POINT('',(-86.10103621403,-193.8381743113,
    51.60217501519));
#3760 = CARTESIAN_POINT('',(-86.48777586964,-193.6519303091,
    51.740110753151));
#3761 = CARTESIAN_POINT('',(-86.87602471836,-193.4649595177,
    51.847723160503));
#3762 = CARTESIAN_POINT('',(-87.26254092966,-193.2788231206,
    51.92585567216));
#3763 = CARTESIAN_POINT('',(-87.64445551167,-193.0949027514,
    51.97598727739));
#3764 = CARTESIAN_POINT('',(-88.01937755743,-192.9143498101,52.));
#3765 = CARTESIAN_POINT('',(-88.38538993747,-192.7380875377,52.));
#3766 = ( BOUNDED_SURFACE() B_SPLINE_SURFACE(2,6,(
    (#3767,#3768,#3769,#3770,#3771,#3772,#3773,#3774,#3775,#3776,#3777
      ,#3778,#3779,#3780,#3781,#3782,#3783)
    ,(#3784,#3785,#3786,#3787,#3788,#3789,#3790,#3791,#3792,#3793,#3794
      ,#3795,#3796,#3797,#3798,#3799,#3800)
    ,(#3801,#3802,#3803,#3804,#3805,#3806,#3807,#3808,#3809,#3810,#3811
      ,#3812,#3813,#3814,#3815,#3816,#3817
)),.UNSPECIFIED.,.F.,.F.,.F.) B_SPLINE_SURFACE_WITH_KNOTS((3,3),(7,5,5,7
    ),(0.,146.49984574039),(-8.890959613726,5.471370022866E-02,
    146.55455944062,155.50023275457),.UNSPECIFIED.) 
GEOMETRIC_REPRESENTATION_ITEM() RATIONAL_B_SPLINE_SURFACE((
    (1.,1.,1.,1.,1.,1.,1.,1.,1.,1.,1.,1.,1.,1.,1.,1.,1.)
    ,(0.707222739782,0.707222739782,0.707222739782,0.707222739782
      ,0.707222739782,0.707222739782,0.707222739782,0.707222739782
      ,0.707222739782,0.707222739782,0.707222739782,0.707222739782
      ,0.707222739782,0.707222739782,0.707222739782,0.707222739782
      ,0.707222739782)
    ,(1.,1.,1.,1.,1.,1.,1.,1.,1.,1.,1.,1.,1.,1.,1.,1.,1.
))) REPRESENTATION_ITEM('') SURFACE() );
#3767 = CARTESIAN_POINT('',(-7.25510524284,-59.84327509015,
    45.063636469923));
#3768 = CARTESIAN_POINT('',(-7.965574084302,-61.15401862925,
    45.053436469923));
#3769 = CARTESIAN_POINT('',(-8.676042925765,-62.46476216836,
    45.043236469923));
#3770 = CARTESIAN_POINT('',(-9.386511767227,-63.77550570747,
    45.033036469923));
#3771 = CARTESIAN_POINT('',(-10.09698060868,-65.08624924657,
    45.022836469923));
#3772 = CARTESIAN_POINT('',(-10.80744945015,-66.39699278568,
    45.012636469923));
#3773 = CARTESIAN_POINT('',(-23.15299281587,-89.17327832987,
    44.835394999246));
#3774 = CARTESIAN_POINT('',(-34.78806734013,-110.6388203349,
    44.66835352857));
#3775 = CARTESIAN_POINT('',(-46.42314186439,-132.10436234,
    44.501312057894));
#3776 = CARTESIAN_POINT('',(-58.05821638865,-153.5699043451,
    44.334270587218));
#3777 = CARTESIAN_POINT('',(-69.69329091291,-175.0354463502,
    44.167229116542));
#3778 = CARTESIAN_POINT('',(-82.03883427864,-197.8117318943,
    43.989987645865));
#3779 = CARTESIAN_POINT('',(-82.7493031201,-199.1224754334,
    43.979787645865));
#3780 = CARTESIAN_POINT('',(-83.45977196156,-200.4332189726,
    43.969587645865));
#3781 = CARTESIAN_POINT('',(-84.17024080302,-201.7439625117,
    43.959387645865));
#3782 = CARTESIAN_POINT('',(-84.88070964448,-203.0547060508,
    43.949187645865));
#3783 = CARTESIAN_POINT('',(-85.59117848595,-204.3654495899,
    43.938987645865));
#3784 = CARTESIAN_POINT('',(-7.281177542498,-59.89137586013,
    53.060825687376));
#3785 = CARTESIAN_POINT('',(-7.99164638396,-61.20211939924,
    53.050625687376));
#3786 = CARTESIAN_POINT('',(-8.702115225422,-62.51286293835,
    53.040425687376));
#3787 = CARTESIAN_POINT('',(-9.412584066884,-63.82360647745,
    53.030225687376));
#3788 = CARTESIAN_POINT('',(-10.12305290834,-65.13435001656,
    53.020025687376));
#3789 = CARTESIAN_POINT('',(-10.8335217498,-66.44509355567,
    53.009825687376));
#3790 = CARTESIAN_POINT('',(-23.17906511553,-89.22137909986,
    52.8325842167));
#3791 = CARTESIAN_POINT('',(-34.81413963979,-110.6869211049,
    52.665542746023));
#3792 = CARTESIAN_POINT('',(-46.44921416405,-132.15246311,
    52.498501275347));
#3793 = CARTESIAN_POINT('',(-58.08428868831,-153.6180051151,
    52.331459804671));
#3794 = CARTESIAN_POINT('',(-69.71936321257,-175.0835471201,
    52.164418333995));
#3795 = CARTESIAN_POINT('',(-82.06490657829,-197.8598326643,
    51.987176863318));
#3796 = CARTESIAN_POINT('',(-82.77537541975,-199.1705762034,
    51.976976863318));
#3797 = CARTESIAN_POINT('',(-83.48584426122,-200.4813197425,
    51.966776863318));
#3798 = CARTESIAN_POINT('',(-84.19631310268,-201.7920632817,
    51.956576863318));
#3799 = CARTESIAN_POINT('',(-84.90678194414,-203.1028068208,
    51.946376863318));
#3800 = CARTESIAN_POINT('',(-85.6172507856,-204.4135503599,
    51.936176863318));
#3801 = CARTESIAN_POINT('',(-14.31212974313,-56.08037427261,
    53.063448824057));
#3802 = CARTESIAN_POINT('',(-15.0225985846,-57.39111781172,
    53.053248824057));
#3803 = CARTESIAN_POINT('',(-15.73306742606,-58.70186135083,
    53.043048824057));
#3804 = CARTESIAN_POINT('',(-16.44353626752,-60.01260488993,
    53.032848824057));
#3805 = CARTESIAN_POINT('',(-17.15400510898,-61.32334842904,
    53.022648824057));
#3806 = CARTESIAN_POINT('',(-17.86447395044,-62.63409196815,
    53.012448824057));
#3807 = CARTESIAN_POINT('',(-30.21001731617,-85.41037751234,
    52.835207353381));
#3808 = CARTESIAN_POINT('',(-41.84509184043,-106.8759195174,
    52.668165882705));
#3809 = CARTESIAN_POINT('',(-53.48016636469,-128.3414615225,
    52.501124412029));
#3810 = CARTESIAN_POINT('',(-65.11524088895,-149.8070035275,
    52.334082941352));
#3811 = CARTESIAN_POINT('',(-76.75031541321,-171.2725455326,
    52.167041470676));
#3812 = CARTESIAN_POINT('',(-89.09585877893,-194.0488310768,51.9898));
#3813 = CARTESIAN_POINT('',(-89.8063276204,-195.3595746159,51.9796));
#3814 = CARTESIAN_POINT('',(-90.51679646186,-196.670318155,51.9694));
#3815 = CARTESIAN_POINT('',(-91.22726530332,-197.9810616941,51.9592));
#3816 = CARTESIAN_POINT('',(-91.93773414478,-199.2918052332,51.949));
#3817 = CARTESIAN_POINT('',(-92.64820298624,-200.6025487723,51.9388));
#3818 = ADVANCED_FACE('',(#3819),#3851,.T.);
#3819 = FACE_BOUND('',#3820,.T.);
#3820 = EDGE_LOOP('',(#3821,#3822,#3823,#3845));
#3821 = ORIENTED_EDGE('',*,*,#3716,.F.);
#3822 = ORIENTED_EDGE('',*,*,#1882,.T.);
#3823 = ORIENTED_EDGE('',*,*,#3824,.T.);
#3824 = EDGE_CURVE('',#1799,#3825,#3827,.T.);
#3825 = VERTEX_POINT('',#3826);
#3826 = CARTESIAN_POINT('',(-95.58131544836,-189.2727124528,52.));
#3827 = B_SPLINE_CURVE_WITH_KNOTS('',6,(#3828,#3829,#3830,#3831,#3832,
    #3833,#3834,#3835,#3836,#3837,#3838,#3839,#3840,#3841,#3842,#3843,
    #3844),.UNSPECIFIED.,.F.,.F.,(7,5,5,7),(-8.890959613726,
    5.471370022853E-02,146.55455944062,155.50023275457),.UNSPECIFIED.);
#3828 = CARTESIAN_POINT('',(-34.92193521719,-46.15521505774,
    53.063448824057));
#3829 = CARTESIAN_POINT('',(-35.50374570432,-47.5279171948,
    53.053248824057));
#3830 = CARTESIAN_POINT('',(-36.08555619144,-48.90061933185,
    53.043048824057));
#3831 = CARTESIAN_POINT('',(-36.66736667857,-50.2733214689,
    53.032848824057));
#3832 = CARTESIAN_POINT('',(-37.24917716569,-51.64602360596,
    53.022648824057));
#3833 = CARTESIAN_POINT('',(-37.83098765282,-53.01872574301,
    53.012448824057));
#3834 = CARTESIAN_POINT('',(-47.94088435801,-76.87164197553,
    52.835207353381));
#3835 = CARTESIAN_POINT('',(-57.46897057608,-99.351856071,
    52.668165882705));
#3836 = CARTESIAN_POINT('',(-66.99705679415,-121.8320701664,
    52.501124412029));
#3837 = CARTESIAN_POINT('',(-76.52514301222,-144.3122842619,
    52.334082941353));
#3838 = CARTESIAN_POINT('',(-86.05322923029,-166.7924983574,
    52.167041470676));
#3839 = CARTESIAN_POINT('',(-96.16312593549,-190.6454145899,51.9898));
#3840 = CARTESIAN_POINT('',(-96.74493642262,-192.0181167269,51.9796));
#3841 = CARTESIAN_POINT('',(-97.32674690974,-193.390818864,51.9694));
#3842 = CARTESIAN_POINT('',(-97.90855739687,-194.763521001,51.9592));
#3843 = CARTESIAN_POINT('',(-98.49036788399,-196.1362231381,51.949));
#3844 = CARTESIAN_POINT('',(-99.07217837112,-197.5089252751,51.9388));
#3845 = ORIENTED_EDGE('',*,*,#3846,.F.);
#3846 = EDGE_CURVE('',#3717,#3825,#3847,.T.);
#3847 = LINE('',#3848,#3849);
#3848 = CARTESIAN_POINT('',(-81.17172627809,-196.2120048647,52.));
#3849 = VECTOR('',#3850,1.);
#3850 = DIRECTION('',(-0.900968867902,0.433883739118,0.));
#3851 = B_SPLINE_SURFACE_WITH_KNOTS('',1,1,(
    (#3852,#3853)
    ,(#3854,#3855
    )),.UNSPECIFIED.,.F.,.F.,.F.,(2,2),(2,2),(0.,38.),(0.,1.),
  .PIECEWISE_BEZIER_KNOTS.);
#3852 = CARTESIAN_POINT('',(-11.51791829161,-67.70773632479,53.));
#3853 = CARTESIAN_POINT('',(-81.17172627809,-196.2120048647,52.));
#3854 = CARTESIAN_POINT('',(-45.7547352719,-51.22015423832,53.));
#3855 = CARTESIAN_POINT('',(-102.7949791077,-185.7987951259,52.));
#3856 = ADVANCED_FACE('',(#3857),#3922,.T.);
#3857 = FACE_BOUND('',#3858,.T.);
#3858 = EDGE_LOOP('',(#3859,#3860,#3861,#3871,#3893));
#3859 = ORIENTED_EDGE('',*,*,#3824,.F.);
#3860 = ORIENTED_EDGE('',*,*,#1798,.T.);
#3861 = ORIENTED_EDGE('',*,*,#3862,.F.);
#3862 = EDGE_CURVE('',#3863,#1790,#3865,.T.);
#3863 = VERTEX_POINT('',#3864);
#3864 = CARTESIAN_POINT('',(-49.57040720341,-60.22270941836,
    44.935542086678));
#3865 = B_SPLINE_CURVE_WITH_KNOTS('',4,(#3866,#3867,#3868,#3869,#3870),
  .UNSPECIFIED.,.F.,.F.,(5,5),(0.,1.),.PIECEWISE_BEZIER_KNOTS.);
#3866 = CARTESIAN_POINT('',(-49.57040720341,-60.22270941836,
    44.935542086678));
#3867 = CARTESIAN_POINT('',(-49.57040720341,-60.22270941836,
    44.951630579922));
#3868 = CARTESIAN_POINT('',(-49.57037246872,-60.22273800911,
    44.967736641404));
#3869 = CARTESIAN_POINT('',(-49.57030282781,-60.22279533181,
    44.983860055065));
#3870 = CARTESIAN_POINT('',(-49.57019811063,-60.22288152581,45.0000006)
  );
#3871 = ORIENTED_EDGE('',*,*,#3872,.T.);
#3872 = EDGE_CURVE('',#3863,#3873,#3875,.T.);
#3873 = VERTEX_POINT('',#3874);
#3874 = CARTESIAN_POINT('',(-102.7949791077,-185.7987951259,
    44.002436469923));
#3875 = B_SPLINE_CURVE_WITH_KNOTS('',6,(#3876,#3877,#3878,#3879,#3880,
    #3881,#3882,#3883,#3884,#3885,#3886,#3887,#3888,#3889,#3890,#3891,
    #3892),.UNSPECIFIED.,.F.,.F.,(7,5,5,7),(-8.890959613726,
    5.471370022853E-02,146.55455944062,155.50023275457),.UNSPECIFIED.);
#3876 = CARTESIAN_POINT('',(-42.26387234915,-42.983941416,
    45.063636469923));
#3877 = CARTESIAN_POINT('',(-42.84568283627,-44.35664355306,
    45.053436469923));
#3878 = CARTESIAN_POINT('',(-43.4274933234,-45.72934569011,
    45.043236469923));
#3879 = CARTESIAN_POINT('',(-44.00930381052,-47.10204782716,
    45.033036469923));
#3880 = CARTESIAN_POINT('',(-44.59111429765,-48.47474996421,
    45.022836469923));
#3881 = CARTESIAN_POINT('',(-45.17292478477,-49.84745210127,
    45.012636469923));
#3882 = CARTESIAN_POINT('',(-55.28282148997,-73.70036833379,
    44.835394999247));
#3883 = CARTESIAN_POINT('',(-64.81090770804,-96.18058242926,
    44.66835352857));
#3884 = CARTESIAN_POINT('',(-74.33899392611,-118.6607965247,
    44.501312057894));
#3885 = CARTESIAN_POINT('',(-83.86708014418,-141.1410106201,
    44.334270587218));
#3886 = CARTESIAN_POINT('',(-93.39516636225,-163.6212247156,
    44.167229116542));
#3887 = CARTESIAN_POINT('',(-103.5050630674,-187.4741409481,
    43.989987645865));
#3888 = CARTESIAN_POINT('',(-104.0868735545,-188.8468430852,
    43.979787645865));
#3889 = CARTESIAN_POINT('',(-104.6686840417,-190.2195452222,
    43.969587645865));
#3890 = CARTESIAN_POINT('',(-105.2504945288,-191.5922473593,
    43.959387645865));
#3891 = CARTESIAN_POINT('',(-105.8323050159,-192.9649494963,
    43.949187645865));
#3892 = CARTESIAN_POINT('',(-106.414115503,-194.3376516334,
    43.938987645865));
#3893 = ORIENTED_EDGE('',*,*,#3894,.F.);
#3894 = EDGE_CURVE('',#3825,#3873,#3895,.T.);
#3895 = B_SPLINE_CURVE_WITH_KNOTS('',7,(#3896,#3897,#3898,#3899,#3900,
    #3901,#3902,#3903,#3904,#3905,#3906,#3907,#3908,#3909,#3910,#3911,
    #3912,#3913,#3914,#3915,#3916,#3917,#3918,#3919,#3920,#3921),
  .UNSPECIFIED.,.F.,.F.,(8,6,6,6,8),(0.,0.250659812333,0.502734281993,
    0.752805095436,1.),.UNSPECIFIED.);
#3896 = CARTESIAN_POINT('',(-95.58131544836,-189.2727124528,52.));
#3897 = CARTESIAN_POINT('',(-95.94693486526,-189.0966394215,52.));
#3898 = CARTESIAN_POINT('',(-96.32144483999,-188.9162849232,
    51.976038011652));
#3899 = CARTESIAN_POINT('',(-96.70293431755,-188.7325692735,
    51.926019067708));
#3900 = CARTESIAN_POINT('',(-97.08902082947,-188.5466398086,
    51.848056495126));
#3901 = CARTESIAN_POINT('',(-97.4768453207,-188.3598733771,
    51.74068889901));
#3902 = CARTESIAN_POINT('',(-97.8631778343,-188.1738254441,
    51.603063049213));
#3903 = CARTESIAN_POINT('',(-98.62824311157,-187.8053894249,
    51.266154253432));
#3904 = CARTESIAN_POINT('',(-99.00692192836,-187.623027318,
    51.066526241589));
#3905 = CARTESIAN_POINT('',(-99.37722701715,-187.4446977861,
    50.836096864403));
#3906 = CARTESIAN_POINT('',(-99.73555883741,-187.2721342763,
    50.575519085527));
#3907 = CARTESIAN_POINT('',(-100.0783745316,-187.107042939,
    50.286321215321));
#3908 = CARTESIAN_POINT('',(-100.4024991244,-186.9509527618,
    49.970857879004));
#3909 = CARTESIAN_POINT('',(-101.0057196755,-186.6604570549,
    49.296006626459));
#3910 = CARTESIAN_POINT('',(-101.2851542525,-186.525888455,
    48.936986470092));
#3911 = CARTESIAN_POINT('',(-101.5410591202,-186.4026511658,
    48.557912494968));
#3912 = CARTESIAN_POINT('',(-101.7714148101,-186.2917177123,
    48.162254955404));
#3913 = CARTESIAN_POINT('',(-101.9749290075,-186.1937104403,
    47.753861876555));
#3914 = CARTESIAN_POINT('',(-102.1510721825,-186.1088843579,
    47.336628229906));
#3915 = CARTESIAN_POINT('',(-102.4471561604,-185.9662978291,
    46.496773014873));
#3916 = CARTESIAN_POINT('',(-102.5677212299,-185.9082367517,
    46.074267266171));
#3917 = CARTESIAN_POINT('',(-102.661784194,-185.8629384156,
    45.650344369479));
#3918 = CARTESIAN_POINT('',(-102.7301051888,-185.8300367586,
    45.22842278786));
#3919 = CARTESIAN_POINT('',(-102.7739586921,-185.8089180245,
    44.811528934993));
#3920 = CARTESIAN_POINT('',(-102.7949791077,-185.7987951259,
    44.402189425964));
#3921 = CARTESIAN_POINT('',(-102.7949791077,-185.7987951259,
    44.002436469923));
#3922 = ( BOUNDED_SURFACE() B_SPLINE_SURFACE(2,6,(
    (#3923,#3924,#3925,#3926,#3927,#3928,#3929,#3930,#3931,#3932,#3933
      ,#3934,#3935,#3936,#3937,#3938,#3939)
    ,(#3940,#3941,#3942,#3943,#3944,#3945,#3946,#3947,#3948,#3949,#3950
      ,#3951,#3952,#3953,#3954,#3955,#3956)
    ,(#3957,#3958,#3959,#3960,#3961,#3962,#3963,#3964,#3965,#3966,#3967
      ,#3968,#3969,#3970,#3971,#3972,#3973
)),.UNSPECIFIED.,.F.,.F.,.F.) B_SPLINE_SURFACE_WITH_KNOTS((3,3),(7,5,5,7
    ),(0.,146.49984574039),(-8.890959613726,5.471370022853E-02,
    146.55455944062,155.50023275457),.UNSPECIFIED.) 
GEOMETRIC_REPRESENTATION_ITEM() RATIONAL_B_SPLINE_SURFACE((
    (1.,1.,1.,1.,1.,1.,1.,1.,1.,1.,1.,1.,1.,1.,1.,1.,1.)
    ,(0.707222739782,0.707222739782,0.707222739782,0.707222739782
      ,0.707222739782,0.707222739782,0.707222739782,0.707222739782
      ,0.707222739782,0.707222739782,0.707222739782,0.707222739782
      ,0.707222739782,0.707222739782,0.707222739782,0.707222739782
      ,0.707222739782)
    ,(1.,1.,1.,1.,1.,1.,1.,1.,1.,1.,1.,1.,1.,1.,1.,1.,1.
))) REPRESENTATION_ITEM('') SURFACE() );
#3923 = CARTESIAN_POINT('',(-34.92193521719,-46.15521505774,
    53.063448824057));
#3924 = CARTESIAN_POINT('',(-35.50374570432,-47.5279171948,
    53.053248824057));
#3925 = CARTESIAN_POINT('',(-36.08555619144,-48.90061933185,
    53.043048824057));
#3926 = CARTESIAN_POINT('',(-36.66736667857,-50.2733214689,
    53.032848824057));
#3927 = CARTESIAN_POINT('',(-37.24917716569,-51.64602360596,
    53.022648824057));
#3928 = CARTESIAN_POINT('',(-37.83098765282,-53.01872574301,
    53.012448824057));
#3929 = CARTESIAN_POINT('',(-47.94088435801,-76.87164197553,
    52.835207353381));
#3930 = CARTESIAN_POINT('',(-57.46897057608,-99.351856071,
    52.668165882705));
#3931 = CARTESIAN_POINT('',(-66.99705679415,-121.8320701664,
    52.501124412029));
#3932 = CARTESIAN_POINT('',(-76.52514301222,-144.3122842619,
    52.334082941353));
#3933 = CARTESIAN_POINT('',(-86.05322923029,-166.7924983574,
    52.167041470676));
#3934 = CARTESIAN_POINT('',(-96.16312593549,-190.6454145899,51.9898));
#3935 = CARTESIAN_POINT('',(-96.74493642262,-192.0181167269,51.9796));
#3936 = CARTESIAN_POINT('',(-97.32674690974,-193.390818864,51.9694));
#3937 = CARTESIAN_POINT('',(-97.90855739687,-194.763521001,51.9592));
#3938 = CARTESIAN_POINT('',(-98.49036788399,-196.1362231381,51.949));
#3939 = CARTESIAN_POINT('',(-99.07217837112,-197.5089252751,51.9388));
#3940 = CARTESIAN_POINT('',(-42.28522323251,-43.03431590024,
    53.060825687376));
#3941 = CARTESIAN_POINT('',(-42.86703371963,-44.4070180373,
    53.050625687376));
#3942 = CARTESIAN_POINT('',(-43.44884420676,-45.77972017435,
    53.040425687376));
#3943 = CARTESIAN_POINT('',(-44.03065469388,-47.1524223114,
    53.030225687376));
#3944 = CARTESIAN_POINT('',(-44.61246518101,-48.52512444846,
    53.020025687376));
#3945 = CARTESIAN_POINT('',(-45.19427566813,-49.89782658551,
    53.009825687376));
#3946 = CARTESIAN_POINT('',(-55.30417237333,-73.75074281803,
    52.832584216699));
#3947 = CARTESIAN_POINT('',(-64.8322585914,-96.2309569135,
    52.665542746023));
#3948 = CARTESIAN_POINT('',(-74.36034480947,-118.7111710089,
    52.498501275347));
#3949 = CARTESIAN_POINT('',(-83.88843102754,-141.1913851044,
    52.331459804671));
#3950 = CARTESIAN_POINT('',(-93.41651724561,-163.6715991999,
    52.164418333995));
#3951 = CARTESIAN_POINT('',(-103.5264139508,-187.5245154324,
    51.987176863318));
#3952 = CARTESIAN_POINT('',(-104.1082244379,-188.8972175694,
    51.976976863318));
#3953 = CARTESIAN_POINT('',(-104.690034925,-190.2699197065,
    51.966776863318));
#3954 = CARTESIAN_POINT('',(-105.2718454121,-191.6426218435,
    51.956576863318));
#3955 = CARTESIAN_POINT('',(-105.8536558993,-193.0153239806,
    51.946376863318));
#3956 = CARTESIAN_POINT('',(-106.4354663864,-194.3880261176,
    51.936176863318));
#3957 = CARTESIAN_POINT('',(-42.26387234915,-42.983941416,
    45.063636469923));
#3958 = CARTESIAN_POINT('',(-42.84568283627,-44.35664355306,
    45.053436469923));
#3959 = CARTESIAN_POINT('',(-43.4274933234,-45.72934569011,
    45.043236469923));
#3960 = CARTESIAN_POINT('',(-44.00930381052,-47.10204782716,
    45.033036469923));
#3961 = CARTESIAN_POINT('',(-44.59111429765,-48.47474996421,
    45.022836469923));
#3962 = CARTESIAN_POINT('',(-45.17292478477,-49.84745210127,
    45.012636469923));
#3963 = CARTESIAN_POINT('',(-55.28282148997,-73.70036833379,
    44.835394999247));
#3964 = CARTESIAN_POINT('',(-64.81090770804,-96.18058242926,
    44.66835352857));
#3965 = CARTESIAN_POINT('',(-74.33899392611,-118.6607965247,
    44.501312057894));
#3966 = CARTESIAN_POINT('',(-83.86708014418,-141.1410106201,
    44.334270587218));
#3967 = CARTESIAN_POINT('',(-93.39516636225,-163.6212247156,
    44.167229116542));
#3968 = CARTESIAN_POINT('',(-103.5050630674,-187.4741409481,
    43.989987645865));
#3969 = CARTESIAN_POINT('',(-104.0868735545,-188.8468430852,
    43.979787645865));
#3970 = CARTESIAN_POINT('',(-104.6686840417,-190.2195452222,
    43.969587645865));
#3971 = CARTESIAN_POINT('',(-105.2504945288,-191.5922473593,
    43.959387645865));
#3972 = CARTESIAN_POINT('',(-105.8323050159,-192.9649494963,
    43.949187645865));
#3973 = CARTESIAN_POINT('',(-106.414115503,-194.3376516334,
    43.938987645865));
#3974 = ADVANCED_FACE('',(#3975),#4016,.T.);
#3975 = FACE_BOUND('',#3976,.T.);
#3976 = EDGE_LOOP('',(#3977,#3988,#3996,#3997,#3998,#4008));
#3977 = ORIENTED_EDGE('',*,*,#3978,.T.);
#3978 = EDGE_CURVE('',#3979,#3981,#3983,.T.);
#3979 = VERTEX_POINT('',#3980);
#3980 = CARTESIAN_POINT('',(-69.74325366667,-34.92676005567,43.));
#3981 = VERTEX_POINT('',#3982);
#3982 = CARTESIAN_POINT('',(-49.5704072034,-60.22270941836,43.));
#3983 = CIRCLE('',#3984,78.);
#3984 = AXIS2_PLACEMENT_3D('',#3985,#3986,#3987);
#3985 = CARTESIAN_POINT('',(0.,0.,43.));
#3986 = DIRECTION('',(0.,0.,1.));
#3987 = DIRECTION('',(1.,0.,-0.));
#3988 = ORIENTED_EDGE('',*,*,#3989,.T.);
#3989 = EDGE_CURVE('',#3981,#3863,#3990,.T.);
#3990 = B_SPLINE_CURVE_WITH_KNOTS('',4,(#3991,#3992,#3993,#3994,#3995),
  .UNSPECIFIED.,.F.,.F.,(5,5),(0.,1.),.PIECEWISE_BEZIER_KNOTS.);
#3991 = CARTESIAN_POINT('',(-49.5704072034,-60.22270941836,42.9999994));
#3992 = CARTESIAN_POINT('',(-49.5704072034,-60.22270941836,
    43.48388522167));
#3993 = CARTESIAN_POINT('',(-49.5704072034,-60.22270941835,
    43.967771043339));
#3994 = CARTESIAN_POINT('',(-49.5704072034,-60.22270941836,
    44.451656865009));
#3995 = CARTESIAN_POINT('',(-49.5704072034,-60.22270941836,
    44.935542686678));
#3996 = ORIENTED_EDGE('',*,*,#3862,.T.);
#3997 = ORIENTED_EDGE('',*,*,#1789,.F.);
#3998 = ORIENTED_EDGE('',*,*,#3999,.T.);
#3999 = EDGE_CURVE('',#1727,#4000,#4002,.T.);
#4000 = VERTEX_POINT('',#4001);
#4001 = CARTESIAN_POINT('',(-69.74325366667,-34.92676005567,
    44.935542086678));
#4002 = B_SPLINE_CURVE_WITH_KNOTS('',4,(#4003,#4004,#4005,#4006,#4007),
  .UNSPECIFIED.,.F.,.F.,(5,5),(0.,1.),.PIECEWISE_BEZIER_KNOTS.);
#4003 = CARTESIAN_POINT('',(-69.74337493151,-34.92651790777,45.0000006)
  );
#4004 = CARTESIAN_POINT('',(-69.74331420034,-34.92663917944,
    44.983860055065));
#4005 = CARTESIAN_POINT('',(-69.74327381139,-34.92671982981,
    44.967736641404));
#4006 = CARTESIAN_POINT('',(-69.74325366667,-34.92676005567,
    44.95163057992));
#4007 = CARTESIAN_POINT('',(-69.74325366667,-34.92676005567,
    44.935542086678));
#4008 = ORIENTED_EDGE('',*,*,#4009,.T.);
#4009 = EDGE_CURVE('',#4000,#3979,#4010,.T.);
#4010 = B_SPLINE_CURVE_WITH_KNOTS('',4,(#4011,#4012,#4013,#4014,#4015),
  .UNSPECIFIED.,.F.,.F.,(5,5),(0.,1.),.PIECEWISE_BEZIER_KNOTS.);
#4011 = CARTESIAN_POINT('',(-69.74325366667,-34.92676005567,
    44.935542686678));
#4012 = CARTESIAN_POINT('',(-69.74325366667,-34.92676005567,
    44.451656865009));
#4013 = CARTESIAN_POINT('',(-69.74325366667,-34.92676005567,
    43.967771043339));
#4014 = CARTESIAN_POINT('',(-69.74325366667,-34.92676005567,
    43.48388522167));
#4015 = CARTESIAN_POINT('',(-69.74325366667,-34.92676005567,42.9999994)
  );
#4016 = CYLINDRICAL_SURFACE('',#4017,78.);
#4017 = AXIS2_PLACEMENT_3D('',#4018,#4019,#4020);
#4018 = CARTESIAN_POINT('',(0.,0.,35.));
#4019 = DIRECTION('',(0.,0.,1.));
#4020 = DIRECTION('',(1.,0.,-0.));
#4021 = ADVANCED_FACE('',(#4022),#4099,.T.);
#4022 = FACE_BOUND('',#4023,.T.);
#4023 = EDGE_LOOP('',(#4024,#4046,#4047,#4048,#4070));
#4024 = ORIENTED_EDGE('',*,*,#4025,.F.);
#4025 = EDGE_CURVE('',#4000,#4026,#4028,.T.);
#4026 = VERTEX_POINT('',#4027);
#4027 = CARTESIAN_POINT('',(-204.014466175,-58.87357294492,
    44.002436469923));
#4028 = B_SPLINE_CURVE_WITH_KNOTS('',6,(#4029,#4030,#4031,#4032,#4033,
    #4034,#4035,#4036,#4037,#4038,#4039,#4040,#4041,#4042,#4043,#4044,
    #4045),.UNSPECIFIED.,.F.,.F.,(7,5,5,7),(-8.890959613726,
    5.471370022866E-02,146.55455944062,155.50023275457),.UNSPECIFIED.);
#4029 = CARTESIAN_POINT('',(-51.31084060979,-31.63940204106,
    45.063636469923));
#4030 = CARTESIAN_POINT('',(-52.7785912513,-31.90117036298,
    45.053436469923));
#4031 = CARTESIAN_POINT('',(-54.2463418928,-32.1629386849,
    45.043236469923));
#4032 = CARTESIAN_POINT('',(-55.71409253431,-32.42470700681,
    45.033036469923));
#4033 = CARTESIAN_POINT('',(-57.18184317581,-32.68647532873,
    45.022836469923));
#4034 = CARTESIAN_POINT('',(-58.64959381732,-32.94824365065,
    45.012636469923));
#4035 = CARTESIAN_POINT('',(-84.15413129638,-37.49689094018,
    44.835394999247));
#4036 = CARTESIAN_POINT('',(-108.1909181339,-41.78376990779,
    44.66835352857));
#4037 = CARTESIAN_POINT('',(-132.2277049714,-46.0706488754,
    44.501312057894));
#4038 = CARTESIAN_POINT('',(-156.264491809,-50.35752784301,
    44.334270587218));
#4039 = CARTESIAN_POINT('',(-180.3012786466,-54.64440681062,
    44.167229116542));
#4040 = CARTESIAN_POINT('',(-205.8058161256,-59.19305410015,
    43.989987645865));
#4041 = CARTESIAN_POINT('',(-207.2735667671,-59.45482242206,
    43.979787645865));
#4042 = CARTESIAN_POINT('',(-208.7413174086,-59.71659074398,
    43.969587645865));
#4043 = CARTESIAN_POINT('',(-210.2090680501,-59.9783590659,
    43.959387645865));
#4044 = CARTESIAN_POINT('',(-211.6768186916,-60.24012738782,
    43.949187645865));
#4045 = CARTESIAN_POINT('',(-213.1445693332,-60.50189570973,
    43.938987645865));
#4046 = ORIENTED_EDGE('',*,*,#3999,.F.);
#4047 = ORIENTED_EDGE('',*,*,#1726,.T.);
#4048 = ORIENTED_EDGE('',*,*,#4049,.T.);
#4049 = EDGE_CURVE('',#1688,#4050,#4052,.T.);
#4050 = VERTEX_POINT('',#4051);
#4051 = CARTESIAN_POINT('',(-205.796093967,-51.06775156621,52.));
#4052 = B_SPLINE_CURVE_WITH_KNOTS('',6,(#4053,#4054,#4055,#4056,#4057,
    #4058,#4059,#4060,#4061,#4062,#4063,#4064,#4065,#4066,#4067,#4068,
    #4069),.UNSPECIFIED.,.F.,.F.,(7,5,5,7),(-8.890959613726,
    5.471370022866E-02,146.55455944062,155.50023275457),.UNSPECIFIED.);
#4053 = CARTESIAN_POINT('',(-52.76886909264,-23.77586782904,
    53.063448824057));
#4054 = CARTESIAN_POINT('',(-54.23661973415,-24.03763615096,
    53.053248824057));
#4055 = CARTESIAN_POINT('',(-55.70437037565,-24.29940447287,
    53.043048824057));
#4056 = CARTESIAN_POINT('',(-57.17212101716,-24.56117279479,
    53.032848824057));
#4057 = CARTESIAN_POINT('',(-58.63987165866,-24.82294111671,
    53.022648824057));
#4058 = CARTESIAN_POINT('',(-60.10762230017,-25.08470943863,
    53.012448824057));
#4059 = CARTESIAN_POINT('',(-85.61215977923,-29.63335672816,
    52.835207353381));
#4060 = CARTESIAN_POINT('',(-109.6489466167,-33.92023569577,
    52.668165882705));
#4061 = CARTESIAN_POINT('',(-133.6857334543,-38.20711466338,
    52.501124412029));
#4062 = CARTESIAN_POINT('',(-157.7225202919,-42.49399363099,
    52.334082941352));
#4063 = CARTESIAN_POINT('',(-181.7593071294,-46.7808725986,
    52.167041470676));
#4064 = CARTESIAN_POINT('',(-207.2638446085,-51.32951988813,51.9898));
#4065 = CARTESIAN_POINT('',(-208.73159525,-51.59128821004,51.9796));
#4066 = CARTESIAN_POINT('',(-210.1993458915,-51.85305653196,51.9694));
#4067 = CARTESIAN_POINT('',(-211.667096533,-52.11482485388,51.9592));
#4068 = CARTESIAN_POINT('',(-213.1348471745,-52.3765931758,51.949));
#4069 = CARTESIAN_POINT('',(-214.602597816,-52.63836149771,51.9388));
#4070 = ORIENTED_EDGE('',*,*,#4071,.F.);
#4071 = EDGE_CURVE('',#4026,#4050,#4072,.T.);
#4072 = B_SPLINE_CURVE_WITH_KNOTS('',7,(#4073,#4074,#4075,#4076,#4077,
    #4078,#4079,#4080,#4081,#4082,#4083,#4084,#4085,#4086,#4087,#4088,
    #4089,#4090,#4091,#4092,#4093,#4094,#4095,#4096,#4097,#4098),
  .UNSPECIFIED.,.F.,.F.,(8,6,6,6,8),(0.,0.246925498661,0.497996622871,
    0.749070781753,1.),.UNSPECIFIED.);
#4073 = CARTESIAN_POINT('',(-204.014466175,-58.87357294492,
    44.002436469923));
#4074 = CARTESIAN_POINT('',(-204.014466175,-58.87357294492,44.4017537518
    ));
#4075 = CARTESIAN_POINT('',(-204.0196464782,-58.85087655382,
    44.810636700958));
#4076 = CARTESIAN_POINT('',(-204.0304533186,-58.80352869232,
    45.22705974607));
#4077 = CARTESIAN_POINT('',(-204.0472890846,-58.7297663817,
    45.648505062594));
#4078 = CARTESIAN_POINT('',(-204.0704677131,-58.62821417528,
    46.071957206985));
#4079 = CARTESIAN_POINT('',(-204.1001767491,-58.49805038354,
    46.49401015744));
#4080 = CARTESIAN_POINT('',(-204.1733243216,-58.17756992873,
    47.335165652794));
#4081 = CARTESIAN_POINT('',(-204.2169852981,-57.9862786922,
    47.754101081612));
#4082 = CARTESIAN_POINT('',(-204.2674612095,-57.7651292746,
    48.164131040101));
#4083 = CARTESIAN_POINT('',(-204.3246198365,-57.51470096692,
    48.561312946458));
#4084 = CARTESIAN_POINT('',(-204.3881374287,-57.2364122124,
    48.941751868047));
#4085 = CARTESIAN_POINT('',(-204.4575077687,-56.93248089445,
    49.301938471005));
#4086 = CARTESIAN_POINT('',(-204.6066731823,-56.27894451632,
    49.975981163217));
#4087 = CARTESIAN_POINT('',(-204.6864686755,-55.92933761784,
    50.289838016803));
#4088 = CARTESIAN_POINT('',(-204.7708355856,-55.55970203306,
    50.577613543185));
#4089 = CARTESIAN_POINT('',(-204.8589984205,-55.1734354151,
    50.836987465344));
#4090 = CARTESIAN_POINT('',(-204.9500926528,-54.77432550633,
    51.066452893015));
#4091 = CARTESIAN_POINT('',(-205.0432399665,-54.36622045995,
    51.265363987356));
#4092 = CARTESIAN_POINT('',(-205.2319051896,-53.53962410878,
    51.602175015189));
#4093 = CARTESIAN_POINT('',(-205.3274219965,-53.12113763445,
    51.740110753153));
#4094 = CARTESIAN_POINT('',(-205.4233115433,-52.70101807987,
    51.8477231605));
#4095 = CARTESIAN_POINT('',(-205.518773164,-52.28277339201,
    51.925855672162));
#4096 = CARTESIAN_POINT('',(-205.6130982761,-51.86950807362,
    51.975987277389));
#4097 = CARTESIAN_POINT('',(-205.7056963744,-51.46380929719,52.));
#4098 = CARTESIAN_POINT('',(-205.796093967,-51.06775156621,52.));
#4099 = ( BOUNDED_SURFACE() B_SPLINE_SURFACE(2,6,(
    (#4100,#4101,#4102,#4103,#4104,#4105,#4106,#4107,#4108,#4109,#4110
      ,#4111,#4112,#4113,#4114,#4115,#4116)
    ,(#4117,#4118,#4119,#4120,#4121,#4122,#4123,#4124,#4125,#4126,#4127
      ,#4128,#4129,#4130,#4131,#4132,#4133)
    ,(#4134,#4135,#4136,#4137,#4138,#4139,#4140,#4141,#4142,#4143,#4144
      ,#4145,#4146,#4147,#4148,#4149,#4150
)),.UNSPECIFIED.,.F.,.F.,.F.) B_SPLINE_SURFACE_WITH_KNOTS((3,3),(7,5,5,7
    ),(0.,146.49984574039),(-8.890959613726,5.471370022866E-02,
    146.55455944062,155.50023275457),.UNSPECIFIED.) 
GEOMETRIC_REPRESENTATION_ITEM() RATIONAL_B_SPLINE_SURFACE((
    (1.,1.,1.,1.,1.,1.,1.,1.,1.,1.,1.,1.,1.,1.,1.,1.,1.)
    ,(0.707222739782,0.707222739782,0.707222739782,0.707222739782
      ,0.707222739782,0.707222739782,0.707222739782,0.707222739782
      ,0.707222739782,0.707222739782,0.707222739782,0.707222739782
      ,0.707222739782,0.707222739782,0.707222739782,0.707222739782
      ,0.707222739782)
    ,(1.,1.,1.,1.,1.,1.,1.,1.,1.,1.,1.,1.,1.,1.,1.,1.,1.
))) REPRESENTATION_ITEM('') SURFACE() );
#4100 = CARTESIAN_POINT('',(-51.31084060979,-31.63940204106,
    45.063636469923));
#4101 = CARTESIAN_POINT('',(-52.7785912513,-31.90117036298,
    45.053436469923));
#4102 = CARTESIAN_POINT('',(-54.2463418928,-32.1629386849,
    45.043236469923));
#4103 = CARTESIAN_POINT('',(-55.71409253431,-32.42470700681,
    45.033036469923));
#4104 = CARTESIAN_POINT('',(-57.18184317581,-32.68647532873,
    45.022836469923));
#4105 = CARTESIAN_POINT('',(-58.64959381732,-32.94824365065,
    45.012636469923));
#4106 = CARTESIAN_POINT('',(-84.15413129638,-37.49689094018,
    44.835394999247));
#4107 = CARTESIAN_POINT('',(-108.1909181339,-41.78376990779,
    44.66835352857));
#4108 = CARTESIAN_POINT('',(-132.2277049714,-46.0706488754,
    44.501312057894));
#4109 = CARTESIAN_POINT('',(-156.264491809,-50.35752784301,
    44.334270587218));
#4110 = CARTESIAN_POINT('',(-180.3012786466,-54.64440681062,
    44.167229116542));
#4111 = CARTESIAN_POINT('',(-205.8058161256,-59.19305410015,
    43.989987645865));
#4112 = CARTESIAN_POINT('',(-207.2735667671,-59.45482242206,
    43.979787645865));
#4113 = CARTESIAN_POINT('',(-208.7413174086,-59.71659074398,
    43.969587645865));
#4114 = CARTESIAN_POINT('',(-210.2090680501,-59.9783590659,
    43.959387645865));
#4115 = CARTESIAN_POINT('',(-211.6768186916,-60.24012738782,
    43.949187645865));
#4116 = CARTESIAN_POINT('',(-213.1445693332,-60.50189570973,
    43.938987645865));
#4117 = CARTESIAN_POINT('',(-51.36470311905,-31.64900823591,
    53.060825687376));
#4118 = CARTESIAN_POINT('',(-52.83245376055,-31.91077655783,
    53.050625687376));
#4119 = CARTESIAN_POINT('',(-54.30020440206,-32.17254487975,
    53.040425687376));
#4120 = CARTESIAN_POINT('',(-55.76795504356,-32.43431320167,
    53.030225687376));
#4121 = CARTESIAN_POINT('',(-57.23570568507,-32.69608152359,
    53.020025687376));
#4122 = CARTESIAN_POINT('',(-58.70345632657,-32.9578498455,
    53.009825687376));
#4123 = CARTESIAN_POINT('',(-84.20799380564,-37.50649713503,
    52.8325842167));
#4124 = CARTESIAN_POINT('',(-108.2447806431,-41.79337610264,
    52.665542746023));
#4125 = CARTESIAN_POINT('',(-132.2815674807,-46.08025507025,
    52.498501275347));
#4126 = CARTESIAN_POINT('',(-156.3183543183,-50.36713403786,
    52.331459804671));
#4127 = CARTESIAN_POINT('',(-180.3551411558,-54.65401300547,
    52.164418333995));
#4128 = CARTESIAN_POINT('',(-205.8596786349,-59.202660295,
    51.987176863318));
#4129 = CARTESIAN_POINT('',(-207.3274292764,-59.46442861692,
    51.976976863318));
#4130 = CARTESIAN_POINT('',(-208.7951799179,-59.72619693884,
    51.966776863318));
#4131 = CARTESIAN_POINT('',(-210.2629305594,-59.98796526075,
    51.956576863318));
#4132 = CARTESIAN_POINT('',(-211.7306812009,-60.24973358267,
    51.946376863318));
#4133 = CARTESIAN_POINT('',(-213.1984318424,-60.51150190459,
    51.936176863318));
#4134 = CARTESIAN_POINT('',(-52.76886909264,-23.77586782904,
    53.063448824057));
#4135 = CARTESIAN_POINT('',(-54.23661973415,-24.03763615096,
    53.053248824057));
#4136 = CARTESIAN_POINT('',(-55.70437037565,-24.29940447287,
    53.043048824057));
#4137 = CARTESIAN_POINT('',(-57.17212101716,-24.56117279479,
    53.032848824057));
#4138 = CARTESIAN_POINT('',(-58.63987165866,-24.82294111671,
    53.022648824057));
#4139 = CARTESIAN_POINT('',(-60.10762230017,-25.08470943863,
    53.012448824057));
#4140 = CARTESIAN_POINT('',(-85.61215977923,-29.63335672816,
    52.835207353381));
#4141 = CARTESIAN_POINT('',(-109.6489466167,-33.92023569577,
    52.668165882705));
#4142 = CARTESIAN_POINT('',(-133.6857334543,-38.20711466338,
    52.501124412029));
#4143 = CARTESIAN_POINT('',(-157.7225202919,-42.49399363099,
    52.334082941352));
#4144 = CARTESIAN_POINT('',(-181.7593071294,-46.7808725986,
    52.167041470676));
#4145 = CARTESIAN_POINT('',(-207.2638446085,-51.32951988813,51.9898));
#4146 = CARTESIAN_POINT('',(-208.73159525,-51.59128821004,51.9796));
#4147 = CARTESIAN_POINT('',(-210.1993458915,-51.85305653196,51.9694));
#4148 = CARTESIAN_POINT('',(-211.667096533,-52.11482485388,51.9592));
#4149 = CARTESIAN_POINT('',(-213.1348471745,-52.3765931758,51.949));
#4150 = CARTESIAN_POINT('',(-214.602597816,-52.63836149771,51.9388));
#4151 = ADVANCED_FACE('',(#4152),#4184,.T.);
#4152 = FACE_BOUND('',#4153,.T.);
#4153 = EDGE_LOOP('',(#4154,#4155,#4156,#4178));
#4154 = ORIENTED_EDGE('',*,*,#4049,.F.);
#4155 = ORIENTED_EDGE('',*,*,#1687,.T.);
#4156 = ORIENTED_EDGE('',*,*,#4157,.T.);
#4157 = EDGE_CURVE('',#1604,#4158,#4160,.T.);
#4158 = VERTEX_POINT('',#4159);
#4159 = CARTESIAN_POINT('',(-207.573340798,-43.28112443126,52.));
#4160 = B_SPLINE_CURVE_WITH_KNOTS('',6,(#4161,#4162,#4163,#4164,#4165,
    #4166,#4167,#4168,#4169,#4170,#4171,#4172,#4173,#4174,#4175,#4176,
    #4177),.UNSPECIFIED.,.F.,.F.,(7,5,5,7),(-8.890959613726,
    5.471370022857E-02,146.55455944062,155.50023275457),.UNSPECIFIED.);
#4161 = CARTESIAN_POINT('',(-57.85907068132,-1.474237509592,
    53.063448824057));
#4162 = CARTESIAN_POINT('',(-59.29504533346,-1.875225537369,
    53.053248824057));
#4163 = CARTESIAN_POINT('',(-60.73101998559,-2.276213565147,
    53.043048824057));
#4164 = CARTESIAN_POINT('',(-62.16699463773,-2.677201592924,
    53.032848824057));
#4165 = CARTESIAN_POINT('',(-63.60296928987,-3.078189620702,
    53.022648824057));
#4166 = CARTESIAN_POINT('',(-65.038943942,-3.479177648479,
    53.012448824057));
#4167 = CARTESIAN_POINT('',(-89.99132229479,-10.44699213542,
    52.835207353381));
#4168 = CARTESIAN_POINT('',(-113.5077259954,-17.01381859459,
    52.668165882705));
#4169 = CARTESIAN_POINT('',(-137.0241296961,-23.58064505376,
    52.501124412029));
#4170 = CARTESIAN_POINT('',(-160.5405333967,-30.14747151292,
    52.334082941352));
#4171 = CARTESIAN_POINT('',(-184.0569370974,-36.71429797209,
    52.167041470676));
#4172 = CARTESIAN_POINT('',(-209.0093154502,-43.68211245904,51.9898));
#4173 = CARTESIAN_POINT('',(-210.4452901023,-44.08310048682,51.9796));
#4174 = CARTESIAN_POINT('',(-211.8812647544,-44.48408851459,51.9694));
#4175 = CARTESIAN_POINT('',(-213.3172394066,-44.88507654237,51.9592));
#4176 = CARTESIAN_POINT('',(-214.7532140587,-45.28606457015,51.949));
#4177 = CARTESIAN_POINT('',(-216.1891887108,-45.68705259793,51.9388));
#4178 = ORIENTED_EDGE('',*,*,#4179,.F.);
#4179 = EDGE_CURVE('',#4050,#4158,#4180,.T.);
#4180 = LINE('',#4181,#4182);
#4181 = CARTESIAN_POINT('',(-204.014466175,-58.87357294492,52.));
#4182 = VECTOR('',#4183,1.);
#4183 = DIRECTION('',(-0.222520933956,0.974927912182,0.));
#4184 = B_SPLINE_SURFACE_WITH_KNOTS('',1,1,(
    (#4185,#4186)
    ,(#4187,#4188
    )),.UNSPECIFIED.,.F.,.F.,.F.,(2,2),(2,2),(0.,38.),(0.,1.),
  .PIECEWISE_BEZIER_KNOTS.);
#4185 = CARTESIAN_POINT('',(-60.11734445883,-33.21001197257,53.));
#4186 = CARTESIAN_POINT('',(-204.014466175,-58.87357294492,52.));
#4187 = CARTESIAN_POINT('',(-68.57313994917,3.837248690338,53.));
#4188 = CARTESIAN_POINT('',(-209.35496859,-35.47530305255,52.));
#4189 = ADVANCED_FACE('',(#4190),#4255,.T.);
#4190 = FACE_BOUND('',#4191,.T.);
#4191 = EDGE_LOOP('',(#4192,#4193,#4194,#4204,#4226));
#4192 = ORIENTED_EDGE('',*,*,#4157,.F.);
#4193 = ORIENTED_EDGE('',*,*,#1603,.T.);
#4194 = ORIENTED_EDGE('',*,*,#4195,.F.);
#4195 = EDGE_CURVE('',#4196,#1595,#4198,.T.);
#4196 = VERTEX_POINT('',#4197);
#4197 = CARTESIAN_POINT('',(-77.9906535481,1.207459787736,
    44.935542086678));
#4198 = B_SPLINE_CURVE_WITH_KNOTS('',4,(#4199,#4200,#4201,#4202,#4203),
  .UNSPECIFIED.,.F.,.F.,(5,5),(0.,1.),.PIECEWISE_BEZIER_KNOTS.);
#4199 = CARTESIAN_POINT('',(-77.9906535481,1.207459787736,
    44.935542086678));
#4200 = CARTESIAN_POINT('',(-77.9906535481,1.207459787736,
    44.951630579922));
#4201 = CARTESIAN_POINT('',(-77.99065424453,1.207414805023,
    44.967736641404));
#4202 = CARTESIAN_POINT('',(-77.99065564083,1.207324617445,
    44.983860055065));
#4203 = CARTESIAN_POINT('',(-77.99065773992,1.207189005181,45.0000006));
#4204 = ORIENTED_EDGE('',*,*,#4205,.T.);
#4205 = EDGE_CURVE('',#4196,#4206,#4208,.T.);
#4206 = VERTEX_POINT('',#4207);
#4207 = CARTESIAN_POINT('',(-209.35496859,-35.47530305255,
    44.002436469923));
#4208 = B_SPLINE_CURVE_WITH_KNOTS('',6,(#4209,#4210,#4211,#4212,#4213,
    #4214,#4215,#4216,#4217,#4218,#4219,#4220,#4221,#4222,#4223,#4224,
    #4225),.UNSPECIFIED.,.F.,.F.,(7,5,5,7),(-8.890959613726,
    5.471370022857E-02,146.55455944062,155.50023275457),.UNSPECIFIED.);
#4209 = CARTESIAN_POINT('',(-59.95729203635,6.243176857003,
    45.063636469923));
#4210 = CARTESIAN_POINT('',(-61.39326668848,5.842188829226,
    45.053436469923));
#4211 = CARTESIAN_POINT('',(-62.82924134062,5.441200801448,
    45.043236469923));
#4212 = CARTESIAN_POINT('',(-64.26521599276,5.04021277367,
    45.033036469923));
#4213 = CARTESIAN_POINT('',(-65.70119064489,4.639224745893,
    45.022836469923));
#4214 = CARTESIAN_POINT('',(-67.13716529703,4.238236718115,
    45.012636469923));
#4215 = CARTESIAN_POINT('',(-92.08954364982,-2.72957776883,
    44.835394999246));
#4216 = CARTESIAN_POINT('',(-115.6059473504,-9.296404227998,
    44.66835352857));
#4217 = CARTESIAN_POINT('',(-139.1223510511,-15.86323068716,
    44.501312057894));
#4218 = CARTESIAN_POINT('',(-162.6387547517,-22.43005714633,
    44.334270587218));
#4219 = CARTESIAN_POINT('',(-186.1551584524,-28.9968836055,
    44.167229116542));
#4220 = CARTESIAN_POINT('',(-211.1075368052,-35.96469809244,
    43.989987645865));
#4221 = CARTESIAN_POINT('',(-212.5435114573,-36.36568612022,
    43.979787645865));
#4222 = CARTESIAN_POINT('',(-213.9794861095,-36.766674148,
    43.969587645865));
#4223 = CARTESIAN_POINT('',(-215.4154607616,-37.16766217578,
    43.959387645865));
#4224 = CARTESIAN_POINT('',(-216.8514354137,-37.56865020355,
    43.949187645865));
#4225 = CARTESIAN_POINT('',(-218.2874100659,-37.96963823133,
    43.938987645865));
#4226 = ORIENTED_EDGE('',*,*,#4227,.F.);
#4227 = EDGE_CURVE('',#4158,#4206,#4228,.T.);
#4228 = B_SPLINE_CURVE_WITH_KNOTS('',7,(#4229,#4230,#4231,#4232,#4233,
    #4234,#4235,#4236,#4237,#4238,#4239,#4240,#4241,#4242,#4243,#4244,
    #4245,#4246,#4247,#4248,#4249,#4250,#4251,#4252,#4253,#4254),
  .UNSPECIFIED.,.F.,.F.,(8,6,6,6,8),(0.,0.250659805483,0.50273427514,
    0.752805088586,1.),.UNSPECIFIED.);
#4229 = CARTESIAN_POINT('',(-207.573340798,-43.28112443126,52.));
#4230 = CARTESIAN_POINT('',(-207.6636413343,-42.88549193193,52.));
#4231 = CARTESIAN_POINT('',(-207.7561376568,-42.4802390641,
    51.976038012962));
#4232 = CARTESIAN_POINT('',(-207.8503577741,-42.06743375796,
    51.926019071809));
#4233 = CARTESIAN_POINT('',(-207.9457132652,-41.64965405463,
    51.848056503648));
#4234 = CARTESIAN_POINT('',(-208.0414980016,-41.22999370401,
    51.74068891368));
#4235 = CARTESIAN_POINT('',(-208.1369142502,-40.81194780452,
    51.603063071779));
#4236 = CARTESIAN_POINT('',(-208.325869767,-39.9840795935,
    51.266154290572));
#4237 = CARTESIAN_POINT('',(-208.4193957114,-39.57431565756,
    51.066526283749));
#4238 = CARTESIAN_POINT('',(-208.510853516,-39.17361283457,
    50.836096911517));
#4239 = CARTESIAN_POINT('',(-208.5993541675,-38.78586614539,
    50.575519137433));
#4240 = CARTESIAN_POINT('',(-208.6840226525,-38.41490927486,
    50.286321271772));
#4241 = CARTESIAN_POINT('',(-208.7640748167,-38.06417782694,
    49.970857939658));
#4242 = CARTESIAN_POINT('',(-208.9130579911,-37.41143989098,
    49.296006694686));
#4243 = CARTESIAN_POINT('',(-208.9820726331,-37.10906698754,
    48.936986541694));
#4244 = CARTESIAN_POINT('',(-209.0452759169,-36.83215530805,
    48.55791256948));
#4245 = CARTESIAN_POINT('',(-209.102169075,-36.5828900959,48.16225503232
    ));
#4246 = CARTESIAN_POINT('',(-209.1524329319,-36.36266974984,
    47.753861955351));
#4247 = CARTESIAN_POINT('',(-209.1959367046,-36.17206726805,
    47.336628310047));
#4248 = CARTESIAN_POINT('',(-209.2690634113,-35.85167823202,
    46.496773085117));
#4249 = CARTESIAN_POINT('',(-209.2988405262,-35.72121616775,
    46.074267324902));
#4250 = CARTESIAN_POINT('',(-209.3220721611,-35.61943172461,
    45.650344416244));
#4251 = CARTESIAN_POINT('',(-209.3389460543,-35.54550236811,
    45.228422822516));
#4252 = CARTESIAN_POINT('',(-209.3497769758,-35.4980490006,
    44.811528957676));
#4253 = CARTESIAN_POINT('',(-209.35496859,-35.47530305255,
    44.402189437041));
#4254 = CARTESIAN_POINT('',(-209.35496859,-35.47530305255,
    44.002436469923));
#4255 = ( BOUNDED_SURFACE() B_SPLINE_SURFACE(2,6,(
    (#4256,#4257,#4258,#4259,#4260,#4261,#4262,#4263,#4264,#4265,#4266
      ,#4267,#4268,#4269,#4270,#4271,#4272)
    ,(#4273,#4274,#4275,#4276,#4277,#4278,#4279,#4280,#4281,#4282,#4283
      ,#4284,#4285,#4286,#4287,#4288,#4289)
    ,(#4290,#4291,#4292,#4293,#4294,#4295,#4296,#4297,#4298,#4299,#4300
      ,#4301,#4302,#4303,#4304,#4305,#4306
)),.UNSPECIFIED.,.F.,.F.,.F.) B_SPLINE_SURFACE_WITH_KNOTS((3,3),(7,5,5,7
    ),(0.,146.49984574039),(-8.890959613726,5.471370022857E-02,
    146.55455944062,155.50023275457),.UNSPECIFIED.) 
GEOMETRIC_REPRESENTATION_ITEM() RATIONAL_B_SPLINE_SURFACE((
    (1.,1.,1.,1.,1.,1.,1.,1.,1.,1.,1.,1.,1.,1.,1.,1.,1.)
    ,(0.707222739782,0.707222739782,0.707222739782,0.707222739782
      ,0.707222739782,0.707222739782,0.707222739782,0.707222739782
      ,0.707222739782,0.707222739782,0.707222739782,0.707222739782
      ,0.707222739782,0.707222739782,0.707222739782,0.707222739782
      ,0.707222739782)
    ,(1.,1.,1.,1.,1.,1.,1.,1.,1.,1.,1.,1.,1.,1.,1.,1.,1.
))) REPRESENTATION_ITEM('') SURFACE() );
#4256 = CARTESIAN_POINT('',(-57.85907068132,-1.474237509592,
    53.063448824057));
#4257 = CARTESIAN_POINT('',(-59.29504533346,-1.875225537369,
    53.053248824057));
#4258 = CARTESIAN_POINT('',(-60.73101998559,-2.276213565147,
    53.043048824057));
#4259 = CARTESIAN_POINT('',(-62.16699463773,-2.677201592924,
    53.032848824057));
#4260 = CARTESIAN_POINT('',(-63.60296928987,-3.078189620702,
    53.022648824057));
#4261 = CARTESIAN_POINT('',(-65.038943942,-3.479177648479,
    53.012448824057));
#4262 = CARTESIAN_POINT('',(-89.99132229479,-10.44699213542,
    52.835207353381));
#4263 = CARTESIAN_POINT('',(-113.5077259954,-17.01381859459,
    52.668165882705));
#4264 = CARTESIAN_POINT('',(-137.0241296961,-23.58064505376,
    52.501124412029));
#4265 = CARTESIAN_POINT('',(-160.5405333967,-30.14747151292,
    52.334082941352));
#4266 = CARTESIAN_POINT('',(-184.0569370974,-36.71429797209,
    52.167041470676));
#4267 = CARTESIAN_POINT('',(-209.0093154502,-43.68211245904,51.9898));
#4268 = CARTESIAN_POINT('',(-210.4452901023,-44.08310048682,51.9796));
#4269 = CARTESIAN_POINT('',(-211.8812647544,-44.48408851459,51.9694));
#4270 = CARTESIAN_POINT('',(-213.3172394066,-44.88507654237,51.9592));
#4271 = CARTESIAN_POINT('',(-214.7532140587,-45.28606457015,51.949));
#4272 = CARTESIAN_POINT('',(-216.1891887108,-45.68705259793,51.9388));
#4273 = CARTESIAN_POINT('',(-60.00998845207,6.228461672594,
    53.060825687376));
#4274 = CARTESIAN_POINT('',(-61.44596310421,5.827473644816,
    53.050625687376));
#4275 = CARTESIAN_POINT('',(-62.88193775635,5.426485617039,
    53.040425687376));
#4276 = CARTESIAN_POINT('',(-64.31791240848,5.025497589261,
    53.030225687376));
#4277 = CARTESIAN_POINT('',(-65.75388706062,4.624509561483,
    53.020025687376));
#4278 = CARTESIAN_POINT('',(-67.18986171276,4.223521533706,
    53.009825687376));
#4279 = CARTESIAN_POINT('',(-92.14224006555,-2.74429295324,52.8325842167
    ));
#4280 = CARTESIAN_POINT('',(-115.6586437662,-9.311119412408,
    52.665542746023));
#4281 = CARTESIAN_POINT('',(-139.1750474668,-15.87794587157,
    52.498501275347));
#4282 = CARTESIAN_POINT('',(-162.6914511675,-22.44477233074,
    52.331459804671));
#4283 = CARTESIAN_POINT('',(-186.2078548681,-29.01159878991,
    52.164418333995));
#4284 = CARTESIAN_POINT('',(-211.1602332209,-35.97941327685,
    51.987176863318));
#4285 = CARTESIAN_POINT('',(-212.5962078731,-36.38040130463,
    51.976976863318));
#4286 = CARTESIAN_POINT('',(-214.0321825252,-36.78138933241,
    51.966776863318));
#4287 = CARTESIAN_POINT('',(-215.4681571773,-37.18237736019,
    51.956576863318));
#4288 = CARTESIAN_POINT('',(-216.9041318295,-37.58336538796,
    51.946376863318));
#4289 = CARTESIAN_POINT('',(-218.3401064816,-37.98435341574,
    51.936176863318));
#4290 = CARTESIAN_POINT('',(-59.95729203635,6.243176857003,
    45.063636469923));
#4291 = CARTESIAN_POINT('',(-61.39326668848,5.842188829226,
    45.053436469923));
#4292 = CARTESIAN_POINT('',(-62.82924134062,5.441200801448,
    45.043236469923));
#4293 = CARTESIAN_POINT('',(-64.26521599276,5.04021277367,
    45.033036469923));
#4294 = CARTESIAN_POINT('',(-65.70119064489,4.639224745893,
    45.022836469923));
#4295 = CARTESIAN_POINT('',(-67.13716529703,4.238236718115,
    45.012636469923));
#4296 = CARTESIAN_POINT('',(-92.08954364982,-2.72957776883,
    44.835394999246));
#4297 = CARTESIAN_POINT('',(-115.6059473504,-9.296404227998,
    44.66835352857));
#4298 = CARTESIAN_POINT('',(-139.1223510511,-15.86323068716,
    44.501312057894));
#4299 = CARTESIAN_POINT('',(-162.6387547517,-22.43005714633,
    44.334270587218));
#4300 = CARTESIAN_POINT('',(-186.1551584524,-28.9968836055,
    44.167229116542));
#4301 = CARTESIAN_POINT('',(-211.1075368052,-35.96469809244,
    43.989987645865));
#4302 = CARTESIAN_POINT('',(-212.5435114573,-36.36568612022,
    43.979787645865));
#4303 = CARTESIAN_POINT('',(-213.9794861095,-36.766674148,
    43.969587645865));
#4304 = CARTESIAN_POINT('',(-215.4154607616,-37.16766217578,
    43.959387645865));
#4305 = CARTESIAN_POINT('',(-216.8514354137,-37.56865020355,
    43.949187645865));
#4306 = CARTESIAN_POINT('',(-218.2874100659,-37.96963823133,
    43.938987645865));
#4307 = ADVANCED_FACE('',(#4308),#4349,.T.);
#4308 = FACE_BOUND('',#4309,.T.);
#4309 = EDGE_LOOP('',(#4310,#4322,#4331,#4339,#4340,#4341));
#4310 = ORIENTED_EDGE('',*,*,#4311,.T.);
#4311 = EDGE_CURVE('',#4312,#4314,#4316,.T.);
#4312 = VERTEX_POINT('',#4313);
#4313 = CARTESIAN_POINT('',(-70.79104800174,32.750992699681,
    44.935542086678));
#4314 = VERTEX_POINT('',#4315);
#4315 = CARTESIAN_POINT('',(-70.79104800174,32.750992699681,43.));
#4316 = B_SPLINE_CURVE_WITH_KNOTS('',4,(#4317,#4318,#4319,#4320,#4321),
  .UNSPECIFIED.,.F.,.F.,(5,5),(0.,1.),.PIECEWISE_BEZIER_KNOTS.);
#4317 = CARTESIAN_POINT('',(-70.79104800174,32.750992699681,
    44.935542686678));
#4318 = CARTESIAN_POINT('',(-70.79104800174,32.750992699681,
    44.451656865009));
#4319 = CARTESIAN_POINT('',(-70.79104800174,32.750992699681,
    43.967771043339));
#4320 = CARTESIAN_POINT('',(-70.79104800174,32.750992699681,
    43.48388522167));
#4321 = CARTESIAN_POINT('',(-70.79104800174,32.750992699681,42.9999994)
  );
#4322 = ORIENTED_EDGE('',*,*,#4323,.T.);
#4323 = EDGE_CURVE('',#4314,#4324,#4326,.T.);
#4324 = VERTEX_POINT('',#4325);
#4325 = CARTESIAN_POINT('',(-77.9906535481,1.207459787736,43.));
#4326 = CIRCLE('',#4327,78.);
#4327 = AXIS2_PLACEMENT_3D('',#4328,#4329,#4330);
#4328 = CARTESIAN_POINT('',(0.,0.,43.));
#4329 = DIRECTION('',(0.,0.,1.));
#4330 = DIRECTION('',(1.,0.,-0.));
#4331 = ORIENTED_EDGE('',*,*,#4332,.T.);
#4332 = EDGE_CURVE('',#4324,#4196,#4333,.T.);
#4333 = B_SPLINE_CURVE_WITH_KNOTS('',4,(#4334,#4335,#4336,#4337,#4338),
  .UNSPECIFIED.,.F.,.F.,(5,5),(0.,1.),.PIECEWISE_BEZIER_KNOTS.);
#4334 = CARTESIAN_POINT('',(-77.9906535481,1.207459787736,42.9999994));
#4335 = CARTESIAN_POINT('',(-77.9906535481,1.207459787736,43.48388522167
    ));
#4336 = CARTESIAN_POINT('',(-77.9906535481,1.207459787736,
    43.967771043339));
#4337 = CARTESIAN_POINT('',(-77.9906535481,1.207459787736,
    44.451656865009));
#4338 = CARTESIAN_POINT('',(-77.9906535481,1.207459787736,
    44.935542686678));
#4339 = ORIENTED_EDGE('',*,*,#4195,.T.);
#4340 = ORIENTED_EDGE('',*,*,#1594,.F.);
#4341 = ORIENTED_EDGE('',*,*,#4342,.T.);
#4342 = EDGE_CURVE('',#1518,#4312,#4343,.T.);
#4343 = B_SPLINE_CURVE_WITH_KNOTS('',4,(#4344,#4345,#4346,#4347,#4348),
  .UNSPECIFIED.,.F.,.F.,(5,5),(0.,1.),.PIECEWISE_BEZIER_KNOTS.);
#4344 = CARTESIAN_POINT('',(-70.79093429029,32.751238485093,45.0000006)
  );
#4345 = CARTESIAN_POINT('',(-70.79099123903,32.751115391903,
    44.983860055065));
#4346 = CARTESIAN_POINT('',(-70.79102911193,32.751033529873,
    44.967736641404));
#4347 = CARTESIAN_POINT('',(-70.79104800174,32.750992699681,
    44.95163057992));
#4348 = CARTESIAN_POINT('',(-70.79104800174,32.750992699681,
    44.935542086678));
#4349 = CYLINDRICAL_SURFACE('',#4350,78.);
#4350 = AXIS2_PLACEMENT_3D('',#4351,#4352,#4353);
#4351 = CARTESIAN_POINT('',(0.,0.,35.));
#4352 = DIRECTION('',(0.,0.,1.));
#4353 = DIRECTION('',(1.,0.,-0.));
#4354 = ADVANCED_FACE('',(#4355),#4432,.T.);
#4355 = FACE_BOUND('',#4356,.T.);
#4356 = EDGE_LOOP('',(#4357,#4379,#4380,#4381,#4403));
#4357 = ORIENTED_EDGE('',*,*,#4358,.F.);
#4358 = EDGE_CURVE('',#4312,#4359,#4361,.T.);
#4359 = VERTEX_POINT('',#4360);
#4360 = CARTESIAN_POINT('',(-173.2301519055,122.79786020443,
    44.002436469923));
#4361 = B_SPLINE_CURVE_WITH_KNOTS('',6,(#4362,#4363,#4364,#4365,#4366,
    #4367,#4368,#4369,#4370,#4371,#4372,#4373,#4374,#4375,#4376,#4377,
    #4378),.UNSPECIFIED.,.F.,.F.,(7,5,5,7),(-8.890959613726,
    5.471370022844E-02,146.55455944062,155.50023275457),.UNSPECIFIED.);
#4362 = CARTESIAN_POINT('',(-56.72846644717,20.389586071126,
    45.063636469923));
#4363 = CARTESIAN_POINT('',(-57.84825271901,21.373909851903,
    45.053436469923));
#4364 = CARTESIAN_POINT('',(-58.96803899085,22.358233632679,
    45.043236469923));
#4365 = CARTESIAN_POINT('',(-60.08782526269,23.342557413455,
    45.033036469923));
#4366 = CARTESIAN_POINT('',(-61.20761153452,24.326881194231,
    45.022836469923));
#4367 = CARTESIAN_POINT('',(-62.32739780636,25.311204975008,
    45.012636469923));
#4368 = CARTESIAN_POINT('',(-81.78549247928,42.41542012465,
    44.835394999246));
#4369 = CARTESIAN_POINT('',(-100.1238008803,58.535311493518,
    44.668353528571));
#4370 = CARTESIAN_POINT('',(-118.4621092814,74.655202862384,
    44.501312057894));
#4371 = CARTESIAN_POINT('',(-136.8004176825,90.775094231251,
    44.334270587218));
#4372 = CARTESIAN_POINT('',(-155.1387260835,106.89498560011,
    44.167229116542));
#4373 = CARTESIAN_POINT('',(-174.5968207565,123.99920074976,
    43.989987645865));
#4374 = CARTESIAN_POINT('',(-175.7166070283,124.98352453053,
    43.979787645865));
#4375 = CARTESIAN_POINT('',(-176.8363933001,125.96784831131,
    43.969587645865));
#4376 = CARTESIAN_POINT('',(-177.956179572,126.95217209209,
    43.959387645865));
#4377 = CARTESIAN_POINT('',(-179.0759658438,127.93649587286,
    43.949187645865));
#4378 = CARTESIAN_POINT('',(-180.1957521156,128.92081965364,
    43.938987645865));
#4379 = ORIENTED_EDGE('',*,*,#4342,.F.);
#4380 = ORIENTED_EDGE('',*,*,#1517,.T.);
#4381 = ORIENTED_EDGE('',*,*,#4382,.T.);
#4382 = EDGE_CURVE('',#1479,#4383,#4385,.T.);
#4383 = VERTEX_POINT('',#4384);
#4384 = CARTESIAN_POINT('',(-168.2381417641,129.05764292697,52.));
#4385 = B_SPLINE_CURVE_WITH_KNOTS('',6,(#4386,#4387,#4388,#4389,#4390,
    #4391,#4392,#4393,#4394,#4395,#4396,#4397,#4398,#4399,#4400,#4401,
    #4402),.UNSPECIFIED.,.F.,.F.,(7,5,5,7),(-8.890959613726,
    5.471370022844E-02,146.55455944062,155.50023275457),.UNSPECIFIED.);
#4386 = CARTESIAN_POINT('',(-51.48957372662,26.432352029116,
    53.063448824057));
#4387 = CARTESIAN_POINT('',(-52.60935999846,27.416675809892,
    53.053248824057));
#4388 = CARTESIAN_POINT('',(-53.7291462703,28.400999590668,
    53.043048824057));
#4389 = CARTESIAN_POINT('',(-54.84893254214,29.385323371444,
    53.032848824057));
#4390 = CARTESIAN_POINT('',(-55.96871881398,30.369647152221,
    53.022648824057));
#4391 = CARTESIAN_POINT('',(-57.08850508582,31.353970932997,
    53.012448824057));
#4392 = CARTESIAN_POINT('',(-76.54659975873,48.45818608264,
    52.835207353381));
#4393 = CARTESIAN_POINT('',(-94.88490815981,64.578077451507,
    52.668165882705));
#4394 = CARTESIAN_POINT('',(-113.2232165608,80.697968820373,
    52.501124412028));
#4395 = CARTESIAN_POINT('',(-131.5615249619,96.817860189241,
    52.334082941353));
#4396 = CARTESIAN_POINT('',(-149.899833363,112.9377515581,
    52.167041470676));
#4397 = CARTESIAN_POINT('',(-169.3579280359,130.04196670775,51.9898));
#4398 = CARTESIAN_POINT('',(-170.4777143077,131.02629048852,51.9796));
#4399 = CARTESIAN_POINT('',(-171.5975005796,132.0106142693,51.9694));
#4400 = CARTESIAN_POINT('',(-172.7172868514,132.99493805007,51.9592));
#4401 = CARTESIAN_POINT('',(-173.8370731233,133.97926183085,51.949));
#4402 = CARTESIAN_POINT('',(-174.9568593951,134.96358561163,51.9388));
#4403 = ORIENTED_EDGE('',*,*,#4404,.F.);
#4404 = EDGE_CURVE('',#4359,#4383,#4405,.T.);
#4405 = B_SPLINE_CURVE_WITH_KNOTS('',7,(#4406,#4407,#4408,#4409,#4410,
    #4411,#4412,#4413,#4414,#4415,#4416,#4417,#4418,#4419,#4420,#4421,
    #4422,#4423,#4424,#4425,#4426,#4427,#4428,#4429,#4430,#4431),
  .UNSPECIFIED.,.F.,.F.,(8,6,6,6,8),(0.,0.246925498661,0.497996622872,
    0.749070781753,1.),.UNSPECIFIED.);
#4406 = CARTESIAN_POINT('',(-173.2301519055,122.79786020443,
    44.002436469923));
#4407 = CARTESIAN_POINT('',(-173.2301519055,122.79786020443,
    44.4017537518));
#4408 = CARTESIAN_POINT('',(-173.2156370186,122.81606129692,
    44.810636700957));
#4409 = CARTESIAN_POINT('',(-173.1853569246,122.85403133376,
    45.22705974607));
#4410 = CARTESIAN_POINT('',(-173.1381841564,122.91318411413,
    45.648505062594));
#4411 = CARTESIAN_POINT('',(-173.0732390827,122.99462266061,
    46.071957206984));
#4412 = CARTESIAN_POINT('',(-172.9899962135,123.09900591704,
    46.49401015744));
#4413 = CARTESIAN_POINT('',(-172.7850412699,123.35601128735,
    47.335165652794));
#4414 = CARTESIAN_POINT('',(-172.6627059324,123.50941494844,
    47.754101081614));
#4415 = CARTESIAN_POINT('',(-172.5212755714,123.68676301167,
    48.164131040098));
#4416 = CARTESIAN_POINT('',(-172.3611206574,123.88759092171,
    48.56131294646));
#4417 = CARTESIAN_POINT('',(-172.1831483189,124.11076117541,
    48.941751868046));
#4418 = CARTESIAN_POINT('',(-171.9887769455,124.35449516837,
    49.301938471005));
#4419 = CARTESIAN_POINT('',(-171.5708247443,124.87859065171,
    49.975981163217));
#4420 = CARTESIAN_POINT('',(-171.3472427408,125.1589536163,
    50.289838016802));
#4421 = CARTESIAN_POINT('',(-171.1108519117,125.45537834023,
    50.577613543186));
#4422 = CARTESIAN_POINT('',(-170.8638251376,125.76514011726,
    50.836987465343));
#4423 = CARTESIAN_POINT('',(-170.6085847708,126.08520141383,
    51.066452893016));
#4424 = CARTESIAN_POINT('',(-170.3475917976,126.4124762507,
    51.265363987356));
#4425 = CARTESIAN_POINT('',(-169.8189635895,127.07535505698,
    51.60217501519));
#4426 = CARTESIAN_POINT('',(-169.5513314439,127.41095515267,
    51.740110753151));
#4427 = CARTESIAN_POINT('',(-169.2826549042,127.74786487704,
    51.847723160503));
#4428 = CARTESIAN_POINT('',(-169.0151773869,128.08327107502,
    51.92585567216));
#4429 = CARTESIAN_POINT('',(-168.7508842958,128.41468412875,
    51.97598727739));
#4430 = CARTESIAN_POINT('',(-168.4914301899,128.74002928693,52.));
#4431 = CARTESIAN_POINT('',(-168.2381417641,129.05764292697,52.));
#4432 = ( BOUNDED_SURFACE() B_SPLINE_SURFACE(2,6,(
    (#4433,#4434,#4435,#4436,#4437,#4438,#4439,#4440,#4441,#4442,#4443
      ,#4444,#4445,#4446,#4447,#4448,#4449)
    ,(#4450,#4451,#4452,#4453,#4454,#4455,#4456,#4457,#4458,#4459,#4460
      ,#4461,#4462,#4463,#4464,#4465,#4466)
    ,(#4467,#4468,#4469,#4470,#4471,#4472,#4473,#4474,#4475,#4476,#4477
      ,#4478,#4479,#4480,#4481,#4482,#4483
)),.UNSPECIFIED.,.F.,.F.,.F.) B_SPLINE_SURFACE_WITH_KNOTS((3,3),(7,5,5,7
    ),(0.,146.49984574039),(-8.890959613726,5.471370022844E-02,
    146.55455944062,155.50023275457),.UNSPECIFIED.) 
GEOMETRIC_REPRESENTATION_ITEM() RATIONAL_B_SPLINE_SURFACE((
    (1.,1.,1.,1.,1.,1.,1.,1.,1.,1.,1.,1.,1.,1.,1.,1.,1.)
    ,(0.707222739782,0.707222739782,0.707222739782,0.707222739782
      ,0.707222739782,0.707222739782,0.707222739782,0.707222739782
      ,0.707222739782,0.707222739782,0.707222739782,0.707222739782
      ,0.707222739782,0.707222739782,0.707222739782,0.707222739782
      ,0.707222739782)
    ,(1.,1.,1.,1.,1.,1.,1.,1.,1.,1.,1.,1.,1.,1.,1.,1.,1.
))) REPRESENTATION_ITEM('') SURFACE() );
#4433 = CARTESIAN_POINT('',(-56.72846644717,20.389586071126,
    45.063636469923));
#4434 = CARTESIAN_POINT('',(-57.84825271901,21.373909851903,
    45.053436469923));
#4435 = CARTESIAN_POINT('',(-58.96803899085,22.358233632679,
    45.043236469923));
#4436 = CARTESIAN_POINT('',(-60.08782526269,23.342557413455,
    45.033036469923));
#4437 = CARTESIAN_POINT('',(-61.20761153452,24.326881194231,
    45.022836469923));
#4438 = CARTESIAN_POINT('',(-62.32739780636,25.311204975008,
    45.012636469923));
#4439 = CARTESIAN_POINT('',(-81.78549247928,42.41542012465,
    44.835394999246));
#4440 = CARTESIAN_POINT('',(-100.1238008803,58.535311493518,
    44.668353528571));
#4441 = CARTESIAN_POINT('',(-118.4621092814,74.655202862384,
    44.501312057894));
#4442 = CARTESIAN_POINT('',(-136.8004176825,90.775094231251,
    44.334270587218));
#4443 = CARTESIAN_POINT('',(-155.1387260835,106.89498560011,
    44.167229116542));
#4444 = CARTESIAN_POINT('',(-174.5968207565,123.99920074976,
    43.989987645865));
#4445 = CARTESIAN_POINT('',(-175.7166070283,124.98352453053,
    43.979787645865));
#4446 = CARTESIAN_POINT('',(-176.8363933001,125.96784831131,
    43.969587645865));
#4447 = CARTESIAN_POINT('',(-177.956179572,126.95217209209,
    43.959387645865));
#4448 = CARTESIAN_POINT('',(-179.0759658438,127.93649587286,
    43.949187645865));
#4449 = CARTESIAN_POINT('',(-180.1957521156,128.92081965364,
    43.938987645865));
#4450 = CARTESIAN_POINT('',(-56.76955959796,20.425708112059,
    53.060825687376));
#4451 = CARTESIAN_POINT('',(-57.8893458698,21.410031892835,
    53.050625687376));
#4452 = CARTESIAN_POINT('',(-59.00913214163,22.394355673611,
    53.040425687376));
#4453 = CARTESIAN_POINT('',(-60.12891841347,23.378679454388,
    53.030225687376));
#4454 = CARTESIAN_POINT('',(-61.24870468531,24.363003235164,
    53.020025687376));
#4455 = CARTESIAN_POINT('',(-62.36849095715,25.34732701594,
    53.009825687376));
#4456 = CARTESIAN_POINT('',(-81.82658563006,42.451542165583,
    52.8325842167));
#4457 = CARTESIAN_POINT('',(-100.1648940311,58.57143353445,
    52.665542746023));
#4458 = CARTESIAN_POINT('',(-118.5032024322,74.691324903317,
    52.498501275347));
#4459 = CARTESIAN_POINT('',(-136.8415108332,90.811216272183,
    52.331459804671));
#4460 = CARTESIAN_POINT('',(-155.1798192343,106.93110764105,
    52.164418333995));
#4461 = CARTESIAN_POINT('',(-174.6379139072,124.03532279069,
    51.987176863318));
#4462 = CARTESIAN_POINT('',(-175.7577001791,125.01964657147,
    51.976976863318));
#4463 = CARTESIAN_POINT('',(-176.8774864509,126.00397035224,
    51.966776863318));
#4464 = CARTESIAN_POINT('',(-177.9972727228,126.98829413302,
    51.956576863318));
#4465 = CARTESIAN_POINT('',(-179.1170589946,127.97261791379,
    51.946376863318));
#4466 = CARTESIAN_POINT('',(-180.2368452664,128.95694169457,
    51.936176863318));
#4467 = CARTESIAN_POINT('',(-51.48957372662,26.432352029116,
    53.063448824057));
#4468 = CARTESIAN_POINT('',(-52.60935999846,27.416675809892,
    53.053248824057));
#4469 = CARTESIAN_POINT('',(-53.7291462703,28.400999590668,
    53.043048824057));
#4470 = CARTESIAN_POINT('',(-54.84893254214,29.385323371444,
    53.032848824057));
#4471 = CARTESIAN_POINT('',(-55.96871881398,30.369647152221,
    53.022648824057));
#4472 = CARTESIAN_POINT('',(-57.08850508582,31.353970932997,
    53.012448824057));
#4473 = CARTESIAN_POINT('',(-76.54659975873,48.45818608264,
    52.835207353381));
#4474 = CARTESIAN_POINT('',(-94.88490815981,64.578077451507,
    52.668165882705));
#4475 = CARTESIAN_POINT('',(-113.2232165608,80.697968820373,
    52.501124412028));
#4476 = CARTESIAN_POINT('',(-131.5615249619,96.817860189241,
    52.334082941353));
#4477 = CARTESIAN_POINT('',(-149.899833363,112.9377515581,
    52.167041470676));
#4478 = CARTESIAN_POINT('',(-169.3579280359,130.04196670775,51.9898));
#4479 = CARTESIAN_POINT('',(-170.4777143077,131.02629048852,51.9796));
#4480 = CARTESIAN_POINT('',(-171.5975005796,132.0106142693,51.9694));
#4481 = CARTESIAN_POINT('',(-172.7172868514,132.99493805007,51.9592));
#4482 = CARTESIAN_POINT('',(-173.8370731233,133.97926183085,51.949));
#4483 = CARTESIAN_POINT('',(-174.9568593951,134.96358561163,51.9388));
#4484 = ADVANCED_FACE('',(#4485),#4517,.T.);
#4485 = FACE_BOUND('',#4486,.T.);
#4486 = EDGE_LOOP('',(#4487,#4488,#4489,#4511));
#4487 = ORIENTED_EDGE('',*,*,#4382,.F.);
#4488 = ORIENTED_EDGE('',*,*,#1478,.T.);
#4489 = ORIENTED_EDGE('',*,*,#4490,.T.);
#4490 = EDGE_CURVE('',#1395,#4491,#4493,.T.);
#4491 = VERTEX_POINT('',#4492);
#4492 = CARTESIAN_POINT('',(-163.2584068023,135.30203306112,52.));
#4493 = B_SPLINE_CURVE_WITH_KNOTS('',6,(#4494,#4495,#4496,#4497,#4498,
    #4499,#4500,#4501,#4502,#4503,#4504,#4505,#4506,#4507,#4508,#4509,
    #4510),.UNSPECIFIED.,.F.,.F.,(7,5,5,7),(-8.890959613727,
    5.471370022772E-02,146.55455944062,155.50023275457),.UNSPECIFIED.);
#4494 = CARTESIAN_POINT('',(-37.22714581246,44.316870952253,
    53.063448824057));
#4495 = CARTESIAN_POINT('',(-38.435966428,45.189549197333,
    53.053248824057));
#4496 = CARTESIAN_POINT('',(-39.64478704355,46.062227442413,
    53.043048824057));
#4497 = CARTESIAN_POINT('',(-40.85360765909,46.934905687493,
    53.032848824057));
#4498 = CARTESIAN_POINT('',(-42.06242827463,47.807583932573,
    53.022648824057));
#4499 = CARTESIAN_POINT('',(-43.27124889018,48.680262177653,
    53.012448824057));
#4500 = CARTESIAN_POINT('',(-64.27645905516,63.844455862465,
    52.835207353381));
#4501 = CARTESIAN_POINT('',(-84.07284860459,78.135971302198,
    52.668165882705));
#4502 = CARTESIAN_POINT('',(-103.869238154,92.427486741931,
    52.501124412029));
#4503 = CARTESIAN_POINT('',(-123.6656277034,106.71900218166,
    52.334082941352));
#4504 = CARTESIAN_POINT('',(-143.4620172528,121.01051762139,
    52.167041470676));
#4505 = CARTESIAN_POINT('',(-164.4672274178,136.1747113062,51.9898));
#4506 = CARTESIAN_POINT('',(-165.6760480334,137.04738955128,51.9796));
#4507 = CARTESIAN_POINT('',(-166.8848686489,137.92006779636,51.9694));
#4508 = CARTESIAN_POINT('',(-168.0936892645,138.79274604144,51.9592));
#4509 = CARTESIAN_POINT('',(-169.30250988,139.66542428652,51.949));
#4510 = CARTESIAN_POINT('',(-170.5113304955,140.5381025316,51.9388));
#4511 = ORIENTED_EDGE('',*,*,#4512,.F.);
#4512 = EDGE_CURVE('',#4383,#4491,#4513,.T.);
#4513 = LINE('',#4514,#4515);
#4514 = CARTESIAN_POINT('',(-173.2301519055,122.79786020443,52.));
#4515 = VECTOR('',#4516,1.);
#4516 = DIRECTION('',(0.623489801859,0.781831482468,0.));
#4517 = B_SPLINE_SURFACE_WITH_KNOTS('',1,1,(
    (#4518,#4519)
    ,(#4520,#4521
    )),.UNSPECIFIED.,.F.,.F.,.F.,(2,2),(2,2),(0.,38.),(0.,1.),
  .PIECEWISE_BEZIER_KNOTS.);
#4518 = CARTESIAN_POINT('',(-63.4471840782,26.295528755784,53.));
#4519 = CARTESIAN_POINT('',(-173.2301519055,122.79786020443,52.));
#4520 = CARTESIAN_POINT('',(-39.75457160757,56.005125089569,53.));
#4521 = CARTESIAN_POINT('',(-158.2663966609,141.56181578366,52.));
#4522 = ADVANCED_FACE('',(#4523),#4588,.T.);
#4523 = FACE_BOUND('',#4524,.T.);
#4524 = EDGE_LOOP('',(#4525,#4526,#4527,#4537,#4559));
#4525 = ORIENTED_EDGE('',*,*,#4490,.F.);
#4526 = ORIENTED_EDGE('',*,*,#1394,.T.);
#4527 = ORIENTED_EDGE('',*,*,#4528,.F.);
#4528 = EDGE_CURVE('',#4529,#1386,#4531,.T.);
#4529 = VERTEX_POINT('',#4530);
#4530 = CARTESIAN_POINT('',(-47.68234705167,61.728387145976,
    44.935542086678));
#4531 = B_SPLINE_CURVE_WITH_KNOTS('',4,(#4532,#4533,#4534,#4535,#4536),
  .UNSPECIFIED.,.F.,.F.,(5,5),(0.,1.),.PIECEWISE_BEZIER_KNOTS.);
#4532 = CARTESIAN_POINT('',(-47.68234705167,61.728387145976,
    44.935542086678));
#4533 = CARTESIAN_POINT('',(-47.68234705167,61.728387145976,
    44.951630579922));
#4534 = CARTESIAN_POINT('',(-47.68238265479,61.728359644202,
    44.967736641404));
#4535 = CARTESIAN_POINT('',(-47.68245403685,61.728304504834,
    44.983860055065));
#4536 = CARTESIAN_POINT('',(-47.68256137155,61.728221593107,45.0000006)
  );
#4537 = ORIENTED_EDGE('',*,*,#4538,.T.);
#4538 = EDGE_CURVE('',#4529,#4539,#4541,.T.);
#4539 = VERTEX_POINT('',#4540);
#4540 = CARTESIAN_POINT('',(-158.2663966609,141.56181578366,
    44.002436469923));
#4541 = B_SPLINE_CURVE_WITH_KNOTS('',6,(#4542,#4543,#4544,#4545,#4546,
    #4547,#4548,#4549,#4550,#4551,#4552,#4553,#4554,#4555,#4556,#4557,
    #4558),.UNSPECIFIED.,.F.,.F.,(7,5,5,7),(-8.890959613727,
    5.471370022772E-02,146.55455944062,155.50023275457),.UNSPECIFIED.);
#4542 = CARTESIAN_POINT('',(-32.5016479143,50.76905561909,
    45.063636469923));
#4543 = CARTESIAN_POINT('',(-33.71046852985,51.64173386417,
    45.053436469923));
#4544 = CARTESIAN_POINT('',(-34.91928914539,52.51441210925,
    45.043236469923));
#4545 = CARTESIAN_POINT('',(-36.12810976094,53.38709035433,
    45.033036469923));
#4546 = CARTESIAN_POINT('',(-37.33693037648,54.259768599409,
    45.022836469923));
#4547 = CARTESIAN_POINT('',(-38.54575099203,55.132446844489,
    45.012636469923));
#4548 = CARTESIAN_POINT('',(-59.550961157,70.296640529302,
    44.835394999247));
#4549 = CARTESIAN_POINT('',(-79.34735070644,84.588155969034,
    44.66835352857));
#4550 = CARTESIAN_POINT('',(-99.14374025587,98.879671408767,
    44.501312057894));
#4551 = CARTESIAN_POINT('',(-118.9401298053,113.1711868485,
    44.334270587218));
#4552 = CARTESIAN_POINT('',(-138.7365193547,127.46270228823,
    44.167229116542));
#4553 = CARTESIAN_POINT('',(-159.7417295197,142.62689597304,
    43.989987645865));
#4554 = CARTESIAN_POINT('',(-160.9505501352,143.49957421812,
    43.979787645865));
#4555 = CARTESIAN_POINT('',(-162.1593707508,144.3722524632,
    43.969587645865));
#4556 = CARTESIAN_POINT('',(-163.3681913663,145.24493070828,
    43.959387645865));
#4557 = CARTESIAN_POINT('',(-164.5770119818,146.11760895336,
    43.949187645865));
#4558 = CARTESIAN_POINT('',(-165.7858325974,146.99028719844,
    43.938987645865));
#4559 = ORIENTED_EDGE('',*,*,#4560,.F.);
#4560 = EDGE_CURVE('',#4491,#4539,#4561,.T.);
#4561 = B_SPLINE_CURVE_WITH_KNOTS('',7,(#4562,#4563,#4564,#4565,#4566,
    #4567,#4568,#4569,#4570,#4571,#4572,#4573,#4574,#4575,#4576,#4577,
    #4578,#4579,#4580,#4581,#4582,#4583,#4584,#4585,#4586,#4587),
  .UNSPECIFIED.,.F.,.F.,(8,6,6,6,8),(0.,0.250659807383,0.502734277041,
    0.752805090485,1.),.UNSPECIFIED.);
#4562 = CARTESIAN_POINT('',(-163.2584068023,135.30203306112,52.));
#4563 = CARTESIAN_POINT('',(-163.0053903203,135.61930569425,52.));
#4564 = CARTESIAN_POINT('',(-162.7462213817,135.94429326403,
    51.976038012599));
#4565 = CARTESIAN_POINT('',(-162.4822224775,136.27533741916,
    51.926019070671));
#4566 = CARTESIAN_POINT('',(-162.2150423268,136.61037073115,
    51.848056501285));
#4567 = CARTESIAN_POINT('',(-161.946659457,136.94691220513,
    51.740688909611));
#4568 = CARTESIAN_POINT('',(-161.6793090676,137.28215898972,
    51.60306306552));
#4569 = CARTESIAN_POINT('',(-161.1498674729,137.94605775053,
    51.26615428027));
#4570 = CARTESIAN_POINT('',(-160.8878136002,138.27466291323,
    51.06652627206));
#4571 = CARTESIAN_POINT('',(-160.6315545268,138.59600162742,
    50.836096898442));
#4572 = CARTESIAN_POINT('',(-160.3835812121,138.90695032885,
    50.575519123046));
#4573 = CARTESIAN_POINT('',(-160.1463453896,139.20443464105,
    50.286321256109));
#4574 = CARTESIAN_POINT('',(-159.9220442103,139.48569942351,
    49.970857922837));
#4575 = CARTESIAN_POINT('',(-159.5046026334,140.00915460428,
    49.296006675763));
#4576 = CARTESIAN_POINT('',(-159.3112279042,140.25163884492,
    48.936986521836));
#4577 = CARTESIAN_POINT('',(-159.134136239,140.47370476921,
    48.557912548811));
#4578 = CARTESIAN_POINT('',(-158.9747251534,140.67359994801,
    48.16225501099));
#4579 = CARTESIAN_POINT('',(-158.8338889568,140.85020295264,
    47.753861933496));
#4580 = CARTESIAN_POINT('',(-158.7119940954,141.00305427425,
    47.336628287819));
#4581 = CARTESIAN_POINT('',(-158.5070976187,141.25998632925,
    46.496773065633));
#4582 = CARTESIAN_POINT('',(-158.4236639984,141.36460877999,
    46.074267308617));
#4583 = CARTESIAN_POINT('',(-158.3585704048,141.44623356455,
    45.650344403271));
#4584 = CARTESIAN_POINT('',(-158.3112908075,141.50552030436,
    45.228422812902));
#4585 = CARTESIAN_POINT('',(-158.2809432404,141.54357494987,
    44.811528951389));
#4586 = CARTESIAN_POINT('',(-158.2663966609,141.56181578366,
    44.402189433967));
#4587 = CARTESIAN_POINT('',(-158.2663966609,141.56181578366,
    44.002436469923));
#4588 = ( BOUNDED_SURFACE() B_SPLINE_SURFACE(2,6,(
    (#4589,#4590,#4591,#4592,#4593,#4594,#4595,#4596,#4597,#4598,#4599
      ,#4600,#4601,#4602,#4603,#4604,#4605)
    ,(#4606,#4607,#4608,#4609,#4610,#4611,#4612,#4613,#4614,#4615,#4616
      ,#4617,#4618,#4619,#4620,#4621,#4622)
    ,(#4623,#4624,#4625,#4626,#4627,#4628,#4629,#4630,#4631,#4632,#4633
      ,#4634,#4635,#4636,#4637,#4638,#4639
)),.UNSPECIFIED.,.F.,.F.,.F.) B_SPLINE_SURFACE_WITH_KNOTS((3,3),(7,5,5,7
    ),(0.,146.49984574039),(-8.890959613727,5.471370022772E-02,
    146.55455944062,155.50023275457),.UNSPECIFIED.) 
GEOMETRIC_REPRESENTATION_ITEM() RATIONAL_B_SPLINE_SURFACE((
    (1.,1.,1.,1.,1.,1.,1.,1.,1.,1.,1.,1.,1.,1.,1.,1.,1.)
    ,(0.707222739782,0.707222739782,0.707222739782,0.707222739782
      ,0.707222739782,0.707222739782,0.707222739782,0.707222739782
      ,0.707222739782,0.707222739782,0.707222739782,0.707222739782
      ,0.707222739782,0.707222739782,0.707222739782,0.707222739782
      ,0.707222739782)
    ,(1.,1.,1.,1.,1.,1.,1.,1.,1.,1.,1.,1.,1.,1.,1.,1.,1.
))) REPRESENTATION_ITEM('') SURFACE() );
#4589 = CARTESIAN_POINT('',(-37.22714581246,44.316870952253,
    53.063448824057));
#4590 = CARTESIAN_POINT('',(-38.435966428,45.189549197333,
    53.053248824057));
#4591 = CARTESIAN_POINT('',(-39.64478704355,46.062227442413,
    53.043048824057));
#4592 = CARTESIAN_POINT('',(-40.85360765909,46.934905687493,
    53.032848824057));
#4593 = CARTESIAN_POINT('',(-42.06242827463,47.807583932573,
    53.022648824057));
#4594 = CARTESIAN_POINT('',(-43.27124889018,48.680262177653,
    53.012448824057));
#4595 = CARTESIAN_POINT('',(-64.27645905516,63.844455862465,
    52.835207353381));
#4596 = CARTESIAN_POINT('',(-84.07284860459,78.135971302198,
    52.668165882705));
#4597 = CARTESIAN_POINT('',(-103.869238154,92.427486741931,
    52.501124412029));
#4598 = CARTESIAN_POINT('',(-123.6656277034,106.71900218166,
    52.334082941352));
#4599 = CARTESIAN_POINT('',(-143.4620172528,121.01051762139,
    52.167041470676));
#4600 = CARTESIAN_POINT('',(-164.4672274178,136.1747113062,51.9898));
#4601 = CARTESIAN_POINT('',(-165.6760480334,137.04738955128,51.9796));
#4602 = CARTESIAN_POINT('',(-166.8848686489,137.92006779636,51.9694));
#4603 = CARTESIAN_POINT('',(-168.0936892645,138.79274604144,51.9592));
#4604 = CARTESIAN_POINT('',(-169.30250988,139.66542428652,51.949));
#4605 = CARTESIAN_POINT('',(-170.5113304955,140.5381025316,51.9388));
#4606 = CARTESIAN_POINT('',(-32.54600838655,50.801080568507,
    53.060825687376));
#4607 = CARTESIAN_POINT('',(-33.75482900209,51.673758813587,
    53.050625687376));
#4608 = CARTESIAN_POINT('',(-34.96364961764,52.546437058667,
    53.040425687376));
#4609 = CARTESIAN_POINT('',(-36.17247023318,53.419115303747,
    53.030225687376));
#4610 = CARTESIAN_POINT('',(-37.38129084872,54.291793548827,
    53.020025687376));
#4611 = CARTESIAN_POINT('',(-38.59011146427,55.164471793906,
    53.009825687376));
#4612 = CARTESIAN_POINT('',(-59.59532162925,70.328665478719,
    52.8325842167));
#4613 = CARTESIAN_POINT('',(-79.39171117868,84.620180918452,
    52.665542746023));
#4614 = CARTESIAN_POINT('',(-99.18810072811,98.911696358184,
    52.498501275347));
#4615 = CARTESIAN_POINT('',(-118.9844902775,113.20321179791,
    52.331459804671));
#4616 = CARTESIAN_POINT('',(-138.7808798269,127.49472723765,
    52.164418333995));
#4617 = CARTESIAN_POINT('',(-159.7860899919,142.65892092246,
    51.987176863318));
#4618 = CARTESIAN_POINT('',(-160.9949106075,143.53159916754,
    51.976976863318));
#4619 = CARTESIAN_POINT('',(-162.203731223,144.40427741262,
    51.966776863318));
#4620 = CARTESIAN_POINT('',(-163.4125518385,145.2769556577,
    51.956576863318));
#4621 = CARTESIAN_POINT('',(-164.6213724541,146.14963390278,
    51.946376863318));
#4622 = CARTESIAN_POINT('',(-165.8301930696,147.02231214786,
    51.936176863318));
#4623 = CARTESIAN_POINT('',(-32.5016479143,50.76905561909,
    45.063636469923));
#4624 = CARTESIAN_POINT('',(-33.71046852985,51.64173386417,
    45.053436469923));
#4625 = CARTESIAN_POINT('',(-34.91928914539,52.51441210925,
    45.043236469923));
#4626 = CARTESIAN_POINT('',(-36.12810976094,53.38709035433,
    45.033036469923));
#4627 = CARTESIAN_POINT('',(-37.33693037648,54.259768599409,
    45.022836469923));
#4628 = CARTESIAN_POINT('',(-38.54575099203,55.132446844489,
    45.012636469923));
#4629 = CARTESIAN_POINT('',(-59.550961157,70.296640529302,
    44.835394999247));
#4630 = CARTESIAN_POINT('',(-79.34735070644,84.588155969034,
    44.66835352857));
#4631 = CARTESIAN_POINT('',(-99.14374025587,98.879671408767,
    44.501312057894));
#4632 = CARTESIAN_POINT('',(-118.9401298053,113.1711868485,
    44.334270587218));
#4633 = CARTESIAN_POINT('',(-138.7365193547,127.46270228823,
    44.167229116542));
#4634 = CARTESIAN_POINT('',(-159.7417295197,142.62689597304,
    43.989987645865));
#4635 = CARTESIAN_POINT('',(-160.9505501352,143.49957421812,
    43.979787645865));
#4636 = CARTESIAN_POINT('',(-162.1593707508,144.3722524632,
    43.969587645865));
#4637 = CARTESIAN_POINT('',(-163.3681913663,145.24493070828,
    43.959387645865));
#4638 = CARTESIAN_POINT('',(-164.5770119818,146.11760895336,
    43.949187645865));
#4639 = CARTESIAN_POINT('',(-165.7858325974,146.99028719844,
    43.938987645865));
#4640 = ADVANCED_FACE('',(#4641),#4682,.T.);
#4641 = FACE_BOUND('',#4642,.T.);
#4642 = EDGE_LOOP('',(#4643,#4655,#4664,#4672,#4673,#4674));
#4643 = ORIENTED_EDGE('',*,*,#4644,.T.);
#4644 = EDGE_CURVE('',#4645,#4647,#4649,.T.);
#4645 = VERTEX_POINT('',#4646);
#4646 = CARTESIAN_POINT('',(-18.53173931729,75.766579953671,
    44.935542086678));
#4647 = VERTEX_POINT('',#4648);
#4648 = CARTESIAN_POINT('',(-18.53173931729,75.766579953671,43.));
#4649 = B_SPLINE_CURVE_WITH_KNOTS('',4,(#4650,#4651,#4652,#4653,#4654),
  .UNSPECIFIED.,.F.,.F.,(5,5),(0.,1.),.PIECEWISE_BEZIER_KNOTS.);
#4650 = CARTESIAN_POINT('',(-18.53173931729,75.766579953671,
    44.935542686678));
#4651 = CARTESIAN_POINT('',(-18.53173931729,75.766579953671,
    44.451656865009));
#4652 = CARTESIAN_POINT('',(-18.53173931729,75.766579953671,
    43.967771043339));
#4653 = CARTESIAN_POINT('',(-18.53173931729,75.766579953671,
    43.48388522167));
#4654 = CARTESIAN_POINT('',(-18.53173931729,75.766579953671,42.9999994)
  );
#4655 = ORIENTED_EDGE('',*,*,#4656,.T.);
#4656 = EDGE_CURVE('',#4647,#4657,#4659,.T.);
#4657 = VERTEX_POINT('',#4658);
#4658 = CARTESIAN_POINT('',(-47.68234705167,61.728387145976,43.));
#4659 = CIRCLE('',#4660,78.);
#4660 = AXIS2_PLACEMENT_3D('',#4661,#4662,#4663);
#4661 = CARTESIAN_POINT('',(0.,0.,43.));
#4662 = DIRECTION('',(0.,0.,1.));
#4663 = DIRECTION('',(1.,0.,-0.));
#4664 = ORIENTED_EDGE('',*,*,#4665,.T.);
#4665 = EDGE_CURVE('',#4657,#4529,#4666,.T.);
#4666 = B_SPLINE_CURVE_WITH_KNOTS('',4,(#4667,#4668,#4669,#4670,#4671),
  .UNSPECIFIED.,.F.,.F.,(5,5),(0.,1.),.PIECEWISE_BEZIER_KNOTS.);
#4667 = CARTESIAN_POINT('',(-47.68234705167,61.728387145976,42.9999994)
  );
#4668 = CARTESIAN_POINT('',(-47.68234705167,61.728387145976,
    43.48388522167));
#4669 = CARTESIAN_POINT('',(-47.68234705167,61.728387145976,
    43.967771043339));
#4670 = CARTESIAN_POINT('',(-47.68234705167,61.728387145976,
    44.451656865009));
#4671 = CARTESIAN_POINT('',(-47.68234705167,61.728387145976,
    44.935542686678));
#4672 = ORIENTED_EDGE('',*,*,#4528,.T.);
#4673 = ORIENTED_EDGE('',*,*,#1385,.F.);
#4674 = ORIENTED_EDGE('',*,*,#4675,.T.);
#4675 = EDGE_CURVE('',#1309,#4645,#4676,.T.);
#4676 = B_SPLINE_CURVE_WITH_KNOTS('',4,(#4677,#4678,#4679,#4680,#4681),
  .UNSPECIFIED.,.F.,.F.,(5,5),(0.,1.),.PIECEWISE_BEZIER_KNOTS.);
#4677 = CARTESIAN_POINT('',(-18.53147625658,75.766644295175,45.0000006)
  );
#4678 = CARTESIAN_POINT('',(-18.53160800167,75.766612072143,
    44.983860055065));
#4679 = CARTESIAN_POINT('',(-18.53169561735,75.766590642232,
    44.967736641404));
#4680 = CARTESIAN_POINT('',(-18.53173931729,75.766579953671,
    44.95163057992));
#4681 = CARTESIAN_POINT('',(-18.53173931729,75.766579953671,
    44.935542086678));
#4682 = CYLINDRICAL_SURFACE('',#4683,78.);
#4683 = AXIS2_PLACEMENT_3D('',#4684,#4685,#4686);
#4684 = CARTESIAN_POINT('',(0.,0.,35.));
#4685 = DIRECTION('',(0.,0.,1.));
#4686 = DIRECTION('',(1.,0.,-0.));
#4687 = ADVANCED_FACE('',(#4688),#4765,.T.);
#4688 = FACE_BOUND('',#4689,.T.);
#4689 = EDGE_LOOP('',(#4690,#4712,#4713,#4714,#4736));
#4690 = ORIENTED_EDGE('',*,*,#4691,.F.);
#4691 = EDGE_CURVE('',#4645,#4692,#4694,.T.);
#4692 = VERTEX_POINT('',#4693);
#4693 = CARTESIAN_POINT('',(-12.,212.,44.002436469923));
#4694 = B_SPLINE_CURVE_WITH_KNOTS('',6,(#4695,#4696,#4697,#4698,#4699,
    #4700,#4701,#4702,#4703,#4704,#4705,#4706,#4707,#4708,#4709,#4710,
    #4711),.UNSPECIFIED.,.F.,.F.,(7,5,5,7),(-8.890959613726,
    5.471370022836E-02,146.55455944062,155.50023275457),.UNSPECIFIED.);
#4695 = CARTESIAN_POINT('',(-19.4284,57.0648,45.063636469923));
#4696 = CARTESIAN_POINT('',(-19.357,58.554,45.053436469923));
#4697 = CARTESIAN_POINT('',(-19.2856,60.0432,45.043236469923));
#4698 = CARTESIAN_POINT('',(-19.2142,61.5324,45.033036469923));
#4699 = CARTESIAN_POINT('',(-19.1428,63.0216,45.022836469923));
#4700 = CARTESIAN_POINT('',(-19.0714,64.5108,45.012636469923));
#4701 = CARTESIAN_POINT('',(-17.83070970526,90.388054718728,
    44.835394999246));
#4702 = CARTESIAN_POINT('',(-16.66141941053,114.77610943745,
    44.66835352857));
#4703 = CARTESIAN_POINT('',(-15.49212911579,139.16416415618,
    44.501312057894));
#4704 = CARTESIAN_POINT('',(-14.32283882106,163.55221887491,
    44.334270587218));
#4705 = CARTESIAN_POINT('',(-13.15354852633,187.94027359364,
    44.167229116542));
#4706 = CARTESIAN_POINT('',(-11.91285823159,213.81752831236,
    43.989987645865));
#4707 = CARTESIAN_POINT('',(-11.84145823159,215.30672831236,
    43.979787645865));
#4708 = CARTESIAN_POINT('',(-11.77005823159,216.79592831236,
    43.969587645865));
#4709 = CARTESIAN_POINT('',(-11.69865823159,218.28512831236,
    43.959387645865));
#4710 = CARTESIAN_POINT('',(-11.62725823159,219.77432831236,
    43.949187645865));
#4711 = CARTESIAN_POINT('',(-11.55585823159,221.26352831236,
    43.938987645865));
#4712 = ORIENTED_EDGE('',*,*,#4675,.F.);
#4713 = ORIENTED_EDGE('',*,*,#1308,.T.);
#4714 = ORIENTED_EDGE('',*,*,#4715,.T.);
#4715 = EDGE_CURVE('',#1270,#4716,#4718,.T.);
#4716 = VERTEX_POINT('',#4717);
#4717 = CARTESIAN_POINT('',(-3.993437380165,212.,52.));
#4718 = B_SPLINE_CURVE_WITH_KNOTS('',6,(#4719,#4720,#4721,#4722,#4723,
    #4724,#4725,#4726,#4727,#4728,#4729,#4730,#4731,#4732,#4733,#4734,
    #4735),.UNSPECIFIED.,.F.,.F.,(7,5,5,7),(-8.890959613726,
    5.471370022836E-02,146.55455944062,155.50023275457),.UNSPECIFIED.);
#4719 = CARTESIAN_POINT('',(-11.43757914856,56.736471687631,
    53.063448824057));
#4720 = CARTESIAN_POINT('',(-11.36617914856,58.225671687631,
    53.053248824057));
#4721 = CARTESIAN_POINT('',(-11.29477914856,59.714871687631,
    53.043048824057));
#4722 = CARTESIAN_POINT('',(-11.22337914856,61.204071687631,
    53.032848824057));
#4723 = CARTESIAN_POINT('',(-11.15197914856,62.693271687631,
    53.022648824057));
#4724 = CARTESIAN_POINT('',(-11.08057914856,64.182471687631,
    53.012448824057));
#4725 = CARTESIAN_POINT('',(-9.839888853833,90.059726406359,
    52.835207353381));
#4726 = CARTESIAN_POINT('',(-8.670598559099,114.44778112508,
    52.668165882705));
#4727 = CARTESIAN_POINT('',(-7.501308264365,138.83583584381,
    52.501124412029));
#4728 = CARTESIAN_POINT('',(-6.332017969632,163.22389056254,
    52.334082941353));
#4729 = CARTESIAN_POINT('',(-5.162727674898,187.61194528127,
    52.167041470676));
#4730 = CARTESIAN_POINT('',(-3.922037380165,213.4892,51.9898));
#4731 = CARTESIAN_POINT('',(-3.850637380165,214.9784,51.9796));
#4732 = CARTESIAN_POINT('',(-3.779237380165,216.4676,51.9694));
#4733 = CARTESIAN_POINT('',(-3.707837380165,217.9568,51.9592));
#4734 = CARTESIAN_POINT('',(-3.636437380165,219.446,51.949));
#4735 = CARTESIAN_POINT('',(-3.565037380165,220.9352,51.9388));
#4736 = ORIENTED_EDGE('',*,*,#4737,.F.);
#4737 = EDGE_CURVE('',#4692,#4716,#4738,.T.);
#4738 = B_SPLINE_CURVE_WITH_KNOTS('',7,(#4739,#4740,#4741,#4742,#4743,
    #4744,#4745,#4746,#4747,#4748,#4749,#4750,#4751,#4752,#4753,#4754,
    #4755,#4756,#4757,#4758,#4759,#4760,#4761,#4762,#4763,#4764),
  .UNSPECIFIED.,.F.,.F.,(8,6,6,6,8),(0.,0.246925498661,0.497996622871,
    0.749070781752,1.),.UNSPECIFIED.);
#4739 = CARTESIAN_POINT('',(-12.,212.,44.002436469923));
#4740 = CARTESIAN_POINT('',(-12.,212.,44.4017537518));
#4741 = CARTESIAN_POINT('',(-11.97671992891,212.,44.810636700958));
#4742 = CARTESIAN_POINT('',(-11.92815442893,212.,45.22705974607));
#4743 = CARTESIAN_POINT('',(-11.85249518306,212.,45.648505062594));
#4744 = CARTESIAN_POINT('',(-11.74833137243,212.,46.071957206985));
#4745 = CARTESIAN_POINT('',(-11.61482017625,212.,46.49401015744));
#4746 = CARTESIAN_POINT('',(-11.2860979694,212.,47.335165652795));
#4747 = CARTESIAN_POINT('',(-11.0898873223,212.,47.754101081611));
#4748 = CARTESIAN_POINT('',(-10.86305063537,212.,48.164131040101));
#4749 = CARTESIAN_POINT('',(-10.60618209714,212.,48.561312946459));
#4750 = CARTESIAN_POINT('',(-10.32073662877,212.,48.941751868046));
#4751 = CARTESIAN_POINT('',(-10.00898915067,212.,49.301938471005));
#4752 = CARTESIAN_POINT('',(-9.338645866868,212.,49.975981163216));
#4753 = CARTESIAN_POINT('',(-8.980048175573,212.,50.289838016805));
#4754 = CARTESIAN_POINT('',(-8.600906723008,212.,50.577613543181));
#4755 = CARTESIAN_POINT('',(-8.204706539236,212.,50.836987465347));
#4756 = CARTESIAN_POINT('',(-7.795332775521,212.,51.066452893014));
#4757 = CARTESIAN_POINT('',(-7.37673254746,212.,51.265363987357));
#4758 = CARTESIAN_POINT('',(-6.528878730944,212.,51.60217501519));
#4759 = CARTESIAN_POINT('',(-6.099630097181,212.,51.74011075315));
#4760 = CARTESIAN_POINT('',(-5.668706385429,212.,51.847723160505));
#4761 = CARTESIAN_POINT('',(-5.239705756152,212.,51.925855672159));
#4762 = CARTESIAN_POINT('',(-4.815812550046,212.,51.97598727739));
#4763 = CARTESIAN_POINT('',(-4.399680473667,212.,52.));
#4764 = CARTESIAN_POINT('',(-3.993437380165,212.,52.));
#4765 = ( BOUNDED_SURFACE() B_SPLINE_SURFACE(2,6,(
    (#4766,#4767,#4768,#4769,#4770,#4771,#4772,#4773,#4774,#4775,#4776
      ,#4777,#4778,#4779,#4780,#4781,#4782)
    ,(#4783,#4784,#4785,#4786,#4787,#4788,#4789,#4790,#4791,#4792,#4793
      ,#4794,#4795,#4796,#4797,#4798,#4799)
    ,(#4800,#4801,#4802,#4803,#4804,#4805,#4806,#4807,#4808,#4809,#4810
      ,#4811,#4812,#4813,#4814,#4815,#4816
)),.UNSPECIFIED.,.F.,.F.,.F.) B_SPLINE_SURFACE_WITH_KNOTS((3,3),(7,5,5,7
    ),(0.,146.49984574039),(-8.890959613726,5.471370022836E-02,
    146.55455944062,155.50023275457),.UNSPECIFIED.) 
GEOMETRIC_REPRESENTATION_ITEM() RATIONAL_B_SPLINE_SURFACE((
    (1.,1.,1.,1.,1.,1.,1.,1.,1.,1.,1.,1.,1.,1.,1.,1.,1.)
    ,(0.707222739782,0.707222739782,0.707222739782,0.707222739782
      ,0.707222739782,0.707222739782,0.707222739782,0.707222739782
      ,0.707222739782,0.707222739782,0.707222739782,0.707222739782
      ,0.707222739782,0.707222739782,0.707222739782,0.707222739782
      ,0.707222739782)
    ,(1.,1.,1.,1.,1.,1.,1.,1.,1.,1.,1.,1.,1.,1.,1.,1.,1.
))) REPRESENTATION_ITEM('') SURFACE() );
#4766 = CARTESIAN_POINT('',(-19.4284,57.0648,45.063636469923));
#4767 = CARTESIAN_POINT('',(-19.357,58.554,45.053436469923));
#4768 = CARTESIAN_POINT('',(-19.2856,60.0432,45.043236469923));
#4769 = CARTESIAN_POINT('',(-19.2142,61.5324,45.033036469923));
#4770 = CARTESIAN_POINT('',(-19.1428,63.0216,45.022836469923));
#4771 = CARTESIAN_POINT('',(-19.0714,64.5108,45.012636469923));
#4772 = CARTESIAN_POINT('',(-17.83070970526,90.388054718728,
    44.835394999246));
#4773 = CARTESIAN_POINT('',(-16.66141941053,114.77610943745,
    44.66835352857));
#4774 = CARTESIAN_POINT('',(-15.49212911579,139.16416415618,
    44.501312057894));
#4775 = CARTESIAN_POINT('',(-14.32283882106,163.55221887491,
    44.334270587218));
#4776 = CARTESIAN_POINT('',(-13.15354852633,187.94027359364,
    44.167229116542));
#4777 = CARTESIAN_POINT('',(-11.91285823159,213.81752831236,
    43.989987645865));
#4778 = CARTESIAN_POINT('',(-11.84145823159,215.30672831236,
    43.979787645865));
#4779 = CARTESIAN_POINT('',(-11.77005823159,216.79592831236,
    43.969587645865));
#4780 = CARTESIAN_POINT('',(-11.69865823159,218.28512831236,
    43.959387645865));
#4781 = CARTESIAN_POINT('',(-11.62725823159,219.77432831236,
    43.949187645865));
#4782 = CARTESIAN_POINT('',(-11.55585823159,221.26352831236,
    43.938987645865));
#4783 = CARTESIAN_POINT('',(-19.42577981163,57.119449643143,
    53.060825687376));
#4784 = CARTESIAN_POINT('',(-19.35437981163,58.608649643143,
    53.050625687376));
#4785 = CARTESIAN_POINT('',(-19.28297981163,60.097849643143,
    53.040425687376));
#4786 = CARTESIAN_POINT('',(-19.21157981163,61.587049643143,
    53.030225687376));
#4787 = CARTESIAN_POINT('',(-19.14017981163,63.076249643143,
    53.020025687376));
#4788 = CARTESIAN_POINT('',(-19.06877981163,64.565449643143,
    53.009825687376));
#4789 = CARTESIAN_POINT('',(-17.82808951689,90.442704361871,
    52.8325842167));
#4790 = CARTESIAN_POINT('',(-16.65879922216,114.83075908059,
    52.665542746023));
#4791 = CARTESIAN_POINT('',(-15.48950892742,139.21881379932,
    52.498501275347));
#4792 = CARTESIAN_POINT('',(-14.32021863269,163.60686851805,
    52.331459804671));
#4793 = CARTESIAN_POINT('',(-13.15092833796,187.99492323678,
    52.164418333995));
#4794 = CARTESIAN_POINT('',(-11.91023804322,213.87217795551,
    51.987176863318));
#4795 = CARTESIAN_POINT('',(-11.83883804322,215.36137795551,
    51.976976863318));
#4796 = CARTESIAN_POINT('',(-11.76743804322,216.85057795551,
    51.966776863318));
#4797 = CARTESIAN_POINT('',(-11.69603804322,218.33977795551,
    51.956576863318));
#4798 = CARTESIAN_POINT('',(-11.62463804322,219.82897795551,
    51.946376863318));
#4799 = CARTESIAN_POINT('',(-11.55323804322,221.31817795551,
    51.936176863318));
#4800 = CARTESIAN_POINT('',(-11.43757914856,56.736471687631,
    53.063448824057));
#4801 = CARTESIAN_POINT('',(-11.36617914856,58.225671687631,
    53.053248824057));
#4802 = CARTESIAN_POINT('',(-11.29477914856,59.714871687631,
    53.043048824057));
#4803 = CARTESIAN_POINT('',(-11.22337914856,61.204071687631,
    53.032848824057));
#4804 = CARTESIAN_POINT('',(-11.15197914856,62.693271687631,
    53.022648824057));
#4805 = CARTESIAN_POINT('',(-11.08057914856,64.182471687631,
    53.012448824057));
#4806 = CARTESIAN_POINT('',(-9.839888853833,90.059726406359,
    52.835207353381));
#4807 = CARTESIAN_POINT('',(-8.670598559099,114.44778112508,
    52.668165882705));
#4808 = CARTESIAN_POINT('',(-7.501308264365,138.83583584381,
    52.501124412029));
#4809 = CARTESIAN_POINT('',(-6.332017969632,163.22389056254,
    52.334082941353));
#4810 = CARTESIAN_POINT('',(-5.162727674898,187.61194528127,
    52.167041470676));
#4811 = CARTESIAN_POINT('',(-3.922037380165,213.4892,51.9898));
#4812 = CARTESIAN_POINT('',(-3.850637380165,214.9784,51.9796));
#4813 = CARTESIAN_POINT('',(-3.779237380165,216.4676,51.9694));
#4814 = CARTESIAN_POINT('',(-3.707837380165,217.9568,51.9592));
#4815 = CARTESIAN_POINT('',(-3.636437380165,219.446,51.949));
#4816 = CARTESIAN_POINT('',(-3.565037380165,220.9352,51.9388));
#4817 = ADVANCED_FACE('',(#4818),#4850,.T.);
#4818 = FACE_BOUND('',#4819,.T.);
#4819 = EDGE_LOOP('',(#4820,#4821,#4822,#4844));
#4820 = ORIENTED_EDGE('',*,*,#4715,.F.);
#4821 = ORIENTED_EDGE('',*,*,#1269,.T.);
#4822 = ORIENTED_EDGE('',*,*,#4823,.T.);
#4823 = EDGE_CURVE('',#1186,#4824,#4826,.T.);
#4824 = VERTEX_POINT('',#4825);
#4825 = CARTESIAN_POINT('',(3.993437380165,212.,52.));
#4826 = B_SPLINE_CURVE_WITH_KNOTS('',6,(#4827,#4828,#4829,#4830,#4831,
    #4832,#4833,#4834,#4835,#4836,#4837,#4838,#4839,#4840,#4841,#4842,
    #4843),.UNSPECIFIED.,.F.,.F.,(7,5,5,7),(-8.890959613726,
    5.471370022837E-02,146.55455944062,155.50023275457),.UNSPECIFIED.);
#4827 = CARTESIAN_POINT('',(11.437579148566,56.736471687631,
    53.063448824057));
#4828 = CARTESIAN_POINT('',(11.366179148566,58.225671687631,
    53.053248824057));
#4829 = CARTESIAN_POINT('',(11.294779148566,59.714871687631,
    53.043048824057));
#4830 = CARTESIAN_POINT('',(11.223379148566,61.204071687631,
    53.032848824057));
#4831 = CARTESIAN_POINT('',(11.151979148566,62.693271687631,
    53.022648824057));
#4832 = CARTESIAN_POINT('',(11.080579148566,64.182471687631,
    53.012448824057));
#4833 = CARTESIAN_POINT('',(9.839888853833,90.059726406359,
    52.835207353381));
#4834 = CARTESIAN_POINT('',(8.670598559099,114.44778112508,
    52.668165882705));
#4835 = CARTESIAN_POINT('',(7.501308264366,138.83583584381,
    52.501124412029));
#4836 = CARTESIAN_POINT('',(6.332017969632,163.22389056254,
    52.334082941353));
#4837 = CARTESIAN_POINT('',(5.162727674898,187.61194528127,
    52.167041470676));
#4838 = CARTESIAN_POINT('',(3.922037380165,213.4892,51.9898));
#4839 = CARTESIAN_POINT('',(3.850637380165,214.9784,51.9796));
#4840 = CARTESIAN_POINT('',(3.779237380165,216.4676,51.9694));
#4841 = CARTESIAN_POINT('',(3.707837380165,217.9568,51.9592));
#4842 = CARTESIAN_POINT('',(3.636437380165,219.446,51.949));
#4843 = CARTESIAN_POINT('',(3.565037380165,220.9352,51.9388));
#4844 = ORIENTED_EDGE('',*,*,#4845,.F.);
#4845 = EDGE_CURVE('',#4716,#4824,#4846,.T.);
#4846 = LINE('',#4847,#4848);
#4847 = CARTESIAN_POINT('',(-12.,212.,52.));
#4848 = VECTOR('',#4849,1.);
#4849 = DIRECTION('',(1.,0.,0.));
#4850 = B_SPLINE_SURFACE_WITH_KNOTS('',1,1,(
    (#4851,#4852)
    ,(#4853,#4854
    )),.UNSPECIFIED.,.F.,.F.,.F.,(2,2),(2,2),(0.,38.),(0.,1.),
  .PIECEWISE_BEZIER_KNOTS.);
#4851 = CARTESIAN_POINT('',(-19.,66.,53.));
#4852 = CARTESIAN_POINT('',(-12.,212.,52.));
#4853 = CARTESIAN_POINT('',(19.,66.,53.));
#4854 = CARTESIAN_POINT('',(12.,212.,52.));
#4855 = ADVANCED_FACE('',(#4856),#4921,.T.);
#4856 = FACE_BOUND('',#4857,.T.);
#4857 = EDGE_LOOP('',(#4858,#4859,#4860,#4870,#4892));
#4858 = ORIENTED_EDGE('',*,*,#4823,.F.);
#4859 = ORIENTED_EDGE('',*,*,#1185,.T.);
#4860 = ORIENTED_EDGE('',*,*,#4861,.F.);
#4861 = EDGE_CURVE('',#4862,#1177,#4864,.T.);
#4862 = VERTEX_POINT('',#4863);
#4863 = CARTESIAN_POINT('',(18.53173931729,75.766579953671,
    44.935542086678));
#4864 = B_SPLINE_CURVE_WITH_KNOTS('',4,(#4865,#4866,#4867,#4868,#4869),
  .UNSPECIFIED.,.F.,.F.,(5,5),(0.,1.),.PIECEWISE_BEZIER_KNOTS.);
#4865 = CARTESIAN_POINT('',(18.53173931729,75.766579953671,
    44.935542086678));
#4866 = CARTESIAN_POINT('',(18.53173931729,75.766579953671,
    44.951630579922));
#4867 = CARTESIAN_POINT('',(18.531695617357,75.766590642232,
    44.967736641404));
#4868 = CARTESIAN_POINT('',(18.531608001674,75.766612072143,
    44.983860055065));
#4869 = CARTESIAN_POINT('',(18.531476256585,75.766644295175,45.0000006)
  );
#4870 = ORIENTED_EDGE('',*,*,#4871,.T.);
#4871 = EDGE_CURVE('',#4862,#4872,#4874,.T.);
#4872 = VERTEX_POINT('',#4873);
#4873 = CARTESIAN_POINT('',(12.,212.,44.002436469923));
#4874 = B_SPLINE_CURVE_WITH_KNOTS('',6,(#4875,#4876,#4877,#4878,#4879,
    #4880,#4881,#4882,#4883,#4884,#4885,#4886,#4887,#4888,#4889,#4890,
    #4891),.UNSPECIFIED.,.F.,.F.,(7,5,5,7),(-8.890959613726,
    5.471370022837E-02,146.55455944062,155.50023275457),.UNSPECIFIED.);
#4875 = CARTESIAN_POINT('',(19.4284,57.0648,45.063636469923));
#4876 = CARTESIAN_POINT('',(19.357,58.554,45.053436469923));
#4877 = CARTESIAN_POINT('',(19.2856,60.0432,45.043236469923));
#4878 = CARTESIAN_POINT('',(19.2142,61.5324,45.033036469923));
#4879 = CARTESIAN_POINT('',(19.1428,63.0216,45.022836469923));
#4880 = CARTESIAN_POINT('',(19.0714,64.5108,45.012636469923));
#4881 = CARTESIAN_POINT('',(17.830709705266,90.388054718728,
    44.835394999246));
#4882 = CARTESIAN_POINT('',(16.661419410533,114.77610943745,
    44.66835352857));
#4883 = CARTESIAN_POINT('',(15.492129115799,139.16416415618,
    44.501312057894));
#4884 = CARTESIAN_POINT('',(14.322838821066,163.55221887491,
    44.334270587218));
#4885 = CARTESIAN_POINT('',(13.153548526332,187.94027359364,
    44.167229116542));
#4886 = CARTESIAN_POINT('',(11.912858231599,213.81752831236,
    43.989987645865));
#4887 = CARTESIAN_POINT('',(11.841458231599,215.30672831236,
    43.979787645865));
#4888 = CARTESIAN_POINT('',(11.770058231599,216.79592831236,
    43.969587645865));
#4889 = CARTESIAN_POINT('',(11.698658231599,218.28512831236,
    43.959387645865));
#4890 = CARTESIAN_POINT('',(11.627258231599,219.77432831236,
    43.949187645865));
#4891 = CARTESIAN_POINT('',(11.555858231599,221.26352831236,
    43.938987645865));
#4892 = ORIENTED_EDGE('',*,*,#4893,.F.);
#4893 = EDGE_CURVE('',#4824,#4872,#4894,.T.);
#4894 = B_SPLINE_CURVE_WITH_KNOTS('',7,(#4895,#4896,#4897,#4898,#4899,
    #4900,#4901,#4902,#4903,#4904,#4905,#4906,#4907,#4908,#4909,#4910,
    #4911,#4912,#4913,#4914,#4915,#4916,#4917,#4918,#4919,#4920),
  .UNSPECIFIED.,.F.,.F.,(8,6,6,6,8),(0.,0.250659804322,0.502734273979,
    0.752805087424,1.),.UNSPECIFIED.);
#4895 = CARTESIAN_POINT('',(3.993437380165,212.,52.));
#4896 = CARTESIAN_POINT('',(4.399244304509,212.,52.));
#4897 = CARTESIAN_POINT('',(4.814919002954,212.,51.976038013184));
#4898 = CARTESIAN_POINT('',(5.238340364679,212.,51.926019072504));
#4899 = CARTESIAN_POINT('',(5.66686404946,212.,51.848056505093));
#4900 = CARTESIAN_POINT('',(6.09731674591,212.,51.740688916167));
#4901 = CARTESIAN_POINT('',(6.526113472695,212.,51.603063075604));
#4902 = CARTESIAN_POINT('',(7.375271855638,212.,51.266154296868));
#4903 = CARTESIAN_POINT('',(7.795573634939,212.,51.066526290897));
#4904 = CARTESIAN_POINT('',(8.206581277967,212.,50.836096919505));
#4905 = CARTESIAN_POINT('',(8.604299596162,212.,50.575519146234));
#4906 = CARTESIAN_POINT('',(8.984796314316,212.,50.286321281341));
#4907 = CARTESIAN_POINT('',(9.344547475515,212.,49.970857949943));
#4908 = CARTESIAN_POINT('',(10.01407178503,212.,49.296006706254));
#4909 = CARTESIAN_POINT('',(10.324220771804,212.,48.936986553832));
#4910 = CARTESIAN_POINT('',(10.608253751857,212.,48.557912582113));
#4911 = CARTESIAN_POINT('',(10.863929284197,212.,48.162255045362));
#4912 = CARTESIAN_POINT('',(11.08981300762,212.,47.753861968709));
#4913 = CARTESIAN_POINT('',(11.285317188229,212.,47.336628323635));
#4914 = CARTESIAN_POINT('',(11.61394562773,212.,46.496773097025));
#4915 = CARTESIAN_POINT('',(11.747762768389,212.,46.074267334864));
#4916 = CARTESIAN_POINT('',(11.852164789165,212.,45.65034442417));
#4917 = CARTESIAN_POINT('',(11.927995377553,212.,45.228422828389));
#4918 = CARTESIAN_POINT('',(11.976669097297,212.,44.811528961526));
#4919 = CARTESIAN_POINT('',(12.,212.,44.402189438917));
#4920 = CARTESIAN_POINT('',(12.,212.,44.002436469923));
#4921 = ( BOUNDED_SURFACE() B_SPLINE_SURFACE(2,6,(
    (#4922,#4923,#4924,#4925,#4926,#4927,#4928,#4929,#4930,#4931,#4932
      ,#4933,#4934,#4935,#4936,#4937,#4938)
    ,(#4939,#4940,#4941,#4942,#4943,#4944,#4945,#4946,#4947,#4948,#4949
      ,#4950,#4951,#4952,#4953,#4954,#4955)
    ,(#4956,#4957,#4958,#4959,#4960,#4961,#4962,#4963,#4964,#4965,#4966
      ,#4967,#4968,#4969,#4970,#4971,#4972
)),.UNSPECIFIED.,.F.,.F.,.F.) B_SPLINE_SURFACE_WITH_KNOTS((3,3),(7,5,5,7
    ),(0.,146.49984574039),(-8.890959613726,5.471370022837E-02,
    146.55455944062,155.50023275457),.UNSPECIFIED.) 
GEOMETRIC_REPRESENTATION_ITEM() RATIONAL_B_SPLINE_SURFACE((
    (1.,1.,1.,1.,1.,1.,1.,1.,1.,1.,1.,1.,1.,1.,1.,1.,1.)
    ,(0.707222739782,0.707222739782,0.707222739782,0.707222739782
      ,0.707222739782,0.707222739782,0.707222739782,0.707222739782
      ,0.707222739782,0.707222739782,0.707222739782,0.707222739782
      ,0.707222739782,0.707222739782,0.707222739782,0.707222739782
      ,0.707222739782)
    ,(1.,1.,1.,1.,1.,1.,1.,1.,1.,1.,1.,1.,1.,1.,1.,1.,1.
))) REPRESENTATION_ITEM('') SURFACE() );
#4922 = CARTESIAN_POINT('',(11.437579148566,56.736471687631,
    53.063448824057));
#4923 = CARTESIAN_POINT('',(11.366179148566,58.225671687631,
    53.053248824057));
#4924 = CARTESIAN_POINT('',(11.294779148566,59.714871687631,
    53.043048824057));
#4925 = CARTESIAN_POINT('',(11.223379148566,61.204071687631,
    53.032848824057));
#4926 = CARTESIAN_POINT('',(11.151979148566,62.693271687631,
    53.022648824057));
#4927 = CARTESIAN_POINT('',(11.080579148566,64.182471687631,
    53.012448824057));
#4928 = CARTESIAN_POINT('',(9.839888853833,90.059726406359,
    52.835207353381));
#4929 = CARTESIAN_POINT('',(8.670598559099,114.44778112508,
    52.668165882705));
#4930 = CARTESIAN_POINT('',(7.501308264366,138.83583584381,
    52.501124412029));
#4931 = CARTESIAN_POINT('',(6.332017969632,163.22389056254,
    52.334082941353));
#4932 = CARTESIAN_POINT('',(5.162727674898,187.61194528127,
    52.167041470676));
#4933 = CARTESIAN_POINT('',(3.922037380165,213.4892,51.9898));
#4934 = CARTESIAN_POINT('',(3.850637380165,214.9784,51.9796));
#4935 = CARTESIAN_POINT('',(3.779237380165,216.4676,51.9694));
#4936 = CARTESIAN_POINT('',(3.707837380165,217.9568,51.9592));
#4937 = CARTESIAN_POINT('',(3.636437380165,219.446,51.949));
#4938 = CARTESIAN_POINT('',(3.565037380165,220.9352,51.9388));
#4939 = CARTESIAN_POINT('',(19.42577981163,57.119449643143,
    53.060825687376));
#4940 = CARTESIAN_POINT('',(19.35437981163,58.608649643143,
    53.050625687376));
#4941 = CARTESIAN_POINT('',(19.28297981163,60.097849643143,
    53.040425687376));
#4942 = CARTESIAN_POINT('',(19.21157981163,61.587049643143,
    53.030225687376));
#4943 = CARTESIAN_POINT('',(19.14017981163,63.076249643143,
    53.020025687376));
#4944 = CARTESIAN_POINT('',(19.06877981163,64.565449643143,
    53.009825687376));
#4945 = CARTESIAN_POINT('',(17.828089516897,90.442704361871,
    52.8325842167));
#4946 = CARTESIAN_POINT('',(16.658799222163,114.83075908059,
    52.665542746023));
#4947 = CARTESIAN_POINT('',(15.489508927429,139.21881379932,
    52.498501275347));
#4948 = CARTESIAN_POINT('',(14.320218632696,163.60686851805,
    52.331459804671));
#4949 = CARTESIAN_POINT('',(13.150928337962,187.99492323678,
    52.164418333995));
#4950 = CARTESIAN_POINT('',(11.910238043229,213.87217795551,
    51.987176863318));
#4951 = CARTESIAN_POINT('',(11.838838043229,215.36137795551,
    51.976976863318));
#4952 = CARTESIAN_POINT('',(11.767438043229,216.85057795551,
    51.966776863318));
#4953 = CARTESIAN_POINT('',(11.696038043229,218.33977795551,
    51.956576863318));
#4954 = CARTESIAN_POINT('',(11.624638043229,219.82897795551,
    51.946376863318));
#4955 = CARTESIAN_POINT('',(11.553238043229,221.31817795551,
    51.936176863318));
#4956 = CARTESIAN_POINT('',(19.4284,57.0648,45.063636469923));
#4957 = CARTESIAN_POINT('',(19.357,58.554,45.053436469923));
#4958 = CARTESIAN_POINT('',(19.2856,60.0432,45.043236469923));
#4959 = CARTESIAN_POINT('',(19.2142,61.5324,45.033036469923));
#4960 = CARTESIAN_POINT('',(19.1428,63.0216,45.022836469923));
#4961 = CARTESIAN_POINT('',(19.0714,64.5108,45.012636469923));
#4962 = CARTESIAN_POINT('',(17.830709705266,90.388054718728,
    44.835394999246));
#4963 = CARTESIAN_POINT('',(16.661419410533,114.77610943745,
    44.66835352857));
#4964 = CARTESIAN_POINT('',(15.492129115799,139.16416415618,
    44.501312057894));
#4965 = CARTESIAN_POINT('',(14.322838821066,163.55221887491,
    44.334270587218));
#4966 = CARTESIAN_POINT('',(13.153548526332,187.94027359364,
    44.167229116542));
#4967 = CARTESIAN_POINT('',(11.912858231599,213.81752831236,
    43.989987645865));
#4968 = CARTESIAN_POINT('',(11.841458231599,215.30672831236,
    43.979787645865));
#4969 = CARTESIAN_POINT('',(11.770058231599,216.79592831236,
    43.969587645865));
#4970 = CARTESIAN_POINT('',(11.698658231599,218.28512831236,
    43.959387645865));
#4971 = CARTESIAN_POINT('',(11.627258231599,219.77432831236,
    43.949187645865));
#4972 = CARTESIAN_POINT('',(11.555858231599,221.26352831236,
    43.938987645865));
#4973 = ADVANCED_FACE('',(#4974),#5015,.T.);
#4974 = FACE_BOUND('',#4975,.T.);
#4975 = EDGE_LOOP('',(#4976,#4988,#4997,#5005,#5006,#5007));
#4976 = ORIENTED_EDGE('',*,*,#4977,.T.);
#4977 = EDGE_CURVE('',#4978,#4980,#4982,.T.);
#4978 = VERTEX_POINT('',#4979);
#4979 = CARTESIAN_POINT('',(47.682347051676,61.728387145976,
    44.935542086678));
#4980 = VERTEX_POINT('',#4981);
#4981 = CARTESIAN_POINT('',(47.682347051676,61.728387145976,43.));
#4982 = B_SPLINE_CURVE_WITH_KNOTS('',4,(#4983,#4984,#4985,#4986,#4987),
  .UNSPECIFIED.,.F.,.F.,(5,5),(0.,1.),.PIECEWISE_BEZIER_KNOTS.);
#4983 = CARTESIAN_POINT('',(47.682347051676,61.728387145976,
    44.935542686678));
#4984 = CARTESIAN_POINT('',(47.682347051676,61.728387145976,
    44.451656865009));
#4985 = CARTESIAN_POINT('',(47.682347051676,61.728387145976,
    43.967771043339));
#4986 = CARTESIAN_POINT('',(47.682347051676,61.728387145976,
    43.48388522167));
#4987 = CARTESIAN_POINT('',(47.682347051676,61.728387145976,42.9999994)
  );
#4988 = ORIENTED_EDGE('',*,*,#4989,.T.);
#4989 = EDGE_CURVE('',#4980,#4990,#4992,.T.);
#4990 = VERTEX_POINT('',#4991);
#4991 = CARTESIAN_POINT('',(18.53173931729,75.766579953671,43.));
#4992 = CIRCLE('',#4993,78.);
#4993 = AXIS2_PLACEMENT_3D('',#4994,#4995,#4996);
#4994 = CARTESIAN_POINT('',(0.,0.,43.));
#4995 = DIRECTION('',(0.,0.,1.));
#4996 = DIRECTION('',(1.,0.,-0.));
#4997 = ORIENTED_EDGE('',*,*,#4998,.T.);
#4998 = EDGE_CURVE('',#4990,#4862,#4999,.T.);
#4999 = B_SPLINE_CURVE_WITH_KNOTS('',4,(#5000,#5001,#5002,#5003,#5004),
  .UNSPECIFIED.,.F.,.F.,(5,5),(0.,1.),.PIECEWISE_BEZIER_KNOTS.);
#5000 = CARTESIAN_POINT('',(18.53173931729,75.766579953671,42.9999994));
#5001 = CARTESIAN_POINT('',(18.53173931729,75.766579953671,
    43.48388522167));
#5002 = CARTESIAN_POINT('',(18.53173931729,75.766579953671,
    43.967771043339));
#5003 = CARTESIAN_POINT('',(18.53173931729,75.766579953671,
    44.451656865009));
#5004 = CARTESIAN_POINT('',(18.53173931729,75.766579953671,
    44.935542686678));
#5005 = ORIENTED_EDGE('',*,*,#4861,.T.);
#5006 = ORIENTED_EDGE('',*,*,#1176,.F.);
#5007 = ORIENTED_EDGE('',*,*,#5008,.T.);
#5008 = EDGE_CURVE('',#1100,#4978,#5009,.T.);
#5009 = B_SPLINE_CURVE_WITH_KNOTS('',4,(#5010,#5011,#5012,#5013,#5014),
  .UNSPECIFIED.,.F.,.F.,(5,5),(0.,1.),.PIECEWISE_BEZIER_KNOTS.);
#5010 = CARTESIAN_POINT('',(47.682561371557,61.728221593107,45.0000006)
  );
#5011 = CARTESIAN_POINT('',(47.682454036856,61.728304504834,
    44.983860055065));
#5012 = CARTESIAN_POINT('',(47.682382654793,61.728359644202,
    44.967736641404));
#5013 = CARTESIAN_POINT('',(47.682347051676,61.728387145976,
    44.95163057992));
#5014 = CARTESIAN_POINT('',(47.682347051676,61.728387145976,
    44.935542086678));
#5015 = CYLINDRICAL_SURFACE('',#5016,78.);
#5016 = AXIS2_PLACEMENT_3D('',#5017,#5018,#5019);
#5017 = CARTESIAN_POINT('',(0.,0.,35.));
#5018 = DIRECTION('',(0.,0.,1.));
#5019 = DIRECTION('',(1.,0.,-0.));
#5020 = ADVANCED_FACE('',(#5021),#5098,.T.);
#5021 = FACE_BOUND('',#5022,.T.);
#5022 = EDGE_LOOP('',(#5023,#5045,#5046,#5047,#5069));
#5023 = ORIENTED_EDGE('',*,*,#5024,.F.);
#5024 = EDGE_CURVE('',#4978,#5025,#5027,.T.);
#5025 = VERTEX_POINT('',#5026);
#5026 = CARTESIAN_POINT('',(158.26639666091,141.56181578366,
    44.002436469923));
#5027 = B_SPLINE_CURVE_WITH_KNOTS('',6,(#5028,#5029,#5030,#5031,#5032,
    #5033,#5034,#5035,#5036,#5037,#5038,#5039,#5040,#5041,#5042,#5043,
    #5044),.UNSPECIFIED.,.F.,.F.,(7,5,5,7),(-8.890959613727,
    5.471370022795E-02,146.55455944062,155.50023275457),.UNSPECIFIED.);
#5028 = CARTESIAN_POINT('',(32.501647914309,50.76905561909,
    45.063636469923));
#5029 = CARTESIAN_POINT('',(33.710468529854,51.64173386417,
    45.053436469923));
#5030 = CARTESIAN_POINT('',(34.919289145398,52.51441210925,
    45.043236469923));
#5031 = CARTESIAN_POINT('',(36.128109760942,53.38709035433,
    45.033036469923));
#5032 = CARTESIAN_POINT('',(37.336930376486,54.259768599409,
    45.022836469923));
#5033 = CARTESIAN_POINT('',(38.54575099203,55.132446844489,
    45.012636469923));
#5034 = CARTESIAN_POINT('',(59.550961157008,70.296640529302,
    44.835394999246));
#5035 = CARTESIAN_POINT('',(79.347350706441,84.588155969034,
    44.66835352857));
#5036 = CARTESIAN_POINT('',(99.143740255875,98.879671408768,
    44.501312057894));
#5037 = CARTESIAN_POINT('',(118.9401298053,113.1711868485,
    44.334270587218));
#5038 = CARTESIAN_POINT('',(138.73651935474,127.46270228823,
    44.167229116542));
#5039 = CARTESIAN_POINT('',(159.74172951971,142.62689597304,
    43.989987645865));
#5040 = CARTESIAN_POINT('',(160.95055013526,143.49957421812,
    43.979787645865));
#5041 = CARTESIAN_POINT('',(162.1593707508,144.3722524632,
    43.969587645865));
#5042 = CARTESIAN_POINT('',(163.36819136635,145.24493070828,
    43.959387645865));
#5043 = CARTESIAN_POINT('',(164.57701198189,146.11760895336,
    43.949187645865));
#5044 = CARTESIAN_POINT('',(165.78583259743,146.99028719844,
    43.938987645865));
#5045 = ORIENTED_EDGE('',*,*,#5008,.F.);
#5046 = ORIENTED_EDGE('',*,*,#1099,.T.);
#5047 = ORIENTED_EDGE('',*,*,#5048,.T.);
#5048 = EDGE_CURVE('',#1061,#5049,#5051,.T.);
#5049 = VERTEX_POINT('',#5050);
#5050 = CARTESIAN_POINT('',(163.25840680232,135.30203306112,52.));
#5051 = B_SPLINE_CURVE_WITH_KNOTS('',6,(#5052,#5053,#5054,#5055,#5056,
    #5057,#5058,#5059,#5060,#5061,#5062,#5063,#5064,#5065,#5066,#5067,
    #5068),.UNSPECIFIED.,.F.,.F.,(7,5,5,7),(-8.890959613727,
    5.471370022795E-02,146.55455944062,155.50023275457),.UNSPECIFIED.);
#5052 = CARTESIAN_POINT('',(37.227145812463,44.316870952253,
    53.063448824057));
#5053 = CARTESIAN_POINT('',(38.435966428007,45.189549197333,
    53.053248824057));
#5054 = CARTESIAN_POINT('',(39.644787043551,46.062227442413,
    53.043048824057));
#5055 = CARTESIAN_POINT('',(40.853607659095,46.934905687493,
    53.032848824057));
#5056 = CARTESIAN_POINT('',(42.062428274639,47.807583932573,
    53.022648824057));
#5057 = CARTESIAN_POINT('',(43.271248890183,48.680262177653,
    53.012448824057));
#5058 = CARTESIAN_POINT('',(64.276459055161,63.844455862465,
    52.835207353381));
#5059 = CARTESIAN_POINT('',(84.072848604594,78.135971302198,
    52.668165882705));
#5060 = CARTESIAN_POINT('',(103.86923815402,92.427486741931,
    52.501124412029));
#5061 = CARTESIAN_POINT('',(123.66562770346,106.71900218166,
    52.334082941352));
#5062 = CARTESIAN_POINT('',(143.46201725289,121.01051762139,
    52.167041470676));
#5063 = CARTESIAN_POINT('',(164.46722741787,136.1747113062,51.9898));
#5064 = CARTESIAN_POINT('',(165.67604803341,137.04738955128,51.9796));
#5065 = CARTESIAN_POINT('',(166.88486864896,137.92006779636,51.9694));
#5066 = CARTESIAN_POINT('',(168.0936892645,138.79274604144,51.9592));
#5067 = CARTESIAN_POINT('',(169.30250988004,139.66542428652,51.949));
#5068 = CARTESIAN_POINT('',(170.51133049559,140.5381025316,51.9388));
#5069 = ORIENTED_EDGE('',*,*,#5070,.F.);
#5070 = EDGE_CURVE('',#5025,#5049,#5071,.T.);
#5071 = B_SPLINE_CURVE_WITH_KNOTS('',7,(#5072,#5073,#5074,#5075,#5076,
    #5077,#5078,#5079,#5080,#5081,#5082,#5083,#5084,#5085,#5086,#5087,
    #5088,#5089,#5090,#5091,#5092,#5093,#5094,#5095,#5096,#5097),
  .UNSPECIFIED.,.F.,.F.,(8,6,6,6,8),(0.,0.24692549866,0.497996622869,
    0.749070781751,1.),.UNSPECIFIED.);
#5072 = CARTESIAN_POINT('',(158.26639666091,141.56181578366,
    44.002436469923));
#5073 = CARTESIAN_POINT('',(158.26639666091,141.56181578366,
    44.4017537518));
#5074 = CARTESIAN_POINT('',(158.28091154782,141.54361469118,
    44.810636700958));
#5075 = CARTESIAN_POINT('',(158.31119164178,141.50564465433,
    45.22705974607));
#5076 = CARTESIAN_POINT('',(158.35836441,141.44649187396,45.648505062594
    ));
#5077 = CARTESIAN_POINT('',(158.42330948365,141.36505332748,
    46.071957206985));
#5078 = CARTESIAN_POINT('',(158.5065523529,141.26067007105,
    46.49401015744));
#5079 = CARTESIAN_POINT('',(158.71150729651,141.00366470075,
    47.335165652794));
#5080 = CARTESIAN_POINT('',(158.833842634,140.85026103965,
    47.754101081615));
#5081 = CARTESIAN_POINT('',(158.97527299499,140.67291297642,
    48.164131040095));
#5082 = CARTESIAN_POINT('',(159.13542790899,140.47208506638,
    48.561312946464));
#5083 = CARTESIAN_POINT('',(159.31340024751,140.24891481268,
    48.941751868043));
#5084 = CARTESIAN_POINT('',(159.50777162086,140.00518081972,
    49.301938471005));
#5085 = CARTESIAN_POINT('',(159.92572382206,139.48108533638,
    49.975981163219));
#5086 = CARTESIAN_POINT('',(160.14930582554,139.2007223718,
    50.289838016798));
#5087 = CARTESIAN_POINT('',(160.38569665469,138.90429764786,
    50.577613543192));
#5088 = CARTESIAN_POINT('',(160.63272342875,138.59453587084,
    50.836987465338));
#5089 = CARTESIAN_POINT('',(160.88796379559,138.27447457426,
    51.066452893019));
#5090 = CARTESIAN_POINT('',(161.14895676884,137.9471997374,
    51.265363987355));
#5091 = CARTESIAN_POINT('',(161.6775849769,137.28432093111,
    51.602175015191));
#5092 = CARTESIAN_POINT('',(161.94521712251,136.94872083544,
    51.740110753147));
#5093 = CARTESIAN_POINT('',(162.21389366218,136.61181111103,
    51.847723160508));
#5094 = CARTESIAN_POINT('',(162.4813711795,136.27640491309,
    51.925855672156));
#5095 = CARTESIAN_POINT('',(162.74566427061,135.94499185933,
    51.975987277391));
#5096 = CARTESIAN_POINT('',(163.00511837645,135.61964670116,52.));
#5097 = CARTESIAN_POINT('',(163.25840680232,135.30203306112,52.));
#5098 = ( BOUNDED_SURFACE() B_SPLINE_SURFACE(2,6,(
    (#5099,#5100,#5101,#5102,#5103,#5104,#5105,#5106,#5107,#5108,#5109
      ,#5110,#5111,#5112,#5113,#5114,#5115)
    ,(#5116,#5117,#5118,#5119,#5120,#5121,#5122,#5123,#5124,#5125,#5126
      ,#5127,#5128,#5129,#5130,#5131,#5132)
    ,(#5133,#5134,#5135,#5136,#5137,#5138,#5139,#5140,#5141,#5142,#5143
      ,#5144,#5145,#5146,#5147,#5148,#5149
)),.UNSPECIFIED.,.F.,.F.,.F.) B_SPLINE_SURFACE_WITH_KNOTS((3,3),(7,5,5,7
    ),(0.,146.49984574039),(-8.890959613727,5.471370022795E-02,
    146.55455944062,155.50023275457),.UNSPECIFIED.) 
GEOMETRIC_REPRESENTATION_ITEM() RATIONAL_B_SPLINE_SURFACE((
    (1.,1.,1.,1.,1.,1.,1.,1.,1.,1.,1.,1.,1.,1.,1.,1.,1.)
    ,(0.707222739782,0.707222739782,0.707222739782,0.707222739782
      ,0.707222739782,0.707222739782,0.707222739782,0.707222739782
      ,0.707222739782,0.707222739782,0.707222739782,0.707222739782
      ,0.707222739782,0.707222739782,0.707222739782,0.707222739782
      ,0.707222739782)
    ,(1.,1.,1.,1.,1.,1.,1.,1.,1.,1.,1.,1.,1.,1.,1.,1.,1.
))) REPRESENTATION_ITEM('') SURFACE() );
#5099 = CARTESIAN_POINT('',(32.501647914309,50.76905561909,
    45.063636469923));
#5100 = CARTESIAN_POINT('',(33.710468529854,51.64173386417,
    45.053436469923));
#5101 = CARTESIAN_POINT('',(34.919289145398,52.51441210925,
    45.043236469923));
#5102 = CARTESIAN_POINT('',(36.128109760942,53.38709035433,
    45.033036469923));
#5103 = CARTESIAN_POINT('',(37.336930376486,54.259768599409,
    45.022836469923));
#5104 = CARTESIAN_POINT('',(38.54575099203,55.132446844489,
    45.012636469923));
#5105 = CARTESIAN_POINT('',(59.550961157008,70.296640529302,
    44.835394999246));
#5106 = CARTESIAN_POINT('',(79.347350706441,84.588155969034,
    44.66835352857));
#5107 = CARTESIAN_POINT('',(99.143740255875,98.879671408768,
    44.501312057894));
#5108 = CARTESIAN_POINT('',(118.9401298053,113.1711868485,
    44.334270587218));
#5109 = CARTESIAN_POINT('',(138.73651935474,127.46270228823,
    44.167229116542));
#5110 = CARTESIAN_POINT('',(159.74172951971,142.62689597304,
    43.989987645865));
#5111 = CARTESIAN_POINT('',(160.95055013526,143.49957421812,
    43.979787645865));
#5112 = CARTESIAN_POINT('',(162.1593707508,144.3722524632,
    43.969587645865));
#5113 = CARTESIAN_POINT('',(163.36819136635,145.24493070828,
    43.959387645865));
#5114 = CARTESIAN_POINT('',(164.57701198189,146.11760895336,
    43.949187645865));
#5115 = CARTESIAN_POINT('',(165.78583259743,146.99028719844,
    43.938987645865));
#5116 = CARTESIAN_POINT('',(32.546008386552,50.801080568507,
    53.060825687376));
#5117 = CARTESIAN_POINT('',(33.754829002096,51.673758813587,
    53.050625687376));
#5118 = CARTESIAN_POINT('',(34.96364961764,52.546437058667,
    53.040425687376));
#5119 = CARTESIAN_POINT('',(36.172470233184,53.419115303747,
    53.030225687376));
#5120 = CARTESIAN_POINT('',(37.381290848728,54.291793548827,
    53.020025687376));
#5121 = CARTESIAN_POINT('',(38.590111464272,55.164471793906,
    53.009825687376));
#5122 = CARTESIAN_POINT('',(59.59532162925,70.328665478719,52.8325842167
    ));
#5123 = CARTESIAN_POINT('',(79.391711178683,84.620180918452,
    52.665542746023));
#5124 = CARTESIAN_POINT('',(99.188100728117,98.911696358185,
    52.498501275347));
#5125 = CARTESIAN_POINT('',(118.98449027755,113.20321179791,
    52.331459804671));
#5126 = CARTESIAN_POINT('',(138.78087982698,127.49472723765,
    52.164418333995));
#5127 = CARTESIAN_POINT('',(159.78608999196,142.65892092246,
    51.987176863318));
#5128 = CARTESIAN_POINT('',(160.9949106075,143.53159916754,
    51.976976863318));
#5129 = CARTESIAN_POINT('',(162.20373122304,144.40427741262,
    51.966776863318));
#5130 = CARTESIAN_POINT('',(163.41255183859,145.2769556577,
    51.956576863318));
#5131 = CARTESIAN_POINT('',(164.62137245413,146.14963390278,
    51.946376863318));
#5132 = CARTESIAN_POINT('',(165.83019306968,147.02231214786,
    51.936176863318));
#5133 = CARTESIAN_POINT('',(37.227145812463,44.316870952253,
    53.063448824057));
#5134 = CARTESIAN_POINT('',(38.435966428007,45.189549197333,
    53.053248824057));
#5135 = CARTESIAN_POINT('',(39.644787043551,46.062227442413,
    53.043048824057));
#5136 = CARTESIAN_POINT('',(40.853607659095,46.934905687493,
    53.032848824057));
#5137 = CARTESIAN_POINT('',(42.062428274639,47.807583932573,
    53.022648824057));
#5138 = CARTESIAN_POINT('',(43.271248890183,48.680262177653,
    53.012448824057));
#5139 = CARTESIAN_POINT('',(64.276459055161,63.844455862465,
    52.835207353381));
#5140 = CARTESIAN_POINT('',(84.072848604594,78.135971302198,
    52.668165882705));
#5141 = CARTESIAN_POINT('',(103.86923815402,92.427486741931,
    52.501124412029));
#5142 = CARTESIAN_POINT('',(123.66562770346,106.71900218166,
    52.334082941352));
#5143 = CARTESIAN_POINT('',(143.46201725289,121.01051762139,
    52.167041470676));
#5144 = CARTESIAN_POINT('',(164.46722741787,136.1747113062,51.9898));
#5145 = CARTESIAN_POINT('',(165.67604803341,137.04738955128,51.9796));
#5146 = CARTESIAN_POINT('',(166.88486864896,137.92006779636,51.9694));
#5147 = CARTESIAN_POINT('',(168.0936892645,138.79274604144,51.9592));
#5148 = CARTESIAN_POINT('',(169.30250988004,139.66542428652,51.949));
#5149 = CARTESIAN_POINT('',(170.51133049559,140.5381025316,51.9388));
#5150 = ADVANCED_FACE('',(#5151),#5183,.T.);
#5151 = FACE_BOUND('',#5152,.T.);
#5152 = EDGE_LOOP('',(#5153,#5154,#5155,#5177));
#5153 = ORIENTED_EDGE('',*,*,#5048,.F.);
#5154 = ORIENTED_EDGE('',*,*,#1060,.T.);
#5155 = ORIENTED_EDGE('',*,*,#5156,.T.);
#5156 = EDGE_CURVE('',#977,#5157,#5159,.T.);
#5157 = VERTEX_POINT('',#5158);
#5158 = CARTESIAN_POINT('',(168.23814176411,129.05764292697,52.));
#5159 = B_SPLINE_CURVE_WITH_KNOTS('',6,(#5160,#5161,#5162,#5163,#5164,
    #5165,#5166,#5167,#5168,#5169,#5170,#5171,#5172,#5173,#5174,#5175,
    #5176),.UNSPECIFIED.,.F.,.F.,(7,5,5,7),(-8.890959613726,
    5.471370022866E-02,146.55455944062,155.50023275457),.UNSPECIFIED.);
#5160 = CARTESIAN_POINT('',(51.489573726629,26.432352029116,
    53.063448824057));
#5161 = CARTESIAN_POINT('',(52.609359998468,27.416675809892,
    53.053248824057));
#5162 = CARTESIAN_POINT('',(53.729146270306,28.400999590668,
    53.043048824057));
#5163 = CARTESIAN_POINT('',(54.848932542145,29.385323371444,
    53.032848824057));
#5164 = CARTESIAN_POINT('',(55.968718813984,30.369647152221,
    53.022648824057));
#5165 = CARTESIAN_POINT('',(57.088505085822,31.353970932997,
    53.012448824057));
#5166 = CARTESIAN_POINT('',(76.546599758737,48.45818608264,
    52.835207353381));
#5167 = CARTESIAN_POINT('',(94.884908159812,64.578077451506,
    52.668165882705));
#5168 = CARTESIAN_POINT('',(113.22321656088,80.697968820374,
    52.501124412029));
#5169 = CARTESIAN_POINT('',(131.56152496196,96.81786018924,
    52.334082941352));
#5170 = CARTESIAN_POINT('',(149.89983336304,112.9377515581,
    52.167041470676));
#5171 = CARTESIAN_POINT('',(169.35792803595,130.04196670775,51.9898));
#5172 = CARTESIAN_POINT('',(170.47771430779,131.02629048852,51.9796));
#5173 = CARTESIAN_POINT('',(171.59750057963,132.0106142693,51.9694));
#5174 = CARTESIAN_POINT('',(172.71728685147,132.99493805007,51.9592));
#5175 = CARTESIAN_POINT('',(173.83707312331,133.97926183085,51.949));
#5176 = CARTESIAN_POINT('',(174.95685939514,134.96358561163,51.9388));
#5177 = ORIENTED_EDGE('',*,*,#5178,.F.);
#5178 = EDGE_CURVE('',#5049,#5157,#5179,.T.);
#5179 = LINE('',#5180,#5181);
#5180 = CARTESIAN_POINT('',(158.26639666091,141.56181578366,52.));
#5181 = VECTOR('',#5182,1.);
#5182 = DIRECTION('',(0.623489801859,-0.781831482468,0.));
#5183 = B_SPLINE_SURFACE_WITH_KNOTS('',1,1,(
    (#5184,#5185)
    ,(#5186,#5187
    )),.UNSPECIFIED.,.F.,.F.,.F.,(2,2),(2,2),(0.,38.),(0.,1.),
  .PIECEWISE_BEZIER_KNOTS.);
#5184 = CARTESIAN_POINT('',(39.754571607574,56.005125089569,53.));
#5185 = CARTESIAN_POINT('',(158.26639666091,141.56181578366,52.));
#5186 = CARTESIAN_POINT('',(63.447184078206,26.295528755784,53.));
#5187 = CARTESIAN_POINT('',(173.23015190552,122.79786020443,52.));
#5188 = ADVANCED_FACE('',(#5189),#5254,.T.);
#5189 = FACE_BOUND('',#5190,.T.);
#5190 = EDGE_LOOP('',(#5191,#5192,#5193,#5203,#5225));
#5191 = ORIENTED_EDGE('',*,*,#5156,.F.);
#5192 = ORIENTED_EDGE('',*,*,#976,.T.);
#5193 = ORIENTED_EDGE('',*,*,#5194,.F.);
#5194 = EDGE_CURVE('',#5195,#968,#5197,.T.);
#5195 = VERTEX_POINT('',#5196);
#5196 = CARTESIAN_POINT('',(70.791048001746,32.75099269968,
    44.935542086678));
#5197 = B_SPLINE_CURVE_WITH_KNOTS('',4,(#5198,#5199,#5200,#5201,#5202),
  .UNSPECIFIED.,.F.,.F.,(5,5),(0.,1.),.PIECEWISE_BEZIER_KNOTS.);
#5198 = CARTESIAN_POINT('',(70.791048001746,32.75099269968,
    44.935542086678));
#5199 = CARTESIAN_POINT('',(70.791048001746,32.75099269968,
    44.951630579922));
#5200 = CARTESIAN_POINT('',(70.791029111937,32.751033529873,
    44.967736641404));
#5201 = CARTESIAN_POINT('',(70.790991239032,32.751115391903,
    44.983860055065));
#5202 = CARTESIAN_POINT('',(70.790934290293,32.751238485093,45.0000006)
  );
#5203 = ORIENTED_EDGE('',*,*,#5204,.T.);
#5204 = EDGE_CURVE('',#5195,#5205,#5207,.T.);
#5205 = VERTEX_POINT('',#5206);
#5206 = CARTESIAN_POINT('',(173.23015190552,122.79786020443,
    44.002436469923));
#5207 = B_SPLINE_CURVE_WITH_KNOTS('',6,(#5208,#5209,#5210,#5211,#5212,
    #5213,#5214,#5215,#5216,#5217,#5218,#5219,#5220,#5221,#5222,#5223,
    #5224),.UNSPECIFIED.,.F.,.F.,(7,5,5,7),(-8.890959613726,
    5.471370022866E-02,146.55455944062,155.50023275457),.UNSPECIFIED.);
#5208 = CARTESIAN_POINT('',(56.728466447174,20.389586071126,
    45.063636469923));
#5209 = CARTESIAN_POINT('',(57.848252719012,21.373909851903,
    45.053436469923));
#5210 = CARTESIAN_POINT('',(58.968038990851,22.358233632679,
    45.043236469923));
#5211 = CARTESIAN_POINT('',(60.08782526269,23.342557413455,
    45.033036469923));
#5212 = CARTESIAN_POINT('',(61.207611534529,24.326881194231,
    45.022836469923));
#5213 = CARTESIAN_POINT('',(62.327397806367,25.311204975008,
    45.012636469923));
#5214 = CARTESIAN_POINT('',(81.785492479282,42.415420124651,
    44.835394999247));
#5215 = CARTESIAN_POINT('',(100.12380088035,58.535311493517,
    44.66835352857));
#5216 = CARTESIAN_POINT('',(118.46210928143,74.655202862385,
    44.501312057894));
#5217 = CARTESIAN_POINT('',(136.8004176825,90.775094231251,
    44.334270587218));
#5218 = CARTESIAN_POINT('',(155.13872608358,106.89498560011,
    44.167229116542));
#5219 = CARTESIAN_POINT('',(174.5968207565,123.99920074976,
    43.989987645865));
#5220 = CARTESIAN_POINT('',(175.71660702833,124.98352453053,
    43.979787645865));
#5221 = CARTESIAN_POINT('',(176.83639330017,125.96784831131,
    43.969587645865));
#5222 = CARTESIAN_POINT('',(177.95617957201,126.95217209209,
    43.959387645865));
#5223 = CARTESIAN_POINT('',(179.07596584385,127.93649587286,
    43.949187645865));
#5224 = CARTESIAN_POINT('',(180.19575211569,128.92081965364,
    43.938987645865));
#5225 = ORIENTED_EDGE('',*,*,#5226,.F.);
#5226 = EDGE_CURVE('',#5157,#5205,#5227,.T.);
#5227 = B_SPLINE_CURVE_WITH_KNOTS('',7,(#5228,#5229,#5230,#5231,#5232,
    #5233,#5234,#5235,#5236,#5237,#5238,#5239,#5240,#5241,#5242,#5243,
    #5244,#5245,#5246,#5247,#5248,#5249,#5250,#5251,#5252,#5253),
  .UNSPECIFIED.,.F.,.F.,(8,6,6,6,8),(0.,0.250659808959,0.502734278618,
    0.752805092061,1.),.UNSPECIFIED.);
#5228 = CARTESIAN_POINT('',(168.23814176411,129.05764292697,52.));
#5229 = CARTESIAN_POINT('',(168.49115824764,128.74037029184,52.));
#5230 = CARTESIAN_POINT('',(168.75032718792,128.41538271998,
    51.976038012297));
#5231 = CARTESIAN_POINT('',(169.01432609391,128.08433856269,
    51.926019069728));
#5232 = CARTESIAN_POINT('',(169.28150624634,127.74930524852,
    51.848056499325));
#5233 = CARTESIAN_POINT('',(169.54988911782,127.41276377239,
    51.740688906237));
#5234 = CARTESIAN_POINT('',(169.81723950889,127.07751698573,
    51.60306306033));
#5235 = CARTESIAN_POINT('',(170.34668110495,126.41361822316,
    51.266154271729));
#5236 = CARTESIAN_POINT('',(170.60873497745,126.08501306071,
    51.066526262358));
#5237 = CARTESIAN_POINT('',(170.86499405054,125.76367434689,
    50.836096887615));
#5238 = CARTESIAN_POINT('',(171.1129673649,125.45272564588,
    50.575519111097));
#5239 = CARTESIAN_POINT('',(171.35020318705,125.15524133424,
    50.286321243131));
#5240 = CARTESIAN_POINT('',(171.5745043658,124.87397655239,
    49.970857908884));
#5241 = CARTESIAN_POINT('',(171.99194594164,124.350521373,
    49.296006660072));
#5242 = CARTESIAN_POINT('',(172.18532067017,124.10803713311,
    48.936986505359));
#5243 = CARTESIAN_POINT('',(172.3624123347,123.88597120966,
    48.557912531686));
#5244 = CARTESIAN_POINT('',(172.52182341969,123.6860760317,
    48.162254993284));
#5245 = CARTESIAN_POINT('',(172.66265961557,123.50947302797,
    47.75386191538));
#5246 = CARTESIAN_POINT('',(172.78455447629,123.35662170725,
    47.336628269384));
#5247 = CARTESIAN_POINT('',(172.98945095084,123.09968965484,
    46.496773049477));
#5248 = CARTESIAN_POINT('',(173.07288457007,122.9950672055,
    46.074267295104));
#5249 = CARTESIAN_POINT('',(173.13797816276,122.91344242203,
    45.650344392517));
#5250 = CARTESIAN_POINT('',(173.18525775945,122.854155683,
    45.228422804932));
#5251 = CARTESIAN_POINT('',(173.21560532617,122.81610103799,
    44.811528946167));
#5252 = CARTESIAN_POINT('',(173.23015190552,122.79786020443,
    44.402189431421));
#5253 = CARTESIAN_POINT('',(173.23015190552,122.79786020443,
    44.002436469923));
#5254 = ( BOUNDED_SURFACE() B_SPLINE_SURFACE(2,6,(
    (#5255,#5256,#5257,#5258,#5259,#5260,#5261,#5262,#5263,#5264,#5265
      ,#5266,#5267,#5268,#5269,#5270,#5271)
    ,(#5272,#5273,#5274,#5275,#5276,#5277,#5278,#5279,#5280,#5281,#5282
      ,#5283,#5284,#5285,#5286,#5287,#5288)
    ,(#5289,#5290,#5291,#5292,#5293,#5294,#5295,#5296,#5297,#5298,#5299
      ,#5300,#5301,#5302,#5303,#5304,#5305
)),.UNSPECIFIED.,.F.,.F.,.F.) B_SPLINE_SURFACE_WITH_KNOTS((3,3),(7,5,5,7
    ),(0.,146.49984574039),(-8.890959613726,5.471370022866E-02,
    146.55455944062,155.50023275457),.UNSPECIFIED.) 
GEOMETRIC_REPRESENTATION_ITEM() RATIONAL_B_SPLINE_SURFACE((
    (1.,1.,1.,1.,1.,1.,1.,1.,1.,1.,1.,1.,1.,1.,1.,1.,1.)
    ,(0.707222739782,0.707222739782,0.707222739782,0.707222739782
      ,0.707222739782,0.707222739782,0.707222739782,0.707222739782
      ,0.707222739782,0.707222739782,0.707222739782,0.707222739782
      ,0.707222739782,0.707222739782,0.707222739782,0.707222739782
      ,0.707222739782)
    ,(1.,1.,1.,1.,1.,1.,1.,1.,1.,1.,1.,1.,1.,1.,1.,1.,1.
))) REPRESENTATION_ITEM('') SURFACE() );
#5255 = CARTESIAN_POINT('',(51.489573726629,26.432352029116,
    53.063448824057));
#5256 = CARTESIAN_POINT('',(52.609359998468,27.416675809892,
    53.053248824057));
#5257 = CARTESIAN_POINT('',(53.729146270306,28.400999590668,
    53.043048824057));
#5258 = CARTESIAN_POINT('',(54.848932542145,29.385323371444,
    53.032848824057));
#5259 = CARTESIAN_POINT('',(55.968718813984,30.369647152221,
    53.022648824057));
#5260 = CARTESIAN_POINT('',(57.088505085822,31.353970932997,
    53.012448824057));
#5261 = CARTESIAN_POINT('',(76.546599758737,48.45818608264,
    52.835207353381));
#5262 = CARTESIAN_POINT('',(94.884908159812,64.578077451506,
    52.668165882705));
#5263 = CARTESIAN_POINT('',(113.22321656088,80.697968820374,
    52.501124412029));
#5264 = CARTESIAN_POINT('',(131.56152496196,96.81786018924,
    52.334082941352));
#5265 = CARTESIAN_POINT('',(149.89983336304,112.9377515581,
    52.167041470676));
#5266 = CARTESIAN_POINT('',(169.35792803595,130.04196670775,51.9898));
#5267 = CARTESIAN_POINT('',(170.47771430779,131.02629048852,51.9796));
#5268 = CARTESIAN_POINT('',(171.59750057963,132.0106142693,51.9694));
#5269 = CARTESIAN_POINT('',(172.71728685147,132.99493805007,51.9592));
#5270 = CARTESIAN_POINT('',(173.83707312331,133.97926183085,51.949));
#5271 = CARTESIAN_POINT('',(174.95685939514,134.96358561163,51.9388));
#5272 = CARTESIAN_POINT('',(56.769559597961,20.425708112059,
    53.060825687376));
#5273 = CARTESIAN_POINT('',(57.8893458698,21.410031892835,
    53.050625687376));
#5274 = CARTESIAN_POINT('',(59.009132141638,22.394355673611,
    53.040425687376));
#5275 = CARTESIAN_POINT('',(60.128918413477,23.378679454387,
    53.030225687376));
#5276 = CARTESIAN_POINT('',(61.248704685316,24.363003235164,
    53.020025687376));
#5277 = CARTESIAN_POINT('',(62.368490957154,25.34732701594,
    53.009825687376));
#5278 = CARTESIAN_POINT('',(81.826585630069,42.451542165583,
    52.832584216699));
#5279 = CARTESIAN_POINT('',(100.16489403114,58.57143353445,
    52.665542746023));
#5280 = CARTESIAN_POINT('',(118.50320243222,74.691324903317,
    52.498501275347));
#5281 = CARTESIAN_POINT('',(136.84151083329,90.811216272183,
    52.331459804671));
#5282 = CARTESIAN_POINT('',(155.17981923437,106.93110764105,
    52.164418333995));
#5283 = CARTESIAN_POINT('',(174.63791390728,124.03532279069,
    51.987176863318));
#5284 = CARTESIAN_POINT('',(175.75770017912,125.01964657146,
    51.976976863318));
#5285 = CARTESIAN_POINT('',(176.87748645096,126.00397035224,
    51.966776863318));
#5286 = CARTESIAN_POINT('',(177.9972727228,126.98829413302,
    51.956576863318));
#5287 = CARTESIAN_POINT('',(179.11705899464,127.97261791379,
    51.946376863318));
#5288 = CARTESIAN_POINT('',(180.23684526648,128.95694169457,
    51.936176863318));
#5289 = CARTESIAN_POINT('',(56.728466447174,20.389586071126,
    45.063636469923));
#5290 = CARTESIAN_POINT('',(57.848252719012,21.373909851903,
    45.053436469923));
#5291 = CARTESIAN_POINT('',(58.968038990851,22.358233632679,
    45.043236469923));
#5292 = CARTESIAN_POINT('',(60.08782526269,23.342557413455,
    45.033036469923));
#5293 = CARTESIAN_POINT('',(61.207611534529,24.326881194231,
    45.022836469923));
#5294 = CARTESIAN_POINT('',(62.327397806367,25.311204975008,
    45.012636469923));
#5295 = CARTESIAN_POINT('',(81.785492479282,42.415420124651,
    44.835394999247));
#5296 = CARTESIAN_POINT('',(100.12380088035,58.535311493517,
    44.66835352857));
#5297 = CARTESIAN_POINT('',(118.46210928143,74.655202862385,
    44.501312057894));
#5298 = CARTESIAN_POINT('',(136.8004176825,90.775094231251,
    44.334270587218));
#5299 = CARTESIAN_POINT('',(155.13872608358,106.89498560011,
    44.167229116542));
#5300 = CARTESIAN_POINT('',(174.5968207565,123.99920074976,
    43.989987645865));
#5301 = CARTESIAN_POINT('',(175.71660702833,124.98352453053,
    43.979787645865));
#5302 = CARTESIAN_POINT('',(176.83639330017,125.96784831131,
    43.969587645865));
#5303 = CARTESIAN_POINT('',(177.95617957201,126.95217209209,
    43.959387645865));
#5304 = CARTESIAN_POINT('',(179.07596584385,127.93649587286,
    43.949187645865));
#5305 = CARTESIAN_POINT('',(180.19575211569,128.92081965364,
    43.938987645865));
#5306 = ADVANCED_FACE('',(#5307),#5339,.T.);
#5307 = FACE_BOUND('',#5308,.T.);
#5308 = EDGE_LOOP('',(#5309,#5319,#5328,#5336,#5337,#5338));
#5309 = ORIENTED_EDGE('',*,*,#5310,.T.);
#5310 = EDGE_CURVE('',#3401,#5311,#5313,.T.);
#5311 = VERTEX_POINT('',#5312);
#5312 = CARTESIAN_POINT('',(77.990653548108,1.207459787736,43.));
#5313 = B_SPLINE_CURVE_WITH_KNOTS('',4,(#5314,#5315,#5316,#5317,#5318),
  .UNSPECIFIED.,.F.,.F.,(5,5),(0.,1.),.PIECEWISE_BEZIER_KNOTS.);
#5314 = CARTESIAN_POINT('',(77.990653548108,1.207459787736,
    44.935542686678));
#5315 = CARTESIAN_POINT('',(77.990653548108,1.207459787736,
    44.451656865009));
#5316 = CARTESIAN_POINT('',(77.990653548108,1.207459787736,
    43.967771043339));
#5317 = CARTESIAN_POINT('',(77.990653548108,1.207459787736,
    43.48388522167));
#5318 = CARTESIAN_POINT('',(77.990653548108,1.207459787736,42.9999994));
#5319 = ORIENTED_EDGE('',*,*,#5320,.T.);
#5320 = EDGE_CURVE('',#5311,#5321,#5323,.T.);
#5321 = VERTEX_POINT('',#5322);
#5322 = CARTESIAN_POINT('',(70.791048001746,32.75099269968,43.));
#5323 = CIRCLE('',#5324,78.);
#5324 = AXIS2_PLACEMENT_3D('',#5325,#5326,#5327);
#5325 = CARTESIAN_POINT('',(0.,0.,43.));
#5326 = DIRECTION('',(0.,0.,1.));
#5327 = DIRECTION('',(1.,0.,-0.));
#5328 = ORIENTED_EDGE('',*,*,#5329,.T.);
#5329 = EDGE_CURVE('',#5321,#5195,#5330,.T.);
#5330 = B_SPLINE_CURVE_WITH_KNOTS('',4,(#5331,#5332,#5333,#5334,#5335),
  .UNSPECIFIED.,.F.,.F.,(5,5),(0.,1.),.PIECEWISE_BEZIER_KNOTS.);
#5331 = CARTESIAN_POINT('',(70.791048001746,32.75099269968,42.9999994));
#5332 = CARTESIAN_POINT('',(70.791048001746,32.75099269968,
    43.48388522167));
#5333 = CARTESIAN_POINT('',(70.791048001746,32.75099269968,
    43.967771043339));
#5334 = CARTESIAN_POINT('',(70.791048001746,32.75099269968,
    44.451656865009));
#5335 = CARTESIAN_POINT('',(70.791048001746,32.75099269968,
    44.935542686678));
#5336 = ORIENTED_EDGE('',*,*,#5194,.T.);
#5337 = ORIENTED_EDGE('',*,*,#967,.F.);
#5338 = ORIENTED_EDGE('',*,*,#3424,.T.);
#5339 = CYLINDRICAL_SURFACE('',#5340,78.);
#5340 = AXIS2_PLACEMENT_3D('',#5341,#5342,#5343);
#5341 = CARTESIAN_POINT('',(0.,0.,35.));
#5342 = DIRECTION('',(0.,0.,1.));
#5343 = DIRECTION('',(1.,0.,-0.));
#5344 = ADVANCED_FACE('',(#5345,#5348,#5368,#5388,#5399,#5410,#5421),
  #5450,.T.);
#5345 = FACE_BOUND('',#5346,.T.);
#5346 = EDGE_LOOP('',(#5347));
#5347 = ORIENTED_EDGE('',*,*,#936,.T.);
#5348 = FACE_BOUND('',#5349,.T.);
#5349 = EDGE_LOOP('',(#5350,#5361));
#5350 = ORIENTED_EDGE('',*,*,#5351,.F.);
#5351 = EDGE_CURVE('',#5352,#5354,#5356,.T.);
#5352 = VERTEX_POINT('',#5353);
#5353 = CARTESIAN_POINT('',(-19.91597412837,-45.30495168499,53.));
#5354 = VERTEX_POINT('',#5355);
#5355 = CARTESIAN_POINT('',(-31.26229818386,-58.19934410459,53.));
#5356 = CIRCLE('',#5357,13.);
#5357 = AXIS2_PLACEMENT_3D('',#5358,#5359,#5360);
#5358 = CARTESIAN_POINT('',(-32.91597412837,-45.30495168499,53.));
#5359 = DIRECTION('',(0.,0.,1.));
#5360 = DIRECTION('',(1.,0.,-0.));
#5361 = ORIENTED_EDGE('',*,*,#5362,.F.);
#5362 = EDGE_CURVE('',#5354,#5352,#5363,.T.);
#5363 = CIRCLE('',#5364,13.);
#5364 = AXIS2_PLACEMENT_3D('',#5365,#5366,#5367);
#5365 = CARTESIAN_POINT('',(-32.91597412837,-45.30495168499,53.));
#5366 = DIRECTION('',(0.,0.,1.));
#5367 = DIRECTION('',(1.,0.,-0.));
#5368 = FACE_BOUND('',#5369,.T.);
#5369 = EDGE_LOOP('',(#5370,#5381));
#5370 = ORIENTED_EDGE('',*,*,#5371,.F.);
#5371 = EDGE_CURVE('',#5372,#5374,#5376,.T.);
#5372 = VERTEX_POINT('',#5373);
#5373 = CARTESIAN_POINT('',(45.915974128378,-45.30495168499,53.));
#5374 = VERTEX_POINT('',#5375);
#5375 = CARTESIAN_POINT('',(31.262298183861,-58.19934410459,53.));
#5376 = CIRCLE('',#5377,13.);
#5377 = AXIS2_PLACEMENT_3D('',#5378,#5379,#5380);
#5378 = CARTESIAN_POINT('',(32.915974128378,-45.30495168499,53.));
#5379 = DIRECTION('',(0.,0.,1.));
#5380 = DIRECTION('',(1.,0.,-0.));
#5381 = ORIENTED_EDGE('',*,*,#5382,.F.);
#5382 = EDGE_CURVE('',#5374,#5372,#5383,.T.);
#5383 = CIRCLE('',#5384,13.);
#5384 = AXIS2_PLACEMENT_3D('',#5385,#5386,#5387);
#5385 = CARTESIAN_POINT('',(32.915974128378,-45.30495168499,53.));
#5386 = DIRECTION('',(0.,0.,1.));
#5387 = DIRECTION('',(1.,0.,-0.));
#5388 = FACE_BOUND('',#5389,.T.);
#5389 = EDGE_LOOP('',(#5390));
#5390 = ORIENTED_EDGE('',*,*,#5391,.F.);
#5391 = EDGE_CURVE('',#5392,#5392,#5394,.T.);
#5392 = VERTEX_POINT('',#5393);
#5393 = CARTESIAN_POINT('',(28.55,-6.992733223131E-15,53.));
#5394 = CIRCLE('',#5395,28.55);
#5395 = AXIS2_PLACEMENT_3D('',#5396,#5397,#5398);
#5396 = CARTESIAN_POINT('',(0.,0.,53.));
#5397 = DIRECTION('',(0.,0.,1.));
#5398 = DIRECTION('',(1.,0.,-0.));
#5399 = FACE_BOUND('',#5400,.T.);
#5400 = EDGE_LOOP('',(#5401));
#5401 = ORIENTED_EDGE('',*,*,#5402,.F.);
#5402 = EDGE_CURVE('',#5403,#5403,#5405,.T.);
#5403 = VERTEX_POINT('',#5404);
#5404 = CARTESIAN_POINT('',(-40.25916491252,17.304951684997,53.));
#5405 = CIRCLE('',#5406,13.);
#5406 = AXIS2_PLACEMENT_3D('',#5407,#5408,#5409);
#5407 = CARTESIAN_POINT('',(-53.25916491252,17.304951684997,53.));
#5408 = DIRECTION('',(0.,0.,1.));
#5409 = DIRECTION('',(1.,0.,-0.));
#5410 = FACE_BOUND('',#5411,.T.);
#5411 = EDGE_LOOP('',(#5412));
#5412 = ORIENTED_EDGE('',*,*,#5413,.F.);
#5413 = EDGE_CURVE('',#5414,#5414,#5416,.T.);
#5414 = VERTEX_POINT('',#5415);
#5415 = CARTESIAN_POINT('',(66.259164912529,17.304951684997,53.));
#5416 = CIRCLE('',#5417,13.);
#5417 = AXIS2_PLACEMENT_3D('',#5418,#5419,#5420);
#5418 = CARTESIAN_POINT('',(53.259164912529,17.304951684997,53.));
#5419 = DIRECTION('',(0.,0.,1.));
#5420 = DIRECTION('',(1.,0.,-0.));
#5421 = FACE_BOUND('',#5422,.T.);
#5422 = EDGE_LOOP('',(#5423,#5434,#5443));
#5423 = ORIENTED_EDGE('',*,*,#5424,.F.);
#5424 = EDGE_CURVE('',#5425,#5427,#5429,.T.);
#5425 = VERTEX_POINT('',#5426);
#5426 = CARTESIAN_POINT('',(-8.306623862918,66.,53.));
#5427 = VERTEX_POINT('',#5428);
#5428 = CARTESIAN_POINT('',(13.,56.,53.));
#5429 = CIRCLE('',#5430,13.);
#5430 = AXIS2_PLACEMENT_3D('',#5431,#5432,#5433);
#5431 = CARTESIAN_POINT('',(3.429011037613E-15,56.,53.));
#5432 = DIRECTION('',(0.,0.,1.));
#5433 = DIRECTION('',(1.,0.,-0.));
#5434 = ORIENTED_EDGE('',*,*,#5435,.F.);
#5435 = EDGE_CURVE('',#5436,#5425,#5438,.T.);
#5436 = VERTEX_POINT('',#5437);
#5437 = CARTESIAN_POINT('',(8.306623862918,66.,53.));
#5438 = CIRCLE('',#5439,13.);
#5439 = AXIS2_PLACEMENT_3D('',#5440,#5441,#5442);
#5440 = CARTESIAN_POINT('',(3.429011037613E-15,56.,53.));
#5441 = DIRECTION('',(0.,0.,1.));
#5442 = DIRECTION('',(1.,0.,-0.));
#5443 = ORIENTED_EDGE('',*,*,#5444,.F.);
#5444 = EDGE_CURVE('',#5427,#5436,#5445,.T.);
#5445 = CIRCLE('',#5446,13.);
#5446 = AXIS2_PLACEMENT_3D('',#5447,#5448,#5449);
#5447 = CARTESIAN_POINT('',(3.429011037613E-15,56.,53.));
#5448 = DIRECTION('',(0.,0.,1.));
#5449 = DIRECTION('',(1.,0.,-0.));
#5450 = PLANE('',#5451);
#5451 = AXIS2_PLACEMENT_3D('',#5452,#5453,#5454);
#5452 = CARTESIAN_POINT('',(0.,0.,53.));
#5453 = DIRECTION('',(0.,0.,1.));
#5454 = DIRECTION('',(1.,0.,-0.));
#5455 = ADVANCED_FACE('',(#5456),#5508,.F.);
#5456 = FACE_BOUND('',#5457,.F.);
#5457 = EDGE_LOOP('',(#5458,#5466,#5467,#5468,#5469,#5470,#5471,#5479));
#5458 = ORIENTED_EDGE('',*,*,#5459,.F.);
#5459 = EDGE_CURVE('',#3166,#5460,#5462,.T.);
#5460 = VERTEX_POINT('',#5461);
#5461 = CARTESIAN_POINT('',(207.57217164063,-43.28624684471,34.));
#5462 = LINE('',#5463,#5464);
#5463 = CARTESIAN_POINT('',(204.01446617507,-58.87357294492,34.));
#5464 = VECTOR('',#5465,1.);
#5465 = DIRECTION('',(0.222520933956,0.974927912182,0.));
#5466 = ORIENTED_EDGE('',*,*,#3190,.T.);
#5467 = ORIENTED_EDGE('',*,*,#2400,.F.);
#5468 = ORIENTED_EDGE('',*,*,#2291,.F.);
#5469 = ORIENTED_EDGE('',*,*,#3543,.F.);
#5470 = ORIENTED_EDGE('',*,*,#3456,.F.);
#5471 = ORIENTED_EDGE('',*,*,#5472,.F.);
#5472 = EDGE_CURVE('',#5473,#3403,#5475,.T.);
#5473 = VERTEX_POINT('',#5474);
#5474 = CARTESIAN_POINT('',(209.35496859002,-35.47530305255,
    42.002811770456));
#5475 = LINE('',#5476,#5477);
#5476 = CARTESIAN_POINT('',(209.35496859002,-35.47530305255,34.));
#5477 = VECTOR('',#5478,1.);
#5478 = DIRECTION('',(0.,0.,1.));
#5479 = ORIENTED_EDGE('',*,*,#5480,.F.);
#5480 = EDGE_CURVE('',#5460,#5473,#5481,.T.);
#5481 = B_SPLINE_CURVE_WITH_KNOTS('',7,(#5482,#5483,#5484,#5485,#5486,
    #5487,#5488,#5489,#5490,#5491,#5492,#5493,#5494,#5495,#5496,#5497,
    #5498,#5499,#5500,#5501,#5502,#5503,#5504,#5505,#5506,#5507),
  .UNSPECIFIED.,.F.,.F.,(8,6,6,6,8),(0.,0.249928743903,0.50000257361,
    0.75007469467,1.),.UNSPECIFIED.);
#5482 = CARTESIAN_POINT('',(207.57217164063,-43.28624684471,34.));
#5483 = CARTESIAN_POINT('',(207.66223864036,-42.89163753561,34.));
#5484 = CARTESIAN_POINT('',(207.75449455032,-42.48743798423,
    34.023838195587));
#5485 = CARTESIAN_POINT('',(207.84847141355,-42.07569844391,
    34.073594322343));
#5486 = CARTESIAN_POINT('',(207.94358597133,-41.65897433805,
    34.15114205148));
#5487 = CARTESIAN_POINT('',(208.03913833765,-41.24033206768,
    34.257934940985));
#5488 = CARTESIAN_POINT('',(208.13433765516,-40.82323660517,
    34.394825659662));
#5489 = CARTESIAN_POINT('',(208.32242638804,-39.99916602272,
    34.729108307305));
#5490 = CARTESIAN_POINT('',(208.41531472823,-39.59219561344,
    34.926536733981));
#5491 = CARTESIAN_POINT('',(208.50618875601,-39.19405048344,
    35.154311976587));
#5492 = CARTESIAN_POINT('',(208.59417950065,-38.8085378423,
    35.41181077776));
#5493 = CARTESIAN_POINT('',(208.67843046674,-38.43941024153,
    35.69756177427));
#5494 = CARTESIAN_POINT('',(208.75817149245,-38.09004198063,
    36.009289745989));
#5495 = CARTESIAN_POINT('',(208.90735596129,-37.43642211597,
    36.6789651319));
#5496 = CARTESIAN_POINT('',(208.97679976347,-37.13216893913,
    37.036913526281));
#5497 = CARTESIAN_POINT('',(209.04045686384,-36.85326895945,
    37.415107423275));
#5498 = CARTESIAN_POINT('',(209.09782034473,-36.60194312836,
    37.810089797611));
#5499 = CARTESIAN_POINT('',(209.14856235119,-36.37962787228,
    38.21801591371));
#5500 = CARTESIAN_POINT('',(209.1925439735,-36.18693179441,
    38.634984884272));
#5501 = CARTESIAN_POINT('',(209.26701270482,-35.8606629645,
    39.479299588322));
#5502 = CARTESIAN_POINT('',(209.29750803953,-35.72705417332,
    39.906640440958));
#5503 = CARTESIAN_POINT('',(209.32129845905,-35.622821535,
    40.335566432024));
#5504 = CARTESIAN_POINT('',(209.3385738871,-35.54713293931,
    40.762527272485));
#5505 = CARTESIAN_POINT('',(209.34965812813,-35.4985697063,
    41.184381054575));
#5506 = CARTESIAN_POINT('',(209.35496859002,-35.47530305255,
    41.59850945184));
#5507 = CARTESIAN_POINT('',(209.35496859002,-35.47530305255,
    42.002811770456));
#5508 = PLANE('',#5509);
#5509 = AXIS2_PLACEMENT_3D('',#5510,#5511,#5512);
#5510 = CARTESIAN_POINT('',(204.01446617507,-58.87357294492,34.));
#5511 = DIRECTION('',(-0.974927912182,0.222520933956,0.));
#5512 = DIRECTION('',(0.178016747165,0.779942329745,0.6));
#5513 = ADVANCED_FACE('',(#5514),#5539,.T.);
#5514 = FACE_BOUND('',#5515,.T.);
#5515 = EDGE_LOOP('',(#5516,#5517,#5518,#5519));
#5516 = ORIENTED_EDGE('',*,*,#3029,.T.);
#5517 = ORIENTED_EDGE('',*,*,#2414,.T.);
#5518 = ORIENTED_EDGE('',*,*,#3274,.F.);
#5519 = ORIENTED_EDGE('',*,*,#5520,.F.);
#5520 = EDGE_CURVE('',#3003,#3275,#5521,.T.);
#5521 = B_SPLINE_CURVE_WITH_KNOTS('',6,(#5522,#5523,#5524,#5525,#5526,
    #5527,#5528,#5529,#5530,#5531,#5532,#5533,#5534,#5535,#5536,#5537,
    #5538),.UNSPECIFIED.,.F.,.F.,(7,5,5,7),(-9.000422918949,
    -5.47496049944E-02,146.55481105679,155.50048437074),.UNSPECIFIED.);
#5522 = CARTESIAN_POINT('',(14.264581955516,-55.98164027425,
    35.064199416322));
#5523 = CARTESIAN_POINT('',(14.975050796978,-57.29238381336,
    35.053999416322));
#5524 = CARTESIAN_POINT('',(15.68551963844,-58.60312735247,
    35.043799416322));
#5525 = CARTESIAN_POINT('',(16.395988479902,-59.91387089157,
    35.033599416322));
#5526 = CARTESIAN_POINT('',(17.106457321365,-61.22461443068,
    35.023399416322));
#5527 = CARTESIAN_POINT('',(17.816926162827,-62.53535796979,
    35.013199416322));
#5528 = CARTESIAN_POINT('',(30.171183130126,-85.3277192323,
    34.835832846935));
#5529 = CARTESIAN_POINT('',(41.814971255964,-106.8093369557,
    34.668666277548));
#5530 = CARTESIAN_POINT('',(53.458759381802,-128.2909546791,
    34.501499708161));
#5531 = CARTESIAN_POINT('',(65.10254750764,-149.7725724025,
    34.334333138774));
#5532 = CARTESIAN_POINT('',(76.746335633477,-171.2541901259,
    34.167166569387));
#5533 = CARTESIAN_POINT('',(89.100592600777,-194.0465513884,33.9898));
#5534 = CARTESIAN_POINT('',(89.811061442239,-195.3572949275,33.9796));
#5535 = CARTESIAN_POINT('',(90.521530283701,-196.6680384666,33.9694));
#5536 = CARTESIAN_POINT('',(91.231999125163,-197.9787820057,33.9592));
#5537 = CARTESIAN_POINT('',(91.942467966626,-199.2895255448,33.949));
#5538 = CARTESIAN_POINT('',(92.652936808088,-200.6002690839,33.9388));
#5539 = B_SPLINE_SURFACE_WITH_KNOTS('',1,1,(
    (#5540,#5541)
    ,(#5542,#5543
    )),.UNSPECIFIED.,.F.,.F.,.F.,(2,2),(2,2),(0.,38.),(0.,1.),
  .PIECEWISE_BEZIER_KNOTS.);
#5540 = CARTESIAN_POINT('',(11.517918291613,-67.70773632479,35.));
#5541 = CARTESIAN_POINT('',(81.171726278093,-196.2120048647,34.));
#5542 = CARTESIAN_POINT('',(45.754735271905,-51.22015423832,35.));
#5543 = CARTESIAN_POINT('',(102.79497910775,-185.7987951259,34.));
#5544 = ADVANCED_FACE('',(#5545),#5634,.T.);
#5545 = FACE_BOUND('',#5546,.F.);
#5546 = EDGE_LOOP('',(#5547,#5626,#5633));
#5547 = ORIENTED_EDGE('',*,*,#5548,.F.);
#5548 = EDGE_CURVE('',#5549,#2566,#5551,.T.);
#5549 = VERTEX_POINT('',#5550);
#5550 = CARTESIAN_POINT('',(76.354934521322,0.,38.140493108379));
#5551 = B_SPLINE_CURVE_WITH_KNOTS('',7,(#5552,#5553,#5554,#5555,#5556,
    #5557,#5558,#5559,#5560,#5561,#5562,#5563,#5564,#5565,#5566,#5567,
    #5568,#5569,#5570,#5571,#5572,#5573,#5574,#5575,#5576,#5577,#5578,
    #5579,#5580,#5581,#5582,#5583,#5584,#5585,#5586,#5587,#5588,#5589,
    #5590,#5591,#5592,#5593,#5594,#5595,#5596,#5597,#5598,#5599,#5600,
    #5601,#5602,#5603,#5604,#5605,#5606,#5607,#5608,#5609,#5610,#5611,
    #5612,#5613,#5614,#5615,#5616,#5617,#5618,#5619,#5620,#5621,#5622,
    #5623,#5624,#5625),.UNSPECIFIED.,.F.,.F.,(8,6,6,6,6,6,6,6,6,6,6,6,8)
  ,(0.,0.229166596227,0.456965509749,0.68892869192,0.806159646911,
    0.863706816135,0.919704875378,0.955532829292,0.976360069948,
    0.987802728633,0.993844396248,0.995987686883,1.),.UNSPECIFIED.);
#5552 = CARTESIAN_POINT('',(76.354934521322,0.,38.140493108379));
#5553 = CARTESIAN_POINT('',(76.213661860187,-0.105164219692,
    37.955746274762));
#5554 = CARTESIAN_POINT('',(76.065607033152,-0.215268341271,
    37.775336532047));
#5555 = CARTESIAN_POINT('',(75.910970405307,-0.330124088121,
    37.59968134509));
#5556 = CARTESIAN_POINT('',(75.749995254454,-0.449508566358,
    37.429175347336));
#5557 = CARTESIAN_POINT('',(75.582962361252,-0.573168266872,
    37.264184171047));
#5558 = CARTESIAN_POINT('',(75.410184599364,-0.700823067361,
    37.105038277519));
#5559 = CARTESIAN_POINT('',(75.05488186122,-0.962733512063,
    36.79992848067));
#5560 = CARTESIAN_POINT('',(74.872420919031,-1.096945327021,
    36.653891649816));
#5561 = CARTESIAN_POINT('',(74.684951588343,-1.234508801077,
    36.51420070462));
#5562 = CARTESIAN_POINT('',(74.492830392615,-1.375105415798,
    36.38110073628));
#5563 = CARTESIAN_POINT('',(74.296431024405,-1.518400551213,
    36.254793342087));
#5564 = CARTESIAN_POINT('',(74.096132457757,-1.664047834397,
    36.135434745617));
#5565 = CARTESIAN_POINT('',(73.68474469741,-1.962035769964,
    35.908784810389));
#5566 = CARTESIAN_POINT('',(73.473525411861,-2.114450099285,
    35.801753989489));
#5567 = CARTESIAN_POINT('',(73.25902926315,-2.268560008211,
    35.702161163418));
#5568 = CARTESIAN_POINT('',(73.041634446704,-2.423982407723,
    35.610075434489));
#5569 = CARTESIAN_POINT('',(72.821665672577,-2.580321531322,
    35.52551820137));
#5570 = CARTESIAN_POINT('',(72.599406667454,-2.737180552105,
    35.448465819454));
#5571 = CARTESIAN_POINT('',(72.261414398375,-2.973412747575,
    35.343675283285));
#5572 = CARTESIAN_POINT('',(72.147365724647,-3.052736896206,
    35.310395961579));
#5573 = CARTESIAN_POINT('',(72.032743659185,-3.132019486565,
    35.279009306926));
#5574 = CARTESIAN_POINT('',(71.917529912924,-3.211196643831,
    35.249504686818));
#5575 = CARTESIAN_POINT('',(71.801687313193,-3.290200280087,
    35.221869075767));
#5576 = CARTESIAN_POINT('',(71.685132190332,-3.368950238969,
    35.196087413227));
#5577 = CARTESIAN_POINT('',(71.510016392187,-3.485816197097,
    35.160389322799));
#5578 = CARTESIAN_POINT('',(71.452140466308,-3.52420774344,
    35.149078205901));
#5579 = CARTESIAN_POINT('',(71.394024394229,-3.562498765253,
    35.138207918145));
#5580 = CARTESIAN_POINT('',(71.335638128409,-3.600674189918,
    35.127776441161));
#5581 = CARTESIAN_POINT('',(71.276943218864,-3.638716576832,
    35.117781699159));
#5582 = CARTESIAN_POINT('',(71.217886779737,-3.676604363403,
    35.108221608077));
#5583 = CARTESIAN_POINT('',(71.100495500051,-3.750997921952,
    35.090212420844));
#5584 = CARTESIAN_POINT('',(71.042183534802,-3.787513152696,
    35.081740374389));
#5585 = CARTESIAN_POINT('',(70.983384834788,-3.82382860834,
    35.07367612458));
#5586 = CARTESIAN_POINT('',(70.923996280205,-3.859908707129,
    35.066017964355));
#5587 = CARTESIAN_POINT('',(70.863891149279,-3.895710900411,
    35.058764290443));
#5588 = CARTESIAN_POINT('',(70.802877721507,-3.931173577859,
    35.051913913833));
#5589 = CARTESIAN_POINT('',(70.700765071301,-3.988592064204,
    35.04134184137));
#5590 = CARTESIAN_POINT('',(70.660409031586,-4.010811760422,
    35.037382026378));
#5591 = CARTESIAN_POINT('',(70.619443777506,-4.032819284401,
    35.033587276357));
#5592 = CARTESIAN_POINT('',(70.577751831224,-4.054578757331,
    35.029957770288));
#5593 = CARTESIAN_POINT('',(70.535154444638,-4.076035853821,
    35.026494203186));
#5594 = CARTESIAN_POINT('',(70.491426151045,-4.09712211402,
    35.02319764292));
#5595 = CARTESIAN_POINT('',(70.419741928668,-4.12965565638,
    35.01825361974));
#5596 = CARTESIAN_POINT('',(70.392849016463,-4.141441851857,
    35.016493652275));
#5597 = CARTESIAN_POINT('',(70.365319197356,-4.153026369464,
    35.014791750829));
#5598 = CARTESIAN_POINT('',(70.33703607174,-4.164374328318,
    35.013148707984));
#5599 = CARTESIAN_POINT('',(70.307817186574,-4.175430374785,
    35.011565930251));
#5600 = CARTESIAN_POINT('',(70.277441332998,-4.186126875077,
    35.010045181291));
#5601 = CARTESIAN_POINT('',(70.227816027072,-4.201910363438,
    35.007791313682));
#5602 = CARTESIAN_POINT('',(70.209722495996,-4.207352660534,
    35.007012142245));
#5603 = CARTESIAN_POINT('',(70.191045802456,-4.212615457576,
    35.006253612928));
#5604 = CARTESIAN_POINT('',(70.171684001132,-4.217667788574,
    35.005516577222));
#5605 = CARTESIAN_POINT('',(70.151472789715,-4.22245848883,
    35.004802530068));
#5606 = CARTESIAN_POINT('',(70.130220843704,-4.226927048946,
    35.004113270656));
#5607 = CARTESIAN_POINT('',(70.095460839789,-4.233045458322,
    35.003104343549));
#5608 = CARTESIAN_POINT('',(70.083035854508,-4.235029664796,
    35.002763882336));
#5609 = CARTESIAN_POINT('',(70.07012490522,-4.236862834487,
    35.002432134199));
#5610 = CARTESIAN_POINT('',(70.056645187503,-4.238519041123,
    35.002109868926));
#5611 = CARTESIAN_POINT('',(70.042462189667,-4.239954378444,
    35.001798476938));
#5612 = CARTESIAN_POINT('',(70.027424709697,-4.24111815004,
    35.001499607523));
#5613 = CARTESIAN_POINT('',(70.005386670343,-4.242160471862,
    35.001116940047));
#5614 = CARTESIAN_POINT('',(69.999619218541,-4.242376281991,
    35.001021547625));
#5615 = CARTESIAN_POINT('',(69.993855186476,-4.24253424925,
    35.000930967142));
#5616 = CARTESIAN_POINT('',(69.988094623668,-4.242633682812,
    35.000845198695));
#5617 = CARTESIAN_POINT('',(69.982337577939,-4.242673914501,
    35.000764242371));
#5618 = CARTESIAN_POINT('',(69.976584095407,-4.242654298792,
    35.000688098242));
#5619 = CARTESIAN_POINT('',(69.960070258674,-4.242424289126,
    35.000483230679));
#5620 = CARTESIAN_POINT('',(69.948809476737,-4.242061820096,
    35.000359770316));
#5621 = CARTESIAN_POINT('',(69.936649682139,-4.241410926599,
    35.000246427802));
#5622 = CARTESIAN_POINT('',(69.923354691027,-4.240421729396,
    35.000143744096));
#5623 = CARTESIAN_POINT('',(69.908620941554,-4.238967388758,
    35.000056923741));
#5624 = CARTESIAN_POINT('',(69.891844107202,-4.236741144093,35.));
#5625 = CARTESIAN_POINT('',(69.871885710099,-4.233153353569,35.));
#5626 = ORIENTED_EDGE('',*,*,#5627,.T.);
#5627 = EDGE_CURVE('',#5549,#2568,#5628,.T.);
#5628 = CIRCLE('',#5629,8.);
#5629 = AXIS2_PLACEMENT_3D('',#5630,#5631,#5632);
#5630 = CARTESIAN_POINT('',(70.,0.,43.));
#5631 = DIRECTION('',(0.,1.,0.));
#5632 = DIRECTION('',(1.,0.,-0.));
#5633 = ORIENTED_EDGE('',*,*,#2565,.F.);
#5634 = TOROIDAL_SURFACE('',#5635,70.,8.);
#5635 = AXIS2_PLACEMENT_3D('',#5636,#5637,#5638);
#5636 = CARTESIAN_POINT('',(0.,0.,43.));
#5637 = DIRECTION('',(-0.,-0.,-1.));
#5638 = DIRECTION('',(1.,0.,-0.));
#5639 = ADVANCED_FACE('',(#5640),#5708,.T.);
#5640 = FACE_BOUND('',#5641,.T.);
#5641 = EDGE_LOOP('',(#5642,#5662,#5663,#5664,#5687,#5707));
#5642 = ORIENTED_EDGE('',*,*,#5643,.F.);
#5643 = EDGE_CURVE('',#3069,#5460,#5644,.T.);
#5644 = B_SPLINE_CURVE_WITH_KNOTS('',6,(#5645,#5646,#5647,#5648,#5649,
    #5650,#5651,#5652,#5653,#5654,#5655,#5656,#5657,#5658,#5659,#5660,
    #5661),.UNSPECIFIED.,.F.,.F.,(7,5,5,7),(-9.000422918949,
    -5.474960499485E-02,146.55481105679,155.50048437074),.UNSPECIFIED.);
#5645 = CARTESIAN_POINT('',(57.752231772333,-1.449852225804,
    35.064199416322));
#5646 = CARTESIAN_POINT('',(59.18820642447,-1.850840253581,
    35.053999416322));
#5647 = CARTESIAN_POINT('',(60.624181076607,-2.251828281359,
    35.043799416322));
#5648 = CARTESIAN_POINT('',(62.060155728743,-2.652816309136,
    35.033599416322));
#5649 = CARTESIAN_POINT('',(63.49613038088,-3.053804336914,
    35.023399416322));
#5650 = CARTESIAN_POINT('',(64.932105033017,-3.454792364691,
    35.013199416322));
#5651 = CARTESIAN_POINT('',(89.902095011067,-10.42752480117,
    34.835832846935));
#5652 = CARTESIAN_POINT('',(113.43611033698,-16.99926920988,
    34.668666277548));
#5653 = CARTESIAN_POINT('',(136.97012566289,-23.57101361859,
    34.501499708161));
#5654 = CARTESIAN_POINT('',(160.5041409888,-30.14275802729,
    34.334333138774));
#5655 = CARTESIAN_POINT('',(184.03815631472,-36.714502436,
    34.167166569387));
#5656 = CARTESIAN_POINT('',(209.00814629277,-43.68723487248,33.9898));
#5657 = CARTESIAN_POINT('',(210.4441209449,-44.08822290026,33.9796));
#5658 = CARTESIAN_POINT('',(211.88009559704,-44.48921092804,33.9694));
#5659 = CARTESIAN_POINT('',(213.31607024918,-44.89019895582,33.9592));
#5660 = CARTESIAN_POINT('',(214.75204490131,-45.29118698359,33.949));
#5661 = CARTESIAN_POINT('',(216.18801955345,-45.69217501137,33.9388));
#5662 = ORIENTED_EDGE('',*,*,#3076,.F.);
#5663 = ORIENTED_EDGE('',*,*,#5548,.F.);
#5664 = ORIENTED_EDGE('',*,*,#5665,.F.);
#5665 = EDGE_CURVE('',#5666,#5549,#5668,.T.);
#5666 = VERTEX_POINT('',#5667);
#5667 = CARTESIAN_POINT('',(77.990395752008,1.20753177588,
    42.935919218387));
#5668 = B_SPLINE_CURVE_WITH_KNOTS('',5,(#5669,#5670,#5671,#5672,#5673,
    #5674,#5675,#5676,#5677,#5678,#5679,#5680,#5681,#5682,#5683,#5684,
    #5685,#5686),.UNSPECIFIED.,.F.,.F.,(6,4,4,4,6),(0.,0.253466766462,
    0.50637399241,0.755210361759,1.),.UNSPECIFIED.);
#5669 = CARTESIAN_POINT('',(77.990395752008,1.20753177588,
    42.935919218387));
#5670 = CARTESIAN_POINT('',(77.988480469995,1.208066607854,
    42.697880741614));
#5671 = CARTESIAN_POINT('',(77.977785291523,1.201860347954,
    42.456241553885));
#5672 = CARTESIAN_POINT('',(77.957775024177,1.18849932152,
    42.211553527721));
#5673 = CARTESIAN_POINT('',(77.92795694498,1.167608307697,
    41.964486121583));
#5674 = CARTESIAN_POINT('',(77.847991792292,1.110239638889,
    41.467688611204));
#5675 = CARTESIAN_POINT('',(77.797889778547,1.073796529413,
    41.217965520321));
#5676 = CARTESIAN_POINT('',(77.737225761753,1.029269657308,
    40.967410792513));
#5677 = CARTESIAN_POINT('',(77.665693527905,0.97644623289,40.71689443336
    ));
#5678 = CARTESIAN_POINT('',(77.501883807785,0.855000468056,
    40.221817312545));
#5679 = CARTESIAN_POINT('',(77.409958779675,0.786646122834,
    39.977225430462));
#5680 = CARTESIAN_POINT('',(77.307187289865,0.710075815583,
    39.734457645699));
#5681 = CARTESIAN_POINT('',(77.19353708492,0.625308278914,
    39.494455276702));
#5682 = CARTESIAN_POINT('',(76.94674351712,0.441180623278,
    39.025696439798));
#5683 = CARTESIAN_POINT('',(76.813947170344,0.342080190928,
    38.796820358944));
#5684 = CARTESIAN_POINT('',(76.670853067156,0.235326485668,
    38.572417027679));
#5685 = CARTESIAN_POINT('',(76.517717790662,0.121176845977,
    38.353370060896));
#5686 = CARTESIAN_POINT('',(76.354934521322,-1.941448784186E-16,
    38.140493108379));
#5687 = ORIENTED_EDGE('',*,*,#5688,.T.);
#5688 = EDGE_CURVE('',#5666,#5473,#5689,.T.);
#5689 = B_SPLINE_CURVE_WITH_KNOTS('',6,(#5690,#5691,#5692,#5693,#5694,
    #5695,#5696,#5697,#5698,#5699,#5700,#5701,#5702,#5703,#5704,#5705,
    #5706),.UNSPECIFIED.,.F.,.F.,(7,5,5,7),(-9.000422918949,
    -5.474960499485E-02,146.55481105679,155.50048437074),.UNSPECIFIED.);
#5690 = CARTESIAN_POINT('',(59.95729203635,6.243176857003,
    43.064011770456));
#5691 = CARTESIAN_POINT('',(61.393266688487,5.842188829225,
    43.053811770456));
#5692 = CARTESIAN_POINT('',(62.829241340624,5.441200801448,
    43.043611770456));
#5693 = CARTESIAN_POINT('',(64.26521599276,5.04021277367,43.033411770456
    ));
#5694 = CARTESIAN_POINT('',(65.701190644897,4.639224745893,
    43.023211770456));
#5695 = CARTESIAN_POINT('',(67.137165297034,4.238236718115,
    43.013011770456));
#5696 = CARTESIAN_POINT('',(92.107155275084,-2.734495718369,
    42.835645201069));
#5697 = CARTESIAN_POINT('',(115.64117060099,-9.306240127076,
    42.668478631683));
#5698 = CARTESIAN_POINT('',(139.17518592691,-15.87798453578,
    42.501312062295));
#5699 = CARTESIAN_POINT('',(162.70920125282,-22.44972894449,
    42.334145492909));
#5700 = CARTESIAN_POINT('',(186.24321657873,-29.02147335319,
    42.166978923522));
#5701 = CARTESIAN_POINT('',(211.21320655678,-35.99420578968,
    41.989612354135));
#5702 = CARTESIAN_POINT('',(212.64918120892,-36.39519381745,
    41.979412354135));
#5703 = CARTESIAN_POINT('',(214.08515586106,-36.79618184523,
    41.969212354135));
#5704 = CARTESIAN_POINT('',(215.52113051319,-37.19716987301,
    41.959012354135));
#5705 = CARTESIAN_POINT('',(216.95710516533,-37.59815790079,
    41.948812354135));
#5706 = CARTESIAN_POINT('',(218.39307981747,-37.99914592856,
    41.938612354135));
#5707 = ORIENTED_EDGE('',*,*,#5480,.F.);
#5708 = ( BOUNDED_SURFACE() B_SPLINE_SURFACE(2,6,(
    (#5709,#5710,#5711,#5712,#5713,#5714,#5715,#5716,#5717,#5718,#5719
      ,#5720,#5721,#5722,#5723,#5724,#5725)
    ,(#5726,#5727,#5728,#5729,#5730,#5731,#5732,#5733,#5734,#5735,#5736
      ,#5737,#5738,#5739,#5740,#5741,#5742)
    ,(#5743,#5744,#5745,#5746,#5747,#5748,#5749,#5750,#5751,#5752,#5753
      ,#5754,#5755,#5756,#5757,#5758,#5759
)),.UNSPECIFIED.,.F.,.F.,.F.) B_SPLINE_SURFACE_WITH_KNOTS((3,3),(7,5,5,7
    ),(0.,146.60956066178),(-9.000422918949,-5.474960499485E-02,
    146.55481105679,155.50048437074),.UNSPECIFIED.) 
GEOMETRIC_REPRESENTATION_ITEM() RATIONAL_B_SPLINE_SURFACE((
    (1.,1.,1.,1.,1.,1.,1.,1.,1.,1.,1.,1.,1.,1.,1.,1.,1.)
    ,(0.706990803572,0.706990803572,0.706990803572,0.706990803572
      ,0.706990803572,0.706990803572,0.706990803572,0.706990803572
      ,0.706990803572,0.706990803572,0.706990803572,0.706990803572
      ,0.706990803572,0.706990803572,0.706990803572,0.706990803572
      ,0.706990803572)
    ,(1.,1.,1.,1.,1.,1.,1.,1.,1.,1.,1.,1.,1.,1.,1.,1.,1.
))) REPRESENTATION_ITEM('') SURFACE() );
#5709 = CARTESIAN_POINT('',(57.752231772333,-1.449852225804,
    35.064199416322));
#5710 = CARTESIAN_POINT('',(59.18820642447,-1.850840253581,
    35.053999416322));
#5711 = CARTESIAN_POINT('',(60.624181076607,-2.251828281359,
    35.043799416322));
#5712 = CARTESIAN_POINT('',(62.060155728743,-2.652816309136,
    35.033599416322));
#5713 = CARTESIAN_POINT('',(63.49613038088,-3.053804336914,
    35.023399416322));
#5714 = CARTESIAN_POINT('',(64.932105033017,-3.454792364691,
    35.013199416322));
#5715 = CARTESIAN_POINT('',(89.902095011067,-10.42752480117,
    34.835832846935));
#5716 = CARTESIAN_POINT('',(113.43611033698,-16.99926920988,
    34.668666277548));
#5717 = CARTESIAN_POINT('',(136.97012566289,-23.57101361859,
    34.501499708161));
#5718 = CARTESIAN_POINT('',(160.5041409888,-30.14275802729,
    34.334333138774));
#5719 = CARTESIAN_POINT('',(184.03815631472,-36.714502436,
    34.167166569387));
#5720 = CARTESIAN_POINT('',(209.00814629277,-43.68723487248,33.9898));
#5721 = CARTESIAN_POINT('',(210.4441209449,-44.08822290026,33.9796));
#5722 = CARTESIAN_POINT('',(211.88009559704,-44.48921092804,33.9694));
#5723 = CARTESIAN_POINT('',(213.31607024918,-44.89019895582,33.9592));
#5724 = CARTESIAN_POINT('',(214.75204490131,-45.29118698359,33.949));
#5725 = CARTESIAN_POINT('',(216.18801955345,-45.69217501137,33.9388));
#5726 = CARTESIAN_POINT('',(59.904561039659,6.257901697957,
    35.061574558259));
#5727 = CARTESIAN_POINT('',(61.340535691795,5.856913670179,
    35.051374558259));
#5728 = CARTESIAN_POINT('',(62.776510343932,5.455925642402,
    35.041174558259));
#5729 = CARTESIAN_POINT('',(64.212484996069,5.054937614624,
    35.030974558259));
#5730 = CARTESIAN_POINT('',(65.648459648205,4.653949586847,
    35.020774558259));
#5731 = CARTESIAN_POINT('',(67.084434300342,4.252961559069,
    35.010574558259));
#5732 = CARTESIAN_POINT('',(92.054424278392,-2.719770877415,
    34.833207988872));
#5733 = CARTESIAN_POINT('',(115.5884396043,-9.291515286122,
    34.666041419486));
#5734 = CARTESIAN_POINT('',(139.12245493022,-15.86325969482,
    34.498874850099));
#5735 = CARTESIAN_POINT('',(162.65647025613,-22.43500410353,
    34.331708280712));
#5736 = CARTESIAN_POINT('',(186.19048558204,-29.00674851224,
    34.164541711325));
#5737 = CARTESIAN_POINT('',(211.16047556009,-35.97948094872,
    33.987175141938));
#5738 = CARTESIAN_POINT('',(212.59645021223,-36.3804689765,
    33.976975141938));
#5739 = CARTESIAN_POINT('',(214.03242486437,-36.78145700428,
    33.966775141938));
#5740 = CARTESIAN_POINT('',(215.4683995165,-37.18244503206,
    33.956575141938));
#5741 = CARTESIAN_POINT('',(216.90437416864,-37.58343305983,
    33.946375141938));
#5742 = CARTESIAN_POINT('',(218.34034882078,-37.98442108761,
    33.936175141938));
#5743 = CARTESIAN_POINT('',(59.95729203635,6.243176857003,
    43.064011770456));
#5744 = CARTESIAN_POINT('',(61.393266688487,5.842188829225,
    43.053811770456));
#5745 = CARTESIAN_POINT('',(62.829241340624,5.441200801448,
    43.043611770456));
#5746 = CARTESIAN_POINT('',(64.26521599276,5.04021277367,43.033411770456
    ));
#5747 = CARTESIAN_POINT('',(65.701190644897,4.639224745893,
    43.023211770456));
#5748 = CARTESIAN_POINT('',(67.137165297034,4.238236718115,
    43.013011770456));
#5749 = CARTESIAN_POINT('',(92.107155275084,-2.734495718369,
    42.835645201069));
#5750 = CARTESIAN_POINT('',(115.64117060099,-9.306240127076,
    42.668478631683));
#5751 = CARTESIAN_POINT('',(139.17518592691,-15.87798453578,
    42.501312062295));
#5752 = CARTESIAN_POINT('',(162.70920125282,-22.44972894449,
    42.334145492909));
#5753 = CARTESIAN_POINT('',(186.24321657873,-29.02147335319,
    42.166978923522));
#5754 = CARTESIAN_POINT('',(211.21320655678,-35.99420578968,
    41.989612354135));
#5755 = CARTESIAN_POINT('',(212.64918120892,-36.39519381745,
    41.979412354135));
#5756 = CARTESIAN_POINT('',(214.08515586106,-36.79618184523,
    41.969212354135));
#5757 = CARTESIAN_POINT('',(215.52113051319,-37.19716987301,
    41.959012354135));
#5758 = CARTESIAN_POINT('',(216.95710516533,-37.59815790079,
    41.948812354135));
#5759 = CARTESIAN_POINT('',(218.39307981747,-37.99914592856,
    41.938612354135));
#5760 = ADVANCED_FACE('',(#5761),#5902,.T.);
#5761 = FACE_BOUND('',#5762,.F.);
#5762 = EDGE_LOOP('',(#5763,#5882,#5883,#5884,#5885,#5893,#5894));
#5763 = ORIENTED_EDGE('',*,*,#5764,.T.);
#5764 = EDGE_CURVE('',#5765,#2577,#5767,.T.);
#5765 = VERTEX_POINT('',#5766);
#5766 = CARTESIAN_POINT('',(70.79084696997,32.750815987068,
    42.935919218387));
#5767 = B_SPLINE_CURVE_WITH_KNOTS('',8,(#5768,#5769,#5770,#5771,#5772,
    #5773,#5774,#5775,#5776,#5777,#5778,#5779,#5780,#5781,#5782,#5783,
    #5784,#5785,#5786,#5787,#5788,#5789,#5790,#5791,#5792,#5793,#5794,
    #5795,#5796,#5797,#5798,#5799,#5800,#5801,#5802,#5803,#5804,#5805,
    #5806,#5807,#5808,#5809,#5810,#5811,#5812,#5813,#5814,#5815,#5816,
    #5817,#5818,#5819,#5820,#5821,#5822,#5823,#5824,#5825,#5826,#5827,
    #5828,#5829,#5830,#5831,#5832,#5833,#5834,#5835,#5836,#5837,#5838,
    #5839,#5840,#5841,#5842,#5843,#5844,#5845,#5846,#5847,#5848,#5849,
    #5850,#5851,#5852,#5853,#5854,#5855,#5856,#5857,#5858,#5859,#5860,
    #5861,#5862,#5863,#5864,#5865,#5866,#5867,#5868,#5869,#5870,#5871,
    #5872,#5873,#5874,#5875,#5876,#5877,#5878,#5879,#5880,#5881),
  .UNSPECIFIED.,.F.,.F.,(9,7,7,7,7,7,7,7,7,7,7,7,7,7,7,7,9),(0.,
    0.106991883795,0.214175378111,0.319846282916,0.422847325799,
    0.52449744428,0.626023471327,0.728515848075,0.832679324343,
    0.890287816523,0.946887875191,0.970772527995,0.984448479132,
    0.992164730063,0.996269955091,0.998520299417,1.),.UNSPECIFIED.);
#5768 = CARTESIAN_POINT('',(70.79084696997,32.750815987068,
    42.935919218387));
#5769 = CARTESIAN_POINT('',(70.789941983463,32.750020478351,
    42.791685044428));
#5770 = CARTESIAN_POINT('',(70.785399828905,32.749984966509,
    42.646242184919));
#5771 = CARTESIAN_POINT('',(70.777112838327,32.750732312849,
    42.499680448094));
#5772 = CARTESIAN_POINT('',(70.764976812342,32.752284355255,
    42.352097051157));
#5773 = CARTESIAN_POINT('',(70.748891976905,32.754661660792,
    42.203596420301));
#5774 = CARTESIAN_POINT('',(70.728763940068,32.757883278307,
    42.054289990714));
#5775 = CARTESIAN_POINT('',(70.704504648732,32.761966491034,
    41.904296006601));
#5776 = CARTESIAN_POINT('',(70.647511053152,32.771895530308,
    41.602913005562));
#5777 = CARTESIAN_POINT('',(70.614761663135,32.777744495763,
    41.451521951304));
#5778 = CARTESIAN_POINT('',(70.577703950373,32.784488834664,
    41.299691493145));
#5779 = CARTESIAN_POINT('',(70.536264122757,32.792141863459,
    41.147553603847));
#5780 = CARTESIAN_POINT('',(70.490376714199,32.800714631564,
    40.995246261698));
#5781 = CARTESIAN_POINT('',(70.439985477791,32.810215706978,
    40.842912818003));
#5782 = CARTESIAN_POINT('',(70.385044278964,32.820650961912,
    40.690701364575));
#5783 = CARTESIAN_POINT('',(70.266831742234,32.843235265924,
    40.388970999271));
#5784 = CARTESIAN_POINT('',(70.203688904551,32.855358050203,
    40.239444353896));
#5785 = CARTESIAN_POINT('',(70.136055649642,32.868394600747,
    40.090329854261));
#5786 = CARTESIAN_POINT('',(70.063908615566,32.882345040754,
    39.941776971593));
#5787 = CARTESIAN_POINT('',(69.987235386335,32.897206635975,
    39.793938020478));
#5788 = CARTESIAN_POINT('',(69.906034973844,32.912973703587,
    39.646967220169));
#5789 = CARTESIAN_POINT('',(69.82031829981,32.929637521061,
    39.501019755876));
#5790 = CARTESIAN_POINT('',(69.642178275571,32.96429156638,
    39.215139629436));
#5791 = CARTESIAN_POINT('',(69.549979073105,32.98223764936,
    39.075148105884));
#5792 = CARTESIAN_POINT('',(69.453532417664,33.001013569296,
    38.93641995373));
#5793 = CARTESIAN_POINT('',(69.352870843706,33.020605592057,
    38.799098745937));
#5794 = CARTESIAN_POINT('',(69.248037991047,33.040997214878,
    38.663326997605));
#5795 = CARTESIAN_POINT('',(69.13908852311,33.062169217167,
    38.529245219467));
#5796 = CARTESIAN_POINT('',(69.026088045172,33.084099711329,
    38.396990971386));
#5797 = CARTESIAN_POINT('',(68.793672202128,33.129131416677,
    38.138113736877));
#5798 = CARTESIAN_POINT('',(68.674360378308,33.152213512058,
    38.011439593579));
#5799 = CARTESIAN_POINT('',(68.551250787257,33.175986969643,
    37.886804012095));
#5800 = CARTESIAN_POINT('',(68.424426918559,33.200425830974,
    37.764331700818));
#5801 = CARTESIAN_POINT('',(68.29398190897,33.225501825855,
    37.644142790047));
#5802 = CARTESIAN_POINT('',(68.160017936102,33.251184508984,
    37.526352071648));
#5803 = CARTESIAN_POINT('',(68.022645612103,33.2774413966,
    37.411068238707));
#5804 = CARTESIAN_POINT('',(67.741492858852,33.331002097015,
    37.185855562083));
#5805 = CARTESIAN_POINT('',(67.59772043417,33.358304614014,
    37.075920323914));
#5806 = CARTESIAN_POINT('',(67.450783853221,33.386111359187,
    36.96868901724));
#5807 = CARTESIAN_POINT('',(67.30080862333,33.414386230934,
    36.864256348819));
#5808 = CARTESIAN_POINT('',(67.147926904977,33.443091393585,
    36.762709694124));
#5809 = CARTESIAN_POINT('',(66.99227640756,33.472187350001,
    36.664128665856));
#5810 = CARTESIAN_POINT('',(66.833999285145,33.501633014188,
    36.56858468246));
#5811 = CARTESIAN_POINT('',(66.510952642715,33.561421747776,
    36.382816484699));
#5812 = CARTESIAN_POINT('',(66.346135733461,33.591770779109,
    36.292651554613));
#5813 = CARTESIAN_POINT('',(66.17893948978,33.622388661908,
    36.205710545358));
#5814 = CARTESIAN_POINT('',(66.009516889896,33.653230008087,
    36.122049280513));
#5815 = CARTESIAN_POINT('',(65.838022648153,33.684247630276,
    36.041714589536));
#5816 = CARTESIAN_POINT('',(65.664611158227,33.715391914647,
    35.96474428905));
#5817 = CARTESIAN_POINT('',(65.489434436339,33.746610193742,
    35.891167164114));
#5818 = CARTESIAN_POINT('',(65.132963127081,33.809591334818,
    35.749694733863));
#5819 = CARTESIAN_POINT('',(64.95161500198,33.841354414074,
    35.681911677114));
#5820 = CARTESIAN_POINT('',(64.768751117899,33.873076685914,
    35.617674583282));
#5821 = CARTESIAN_POINT('',(64.58451854209,33.90469220986,
    35.556994831782));
#5822 = CARTESIAN_POINT('',(64.39905687534,33.936129856816,
    35.49987456149));
#5823 = CARTESIAN_POINT('',(64.212492137502,33.967308986954,
    35.446307035734));
#5824 = CARTESIAN_POINT('',(64.024923643582,33.998128724746,
    35.396277188221));
#5825 = CARTESIAN_POINT('',(63.73214141413,34.045220728774,
    35.324036924843));
#5826 = CARTESIAN_POINT('',(63.62758781156,34.061838235637,
    35.299386655036));
#5827 = CARTESIAN_POINT('',(63.522752043353,34.078280072594,
    35.275807699976));
#5828 = CARTESIAN_POINT('',(63.417637246555,34.094518132814,
    35.253295526096));
#5829 = CARTESIAN_POINT('',(63.312240840256,34.110519642746,
    35.231844930921));
#5830 = CARTESIAN_POINT('',(63.206551586553,34.126244565841,
    35.211450098813));
#5831 = CARTESIAN_POINT('',(63.100543586742,34.141640249019,
    35.192104688291));
#5832 = CARTESIAN_POINT('',(62.889652951386,34.171363922056,
    35.155819601962));
#5833 = CARTESIAN_POINT('',(62.784783300618,34.18570555618,
    35.138843828762));
#5834 = CARTESIAN_POINT('',(62.679511470078,34.199589368486,
    35.12286812478));
#5835 = CARTESIAN_POINT('',(62.573761179079,34.212920223045,
    35.107885762377));
#5836 = CARTESIAN_POINT('',(62.467436895572,34.225585959543,
    35.093889687305));
#5837 = CARTESIAN_POINT('',(62.360354048823,34.237394601765,
    35.080873221516));
#5838 = CARTESIAN_POINT('',(62.252279661202,34.248110979387,
    35.068829649947));
#5839 = CARTESIAN_POINT('',(62.096340542508,34.26099715315,
    35.053082118476));
#5840 = CARTESIAN_POINT('',(62.049781667056,34.264526701704,
    35.04858152189));
#5841 = CARTESIAN_POINT('',(62.002894436673,34.267718674672,
    35.044253274731));
#5842 = CARTESIAN_POINT('',(61.955623756708,34.270521615052,
    35.040097192088));
#5843 = CARTESIAN_POINT('',(61.907893693899,34.27286502835,
    35.036113310368));
#5844 = CARTESIAN_POINT('',(61.859606537993,34.274658542063,
    35.032301887504));
#5845 = CARTESIAN_POINT('',(61.810625313172,34.275776125387,
    35.028663572178));
#5846 = CARTESIAN_POINT('',(61.732133091641,34.276129236888,
    35.023216854025));
#5847 = CARTESIAN_POINT('',(61.703249080851,34.275965092622,
    35.021291027251));
#5848 = CARTESIAN_POINT('',(61.674014227296,34.275466559164,
    35.019422826035));
#5849 = CARTESIAN_POINT('',(61.644374386718,34.274584280196,
    35.017612655685));
#5850 = CARTESIAN_POINT('',(61.61425514688,34.273250074307,
    35.015861167731));
#5851 = CARTESIAN_POINT('',(61.583561960895,34.271377065996,
    35.014169249101));
#5852 = CARTESIAN_POINT('',(61.552163210613,34.268844320977,
    35.012538192066));
#5853 = CARTESIAN_POINT('',(61.50158184377,34.263517984001,
    35.010085757398));
#5854 = CARTESIAN_POINT('',(61.48303983016,34.26131928183,
    35.009221343162));
#5855 = CARTESIAN_POINT('',(61.464156812797,34.258803714132,
    35.008377503379));
#5856 = CARTESIAN_POINT('',(61.444882584243,34.255925414033,
    35.007554747824));
#5857 = CARTESIAN_POINT('',(61.425146698755,34.252619239525,
    35.006753861618));
#5858 = CARTESIAN_POINT('',(61.404860580679,34.248802724701,
    35.005975872495));
#5859 = CARTESIAN_POINT('',(61.383900619639,34.244360601731,
    35.005222230438));
#5860 = CARTESIAN_POINT('',(61.350405372114,34.236270154001,
    35.004109009987));
#5861 = CARTESIAN_POINT('',(61.338520116485,34.233223811859,
    35.003730140234));
#5862 = CARTESIAN_POINT('',(61.326344114924,34.229907163347,
    35.003359342727));
#5863 = CARTESIAN_POINT('',(61.313835805681,34.226281788705,
    35.002997089831));
#5864 = CARTESIAN_POINT('',(61.300936619875,34.222292385212,
    35.002644124988));
#5865 = CARTESIAN_POINT('',(61.287573913568,34.217869529286,
    35.002301419595));
#5866 = CARTESIAN_POINT('',(61.273646661389,34.212916373752,
    35.001970338477));
#5867 = CARTESIAN_POINT('',(61.250910766454,34.204141517125,
    35.001479696341));
#5868 = CARTESIAN_POINT('',(61.242638030963,34.200821963189,
    35.001310337883));
#5869 = CARTESIAN_POINT('',(61.234105501765,34.197256687567,
    35.001145687298));
#5870 = CARTESIAN_POINT('',(61.225274664173,34.193409603394,
    35.000986215941));
#5871 = CARTESIAN_POINT('',(61.216089839808,34.189226150601,
    35.000832752497));
#5872 = CARTESIAN_POINT('',(61.206484604665,34.184639548946,
    35.000686383366));
#5873 = CARTESIAN_POINT('',(61.196367465063,34.179557141812,
    35.000548638635));
#5874 = CARTESIAN_POINT('',(61.178426640518,34.169989831625,
    35.000339686503));
#5875 = CARTESIAN_POINT('',(61.17106552718,34.165928793108,
    35.000262583836));
#5876 = CARTESIAN_POINT('',(61.16335765811,34.161527594,35.000191219263)
  );
#5877 = CARTESIAN_POINT('',(61.155193594073,34.156684815513,
    35.000126880393));
#5878 = CARTESIAN_POINT('',(61.1465041005,34.151328118863,
    35.000070865587));
#5879 = CARTESIAN_POINT('',(61.137131871309,34.14527031929,
    35.000027457843));
#5880 = CARTESIAN_POINT('',(61.127008286439,34.138403704093,35.));
#5881 = CARTESIAN_POINT('',(61.115697361131,34.130214415714,35.));
#5882 = ORIENTED_EDGE('',*,*,#2576,.F.);
#5883 = ORIENTED_EDGE('',*,*,#5627,.F.);
#5884 = ORIENTED_EDGE('',*,*,#5665,.F.);
#5885 = ORIENTED_EDGE('',*,*,#5886,.F.);
#5886 = EDGE_CURVE('',#5311,#5666,#5887,.T.);
#5887 = B_SPLINE_CURVE_WITH_KNOTS('',4,(#5888,#5889,#5890,#5891,#5892),
  .UNSPECIFIED.,.F.,.F.,(5,5),(0.,1.),.PIECEWISE_BEZIER_KNOTS.);
#5888 = CARTESIAN_POINT('',(77.990653548108,1.207459787736,43.));
#5889 = CARTESIAN_POINT('',(77.990653548108,1.207459787736,
    42.983979333698));
#5890 = CARTESIAN_POINT('',(77.990610580261,1.207471786272,
    42.967958818826));
#5891 = CARTESIAN_POINT('',(77.990524646394,1.207495782832,
    42.951938549127));
#5892 = CARTESIAN_POINT('',(77.99039574718,1.207531777228,
    42.935918618421));
#5893 = ORIENTED_EDGE('',*,*,#5320,.T.);
#5894 = ORIENTED_EDGE('',*,*,#5895,.F.);
#5895 = EDGE_CURVE('',#5765,#5321,#5896,.T.);
#5896 = B_SPLINE_CURVE_WITH_KNOTS('',4,(#5897,#5898,#5899,#5900,#5901),
  .UNSPECIFIED.,.F.,.F.,(5,5),(0.,1.),.PIECEWISE_BEZIER_KNOTS.);
#5897 = CARTESIAN_POINT('',(70.790846966206,32.750815983759,
    42.935918618421));
#5898 = CARTESIAN_POINT('',(70.790947483001,32.750904340863,
    42.951938549102));
#5899 = CARTESIAN_POINT('',(70.791014495022,32.750963246324,
    42.967958818865));
#5900 = CARTESIAN_POINT('',(70.791048001746,32.75099269968,
    42.983979333569));
#5901 = CARTESIAN_POINT('',(70.791048001746,32.75099269968,43.));
#5902 = TOROIDAL_SURFACE('',#5903,70.,8.);
#5903 = AXIS2_PLACEMENT_3D('',#5904,#5905,#5906);
#5904 = CARTESIAN_POINT('',(0.,0.,43.));
#5905 = DIRECTION('',(-0.,-0.,-1.));
#5906 = DIRECTION('',(1.,0.,-0.));
#5907 = ADVANCED_FACE('',(#5908),#5914,.T.);
#5908 = FACE_BOUND('',#5909,.T.);
#5909 = EDGE_LOOP('',(#5910,#5911,#5912,#5913));
#5910 = ORIENTED_EDGE('',*,*,#3068,.T.);
#5911 = ORIENTED_EDGE('',*,*,#5643,.T.);
#5912 = ORIENTED_EDGE('',*,*,#5459,.F.);
#5913 = ORIENTED_EDGE('',*,*,#3165,.F.);
#5914 = B_SPLINE_SURFACE_WITH_KNOTS('',1,1,(
    (#5915,#5916)
    ,(#5917,#5918
    )),.UNSPECIFIED.,.F.,.F.,.F.,(2,2),(2,2),(0.,38.),(0.,1.),
  .PIECEWISE_BEZIER_KNOTS.);
#5915 = CARTESIAN_POINT('',(60.11734445883,-33.21001197257,35.));
#5916 = CARTESIAN_POINT('',(204.01446617507,-58.87357294492,34.));
#5917 = CARTESIAN_POINT('',(68.57313994917,3.837248690338,35.));
#5918 = CARTESIAN_POINT('',(209.35496859002,-35.47530305255,34.));
#5919 = ADVANCED_FACE('',(#5920),#5997,.F.);
#5920 = FACE_BOUND('',#5921,.F.);
#5921 = EDGE_LOOP('',(#5922,#5944,#5945,#5946,#5968));
#5922 = ORIENTED_EDGE('',*,*,#5923,.F.);
#5923 = EDGE_CURVE('',#2586,#5924,#5926,.T.);
#5924 = VERTEX_POINT('',#5925);
#5925 = CARTESIAN_POINT('',(168.23486585776,129.06175078361,34.));
#5926 = B_SPLINE_CURVE_WITH_KNOTS('',6,(#5927,#5928,#5929,#5930,#5931,
    #5932,#5933,#5934,#5935,#5936,#5937,#5938,#5939,#5940,#5941,#5942,
    #5943),.UNSPECIFIED.,.F.,.F.,(7,5,5,7),(-9.000422918949,
    -5.474960499456E-02,146.55481105679,155.50048437074),.UNSPECIFIED.);
#5927 = CARTESIAN_POINT('',(51.403895573858,26.364025982272,
    35.064199416322));
#5928 = CARTESIAN_POINT('',(52.523681845696,27.348349763048,
    35.053999416322));
#5929 = CARTESIAN_POINT('',(53.643468117535,28.332673543824,
    35.043799416322));
#5930 = CARTESIAN_POINT('',(54.763254389374,29.316997324601,
    35.033599416322));
#5931 = CARTESIAN_POINT('',(55.883040661212,30.301321105377,
    35.023399416322));
#5932 = CARTESIAN_POINT('',(57.002826933051,31.285644886153,
    35.013199416322));
#5933 = CARTESIAN_POINT('',(76.474655313701,48.401932353043,
    34.835832846935));
#5934 = CARTESIAN_POINT('',(94.826697422514,64.533896039158,
    34.668666277548));
#5935 = CARTESIAN_POINT('',(113.17873953132,80.665859725271,
    34.501499708161));
#5936 = CARTESIAN_POINT('',(131.53078164013,96.797823411386,
    34.334333138774));
#5937 = CARTESIAN_POINT('',(149.88282374894,112.9297870975,
    34.167166569387));
#5938 = CARTESIAN_POINT('',(169.3546521296,130.04607456439,33.9898));
#5939 = CARTESIAN_POINT('',(170.47443840143,131.03039834516,33.9796));
#5940 = CARTESIAN_POINT('',(171.59422467327,132.01472212594,33.9694));
#5941 = CARTESIAN_POINT('',(172.71401094511,132.99904590671,33.9592));
#5942 = CARTESIAN_POINT('',(173.83379721695,133.98336968749,33.949));
#5943 = CARTESIAN_POINT('',(174.95358348879,134.96769346827,33.9388));
#5944 = ORIENTED_EDGE('',*,*,#2585,.F.);
#5945 = ORIENTED_EDGE('',*,*,#5764,.F.);
#5946 = ORIENTED_EDGE('',*,*,#5947,.T.);
#5947 = EDGE_CURVE('',#5765,#5948,#5950,.T.);
#5948 = VERTEX_POINT('',#5949);
#5949 = CARTESIAN_POINT('',(173.23015190552,122.79786020443,
    42.002811770456));
#5950 = B_SPLINE_CURVE_WITH_KNOTS('',6,(#5951,#5952,#5953,#5954,#5955,
    #5956,#5957,#5958,#5959,#5960,#5961,#5962,#5963,#5964,#5965,#5966,
    #5967),.UNSPECIFIED.,.F.,.F.,(7,5,5,7),(-9.000422918949,
    -5.474960499456E-02,146.55481105679,155.50048437074),.UNSPECIFIED.);
#5951 = CARTESIAN_POINT('',(56.728466447174,20.389586071126,
    43.064011770456));
#5952 = CARTESIAN_POINT('',(57.848252719013,21.373909851903,
    43.053811770456));
#5953 = CARTESIAN_POINT('',(58.968038990851,22.358233632679,
    43.043611770456));
#5954 = CARTESIAN_POINT('',(60.08782526269,23.342557413455,
    43.033411770456));
#5955 = CARTESIAN_POINT('',(61.207611534529,24.326881194231,
    43.023211770456));
#5956 = CARTESIAN_POINT('',(62.327397806367,25.311204975008,
    43.013011770456));
#5957 = CARTESIAN_POINT('',(81.799226187018,42.427492441898,
    42.835645201069));
#5958 = CARTESIAN_POINT('',(100.15126829583,58.559456128012,
    42.668478631683));
#5959 = CARTESIAN_POINT('',(118.50331040464,74.691419814126,
    42.501312062295));
#5960 = CARTESIAN_POINT('',(136.85535251345,90.82338350024,
    42.334145492909));
#5961 = CARTESIAN_POINT('',(155.20739462226,106.95534718635,
    42.166978923522));
#5962 = CARTESIAN_POINT('',(174.67922300291,124.07163465324,
    41.989612354135));
#5963 = CARTESIAN_POINT('',(175.79900927475,125.05595843402,
    41.979412354135));
#5964 = CARTESIAN_POINT('',(176.91879554659,126.04028221479,
    41.969212354135));
#5965 = CARTESIAN_POINT('',(178.03858181843,127.02460599557,
    41.959012354135));
#5966 = CARTESIAN_POINT('',(179.15836809027,128.00892977634,
    41.948812354135));
#5967 = CARTESIAN_POINT('',(180.2781543621,128.99325355712,
    41.938612354135));
#5968 = ORIENTED_EDGE('',*,*,#5969,.F.);
#5969 = EDGE_CURVE('',#5924,#5948,#5970,.T.);
#5970 = B_SPLINE_CURVE_WITH_KNOTS('',7,(#5971,#5972,#5973,#5974,#5975,
    #5976,#5977,#5978,#5979,#5980,#5981,#5982,#5983,#5984,#5985,#5986,
    #5987,#5988,#5989,#5990,#5991,#5992,#5993,#5994,#5995,#5996),
  .UNSPECIFIED.,.F.,.F.,(8,6,6,6,8),(0.,0.249928743901,0.500002573608,
    0.75007469467,1.),.UNSPECIFIED.);
#5971 = CARTESIAN_POINT('',(168.23486585776,129.06175078361,34.));
#5972 = CARTESIAN_POINT('',(168.48722798306,128.74529868775,34.));
#5973 = CARTESIAN_POINT('',(168.74572329852,128.4211558147,
    34.023838195587));
#5974 = CARTESIAN_POINT('',(169.00904061788,128.09096633999,
    34.073594322343));
#5975 = CARTESIAN_POINT('',(169.27554568656,127.75677955409,
    34.15114205148));
#5976 = CARTESIAN_POINT('',(169.54327746749,127.42105451967,
    34.257934940985));
#5977 = CARTESIAN_POINT('',(169.81002002766,127.08656992885,
    34.394825659662));
#5978 = CARTESIAN_POINT('',(170.337032946,126.42571663182,
    34.729108307305));
#5979 = CARTESIAN_POINT('',(170.59730029158,126.09935170327,
    34.926536733981));
#5980 = CARTESIAN_POINT('',(170.85192365924,125.78006409918,
    35.154311976588));
#5981 = CARTESIAN_POINT('',(171.09846824702,125.47090696463,
    35.411810777759));
#5982 = CARTESIAN_POINT('',(171.3345342082,125.17488961225,
    35.697561774271));
#5983 = CARTESIAN_POINT('',(171.55796359723,124.89471802013,
    36.009289745989));
#5984 = CARTESIAN_POINT('',(171.97596919007,124.37055558579,
    36.678965131904));
#5985 = CARTESIAN_POINT('',(172.1705463999,124.12656348205,
    37.036913526264));
#5986 = CARTESIAN_POINT('',(172.3489096316,123.90290306381,
    37.415107423305));
#5987 = CARTESIAN_POINT('',(172.50963853334,123.70135539591,
    37.810089797579));
#5988 = CARTESIAN_POINT('',(172.65181447604,123.52307240279,
    38.218015913728));
#5989 = CARTESIAN_POINT('',(172.77504824328,123.36854214641,
    38.634984884267));
#5990 = CARTESIAN_POINT('',(172.98370499171,123.10689485969,
    39.479299588322));
#5991 = CARTESIAN_POINT('',(173.0691510208,122.99974892821,
    39.906640440958));
#5992 = CARTESIAN_POINT('',(173.13581029499,122.91616084224,
    40.335566432024));
#5993 = CARTESIAN_POINT('',(173.18421496875,122.85546330118,
    40.762527272485));
#5994 = CARTESIAN_POINT('',(173.21527232196,122.81651861205,
    41.184381054574));
#5995 = CARTESIAN_POINT('',(173.23015190552,122.79786020443,
    41.59850945184));
#5996 = CARTESIAN_POINT('',(173.23015190552,122.79786020443,
    42.002811770456));
#5997 = ( BOUNDED_SURFACE() B_SPLINE_SURFACE(2,6,(
    (#5998,#5999,#6000,#6001,#6002,#6003,#6004,#6005,#6006,#6007,#6008
      ,#6009,#6010,#6011,#6012,#6013,#6014)
    ,(#6015,#6016,#6017,#6018,#6019,#6020,#6021,#6022,#6023,#6024,#6025
      ,#6026,#6027,#6028,#6029,#6030,#6031)
    ,(#6032,#6033,#6034,#6035,#6036,#6037,#6038,#6039,#6040,#6041,#6042
      ,#6043,#6044,#6045,#6046,#6047,#6048
)),.UNSPECIFIED.,.F.,.F.,.F.) B_SPLINE_SURFACE_WITH_KNOTS((3,3),(7,5,5,7
    ),(0.,146.60956066178),(-9.000422918949,-5.474960499456E-02,
    146.55481105679,155.50048437074),.UNSPECIFIED.) 
GEOMETRIC_REPRESENTATION_ITEM() RATIONAL_B_SPLINE_SURFACE((
    (1.,1.,1.,1.,1.,1.,1.,1.,1.,1.,1.,1.,1.,1.,1.,1.,1.)
    ,(0.706990803572,0.706990803572,0.706990803572,0.706990803572
      ,0.706990803572,0.706990803572,0.706990803572,0.706990803572
      ,0.706990803572,0.706990803572,0.706990803572,0.706990803572
      ,0.706990803572,0.706990803572,0.706990803572,0.706990803572
      ,0.706990803572)
    ,(1.,1.,1.,1.,1.,1.,1.,1.,1.,1.,1.,1.,1.,1.,1.,1.,1.
))) REPRESENTATION_ITEM('') SURFACE() );
#5998 = CARTESIAN_POINT('',(51.403895573858,26.364025982272,
    35.064199416322));
#5999 = CARTESIAN_POINT('',(52.523681845696,27.348349763048,
    35.053999416322));
#6000 = CARTESIAN_POINT('',(53.643468117535,28.332673543824,
    35.043799416322));
#6001 = CARTESIAN_POINT('',(54.763254389374,29.316997324601,
    35.033599416322));
#6002 = CARTESIAN_POINT('',(55.883040661212,30.301321105377,
    35.023399416322));
#6003 = CARTESIAN_POINT('',(57.002826933051,31.285644886153,
    35.013199416322));
#6004 = CARTESIAN_POINT('',(76.474655313701,48.401932353043,
    34.835832846935));
#6005 = CARTESIAN_POINT('',(94.826697422514,64.533896039158,
    34.668666277548));
#6006 = CARTESIAN_POINT('',(113.17873953132,80.665859725271,
    34.501499708161));
#6007 = CARTESIAN_POINT('',(131.53078164013,96.797823411386,
    34.334333138774));
#6008 = CARTESIAN_POINT('',(149.88282374894,112.9297870975,
    34.167166569387));
#6009 = CARTESIAN_POINT('',(169.3546521296,130.04607456439,33.9898));
#6010 = CARTESIAN_POINT('',(170.47443840143,131.03039834516,33.9796));
#6011 = CARTESIAN_POINT('',(171.59422467327,132.01472212594,33.9694));
#6012 = CARTESIAN_POINT('',(172.71401094511,132.99904590671,33.9592));
#6013 = CARTESIAN_POINT('',(173.83379721695,133.98336968749,33.949));
#6014 = CARTESIAN_POINT('',(174.95358348879,134.96769346827,33.9388));
#6015 = CARTESIAN_POINT('',(56.687346329832,20.35344032583,
    35.061574558259));
#6016 = CARTESIAN_POINT('',(57.807132601671,21.337764106607,
    35.051374558259));
#6017 = CARTESIAN_POINT('',(58.926918873509,22.322087887383,
    35.041174558259));
#6018 = CARTESIAN_POINT('',(60.046705145348,23.306411668159,
    35.030974558259));
#6019 = CARTESIAN_POINT('',(61.166491417187,24.290735448935,
    35.020774558259));
#6020 = CARTESIAN_POINT('',(62.286277689025,25.275059229712,
    35.010574558259));
#6021 = CARTESIAN_POINT('',(81.758106069676,42.391346696602,
    34.833207988872));
#6022 = CARTESIAN_POINT('',(100.11014817848,58.523310382716,
    34.666041419486));
#6023 = CARTESIAN_POINT('',(118.4621902873,74.65527406883,
    34.498874850098));
#6024 = CARTESIAN_POINT('',(136.81423239611,90.787237754944,
    34.331708280712));
#6025 = CARTESIAN_POINT('',(155.16627450492,106.91920144105,
    34.164541711325));
#6026 = CARTESIAN_POINT('',(174.63810288557,124.03548890794,
    33.987175141938));
#6027 = CARTESIAN_POINT('',(175.75788915741,125.01981268872,
    33.976975141938));
#6028 = CARTESIAN_POINT('',(176.87767542925,126.0041364695,
    33.966775141938));
#6029 = CARTESIAN_POINT('',(177.99746170109,126.98846025027,
    33.956575141938));
#6030 = CARTESIAN_POINT('',(179.11724797292,127.97278403105,
    33.946375141938));
#6031 = CARTESIAN_POINT('',(180.23703424476,128.95710781182,
    33.936175141938));
#6032 = CARTESIAN_POINT('',(56.728466447174,20.389586071126,
    43.064011770456));
#6033 = CARTESIAN_POINT('',(57.848252719013,21.373909851903,
    43.053811770456));
#6034 = CARTESIAN_POINT('',(58.968038990851,22.358233632679,
    43.043611770456));
#6035 = CARTESIAN_POINT('',(60.08782526269,23.342557413455,
    43.033411770456));
#6036 = CARTESIAN_POINT('',(61.207611534529,24.326881194231,
    43.023211770456));
#6037 = CARTESIAN_POINT('',(62.327397806367,25.311204975008,
    43.013011770456));
#6038 = CARTESIAN_POINT('',(81.799226187018,42.427492441898,
    42.835645201069));
#6039 = CARTESIAN_POINT('',(100.15126829583,58.559456128012,
    42.668478631683));
#6040 = CARTESIAN_POINT('',(118.50331040464,74.691419814126,
    42.501312062295));
#6041 = CARTESIAN_POINT('',(136.85535251345,90.82338350024,
    42.334145492909));
#6042 = CARTESIAN_POINT('',(155.20739462226,106.95534718635,
    42.166978923522));
#6043 = CARTESIAN_POINT('',(174.67922300291,124.07163465324,
    41.989612354135));
#6044 = CARTESIAN_POINT('',(175.79900927475,125.05595843402,
    41.979412354135));
#6045 = CARTESIAN_POINT('',(176.91879554659,126.04028221479,
    41.969212354135));
#6046 = CARTESIAN_POINT('',(178.03858181843,127.02460599557,
    41.959012354135));
#6047 = CARTESIAN_POINT('',(179.15836809027,128.00892977634,
    41.948812354135));
#6048 = CARTESIAN_POINT('',(180.2781543621,128.99325355712,
    41.938612354135));
#6049 = ADVANCED_FACE('',(#6050),#6082,.T.);
#6050 = FACE_BOUND('',#6051,.T.);
#6051 = EDGE_LOOP('',(#6052,#6053,#6075,#6081));
#6052 = ORIENTED_EDGE('',*,*,#2622,.T.);
#6053 = ORIENTED_EDGE('',*,*,#6054,.T.);
#6054 = EDGE_CURVE('',#2623,#6055,#6057,.T.);
#6055 = VERTEX_POINT('',#6056);
#6056 = CARTESIAN_POINT('',(163.26168270868,135.29792520448,34.));
#6057 = B_SPLINE_CURVE_WITH_KNOTS('',6,(#6058,#6059,#6060,#6061,#6062,
    #6063,#6064,#6065,#6066,#6067,#6068,#6069,#6070,#6071,#6072,#6073,
    #6074),.UNSPECIFIED.,.F.,.F.,(7,5,5,7),(-9.00042291895,
    -5.474960499524E-02,146.55481105679,155.50048437074),.UNSPECIFIED.);
#6058 = CARTESIAN_POINT('',(37.141467659691,44.24854490541,
    35.064199416322));
#6059 = CARTESIAN_POINT('',(38.350288275236,45.12122315049,
    35.053999416322));
#6060 = CARTESIAN_POINT('',(39.55910889078,45.993901395569,
    35.043799416322));
#6061 = CARTESIAN_POINT('',(40.767929506324,46.866579640649,
    35.033599416322));
#6062 = CARTESIAN_POINT('',(41.976750121868,47.739257885729,
    35.023399416322));
#6063 = CARTESIAN_POINT('',(43.185570737412,48.611936130809,
    35.013199416322));
#6064 = CARTESIAN_POINT('',(64.205606578911,63.786832847322,
    34.835832846935));
#6065 = CARTESIAN_POINT('',(84.016821804864,78.089051318755,
    34.668666277548));
#6066 = CARTESIAN_POINT('',(103.82803703082,92.39126979019,
    34.501499708161));
#6067 = CARTESIAN_POINT('',(123.63925225677,106.69348826162,
    34.334333138774));
#6068 = CARTESIAN_POINT('',(143.45046748272,120.99570673305,
    34.167166569387));
#6069 = CARTESIAN_POINT('',(164.47050332422,136.17060344956,33.9898));
#6070 = CARTESIAN_POINT('',(165.67932393977,137.04328169464,33.9796));
#6071 = CARTESIAN_POINT('',(166.88814455531,137.91595993972,33.9694));
#6072 = CARTESIAN_POINT('',(168.09696517086,138.7886381848,33.9592));
#6073 = CARTESIAN_POINT('',(169.3057857864,139.66131642988,33.949));
#6074 = CARTESIAN_POINT('',(170.51460640194,140.53399467496,33.9388));
#6075 = ORIENTED_EDGE('',*,*,#6076,.F.);
#6076 = EDGE_CURVE('',#5924,#6055,#6077,.T.);
#6077 = LINE('',#6078,#6079);
#6078 = CARTESIAN_POINT('',(173.23015190552,122.79786020443,34.));
#6079 = VECTOR('',#6080,1.);
#6080 = DIRECTION('',(-0.623489801859,0.781831482468,0.));
#6081 = ORIENTED_EDGE('',*,*,#5923,.F.);
#6082 = B_SPLINE_SURFACE_WITH_KNOTS('',1,1,(
    (#6083,#6084)
    ,(#6085,#6086
    )),.UNSPECIFIED.,.F.,.F.,.F.,(2,2),(2,2),(0.,38.),(0.,1.),
  .PIECEWISE_BEZIER_KNOTS.);
#6083 = CARTESIAN_POINT('',(63.447184078206,26.295528755784,35.));
#6084 = CARTESIAN_POINT('',(173.23015190552,122.79786020443,34.));
#6085 = CARTESIAN_POINT('',(39.754571607574,56.005125089569,35.));
#6086 = CARTESIAN_POINT('',(158.26639666091,141.56181578366,34.));
#6087 = ADVANCED_FACE('',(#6088),#6262,.T.);
#6088 = FACE_BOUND('',#6089,.T.);
#6089 = EDGE_LOOP('',(#6090,#6091,#6092,#6211,#6233));
#6090 = ORIENTED_EDGE('',*,*,#6054,.F.);
#6091 = ORIENTED_EDGE('',*,*,#2630,.F.);
#6092 = ORIENTED_EDGE('',*,*,#6093,.F.);
#6093 = EDGE_CURVE('',#6094,#2631,#6096,.T.);
#6094 = VERTEX_POINT('',#6095);
#6095 = CARTESIAN_POINT('',(47.68213003584,61.728230476742,
    42.935919218387));
#6096 = B_SPLINE_CURVE_WITH_KNOTS('',8,(#6097,#6098,#6099,#6100,#6101,
    #6102,#6103,#6104,#6105,#6106,#6107,#6108,#6109,#6110,#6111,#6112,
    #6113,#6114,#6115,#6116,#6117,#6118,#6119,#6120,#6121,#6122,#6123,
    #6124,#6125,#6126,#6127,#6128,#6129,#6130,#6131,#6132,#6133,#6134,
    #6135,#6136,#6137,#6138,#6139,#6140,#6141,#6142,#6143,#6144,#6145,
    #6146,#6147,#6148,#6149,#6150,#6151,#6152,#6153,#6154,#6155,#6156,
    #6157,#6158,#6159,#6160,#6161,#6162,#6163,#6164,#6165,#6166,#6167,
    #6168,#6169,#6170,#6171,#6172,#6173,#6174,#6175,#6176,#6177,#6178,
    #6179,#6180,#6181,#6182,#6183,#6184,#6185,#6186,#6187,#6188,#6189,
    #6190,#6191,#6192,#6193,#6194,#6195,#6196,#6197,#6198,#6199,#6200,
    #6201,#6202,#6203,#6204,#6205,#6206,#6207,#6208,#6209,#6210),
  .UNSPECIFIED.,.F.,.F.,(9,7,7,7,7,7,7,7,7,7,7,7,7,7,7,7,9),(0.,
    0.106991883795,0.214175378111,0.319846282916,0.422847325799,
    0.52449744428,0.626023471326,0.728515848074,0.832679324342,
    0.890287816522,0.946887875191,0.970772527995,0.984448479132,
    0.992164730063,0.996269955091,0.998520299417,1.),.UNSPECIFIED.);
#6097 = CARTESIAN_POINT('',(47.68213003584,61.728230476742,
    42.935919218387));
#6098 = CARTESIAN_POINT('',(47.681153093744,61.727525197479,
    42.791685044428));
#6099 = CARTESIAN_POINT('',(47.680107747784,61.723104826348,
    42.646242184919));
#6100 = CARTESIAN_POINT('',(47.678992327707,61.714859307719,
    42.499680448094));
#6101 = CARTESIAN_POINT('',(47.677804937333,61.702682195318,
    42.352097051157));
#6102 = CARTESIAN_POINT('',(47.676543426253,61.686471640039,
    42.203596420301));
#6103 = CARTESIAN_POINT('',(47.675205361535,61.666131377771,
    42.054289990714));
#6104 = CARTESIAN_POINT('',(47.673787999429,61.641571717207,
    41.904296006601));
#6105 = CARTESIAN_POINT('',(47.67078582884,61.583797650969,
    41.602913005561));
#6106 = CARTESIAN_POINT('',(47.669200723667,61.550567839278,
    41.451521951304));
#6107 = CARTESIAN_POINT('',(47.667529851057,61.512938484155,
    41.299691493145));
#6108 = CARTESIAN_POINT('',(47.665769773298,61.47083468042,
    41.147553603847));
#6109 = CARTESIAN_POINT('',(47.663916695198,61.424190144634,
    40.995246261698));
#6110 = CARTESIAN_POINT('',(47.661966453827,61.372948133556,
    40.842912818003));
#6111 = CARTESIAN_POINT('',(47.659914508257,61.317062362617,
    40.690701364576));
#6112 = CARTESIAN_POINT('',(47.655627812537,61.196788180567,
    40.388970999271));
#6113 = CARTESIAN_POINT('',(47.65339605009,61.132530892376,
    40.239444353896));
#6114 = CARTESIAN_POINT('',(47.651055932045,61.06369243897,
    40.090329854262));
#6115 = CARTESIAN_POINT('',(47.64860237999,60.99025001673,
    39.941776971593));
#6116 = CARTESIAN_POINT('',(47.646029965413,60.912192129387,
    39.793938020479));
#6117 = CARTESIAN_POINT('',(47.643332928096,60.829519078157,
    39.64696722017));
#6118 = CARTESIAN_POINT('',(47.640505194514,60.742243451875,
    39.501019755876));
#6119 = CARTESIAN_POINT('',(47.634650505996,60.560858519438,
    39.215139629437));
#6120 = CARTESIAN_POINT('',(47.631630390565,60.466977564327,
    39.075148105884));
#6121 = CARTESIAN_POINT('',(47.628474159141,60.368770992661,
    38.936419953731));
#6122 = CARTESIAN_POINT('',(47.625175661537,60.266273579322,
    38.799098745938));
#6123 = CARTESIAN_POINT('',(47.621728519516,60.159531542197,
    38.663326997606));
#6124 = CARTESIAN_POINT('',(47.618126158146,60.048602451164,
    38.529245219468));
#6125 = CARTESIAN_POINT('',(47.614361837144,59.93355513709,
    38.396990971387));
#6126 = CARTESIAN_POINT('',(47.60654711316,59.696945947341,
    38.138113736877));
#6127 = CARTESIAN_POINT('',(47.60250111375,59.575489270624,
    38.011439593579));
#6128 = CARTESIAN_POINT('',(47.598284059939,59.450176202066,
    37.886804012096));
#6129 = CARTESIAN_POINT('',(47.593889222283,59.321093914293,
    37.764331700818));
#6130 = CARTESIAN_POINT('',(47.589309764254,59.18833949964,
    37.644142790047));
#6131 = CARTESIAN_POINT('',(47.584538740537,59.052019348627,
    37.526352071648));
#6132 = CARTESIAN_POINT('',(47.579569095325,58.912248528444,
    37.411068238707));
#6133 = CARTESIAN_POINT('',(47.569224543918,58.626226484633,
    37.185855562084));
#6134 = CARTESIAN_POINT('',(47.563850155595,58.479983353226,
    37.075920323915));
#6135 = CARTESIAN_POINT('',(47.558263262386,58.330543196233,
    36.96868901724));
#6136 = CARTESIAN_POINT('',(47.552456595841,58.178036407607,
    36.864256348819));
#6137 = CARTESIAN_POINT('',(47.546422677379,58.022600253521,
    36.762709694124));
#6138 = CARTESIAN_POINT('',(47.540153643365,57.864377779647,
    36.664128665856));
#6139 = CARTESIAN_POINT('',(47.53364107017,57.703516718449,
    36.56858468246));
#6140 = CARTESIAN_POINT('',(47.520046134794,57.37526528497,
    36.382816484699));
#6141 = CARTESIAN_POINT('',(47.512959039969,57.207827384942,
    36.292651554613));
#6142 = CARTESIAN_POINT('',(47.505604604224,57.038009980289,
    36.205710545359));
#6143 = CARTESIAN_POINT('',(47.497972618304,56.865972313552,
    36.122049280513));
#6144 = CARTESIAN_POINT('',(47.490051505104,56.691875720239,
    36.041714589537));
#6145 = CARTESIAN_POINT('',(47.481827250546,56.515881763171,
    35.964744289051));
#6146 = CARTESIAN_POINT('',(47.473282334444,56.338150366817,
    35.891167164115));
#6147 = CARTESIAN_POINT('',(47.455362078155,55.976601915196,
    35.749694733863));
#6148 = CARTESIAN_POINT('',(47.44597503653,55.792732616153,
    35.681911677115));
#6149 = CARTESIAN_POINT('',(47.436210922512,55.607394641874,
    35.617674583282));
#6150 = CARTESIAN_POINT('',(47.426038174431,55.420746045469,
    35.556994831782));
#6151 = CARTESIAN_POINT('',(47.415418510644,55.232938755352,
    35.49987456149));
#6152 = CARTESIAN_POINT('',(47.404301355185,55.044113575848,
    35.446307035735));
#6153 = CARTESIAN_POINT('',(47.392610461358,54.854389778841,
    35.396277188221));
#6154 = CARTESIAN_POINT('',(47.373371595381,54.558469254439,
    35.324036924843));
#6155 = CARTESIAN_POINT('',(47.36630710136,54.452839285828,
    35.299386655036));
#6156 = CARTESIAN_POINT('',(47.359008554084,54.346973316292,
    35.275807699976));
#6157 = CARTESIAN_POINT('',(47.351449249475,54.240880658584,
    35.253295526096));
#6158 = CARTESIAN_POINT('',(47.34359666138,54.134566089305,
    35.231844930921));
#6159 = CARTESIAN_POINT('',(47.335409256379,54.028027561278,
    35.211450098814));
#6160 = CARTESIAN_POINT('',(47.326829938512,53.921251541548,
    35.192104688291));
#6161 = CARTESIAN_POINT('',(47.308880795866,53.709034235238,
    35.155819601962));
#6162 = CARTESIAN_POINT('',(47.299527162648,53.603602571745,
    35.138843828762));
#6163 = CARTESIAN_POINT('',(47.28963769274,53.497880686901,
    35.12286812478));
#6164 = CARTESIAN_POINT('',(47.279102661427,53.391815382281,
    35.107885762378));
#6165 = CARTESIAN_POINT('',(47.267791462595,53.285338479029,
    35.093889687305));
#6166 = CARTESIAN_POINT('',(47.255475862436,53.178312752724,
    35.080873221516));
#6167 = CARTESIAN_POINT('',(47.241874744425,53.070563397282,
    35.068829649947));
#6168 = CARTESIAN_POINT('',(47.219738116577,52.915666554446,
    35.053082118476));
#6169 = CARTESIAN_POINT('',(47.21281884753,52.869489608767,
    35.04858152189));
#6170 = CARTESIAN_POINT('',(47.205497400775,52.823067658336,
    35.044253274731));
#6171 = CARTESIAN_POINT('',(47.197711349734,52.776358440098,
    35.040097192088));
#6172 = CARTESIAN_POINT('',(47.189375070613,52.7293036111,
    35.036113310368));
#6173 = CARTESIAN_POINT('',(47.180378714163,52.681828020662,
    35.032301887504));
#6174 = CARTESIAN_POINT('',(47.170568929446,52.633826171725,
    35.028663572178));
#6175 = CARTESIAN_POINT('',(47.153447025261,52.557223339365,
    35.023216854025));
#6176 = CARTESIAN_POINT('',(47.146859699378,52.529100036565,
    35.021291027251));
#6177 = CARTESIAN_POINT('',(47.139868298277,52.500709095955,
    35.019422826035));
#6178 = CARTESIAN_POINT('',(47.132412654877,52.472008713604,
    35.017612655685));
#6179 = CARTESIAN_POINT('',(47.124409738937,52.442941514733,
    35.015861167731));
#6180 = CARTESIAN_POINT('',(47.115753814442,52.41343465456,
    35.014169249101));
#6181 = CARTESIAN_POINT('',(47.106297691392,52.383386725291,
    35.012538192066));
#6182 = CARTESIAN_POINT('',(47.089849483813,52.335258760398,
    35.010085757398));
#6183 = CARTESIAN_POINT('',(47.08357992151,52.317670891041,
    35.009221343162));
#6184 = CARTESIAN_POINT('',(47.076925557687,52.299821076822,
    35.008377503379));
#6185 = CARTESIAN_POINT('',(47.069830503242,52.281670575445,
    35.007554747824));
#6186 = CARTESIAN_POINT('',(47.062215573759,52.26316520285,
    35.006753861618));
#6187 = CARTESIAN_POINT('',(47.053980660991,52.244236954552,
    35.005975872495));
#6188 = CARTESIAN_POINT('',(47.044985881211,52.224790968848,
    35.005222230438));
#6189 = CARTESIAN_POINT('',(47.029644884135,52.193935811095,
    35.004109009987));
#6190 = CARTESIAN_POINT('',(47.024030201969,52.183026418538,
    35.003730140234));
#6191 = CARTESIAN_POINT('',(47.018087293518,52.17189371848,
    35.003359342727));
#6192 = CARTESIAN_POINT('',(47.011769453933,52.160505740417,
    35.002997089831));
#6193 = CARTESIAN_POINT('',(47.005009734244,52.148817689922,
    35.002644124988));
#6194 = CARTESIAN_POINT('',(46.997724286661,52.136774192591,
    35.002301419595));
#6195 = CARTESIAN_POINT('',(46.989796211915,52.124298306498,
    35.001970338477));
#6196 = CARTESIAN_POINT('',(46.976182146689,52.10408503721,
    35.001479696341));
#6197 = CARTESIAN_POINT('',(46.971104964073,52.096758386711,
    35.001310337883));
#6198 = CARTESIAN_POINT('',(46.965730410989,52.089233134296,
    35.001145687298));
#6199 = CARTESIAN_POINT('',(46.960014735019,52.081479761003,
    35.000986215941));
#6200 = CARTESIAN_POINT('',(46.953892354426,52.073456125183,
    35.000832752497));
#6201 = CARTESIAN_POINT('',(46.947283382556,52.065112328223,
    35.000686383366));
#6202 = CARTESIAN_POINT('',(46.940077126626,52.056379788417,
    35.000548638635));
#6203 = CARTESIAN_POINT('',(46.926757479846,52.041017704598,
    35.000339686503));
#6204 = CARTESIAN_POINT('',(46.921160258226,52.034744815822,
    35.000262583836));
#6205 = CARTESIAN_POINT('',(46.915154244159,52.028209558066,
    35.000191219263));
#6206 = CARTESIAN_POINT('',(46.908616209058,52.021327803737,
    35.000126880393));
#6207 = CARTESIAN_POINT('',(46.901460221776,52.014048151063,
    35.000070865587));
#6208 = CARTESIAN_POINT('',(46.893468786684,52.006258890442,
    35.000027457843));
#6209 = CARTESIAN_POINT('',(46.884521622305,51.997917090606,35.));
#6210 = CARTESIAN_POINT('',(46.874020738821,51.988712041909,35.));
#6211 = ORIENTED_EDGE('',*,*,#6212,.T.);
#6212 = EDGE_CURVE('',#6094,#6213,#6215,.T.);
#6213 = VERTEX_POINT('',#6214);
#6214 = CARTESIAN_POINT('',(158.26639666091,141.56181578366,
    42.002811770456));
#6215 = B_SPLINE_CURVE_WITH_KNOTS('',6,(#6216,#6217,#6218,#6219,#6220,
    #6221,#6222,#6223,#6224,#6225,#6226,#6227,#6228,#6229,#6230,#6231,
    #6232),.UNSPECIFIED.,.F.,.F.,(7,5,5,7),(-9.00042291895,
    -5.474960499524E-02,146.55481105679,155.50048437074),.UNSPECIFIED.);
#6216 = CARTESIAN_POINT('',(32.501647914309,50.76905561909,
    43.064011770456));
#6217 = CARTESIAN_POINT('',(33.710468529854,51.64173386417,
    43.053811770456));
#6218 = CARTESIAN_POINT('',(34.919289145398,52.51441210925,
    43.043611770456));
#6219 = CARTESIAN_POINT('',(36.128109760942,53.38709035433,
    43.033411770456));
#6220 = CARTESIAN_POINT('',(37.336930376486,54.259768599409,
    43.023211770456));
#6221 = CARTESIAN_POINT('',(38.54575099203,55.132446844489,
    43.013011770456));
#6222 = CARTESIAN_POINT('',(59.565786833529,70.307343561003,
    42.83564520107));
#6223 = CARTESIAN_POINT('',(79.377002059483,84.609562032435,
    42.668478631682));
#6224 = CARTESIAN_POINT('',(99.188217285439,98.91178050387,
    42.501312062296));
#6225 = CARTESIAN_POINT('',(118.99943251139,113.2139989753,
    42.334145492908));
#6226 = CARTESIAN_POINT('',(138.81064773734,127.51621744673,
    42.166978923522));
#6227 = CARTESIAN_POINT('',(159.83068357884,142.69111416324,
    41.989612354135));
#6228 = CARTESIAN_POINT('',(161.03950419439,143.56379240832,
    41.979412354135));
#6229 = CARTESIAN_POINT('',(162.24832480993,144.4364706534,
    41.969212354135));
#6230 = CARTESIAN_POINT('',(163.45714542547,145.30914889848,
    41.959012354135));
#6231 = CARTESIAN_POINT('',(164.66596604102,146.18182714356,
    41.948812354135));
#6232 = CARTESIAN_POINT('',(165.87478665656,147.05450538864,
    41.938612354135));
#6233 = ORIENTED_EDGE('',*,*,#6234,.F.);
#6234 = EDGE_CURVE('',#6055,#6213,#6235,.T.);
#6235 = B_SPLINE_CURVE_WITH_KNOTS('',7,(#6236,#6237,#6238,#6239,#6240,
    #6241,#6242,#6243,#6244,#6245,#6246,#6247,#6248,#6249,#6250,#6251,
    #6252,#6253,#6254,#6255,#6256,#6257,#6258,#6259,#6260,#6261),
  .UNSPECIFIED.,.F.,.F.,(8,6,6,6,8),(0.,0.249928743902,0.500002573608,
    0.75007469467,1.),.UNSPECIFIED.);
#6236 = CARTESIAN_POINT('',(163.26168270868,135.29792520448,34.));
#6237 = CARTESIAN_POINT('',(163.00932058337,135.61437730035,34.));
#6238 = CARTESIAN_POINT('',(162.75082526792,135.9385201734,
    34.023838195587));
#6239 = CARTESIAN_POINT('',(162.48750794855,136.26870964811,
    34.073594322343));
#6240 = CARTESIAN_POINT('',(162.22100287988,136.60289643401,
    34.15114205148));
#6241 = CARTESIAN_POINT('',(161.95327109895,136.93862146843,
    34.257934940985));
#6242 = CARTESIAN_POINT('',(161.68652853878,137.27310605925,
    34.394825659662));
#6243 = CARTESIAN_POINT('',(161.15951562044,137.93395935628,
    34.729108307305));
#6244 = CARTESIAN_POINT('',(160.89924827485,138.26032428483,
    34.926536733981));
#6245 = CARTESIAN_POINT('',(160.6446249072,138.57961188891,
    35.154311976588));
#6246 = CARTESIAN_POINT('',(160.39808031941,138.88876902346,
    35.411810777759));
#6247 = CARTESIAN_POINT('',(160.16201435824,139.18478637585,
    35.697561774271));
#6248 = CARTESIAN_POINT('',(159.9385849692,139.46495796796,
    36.009289745989));
#6249 = CARTESIAN_POINT('',(159.52057937637,139.9891204023,
    36.678965131902));
#6250 = CARTESIAN_POINT('',(159.32600216653,140.23311250604,
    37.036913526272));
#6251 = CARTESIAN_POINT('',(159.14763893485,140.45677292428,
    37.415107423289));
#6252 = CARTESIAN_POINT('',(158.98691003309,140.6583205922,
    37.810089797597));
#6253 = CARTESIAN_POINT('',(158.8447340904,140.8366035853,
    38.218015913717));
#6254 = CARTESIAN_POINT('',(158.72150032316,140.99113384169,
    38.634984884271));
#6255 = CARTESIAN_POINT('',(158.51284357472,141.25278112841,
    39.479299588322));
#6256 = CARTESIAN_POINT('',(158.42739754564,141.35992705989,
    39.906640440957));
#6257 = CARTESIAN_POINT('',(158.36073827145,141.44351514586,
    40.335566432024));
#6258 = CARTESIAN_POINT('',(158.31233359769,141.50421268691,
    40.762527272486));
#6259 = CARTESIAN_POINT('',(158.28127624447,141.54315737604,
    41.184381054573));
#6260 = CARTESIAN_POINT('',(158.26639666091,141.56181578366,
    41.598509451841));
#6261 = CARTESIAN_POINT('',(158.26639666091,141.56181578366,
    42.002811770456));
#6262 = ( BOUNDED_SURFACE() B_SPLINE_SURFACE(2,6,(
    (#6263,#6264,#6265,#6266,#6267,#6268,#6269,#6270,#6271,#6272,#6273
      ,#6274,#6275,#6276,#6277,#6278,#6279)
    ,(#6280,#6281,#6282,#6283,#6284,#6285,#6286,#6287,#6288,#6289,#6290
      ,#6291,#6292,#6293,#6294,#6295,#6296)
    ,(#6297,#6298,#6299,#6300,#6301,#6302,#6303,#6304,#6305,#6306,#6307
      ,#6308,#6309,#6310,#6311,#6312,#6313
)),.UNSPECIFIED.,.F.,.F.,.F.) B_SPLINE_SURFACE_WITH_KNOTS((3,3),(7,5,5,7
    ),(0.,146.60956066178),(-9.00042291895,-5.474960499524E-02,
    146.55481105679,155.50048437074),.UNSPECIFIED.) 
GEOMETRIC_REPRESENTATION_ITEM() RATIONAL_B_SPLINE_SURFACE((
    (1.,1.,1.,1.,1.,1.,1.,1.,1.,1.,1.,1.,1.,1.,1.,1.,1.)
    ,(0.706990803572,0.706990803572,0.706990803572,0.706990803572
      ,0.706990803572,0.706990803572,0.706990803572,0.706990803572
      ,0.706990803572,0.706990803572,0.706990803572,0.706990803572
      ,0.706990803572,0.706990803572,0.706990803572,0.706990803572
      ,0.706990803572)
    ,(1.,1.,1.,1.,1.,1.,1.,1.,1.,1.,1.,1.,1.,1.,1.,1.,1.
))) REPRESENTATION_ITEM('') SURFACE() );
#6263 = CARTESIAN_POINT('',(37.141467659691,44.24854490541,
    35.064199416322));
#6264 = CARTESIAN_POINT('',(38.350288275236,45.12122315049,
    35.053999416322));
#6265 = CARTESIAN_POINT('',(39.55910889078,45.993901395569,
    35.043799416322));
#6266 = CARTESIAN_POINT('',(40.767929506324,46.866579640649,
    35.033599416322));
#6267 = CARTESIAN_POINT('',(41.976750121868,47.739257885729,
    35.023399416322));
#6268 = CARTESIAN_POINT('',(43.185570737412,48.611936130809,
    35.013199416322));
#6269 = CARTESIAN_POINT('',(64.205606578911,63.786832847322,
    34.835832846935));
#6270 = CARTESIAN_POINT('',(84.016821804864,78.089051318755,
    34.668666277548));
#6271 = CARTESIAN_POINT('',(103.82803703082,92.39126979019,
    34.501499708161));
#6272 = CARTESIAN_POINT('',(123.63925225677,106.69348826162,
    34.334333138774));
#6273 = CARTESIAN_POINT('',(143.45046748272,120.99570673305,
    34.167166569387));
#6274 = CARTESIAN_POINT('',(164.47050332422,136.17060344956,33.9898));
#6275 = CARTESIAN_POINT('',(165.67932393977,137.04328169464,33.9796));
#6276 = CARTESIAN_POINT('',(166.88814455531,137.91595993972,33.9694));
#6277 = CARTESIAN_POINT('',(168.09696517086,138.7886381848,33.9592));
#6278 = CARTESIAN_POINT('',(169.3057857864,139.66131642988,33.949));
#6279 = CARTESIAN_POINT('',(170.51460640194,140.53399467496,33.9388));
#6280 = CARTESIAN_POINT('',(32.457258331398,50.737009653943,
    35.061574558259));
#6281 = CARTESIAN_POINT('',(33.666078946943,51.609687899023,
    35.051374558259));
#6282 = CARTESIAN_POINT('',(34.874899562487,52.482366144103,
    35.041174558259));
#6283 = CARTESIAN_POINT('',(36.083720178031,53.355044389183,
    35.030974558259));
#6284 = CARTESIAN_POINT('',(37.292540793575,54.227722634262,
    35.020774558259));
#6285 = CARTESIAN_POINT('',(38.501361409119,55.100400879342,
    35.010574558259));
#6286 = CARTESIAN_POINT('',(59.521397250618,70.275297595856,
    34.833207988872));
#6287 = CARTESIAN_POINT('',(79.332612476572,84.577516067289,
    34.666041419486));
#6288 = CARTESIAN_POINT('',(99.143827702527,98.879734538723,
    34.498874850099));
#6289 = CARTESIAN_POINT('',(118.95504292848,113.18195301015,
    34.331708280712));
#6290 = CARTESIAN_POINT('',(138.76625815443,127.48417148158,
    34.164541711325));
#6291 = CARTESIAN_POINT('',(159.78629399593,142.6590681981,
    33.987175141938));
#6292 = CARTESIAN_POINT('',(160.99511461147,143.53174644318,
    33.976975141938));
#6293 = CARTESIAN_POINT('',(162.20393522702,144.40442468826,
    33.966775141938));
#6294 = CARTESIAN_POINT('',(163.41275584256,145.27710293334,
    33.956575141938));
#6295 = CARTESIAN_POINT('',(164.62157645811,146.14978117842,
    33.946375141938));
#6296 = CARTESIAN_POINT('',(165.83039707365,147.0224594235,
    33.936175141938));
#6297 = CARTESIAN_POINT('',(32.501647914309,50.76905561909,
    43.064011770456));
#6298 = CARTESIAN_POINT('',(33.710468529854,51.64173386417,
    43.053811770456));
#6299 = CARTESIAN_POINT('',(34.919289145398,52.51441210925,
    43.043611770456));
#6300 = CARTESIAN_POINT('',(36.128109760942,53.38709035433,
    43.033411770456));
#6301 = CARTESIAN_POINT('',(37.336930376486,54.259768599409,
    43.023211770456));
#6302 = CARTESIAN_POINT('',(38.54575099203,55.132446844489,
    43.013011770456));
#6303 = CARTESIAN_POINT('',(59.565786833529,70.307343561003,
    42.83564520107));
#6304 = CARTESIAN_POINT('',(79.377002059483,84.609562032435,
    42.668478631682));
#6305 = CARTESIAN_POINT('',(99.188217285439,98.91178050387,
    42.501312062296));
#6306 = CARTESIAN_POINT('',(118.99943251139,113.2139989753,
    42.334145492908));
#6307 = CARTESIAN_POINT('',(138.81064773734,127.51621744673,
    42.166978923522));
#6308 = CARTESIAN_POINT('',(159.83068357884,142.69111416324,
    41.989612354135));
#6309 = CARTESIAN_POINT('',(161.03950419439,143.56379240832,
    41.979412354135));
#6310 = CARTESIAN_POINT('',(162.24832480993,144.4364706534,
    41.969212354135));
#6311 = CARTESIAN_POINT('',(163.45714542547,145.30914889848,
    41.959012354135));
#6312 = CARTESIAN_POINT('',(164.66596604102,146.18182714356,
    41.948812354135));
#6313 = CARTESIAN_POINT('',(165.87478665656,147.05450538864,
    41.938612354135));
#6314 = ADVANCED_FACE('',(#6315),#6455,.T.);
#6315 = FACE_BOUND('',#6316,.F.);
#6316 = EDGE_LOOP('',(#6317,#6325,#6326,#6336,#6453,#6454));
#6317 = ORIENTED_EDGE('',*,*,#6318,.F.);
#6318 = EDGE_CURVE('',#4980,#6094,#6319,.T.);
#6319 = B_SPLINE_CURVE_WITH_KNOTS('',4,(#6320,#6321,#6322,#6323,#6324),
  .UNSPECIFIED.,.F.,.F.,(5,5),(0.,1.),.PIECEWISE_BEZIER_KNOTS.);
#6320 = CARTESIAN_POINT('',(47.682347051676,61.728387145976,43.));
#6321 = CARTESIAN_POINT('',(47.682347051676,61.728387145976,
    42.983979333687));
#6322 = CARTESIAN_POINT('',(47.682310880829,61.728361033325,
    42.967958818824));
#6323 = CARTESIAN_POINT('',(47.682238540674,61.728308809132,
    42.951938549142));
#6324 = CARTESIAN_POINT('',(47.682130031776,61.728230473809,
    42.935918618421));
#6325 = ORIENTED_EDGE('',*,*,#4989,.T.);
#6326 = ORIENTED_EDGE('',*,*,#6327,.F.);
#6327 = EDGE_CURVE('',#6328,#4990,#6330,.T.);
#6328 = VERTEX_POINT('',#6329);
#6329 = CARTESIAN_POINT('',(18.531752135512,75.766312602188,
    42.935919218387));
#6330 = B_SPLINE_CURVE_WITH_KNOTS('',4,(#6331,#6332,#6333,#6334,#6335),
  .UNSPECIFIED.,.F.,.F.,(5,5),(0.,1.),.PIECEWISE_BEZIER_KNOTS.);
#6331 = CARTESIAN_POINT('',(18.531752135752,75.766312597182,
    42.935918618421));
#6332 = CARTESIAN_POINT('',(18.531745726583,75.766446274129,
    42.951938549096));
#6333 = CARTESIAN_POINT('',(18.531741453751,75.766535393192,
    42.967958818862));
#6334 = CARTESIAN_POINT('',(18.53173931729,75.766579953671,
    42.983979333585));
#6335 = CARTESIAN_POINT('',(18.53173931729,75.766579953671,43.));
#6336 = ORIENTED_EDGE('',*,*,#6337,.T.);
#6337 = EDGE_CURVE('',#6328,#2680,#6338,.T.);
#6338 = B_SPLINE_CURVE_WITH_KNOTS('',8,(#6339,#6340,#6341,#6342,#6343,
    #6344,#6345,#6346,#6347,#6348,#6349,#6350,#6351,#6352,#6353,#6354,
    #6355,#6356,#6357,#6358,#6359,#6360,#6361,#6362,#6363,#6364,#6365,
    #6366,#6367,#6368,#6369,#6370,#6371,#6372,#6373,#6374,#6375,#6376,
    #6377,#6378,#6379,#6380,#6381,#6382,#6383,#6384,#6385,#6386,#6387,
    #6388,#6389,#6390,#6391,#6392,#6393,#6394,#6395,#6396,#6397,#6398,
    #6399,#6400,#6401,#6402,#6403,#6404,#6405,#6406,#6407,#6408,#6409,
    #6410,#6411,#6412,#6413,#6414,#6415,#6416,#6417,#6418,#6419,#6420,
    #6421,#6422,#6423,#6424,#6425,#6426,#6427,#6428,#6429,#6430,#6431,
    #6432,#6433,#6434,#6435,#6436,#6437,#6438,#6439,#6440,#6441,#6442,
    #6443,#6444,#6445,#6446,#6447,#6448,#6449,#6450,#6451,#6452),
  .UNSPECIFIED.,.F.,.F.,(9,7,7,7,7,7,7,7,7,7,7,7,7,7,7,7,9),(0.,
    0.106991883795,0.214175378111,0.319846282916,0.422847325799,
    0.52449744428,0.626023471327,0.728515848075,0.832679324343,
    0.890287816523,0.946887875191,0.970772527995,0.984448479132,
    0.992164730063,0.996269955091,0.998520299417,1.),.UNSPECIFIED.);
#6339 = CARTESIAN_POINT('',(18.531752135512,75.766312602188,
    42.935919218387));
#6340 = CARTESIAN_POINT('',(18.531809839413,75.765109063673,
    42.791685044428));
#6341 = CARTESIAN_POINT('',(18.529005616644,75.76153572297,
    42.646242184919));
#6342 = CARTESIAN_POINT('',(18.523254463634,75.755522655663,
    42.499680448094));
#6343 = CARTESIAN_POINT('',(18.514474339582,75.747002011088,
    42.352097051157));
#6344 = CARTESIAN_POINT('',(18.50258695641,75.735908606111,
    42.203596420301));
#6345 = CARTESIAN_POINT('',(18.487518568713,75.722180518898,
    42.054289990714));
#6346 = CARTESIAN_POINT('',(18.469200763704,75.705759682683,
    41.904296006601));
#6347 = CARTESIAN_POINT('',(18.425903002594,75.667390950089,
    41.602913005561));
#6348 = CARTESIAN_POINT('',(18.400911186569,75.645433216255,
    41.451521951304));
#6349 = CARTESIAN_POINT('',(18.372533144101,75.620665356275,
    41.299691493145));
#6350 = CARTESIAN_POINT('',(18.340712455343,75.593037979823,
    41.147553603847));
#6351 = CARTESIAN_POINT('',(18.305399664077,75.56250679265,
    40.995246261698));
#6352 = CARTESIAN_POINT('',(18.266553002197,75.529033161214,
    40.842912818003));
#6353 = CARTESIAN_POINT('',(18.224139114192,75.492584677318,
    40.690701364575));
#6354 = CARTESIAN_POINT('',(18.132777683202,75.414243477713,
    40.388970999271));
#6355 = CARTESIAN_POINT('',(18.083930793442,75.372434851688,
    40.239444353896));
#6356 = CARTESIAN_POINT('',(18.031569763102,75.327685200054,
    40.090329854261));
#6357 = CARTESIAN_POINT('',(17.97567992993,75.279976334523,
    39.941776971593));
#6358 = CARTESIAN_POINT('',(17.916255690405,75.229296843107,
    39.793938020479));
#6359 = CARTESIAN_POINT('',(17.853300871465,75.175642410093,
    39.64696722017));
#6360 = CARTESIAN_POINT('',(17.786829102236,75.119016136017,
    39.501019755875));
#6361 = CARTESIAN_POINT('',(17.648666990195,75.001347100628,
    39.215139629436));
#6362 = CARTESIAN_POINT('',(17.577150915057,74.940452061203,
    39.075148105884));
#6363 = CARTESIAN_POINT('',(17.502337803648,74.876753624201,
    38.936419953731));
#6364 = CARTESIAN_POINT('',(17.424258678646,74.810268662996,
    38.799098745938));
#6365 = CARTESIAN_POINT('',(17.342953651414,74.741021007262,
    38.663326997605));
#6366 = CARTESIAN_POINT('',(17.258471831301,74.669041410743,
    38.529245219467));
#6367 = CARTESIAN_POINT('',(17.170871234939,74.594367519017,
    38.396990971386));
#6368 = CARTESIAN_POINT('',(16.990755122061,74.440734304945,
    38.138113736877));
#6369 = CARTESIAN_POINT('',(16.898319107818,74.361844015928,
    38.011439593579));
#6370 = CARTESIAN_POINT('',(16.802974695699,74.280415570209,
    37.886804012095));
#6371 = CARTESIAN_POINT('',(16.704794235749,74.196498057742,
    37.764331700818));
#6372 = CARTESIAN_POINT('',(16.603857900316,74.110146669594,
    37.644142790047));
#6373 = CARTESIAN_POINT('',(16.500253199191,74.021422309105,
    37.526352071648));
#6374 = CARTESIAN_POINT('',(16.39407449475,73.930391203039,
    37.411068238707));
#6375 = CARTESIAN_POINT('',(16.176903178526,73.743971679655,
    37.185855562083));
#6376 = CARTESIAN_POINT('',(16.065916570608,73.648588712641,
    37.075920323914));
#6377 = CARTESIAN_POINT('',(15.952562922065,73.551046289768,
    36.96868901724));
#6378 = CARTESIAN_POINT('',(15.836948710802,73.451420027632,
    36.864256348819));
#6379 = CARTESIAN_POINT('',(15.719185918649,73.349789663303,
    36.762709694124));
#6380 = CARTESIAN_POINT('',(15.599391286116,73.246238236261,
    36.664128665856));
#6381 = CARTESIAN_POINT('',(15.477685567139,73.140851270332,
    36.56858468246));
#6382 = CARTESIAN_POINT('',(15.229524565843,72.925560900633,
    36.382816484699));
#6383 = CARTESIAN_POINT('',(15.103035075592,72.815624163667,
    36.292651554613));
#6384 = CARTESIAN_POINT('',(14.974851898049,72.703994814287,
    36.205710545358));
#6385 = CARTESIAN_POINT('',(14.845105899412,72.590764156674,
    36.122049280513));
#6386 = CARTESIAN_POINT('',(14.713930435069,72.47602373053,
    36.041714589536));
#6387 = CARTESIAN_POINT('',(14.581460557554,72.359863311976,
    35.96474428905));
#6388 = CARTESIAN_POINT('',(14.447832224509,72.242368914456,
    35.891167164114));
#6389 = CARTESIAN_POINT('',(14.176335359636,72.002936521452,
    35.749694733863));
#6390 = CARTESIAN_POINT('',(14.038433277708,71.880956803953,
    35.681911677114));
#6391 = CARTESIAN_POINT('',(13.899618040035,71.757766575356,
    35.617674583282));
#6392 = CARTESIAN_POINT('',(13.760032895893,71.633439704253,
    35.556994831782));
#6393 = CARTESIAN_POINT('',(13.619820495912,71.508040986668,
    35.49987456149));
#6394 = CARTESIAN_POINT('',(13.479122458947,71.38161867078,
    35.446307035734));
#6395 = CARTESIAN_POINT('',(13.33807957455,71.254187509324,
    35.396277188221));
#6396 = CARTESIAN_POINT('',(13.118714829,71.054642529092,35.324036924843
    ));
#6397 = CARTESIAN_POINT('',(13.040534634024,70.983260077058,
    35.299386655036));
#6398 = CARTESIAN_POINT('',(12.962315855914,70.911547490652,
    35.275807699976));
#6399 = CARTESIAN_POINT('',(12.884082425393,70.839489698191,
    35.253295526096));
#6400 = CARTESIAN_POINT('',(12.805858356681,70.767064247864,
    35.231844930921));
#6401 = CARTESIAN_POINT('',(12.727667944896,70.694237391145,
    35.211450098813));
#6402 = CARTESIAN_POINT('',(12.649536208295,70.620956050954,
    35.192104688291));
#6403 = CARTESIAN_POINT('',(12.494809144489,70.474607519887,
    35.155819601962));
#6404 = CARTESIAN_POINT('',(12.418211245642,70.40155898798,
    35.138843828762));
#6405 = CARTESIAN_POINT('',(12.34172053132,70.327910572031,
    35.12286812478));
#6406 = CARTESIAN_POINT('',(12.265363821555,70.253543317115,
    35.107885762378));
#6407 = CARTESIAN_POINT('',(12.189169243557,70.178312602457,
    35.093889687305));
#6408 = CARTESIAN_POINT('',(12.1131718124,70.101954429637,
    35.080873221516));
#6409 = CARTESIAN_POINT('',(12.037410132474,70.024140023106,
    35.068829649947));
#6410 = CARTESIAN_POINT('',(11.93010886592,69.910256308689,
    35.053082118476));
#6411 = CARTESIAN_POINT('',(11.898320369712,69.876055751601,
    35.04858152189));
#6412 = CARTESIAN_POINT('',(11.866591074773,69.841388001355,
    35.044253274731));
#6413 = CARTESIAN_POINT('',(11.834926860855,69.806177900303,
    35.040097192088));
#6414 = CARTESIAN_POINT('',(11.803335499159,69.770322128831,
    35.036113310368));
#6415 = CARTESIAN_POINT('',(11.771826724406,69.733687947655,
    35.032301887504));
#6416 = CARTESIAN_POINT('',(11.74041366842,69.696089685845,
    35.028663572178));
#6417 = CARTESIAN_POINT('',(11.691198495082,69.634942157343,
    35.023216854025));
#6418 = CARTESIAN_POINT('',(11.673317942073,69.612257386092,
    35.021291027251));
#6419 = CARTESIAN_POINT('',(11.655480078174,69.589089826669,
    35.019422826035));
#6420 = CARTESIAN_POINT('',(11.637689733319,69.565366374232,
    35.017612655685));
#6421 = CARTESIAN_POINT('',(11.619953818608,69.540986340534,
    35.015861167731));
#6422 = CARTESIAN_POINT('',(11.602281307025,69.515821639851,
    35.014169249101));
#6423 = CARTESIAN_POINT('',(11.584684686226,69.489693967682,
    35.012538192066));
#6424 = CARTESIAN_POINT('',(11.55731201777,69.446826945872,
    35.010085757398));
#6425 = CARTESIAN_POINT('',(11.547470275955,69.430959347501,
    35.009221343162));
#6426 = CARTESIAN_POINT('',(11.537663657224,69.414627579238,
    35.008377503379));
#6427 = CARTESIAN_POINT('',(11.527896717915,69.397763789796,
    35.007554747824));
#6428 = CARTESIAN_POINT('',(11.5181764659,69.380272287097,
    35.006753861618));
#6429 = CARTESIAN_POINT('',(11.508512149602,69.362032403259,
    35.005975872495));
#6430 = CARTESIAN_POINT('',(11.498916819234,69.342875627475,
    35.005222230438));
#6431 = CARTESIAN_POINT('',(11.484358240734,69.311643676795,
    35.004109009987));
#6432 = CARTESIAN_POINT('',(11.479329631249,69.300452046508,
    35.003730140234));
#6433 = CARTESIAN_POINT('',(11.474331078671,69.288864568635,
    35.003359342727));
#6434 = CARTESIAN_POINT('',(11.469366707451,69.276824794558,
    35.002997089831));
#6435 = CARTESIAN_POINT('',(11.464443237896,69.264252452603,
    35.002644124988));
#6436 = CARTESIAN_POINT('',(11.459569654793,69.251047462557,
    35.002301419595));
#6437 = CARTESIAN_POINT('',(11.454758688026,69.237070456376,
    35.001970338477));
#6438 = CARTESIAN_POINT('',(11.447443548563,69.213823784314,
    35.001479696341));
#6439 = CARTESIAN_POINT('',(11.444880914126,69.205286191235,
    35.001310337883));
#6440 = CARTESIAN_POINT('',(11.442348413912,69.196392278292,
    35.001145687298));
#6441 = CARTESIAN_POINT('',(11.439850248254,69.187089433697,
    35.000986215941));
#6442 = CARTESIAN_POINT('',(11.437394359029,69.177300108695,
    35.000832752497));
#6443 = CARTESIAN_POINT('',(11.434991542444,69.166930734107,
    35.000686383366));
#6444 = CARTESIAN_POINT('',(11.432657194983,69.155852006836,
    35.000548638635));
#6445 = CARTESIAN_POINT('',(11.428951298149,69.135860185052,
    35.000339686503));
#6446 = CARTESIAN_POINT('',(11.427536766817,69.127573018799,
    35.000262583836));
#6447 = CARTESIAN_POINT('',(11.426171985079,69.118802661343,
    35.000191219263));
#6448 = CARTESIAN_POINT('',(11.424868011097,69.109400316038,
    35.000126880393));
#6449 = CARTESIAN_POINT('',(11.42363823455,69.09926675068,
    35.000070865587));
#6450 = CARTESIAN_POINT('',(11.422530923652,69.088162270577,
    35.000027457843));
#6451 = CARTESIAN_POINT('',(11.421587507666,69.07596606866,35.));
#6452 = CARTESIAN_POINT('',(11.42093790456,69.06201689337,35.));
#6453 = ORIENTED_EDGE('',*,*,#2679,.F.);
#6454 = ORIENTED_EDGE('',*,*,#6093,.F.);
#6455 = TOROIDAL_SURFACE('',#6456,70.,8.);
#6456 = AXIS2_PLACEMENT_3D('',#6457,#6458,#6459);
#6457 = CARTESIAN_POINT('',(0.,0.,43.));
#6458 = DIRECTION('',(-0.,-0.,-1.));
#6459 = DIRECTION('',(1.,0.,-0.));
#6460 = ADVANCED_FACE('',(#6461),#6538,.F.);
#6461 = FACE_BOUND('',#6462,.F.);
#6462 = EDGE_LOOP('',(#6463,#6485,#6486,#6487,#6509));
#6463 = ORIENTED_EDGE('',*,*,#6464,.F.);
#6464 = EDGE_CURVE('',#2689,#6465,#6467,.T.);
#6465 = VERTEX_POINT('',#6466);
#6466 = CARTESIAN_POINT('',(3.988183234314,212.,34.));
#6467 = B_SPLINE_CURVE_WITH_KNOTS('',6,(#6468,#6469,#6470,#6471,#6472,
    #6473,#6474,#6475,#6476,#6477,#6478,#6479,#6480,#6481,#6482,#6483,
    #6484),.UNSPECIFIED.,.F.,.F.,(7,5,5,7),(-9.000422918949,
    -5.474960499488E-02,146.55481105679,155.50048437074),.UNSPECIFIED.);
#6468 = CARTESIAN_POINT('',(11.437579148566,56.626885217026,
    35.064199416322));
#6469 = CARTESIAN_POINT('',(11.366179148566,58.116085217026,
    35.053999416322));
#6470 = CARTESIAN_POINT('',(11.294779148566,59.605285217026,
    35.043799416322));
#6471 = CARTESIAN_POINT('',(11.223379148566,61.094485217026,
    35.033599416322));
#6472 = CARTESIAN_POINT('',(11.151979148566,62.583685217026,
    35.023399416322));
#6473 = CARTESIAN_POINT('',(11.080579148566,64.072885217026,
    35.013199416322));
#6474 = CARTESIAN_POINT('',(9.839013162857,89.968404347522,
    34.835832846935));
#6475 = CARTESIAN_POINT('',(8.668847177149,114.37472347801,
    34.668666277548));
#6476 = CARTESIAN_POINT('',(7.49868119144,138.78104260851,
    34.501499708161));
#6477 = CARTESIAN_POINT('',(6.328515205731,163.187361739,34.334333138774
    ));
#6478 = CARTESIAN_POINT('',(5.158349220023,187.5936808695,
    34.167166569387));
#6479 = CARTESIAN_POINT('',(3.916783234314,213.4892,33.9898));
#6480 = CARTESIAN_POINT('',(3.845383234314,214.9784,33.9796));
#6481 = CARTESIAN_POINT('',(3.773983234314,216.4676,33.9694));
#6482 = CARTESIAN_POINT('',(3.702583234314,217.9568,33.9592));
#6483 = CARTESIAN_POINT('',(3.631183234314,219.446,33.949));
#6484 = CARTESIAN_POINT('',(3.559783234314,220.9352,33.9388));
#6485 = ORIENTED_EDGE('',*,*,#2688,.F.);
#6486 = ORIENTED_EDGE('',*,*,#6337,.F.);
#6487 = ORIENTED_EDGE('',*,*,#6488,.T.);
#6488 = EDGE_CURVE('',#6328,#6489,#6491,.T.);
#6489 = VERTEX_POINT('',#6490);
#6490 = CARTESIAN_POINT('',(12.,212.,42.002811770456));
#6491 = B_SPLINE_CURVE_WITH_KNOTS('',6,(#6492,#6493,#6494,#6495,#6496,
    #6497,#6498,#6499,#6500,#6501,#6502,#6503,#6504,#6505,#6506,#6507,
    #6508),.UNSPECIFIED.,.F.,.F.,(7,5,5,7),(-9.000422918949,
    -5.474960499488E-02,146.55481105679,155.50048437074),.UNSPECIFIED.);
#6492 = CARTESIAN_POINT('',(19.4284,57.0648,43.064011770456));
#6493 = CARTESIAN_POINT('',(19.357,58.554,43.053811770456));
#6494 = CARTESIAN_POINT('',(19.2856,60.0432,43.043611770456));
#6495 = CARTESIAN_POINT('',(19.2142,61.5324,43.033411770456));
#6496 = CARTESIAN_POINT('',(19.1428,63.0216,43.023211770456));
#6497 = CARTESIAN_POINT('',(19.0714,64.5108,43.013011770456));
#6498 = CARTESIAN_POINT('',(17.829834014291,90.406319130496,
    42.835645201069));
#6499 = CARTESIAN_POINT('',(16.659668028583,114.81263826099,
    42.668478631683));
#6500 = CARTESIAN_POINT('',(15.489502042874,139.21895739148,
    42.501312062295));
#6501 = CARTESIAN_POINT('',(14.319336057165,163.62527652198,
    42.334145492909));
#6502 = CARTESIAN_POINT('',(13.149170071457,188.03159565247,
    42.166978923522));
#6503 = CARTESIAN_POINT('',(11.907604085748,213.92711478297,
    41.989612354135));
#6504 = CARTESIAN_POINT('',(11.836204085748,215.41631478297,
    41.979412354135));
#6505 = CARTESIAN_POINT('',(11.764804085748,216.90551478297,
    41.969212354135));
#6506 = CARTESIAN_POINT('',(11.693404085748,218.39471478297,
    41.959012354135));
#6507 = CARTESIAN_POINT('',(11.622004085748,219.88391478297,
    41.948812354135));
#6508 = CARTESIAN_POINT('',(11.550604085748,221.37311478297,
    41.938612354135));
#6509 = ORIENTED_EDGE('',*,*,#6510,.F.);
#6510 = EDGE_CURVE('',#6465,#6489,#6511,.T.);
#6511 = B_SPLINE_CURVE_WITH_KNOTS('',7,(#6512,#6513,#6514,#6515,#6516,
    #6517,#6518,#6519,#6520,#6521,#6522,#6523,#6524,#6525,#6526,#6527,
    #6528,#6529,#6530,#6531,#6532,#6533,#6534,#6535,#6536,#6537),
  .UNSPECIFIED.,.F.,.F.,(8,6,6,6,8),(0.,0.249928743901,0.500002573609,
    0.75007469467,1.),.UNSPECIFIED.);
#6512 = CARTESIAN_POINT('',(3.988183234314,212.,34.));
#6513 = CARTESIAN_POINT('',(4.392940657055,212.,34.));
#6514 = CARTESIAN_POINT('',(4.80753495304,212.,34.023838195587));
#6515 = CARTESIAN_POINT('',(5.229863142823,212.,34.073594322343));
#6516 = CARTESIAN_POINT('',(5.657304085528,212.,34.15114205148));
#6517 = CARTESIAN_POINT('',(6.086712521931,212.,34.257934940985));
#6518 = CARTESIAN_POINT('',(6.514534371423,212.,34.394825659662));
#6519 = CARTESIAN_POINT('',(7.359797464366,212.,34.729108307306));
#6520 = CARTESIAN_POINT('',(7.777233876005,212.,34.926536733978));
#6521 = CARTESIAN_POINT('',(8.185618049899,212.,35.154311976594));
#6522 = CARTESIAN_POINT('',(8.581044866896,212.,35.411810777753));
#6523 = CARTESIAN_POINT('',(8.959665271718,212.,35.697561774274));
#6524 = CARTESIAN_POINT('',(9.318018188418,212.,36.009289745988));
#6525 = CARTESIAN_POINT('',(9.988447105768,212.,36.678965131902));
#6526 = CARTESIAN_POINT('',(10.300524719953,212.,37.036913526274));
#6527 = CARTESIAN_POINT('',(10.586597132289,212.,37.415107423287));
#6528 = CARTESIAN_POINT('',(10.844386275398,212.,37.810089797598));
#6529 = CARTESIAN_POINT('',(11.072418782534,212.,38.218015913717));
#6530 = CARTESIAN_POINT('',(11.27007039909,212.,38.63498488427));
#6531 = CARTESIAN_POINT('',(11.604729839887,212.,39.479299588322));
#6532 = CARTESIAN_POINT('',(11.741774630079,212.,39.906640440957));
#6533 = CARTESIAN_POINT('',(11.848687804907,212.,40.335566432024));
#6534 = CARTESIAN_POINT('',(11.926322873865,212.,40.762527272486));
#6535 = CARTESIAN_POINT('',(11.976135000903,212.,41.184381054574));
#6536 = CARTESIAN_POINT('',(12.,212.,41.59850945184));
#6537 = CARTESIAN_POINT('',(12.,212.,42.002811770456));
#6538 = ( BOUNDED_SURFACE() B_SPLINE_SURFACE(2,6,(
    (#6539,#6540,#6541,#6542,#6543,#6544,#6545,#6546,#6547,#6548,#6549
      ,#6550,#6551,#6552,#6553,#6554,#6555)
    ,(#6556,#6557,#6558,#6559,#6560,#6561,#6562,#6563,#6564,#6565,#6566
      ,#6567,#6568,#6569,#6570,#6571,#6572)
    ,(#6573,#6574,#6575,#6576,#6577,#6578,#6579,#6580,#6581,#6582,#6583
      ,#6584,#6585,#6586,#6587,#6588,#6589
)),.UNSPECIFIED.,.F.,.F.,.F.) B_SPLINE_SURFACE_WITH_KNOTS((3,3),(7,5,5,7
    ),(0.,146.60956066178),(-9.000422918949,-5.474960499488E-02,
    146.55481105679,155.50048437074),.UNSPECIFIED.) 
GEOMETRIC_REPRESENTATION_ITEM() RATIONAL_B_SPLINE_SURFACE((
    (1.,1.,1.,1.,1.,1.,1.,1.,1.,1.,1.,1.,1.,1.,1.,1.,1.)
    ,(0.706990803572,0.706990803572,0.706990803572,0.706990803572
      ,0.706990803572,0.706990803572,0.706990803572,0.706990803572
      ,0.706990803572,0.706990803572,0.706990803572,0.706990803572
      ,0.706990803572,0.706990803572,0.706990803572,0.706990803572
      ,0.706990803572)
    ,(1.,1.,1.,1.,1.,1.,1.,1.,1.,1.,1.,1.,1.,1.,1.,1.,1.
))) REPRESENTATION_ITEM('') SURFACE() );
#6539 = CARTESIAN_POINT('',(11.437579148566,56.626885217026,
    35.064199416322));
#6540 = CARTESIAN_POINT('',(11.366179148566,58.116085217026,
    35.053999416322));
#6541 = CARTESIAN_POINT('',(11.294779148566,59.605285217026,
    35.043799416322));
#6542 = CARTESIAN_POINT('',(11.223379148566,61.094485217026,
    35.033599416322));
#6543 = CARTESIAN_POINT('',(11.151979148566,62.583685217026,
    35.023399416322));
#6544 = CARTESIAN_POINT('',(11.080579148566,64.072885217026,
    35.013199416322));
#6545 = CARTESIAN_POINT('',(9.839013162857,89.968404347522,
    34.835832846935));
#6546 = CARTESIAN_POINT('',(8.668847177149,114.37472347801,
    34.668666277548));
#6547 = CARTESIAN_POINT('',(7.49868119144,138.78104260851,
    34.501499708161));
#6548 = CARTESIAN_POINT('',(6.328515205731,163.187361739,34.334333138774
    ));
#6549 = CARTESIAN_POINT('',(5.158349220023,187.5936808695,
    34.167166569387));
#6550 = CARTESIAN_POINT('',(3.916783234314,213.4892,33.9898));
#6551 = CARTESIAN_POINT('',(3.845383234314,214.9784,33.9796));
#6552 = CARTESIAN_POINT('',(3.773983234314,216.4676,33.9694));
#6553 = CARTESIAN_POINT('',(3.702583234314,217.9568,33.9592));
#6554 = CARTESIAN_POINT('',(3.631183234314,219.446,33.949));
#6555 = CARTESIAN_POINT('',(3.559783234314,220.9352,33.9388));
#6556 = CARTESIAN_POINT('',(19.431021907816,57.010114494127,
    35.061574558259));
#6557 = CARTESIAN_POINT('',(19.359621907816,58.499314494127,
    35.051374558259));
#6558 = CARTESIAN_POINT('',(19.288221907816,59.988514494127,
    35.041174558259));
#6559 = CARTESIAN_POINT('',(19.216821907816,61.477714494127,
    35.030974558259));
#6560 = CARTESIAN_POINT('',(19.145421907816,62.966914494127,
    35.020774558259));
#6561 = CARTESIAN_POINT('',(19.074021907816,64.456114494127,
    35.010574558259));
#6562 = CARTESIAN_POINT('',(17.832455922107,90.351633624622,
    34.833207988872));
#6563 = CARTESIAN_POINT('',(16.662289936398,114.75795275511,
    34.666041419486));
#6564 = CARTESIAN_POINT('',(15.49212395069,139.16427188561,
    34.498874850099));
#6565 = CARTESIAN_POINT('',(14.321957964981,163.5705910161,
    34.331708280712));
#6566 = CARTESIAN_POINT('',(13.151791979272,187.9769101466,
    34.164541711325));
#6567 = CARTESIAN_POINT('',(11.910225993564,213.8724292771,
    33.987175141938));
#6568 = CARTESIAN_POINT('',(11.838825993564,215.3616292771,
    33.976975141938));
#6569 = CARTESIAN_POINT('',(11.767425993564,216.8508292771,
    33.966775141938));
#6570 = CARTESIAN_POINT('',(11.696025993564,218.3400292771,
    33.956575141938));
#6571 = CARTESIAN_POINT('',(11.624625993564,219.8292292771,
    33.946375141938));
#6572 = CARTESIAN_POINT('',(11.553225993564,221.3184292771,
    33.936175141938));
#6573 = CARTESIAN_POINT('',(19.4284,57.0648,43.064011770456));
#6574 = CARTESIAN_POINT('',(19.357,58.554,43.053811770456));
#6575 = CARTESIAN_POINT('',(19.2856,60.0432,43.043611770456));
#6576 = CARTESIAN_POINT('',(19.2142,61.5324,43.033411770456));
#6577 = CARTESIAN_POINT('',(19.1428,63.0216,43.023211770456));
#6578 = CARTESIAN_POINT('',(19.0714,64.5108,43.013011770456));
#6579 = CARTESIAN_POINT('',(17.829834014291,90.406319130496,
    42.835645201069));
#6580 = CARTESIAN_POINT('',(16.659668028583,114.81263826099,
    42.668478631683));
#6581 = CARTESIAN_POINT('',(15.489502042874,139.21895739148,
    42.501312062295));
#6582 = CARTESIAN_POINT('',(14.319336057165,163.62527652198,
    42.334145492909));
#6583 = CARTESIAN_POINT('',(13.149170071457,188.03159565247,
    42.166978923522));
#6584 = CARTESIAN_POINT('',(11.907604085748,213.92711478297,
    41.989612354135));
#6585 = CARTESIAN_POINT('',(11.836204085748,215.41631478297,
    41.979412354135));
#6586 = CARTESIAN_POINT('',(11.764804085748,216.90551478297,
    41.969212354135));
#6587 = CARTESIAN_POINT('',(11.693404085748,218.39471478297,
    41.959012354135));
#6588 = CARTESIAN_POINT('',(11.622004085748,219.88391478297,
    41.948812354135));
#6589 = CARTESIAN_POINT('',(11.550604085748,221.37311478297,
    41.938612354135));
#6590 = ADVANCED_FACE('',(#6591),#6735,.F.);
#6591 = FACE_BOUND('',#6592,.F.);
#6592 = EDGE_LOOP('',(#6593,#6594,#6595,#6714,#6734));
#6593 = ORIENTED_EDGE('',*,*,#5520,.F.);
#6594 = ORIENTED_EDGE('',*,*,#3002,.F.);
#6595 = ORIENTED_EDGE('',*,*,#6596,.F.);
#6596 = EDGE_CURVE('',#6597,#2994,#6599,.T.);
#6597 = VERTEX_POINT('',#6598);
#6598 = CARTESIAN_POINT('',(16.177239269207,-76.30371479929,
    42.935919218387));
#6599 = B_SPLINE_CURVE_WITH_KNOTS('',8,(#6600,#6601,#6602,#6603,#6604,
    #6605,#6606,#6607,#6608,#6609,#6610,#6611,#6612,#6613,#6614,#6615,
    #6616,#6617,#6618,#6619,#6620,#6621,#6622,#6623,#6624,#6625,#6626,
    #6627,#6628,#6629,#6630,#6631,#6632,#6633,#6634,#6635,#6636,#6637,
    #6638,#6639,#6640,#6641,#6642,#6643,#6644,#6645,#6646,#6647,#6648,
    #6649,#6650,#6651,#6652,#6653,#6654,#6655,#6656,#6657,#6658,#6659,
    #6660,#6661,#6662,#6663,#6664,#6665,#6666,#6667,#6668,#6669,#6670,
    #6671,#6672,#6673,#6674,#6675,#6676,#6677,#6678,#6679,#6680,#6681,
    #6682,#6683,#6684,#6685,#6686,#6687,#6688,#6689,#6690,#6691,#6692,
    #6693,#6694,#6695,#6696,#6697,#6698,#6699,#6700,#6701,#6702,#6703,
    #6704,#6705,#6706,#6707,#6708,#6709,#6710,#6711,#6712,#6713),
  .UNSPECIFIED.,.F.,.F.,(9,7,7,7,7,7,7,7,7,7,7,7,7,7,7,7,9),(0.,
    0.106991883795,0.214175378111,0.319846282916,0.422847325798,
    0.52449744428,0.626023471326,0.728515848074,0.832679324342,
    0.890287816522,0.946887875191,0.970772527995,0.984448479132,
    0.992164730063,0.996269955091,0.998520299417,1.),.UNSPECIFIED.);
#6600 = CARTESIAN_POINT('',(16.177239269207,-76.30371479929,
    42.935919218387));
#6601 = CARTESIAN_POINT('',(16.176665083997,-76.30265548534,
    42.791685044428));
#6602 = CARTESIAN_POINT('',(16.177641186985,-76.29821930995,
    42.646242184919));
#6603 = CARTESIAN_POINT('',(16.180213824675,-76.29030639173,
    42.499680448093));
#6604 = CARTESIAN_POINT('',(16.184427473975,-76.27882000318,
    42.352097051157));
#6605 = CARTESIAN_POINT('',(16.190324388102,-76.2636674484,
    42.203596420301));
#6606 = CARTESIAN_POINT('',(16.197944142496,-76.24476094081,
    42.054289990714));
#6607 = CARTESIAN_POINT('',(16.207323180721,-76.22201848086,
    41.9042960066));
#6608 = CARTESIAN_POINT('',(16.229685546367,-76.16866325281,
    41.602913005561));
#6609 = CARTESIAN_POINT('',(16.2426752909,-76.13803647563,
    41.451521951304));
#6610 = CARTESIAN_POINT('',(16.257496651998,-76.10340863369,
    41.299691493145));
#6611 = CARTESIAN_POINT('',(16.274179032527,-76.06471074819,
    41.147553603846));
#6612 = CARTESIAN_POINT('',(16.292747772446,-76.02188145313,
    40.995246261697));
#6613 = CARTESIAN_POINT('',(16.313223741052,-75.9748678184,
    40.842912818003));
#6614 = CARTESIAN_POINT('',(16.335622929234,-75.92362617281,
    40.690701364575));
#6615 = CARTESIAN_POINT('',(16.383945761671,-75.8134029516,
    40.388970999271));
#6616 = CARTESIAN_POINT('',(16.409815205652,-75.75454080997,
    40.239444353896));
#6617 = CARTESIAN_POINT('',(16.437574717705,-75.69150416737,
    40.090329854261));
#6618 = CARTESIAN_POINT('',(16.467229616459,-75.62427027501,
    39.941776971592));
#6619 = CARTESIAN_POINT('',(16.498779999038,-75.55282641976,
    39.793938020478));
#6620 = CARTESIAN_POINT('',(16.532220544971,-75.47717037376,
    39.646967220169));
#6621 = CARTESIAN_POINT('',(16.567540320112,-75.39731084393,
    39.501019755875));
#6622 = CARTESIAN_POINT('',(16.640965400732,-75.23134841255,
    39.215139629436));
#6623 = CARTESIAN_POINT('',(16.678977790586,-75.14545421573,
    39.075148105884));
#6624 = CARTESIAN_POINT('',(16.718744358854,-75.05560371455,
    38.93641995373));
#6625 = CARTESIAN_POINT('',(16.760244476151,-74.96182557161,
    38.799098745937));
#6626 = CARTESIAN_POINT('',(16.803452342696,-74.8641586604,
    38.663326997605));
#6627 = CARTESIAN_POINT('',(16.848337056044,-74.76265199681,
    38.529245219467));
#6628 = CARTESIAN_POINT('',(16.894862678819,-74.65736467082,
    38.396990971386));
#6629 = CARTESIAN_POINT('',(16.990482735756,-74.44079647534,
    38.138113736876));
#6630 = CARTESIAN_POINT('',(17.039535493283,-74.32961229746,
    38.011439593579));
#6631 = CARTESIAN_POINT('',(17.090107361832,-74.21487941288,
    37.886804012095));
#6632 = CARTESIAN_POINT('',(17.142154455596,-74.0966734416,
    37.764331700818));
#6633 = CARTESIAN_POINT('',(17.195628488294,-73.97507889455,
    37.644142790047));
#6634 = CARTESIAN_POINT('',(17.250477041296,-73.85018861281,
    37.526352071648));
#6635 = CARTESIAN_POINT('',(17.306643831755,-73.72210320693,
    37.411068238707));
#6636 = CARTESIAN_POINT('',(17.421424026824,-73.45991791728,
    37.185855562083));
#6637 = CARTESIAN_POINT('',(17.480034386936,-73.32582554904,
    37.075920323914));
#6638 = CARTESIAN_POINT('',(17.539840424178,-73.18876055786,
    36.96868901724));
#6639 = CARTESIAN_POINT('',(17.600779014084,-73.04883727097,
    36.864256348818));
#6640 = CARTESIAN_POINT('',(17.662783861128,-72.90617611609,
    36.762709694123));
#6641 = CARTESIAN_POINT('',(17.725785815226,-72.76090256101,
    36.664128665855));
#6642 = CARTESIAN_POINT('',(17.789713188238,-72.6131460532,
    36.56858468246));
#6643 = CARTESIAN_POINT('',(17.919887534032,-72.3115031094,
    36.382816484699));
#6644 = CARTESIAN_POINT('',(17.986150864365,-72.15757179896,
    36.292651554613));
#6645 = CARTESIAN_POINT('',(18.053205757215,-72.00138063406,
    36.205710545358));
#6646 = CARTESIAN_POINT('',(18.120973921614,-71.84306865764,
    36.122049280513));
#6647 = CARTESIAN_POINT('',(18.189374926096,-71.68277620484,
    36.041714589536));
#6648 = CARTESIAN_POINT('',(18.258326044932,-71.52064275827,
    35.96474428905));
#6649 = CARTESIAN_POINT('',(18.327742104354,-71.35680480315,
    35.891167164114));
#6650 = CARTESIAN_POINT('',(18.468466505395,-71.0232855962,
    35.749694733862));
#6651 = CARTESIAN_POINT('',(18.539786972107,-70.85355219728,
    35.681911677114));
#6652 = CARTESIAN_POINT('',(18.611404942634,-70.68233196212,
    35.617674583282));
#6653 = CARTESIAN_POINT('',(18.683223404221,-70.50975359754,
    35.556994831782));
#6654 = CARTESIAN_POINT('',(18.755141947031,-70.33593737655,
    35.49987456149));
#6655 = CARTESIAN_POINT('',(18.827053910986,-70.16098821536,
    35.446307035734));
#6656 = CARTESIAN_POINT('',(18.898838850055,-69.98498049203,
    35.39627718822));
#6657 = CARTESIAN_POINT('',(19.009900334365,-69.71001788107,
    35.324036924843));
#6658 = CARTESIAN_POINT('',(19.049366570929,-69.61178339875,
    35.299386655036));
#6659 = CARTESIAN_POINT('',(19.08872432976,-69.51323473504,
    35.275807699976));
#6660 = CARTESIAN_POINT('',(19.127945510663,-69.41436869399,
    35.253295526096));
#6661 = CARTESIAN_POINT('',(19.166998736099,-69.31517546658,
    35.231844930921));
#6662 = CARTESIAN_POINT('',(19.205847473984,-69.2156351877,
    35.211450098813));
#6663 = CARTESIAN_POINT('',(19.244446154366,-69.11571089157,
    35.192104688291));
#6664 = CARTESIAN_POINT('',(19.320352174004,-68.91672186423,
    35.155819601962));
#6665 = CARTESIAN_POINT('',(19.357669926051,-68.81767282837,
    35.138843828761));
#6666 = CARTESIAN_POINT('',(19.394630828245,-68.7181298213,
    35.12286812478));
#6667 = CARTESIAN_POINT('',(19.431159103971,-68.61799730508,
    35.107885762377));
#6668 = CARTESIAN_POINT('',(19.467166662875,-68.51715718487,
    35.093889687305));
#6669 = CARTESIAN_POINT('',(19.502507412854,-68.41538679875,
    35.080873221516));
#6670 = CARTESIAN_POINT('',(19.537003922185,-68.31240668002,
    35.068829649947));
#6671 = CARTESIAN_POINT('',(19.584266731,-68.16324472403,35.053082118476
    ));
#6672 = CARTESIAN_POINT('',(19.598068110852,-68.11863857523,
    35.04858152189));
#6673 = CARTESIAN_POINT('',(19.611613444688,-68.07363718641,
    35.044253274731));
#6674 = CARTESIAN_POINT('',(19.624864825356,-68.028175394,
    35.040097192088));
#6675 = CARTESIAN_POINT('',(19.637770422544,-67.98216348203,
    35.036113310368));
#6676 = CARTESIAN_POINT('',(19.650263872153,-67.93548608028,
    35.032301887504));
#6677 = CARTESIAN_POINT('',(19.662252783224,-67.88798160272,
    35.028663572178));
#6678 = CARTESIAN_POINT('',(19.680063203926,-67.81153591976,
    35.023216854025));
#6679 = CARTESIAN_POINT('',(19.686330472157,-67.78333956589,
    35.021291027251));
#6680 = CARTESIAN_POINT('',(19.692349804891,-67.75472675702,
    35.019422826035));
#6681 = CARTESIAN_POINT('',(19.698085131507,-67.72563372359,
    35.017612655685));
#6682 = CARTESIAN_POINT('',(19.703486538324,-67.69597274723,
    35.015861167731));
#6683 = CARTESIAN_POINT('',(19.708490366653,-67.66563231994,
    35.014169249101));
#6684 = CARTESIAN_POINT('',(19.713008002077,-67.6344572131,
    35.012538192066));
#6685 = CARTESIAN_POINT('',(19.71907062048,-67.58395880525,
    35.010085757398));
#6686 = CARTESIAN_POINT('',(19.721053030549,-67.56539242137,
    35.009221343162));
#6687 = CARTESIAN_POINT('',(19.722802400045,-67.54642307421,
    35.008377503379));
#6688 = CARTESIAN_POINT('',(19.724285184278,-67.52699160878,
    35.007554747824));
#6689 = CARTESIAN_POINT('',(19.725453550138,-67.5070148501,
    35.006753861618));
#6690 = CARTESIAN_POINT('',(19.726246809251,-67.48638809292,
    35.005975872495));
#6691 = CARTESIAN_POINT('',(19.726580089683,-67.46496517651,
    35.005222230438));
#6692 = CARTESIAN_POINT('',(19.726145880132,-67.43050943079,
    35.004109009987));
#6693 = CARTESIAN_POINT('',(19.725820634331,-67.41824428843,
    35.003730140234));
#6694 = CARTESIAN_POINT('',(19.72529655636,-67.40563554093,
    35.003359342727));
#6695 = CARTESIAN_POINT('',(19.724545438085,-67.39263411936,
    35.002997089831));
#6696 = CARTESIAN_POINT('',(19.72352639614,-67.37917061728,
    35.002644124988));
#6697 = CARTESIAN_POINT('',(19.722187912333,-67.36515876389,
    35.002301419595));
#6698 = CARTESIAN_POINT('',(19.720458047912,-67.35047851621,
    35.001970338477));
#6699 = CARTESIAN_POINT('',(19.716962407836,-67.32636006833,
    35.001479696341));
#6700 = CARTESIAN_POINT('',(19.715566938877,-67.31755607735,
    35.001310337883));
#6701 = CARTESIAN_POINT('',(19.713989718522,-67.30844412801,
    35.001145687298));
#6702 = CARTESIAN_POINT('',(19.712204135011,-67.29897864119,
    35.000986215941));
#6703 = CARTESIAN_POINT('',(19.710169385811,-67.28909319373,
    35.000832752497));
#6704 = CARTESIAN_POINT('',(19.707835145729,-67.278708167,
    35.000686383366));
#6705 = CARTESIAN_POINT('',(19.705131440506,-67.26771374323,
    35.000548638635));
#6706 = CARTESIAN_POINT('',(19.699796211794,-67.24809380581,
    35.000339686503));
#6707 = CARTESIAN_POINT('',(19.697474993806,-67.24001358487,
    35.000262583836));
#6708 = CARTESIAN_POINT('',(19.694899304179,-67.23151960925,
    35.000191219263));
#6709 = CARTESIAN_POINT('',(19.691994619399,-67.22248261572,
    35.000126880393));
#6710 = CARTESIAN_POINT('',(19.68870582056,-67.21281900878,
    35.000070865587));
#6711 = CARTESIAN_POINT('',(19.684885419853,-67.20233377371,
    35.000027457843));
#6712 = CARTESIAN_POINT('',(19.680443674598,-67.19093604263,35.));
#6713 = CARTESIAN_POINT('',(19.67497662644,-67.17808641773,35.));
#6714 = ORIENTED_EDGE('',*,*,#6715,.T.);
#6715 = EDGE_CURVE('',#6597,#3283,#6716,.T.);
#6716 = B_SPLINE_CURVE_WITH_KNOTS('',6,(#6717,#6718,#6719,#6720,#6721,
    #6722,#6723,#6724,#6725,#6726,#6727,#6728,#6729,#6730,#6731,#6732,
    #6733),.UNSPECIFIED.,.F.,.F.,(7,5,5,7),(-9.000422918949,
    -5.47496049944E-02,146.55481105679,155.50048437074),.UNSPECIFIED.);
#6717 = CARTESIAN_POINT('',(7.25510524284,-59.84327509015,
    43.064011770456));
#6718 = CARTESIAN_POINT('',(7.965574084302,-61.15401862925,
    43.053811770456));
#6719 = CARTESIAN_POINT('',(8.676042925764,-62.46476216836,
    43.043611770456));
#6720 = CARTESIAN_POINT('',(9.386511767227,-63.77550570747,
    43.033411770456));
#6721 = CARTESIAN_POINT('',(10.096980608689,-65.08624924657,
    43.023211770456));
#6722 = CARTESIAN_POINT('',(10.807449450151,-66.39699278568,
    43.013011770456));
#6723 = CARTESIAN_POINT('',(23.161706417451,-89.18935404819,
    42.835645201069));
#6724 = CARTESIAN_POINT('',(34.805494543288,-110.6709717715,
    42.668478631682));
#6725 = CARTESIAN_POINT('',(46.449282669126,-132.1525894949,
    42.501312062296));
#6726 = CARTESIAN_POINT('',(58.093070794964,-153.6342072183,
    42.334145492908));
#6727 = CARTESIAN_POINT('',(69.736858920801,-175.1158249417,
    42.166978923522));
#6728 = CARTESIAN_POINT('',(82.091115888101,-197.9081862043,
    41.989612354135));
#6729 = CARTESIAN_POINT('',(82.801584729563,-199.2189297434,
    41.979412354135));
#6730 = CARTESIAN_POINT('',(83.512053571025,-200.5296732825,
    41.969212354135));
#6731 = CARTESIAN_POINT('',(84.222522412488,-201.8404168216,
    41.959012354135));
#6732 = CARTESIAN_POINT('',(84.93299125395,-203.1511603607,
    41.948812354135));
#6733 = CARTESIAN_POINT('',(85.643460095412,-204.4619038998,
    41.938612354135));
#6734 = ORIENTED_EDGE('',*,*,#3282,.F.);
#6735 = ( BOUNDED_SURFACE() B_SPLINE_SURFACE(2,6,(
    (#6736,#6737,#6738,#6739,#6740,#6741,#6742,#6743,#6744,#6745,#6746
      ,#6747,#6748,#6749,#6750,#6751,#6752)
    ,(#6753,#6754,#6755,#6756,#6757,#6758,#6759,#6760,#6761,#6762,#6763
      ,#6764,#6765,#6766,#6767,#6768,#6769)
    ,(#6770,#6771,#6772,#6773,#6774,#6775,#6776,#6777,#6778,#6779,#6780
      ,#6781,#6782,#6783,#6784,#6785,#6786
)),.UNSPECIFIED.,.F.,.F.,.F.) B_SPLINE_SURFACE_WITH_KNOTS((3,3),(7,5,5,7
    ),(0.,146.60956066178),(-9.000422918949,-5.47496049944E-02,
    146.55481105679,155.50048437074),.UNSPECIFIED.) 
GEOMETRIC_REPRESENTATION_ITEM() RATIONAL_B_SPLINE_SURFACE((
    (1.,1.,1.,1.,1.,1.,1.,1.,1.,1.,1.,1.,1.,1.,1.,1.,1.)
    ,(0.706990803572,0.706990803572,0.706990803572,0.706990803572
      ,0.706990803572,0.706990803572,0.706990803572,0.706990803572
      ,0.706990803572,0.706990803572,0.706990803572,0.706990803572
      ,0.706990803572,0.706990803572,0.706990803572,0.706990803572
      ,0.706990803572)
    ,(1.,1.,1.,1.,1.,1.,1.,1.,1.,1.,1.,1.,1.,1.,1.,1.,1.
))) REPRESENTATION_ITEM('') SURFACE() );
#6736 = CARTESIAN_POINT('',(14.264581955516,-55.98164027425,
    35.064199416322));
#6737 = CARTESIAN_POINT('',(14.975050796978,-57.29238381336,
    35.053999416322));
#6738 = CARTESIAN_POINT('',(15.68551963844,-58.60312735247,
    35.043799416322));
#6739 = CARTESIAN_POINT('',(16.395988479902,-59.91387089157,
    35.033599416322));
#6740 = CARTESIAN_POINT('',(17.106457321365,-61.22461443068,
    35.023399416322));
#6741 = CARTESIAN_POINT('',(17.816926162827,-62.53535796979,
    35.013199416322));
#6742 = CARTESIAN_POINT('',(30.171183130126,-85.3277192323,
    34.835832846935));
#6743 = CARTESIAN_POINT('',(41.814971255964,-106.8093369557,
    34.668666277548));
#6744 = CARTESIAN_POINT('',(53.458759381802,-128.2909546791,
    34.501499708161));
#6745 = CARTESIAN_POINT('',(65.10254750764,-149.7725724025,
    34.334333138774));
#6746 = CARTESIAN_POINT('',(76.746335633477,-171.2541901259,
    34.167166569387));
#6747 = CARTESIAN_POINT('',(89.100592600777,-194.0465513884,33.9898));
#6748 = CARTESIAN_POINT('',(89.811061442239,-195.3572949275,33.9796));
#6749 = CARTESIAN_POINT('',(90.521530283701,-196.6680384666,33.9694));
#6750 = CARTESIAN_POINT('',(91.231999125163,-197.9787820057,33.9592));
#6751 = CARTESIAN_POINT('',(91.942467966626,-199.2895255448,33.949));
#6752 = CARTESIAN_POINT('',(92.652936808088,-200.6002690839,33.9388));
#6753 = CARTESIAN_POINT('',(7.22901583376,-59.79514275499,
    35.061574558259));
#6754 = CARTESIAN_POINT('',(7.939484675222,-61.1058862941,
    35.051374558259));
#6755 = CARTESIAN_POINT('',(8.649953516684,-62.41662983321,
    35.041174558259));
#6756 = CARTESIAN_POINT('',(9.360422358146,-63.72737337232,
    35.030974558259));
#6757 = CARTESIAN_POINT('',(10.070891199608,-65.03811691142,
    35.020774558259));
#6758 = CARTESIAN_POINT('',(10.78136004107,-66.34886045053,
    35.010574558259));
#6759 = CARTESIAN_POINT('',(23.13561700837,-89.14122171304,
    34.833207988872));
#6760 = CARTESIAN_POINT('',(34.779405134208,-110.6228394364,
    34.666041419486));
#6761 = CARTESIAN_POINT('',(46.423193260045,-132.1044571598,
    34.498874850098));
#6762 = CARTESIAN_POINT('',(58.066981385883,-153.5860748832,
    34.331708280712));
#6763 = CARTESIAN_POINT('',(69.710769511721,-175.0676926066,
    34.164541711325));
#6764 = CARTESIAN_POINT('',(82.065026479021,-197.8600538691,
    33.987175141938));
#6765 = CARTESIAN_POINT('',(82.775495320483,-199.1707974082,
    33.976975141938));
#6766 = CARTESIAN_POINT('',(83.485964161945,-200.4815409473,
    33.966775141938));
#6767 = CARTESIAN_POINT('',(84.196433003407,-201.7922844864,
    33.956575141938));
#6768 = CARTESIAN_POINT('',(84.906901844869,-203.1030280255,
    33.946375141938));
#6769 = CARTESIAN_POINT('',(85.617370686331,-204.4137715646,
    33.936175141938));
#6770 = CARTESIAN_POINT('',(7.25510524284,-59.84327509015,
    43.064011770456));
#6771 = CARTESIAN_POINT('',(7.965574084302,-61.15401862925,
    43.053811770456));
#6772 = CARTESIAN_POINT('',(8.676042925764,-62.46476216836,
    43.043611770456));
#6773 = CARTESIAN_POINT('',(9.386511767227,-63.77550570747,
    43.033411770456));
#6774 = CARTESIAN_POINT('',(10.096980608689,-65.08624924657,
    43.023211770456));
#6775 = CARTESIAN_POINT('',(10.807449450151,-66.39699278568,
    43.013011770456));
#6776 = CARTESIAN_POINT('',(23.161706417451,-89.18935404819,
    42.835645201069));
#6777 = CARTESIAN_POINT('',(34.805494543288,-110.6709717715,
    42.668478631682));
#6778 = CARTESIAN_POINT('',(46.449282669126,-132.1525894949,
    42.501312062296));
#6779 = CARTESIAN_POINT('',(58.093070794964,-153.6342072183,
    42.334145492908));
#6780 = CARTESIAN_POINT('',(69.736858920801,-175.1158249417,
    42.166978923522));
#6781 = CARTESIAN_POINT('',(82.091115888101,-197.9081862043,
    41.989612354135));
#6782 = CARTESIAN_POINT('',(82.801584729563,-199.2189297434,
    41.979412354135));
#6783 = CARTESIAN_POINT('',(83.512053571025,-200.5296732825,
    41.969212354135));
#6784 = CARTESIAN_POINT('',(84.222522412488,-201.8404168216,
    41.959012354135));
#6785 = CARTESIAN_POINT('',(84.93299125395,-203.1511603607,
    41.948812354135));
#6786 = CARTESIAN_POINT('',(85.643460095412,-204.4619038998,
    41.938612354135));
#6787 = ADVANCED_FACE('',(#6788),#6820,.T.);
#6788 = FACE_BOUND('',#6789,.T.);
#6789 = EDGE_LOOP('',(#6790,#6791,#6813,#6819));
#6790 = ORIENTED_EDGE('',*,*,#2709,.T.);
#6791 = ORIENTED_EDGE('',*,*,#6792,.T.);
#6792 = EDGE_CURVE('',#2710,#6793,#6795,.T.);
#6793 = VERTEX_POINT('',#6794);
#6794 = CARTESIAN_POINT('',(-3.988183234314,212.,34.));
#6795 = B_SPLINE_CURVE_WITH_KNOTS('',6,(#6796,#6797,#6798,#6799,#6800,
    #6801,#6802,#6803,#6804,#6805,#6806,#6807,#6808,#6809,#6810,#6811,
    #6812),.UNSPECIFIED.,.F.,.F.,(7,5,5,7),(-9.000422918949,
    -5.474960499486E-02,146.55481105679,155.50048437074),.UNSPECIFIED.);
#6796 = CARTESIAN_POINT('',(-11.43757914856,56.626885217026,
    35.064199416322));
#6797 = CARTESIAN_POINT('',(-11.36617914856,58.116085217026,
    35.053999416322));
#6798 = CARTESIAN_POINT('',(-11.29477914856,59.605285217026,
    35.043799416322));
#6799 = CARTESIAN_POINT('',(-11.22337914856,61.094485217026,
    35.033599416322));
#6800 = CARTESIAN_POINT('',(-11.15197914856,62.583685217026,
    35.023399416322));
#6801 = CARTESIAN_POINT('',(-11.08057914856,64.072885217026,
    35.013199416322));
#6802 = CARTESIAN_POINT('',(-9.839013162857,89.968404347522,
    34.835832846935));
#6803 = CARTESIAN_POINT('',(-8.668847177149,114.37472347801,
    34.668666277548));
#6804 = CARTESIAN_POINT('',(-7.49868119144,138.78104260851,
    34.501499708161));
#6805 = CARTESIAN_POINT('',(-6.328515205731,163.187361739,
    34.334333138774));
#6806 = CARTESIAN_POINT('',(-5.158349220023,187.5936808695,
    34.167166569387));
#6807 = CARTESIAN_POINT('',(-3.916783234314,213.4892,33.9898));
#6808 = CARTESIAN_POINT('',(-3.845383234314,214.9784,33.9796));
#6809 = CARTESIAN_POINT('',(-3.773983234314,216.4676,33.9694));
#6810 = CARTESIAN_POINT('',(-3.702583234314,217.9568,33.9592));
#6811 = CARTESIAN_POINT('',(-3.631183234314,219.446,33.949));
#6812 = CARTESIAN_POINT('',(-3.559783234314,220.9352,33.9388));
#6813 = ORIENTED_EDGE('',*,*,#6814,.F.);
#6814 = EDGE_CURVE('',#6465,#6793,#6815,.T.);
#6815 = LINE('',#6816,#6817);
#6816 = CARTESIAN_POINT('',(12.,212.,34.));
#6817 = VECTOR('',#6818,1.);
#6818 = DIRECTION('',(-1.,0.,0.));
#6819 = ORIENTED_EDGE('',*,*,#6464,.F.);
#6820 = B_SPLINE_SURFACE_WITH_KNOTS('',1,1,(
    (#6821,#6822)
    ,(#6823,#6824
    )),.UNSPECIFIED.,.F.,.F.,.F.,(2,2),(2,2),(0.,38.),(0.,1.),
  .PIECEWISE_BEZIER_KNOTS.);
#6821 = CARTESIAN_POINT('',(19.,66.,35.));
#6822 = CARTESIAN_POINT('',(12.,212.,34.));
#6823 = CARTESIAN_POINT('',(-19.,66.,35.));
#6824 = CARTESIAN_POINT('',(-12.,212.,34.));
#6825 = ADVANCED_FACE('',(#6826),#6966,.T.);
#6826 = FACE_BOUND('',#6827,.F.);
#6827 = EDGE_LOOP('',(#6828,#6838,#6839,#6847,#6848,#6849));
#6828 = ORIENTED_EDGE('',*,*,#6829,.F.);
#6829 = EDGE_CURVE('',#3646,#6830,#6832,.T.);
#6830 = VERTEX_POINT('',#6831);
#6831 = CARTESIAN_POINT('',(-16.1772392692,-76.30371479929,
    42.935919218387));
#6832 = B_SPLINE_CURVE_WITH_KNOTS('',4,(#6833,#6834,#6835,#6836,#6837),
  .UNSPECIFIED.,.F.,.F.,(5,5),(0.,1.),.PIECEWISE_BEZIER_KNOTS.);
#6833 = CARTESIAN_POINT('',(-16.17736681748,-76.30395011303,43.));
#6834 = CARTESIAN_POINT('',(-16.17736681748,-76.30395011303,
    42.983979333685));
#6835 = CARTESIAN_POINT('',(-16.17734555853,-76.3039108924,
    42.967958818823));
#6836 = CARTESIAN_POINT('',(-16.17730304153,-76.30383245281,
    42.951938549135));
#6837 = CARTESIAN_POINT('',(-16.17723926681,-76.30371479488,
    42.935918618421));
#6838 = ORIENTED_EDGE('',*,*,#3645,.T.);
#6839 = ORIENTED_EDGE('',*,*,#6840,.F.);
#6840 = EDGE_CURVE('',#6597,#3648,#6841,.T.);
#6841 = B_SPLINE_CURVE_WITH_KNOTS('',4,(#6842,#6843,#6844,#6845,#6846),
  .UNSPECIFIED.,.F.,.F.,(5,5),(0.,1.),.PIECEWISE_BEZIER_KNOTS.);
#6842 = CARTESIAN_POINT('',(16.177239266819,-76.30371479488,
    42.935918618421));
#6843 = CARTESIAN_POINT('',(16.177303041534,-76.30383245281,
    42.951938549108));
#6844 = CARTESIAN_POINT('',(16.177345558535,-76.3039108924,
    42.96795881886));
#6845 = CARTESIAN_POINT('',(16.177366817487,-76.30395011303,
    42.983979333575));
#6846 = CARTESIAN_POINT('',(16.177366817487,-76.30395011303,43.));
#6847 = ORIENTED_EDGE('',*,*,#6596,.T.);
#6848 = ORIENTED_EDGE('',*,*,#2993,.F.);
#6849 = ORIENTED_EDGE('',*,*,#6850,.F.);
#6850 = EDGE_CURVE('',#6830,#2967,#6851,.T.);
#6851 = B_SPLINE_CURVE_WITH_KNOTS('',8,(#6852,#6853,#6854,#6855,#6856,
    #6857,#6858,#6859,#6860,#6861,#6862,#6863,#6864,#6865,#6866,#6867,
    #6868,#6869,#6870,#6871,#6872,#6873,#6874,#6875,#6876,#6877,#6878,
    #6879,#6880,#6881,#6882,#6883,#6884,#6885,#6886,#6887,#6888,#6889,
    #6890,#6891,#6892,#6893,#6894,#6895,#6896,#6897,#6898,#6899,#6900,
    #6901,#6902,#6903,#6904,#6905,#6906,#6907,#6908,#6909,#6910,#6911,
    #6912,#6913,#6914,#6915,#6916,#6917,#6918,#6919,#6920,#6921,#6922,
    #6923,#6924,#6925,#6926,#6927,#6928,#6929,#6930,#6931,#6932,#6933,
    #6934,#6935,#6936,#6937,#6938,#6939,#6940,#6941,#6942,#6943,#6944,
    #6945,#6946,#6947,#6948,#6949,#6950,#6951,#6952,#6953,#6954,#6955,
    #6956,#6957,#6958,#6959,#6960,#6961,#6962,#6963,#6964,#6965),
  .UNSPECIFIED.,.F.,.F.,(9,7,7,7,7,7,7,7,7,7,7,7,7,7,7,7,9),(0.,
    0.106991883795,0.214175378111,0.319846282916,0.422847325798,
    0.524497444279,0.626023471326,0.728515848074,0.832679324342,
    0.890287816522,0.946887875191,0.970772527995,0.984448479132,
    0.992164730063,0.996269955091,0.998520299417,1.),.UNSPECIFIED.);
#6852 = CARTESIAN_POINT('',(-16.1772392692,-76.30371479929,
    42.935919218387));
#6853 = CARTESIAN_POINT('',(-16.17666508399,-76.30265548534,
    42.791685044428));
#6854 = CARTESIAN_POINT('',(-16.17764118698,-76.29821930995,
    42.646242184919));
#6855 = CARTESIAN_POINT('',(-16.18021382467,-76.29030639173,
    42.499680448094));
#6856 = CARTESIAN_POINT('',(-16.18442747397,-76.27882000318,
    42.352097051157));
#6857 = CARTESIAN_POINT('',(-16.1903243881,-76.2636674484,
    42.203596420301));
#6858 = CARTESIAN_POINT('',(-16.19794414249,-76.24476094081,
    42.054289990714));
#6859 = CARTESIAN_POINT('',(-16.20732318072,-76.22201848086,
    41.904296006601));
#6860 = CARTESIAN_POINT('',(-16.22968554636,-76.16866325281,
    41.602913005562));
#6861 = CARTESIAN_POINT('',(-16.2426752909,-76.13803647563,
    41.451521951305));
#6862 = CARTESIAN_POINT('',(-16.25749665199,-76.10340863369,
    41.299691493146));
#6863 = CARTESIAN_POINT('',(-16.27417903252,-76.06471074819,
    41.147553603847));
#6864 = CARTESIAN_POINT('',(-16.29274777244,-76.02188145313,
    40.995246261698));
#6865 = CARTESIAN_POINT('',(-16.31322374105,-75.9748678184,
    40.842912818004));
#6866 = CARTESIAN_POINT('',(-16.33562292923,-75.92362617281,
    40.690701364576));
#6867 = CARTESIAN_POINT('',(-16.38394576167,-75.8134029516,
    40.388970999272));
#6868 = CARTESIAN_POINT('',(-16.40981520565,-75.75454080997,
    40.239444353897));
#6869 = CARTESIAN_POINT('',(-16.4375747177,-75.69150416737,
    40.090329854262));
#6870 = CARTESIAN_POINT('',(-16.46722961645,-75.62427027501,
    39.941776971593));
#6871 = CARTESIAN_POINT('',(-16.49877999903,-75.55282641976,
    39.793938020479));
#6872 = CARTESIAN_POINT('',(-16.53222054497,-75.47717037376,
    39.64696722017));
#6873 = CARTESIAN_POINT('',(-16.56754032011,-75.39731084393,
    39.501019755876));
#6874 = CARTESIAN_POINT('',(-16.64096540073,-75.23134841255,
    39.215139629437));
#6875 = CARTESIAN_POINT('',(-16.67897779058,-75.14545421573,
    39.075148105885));
#6876 = CARTESIAN_POINT('',(-16.71874435885,-75.05560371455,
    38.936419953731));
#6877 = CARTESIAN_POINT('',(-16.76024447615,-74.96182557161,
    38.799098745938));
#6878 = CARTESIAN_POINT('',(-16.80345234269,-74.8641586604,
    38.663326997606));
#6879 = CARTESIAN_POINT('',(-16.84833705604,-74.76265199681,
    38.529245219468));
#6880 = CARTESIAN_POINT('',(-16.89486267881,-74.65736467082,
    38.396990971387));
#6881 = CARTESIAN_POINT('',(-16.99048273575,-74.44079647534,
    38.138113736877));
#6882 = CARTESIAN_POINT('',(-17.03953549328,-74.32961229746,
    38.01143959358));
#6883 = CARTESIAN_POINT('',(-17.09010736183,-74.21487941288,
    37.886804012096));
#6884 = CARTESIAN_POINT('',(-17.14215445559,-74.0966734416,
    37.764331700819));
#6885 = CARTESIAN_POINT('',(-17.19562848829,-73.97507889455,
    37.644142790048));
#6886 = CARTESIAN_POINT('',(-17.25047704129,-73.85018861281,
    37.526352071649));
#6887 = CARTESIAN_POINT('',(-17.30664383175,-73.72210320694,
    37.411068238707));
#6888 = CARTESIAN_POINT('',(-17.42142402682,-73.45991791728,
    37.185855562084));
#6889 = CARTESIAN_POINT('',(-17.48003438693,-73.32582554904,
    37.075920323915));
#6890 = CARTESIAN_POINT('',(-17.53984042417,-73.18876055786,
    36.96868901724));
#6891 = CARTESIAN_POINT('',(-17.60077901408,-73.04883727097,
    36.864256348819));
#6892 = CARTESIAN_POINT('',(-17.66278386112,-72.90617611609,
    36.762709694124));
#6893 = CARTESIAN_POINT('',(-17.72578581522,-72.76090256101,
    36.664128665856));
#6894 = CARTESIAN_POINT('',(-17.78971318823,-72.6131460532,
    36.56858468246));
#6895 = CARTESIAN_POINT('',(-17.91988753403,-72.3115031094,
    36.382816484699));
#6896 = CARTESIAN_POINT('',(-17.98615086436,-72.15757179896,
    36.292651554614));
#6897 = CARTESIAN_POINT('',(-18.05320575721,-72.00138063407,
    36.205710545359));
#6898 = CARTESIAN_POINT('',(-18.12097392161,-71.84306865764,
    36.122049280513));
#6899 = CARTESIAN_POINT('',(-18.18937492609,-71.68277620484,
    36.041714589537));
#6900 = CARTESIAN_POINT('',(-18.25832604493,-71.52064275827,
    35.964744289051));
#6901 = CARTESIAN_POINT('',(-18.32774210435,-71.35680480316,
    35.891167164115));
#6902 = CARTESIAN_POINT('',(-18.46846650539,-71.0232855962,
    35.749694733863));
#6903 = CARTESIAN_POINT('',(-18.5397869721,-70.85355219728,
    35.681911677115));
#6904 = CARTESIAN_POINT('',(-18.61140494263,-70.68233196212,
    35.617674583282));
#6905 = CARTESIAN_POINT('',(-18.68322340422,-70.50975359754,
    35.556994831782));
#6906 = CARTESIAN_POINT('',(-18.75514194703,-70.33593737655,
    35.49987456149));
#6907 = CARTESIAN_POINT('',(-18.82705391098,-70.16098821536,
    35.446307035735));
#6908 = CARTESIAN_POINT('',(-18.89883885005,-69.98498049203,
    35.396277188221));
#6909 = CARTESIAN_POINT('',(-19.00990033436,-69.71001788107,
    35.324036924843));
#6910 = CARTESIAN_POINT('',(-19.04936657092,-69.61178339875,
    35.299386655036));
#6911 = CARTESIAN_POINT('',(-19.08872432975,-69.51323473504,
    35.275807699976));
#6912 = CARTESIAN_POINT('',(-19.12794551066,-69.41436869399,
    35.253295526096));
#6913 = CARTESIAN_POINT('',(-19.16699873609,-69.31517546658,
    35.231844930921));
#6914 = CARTESIAN_POINT('',(-19.20584747398,-69.2156351877,
    35.211450098814));
#6915 = CARTESIAN_POINT('',(-19.24444615436,-69.11571089157,
    35.192104688291));
#6916 = CARTESIAN_POINT('',(-19.320352174,-68.91672186423,
    35.155819601962));
#6917 = CARTESIAN_POINT('',(-19.35766992605,-68.81767282837,
    35.138843828762));
#6918 = CARTESIAN_POINT('',(-19.39463082824,-68.7181298213,
    35.12286812478));
#6919 = CARTESIAN_POINT('',(-19.43115910396,-68.61799730507,
    35.107885762378));
#6920 = CARTESIAN_POINT('',(-19.46716666287,-68.51715718487,
    35.093889687305));
#6921 = CARTESIAN_POINT('',(-19.50250741285,-68.41538679875,
    35.080873221516));
#6922 = CARTESIAN_POINT('',(-19.53700392218,-68.31240668002,
    35.068829649947));
#6923 = CARTESIAN_POINT('',(-19.584266731,-68.16324472403,
    35.053082118476));
#6924 = CARTESIAN_POINT('',(-19.59806811085,-68.11863857523,
    35.04858152189));
#6925 = CARTESIAN_POINT('',(-19.61161344468,-68.07363718641,
    35.044253274731));
#6926 = CARTESIAN_POINT('',(-19.62486482535,-68.028175394,
    35.040097192089));
#6927 = CARTESIAN_POINT('',(-19.63777042254,-67.98216348203,
    35.036113310368));
#6928 = CARTESIAN_POINT('',(-19.65026387215,-67.93548608028,
    35.032301887504));
#6929 = CARTESIAN_POINT('',(-19.66225278322,-67.88798160272,
    35.028663572178));
#6930 = CARTESIAN_POINT('',(-19.68006320392,-67.81153591976,
    35.023216854025));
#6931 = CARTESIAN_POINT('',(-19.68633047215,-67.78333956589,
    35.021291027251));
#6932 = CARTESIAN_POINT('',(-19.69234980489,-67.75472675702,
    35.019422826035));
#6933 = CARTESIAN_POINT('',(-19.6980851315,-67.72563372359,
    35.017612655685));
#6934 = CARTESIAN_POINT('',(-19.70348653832,-67.69597274724,
    35.015861167731));
#6935 = CARTESIAN_POINT('',(-19.70849036665,-67.66563231995,
    35.014169249101));
#6936 = CARTESIAN_POINT('',(-19.71300800207,-67.6344572131,
    35.012538192066));
#6937 = CARTESIAN_POINT('',(-19.71907062048,-67.58395880525,
    35.010085757398));
#6938 = CARTESIAN_POINT('',(-19.72105303054,-67.56539242137,
    35.009221343162));
#6939 = CARTESIAN_POINT('',(-19.72280240004,-67.54642307421,
    35.008377503379));
#6940 = CARTESIAN_POINT('',(-19.72428518427,-67.52699160878,
    35.007554747824));
#6941 = CARTESIAN_POINT('',(-19.72545355013,-67.5070148501,
    35.006753861618));
#6942 = CARTESIAN_POINT('',(-19.72624680925,-67.48638809292,
    35.005975872495));
#6943 = CARTESIAN_POINT('',(-19.72658008968,-67.46496517651,
    35.005222230438));
#6944 = CARTESIAN_POINT('',(-19.72614588013,-67.43050943079,
    35.004109009987));
#6945 = CARTESIAN_POINT('',(-19.72582063433,-67.41824428843,
    35.003730140234));
#6946 = CARTESIAN_POINT('',(-19.72529655636,-67.40563554093,
    35.003359342727));
#6947 = CARTESIAN_POINT('',(-19.72454543808,-67.39263411936,
    35.002997089831));
#6948 = CARTESIAN_POINT('',(-19.72352639614,-67.37917061729,
    35.002644124988));
#6949 = CARTESIAN_POINT('',(-19.72218791233,-67.36515876389,
    35.002301419595));
#6950 = CARTESIAN_POINT('',(-19.72045804791,-67.35047851621,
    35.001970338477));
#6951 = CARTESIAN_POINT('',(-19.71696240783,-67.32636006834,
    35.001479696341));
#6952 = CARTESIAN_POINT('',(-19.71556693887,-67.31755607735,
    35.001310337883));
#6953 = CARTESIAN_POINT('',(-19.71398971852,-67.30844412801,
    35.001145687298));
#6954 = CARTESIAN_POINT('',(-19.71220413501,-67.29897864119,
    35.000986215941));
#6955 = CARTESIAN_POINT('',(-19.71016938581,-67.28909319373,
    35.000832752497));
#6956 = CARTESIAN_POINT('',(-19.70783514573,-67.278708167,
    35.000686383366));
#6957 = CARTESIAN_POINT('',(-19.7051314405,-67.26771374323,
    35.000548638635));
#6958 = CARTESIAN_POINT('',(-19.69979621179,-67.24809380582,
    35.000339686503));
#6959 = CARTESIAN_POINT('',(-19.6974749938,-67.24001358487,
    35.000262583836));
#6960 = CARTESIAN_POINT('',(-19.69489930418,-67.23151960925,
    35.000191219263));
#6961 = CARTESIAN_POINT('',(-19.69199461939,-67.22248261572,
    35.000126880393));
#6962 = CARTESIAN_POINT('',(-19.68870582056,-67.21281900878,
    35.000070865587));
#6963 = CARTESIAN_POINT('',(-19.68488541985,-67.20233377371,
    35.000027457843));
#6964 = CARTESIAN_POINT('',(-19.68044367459,-67.19093604263,35.));
#6965 = CARTESIAN_POINT('',(-19.67497662644,-67.17808641773,35.));
#6966 = TOROIDAL_SURFACE('',#6967,70.,8.);
#6967 = AXIS2_PLACEMENT_3D('',#6968,#6969,#6970);
#6968 = CARTESIAN_POINT('',(0.,0.,43.));
#6969 = DIRECTION('',(-0.,-0.,-1.));
#6970 = DIRECTION('',(1.,0.,-0.));
#6971 = ADVANCED_FACE('',(#6972),#7146,.T.);
#6972 = FACE_BOUND('',#6973,.T.);
#6973 = EDGE_LOOP('',(#6974,#6975,#6976,#7095,#7117));
#6974 = ORIENTED_EDGE('',*,*,#6792,.F.);
#6975 = ORIENTED_EDGE('',*,*,#2717,.F.);
#6976 = ORIENTED_EDGE('',*,*,#6977,.F.);
#6977 = EDGE_CURVE('',#6978,#2718,#6980,.T.);
#6978 = VERTEX_POINT('',#6979);
#6979 = CARTESIAN_POINT('',(-18.53175213551,75.766312602188,
    42.935919218387));
#6980 = B_SPLINE_CURVE_WITH_KNOTS('',8,(#6981,#6982,#6983,#6984,#6985,
    #6986,#6987,#6988,#6989,#6990,#6991,#6992,#6993,#6994,#6995,#6996,
    #6997,#6998,#6999,#7000,#7001,#7002,#7003,#7004,#7005,#7006,#7007,
    #7008,#7009,#7010,#7011,#7012,#7013,#7014,#7015,#7016,#7017,#7018,
    #7019,#7020,#7021,#7022,#7023,#7024,#7025,#7026,#7027,#7028,#7029,
    #7030,#7031,#7032,#7033,#7034,#7035,#7036,#7037,#7038,#7039,#7040,
    #7041,#7042,#7043,#7044,#7045,#7046,#7047,#7048,#7049,#7050,#7051,
    #7052,#7053,#7054,#7055,#7056,#7057,#7058,#7059,#7060,#7061,#7062,
    #7063,#7064,#7065,#7066,#7067,#7068,#7069,#7070,#7071,#7072,#7073,
    #7074,#7075,#7076,#7077,#7078,#7079,#7080,#7081,#7082,#7083,#7084,
    #7085,#7086,#7087,#7088,#7089,#7090,#7091,#7092,#7093,#7094),
  .UNSPECIFIED.,.F.,.F.,(9,7,7,7,7,7,7,7,7,7,7,7,7,7,7,7,9),(0.,
    0.106991883795,0.214175378111,0.319846282916,0.422847325799,
    0.52449744428,0.626023471326,0.728515848074,0.832679324342,
    0.890287816522,0.946887875191,0.970772527995,0.984448479132,
    0.992164730063,0.996269955091,0.998520299417,1.),.UNSPECIFIED.);
#6981 = CARTESIAN_POINT('',(-18.53175213551,75.766312602188,
    42.935919218387));
#6982 = CARTESIAN_POINT('',(-18.53180983941,75.765109063673,
    42.791685044428));
#6983 = CARTESIAN_POINT('',(-18.52900561664,75.76153572297,
    42.646242184919));
#6984 = CARTESIAN_POINT('',(-18.52325446363,75.755522655663,
    42.499680448094));
#6985 = CARTESIAN_POINT('',(-18.51447433958,75.747002011088,
    42.352097051157));
#6986 = CARTESIAN_POINT('',(-18.50258695641,75.735908606111,
    42.2035964203));
#6987 = CARTESIAN_POINT('',(-18.48751856871,75.722180518898,
    42.054289990714));
#6988 = CARTESIAN_POINT('',(-18.4692007637,75.705759682683,
    41.904296006601));
#6989 = CARTESIAN_POINT('',(-18.42590300259,75.667390950089,
    41.602913005561));
#6990 = CARTESIAN_POINT('',(-18.40091118656,75.645433216255,
    41.451521951304));
#6991 = CARTESIAN_POINT('',(-18.3725331441,75.620665356275,
    41.299691493145));
#6992 = CARTESIAN_POINT('',(-18.34071245534,75.593037979823,
    41.147553603847));
#6993 = CARTESIAN_POINT('',(-18.30539966407,75.56250679265,
    40.995246261697));
#6994 = CARTESIAN_POINT('',(-18.26655300219,75.529033161214,
    40.842912818003));
#6995 = CARTESIAN_POINT('',(-18.22413911419,75.492584677318,
    40.690701364575));
#6996 = CARTESIAN_POINT('',(-18.1327776832,75.414243477713,
    40.388970999271));
#6997 = CARTESIAN_POINT('',(-18.08393079344,75.372434851688,
    40.239444353896));
#6998 = CARTESIAN_POINT('',(-18.0315697631,75.327685200054,
    40.090329854261));
#6999 = CARTESIAN_POINT('',(-17.97567992993,75.279976334523,
    39.941776971592));
#7000 = CARTESIAN_POINT('',(-17.9162556904,75.229296843107,
    39.793938020479));
#7001 = CARTESIAN_POINT('',(-17.85330087146,75.175642410093,
    39.646967220169));
#7002 = CARTESIAN_POINT('',(-17.78682910223,75.119016136017,
    39.501019755875));
#7003 = CARTESIAN_POINT('',(-17.64866699019,75.001347100629,
    39.215139629436));
#7004 = CARTESIAN_POINT('',(-17.57715091505,74.940452061203,
    39.075148105884));
#7005 = CARTESIAN_POINT('',(-17.50233780364,74.876753624201,
    38.93641995373));
#7006 = CARTESIAN_POINT('',(-17.42425867864,74.810268662996,
    38.799098745937));
#7007 = CARTESIAN_POINT('',(-17.34295365141,74.741021007262,
    38.663326997605));
#7008 = CARTESIAN_POINT('',(-17.2584718313,74.669041410743,
    38.529245219467));
#7009 = CARTESIAN_POINT('',(-17.17087123493,74.594367519017,
    38.396990971386));
#7010 = CARTESIAN_POINT('',(-16.99075512206,74.440734304945,
    38.138113736877));
#7011 = CARTESIAN_POINT('',(-16.89831910781,74.361844015928,
    38.011439593579));
#7012 = CARTESIAN_POINT('',(-16.80297469569,74.280415570209,
    37.886804012095));
#7013 = CARTESIAN_POINT('',(-16.70479423574,74.196498057742,
    37.764331700818));
#7014 = CARTESIAN_POINT('',(-16.60385790031,74.110146669594,
    37.644142790047));
#7015 = CARTESIAN_POINT('',(-16.50025319919,74.021422309104,
    37.526352071648));
#7016 = CARTESIAN_POINT('',(-16.39407449475,73.930391203039,
    37.411068238707));
#7017 = CARTESIAN_POINT('',(-16.17690317852,73.743971679655,
    37.185855562083));
#7018 = CARTESIAN_POINT('',(-16.0659165706,73.648588712641,
    37.075920323914));
#7019 = CARTESIAN_POINT('',(-15.95256292206,73.551046289768,
    36.96868901724));
#7020 = CARTESIAN_POINT('',(-15.8369487108,73.451420027632,
    36.864256348819));
#7021 = CARTESIAN_POINT('',(-15.71918591864,73.349789663303,
    36.762709694123));
#7022 = CARTESIAN_POINT('',(-15.59939128611,73.246238236261,
    36.664128665856));
#7023 = CARTESIAN_POINT('',(-15.47768556713,73.140851270332,
    36.56858468246));
#7024 = CARTESIAN_POINT('',(-15.22952456584,72.925560900633,
    36.382816484699));
#7025 = CARTESIAN_POINT('',(-15.10303507559,72.815624163667,
    36.292651554613));
#7026 = CARTESIAN_POINT('',(-14.97485189804,72.703994814287,
    36.205710545358));
#7027 = CARTESIAN_POINT('',(-14.84510589941,72.590764156674,
    36.122049280513));
#7028 = CARTESIAN_POINT('',(-14.71393043506,72.47602373053,
    36.041714589536));
#7029 = CARTESIAN_POINT('',(-14.58146055755,72.359863311976,
    35.96474428905));
#7030 = CARTESIAN_POINT('',(-14.4478322245,72.242368914456,
    35.891167164114));
#7031 = CARTESIAN_POINT('',(-14.17633535963,72.002936521452,
    35.749694733863));
#7032 = CARTESIAN_POINT('',(-14.0384332777,71.880956803953,
    35.681911677114));
#7033 = CARTESIAN_POINT('',(-13.89961804003,71.757766575356,
    35.617674583282));
#7034 = CARTESIAN_POINT('',(-13.76003289589,71.633439704253,
    35.556994831782));
#7035 = CARTESIAN_POINT('',(-13.61982049591,71.508040986668,
    35.49987456149));
#7036 = CARTESIAN_POINT('',(-13.47912245894,71.38161867078,
    35.446307035734));
#7037 = CARTESIAN_POINT('',(-13.33807957455,71.254187509324,
    35.396277188221));
#7038 = CARTESIAN_POINT('',(-13.118714829,71.054642529092,
    35.324036924843));
#7039 = CARTESIAN_POINT('',(-13.04053463402,70.983260077058,
    35.299386655036));
#7040 = CARTESIAN_POINT('',(-12.96231585591,70.911547490652,
    35.275807699976));
#7041 = CARTESIAN_POINT('',(-12.88408242539,70.83948969819,
    35.253295526096));
#7042 = CARTESIAN_POINT('',(-12.80585835668,70.767064247864,
    35.231844930921));
#7043 = CARTESIAN_POINT('',(-12.72766794489,70.694237391145,
    35.211450098813));
#7044 = CARTESIAN_POINT('',(-12.64953620829,70.620956050954,
    35.192104688291));
#7045 = CARTESIAN_POINT('',(-12.49480914448,70.474607519887,
    35.155819601962));
#7046 = CARTESIAN_POINT('',(-12.41821124564,70.401558987981,
    35.138843828762));
#7047 = CARTESIAN_POINT('',(-12.34172053131,70.327910572027,
    35.122868124779));
#7048 = CARTESIAN_POINT('',(-12.26536382155,70.253543317119,
    35.107885762378));
#7049 = CARTESIAN_POINT('',(-12.18916924355,70.178312602454,
    35.093889687305));
#7050 = CARTESIAN_POINT('',(-12.1131718124,70.101954429638,
    35.080873221516));
#7051 = CARTESIAN_POINT('',(-12.03741013247,70.024140023105,
    35.068829649947));
#7052 = CARTESIAN_POINT('',(-11.93010886592,69.910256308689,
    35.053082118476));
#7053 = CARTESIAN_POINT('',(-11.89832036971,69.876055751601,
    35.04858152189));
#7054 = CARTESIAN_POINT('',(-11.86659107477,69.841388001355,
    35.044253274731));
#7055 = CARTESIAN_POINT('',(-11.83492686085,69.806177900302,
    35.040097192088));
#7056 = CARTESIAN_POINT('',(-11.80333549915,69.77032212883,
    35.036113310368));
#7057 = CARTESIAN_POINT('',(-11.7718267244,69.733687947655,
    35.032301887504));
#7058 = CARTESIAN_POINT('',(-11.74041366842,69.696089685845,
    35.028663572178));
#7059 = CARTESIAN_POINT('',(-11.69119849508,69.634942157343,
    35.023216854025));
#7060 = CARTESIAN_POINT('',(-11.67331794207,69.612257386093,
    35.021291027251));
#7061 = CARTESIAN_POINT('',(-11.65548007817,69.589089826669,
    35.019422826035));
#7062 = CARTESIAN_POINT('',(-11.63768973331,69.565366374232,
    35.017612655685));
#7063 = CARTESIAN_POINT('',(-11.6199538186,69.540986340534,
    35.015861167731));
#7064 = CARTESIAN_POINT('',(-11.60228130702,69.515821639851,
    35.014169249101));
#7065 = CARTESIAN_POINT('',(-11.58468468622,69.489693967682,
    35.012538192066));
#7066 = CARTESIAN_POINT('',(-11.55731201776,69.446826945872,
    35.010085757398));
#7067 = CARTESIAN_POINT('',(-11.54747027595,69.430959347501,
    35.009221343162));
#7068 = CARTESIAN_POINT('',(-11.53766365722,69.414627579238,
    35.008377503379));
#7069 = CARTESIAN_POINT('',(-11.52789671791,69.397763789796,
    35.007554747824));
#7070 = CARTESIAN_POINT('',(-11.5181764659,69.380272287097,
    35.006753861618));
#7071 = CARTESIAN_POINT('',(-11.5085121496,69.362032403259,
    35.005975872496));
#7072 = CARTESIAN_POINT('',(-11.49891681923,69.342875627475,
    35.005222230438));
#7073 = CARTESIAN_POINT('',(-11.48435824073,69.311643676795,
    35.004109009987));
#7074 = CARTESIAN_POINT('',(-11.47932963124,69.30045204651,
    35.003730140234));
#7075 = CARTESIAN_POINT('',(-11.47433107867,69.288864568632,
    35.003359342727));
#7076 = CARTESIAN_POINT('',(-11.46936670745,69.276824794557,
    35.002997089831));
#7077 = CARTESIAN_POINT('',(-11.46444323789,69.264252452605,
    35.002644124989));
#7078 = CARTESIAN_POINT('',(-11.45956965479,69.251047462556,
    35.002301419595));
#7079 = CARTESIAN_POINT('',(-11.45475868802,69.237070456376,
    35.001970338477));
#7080 = CARTESIAN_POINT('',(-11.44744354856,69.213823784314,
    35.001479696341));
#7081 = CARTESIAN_POINT('',(-11.44488091412,69.205286191237,
    35.001310337883));
#7082 = CARTESIAN_POINT('',(-11.44234841391,69.196392278291,
    35.001145687298));
#7083 = CARTESIAN_POINT('',(-11.43985024825,69.187089433697,
    35.000986215941));
#7084 = CARTESIAN_POINT('',(-11.43739435902,69.177300108696,
    35.000832752497));
#7085 = CARTESIAN_POINT('',(-11.43499154244,69.166930734105,
    35.000686383366));
#7086 = CARTESIAN_POINT('',(-11.43265719498,69.155852006836,
    35.000548638635));
#7087 = CARTESIAN_POINT('',(-11.42895129814,69.135860185052,
    35.000339686503));
#7088 = CARTESIAN_POINT('',(-11.42753676681,69.127573018793,
    35.000262583836));
#7089 = CARTESIAN_POINT('',(-11.42617198507,69.118802661351,
    35.000191219263));
#7090 = CARTESIAN_POINT('',(-11.42486801109,69.10940031603,
    35.000126880393));
#7091 = CARTESIAN_POINT('',(-11.42363823454,69.099266750687,
    35.000070865587));
#7092 = CARTESIAN_POINT('',(-11.42253092365,69.088162270573,
    35.000027457843));
#7093 = CARTESIAN_POINT('',(-11.42158750766,69.07596606866,35.));
#7094 = CARTESIAN_POINT('',(-11.42093790456,69.06201689337,35.));
#7095 = ORIENTED_EDGE('',*,*,#7096,.T.);
#7096 = EDGE_CURVE('',#6978,#7097,#7099,.T.);
#7097 = VERTEX_POINT('',#7098);
#7098 = CARTESIAN_POINT('',(-12.,212.,42.002811770456));
#7099 = B_SPLINE_CURVE_WITH_KNOTS('',6,(#7100,#7101,#7102,#7103,#7104,
    #7105,#7106,#7107,#7108,#7109,#7110,#7111,#7112,#7113,#7114,#7115,
    #7116),.UNSPECIFIED.,.F.,.F.,(7,5,5,7),(-9.000422918949,
    -5.474960499486E-02,146.55481105679,155.50048437074),.UNSPECIFIED.);
#7100 = CARTESIAN_POINT('',(-19.4284,57.0648,43.064011770456));
#7101 = CARTESIAN_POINT('',(-19.357,58.554,43.053811770456));
#7102 = CARTESIAN_POINT('',(-19.2856,60.0432,43.043611770456));
#7103 = CARTESIAN_POINT('',(-19.2142,61.5324,43.033411770456));
#7104 = CARTESIAN_POINT('',(-19.1428,63.0216,43.023211770456));
#7105 = CARTESIAN_POINT('',(-19.0714,64.5108,43.013011770456));
#7106 = CARTESIAN_POINT('',(-17.82983401429,90.406319130496,
    42.835645201069));
#7107 = CARTESIAN_POINT('',(-16.65966802858,114.81263826099,
    42.668478631682));
#7108 = CARTESIAN_POINT('',(-15.48950204287,139.21895739148,
    42.501312062295));
#7109 = CARTESIAN_POINT('',(-14.31933605716,163.62527652198,
    42.334145492909));
#7110 = CARTESIAN_POINT('',(-13.14917007145,188.03159565247,
    42.166978923522));
#7111 = CARTESIAN_POINT('',(-11.90760408574,213.92711478297,
    41.989612354135));
#7112 = CARTESIAN_POINT('',(-11.83620408574,215.41631478297,
    41.979412354135));
#7113 = CARTESIAN_POINT('',(-11.76480408574,216.90551478297,
    41.969212354135));
#7114 = CARTESIAN_POINT('',(-11.69340408574,218.39471478297,
    41.959012354135));
#7115 = CARTESIAN_POINT('',(-11.62200408574,219.88391478297,
    41.948812354135));
#7116 = CARTESIAN_POINT('',(-11.55060408574,221.37311478297,
    41.938612354135));
#7117 = ORIENTED_EDGE('',*,*,#7118,.F.);
#7118 = EDGE_CURVE('',#6793,#7097,#7119,.T.);
#7119 = B_SPLINE_CURVE_WITH_KNOTS('',7,(#7120,#7121,#7122,#7123,#7124,
    #7125,#7126,#7127,#7128,#7129,#7130,#7131,#7132,#7133,#7134,#7135,
    #7136,#7137,#7138,#7139,#7140,#7141,#7142,#7143,#7144,#7145),
  .UNSPECIFIED.,.F.,.F.,(8,6,6,6,8),(0.,0.249928743901,0.500002573609,
    0.75007469467,1.),.UNSPECIFIED.);
#7120 = CARTESIAN_POINT('',(-3.988183234314,212.,34.));
#7121 = CARTESIAN_POINT('',(-4.392940657055,212.,34.));
#7122 = CARTESIAN_POINT('',(-4.80753495304,212.,34.023838195587));
#7123 = CARTESIAN_POINT('',(-5.229863142823,212.,34.073594322343));
#7124 = CARTESIAN_POINT('',(-5.657304085528,212.,34.15114205148));
#7125 = CARTESIAN_POINT('',(-6.086712521931,212.,34.257934940985));
#7126 = CARTESIAN_POINT('',(-6.514534371423,212.,34.394825659662));
#7127 = CARTESIAN_POINT('',(-7.359797464367,212.,34.729108307306));
#7128 = CARTESIAN_POINT('',(-7.777233876004,212.,34.926536733978));
#7129 = CARTESIAN_POINT('',(-8.1856180499,212.,35.154311976593));
#7130 = CARTESIAN_POINT('',(-8.581044866895,212.,35.411810777754));
#7131 = CARTESIAN_POINT('',(-8.959665271719,212.,35.697561774274));
#7132 = CARTESIAN_POINT('',(-9.318018188417,212.,36.009289745988));
#7133 = CARTESIAN_POINT('',(-9.988447105768,212.,36.678965131902));
#7134 = CARTESIAN_POINT('',(-10.30052471995,212.,37.036913526273));
#7135 = CARTESIAN_POINT('',(-10.58659713229,212.,37.415107423287));
#7136 = CARTESIAN_POINT('',(-10.84438627539,212.,37.810089797598));
#7137 = CARTESIAN_POINT('',(-11.07241878253,212.,38.218015913716));
#7138 = CARTESIAN_POINT('',(-11.27007039909,212.,38.634984884271));
#7139 = CARTESIAN_POINT('',(-11.60472983988,212.,39.479299588322));
#7140 = CARTESIAN_POINT('',(-11.74177463007,212.,39.906640440957));
#7141 = CARTESIAN_POINT('',(-11.8486878049,212.,40.335566432024));
#7142 = CARTESIAN_POINT('',(-11.92632287386,212.,40.762527272486));
#7143 = CARTESIAN_POINT('',(-11.9761350009,212.,41.184381054574));
#7144 = CARTESIAN_POINT('',(-12.,212.,41.598509451841));
#7145 = CARTESIAN_POINT('',(-12.,212.,42.002811770456));
#7146 = ( BOUNDED_SURFACE() B_SPLINE_SURFACE(2,6,(
    (#7147,#7148,#7149,#7150,#7151,#7152,#7153,#7154,#7155,#7156,#7157
      ,#7158,#7159,#7160,#7161,#7162,#7163)
    ,(#7164,#7165,#7166,#7167,#7168,#7169,#7170,#7171,#7172,#7173,#7174
      ,#7175,#7176,#7177,#7178,#7179,#7180)
    ,(#7181,#7182,#7183,#7184,#7185,#7186,#7187,#7188,#7189,#7190,#7191
      ,#7192,#7193,#7194,#7195,#7196,#7197
)),.UNSPECIFIED.,.F.,.F.,.F.) B_SPLINE_SURFACE_WITH_KNOTS((3,3),(7,5,5,7
    ),(0.,146.60956066178),(-9.000422918949,-5.474960499486E-02,
    146.55481105679,155.50048437074),.UNSPECIFIED.) 
GEOMETRIC_REPRESENTATION_ITEM() RATIONAL_B_SPLINE_SURFACE((
    (1.,1.,1.,1.,1.,1.,1.,1.,1.,1.,1.,1.,1.,1.,1.,1.,1.)
    ,(0.706990803572,0.706990803572,0.706990803572,0.706990803572
      ,0.706990803572,0.706990803572,0.706990803572,0.706990803572
      ,0.706990803572,0.706990803572,0.706990803572,0.706990803572
      ,0.706990803572,0.706990803572,0.706990803572,0.706990803572
      ,0.706990803572)
    ,(1.,1.,1.,1.,1.,1.,1.,1.,1.,1.,1.,1.,1.,1.,1.,1.,1.
))) REPRESENTATION_ITEM('') SURFACE() );
#7147 = CARTESIAN_POINT('',(-11.43757914856,56.626885217026,
    35.064199416322));
#7148 = CARTESIAN_POINT('',(-11.36617914856,58.116085217026,
    35.053999416322));
#7149 = CARTESIAN_POINT('',(-11.29477914856,59.605285217026,
    35.043799416322));
#7150 = CARTESIAN_POINT('',(-11.22337914856,61.094485217026,
    35.033599416322));
#7151 = CARTESIAN_POINT('',(-11.15197914856,62.583685217026,
    35.023399416322));
#7152 = CARTESIAN_POINT('',(-11.08057914856,64.072885217026,
    35.013199416322));
#7153 = CARTESIAN_POINT('',(-9.839013162857,89.968404347522,
    34.835832846935));
#7154 = CARTESIAN_POINT('',(-8.668847177149,114.37472347801,
    34.668666277548));
#7155 = CARTESIAN_POINT('',(-7.49868119144,138.78104260851,
    34.501499708161));
#7156 = CARTESIAN_POINT('',(-6.328515205731,163.187361739,
    34.334333138774));
#7157 = CARTESIAN_POINT('',(-5.158349220023,187.5936808695,
    34.167166569387));
#7158 = CARTESIAN_POINT('',(-3.916783234314,213.4892,33.9898));
#7159 = CARTESIAN_POINT('',(-3.845383234314,214.9784,33.9796));
#7160 = CARTESIAN_POINT('',(-3.773983234314,216.4676,33.9694));
#7161 = CARTESIAN_POINT('',(-3.702583234314,217.9568,33.9592));
#7162 = CARTESIAN_POINT('',(-3.631183234314,219.446,33.949));
#7163 = CARTESIAN_POINT('',(-3.559783234314,220.9352,33.9388));
#7164 = CARTESIAN_POINT('',(-19.43102190781,57.010114494127,
    35.061574558259));
#7165 = CARTESIAN_POINT('',(-19.35962190781,58.499314494127,
    35.051374558259));
#7166 = CARTESIAN_POINT('',(-19.28822190781,59.988514494127,
    35.041174558259));
#7167 = CARTESIAN_POINT('',(-19.21682190781,61.477714494127,
    35.030974558259));
#7168 = CARTESIAN_POINT('',(-19.14542190781,62.966914494127,
    35.020774558259));
#7169 = CARTESIAN_POINT('',(-19.07402190781,64.456114494127,
    35.010574558259));
#7170 = CARTESIAN_POINT('',(-17.8324559221,90.351633624622,
    34.833207988872));
#7171 = CARTESIAN_POINT('',(-16.66228993639,114.75795275511,
    34.666041419486));
#7172 = CARTESIAN_POINT('',(-15.49212395069,139.16427188561,
    34.498874850098));
#7173 = CARTESIAN_POINT('',(-14.32195796498,163.57059101611,
    34.331708280712));
#7174 = CARTESIAN_POINT('',(-13.15179197927,187.9769101466,
    34.164541711325));
#7175 = CARTESIAN_POINT('',(-11.91022599356,213.8724292771,
    33.987175141938));
#7176 = CARTESIAN_POINT('',(-11.83882599356,215.3616292771,
    33.976975141938));
#7177 = CARTESIAN_POINT('',(-11.76742599356,216.8508292771,
    33.966775141938));
#7178 = CARTESIAN_POINT('',(-11.69602599356,218.3400292771,
    33.956575141938));
#7179 = CARTESIAN_POINT('',(-11.62462599356,219.8292292771,
    33.946375141938));
#7180 = CARTESIAN_POINT('',(-11.55322599356,221.3184292771,
    33.936175141938));
#7181 = CARTESIAN_POINT('',(-19.4284,57.0648,43.064011770456));
#7182 = CARTESIAN_POINT('',(-19.357,58.554,43.053811770456));
#7183 = CARTESIAN_POINT('',(-19.2856,60.0432,43.043611770456));
#7184 = CARTESIAN_POINT('',(-19.2142,61.5324,43.033411770456));
#7185 = CARTESIAN_POINT('',(-19.1428,63.0216,43.023211770456));
#7186 = CARTESIAN_POINT('',(-19.0714,64.5108,43.013011770456));
#7187 = CARTESIAN_POINT('',(-17.82983401429,90.406319130496,
    42.835645201069));
#7188 = CARTESIAN_POINT('',(-16.65966802858,114.81263826099,
    42.668478631682));
#7189 = CARTESIAN_POINT('',(-15.48950204287,139.21895739148,
    42.501312062295));
#7190 = CARTESIAN_POINT('',(-14.31933605716,163.62527652198,
    42.334145492909));
#7191 = CARTESIAN_POINT('',(-13.14917007145,188.03159565247,
    42.166978923522));
#7192 = CARTESIAN_POINT('',(-11.90760408574,213.92711478297,
    41.989612354135));
#7193 = CARTESIAN_POINT('',(-11.83620408574,215.41631478297,
    41.979412354135));
#7194 = CARTESIAN_POINT('',(-11.76480408574,216.90551478297,
    41.969212354135));
#7195 = CARTESIAN_POINT('',(-11.69340408574,218.39471478297,
    41.959012354135));
#7196 = CARTESIAN_POINT('',(-11.62200408574,219.88391478297,
    41.948812354135));
#7197 = CARTESIAN_POINT('',(-11.55060408574,221.37311478297,
    41.938612354135));
#7198 = ADVANCED_FACE('',(#7199),#7276,.T.);
#7199 = FACE_BOUND('',#7200,.T.);
#7200 = EDGE_LOOP('',(#7201,#7223,#7224,#7225,#7247));
#7201 = ORIENTED_EDGE('',*,*,#7202,.F.);
#7202 = EDGE_CURVE('',#2959,#7203,#7205,.T.);
#7203 = VERTEX_POINT('',#7204);
#7204 = CARTESIAN_POINT('',(-88.39012375931,-192.7358078493,34.));
#7205 = B_SPLINE_CURVE_WITH_KNOTS('',6,(#7206,#7207,#7208,#7209,#7210,
    #7211,#7212,#7213,#7214,#7215,#7216,#7217,#7218,#7219,#7220,#7221,
    #7222),.UNSPECIFIED.,.F.,.F.,(7,5,5,7),(-9.000422918949,
    -5.474960499457E-02,146.55481105679,155.50048437074),.UNSPECIFIED.);
#7206 = CARTESIAN_POINT('',(-14.26458195551,-55.98164027425,
    35.064199416322));
#7207 = CARTESIAN_POINT('',(-14.97505079697,-57.29238381336,
    35.053999416322));
#7208 = CARTESIAN_POINT('',(-15.68551963844,-58.60312735247,
    35.043799416322));
#7209 = CARTESIAN_POINT('',(-16.3959884799,-59.91387089157,
    35.033599416322));
#7210 = CARTESIAN_POINT('',(-17.10645732136,-61.22461443068,
    35.023399416322));
#7211 = CARTESIAN_POINT('',(-17.81692616282,-62.53535796979,
    35.013199416322));
#7212 = CARTESIAN_POINT('',(-30.17118313012,-85.3277192323,
    34.835832846935));
#7213 = CARTESIAN_POINT('',(-41.81497125596,-106.8093369557,
    34.668666277548));
#7214 = CARTESIAN_POINT('',(-53.4587593818,-128.2909546791,
    34.501499708161));
#7215 = CARTESIAN_POINT('',(-65.10254750764,-149.7725724025,
    34.334333138774));
#7216 = CARTESIAN_POINT('',(-76.74633563347,-171.2541901259,
    34.167166569387));
#7217 = CARTESIAN_POINT('',(-89.10059260077,-194.0465513884,33.9898));
#7218 = CARTESIAN_POINT('',(-89.81106144223,-195.3572949275,33.9796));
#7219 = CARTESIAN_POINT('',(-90.5215302837,-196.6680384666,33.9694));
#7220 = CARTESIAN_POINT('',(-91.23199912516,-197.9787820057,33.9592));
#7221 = CARTESIAN_POINT('',(-91.94246796662,-199.2895255448,33.949));
#7222 = CARTESIAN_POINT('',(-92.65293680808,-200.6002690839,33.9388));
#7223 = ORIENTED_EDGE('',*,*,#2966,.F.);
#7224 = ORIENTED_EDGE('',*,*,#6850,.F.);
#7225 = ORIENTED_EDGE('',*,*,#7226,.T.);
#7226 = EDGE_CURVE('',#6830,#7227,#7229,.T.);
#7227 = VERTEX_POINT('',#7228);
#7228 = CARTESIAN_POINT('',(-81.17172627809,-196.2120048647,
    42.002811770456));
#7229 = B_SPLINE_CURVE_WITH_KNOTS('',6,(#7230,#7231,#7232,#7233,#7234,
    #7235,#7236,#7237,#7238,#7239,#7240,#7241,#7242,#7243,#7244,#7245,
    #7246),.UNSPECIFIED.,.F.,.F.,(7,5,5,7),(-9.000422918949,
    -5.474960499457E-02,146.55481105679,155.50048437074),.UNSPECIFIED.);
#7230 = CARTESIAN_POINT('',(-7.25510524284,-59.84327509015,
    43.064011770456));
#7231 = CARTESIAN_POINT('',(-7.965574084302,-61.15401862925,
    43.053811770456));
#7232 = CARTESIAN_POINT('',(-8.676042925765,-62.46476216836,
    43.043611770456));
#7233 = CARTESIAN_POINT('',(-9.386511767227,-63.77550570747,
    43.033411770456));
#7234 = CARTESIAN_POINT('',(-10.09698060868,-65.08624924657,
    43.023211770456));
#7235 = CARTESIAN_POINT('',(-10.80744945015,-66.39699278568,
    43.013011770456));
#7236 = CARTESIAN_POINT('',(-23.16170641745,-89.18935404819,
    42.835645201069));
#7237 = CARTESIAN_POINT('',(-34.80549454328,-110.6709717715,
    42.668478631683));
#7238 = CARTESIAN_POINT('',(-46.44928266912,-132.1525894949,
    42.501312062295));
#7239 = CARTESIAN_POINT('',(-58.09307079496,-153.6342072183,
    42.334145492909));
#7240 = CARTESIAN_POINT('',(-69.7368589208,-175.1158249417,
    42.166978923522));
#7241 = CARTESIAN_POINT('',(-82.0911158881,-197.9081862043,
    41.989612354135));
#7242 = CARTESIAN_POINT('',(-82.80158472956,-199.2189297434,
    41.979412354135));
#7243 = CARTESIAN_POINT('',(-83.51205357102,-200.5296732825,
    41.969212354135));
#7244 = CARTESIAN_POINT('',(-84.22252241248,-201.8404168216,
    41.959012354135));
#7245 = CARTESIAN_POINT('',(-84.93299125395,-203.1511603607,
    41.948812354135));
#7246 = CARTESIAN_POINT('',(-85.64346009541,-204.4619038998,
    41.938612354135));
#7247 = ORIENTED_EDGE('',*,*,#7248,.F.);
#7248 = EDGE_CURVE('',#7203,#7227,#7249,.T.);
#7249 = B_SPLINE_CURVE_WITH_KNOTS('',7,(#7250,#7251,#7252,#7253,#7254,
    #7255,#7256,#7257,#7258,#7259,#7260,#7261,#7262,#7263,#7264,#7265,
    #7266,#7267,#7268,#7269,#7270,#7271,#7272,#7273,#7274,#7275),
  .UNSPECIFIED.,.F.,.F.,(8,6,6,6,8),(0.,0.249928743902,0.500002573609,
    0.750074694671,1.),.UNSPECIFIED.);
#7250 = CARTESIAN_POINT('',(-88.39012375931,-192.7358078493,34.));
#7251 = CARTESIAN_POINT('',(-88.02544992237,-192.9114255133,34.));
#7252 = CARTESIAN_POINT('',(-87.65191336888,-193.0913112366,
    34.023838195587));
#7253 = CARTESIAN_POINT('',(-87.27140881784,-193.2745525707,
    34.073594322343));
#7254 = CARTESIAN_POINT('',(-86.8862978356,-193.4600122452,
    34.15114205148));
#7255 = CARTESIAN_POINT('',(-86.49941420279,-193.6463255832,
    34.257934940985));
#7256 = CARTESIAN_POINT('',(-86.11396003539,-193.8319505269,
    34.394825659662));
#7257 = CARTESIAN_POINT('',(-85.35240430346,-194.1986964382,
    34.729108307305));
#7258 = CARTESIAN_POINT('',(-84.97630709224,-194.3798153094,
    34.926536733981));
#7259 = CARTESIAN_POINT('',(-84.60836566543,-194.5570065617,
    35.154311976589));
#7260 = CARTESIAN_POINT('',(-84.25209841376,-194.7285758277,
    35.411810777759));
#7261 = CARTESIAN_POINT('',(-83.91097321628,-194.8928530646,
    35.697561774271));
#7262 = CARTESIAN_POINT('',(-83.5881083946,-195.048336568,
    36.009289745989));
#7263 = CARTESIAN_POINT('',(-82.98407281193,-195.3392247735,
    36.678965131902));
#7264 = CARTESIAN_POINT('',(-82.70290059718,-195.4746301756,
    37.036913526271));
#7265 = CARTESIAN_POINT('',(-82.4451582597,-195.5987523436,
    37.415107423291));
#7266 = CARTESIAN_POINT('',(-82.21289826728,-195.7106028609,
    37.810089797594));
#7267 = CARTESIAN_POINT('',(-82.00744807748,-195.8095424577,
    38.218015913719));
#7268 = CARTESIAN_POINT('',(-81.82937012427,-195.8953002801,
    38.63498488427));
#7269 = CARTESIAN_POINT('',(-81.52785238676,-196.0405035696,
    39.479299588321));
#7270 = CARTESIAN_POINT('',(-81.40437929729,-196.0999650756,
    39.906640440961));
#7271 = CARTESIAN_POINT('',(-81.3080538552,-196.1463529637,
    40.335566432022));
#7272 = CARTESIAN_POINT('',(-81.23810707501,-196.1800375577,
    40.762527272484));
#7273 = CARTESIAN_POINT('',(-81.19322789931,-196.2016502296,
    41.184381054577));
#7274 = CARTESIAN_POINT('',(-81.17172627809,-196.2120048647,
    41.598509451839));
#7275 = CARTESIAN_POINT('',(-81.17172627809,-196.2120048647,
    42.002811770456));
#7276 = ( BOUNDED_SURFACE() B_SPLINE_SURFACE(2,6,(
    (#7277,#7278,#7279,#7280,#7281,#7282,#7283,#7284,#7285,#7286,#7287
      ,#7288,#7289,#7290,#7291,#7292,#7293)
    ,(#7294,#7295,#7296,#7297,#7298,#7299,#7300,#7301,#7302,#7303,#7304
      ,#7305,#7306,#7307,#7308,#7309,#7310)
    ,(#7311,#7312,#7313,#7314,#7315,#7316,#7317,#7318,#7319,#7320,#7321
      ,#7322,#7323,#7324,#7325,#7326,#7327
)),.UNSPECIFIED.,.F.,.F.,.F.) B_SPLINE_SURFACE_WITH_KNOTS((3,3),(7,5,5,7
    ),(0.,146.60956066178),(-9.000422918949,-5.474960499457E-02,
    146.55481105679,155.50048437074),.UNSPECIFIED.) 
GEOMETRIC_REPRESENTATION_ITEM() RATIONAL_B_SPLINE_SURFACE((
    (1.,1.,1.,1.,1.,1.,1.,1.,1.,1.,1.,1.,1.,1.,1.,1.,1.)
    ,(0.706990803572,0.706990803572,0.706990803572,0.706990803572
      ,0.706990803572,0.706990803572,0.706990803572,0.706990803572
      ,0.706990803572,0.706990803572,0.706990803572,0.706990803572
      ,0.706990803572,0.706990803572,0.706990803572,0.706990803572
      ,0.706990803572)
    ,(1.,1.,1.,1.,1.,1.,1.,1.,1.,1.,1.,1.,1.,1.,1.,1.,1.
))) REPRESENTATION_ITEM('') SURFACE() );
#7277 = CARTESIAN_POINT('',(-14.26458195551,-55.98164027425,
    35.064199416322));
#7278 = CARTESIAN_POINT('',(-14.97505079697,-57.29238381336,
    35.053999416322));
#7279 = CARTESIAN_POINT('',(-15.68551963844,-58.60312735247,
    35.043799416322));
#7280 = CARTESIAN_POINT('',(-16.3959884799,-59.91387089157,
    35.033599416322));
#7281 = CARTESIAN_POINT('',(-17.10645732136,-61.22461443068,
    35.023399416322));
#7282 = CARTESIAN_POINT('',(-17.81692616282,-62.53535796979,
    35.013199416322));
#7283 = CARTESIAN_POINT('',(-30.17118313012,-85.3277192323,
    34.835832846935));
#7284 = CARTESIAN_POINT('',(-41.81497125596,-106.8093369557,
    34.668666277548));
#7285 = CARTESIAN_POINT('',(-53.4587593818,-128.2909546791,
    34.501499708161));
#7286 = CARTESIAN_POINT('',(-65.10254750764,-149.7725724025,
    34.334333138774));
#7287 = CARTESIAN_POINT('',(-76.74633563347,-171.2541901259,
    34.167166569387));
#7288 = CARTESIAN_POINT('',(-89.10059260077,-194.0465513884,33.9898));
#7289 = CARTESIAN_POINT('',(-89.81106144223,-195.3572949275,33.9796));
#7290 = CARTESIAN_POINT('',(-90.5215302837,-196.6680384666,33.9694));
#7291 = CARTESIAN_POINT('',(-91.23199912516,-197.9787820057,33.9592));
#7292 = CARTESIAN_POINT('',(-91.94246796662,-199.2895255448,33.949));
#7293 = CARTESIAN_POINT('',(-92.65293680808,-200.6002690839,33.9388));
#7294 = CARTESIAN_POINT('',(-7.22901583376,-59.79514275499,
    35.061574558259));
#7295 = CARTESIAN_POINT('',(-7.939484675222,-61.1058862941,
    35.051374558259));
#7296 = CARTESIAN_POINT('',(-8.649953516684,-62.41662983321,
    35.041174558259));
#7297 = CARTESIAN_POINT('',(-9.360422358146,-63.72737337232,
    35.030974558259));
#7298 = CARTESIAN_POINT('',(-10.0708911996,-65.03811691142,
    35.020774558259));
#7299 = CARTESIAN_POINT('',(-10.78136004107,-66.34886045053,
    35.010574558259));
#7300 = CARTESIAN_POINT('',(-23.13561700837,-89.14122171304,
    34.833207988872));
#7301 = CARTESIAN_POINT('',(-34.7794051342,-110.6228394364,
    34.666041419486));
#7302 = CARTESIAN_POINT('',(-46.42319326004,-132.1044571598,
    34.498874850098));
#7303 = CARTESIAN_POINT('',(-58.06698138588,-153.5860748832,
    34.331708280712));
#7304 = CARTESIAN_POINT('',(-69.71076951172,-175.0676926066,
    34.164541711325));
#7305 = CARTESIAN_POINT('',(-82.06502647902,-197.8600538691,
    33.987175141938));
#7306 = CARTESIAN_POINT('',(-82.77549532048,-199.1707974082,
    33.976975141938));
#7307 = CARTESIAN_POINT('',(-83.48596416194,-200.4815409473,
    33.966775141938));
#7308 = CARTESIAN_POINT('',(-84.1964330034,-201.7922844864,
    33.956575141938));
#7309 = CARTESIAN_POINT('',(-84.90690184486,-203.1030280255,
    33.946375141938));
#7310 = CARTESIAN_POINT('',(-85.61737068633,-204.4137715646,
    33.936175141938));
#7311 = CARTESIAN_POINT('',(-7.25510524284,-59.84327509015,
    43.064011770456));
#7312 = CARTESIAN_POINT('',(-7.965574084302,-61.15401862925,
    43.053811770456));
#7313 = CARTESIAN_POINT('',(-8.676042925765,-62.46476216836,
    43.043611770456));
#7314 = CARTESIAN_POINT('',(-9.386511767227,-63.77550570747,
    43.033411770456));
#7315 = CARTESIAN_POINT('',(-10.09698060868,-65.08624924657,
    43.023211770456));
#7316 = CARTESIAN_POINT('',(-10.80744945015,-66.39699278568,
    43.013011770456));
#7317 = CARTESIAN_POINT('',(-23.16170641745,-89.18935404819,
    42.835645201069));
#7318 = CARTESIAN_POINT('',(-34.80549454328,-110.6709717715,
    42.668478631683));
#7319 = CARTESIAN_POINT('',(-46.44928266912,-132.1525894949,
    42.501312062295));
#7320 = CARTESIAN_POINT('',(-58.09307079496,-153.6342072183,
    42.334145492909));
#7321 = CARTESIAN_POINT('',(-69.7368589208,-175.1158249417,
    42.166978923522));
#7322 = CARTESIAN_POINT('',(-82.0911158881,-197.9081862043,
    41.989612354135));
#7323 = CARTESIAN_POINT('',(-82.80158472956,-199.2189297434,
    41.979412354135));
#7324 = CARTESIAN_POINT('',(-83.51205357102,-200.5296732825,
    41.969212354135));
#7325 = CARTESIAN_POINT('',(-84.22252241248,-201.8404168216,
    41.959012354135));
#7326 = CARTESIAN_POINT('',(-84.93299125395,-203.1511603607,
    41.948812354135));
#7327 = CARTESIAN_POINT('',(-85.64346009541,-204.4619038998,
    41.938612354135));
#7328 = ADVANCED_FACE('',(#7329),#7469,.T.);
#7329 = FACE_BOUND('',#7330,.F.);
#7330 = EDGE_LOOP('',(#7331,#7339,#7340,#7350,#7467,#7468));
#7331 = ORIENTED_EDGE('',*,*,#7332,.F.);
#7332 = EDGE_CURVE('',#4647,#6978,#7333,.T.);
#7333 = B_SPLINE_CURVE_WITH_KNOTS('',4,(#7334,#7335,#7336,#7337,#7338),
  .UNSPECIFIED.,.F.,.F.,(5,5),(0.,1.),.PIECEWISE_BEZIER_KNOTS.);
#7334 = CARTESIAN_POINT('',(-18.53173931729,75.766579953671,43.));
#7335 = CARTESIAN_POINT('',(-18.53173931729,75.766579953671,
    42.983979333698));
#7336 = CARTESIAN_POINT('',(-18.53174145375,75.766535393192,
    42.967958818826));
#7337 = CARTESIAN_POINT('',(-18.53174572658,75.76644627413,
    42.951938549127));
#7338 = CARTESIAN_POINT('',(-18.53175213575,75.766312597182,
    42.935918618421));
#7339 = ORIENTED_EDGE('',*,*,#4656,.T.);
#7340 = ORIENTED_EDGE('',*,*,#7341,.F.);
#7341 = EDGE_CURVE('',#7342,#4657,#7344,.T.);
#7342 = VERTEX_POINT('',#7343);
#7343 = CARTESIAN_POINT('',(-47.68213003584,61.728230476742,
    42.935919218387));
#7344 = B_SPLINE_CURVE_WITH_KNOTS('',4,(#7345,#7346,#7347,#7348,#7349),
  .UNSPECIFIED.,.F.,.F.,(5,5),(0.,1.),.PIECEWISE_BEZIER_KNOTS.);
#7345 = CARTESIAN_POINT('',(-47.68213003177,61.728230473809,
    42.935918618421));
#7346 = CARTESIAN_POINT('',(-47.68223854067,61.728308809132,
    42.951938549102));
#7347 = CARTESIAN_POINT('',(-47.68231088082,61.728361033325,
    42.967958818867));
#7348 = CARTESIAN_POINT('',(-47.68234705167,61.728387145976,
    42.983979333573));
#7349 = CARTESIAN_POINT('',(-47.68234705167,61.728387145976,43.));
#7350 = ORIENTED_EDGE('',*,*,#7351,.T.);
#7351 = EDGE_CURVE('',#7342,#2739,#7352,.T.);
#7352 = B_SPLINE_CURVE_WITH_KNOTS('',8,(#7353,#7354,#7355,#7356,#7357,
    #7358,#7359,#7360,#7361,#7362,#7363,#7364,#7365,#7366,#7367,#7368,
    #7369,#7370,#7371,#7372,#7373,#7374,#7375,#7376,#7377,#7378,#7379,
    #7380,#7381,#7382,#7383,#7384,#7385,#7386,#7387,#7388,#7389,#7390,
    #7391,#7392,#7393,#7394,#7395,#7396,#7397,#7398,#7399,#7400,#7401,
    #7402,#7403,#7404,#7405,#7406,#7407,#7408,#7409,#7410,#7411,#7412,
    #7413,#7414,#7415,#7416,#7417,#7418,#7419,#7420,#7421,#7422,#7423,
    #7424,#7425,#7426,#7427,#7428,#7429,#7430,#7431,#7432,#7433,#7434,
    #7435,#7436,#7437,#7438,#7439,#7440,#7441,#7442,#7443,#7444,#7445,
    #7446,#7447,#7448,#7449,#7450,#7451,#7452,#7453,#7454,#7455,#7456,
    #7457,#7458,#7459,#7460,#7461,#7462,#7463,#7464,#7465,#7466),
  .UNSPECIFIED.,.F.,.F.,(9,7,7,7,7,7,7,7,7,7,7,7,7,7,7,7,9),(0.,
    0.106991883794,0.214175378111,0.319846282916,0.422847325798,
    0.524497444279,0.626023471326,0.728515848074,0.832679324342,
    0.890287816522,0.946887875191,0.970772527996,0.984448479132,
    0.992164730063,0.996269955092,0.998520299417,1.),.UNSPECIFIED.);
#7353 = CARTESIAN_POINT('',(-47.68213003584,61.728230476742,
    42.935919218387));
#7354 = CARTESIAN_POINT('',(-47.68115309374,61.727525197479,
    42.791685044428));
#7355 = CARTESIAN_POINT('',(-47.68010774778,61.723104826348,
    42.646242184919));
#7356 = CARTESIAN_POINT('',(-47.6789923277,61.714859307719,
    42.499680448093));
#7357 = CARTESIAN_POINT('',(-47.67780493733,61.702682195318,
    42.352097051157));
#7358 = CARTESIAN_POINT('',(-47.67654342625,61.686471640039,
    42.203596420301));
#7359 = CARTESIAN_POINT('',(-47.67520536153,61.666131377771,
    42.054289990714));
#7360 = CARTESIAN_POINT('',(-47.67378799942,61.641571717207,
    41.9042960066));
#7361 = CARTESIAN_POINT('',(-47.67078582884,61.583797650969,
    41.602913005561));
#7362 = CARTESIAN_POINT('',(-47.66920072366,61.550567839278,
    41.451521951304));
#7363 = CARTESIAN_POINT('',(-47.66752985105,61.512938484155,
    41.299691493145));
#7364 = CARTESIAN_POINT('',(-47.66576977329,61.47083468042,
    41.147553603847));
#7365 = CARTESIAN_POINT('',(-47.66391669519,61.424190144634,
    40.995246261697));
#7366 = CARTESIAN_POINT('',(-47.66196645382,61.372948133556,
    40.842912818003));
#7367 = CARTESIAN_POINT('',(-47.65991450825,61.317062362617,
    40.690701364575));
#7368 = CARTESIAN_POINT('',(-47.65562781253,61.196788180567,
    40.388970999271));
#7369 = CARTESIAN_POINT('',(-47.65339605009,61.132530892376,
    40.239444353896));
#7370 = CARTESIAN_POINT('',(-47.65105593204,61.06369243897,
    40.090329854261));
#7371 = CARTESIAN_POINT('',(-47.64860237999,60.99025001673,
    39.941776971592));
#7372 = CARTESIAN_POINT('',(-47.64602996541,60.912192129386,
    39.793938020478));
#7373 = CARTESIAN_POINT('',(-47.64333292809,60.829519078157,
    39.646967220169));
#7374 = CARTESIAN_POINT('',(-47.64050519451,60.742243451875,
    39.501019755875));
#7375 = CARTESIAN_POINT('',(-47.63465050599,60.560858519438,
    39.215139629436));
#7376 = CARTESIAN_POINT('',(-47.63163039056,60.466977564327,
    39.075148105884));
#7377 = CARTESIAN_POINT('',(-47.62847415914,60.368770992661,
    38.93641995373));
#7378 = CARTESIAN_POINT('',(-47.62517566153,60.266273579322,
    38.799098745937));
#7379 = CARTESIAN_POINT('',(-47.62172851951,60.159531542197,
    38.663326997605));
#7380 = CARTESIAN_POINT('',(-47.61812615814,60.048602451164,
    38.529245219467));
#7381 = CARTESIAN_POINT('',(-47.61436183714,59.93355513709,
    38.396990971386));
#7382 = CARTESIAN_POINT('',(-47.60654711316,59.696945947341,
    38.138113736877));
#7383 = CARTESIAN_POINT('',(-47.60250111375,59.575489270624,
    38.011439593579));
#7384 = CARTESIAN_POINT('',(-47.59828405993,59.450176202065,
    37.886804012095));
#7385 = CARTESIAN_POINT('',(-47.59388922228,59.321093914293,
    37.764331700818));
#7386 = CARTESIAN_POINT('',(-47.58930976425,59.188339499639,
    37.644142790047));
#7387 = CARTESIAN_POINT('',(-47.58453874053,59.052019348627,
    37.526352071648));
#7388 = CARTESIAN_POINT('',(-47.57956909532,58.912248528444,
    37.411068238707));
#7389 = CARTESIAN_POINT('',(-47.56922454391,58.626226484633,
    37.185855562083));
#7390 = CARTESIAN_POINT('',(-47.56385015559,58.479983353226,
    37.075920323914));
#7391 = CARTESIAN_POINT('',(-47.55826326238,58.330543196232,
    36.96868901724));
#7392 = CARTESIAN_POINT('',(-47.55245659584,58.178036407607,
    36.864256348819));
#7393 = CARTESIAN_POINT('',(-47.54642267737,58.02260025352,
    36.762709694123));
#7394 = CARTESIAN_POINT('',(-47.54015364336,57.864377779647,
    36.664128665855));
#7395 = CARTESIAN_POINT('',(-47.53364107017,57.703516718449,
    36.56858468246));
#7396 = CARTESIAN_POINT('',(-47.52004613479,57.375265284969,
    36.382816484699));
#7397 = CARTESIAN_POINT('',(-47.51295903996,57.207827384941,
    36.292651554613));
#7398 = CARTESIAN_POINT('',(-47.50560460422,57.038009980289,
    36.205710545358));
#7399 = CARTESIAN_POINT('',(-47.4979726183,56.865972313551,
    36.122049280513));
#7400 = CARTESIAN_POINT('',(-47.4900515051,56.691875720238,
    36.041714589536));
#7401 = CARTESIAN_POINT('',(-47.48182725054,56.515881763171,
    35.96474428905));
#7402 = CARTESIAN_POINT('',(-47.47328233444,56.338150366817,
    35.891167164114));
#7403 = CARTESIAN_POINT('',(-47.45536207815,55.976601915195,
    35.749694733862));
#7404 = CARTESIAN_POINT('',(-47.44597503653,55.792732616152,
    35.681911677114));
#7405 = CARTESIAN_POINT('',(-47.43621092251,55.607394641874,
    35.617674583282));
#7406 = CARTESIAN_POINT('',(-47.42603817443,55.420746045468,
    35.556994831782));
#7407 = CARTESIAN_POINT('',(-47.41541851064,55.232938755352,
    35.49987456149));
#7408 = CARTESIAN_POINT('',(-47.40430135518,55.044113575848,
    35.446307035734));
#7409 = CARTESIAN_POINT('',(-47.39261046135,54.85438977884,
    35.39627718822));
#7410 = CARTESIAN_POINT('',(-47.37337159538,54.558469254438,
    35.324036924843));
#7411 = CARTESIAN_POINT('',(-47.36630710136,54.452839285827,
    35.299386655036));
#7412 = CARTESIAN_POINT('',(-47.35900855408,54.346973316291,
    35.275807699976));
#7413 = CARTESIAN_POINT('',(-47.35144924947,54.240880658583,
    35.253295526096));
#7414 = CARTESIAN_POINT('',(-47.34359666138,54.134566089304,
    35.231844930921));
#7415 = CARTESIAN_POINT('',(-47.33540925637,54.028027561278,
    35.211450098813));
#7416 = CARTESIAN_POINT('',(-47.32682993851,53.921251541548,
    35.192104688291));
#7417 = CARTESIAN_POINT('',(-47.30888079586,53.709034235238,
    35.155819601962));
#7418 = CARTESIAN_POINT('',(-47.29952716264,53.603602571743,
    35.138843828762));
#7419 = CARTESIAN_POINT('',(-47.28963769274,53.497880686903,
    35.12286812478));
#7420 = CARTESIAN_POINT('',(-47.27910266142,53.391815382276,
    35.107885762377));
#7421 = CARTESIAN_POINT('',(-47.26779146259,53.285338479033,
    35.093889687306));
#7422 = CARTESIAN_POINT('',(-47.25547586243,53.178312752721,
    35.080873221516));
#7423 = CARTESIAN_POINT('',(-47.24187474442,53.070563397283,
    35.068829649947));
#7424 = CARTESIAN_POINT('',(-47.21973811657,52.915666554445,
    35.053082118476));
#7425 = CARTESIAN_POINT('',(-47.21281884753,52.869489608767,
    35.04858152189));
#7426 = CARTESIAN_POINT('',(-47.20549740077,52.823067658335,
    35.044253274731));
#7427 = CARTESIAN_POINT('',(-47.19771134973,52.776358440098,
    35.040097192088));
#7428 = CARTESIAN_POINT('',(-47.18937507061,52.7293036111,
    35.036113310368));
#7429 = CARTESIAN_POINT('',(-47.18037871416,52.681828020661,
    35.032301887504));
#7430 = CARTESIAN_POINT('',(-47.17056892944,52.633826171725,
    35.028663572178));
#7431 = CARTESIAN_POINT('',(-47.15344702526,52.557223339364,
    35.023216854025));
#7432 = CARTESIAN_POINT('',(-47.14685969937,52.529100036565,
    35.021291027251));
#7433 = CARTESIAN_POINT('',(-47.13986829827,52.500709095955,
    35.019422826035));
#7434 = CARTESIAN_POINT('',(-47.13241265487,52.472008713604,
    35.017612655685));
#7435 = CARTESIAN_POINT('',(-47.12440973893,52.442941514733,
    35.015861167731));
#7436 = CARTESIAN_POINT('',(-47.11575381444,52.41343465456,
    35.014169249101));
#7437 = CARTESIAN_POINT('',(-47.10629769139,52.38338672529,
    35.012538192066));
#7438 = CARTESIAN_POINT('',(-47.08984948381,52.335258760397,
    35.010085757398));
#7439 = CARTESIAN_POINT('',(-47.0835799215,52.31767089104,
    35.009221343162));
#7440 = CARTESIAN_POINT('',(-47.07692555768,52.299821076822,
    35.008377503379));
#7441 = CARTESIAN_POINT('',(-47.06983050324,52.281670575445,
    35.007554747824));
#7442 = CARTESIAN_POINT('',(-47.06221557375,52.26316520285,
    35.006753861618));
#7443 = CARTESIAN_POINT('',(-47.05398066099,52.244236954552,
    35.005975872495));
#7444 = CARTESIAN_POINT('',(-47.04498588121,52.224790968847,
    35.005222230438));
#7445 = CARTESIAN_POINT('',(-47.02964488413,52.193935811095,
    35.004109009987));
#7446 = CARTESIAN_POINT('',(-47.02403020196,52.183026418538,
    35.003730140234));
#7447 = CARTESIAN_POINT('',(-47.01808729351,52.17189371848,
    35.003359342727));
#7448 = CARTESIAN_POINT('',(-47.01176945393,52.160505740417,
    35.002997089831));
#7449 = CARTESIAN_POINT('',(-47.00500973424,52.148817689922,
    35.002644124988));
#7450 = CARTESIAN_POINT('',(-46.99772428666,52.136774192591,
    35.002301419595));
#7451 = CARTESIAN_POINT('',(-46.98979621191,52.124298306498,
    35.001970338477));
#7452 = CARTESIAN_POINT('',(-46.97618214668,52.10408503721,
    35.001479696341));
#7453 = CARTESIAN_POINT('',(-46.97110496407,52.096758386711,
    35.001310337883));
#7454 = CARTESIAN_POINT('',(-46.96573041098,52.089233134296,
    35.001145687298));
#7455 = CARTESIAN_POINT('',(-46.96001473501,52.081479761002,
    35.000986215941));
#7456 = CARTESIAN_POINT('',(-46.95389235442,52.073456125183,
    35.000832752497));
#7457 = CARTESIAN_POINT('',(-46.94728338255,52.065112328224,
    35.000686383366));
#7458 = CARTESIAN_POINT('',(-46.94007712662,52.056379788416,
    35.000548638635));
#7459 = CARTESIAN_POINT('',(-46.92675747984,52.041017704598,
    35.000339686503));
#7460 = CARTESIAN_POINT('',(-46.92116025822,52.034744815823,
    35.000262583836));
#7461 = CARTESIAN_POINT('',(-46.91515424415,52.028209558065,
    35.000191219263));
#7462 = CARTESIAN_POINT('',(-46.90861620905,52.021327803734,
    35.000126880393));
#7463 = CARTESIAN_POINT('',(-46.90146022178,52.014048151068,
    35.000070865587));
#7464 = CARTESIAN_POINT('',(-46.89346878667,52.006258890438,
    35.000027457843));
#7465 = CARTESIAN_POINT('',(-46.8845216223,51.997917090606,35.));
#7466 = CARTESIAN_POINT('',(-46.87402073882,51.98871204191,35.));
#7467 = ORIENTED_EDGE('',*,*,#2738,.F.);
#7468 = ORIENTED_EDGE('',*,*,#6977,.F.);
#7469 = TOROIDAL_SURFACE('',#7470,70.,8.);
#7470 = AXIS2_PLACEMENT_3D('',#7471,#7472,#7473);
#7471 = CARTESIAN_POINT('',(0.,0.,43.));
#7472 = DIRECTION('',(-0.,-0.,-1.));
#7473 = DIRECTION('',(1.,0.,-0.));
#7474 = ADVANCED_FACE('',(#7475),#7507,.T.);
#7475 = FACE_BOUND('',#7476,.T.);
#7476 = EDGE_LOOP('',(#7477,#7478,#7479,#7487));
#7477 = ORIENTED_EDGE('',*,*,#2958,.T.);
#7478 = ORIENTED_EDGE('',*,*,#7202,.T.);
#7479 = ORIENTED_EDGE('',*,*,#7480,.F.);
#7480 = EDGE_CURVE('',#7481,#7203,#7483,.T.);
#7481 = VERTEX_POINT('',#7482);
#7482 = CARTESIAN_POINT('',(-95.57658162653,-189.2749921413,34.));
#7483 = LINE('',#7484,#7485);
#7484 = CARTESIAN_POINT('',(-102.7949791077,-185.7987951259,34.));
#7485 = VECTOR('',#7486,1.);
#7486 = DIRECTION('',(0.900968867902,-0.433883739118,0.));
#7487 = ORIENTED_EDGE('',*,*,#7488,.F.);
#7488 = EDGE_CURVE('',#2916,#7481,#7489,.T.);
#7489 = B_SPLINE_CURVE_WITH_KNOTS('',6,(#7490,#7491,#7492,#7493,#7494,
    #7495,#7496,#7497,#7498,#7499,#7500,#7501,#7502,#7503,#7504,#7505,
    #7506),.UNSPECIFIED.,.F.,.F.,(7,5,5,7),(-9.000422918949,
    -5.47496049947E-02,146.55481105679,155.50048437074),.UNSPECIFIED.);
#7490 = CARTESIAN_POINT('',(-34.87438742957,-46.05648105939,
    35.064199416322));
#7491 = CARTESIAN_POINT('',(-35.45619791669,-47.42918319644,
    35.053999416322));
#7492 = CARTESIAN_POINT('',(-36.03800840382,-48.80188533349,
    35.043799416322));
#7493 = CARTESIAN_POINT('',(-36.61981889094,-50.17458747055,
    35.033599416322));
#7494 = CARTESIAN_POINT('',(-37.20162937807,-51.5472896076,
    35.023399416322));
#7495 = CARTESIAN_POINT('',(-37.7834398652,-52.91999174465,
    35.013199416322));
#7496 = CARTESIAN_POINT('',(-47.90047223136,-76.78974359164,
    34.835832846935));
#7497 = CARTESIAN_POINT('',(-57.43569411039,-99.28679330158,
    34.668666277548));
#7498 = CARTESIAN_POINT('',(-66.97091598942,-121.7838430115,
    34.501499708161));
#7499 = CARTESIAN_POINT('',(-76.50613786846,-144.2808927214,
    34.334333138774));
#7500 = CARTESIAN_POINT('',(-86.04135974749,-166.7779424313,
    34.167166569387));
#7501 = CARTESIAN_POINT('',(-96.15839211365,-190.6476942783,33.9898));
#7502 = CARTESIAN_POINT('',(-96.74020260078,-192.0203964154,33.9796));
#7503 = CARTESIAN_POINT('',(-97.3220130879,-193.3930985524,33.9694));
#7504 = CARTESIAN_POINT('',(-97.90382357503,-194.7658006895,33.9592));
#7505 = CARTESIAN_POINT('',(-98.48563406215,-196.1385028265,33.949));
#7506 = CARTESIAN_POINT('',(-99.06744454928,-197.5112049636,33.9388));
#7507 = B_SPLINE_SURFACE_WITH_KNOTS('',1,1,(
    (#7508,#7509)
    ,(#7510,#7511
    )),.UNSPECIFIED.,.F.,.F.,.F.,(2,2),(2,2),(0.,38.),(0.,1.),
  .PIECEWISE_BEZIER_KNOTS.);
#7508 = CARTESIAN_POINT('',(-45.7547352719,-51.22015423832,35.));
#7509 = CARTESIAN_POINT('',(-102.7949791077,-185.7987951259,34.));
#7510 = CARTESIAN_POINT('',(-11.51791829161,-67.70773632479,35.));
#7511 = CARTESIAN_POINT('',(-81.17172627809,-196.2120048647,34.));
#7512 = ADVANCED_FACE('',(#7513),#7590,.F.);
#7513 = FACE_BOUND('',#7514,.F.);
#7514 = EDGE_LOOP('',(#7515,#7537,#7538,#7539,#7561));
#7515 = ORIENTED_EDGE('',*,*,#7516,.F.);
#7516 = EDGE_CURVE('',#2748,#7517,#7519,.T.);
#7517 = VERTEX_POINT('',#7518);
#7518 = CARTESIAN_POINT('',(-163.2616827086,135.29792520448,34.));
#7519 = B_SPLINE_CURVE_WITH_KNOTS('',6,(#7520,#7521,#7522,#7523,#7524,
    #7525,#7526,#7527,#7528,#7529,#7530,#7531,#7532,#7533,#7534,#7535,
    #7536),.UNSPECIFIED.,.F.,.F.,(7,5,5,7),(-9.00042291895,
    -5.474960499583E-02,146.55481105679,155.50048437074),.UNSPECIFIED.);
#7520 = CARTESIAN_POINT('',(-37.14146765969,44.24854490541,
    35.064199416322));
#7521 = CARTESIAN_POINT('',(-38.35028827523,45.12122315049,
    35.053999416322));
#7522 = CARTESIAN_POINT('',(-39.55910889078,45.993901395569,
    35.043799416322));
#7523 = CARTESIAN_POINT('',(-40.76792950632,46.866579640649,
    35.033599416322));
#7524 = CARTESIAN_POINT('',(-41.97675012186,47.739257885729,
    35.023399416322));
#7525 = CARTESIAN_POINT('',(-43.18557073741,48.611936130809,
    35.013199416322));
#7526 = CARTESIAN_POINT('',(-64.20560657891,63.786832847322,
    34.835832846935));
#7527 = CARTESIAN_POINT('',(-84.01682180486,78.089051318755,
    34.668666277548));
#7528 = CARTESIAN_POINT('',(-103.8280370308,92.391269790189,
    34.501499708161));
#7529 = CARTESIAN_POINT('',(-123.6392522567,106.69348826162,
    34.334333138774));
#7530 = CARTESIAN_POINT('',(-143.4504674827,120.99570673305,
    34.167166569387));
#7531 = CARTESIAN_POINT('',(-164.4705033242,136.17060344956,33.9898));
#7532 = CARTESIAN_POINT('',(-165.6793239397,137.04328169464,33.9796));
#7533 = CARTESIAN_POINT('',(-166.8881445553,137.91595993972,33.9694));
#7534 = CARTESIAN_POINT('',(-168.0969651708,138.7886381848,33.9592));
#7535 = CARTESIAN_POINT('',(-169.3057857864,139.66131642988,33.949));
#7536 = CARTESIAN_POINT('',(-170.5146064019,140.53399467496,33.9388));
#7537 = ORIENTED_EDGE('',*,*,#2747,.F.);
#7538 = ORIENTED_EDGE('',*,*,#7351,.F.);
#7539 = ORIENTED_EDGE('',*,*,#7540,.T.);
#7540 = EDGE_CURVE('',#7342,#7541,#7543,.T.);
#7541 = VERTEX_POINT('',#7542);
#7542 = CARTESIAN_POINT('',(-158.2663966609,141.56181578366,
    42.002811770456));
#7543 = B_SPLINE_CURVE_WITH_KNOTS('',6,(#7544,#7545,#7546,#7547,#7548,
    #7549,#7550,#7551,#7552,#7553,#7554,#7555,#7556,#7557,#7558,#7559,
    #7560),.UNSPECIFIED.,.F.,.F.,(7,5,5,7),(-9.00042291895,
    -5.474960499583E-02,146.55481105679,155.50048437074),.UNSPECIFIED.);
#7544 = CARTESIAN_POINT('',(-32.5016479143,50.76905561909,
    43.064011770456));
#7545 = CARTESIAN_POINT('',(-33.71046852985,51.64173386417,
    43.053811770456));
#7546 = CARTESIAN_POINT('',(-34.91928914539,52.51441210925,
    43.043611770456));
#7547 = CARTESIAN_POINT('',(-36.12810976094,53.38709035433,
    43.033411770456));
#7548 = CARTESIAN_POINT('',(-37.33693037648,54.259768599409,
    43.023211770456));
#7549 = CARTESIAN_POINT('',(-38.54575099203,55.132446844489,
    43.013011770456));
#7550 = CARTESIAN_POINT('',(-59.56578683352,70.307343561003,
    42.835645201069));
#7551 = CARTESIAN_POINT('',(-79.37700205948,84.609562032436,
    42.668478631682));
#7552 = CARTESIAN_POINT('',(-99.18821728543,98.91178050387,
    42.501312062296));
#7553 = CARTESIAN_POINT('',(-118.9994325113,113.2139989753,
    42.334145492909));
#7554 = CARTESIAN_POINT('',(-138.8106477373,127.51621744673,
    42.166978923522));
#7555 = CARTESIAN_POINT('',(-159.8306835788,142.69111416324,
    41.989612354135));
#7556 = CARTESIAN_POINT('',(-161.0395041943,143.56379240832,
    41.979412354135));
#7557 = CARTESIAN_POINT('',(-162.2483248099,144.4364706534,
    41.969212354135));
#7558 = CARTESIAN_POINT('',(-163.4571454254,145.30914889848,
    41.959012354135));
#7559 = CARTESIAN_POINT('',(-164.665966041,146.18182714356,
    41.948812354135));
#7560 = CARTESIAN_POINT('',(-165.8747866565,147.05450538864,
    41.938612354135));
#7561 = ORIENTED_EDGE('',*,*,#7562,.F.);
#7562 = EDGE_CURVE('',#7517,#7541,#7563,.T.);
#7563 = B_SPLINE_CURVE_WITH_KNOTS('',7,(#7564,#7565,#7566,#7567,#7568,
    #7569,#7570,#7571,#7572,#7573,#7574,#7575,#7576,#7577,#7578,#7579,
    #7580,#7581,#7582,#7583,#7584,#7585,#7586,#7587,#7588,#7589),
  .UNSPECIFIED.,.F.,.F.,(8,6,6,6,8),(0.,0.249928743902,0.500002573609,
    0.75007469467,1.),.UNSPECIFIED.);
#7564 = CARTESIAN_POINT('',(-163.2616827086,135.29792520448,34.));
#7565 = CARTESIAN_POINT('',(-163.0093205833,135.61437730035,34.));
#7566 = CARTESIAN_POINT('',(-162.7508252679,135.9385201734,
    34.023838195587));
#7567 = CARTESIAN_POINT('',(-162.4875079485,136.26870964811,
    34.073594322343));
#7568 = CARTESIAN_POINT('',(-162.2210028798,136.60289643401,
    34.15114205148));
#7569 = CARTESIAN_POINT('',(-161.9532710989,136.93862146843,
    34.257934940985));
#7570 = CARTESIAN_POINT('',(-161.6865285387,137.27310605925,
    34.394825659662));
#7571 = CARTESIAN_POINT('',(-161.1595156204,137.93395935628,
    34.729108307305));
#7572 = CARTESIAN_POINT('',(-160.8992482748,138.26032428483,
    34.92653673398));
#7573 = CARTESIAN_POINT('',(-160.6446249072,138.57961188891,
    35.154311976589));
#7574 = CARTESIAN_POINT('',(-160.3980803194,138.88876902346,
    35.411810777758));
#7575 = CARTESIAN_POINT('',(-160.1620143582,139.18478637585,
    35.697561774271));
#7576 = CARTESIAN_POINT('',(-159.9385849692,139.46495796796,
    36.009289745989));
#7577 = CARTESIAN_POINT('',(-159.5205793763,139.9891204023,
    36.678965131903));
#7578 = CARTESIAN_POINT('',(-159.3260021665,140.23311250604,
    37.03691352627));
#7579 = CARTESIAN_POINT('',(-159.1476389348,140.45677292428,
    37.415107423294));
#7580 = CARTESIAN_POINT('',(-158.986910033,140.65832059219,
    37.810089797591));
#7581 = CARTESIAN_POINT('',(-158.8447340904,140.8366035853,
    38.218015913721));
#7582 = CARTESIAN_POINT('',(-158.7215003231,140.99113384169,
    38.634984884269));
#7583 = CARTESIAN_POINT('',(-158.5128435747,141.25278112841,
    39.479299588322));
#7584 = CARTESIAN_POINT('',(-158.4273975456,141.35992705989,
    39.906640440958));
#7585 = CARTESIAN_POINT('',(-158.3607382714,141.44351514586,
    40.335566432024));
#7586 = CARTESIAN_POINT('',(-158.3123335976,141.50421268691,
    40.762527272486));
#7587 = CARTESIAN_POINT('',(-158.2812762444,141.54315737604,
    41.184381054574));
#7588 = CARTESIAN_POINT('',(-158.2663966609,141.56181578366,
    41.59850945184));
#7589 = CARTESIAN_POINT('',(-158.2663966609,141.56181578366,
    42.002811770456));
#7590 = ( BOUNDED_SURFACE() B_SPLINE_SURFACE(2,6,(
    (#7591,#7592,#7593,#7594,#7595,#7596,#7597,#7598,#7599,#7600,#7601
      ,#7602,#7603,#7604,#7605,#7606,#7607)
    ,(#7608,#7609,#7610,#7611,#7612,#7613,#7614,#7615,#7616,#7617,#7618
      ,#7619,#7620,#7621,#7622,#7623,#7624)
    ,(#7625,#7626,#7627,#7628,#7629,#7630,#7631,#7632,#7633,#7634,#7635
      ,#7636,#7637,#7638,#7639,#7640,#7641
)),.UNSPECIFIED.,.F.,.F.,.F.) B_SPLINE_SURFACE_WITH_KNOTS((3,3),(7,5,5,7
    ),(0.,146.60956066178),(-9.00042291895,-5.474960499583E-02,
    146.55481105679,155.50048437074),.UNSPECIFIED.) 
GEOMETRIC_REPRESENTATION_ITEM() RATIONAL_B_SPLINE_SURFACE((
    (1.,1.,1.,1.,1.,1.,1.,1.,1.,1.,1.,1.,1.,1.,1.,1.,1.)
    ,(0.706990803572,0.706990803572,0.706990803572,0.706990803572
      ,0.706990803572,0.706990803572,0.706990803572,0.706990803572
      ,0.706990803572,0.706990803572,0.706990803572,0.706990803572
      ,0.706990803572,0.706990803572,0.706990803572,0.706990803572
      ,0.706990803572)
    ,(1.,1.,1.,1.,1.,1.,1.,1.,1.,1.,1.,1.,1.,1.,1.,1.,1.
))) REPRESENTATION_ITEM('') SURFACE() );
#7591 = CARTESIAN_POINT('',(-37.14146765969,44.24854490541,
    35.064199416322));
#7592 = CARTESIAN_POINT('',(-38.35028827523,45.12122315049,
    35.053999416322));
#7593 = CARTESIAN_POINT('',(-39.55910889078,45.993901395569,
    35.043799416322));
#7594 = CARTESIAN_POINT('',(-40.76792950632,46.866579640649,
    35.033599416322));
#7595 = CARTESIAN_POINT('',(-41.97675012186,47.739257885729,
    35.023399416322));
#7596 = CARTESIAN_POINT('',(-43.18557073741,48.611936130809,
    35.013199416322));
#7597 = CARTESIAN_POINT('',(-64.20560657891,63.786832847322,
    34.835832846935));
#7598 = CARTESIAN_POINT('',(-84.01682180486,78.089051318755,
    34.668666277548));
#7599 = CARTESIAN_POINT('',(-103.8280370308,92.391269790189,
    34.501499708161));
#7600 = CARTESIAN_POINT('',(-123.6392522567,106.69348826162,
    34.334333138774));
#7601 = CARTESIAN_POINT('',(-143.4504674827,120.99570673305,
    34.167166569387));
#7602 = CARTESIAN_POINT('',(-164.4705033242,136.17060344956,33.9898));
#7603 = CARTESIAN_POINT('',(-165.6793239397,137.04328169464,33.9796));
#7604 = CARTESIAN_POINT('',(-166.8881445553,137.91595993972,33.9694));
#7605 = CARTESIAN_POINT('',(-168.0969651708,138.7886381848,33.9592));
#7606 = CARTESIAN_POINT('',(-169.3057857864,139.66131642988,33.949));
#7607 = CARTESIAN_POINT('',(-170.5146064019,140.53399467496,33.9388));
#7608 = CARTESIAN_POINT('',(-32.45725833139,50.737009653943,
    35.061574558259));
#7609 = CARTESIAN_POINT('',(-33.66607894694,51.609687899023,
    35.051374558259));
#7610 = CARTESIAN_POINT('',(-34.87489956248,52.482366144103,
    35.041174558259));
#7611 = CARTESIAN_POINT('',(-36.08372017803,53.355044389183,
    35.030974558259));
#7612 = CARTESIAN_POINT('',(-37.29254079357,54.227722634263,
    35.020774558259));
#7613 = CARTESIAN_POINT('',(-38.50136140911,55.100400879342,
    35.010574558259));
#7614 = CARTESIAN_POINT('',(-59.52139725061,70.275297595856,
    34.833207988872));
#7615 = CARTESIAN_POINT('',(-79.33261247657,84.577516067289,
    34.666041419486));
#7616 = CARTESIAN_POINT('',(-99.14382770252,98.879734538722,
    34.498874850099));
#7617 = CARTESIAN_POINT('',(-118.9550429284,113.18195301015,
    34.331708280712));
#7618 = CARTESIAN_POINT('',(-138.7662581544,127.48417148158,
    34.164541711325));
#7619 = CARTESIAN_POINT('',(-159.7862939959,142.6590681981,
    33.987175141938));
#7620 = CARTESIAN_POINT('',(-160.9951146114,143.53174644318,
    33.976975141938));
#7621 = CARTESIAN_POINT('',(-162.203935227,144.40442468826,
    33.966775141938));
#7622 = CARTESIAN_POINT('',(-163.4127558425,145.27710293334,
    33.956575141938));
#7623 = CARTESIAN_POINT('',(-164.6215764581,146.14978117842,
    33.946375141938));
#7624 = CARTESIAN_POINT('',(-165.8303970736,147.0224594235,
    33.936175141938));
#7625 = CARTESIAN_POINT('',(-32.5016479143,50.76905561909,
    43.064011770456));
#7626 = CARTESIAN_POINT('',(-33.71046852985,51.64173386417,
    43.053811770456));
#7627 = CARTESIAN_POINT('',(-34.91928914539,52.51441210925,
    43.043611770456));
#7628 = CARTESIAN_POINT('',(-36.12810976094,53.38709035433,
    43.033411770456));
#7629 = CARTESIAN_POINT('',(-37.33693037648,54.259768599409,
    43.023211770456));
#7630 = CARTESIAN_POINT('',(-38.54575099203,55.132446844489,
    43.013011770456));
#7631 = CARTESIAN_POINT('',(-59.56578683352,70.307343561003,
    42.835645201069));
#7632 = CARTESIAN_POINT('',(-79.37700205948,84.609562032436,
    42.668478631682));
#7633 = CARTESIAN_POINT('',(-99.18821728543,98.91178050387,
    42.501312062296));
#7634 = CARTESIAN_POINT('',(-118.9994325113,113.2139989753,
    42.334145492909));
#7635 = CARTESIAN_POINT('',(-138.8106477373,127.51621744673,
    42.166978923522));
#7636 = CARTESIAN_POINT('',(-159.8306835788,142.69111416324,
    41.989612354135));
#7637 = CARTESIAN_POINT('',(-161.0395041943,143.56379240832,
    41.979412354135));
#7638 = CARTESIAN_POINT('',(-162.2483248099,144.4364706534,
    41.969212354135));
#7639 = CARTESIAN_POINT('',(-163.4571454254,145.30914889848,
    41.959012354135));
#7640 = CARTESIAN_POINT('',(-164.665966041,146.18182714356,
    41.948812354135));
#7641 = CARTESIAN_POINT('',(-165.8747866565,147.05450538864,
    41.938612354135));
#7642 = ADVANCED_FACE('',(#7643),#7817,.F.);
#7643 = FACE_BOUND('',#7644,.F.);
#7644 = EDGE_LOOP('',(#7645,#7646,#7647,#7766,#7788));
#7645 = ORIENTED_EDGE('',*,*,#7488,.F.);
#7646 = ORIENTED_EDGE('',*,*,#2915,.F.);
#7647 = ORIENTED_EDGE('',*,*,#7648,.F.);
#7648 = EDGE_CURVE('',#7649,#2907,#7651,.T.);
#7649 = VERTEX_POINT('',#7650);
#7650 = CARTESIAN_POINT('',(-49.57030275276,-60.22246298137,
    42.935919218387));
#7651 = B_SPLINE_CURVE_WITH_KNOTS('',8,(#7652,#7653,#7654,#7655,#7656,
    #7657,#7658,#7659,#7660,#7661,#7662,#7663,#7664,#7665,#7666,#7667,
    #7668,#7669,#7670,#7671,#7672,#7673,#7674,#7675,#7676,#7677,#7678,
    #7679,#7680,#7681,#7682,#7683,#7684,#7685,#7686,#7687,#7688,#7689,
    #7690,#7691,#7692,#7693,#7694,#7695,#7696,#7697,#7698,#7699,#7700,
    #7701,#7702,#7703,#7704,#7705,#7706,#7707,#7708,#7709,#7710,#7711,
    #7712,#7713,#7714,#7715,#7716,#7717,#7718,#7719,#7720,#7721,#7722,
    #7723,#7724,#7725,#7726,#7727,#7728,#7729,#7730,#7731,#7732,#7733,
    #7734,#7735,#7736,#7737,#7738,#7739,#7740,#7741,#7742,#7743,#7744,
    #7745,#7746,#7747,#7748,#7749,#7750,#7751,#7752,#7753,#7754,#7755,
    #7756,#7757,#7758,#7759,#7760,#7761,#7762,#7763,#7764,#7765),
  .UNSPECIFIED.,.F.,.F.,(9,7,7,7,7,7,7,7,7,7,7,7,7,7,7,7,9),(0.,
    0.106991883795,0.214175378111,0.319846282916,0.422847325799,
    0.52449744428,0.626023471327,0.728515848074,0.832679324342,
    0.890287816522,0.946887875191,0.970772527995,0.984448479132,
    0.992164730063,0.996269955091,0.998520299417,1.),.UNSPECIFIED.);
#7652 = CARTESIAN_POINT('',(-49.57030275276,-60.22246298137,
    42.935919218387));
#7653 = CARTESIAN_POINT('',(-49.56983254639,-60.22135359386,
    42.791685044428));
#7654 = CARTESIAN_POINT('',(-49.56575561455,-60.21935083179,
    42.646242184919));
#7655 = CARTESIAN_POINT('',(-49.55796503261,-60.21642857712,
    42.499680448094));
#7656 = CARTESIAN_POINT('',(-49.54635744505,-60.21256129467,
    42.352097051157));
#7657 = CARTESIAN_POINT('',(-49.53083403486,-60.20772422441,
    42.203596420301));
#7658 = CARTESIAN_POINT('',(-49.51130149285,-60.20189357361,
    42.054289990714));
#7659 = CARTESIAN_POINT('',(-49.48767298699,-60.19504670913,
    41.904296006601));
#7660 = CARTESIAN_POINT('',(-49.43201548302,-60.17926387004,
    41.602913005562));
#7661 = CARTESIAN_POINT('',(-49.39997153117,-60.17032417803,
    41.451521951304));
#7662 = CARTESIAN_POINT('',(-49.36365742667,-60.16032187844,
    41.299691493145));
#7663 = CARTESIAN_POINT('',(-49.32300090735,-60.14923695178,
    41.147553603847));
#7664 = CARTESIAN_POINT('',(-49.27793819613,-60.13705094855,
    40.995246261698));
#7665 = CARTESIAN_POINT('',(-49.22841489879,-60.12374718364,
    40.842912818004));
#7666 = CARTESIAN_POINT('',(-49.17438690165,-60.10931093068,
    40.690701364576));
#7667 = CARTESIAN_POINT('',(-49.05808212399,-60.07836818805,
    40.388970999271));
#7668 = CARTESIAN_POINT('',(-48.99593251403,-60.06189378877,
    40.239444353897));
#7669 = CARTESIAN_POINT('',(-48.92934070963,-60.04429434542,
    40.090329854262));
#7670 = CARTESIAN_POINT('',(-48.85828560895,-60.02555983265,
    39.941776971593));
#7671 = CARTESIAN_POINT('',(-48.7827572119,-60.00568239989,
    39.793938020479));
#7672 = CARTESIAN_POINT('',(-48.70275709394,-59.98465649835,
    39.64696722017));
#7673 = CARTESIAN_POINT('',(-48.61829887974,-59.96247900808,
    39.501019755876));
#7674 = CARTESIAN_POINT('',(-48.44276443701,-59.91640916426,
    39.215139629437));
#7675 = CARTESIAN_POINT('',(-48.35190931236,-59.89257429161,
    39.075148105885));
#7676 = CARTESIAN_POINT('',(-48.25686731205,-59.86764417545,
    38.936419953731));
#7677 = CARTESIAN_POINT('',(-48.15767370762,-59.84162055793,
    38.799098745938));
#7678 = CARTESIAN_POINT('',(-48.05437497749,-59.81450750516,
    38.663326997606));
#7679 = CARTESIAN_POINT('',(-47.94702871119,-59.78631141757,
    38.529245219468));
#7680 = CARTESIAN_POINT('',(-47.8357035137,-59.75704104018,
    38.396990971387));
#7681 = CARTESIAN_POINT('',(-47.60676555001,-59.69677174976,
    38.138113736877));
#7682 = CARTESIAN_POINT('',(-47.48925436533,-59.66580053886,
    38.011439593579));
#7683 = CARTESIAN_POINT('',(-47.36802153978,-59.63380443434,
    37.886804012096));
#7684 = CARTESIAN_POINT('',(-47.24315355784,-59.60079627321,
    37.764331700818));
#7685 = CARTESIAN_POINT('',(-47.11474659881,-59.56679099542,
    37.644142790048));
#7686 = CARTESIAN_POINT('',(-46.98290593125,-59.5318055039,
    37.526352071649));
#7687 = CARTESIAN_POINT('',(-46.84774530744,-59.49585852463,
    37.411068238707));
#7688 = CARTESIAN_POINT('',(-46.57119631267,-59.4221274404,
    37.185855562084));
#7689 = CARTESIAN_POINT('',(-46.4298157158,-59.38434564103,
    37.075920323915));
#7690 = CARTESIAN_POINT('',(-46.28536553624,-59.34564525959,
    36.96868901724));
#7691 = CARTESIAN_POINT('',(-46.13797451608,-59.30604822526,
    36.864256348819));
#7692 = CARTESIAN_POINT('',(-45.98777814407,-59.26557779155,
    36.762709694124));
#7693 = CARTESIAN_POINT('',(-45.83491762926,-59.22425812265,
    36.664128665856));
#7694 = CARTESIAN_POINT('',(-45.67953887458,-59.18211387969,
    36.56858468246));
#7695 = CARTESIAN_POINT('',(-45.36254254759,-59.09581698218,
    36.382816484699));
#7696 = CARTESIAN_POINT('',(-45.20087969225,-59.05164913772,
    36.292651554613));
#7697 = CARTESIAN_POINT('',(-45.03695648039,-59.00669116555,
    36.205710545359));
#7698 = CARTESIAN_POINT('',(-44.87093043378,-58.96096854717,
    36.122049280513));
#7699 = CARTESIAN_POINT('',(-44.70296141905,-58.91450589628,
    36.041714589537));
#7700 = CARTESIAN_POINT('',(-44.53321006674,-58.86732550125,
    35.964744289051));
#7701 = CARTESIAN_POINT('',(-44.36183619027,-58.81944586773,
    35.891167164115));
#7702 = CARTESIAN_POINT('',(-44.01334014534,-58.72152281055,
    35.749694733863));
#7703 = CARTESIAN_POINT('',(-43.83616964678,-58.67145635351,
    35.681911677114));
#7704 = CARTESIAN_POINT('',(-43.65765120224,-58.62069546708,
    35.617674583282));
#7705 = CARTESIAN_POINT('',(-43.47794592524,-58.56924455104,
    35.556994831782));
#7706 = CARTESIAN_POINT('',(-43.2972104535,-58.5171000908,35.49987456149
    ));
#7707 = CARTESIAN_POINT('',(-43.11559331529,-58.46424411034,
    35.446307035734));
#7708 = CARTESIAN_POINT('',(-42.9332277586,-58.41062881512,
    35.396277188221));
#7709 = CARTESIAN_POINT('',(-42.64900763,-58.32602379622,35.324036924843
    ));
#7710 = CARTESIAN_POINT('',(-42.54759802304,-58.29563154454,
    35.299386655036));
#7711 = CARTESIAN_POINT('',(-42.44601041395,-58.26495859267,
    35.275807699976));
#7712 = CARTESIAN_POINT('',(-42.34425982419,-58.23398097833,
    35.253295526096));
#7713 = CARTESIAN_POINT('',(-42.24235814837,-58.20266805377,
    35.231844930921));
#7714 = CARTESIAN_POINT('',(-42.14031263268,-58.17097887134,
    35.211450098814));
#7715 = CARTESIAN_POINT('',(-42.03812278852,-58.13885475525,
    35.192104688291));
#7716 = CARTESIAN_POINT('',(-41.83522027313,-58.07413284188,
    35.155819601962));
#7717 = CARTESIAN_POINT('',(-41.73451338077,-58.04155297155,
    35.138843828762));
#7718 = CARTESIAN_POINT('',(-41.63364277838,-58.00838611874,
    35.122868124779));
#7719 = CARTESIAN_POINT('',(-41.53258101741,-57.97451347202,
    35.107885762378));
#7720 = CARTESIAN_POINT('',(-41.43129069095,-57.9397925286,
    35.093889687305));
#7721 = CARTESIAN_POINT('',(-41.3296888019,-57.90397024168,
    35.080873221516));
#7722 = CARTESIAN_POINT('',(-41.22766748124,-57.86673364488,
    35.068829649947));
#7723 = CARTESIAN_POINT('',(-41.08158008876,-57.81068423838,
    35.053082118476));
#7724 = CARTESIAN_POINT('',(-41.03810057773,-57.79366311277,
    35.04858152189));
#7725 = CARTESIAN_POINT('',(-40.99447169768,-57.77619537421,
    35.044253274731));
#7726 = CARTESIAN_POINT('',(-40.95066613642,-57.75821075686,
    35.040097192088));
#7727 = CARTESIAN_POINT('',(-40.90664606684,-57.73961280116,
    35.036113310368));
#7728 = CARTESIAN_POINT('',(-40.86236266621,-57.72027768943,
    35.032301887504));
#7729 = CARTESIAN_POINT('',(-40.81774720631,-57.70003244024,
    35.028663572178));
#7730 = CARTESIAN_POINT('',(-40.746874949,-57.66629408414,
    35.023216854025));
#7731 = CARTESIAN_POINT('',(-40.72092257402,-57.65361389266,
    35.021291027251));
#7732 = CARTESIAN_POINT('',(-40.69479918667,-57.64048020196,
    35.019422826035));
#7733 = CARTESIAN_POINT('',(-40.66847741956,-57.62682505122,
    35.017612655685));
#7734 = CARTESIAN_POINT('',(-40.64191981238,-57.61255472485,
    35.015861167731));
#7735 = CARTESIAN_POINT('',(-40.6150788752,-57.59754992837,
    35.014169249101));
#7736 = CARTESIAN_POINT('',(-40.58788849558,-57.58164459679,
    35.012538192066));
#7737 = CARTESIAN_POINT('',(-40.54462726977,-57.55489930041,
    35.010085757398));
#7738 = CARTESIAN_POINT('',(-40.52887547387,-57.54487326001,
    35.009221343162));
#7739 = CARTESIAN_POINT('',(-40.51295392702,-57.53441377765,
    35.008377503379));
#7740 = CARTESIAN_POINT('',(-40.49683729475,-57.52345774452,
    35.007554747824));
#7741 = CARTESIAN_POINT('',(-40.4804903717,-57.51191590442,
    35.006753861618));
#7742 = CARTESIAN_POINT('',(-40.46386913458,-57.49967552662,
    35.005975872496));
#7743 = CARTESIAN_POINT('',(-40.44691222714,-57.48657912585,
    35.005222230438));
#7744 = CARTESIAN_POINT('',(-40.42024436561,-57.46475684108,
    35.004109009987));
#7745 = CARTESIAN_POINT('',(-40.41085787862,-57.45685536249,
    35.003730140234));
#7746 = CARTESIAN_POINT('',(-40.40132672013,-57.44858419636,
    35.003359342727));
#7747 = CARTESIAN_POINT('',(-40.39163011402,-57.43989069468,
    35.002997089831));
#7748 = CARTESIAN_POINT('',(-40.38173928649,-57.43069961937,
    35.002644124988));
#7749 = CARTESIAN_POINT('',(-40.37161890939,-57.42091690289,
    35.002301419595));
#7750 = CARTESIAN_POINT('',(-40.3612199824,-57.41041145571,
    35.001970338477));
#7751 = CARTESIAN_POINT('',(-40.34454291648,-57.39264084796,
    35.001479696341));
#7752 = CARTESIAN_POINT('',(-40.33852973983,-57.3860606278,
    35.001310337883));
#7753 = CARTESIAN_POINT('',(-40.33238911177,-57.37914629979,
    35.001145687298));
#7754 = CARTESIAN_POINT('',(-40.32610198929,-57.37184863988,
    35.000986215941));
#7755 = CARTESIAN_POINT('',(-40.31964188062,-57.36409433322,
    35.000832752497));
#7756 = CARTESIAN_POINT('',(-40.31297791466,-57.35579439258,
    35.000686383366));
#7757 = CARTESIAN_POINT('',(-40.30606786066,-57.34682563961,
    35.000548638635));
#7758 = CARTESIAN_POINT('',(-40.2940548366,-57.33042155895,
    35.000339686503));
#7759 = CARTESIAN_POINT('',(-40.28918472123,-57.3235688223,
    35.000262583836));
#7760 = CARTESIAN_POINT('',(-40.28414977988,-57.31625915987,
    35.000191219263));
#7761 = CARTESIAN_POINT('',(-40.27889541518,-57.30835371257,
    35.000126880393));
#7762 = CARTESIAN_POINT('',(-40.27339063557,-57.29975726571,
    35.000070865587));
#7763 = CARTESIAN_POINT('',(-40.26757492958,-57.29023291904,
    35.000027457843));
#7764 = CARTESIAN_POINT('',(-40.26143320745,-57.27965385366,35.));
#7765 = CARTESIAN_POINT('',(-40.25479561495,-57.26736793321,35.));
#7766 = ORIENTED_EDGE('',*,*,#7767,.T.);
#7767 = EDGE_CURVE('',#7649,#7768,#7770,.T.);
#7768 = VERTEX_POINT('',#7769);
#7769 = CARTESIAN_POINT('',(-102.7949791077,-185.7987951259,
    42.002811770456));
#7770 = B_SPLINE_CURVE_WITH_KNOTS('',6,(#7771,#7772,#7773,#7774,#7775,
    #7776,#7777,#7778,#7779,#7780,#7781,#7782,#7783,#7784,#7785,#7786,
    #7787),.UNSPECIFIED.,.F.,.F.,(7,5,5,7),(-9.000422918949,
    -5.47496049947E-02,146.55481105679,155.50048437074),.UNSPECIFIED.);
#7771 = CARTESIAN_POINT('',(-42.26387234915,-42.983941416,
    43.064011770456));
#7772 = CARTESIAN_POINT('',(-42.84568283627,-44.35664355306,
    43.053811770456));
#7773 = CARTESIAN_POINT('',(-43.4274933234,-45.72934569011,
    43.043611770456));
#7774 = CARTESIAN_POINT('',(-44.00930381052,-47.10204782716,
    43.033411770456));
#7775 = CARTESIAN_POINT('',(-44.59111429765,-48.47474996422,
    43.023211770456));
#7776 = CARTESIAN_POINT('',(-45.17292478477,-49.84745210127,
    43.013011770456));
#7777 = CARTESIAN_POINT('',(-55.28995715093,-73.71720394826,
    42.835645201069));
#7778 = CARTESIAN_POINT('',(-64.82517902997,-96.21425365819,
    42.668478631683));
#7779 = CARTESIAN_POINT('',(-74.360400909,-118.7113033681,
    42.501312062295));
#7780 = CARTESIAN_POINT('',(-83.89562278804,-141.208353078,
    42.334145492909));
#7781 = CARTESIAN_POINT('',(-93.43084466707,-163.705402788,
    42.166978923522));
#7782 = CARTESIAN_POINT('',(-103.5478770332,-187.5751546349,
    41.989612354135));
#7783 = CARTESIAN_POINT('',(-104.1296875203,-188.947856772,
    41.979412354135));
#7784 = CARTESIAN_POINT('',(-104.7114980074,-190.320558909,
    41.969212354135));
#7785 = CARTESIAN_POINT('',(-105.2933084946,-191.6932610461,
    41.959012354135));
#7786 = CARTESIAN_POINT('',(-105.8751189817,-193.0659631832,
    41.948812354135));
#7787 = CARTESIAN_POINT('',(-106.4569294688,-194.4386653202,
    41.938612354135));
#7788 = ORIENTED_EDGE('',*,*,#7789,.F.);
#7789 = EDGE_CURVE('',#7481,#7768,#7790,.T.);
#7790 = B_SPLINE_CURVE_WITH_KNOTS('',7,(#7791,#7792,#7793,#7794,#7795,
    #7796,#7797,#7798,#7799,#7800,#7801,#7802,#7803,#7804,#7805,#7806,
    #7807,#7808,#7809,#7810,#7811,#7812,#7813,#7814,#7815,#7816),
  .UNSPECIFIED.,.F.,.F.,(8,6,6,6,8),(0.,0.249928743902,0.500002573608,
    0.75007469467,1.),.UNSPECIFIED.);
#7791 = CARTESIAN_POINT('',(-95.57658162653,-189.2749921413,34.));
#7792 = CARTESIAN_POINT('',(-95.94125546347,-189.0993744773,34.));
#7793 = CARTESIAN_POINT('',(-96.31479201696,-188.9194887539,
    34.023838195587));
#7794 = CARTESIAN_POINT('',(-96.69529656799,-188.7362474198,
    34.073594322343));
#7795 = CARTESIAN_POINT('',(-97.08040755024,-188.5507877453,
    34.15114205148));
#7796 = CARTESIAN_POINT('',(-97.46729118305,-188.3644744073,
    34.257934940985));
#7797 = CARTESIAN_POINT('',(-97.85274535045,-188.1788494636,
    34.394825659662));
#7798 = CARTESIAN_POINT('',(-98.61430108238,-187.8121035523,
    34.729108307305));
#7799 = CARTESIAN_POINT('',(-98.9903982936,-187.6309846811,
    34.926536733981));
#7800 = CARTESIAN_POINT('',(-99.3583397204,-187.4537934288,
    35.154311976587));
#7801 = CARTESIAN_POINT('',(-99.71460697208,-187.2822241629,
    35.411810777762));
#7802 = CARTESIAN_POINT('',(-100.0557321695,-187.1179469259,
    35.697561774268));
#7803 = CARTESIAN_POINT('',(-100.3785969912,-186.9624634225,
    36.00928974599));
#7804 = CARTESIAN_POINT('',(-100.9826325739,-186.671575217,
    36.678965131901));
#7805 = CARTESIAN_POINT('',(-101.2638047886,-186.5361698149,
    37.036913526275));
#7806 = CARTESIAN_POINT('',(-101.5215471261,-186.412047647,
    37.415107423287));
#7807 = CARTESIAN_POINT('',(-101.7538071185,-186.3001971297,
    37.810089797598));
#7808 = CARTESIAN_POINT('',(-101.9592573083,-186.2012575328,
    38.218015913717));
#7809 = CARTESIAN_POINT('',(-102.1373352615,-186.1154997104,
    38.63498488427));
#7810 = CARTESIAN_POINT('',(-102.438852999,-185.9702964209,
    39.479299588323));
#7811 = CARTESIAN_POINT('',(-102.5623260885,-185.9108349149,
    39.906640440956));
#7812 = CARTESIAN_POINT('',(-102.6586515306,-185.8644470268,
    40.335566432025));
#7813 = CARTESIAN_POINT('',(-102.7285983108,-185.8307624328,
    40.762527272487));
#7814 = CARTESIAN_POINT('',(-102.7734774865,-185.8091497609,
    41.184381054572));
#7815 = CARTESIAN_POINT('',(-102.7949791077,-185.7987951259,
    41.598509451841));
#7816 = CARTESIAN_POINT('',(-102.7949791077,-185.7987951259,
    42.002811770456));
#7817 = ( BOUNDED_SURFACE() B_SPLINE_SURFACE(2,6,(
    (#7818,#7819,#7820,#7821,#7822,#7823,#7824,#7825,#7826,#7827,#7828
      ,#7829,#7830,#7831,#7832,#7833,#7834)
    ,(#7835,#7836,#7837,#7838,#7839,#7840,#7841,#7842,#7843,#7844,#7845
      ,#7846,#7847,#7848,#7849,#7850,#7851)
    ,(#7852,#7853,#7854,#7855,#7856,#7857,#7858,#7859,#7860,#7861,#7862
      ,#7863,#7864,#7865,#7866,#7867,#7868
)),.UNSPECIFIED.,.F.,.F.,.F.) B_SPLINE_SURFACE_WITH_KNOTS((3,3),(7,5,5,7
    ),(0.,146.60956066178),(-9.000422918949,-5.47496049947E-02,
    146.55481105679,155.50048437074),.UNSPECIFIED.) 
GEOMETRIC_REPRESENTATION_ITEM() RATIONAL_B_SPLINE_SURFACE((
    (1.,1.,1.,1.,1.,1.,1.,1.,1.,1.,1.,1.,1.,1.,1.,1.,1.)
    ,(0.706990803572,0.706990803572,0.706990803572,0.706990803572
      ,0.706990803572,0.706990803572,0.706990803572,0.706990803572
      ,0.706990803572,0.706990803572,0.706990803572,0.706990803572
      ,0.706990803572,0.706990803572,0.706990803572,0.706990803572
      ,0.706990803572)
    ,(1.,1.,1.,1.,1.,1.,1.,1.,1.,1.,1.,1.,1.,1.,1.,1.,1.
))) REPRESENTATION_ITEM('') SURFACE() );
#7818 = CARTESIAN_POINT('',(-34.87438742957,-46.05648105939,
    35.064199416322));
#7819 = CARTESIAN_POINT('',(-35.45619791669,-47.42918319644,
    35.053999416322));
#7820 = CARTESIAN_POINT('',(-36.03800840382,-48.80188533349,
    35.043799416322));
#7821 = CARTESIAN_POINT('',(-36.61981889094,-50.17458747055,
    35.033599416322));
#7822 = CARTESIAN_POINT('',(-37.20162937807,-51.5472896076,
    35.023399416322));
#7823 = CARTESIAN_POINT('',(-37.7834398652,-52.91999174465,
    35.013199416322));
#7824 = CARTESIAN_POINT('',(-47.90047223136,-76.78974359164,
    34.835832846935));
#7825 = CARTESIAN_POINT('',(-57.43569411039,-99.28679330158,
    34.668666277548));
#7826 = CARTESIAN_POINT('',(-66.97091598942,-121.7838430115,
    34.501499708161));
#7827 = CARTESIAN_POINT('',(-76.50613786846,-144.2808927214,
    34.334333138774));
#7828 = CARTESIAN_POINT('',(-86.04135974749,-166.7779424313,
    34.167166569387));
#7829 = CARTESIAN_POINT('',(-96.15839211365,-190.6476942783,33.9898));
#7830 = CARTESIAN_POINT('',(-96.74020260078,-192.0203964154,33.9796));
#7831 = CARTESIAN_POINT('',(-97.3220130879,-193.3930985524,33.9694));
#7832 = CARTESIAN_POINT('',(-97.90382357503,-194.7658006895,33.9592));
#7833 = CARTESIAN_POINT('',(-98.48563406215,-196.1385028265,33.949));
#7834 = CARTESIAN_POINT('',(-99.06744454928,-197.5112049636,33.9388));
#7835 = CARTESIAN_POINT('',(-42.2425074547,-42.93353387452,
    35.061574558259));
#7836 = CARTESIAN_POINT('',(-42.82431794182,-44.30623601157,
    35.051374558259));
#7837 = CARTESIAN_POINT('',(-43.40612842895,-45.67893814862,
    35.041174558259));
#7838 = CARTESIAN_POINT('',(-43.98793891608,-47.05164028568,
    35.030974558259));
#7839 = CARTESIAN_POINT('',(-44.5697494032,-48.42434242273,
    35.020774558259));
#7840 = CARTESIAN_POINT('',(-45.15155989033,-49.79704455978,
    35.010574558259));
#7841 = CARTESIAN_POINT('',(-55.26859225649,-73.66679640677,
    34.833207988872));
#7842 = CARTESIAN_POINT('',(-64.80381413552,-96.16384611671,
    34.666041419485));
#7843 = CARTESIAN_POINT('',(-74.33903601455,-118.6608958266,
    34.498874850099));
#7844 = CARTESIAN_POINT('',(-83.87425789359,-141.1579455365,
    34.331708280712));
#7845 = CARTESIAN_POINT('',(-93.40947977262,-163.6549952465,
    34.164541711325));
#7846 = CARTESIAN_POINT('',(-103.5265121387,-187.5247470935,
    33.987175141938));
#7847 = CARTESIAN_POINT('',(-104.1083226259,-188.8974492305,
    33.976975141938));
#7848 = CARTESIAN_POINT('',(-104.690133113,-190.2701513676,
    33.966775141938));
#7849 = CARTESIAN_POINT('',(-105.2719436001,-191.6428535046,
    33.956575141938));
#7850 = CARTESIAN_POINT('',(-105.8537540872,-193.0155556417,
    33.946375141938));
#7851 = CARTESIAN_POINT('',(-106.4355645744,-194.3882577787,
    33.936175141938));
#7852 = CARTESIAN_POINT('',(-42.26387234915,-42.983941416,
    43.064011770456));
#7853 = CARTESIAN_POINT('',(-42.84568283627,-44.35664355306,
    43.053811770456));
#7854 = CARTESIAN_POINT('',(-43.4274933234,-45.72934569011,
    43.043611770456));
#7855 = CARTESIAN_POINT('',(-44.00930381052,-47.10204782716,
    43.033411770456));
#7856 = CARTESIAN_POINT('',(-44.59111429765,-48.47474996422,
    43.023211770456));
#7857 = CARTESIAN_POINT('',(-45.17292478477,-49.84745210127,
    43.013011770456));
#7858 = CARTESIAN_POINT('',(-55.28995715093,-73.71720394826,
    42.835645201069));
#7859 = CARTESIAN_POINT('',(-64.82517902997,-96.21425365819,
    42.668478631683));
#7860 = CARTESIAN_POINT('',(-74.360400909,-118.7113033681,
    42.501312062295));
#7861 = CARTESIAN_POINT('',(-83.89562278804,-141.208353078,
    42.334145492909));
#7862 = CARTESIAN_POINT('',(-93.43084466707,-163.705402788,
    42.166978923522));
#7863 = CARTESIAN_POINT('',(-103.5478770332,-187.5751546349,
    41.989612354135));
#7864 = CARTESIAN_POINT('',(-104.1296875203,-188.947856772,
    41.979412354135));
#7865 = CARTESIAN_POINT('',(-104.7114980074,-190.320558909,
    41.969212354135));
#7866 = CARTESIAN_POINT('',(-105.2933084946,-191.6932610461,
    41.959012354135));
#7867 = CARTESIAN_POINT('',(-105.8751189817,-193.0659631832,
    41.948812354135));
#7868 = CARTESIAN_POINT('',(-106.4569294688,-194.4386653202,
    41.938612354135));
#7869 = ADVANCED_FACE('',(#7870),#7902,.T.);
#7870 = FACE_BOUND('',#7871,.T.);
#7871 = EDGE_LOOP('',(#7872,#7873,#7895,#7901));
#7872 = ORIENTED_EDGE('',*,*,#2796,.T.);
#7873 = ORIENTED_EDGE('',*,*,#7874,.T.);
#7874 = EDGE_CURVE('',#2797,#7875,#7877,.T.);
#7875 = VERTEX_POINT('',#7876);
#7876 = CARTESIAN_POINT('',(-168.2348658577,129.06175078361,34.));
#7877 = B_SPLINE_CURVE_WITH_KNOTS('',6,(#7878,#7879,#7880,#7881,#7882,
    #7883,#7884,#7885,#7886,#7887,#7888,#7889,#7890,#7891,#7892,#7893,
    #7894),.UNSPECIFIED.,.F.,.F.,(7,5,5,7),(-9.000422918949,
    -5.474960499478E-02,146.55481105679,155.50048437074),.UNSPECIFIED.);
#7878 = CARTESIAN_POINT('',(-51.40389557385,26.364025982272,
    35.064199416322));
#7879 = CARTESIAN_POINT('',(-52.52368184569,27.348349763048,
    35.053999416322));
#7880 = CARTESIAN_POINT('',(-53.64346811753,28.332673543825,
    35.043799416322));
#7881 = CARTESIAN_POINT('',(-54.76325438937,29.316997324601,
    35.033599416322));
#7882 = CARTESIAN_POINT('',(-55.88304066121,30.301321105377,
    35.023399416322));
#7883 = CARTESIAN_POINT('',(-57.00282693305,31.285644886153,
    35.013199416322));
#7884 = CARTESIAN_POINT('',(-76.4746553137,48.401932353044,
    34.835832846935));
#7885 = CARTESIAN_POINT('',(-94.82669742251,64.533896039157,
    34.668666277548));
#7886 = CARTESIAN_POINT('',(-113.1787395313,80.665859725272,
    34.501499708161));
#7887 = CARTESIAN_POINT('',(-131.5307816401,96.797823411385,
    34.334333138774));
#7888 = CARTESIAN_POINT('',(-149.8828237489,112.9297870975,
    34.167166569387));
#7889 = CARTESIAN_POINT('',(-169.3546521296,130.04607456439,33.9898));
#7890 = CARTESIAN_POINT('',(-170.4744384014,131.03039834516,33.9796));
#7891 = CARTESIAN_POINT('',(-171.5942246732,132.01472212594,33.9694));
#7892 = CARTESIAN_POINT('',(-172.7140109451,132.99904590671,33.9592));
#7893 = CARTESIAN_POINT('',(-173.8337972169,133.98336968749,33.949));
#7894 = CARTESIAN_POINT('',(-174.9535834887,134.96769346827,33.9388));
#7895 = ORIENTED_EDGE('',*,*,#7896,.F.);
#7896 = EDGE_CURVE('',#7517,#7875,#7897,.T.);
#7897 = LINE('',#7898,#7899);
#7898 = CARTESIAN_POINT('',(-158.2663966609,141.56181578366,34.));
#7899 = VECTOR('',#7900,1.);
#7900 = DIRECTION('',(-0.623489801859,-0.781831482468,0.));
#7901 = ORIENTED_EDGE('',*,*,#7516,.F.);
#7902 = B_SPLINE_SURFACE_WITH_KNOTS('',1,1,(
    (#7903,#7904)
    ,(#7905,#7906
    )),.UNSPECIFIED.,.F.,.F.,.F.,(2,2),(2,2),(0.,38.),(0.,1.),
  .PIECEWISE_BEZIER_KNOTS.);
#7903 = CARTESIAN_POINT('',(-39.75457160757,56.005125089569,35.));
#7904 = CARTESIAN_POINT('',(-158.2663966609,141.56181578366,34.));
#7905 = CARTESIAN_POINT('',(-63.4471840782,26.295528755784,35.));
#7906 = CARTESIAN_POINT('',(-173.2301519055,122.79786020443,34.));
#7907 = ADVANCED_FACE('',(#7908),#8048,.T.);
#7908 = FACE_BOUND('',#7909,.F.);
#7909 = EDGE_LOOP('',(#7910,#7920,#7921,#7929,#7930,#7931));
#7910 = ORIENTED_EDGE('',*,*,#7911,.F.);
#7911 = EDGE_CURVE('',#3979,#7912,#7914,.T.);
#7912 = VERTEX_POINT('',#7913);
#7913 = CARTESIAN_POINT('',(-69.74299016592,-34.92671306121,
    42.935919218387));
#7914 = B_SPLINE_CURVE_WITH_KNOTS('',4,(#7915,#7916,#7917,#7918,#7919),
  .UNSPECIFIED.,.F.,.F.,(5,5),(0.,1.),.PIECEWISE_BEZIER_KNOTS.);
#7915 = CARTESIAN_POINT('',(-69.74325366667,-34.92676005567,43.));
#7916 = CARTESIAN_POINT('',(-69.74325366667,-34.92676005567,
    42.983979333698));
#7917 = CARTESIAN_POINT('',(-69.74320974801,-34.92675222292,
    42.967958818826));
#7918 = CARTESIAN_POINT('',(-69.74312191255,-34.92673655777,
    42.951938549127));
#7919 = CARTESIAN_POINT('',(-69.74299016099,-34.92671306033,
    42.935918618421));
#7920 = ORIENTED_EDGE('',*,*,#3978,.T.);
#7921 = ORIENTED_EDGE('',*,*,#7922,.F.);
#7922 = EDGE_CURVE('',#7649,#3981,#7923,.T.);
#7923 = B_SPLINE_CURVE_WITH_KNOTS('',4,(#7924,#7925,#7926,#7927,#7928),
  .UNSPECIFIED.,.F.,.F.,(5,5),(0.,1.),.PIECEWISE_BEZIER_KNOTS.);
#7924 = CARTESIAN_POINT('',(-49.57030275081,-60.22246297676,
    42.935918618421));
#7925 = CARTESIAN_POINT('',(-49.5703549766,-60.22258619636,
    42.951938549096));
#7926 = CARTESIAN_POINT('',(-49.57038979422,-60.22266834378,
    42.967958818862));
#7927 = CARTESIAN_POINT('',(-49.5704072034,-60.22270941836,
    42.983979333585));
#7928 = CARTESIAN_POINT('',(-49.5704072034,-60.22270941836,43.));
#7929 = ORIENTED_EDGE('',*,*,#7648,.T.);
#7930 = ORIENTED_EDGE('',*,*,#2906,.F.);
#7931 = ORIENTED_EDGE('',*,*,#7932,.F.);
#7932 = EDGE_CURVE('',#7912,#2876,#7933,.T.);
#7933 = B_SPLINE_CURVE_WITH_KNOTS('',8,(#7934,#7935,#7936,#7937,#7938,
    #7939,#7940,#7941,#7942,#7943,#7944,#7945,#7946,#7947,#7948,#7949,
    #7950,#7951,#7952,#7953,#7954,#7955,#7956,#7957,#7958,#7959,#7960,
    #7961,#7962,#7963,#7964,#7965,#7966,#7967,#7968,#7969,#7970,#7971,
    #7972,#7973,#7974,#7975,#7976,#7977,#7978,#7979,#7980,#7981,#7982,
    #7983,#7984,#7985,#7986,#7987,#7988,#7989,#7990,#7991,#7992,#7993,
    #7994,#7995,#7996,#7997,#7998,#7999,#8000,#8001,#8002,#8003,#8004,
    #8005,#8006,#8007,#8008,#8009,#8010,#8011,#8012,#8013,#8014,#8015,
    #8016,#8017,#8018,#8019,#8020,#8021,#8022,#8023,#8024,#8025,#8026,
    #8027,#8028,#8029,#8030,#8031,#8032,#8033,#8034,#8035,#8036,#8037,
    #8038,#8039,#8040,#8041,#8042,#8043,#8044,#8045,#8046,#8047),
  .UNSPECIFIED.,.F.,.F.,(9,7,7,7,7,7,7,7,7,7,7,7,7,7,7,7,9),(0.,
    0.106991883795,0.214175378111,0.319846282916,0.422847325799,
    0.52449744428,0.626023471327,0.728515848075,0.832679324343,
    0.890287816523,0.946887875191,0.970772527995,0.984448479132,
    0.992164730063,0.996269955091,0.998520299417,1.),.UNSPECIFIED.);
#7934 = CARTESIAN_POINT('',(-69.74299016592,-34.92671306121,
    42.935919218387));
#7935 = CARTESIAN_POINT('',(-69.7418039623,-34.92650150584,
    42.791685044428));
#7936 = CARTESIAN_POINT('',(-69.73894421098,-34.92297244768,
    42.646242184919));
#7937 = CARTESIAN_POINT('',(-69.73436165577,-34.91602745473,
    42.499680448094));
#7938 = CARTESIAN_POINT('',(-69.72800840294,-34.90557144493,
    42.352097051157));
#7939 = CARTESIAN_POINT('',(-69.7198383244,-34.89151358843,
    42.203596420301));
#7940 = CARTESIAN_POINT('',(-69.70980746069,-34.87376820989,
    42.054289990714));
#7941 = CARTESIAN_POINT('',(-69.69787442421,-34.85225569068,
    41.904296006601));
#7942 = CARTESIAN_POINT('',(-69.67010233409,-34.80150564863,
    41.602913005562));
#7943 = CARTESIAN_POINT('',(-69.65425632873,-34.77225437417,
    41.451521951304));
#7944 = CARTESIAN_POINT('',(-69.63642415922,-34.73907646114,
    41.299691493145));
#7945 = CARTESIAN_POINT('',(-69.61657022816,-34.70190591388,
    41.147553603847));
#7946 = CARTESIAN_POINT('',(-69.59466235688,-34.66068465973,
    40.995246261698));
#7947 = CARTESIAN_POINT('',(-69.57067217476,-34.61536338104,
    40.842912818003));
#7948 = CARTESIAN_POINT('',(-69.54457550842,-34.56590234708,
    40.690701364576));
#7949 = CARTESIAN_POINT('',(-69.48852831721,-34.45939898101,
    40.388970999271));
#7950 = CARTESIAN_POINT('',(-69.45863737625,-34.40247349025,
    40.239444353896));
#7951 = CARTESIAN_POINT('',(-69.42666111719,-34.34146752598,
    40.090329854261));
#7952 = CARTESIAN_POINT('',(-69.3925850704,-34.2763627463,
    39.941776971593));
#7953 = CARTESIAN_POINT('',(-69.35639935692,-34.20715114876,
    39.793938020479));
#7954 = CARTESIAN_POINT('',(-69.31809891767,-34.13383550403,
    39.64696722017));
#7955 = CARTESIAN_POINT('',(-69.27768374268,-34.05642978944,
    39.501019755876));
#7956 = CARTESIAN_POINT('',(-69.19370887789,-33.89554786635,
    39.215139629436));
#7957 = CARTESIAN_POINT('',(-69.15025442808,-33.81227442748,
    39.075148105884));
#7958 = CARTESIAN_POINT('',(-69.1048005273,-33.72516280128,
    38.936419953731));
#7959 = CARTESIAN_POINT('',(-69.0573567227,-33.6342469873,
    38.799098745938));
#7960 = CARTESIAN_POINT('',(-69.00793732087,-33.53957139382,
    38.663326997606));
#7961 = CARTESIAN_POINT('',(-68.95656137663,-33.44119074228,
    38.529245219468));
#7962 = CARTESIAN_POINT('',(-68.90325268179,-33.33916997163,
    38.396990971387));
#7963 = CARTESIAN_POINT('',(-68.79355097881,-33.12938313947,
    38.138113736877));
#7964 = CARTESIAN_POINT('',(-68.73720758227,-33.0217099483,
    38.011439593579));
#7965 = CARTESIAN_POINT('',(-68.67903684533,-32.91063648586,
    37.886804012096));
#7966 = CARTESIAN_POINT('',(-68.61907052775,-32.79624421178,
    37.764331700818));
#7967 = CARTESIAN_POINT('',(-68.55734459682,-32.67862356947,
    37.644142790047));
#7968 = CARTESIAN_POINT('',(-68.49389895614,-32.55787342695,
    37.526352071648));
#7969 = CARTESIAN_POINT('',(-68.42877717444,-32.43410051757,
    37.411068238707));
#7970 = CARTESIAN_POINT('',(-68.29535674183,-32.18089189321,
    37.185855562084));
#7971 = CARTESIAN_POINT('',(-68.22706206859,-32.05146324437,
    37.075920323915));
#7972 = CARTESIAN_POINT('',(-68.15718879765,-31.91924637742,
    36.96868901724));
#7973 = CARTESIAN_POINT('',(-68.08578695618,-31.78436192691,
    36.864256348819));
#7974 = CARTESIAN_POINT('',(-68.01290936376,-31.64693681024,
    36.762709694124));
#7975 = CARTESIAN_POINT('',(-67.93861100071,-31.507103319,
    36.664128665856));
#7976 = CARTESIAN_POINT('',(-67.8629483763,-31.36499821041,
    36.56858468246));
#7977 = CARTESIAN_POINT('',(-67.70827680344,-31.07515250939,
    36.382816484699));
#7978 = CARTESIAN_POINT('',(-67.6292429695,-30.92737114936,
    36.292651554613));
#7979 = CARTESIAN_POINT('',(-67.54893584136,-30.77756192462,
    36.205710545358));
#7980 = CARTESIAN_POINT('',(-67.46741531353,-30.62587273737,
    36.122049280513));
#7981 = CARTESIAN_POINT('',(-67.38474095626,-30.472453969,
    36.041714589537));
#7982 = CARTESIAN_POINT('',(-67.30097024279,-30.31745726307,
    35.964744289051));
#7983 = CARTESIAN_POINT('',(-67.21615677659,-30.16103430825,
    35.891167164115));
#7984 = CARTESIAN_POINT('',(-67.04314118951,-29.84306571691,
    35.749694733863));
#7985 = CARTESIAN_POINT('',(-66.95490585827,-29.68147808742,
    35.681911677114));
#7986 = CARTESIAN_POINT('',(-66.86569356223,-29.51873083286,
    35.617674583282));
#7987 = CARTESIAN_POINT('',(-66.775544442,-29.35498004824,
    35.556994831782));
#7988 = CARTESIAN_POINT('',(-66.68448992627,-29.19037922611,
    35.49987456149));
#7989 = CARTESIAN_POINT('',(-66.59254554038,-29.02507717088,
    35.446307035734));
#7990 = CARTESIAN_POINT('',(-66.49969433856,-28.859214425,
    35.396277188221));
#7991 = CARTESIAN_POINT('',(-66.35396561565,-28.60094667625,
    35.324036924843));
#7992 = CARTESIAN_POINT('',(-66.30176960073,-28.50884253209,
    35.299386655036));
#7993 = CARTESIAN_POINT('',(-66.24926031414,-28.41662731035,
    35.275807699976));
#7994 = CARTESIAN_POINT('',(-66.19641773701,-28.32432098799,
    35.253295526096));
#7995 = CARTESIAN_POINT('',(-66.14321463676,-28.23194198115,
    35.231844930921));
#7996 = CARTESIAN_POINT('',(-66.08961270485,-28.13950646606,
    35.211450098814));
#7997 = CARTESIAN_POINT('',(-66.03555462785,-28.04702702296,
    35.192104688291));
#7998 = CARTESIAN_POINT('',(-65.92730537076,-27.86361367787,
    35.155819601962));
#7999 = CARTESIAN_POINT('',(-65.87313295404,-27.77268142073,
    35.138843828762));
#8000 = CARTESIAN_POINT('',(-65.81835184284,-27.68172017402,
    35.12286812478));
#8001 = CARTESIAN_POINT('',(-65.76284009663,-27.59072961536,
    35.107885762377));
#8002 = CARTESIAN_POINT('',(-65.70645046173,-27.49970498563,
    35.093889687306));
#8003 = CARTESIAN_POINT('',(-65.64891776708,-27.4086216768,
    35.080873221516));
#8004 = CARTESIAN_POINT('',(-65.58991288996,-27.31744416595,
    35.068829649947));
#8005 = CARTESIAN_POINT('',(-65.50276125608,-27.18749165568,
    35.053082118476));
#8006 = CARTESIAN_POINT('',(-65.47649178422,-27.14888982354,
    35.04858152189));
#8007 = CARTESIAN_POINT('',(-65.4497536592,-27.11024174811,
    35.044253274731));
#8008 = CARTESIAN_POINT('',(-65.42247229935,-27.07153643757,
    35.040097192088));
#8009 = CARTESIAN_POINT('',(-65.39454524624,-27.03275847751,
    35.036113310368));
#8010 = CARTESIAN_POINT('',(-65.36584092246,-26.99388782132,
    35.032301887504));
#8011 = CARTESIAN_POINT('',(-65.33617539012,-26.9548959559,
    35.028663572178));
#8012 = CARTESIAN_POINT('',(-65.28751236416,-26.89330810456,
    35.023216854025));
#8013 = CARTESIAN_POINT('',(-65.26937514484,-26.87082801786,
    35.021291027251));
#8014 = CARTESIAN_POINT('',(-65.25075774264,-26.84828211949,
    35.019422826035));
#8015 = CARTESIAN_POINT('',(-65.23158781084,-26.82565885093,
    35.017612655685));
#8016 = CARTESIAN_POINT('',(-65.21176564779,-26.80294254476,
    35.015861167731));
#8017 = CARTESIAN_POINT('',(-65.19116438248,-26.78011344724,
    35.014169249101));
#8018 = CARTESIAN_POINT('',(-65.16960740209,-26.75714405645,
    35.012538192066));
#8019 = CARTESIAN_POINT('',(-65.13390613777,-26.72091886821,
    35.010085757398));
#8020 = CARTESIAN_POINT('',(-65.1206263668,-26.7077930066,
    35.009221343162));
#8021 = CARTESIAN_POINT('',(-65.10688624802,-26.69459809995,
    35.008377503379));
#8022 = CARTESIAN_POINT('',(-65.09261861745,-26.68132349203,
    35.007554747824));
#8023 = CARTESIAN_POINT('',(-65.0777286228,-26.66795472151,
    35.006753861618));
#8024 = CARTESIAN_POINT('',(-65.06209656362,-26.65447395381,
    35.005975872495));
#8025 = CARTESIAN_POINT('',(-65.04555525007,-26.64085641477,
    35.005222230438));
#8026 = CARTESIAN_POINT('',(-65.01834593809,-26.61971308739,
    35.004109009987));
#8027 = CARTESIAN_POINT('',(-65.00855387622,-26.61232018362,
    35.003730140234));
#8028 = CARTESIAN_POINT('',(-64.99836920319,-26.60486849879,
    35.003359342727));
#8029 = CARTESIAN_POINT('',(-64.98773596791,-26.59734949295,
    35.002997089831));
#8030 = CARTESIAN_POINT('',(-64.97657441586,-26.58975185578,
    35.002644124988));
#8031 = CARTESIAN_POINT('',(-64.96478497675,-26.58206207687,
    35.002301419595));
#8032 = CARTESIAN_POINT('',(-64.95222894411,-26.57426155461,
    35.001970338477));
#8033 = CARTESIAN_POINT('',(-64.93119288632,-26.56195694979,
    35.001479696341));
#8034 = CARTESIAN_POINT('',(-64.92343958833,-26.55755877276,
    35.001310337883));
#8035 = CARTESIAN_POINT('',(-64.91533219867,-26.5531106858,
    35.001145687298));
#8036 = CARTESIAN_POINT('',(-64.90681848997,-26.5486050767,
    35.000986215941));
#8037 = CARTESIAN_POINT('',(-64.89782109054,-26.54403243201,
    35.000832752497));
#8038 = CARTESIAN_POINT('',(-64.88824637482,-26.53938245613,
    35.000686383366));
#8039 = CARTESIAN_POINT('',(-64.87796485555,-26.5346413869,
    35.000548638635));
#8040 = CARTESIAN_POINT('',(-64.8592989101,-26.52657980578,
    35.000339686503));
#8041 = CARTESIAN_POINT('',(-64.85153428323,-26.52335667172,
    35.000262583836));
#8042 = CARTESIAN_POINT('',(-64.84328750947,-26.52007451979,
    35.000191219263));
#8043 = CARTESIAN_POINT('',(-64.83441106209,-26.51671102049,
    35.000126880393));
#8044 = CARTESIAN_POINT('',(-64.8248052174,-26.51325714659,
    35.000070865586));
#8045 = CARTESIAN_POINT('',(-64.81422554965,-26.509706619,
    35.000027457843));
#8046 = CARTESIAN_POINT('',(-64.80254506179,-26.50607294618,35.));
#8047 = CARTESIAN_POINT('',(-64.78909017174,-26.50233564647,35.));
#8048 = TOROIDAL_SURFACE('',#8049,70.,8.);
#8049 = AXIS2_PLACEMENT_3D('',#8050,#8051,#8052);
#8050 = CARTESIAN_POINT('',(0.,0.,43.));
#8051 = DIRECTION('',(-0.,-0.,-1.));
#8052 = DIRECTION('',(1.,0.,-0.));
#8053 = ADVANCED_FACE('',(#8054),#8228,.T.);
#8054 = FACE_BOUND('',#8055,.T.);
#8055 = EDGE_LOOP('',(#8056,#8057,#8058,#8177,#8199));
#8056 = ORIENTED_EDGE('',*,*,#7874,.F.);
#8057 = ORIENTED_EDGE('',*,*,#2804,.F.);
#8058 = ORIENTED_EDGE('',*,*,#8059,.F.);
#8059 = EDGE_CURVE('',#8060,#2805,#8062,.T.);
#8060 = VERTEX_POINT('',#8061);
#8061 = CARTESIAN_POINT('',(-70.79084696997,32.750815987068,
    42.935919218387));
#8062 = B_SPLINE_CURVE_WITH_KNOTS('',8,(#8063,#8064,#8065,#8066,#8067,
    #8068,#8069,#8070,#8071,#8072,#8073,#8074,#8075,#8076,#8077,#8078,
    #8079,#8080,#8081,#8082,#8083,#8084,#8085,#8086,#8087,#8088,#8089,
    #8090,#8091,#8092,#8093,#8094,#8095,#8096,#8097,#8098,#8099,#8100,
    #8101,#8102,#8103,#8104,#8105,#8106,#8107,#8108,#8109,#8110,#8111,
    #8112,#8113,#8114,#8115,#8116,#8117,#8118,#8119,#8120,#8121,#8122,
    #8123,#8124,#8125,#8126,#8127,#8128,#8129,#8130,#8131,#8132,#8133,
    #8134,#8135,#8136,#8137,#8138,#8139,#8140,#8141,#8142,#8143,#8144,
    #8145,#8146,#8147,#8148,#8149,#8150,#8151,#8152,#8153,#8154,#8155,
    #8156,#8157,#8158,#8159,#8160,#8161,#8162,#8163,#8164,#8165,#8166,
    #8167,#8168,#8169,#8170,#8171,#8172,#8173,#8174,#8175,#8176),
  .UNSPECIFIED.,.F.,.F.,(9,7,7,7,7,7,7,7,7,7,7,7,7,7,7,7,9),(0.,
    0.106991883795,0.214175378111,0.319846282916,0.422847325798,
    0.524497444279,0.626023471326,0.728515848074,0.832679324342,
    0.890287816522,0.94688787519,0.970772527995,0.984448479132,
    0.992164730063,0.996269955091,0.998520299417,1.),.UNSPECIFIED.);
#8063 = CARTESIAN_POINT('',(-70.79084696997,32.750815987068,
    42.935919218387));
#8064 = CARTESIAN_POINT('',(-70.78994198346,32.750020478351,
    42.791685044428));
#8065 = CARTESIAN_POINT('',(-70.7853998289,32.749984966509,
    42.646242184919));
#8066 = CARTESIAN_POINT('',(-70.77711283832,32.750732312849,
    42.499680448094));
#8067 = CARTESIAN_POINT('',(-70.76497681234,32.752284355255,
    42.352097051157));
#8068 = CARTESIAN_POINT('',(-70.7488919769,32.754661660792,42.2035964203
    ));
#8069 = CARTESIAN_POINT('',(-70.72876394006,32.757883278307,
    42.054289990714));
#8070 = CARTESIAN_POINT('',(-70.70450464873,32.761966491035,
    41.9042960066));
#8071 = CARTESIAN_POINT('',(-70.64751105315,32.771895530308,
    41.602913005561));
#8072 = CARTESIAN_POINT('',(-70.61476166313,32.777744495763,
    41.451521951304));
#8073 = CARTESIAN_POINT('',(-70.57770395037,32.784488834664,
    41.299691493145));
#8074 = CARTESIAN_POINT('',(-70.53626412275,32.792141863459,
    41.147553603846));
#8075 = CARTESIAN_POINT('',(-70.49037671419,32.800714631564,
    40.995246261697));
#8076 = CARTESIAN_POINT('',(-70.43998547779,32.810215706978,
    40.842912818003));
#8077 = CARTESIAN_POINT('',(-70.38504427896,32.820650961912,
    40.690701364575));
#8078 = CARTESIAN_POINT('',(-70.26683174223,32.843235265925,
    40.38897099927));
#8079 = CARTESIAN_POINT('',(-70.20368890455,32.855358050203,
    40.239444353896));
#8080 = CARTESIAN_POINT('',(-70.13605564964,32.868394600747,
    40.090329854261));
#8081 = CARTESIAN_POINT('',(-70.06390861556,32.882345040754,
    39.941776971592));
#8082 = CARTESIAN_POINT('',(-69.98723538633,32.897206635975,
    39.793938020478));
#8083 = CARTESIAN_POINT('',(-69.90603497384,32.912973703587,
    39.646967220169));
#8084 = CARTESIAN_POINT('',(-69.82031829981,32.929637521061,
    39.501019755875));
#8085 = CARTESIAN_POINT('',(-69.64217827557,32.96429156638,
    39.215139629436));
#8086 = CARTESIAN_POINT('',(-69.5499790731,32.98223764936,
    39.075148105884));
#8087 = CARTESIAN_POINT('',(-69.45353241766,33.001013569296,
    38.93641995373));
#8088 = CARTESIAN_POINT('',(-69.3528708437,33.020605592058,
    38.799098745937));
#8089 = CARTESIAN_POINT('',(-69.24803799104,33.040997214878,
    38.663326997605));
#8090 = CARTESIAN_POINT('',(-69.13908852311,33.062169217167,
    38.529245219467));
#8091 = CARTESIAN_POINT('',(-69.02608804517,33.084099711329,
    38.396990971386));
#8092 = CARTESIAN_POINT('',(-68.79367220212,33.129131416677,
    38.138113736877));
#8093 = CARTESIAN_POINT('',(-68.6743603783,33.152213512058,
    38.011439593579));
#8094 = CARTESIAN_POINT('',(-68.55125078725,33.175986969643,
    37.886804012095));
#8095 = CARTESIAN_POINT('',(-68.42442691855,33.200425830974,
    37.764331700818));
#8096 = CARTESIAN_POINT('',(-68.29398190897,33.225501825855,
    37.644142790047));
#8097 = CARTESIAN_POINT('',(-68.1600179361,33.251184508984,
    37.526352071648));
#8098 = CARTESIAN_POINT('',(-68.0226456121,33.2774413966,37.411068238707
    ));
#8099 = CARTESIAN_POINT('',(-67.74149285885,33.331002097015,
    37.185855562083));
#8100 = CARTESIAN_POINT('',(-67.59772043416,33.358304614014,
    37.075920323914));
#8101 = CARTESIAN_POINT('',(-67.45078385322,33.386111359187,
    36.96868901724));
#8102 = CARTESIAN_POINT('',(-67.30080862333,33.414386230935,
    36.864256348818));
#8103 = CARTESIAN_POINT('',(-67.14792690497,33.443091393585,
    36.762709694123));
#8104 = CARTESIAN_POINT('',(-66.99227640756,33.472187350001,
    36.664128665855));
#8105 = CARTESIAN_POINT('',(-66.83399928514,33.501633014188,
    36.56858468246));
#8106 = CARTESIAN_POINT('',(-66.51095264271,33.561421747776,
    36.382816484699));
#8107 = CARTESIAN_POINT('',(-66.34613573346,33.591770779109,
    36.292651554613));
#8108 = CARTESIAN_POINT('',(-66.17893948978,33.622388661908,
    36.205710545358));
#8109 = CARTESIAN_POINT('',(-66.00951688989,33.653230008087,
    36.122049280513));
#8110 = CARTESIAN_POINT('',(-65.83802264815,33.684247630276,
    36.041714589536));
#8111 = CARTESIAN_POINT('',(-65.66461115822,33.715391914647,
    35.96474428905));
#8112 = CARTESIAN_POINT('',(-65.48943443633,33.746610193742,
    35.891167164114));
#8113 = CARTESIAN_POINT('',(-65.13296312708,33.809591334819,
    35.749694733863));
#8114 = CARTESIAN_POINT('',(-64.95161500198,33.841354414074,
    35.681911677114));
#8115 = CARTESIAN_POINT('',(-64.76875111789,33.873076685914,
    35.617674583282));
#8116 = CARTESIAN_POINT('',(-64.58451854209,33.90469220986,
    35.556994831782));
#8117 = CARTESIAN_POINT('',(-64.39905687533,33.936129856816,
    35.49987456149));
#8118 = CARTESIAN_POINT('',(-64.2124921375,33.967308986954,
    35.446307035734));
#8119 = CARTESIAN_POINT('',(-64.02492364358,33.998128724747,
    35.396277188221));
#8120 = CARTESIAN_POINT('',(-63.73214141413,34.045220728774,
    35.324036924843));
#8121 = CARTESIAN_POINT('',(-63.62758781156,34.061838235637,
    35.299386655036));
#8122 = CARTESIAN_POINT('',(-63.52275204335,34.078280072595,
    35.275807699976));
#8123 = CARTESIAN_POINT('',(-63.41763724655,34.094518132814,
    35.253295526096));
#8124 = CARTESIAN_POINT('',(-63.31224084025,34.110519642746,
    35.231844930921));
#8125 = CARTESIAN_POINT('',(-63.20655158655,34.126244565841,
    35.211450098813));
#8126 = CARTESIAN_POINT('',(-63.10054358674,34.141640249019,
    35.192104688291));
#8127 = CARTESIAN_POINT('',(-62.88965295138,34.171363922056,
    35.155819601962));
#8128 = CARTESIAN_POINT('',(-62.78478330062,34.18570555618,
    35.138843828762));
#8129 = CARTESIAN_POINT('',(-62.67951147006,34.199589368487,
    35.122868124779));
#8130 = CARTESIAN_POINT('',(-62.57376117908,34.212920223045,
    35.107885762378));
#8131 = CARTESIAN_POINT('',(-62.46743689556,34.225585959543,
    35.093889687305));
#8132 = CARTESIAN_POINT('',(-62.36035404882,34.237394601765,
    35.080873221516));
#8133 = CARTESIAN_POINT('',(-62.2522796612,34.248110979387,
    35.068829649947));
#8134 = CARTESIAN_POINT('',(-62.0963405425,34.26099715315,
    35.053082118476));
#8135 = CARTESIAN_POINT('',(-62.04978166705,34.264526701704,
    35.04858152189));
#8136 = CARTESIAN_POINT('',(-62.00289443667,34.267718674672,
    35.044253274731));
#8137 = CARTESIAN_POINT('',(-61.9556237567,34.270521615052,
    35.040097192088));
#8138 = CARTESIAN_POINT('',(-61.90789369389,34.27286502835,
    35.036113310368));
#8139 = CARTESIAN_POINT('',(-61.85960653799,34.274658542063,
    35.032301887504));
#8140 = CARTESIAN_POINT('',(-61.81062531317,34.275776125387,
    35.028663572178));
#8141 = CARTESIAN_POINT('',(-61.73213309164,34.276129236888,
    35.023216854025));
#8142 = CARTESIAN_POINT('',(-61.70324908085,34.275965092622,
    35.021291027251));
#8143 = CARTESIAN_POINT('',(-61.67401422729,34.275466559164,
    35.019422826035));
#8144 = CARTESIAN_POINT('',(-61.64437438671,34.274584280197,
    35.017612655685));
#8145 = CARTESIAN_POINT('',(-61.61425514688,34.273250074308,
    35.015861167731));
#8146 = CARTESIAN_POINT('',(-61.58356196089,34.271377065996,
    35.014169249101));
#8147 = CARTESIAN_POINT('',(-61.55216321061,34.268844320977,
    35.012538192066));
#8148 = CARTESIAN_POINT('',(-61.50158184377,34.263517984001,
    35.010085757398));
#8149 = CARTESIAN_POINT('',(-61.48303983015,34.26131928183,
    35.009221343162));
#8150 = CARTESIAN_POINT('',(-61.46415681279,34.258803714132,
    35.008377503379));
#8151 = CARTESIAN_POINT('',(-61.44488258424,34.255925414033,
    35.007554747824));
#8152 = CARTESIAN_POINT('',(-61.42514669875,34.252619239524,
    35.006753861618));
#8153 = CARTESIAN_POINT('',(-61.40486058067,34.248802724702,
    35.005975872495));
#8154 = CARTESIAN_POINT('',(-61.38390061963,34.244360601731,
    35.005222230438));
#8155 = CARTESIAN_POINT('',(-61.35040537211,34.236270154001,
    35.004109009987));
#8156 = CARTESIAN_POINT('',(-61.33852011648,34.23322381186,
    35.003730140234));
#8157 = CARTESIAN_POINT('',(-61.32634411492,34.229907163347,
    35.003359342727));
#8158 = CARTESIAN_POINT('',(-61.31383580568,34.226281788705,
    35.002997089831));
#8159 = CARTESIAN_POINT('',(-61.30093661987,34.222292385213,
    35.002644124988));
#8160 = CARTESIAN_POINT('',(-61.28757391356,34.217869529286,
    35.002301419595));
#8161 = CARTESIAN_POINT('',(-61.27364666138,34.212916373752,
    35.001970338477));
#8162 = CARTESIAN_POINT('',(-61.25091076645,34.204141517125,
    35.001479696341));
#8163 = CARTESIAN_POINT('',(-61.24263803096,34.20082196319,
    35.001310337883));
#8164 = CARTESIAN_POINT('',(-61.23410550176,34.197256687567,
    35.001145687298));
#8165 = CARTESIAN_POINT('',(-61.22527466417,34.193409603394,
    35.000986215941));
#8166 = CARTESIAN_POINT('',(-61.2160898398,34.189226150602,
    35.000832752497));
#8167 = CARTESIAN_POINT('',(-61.20648460466,34.184639548947,
    35.000686383366));
#8168 = CARTESIAN_POINT('',(-61.19636746506,34.179557141812,
    35.000548638635));
#8169 = CARTESIAN_POINT('',(-61.17842664051,34.169989831625,
    35.000339686503));
#8170 = CARTESIAN_POINT('',(-61.17106552717,34.165928793106,
    35.000262583836));
#8171 = CARTESIAN_POINT('',(-61.16335765811,34.161527594007,
    35.000191219263));
#8172 = CARTESIAN_POINT('',(-61.15519359406,34.156684815504,
    35.000126880393));
#8173 = CARTESIAN_POINT('',(-61.1465041005,34.151328118869,
    35.000070865587));
#8174 = CARTESIAN_POINT('',(-61.13713187131,34.14527031929,
    35.000027457843));
#8175 = CARTESIAN_POINT('',(-61.12700828643,34.138403704092,35.));
#8176 = CARTESIAN_POINT('',(-61.11569736113,34.130214415715,35.));
#8177 = ORIENTED_EDGE('',*,*,#8178,.T.);
#8178 = EDGE_CURVE('',#8060,#8179,#8181,.T.);
#8179 = VERTEX_POINT('',#8180);
#8180 = CARTESIAN_POINT('',(-173.2301519055,122.79786020443,
    42.002811770456));
#8181 = B_SPLINE_CURVE_WITH_KNOTS('',6,(#8182,#8183,#8184,#8185,#8186,
    #8187,#8188,#8189,#8190,#8191,#8192,#8193,#8194,#8195,#8196,#8197,
    #8198),.UNSPECIFIED.,.F.,.F.,(7,5,5,7),(-9.000422918949,
    -5.474960499478E-02,146.55481105679,155.50048437074),.UNSPECIFIED.);
#8182 = CARTESIAN_POINT('',(-56.72846644717,20.389586071126,
    43.064011770456));
#8183 = CARTESIAN_POINT('',(-57.84825271901,21.373909851903,
    43.053811770456));
#8184 = CARTESIAN_POINT('',(-58.96803899085,22.358233632679,
    43.043611770456));
#8185 = CARTESIAN_POINT('',(-60.08782526269,23.342557413455,
    43.033411770456));
#8186 = CARTESIAN_POINT('',(-61.20761153452,24.326881194231,
    43.023211770456));
#8187 = CARTESIAN_POINT('',(-62.32739780636,25.311204975008,
    43.013011770456));
#8188 = CARTESIAN_POINT('',(-81.79922618701,42.427492441898,
    42.83564520107));
#8189 = CARTESIAN_POINT('',(-100.1512682958,58.559456128012,
    42.668478631682));
#8190 = CARTESIAN_POINT('',(-118.5033104046,74.691419814126,
    42.501312062296));
#8191 = CARTESIAN_POINT('',(-136.8553525134,90.82338350024,
    42.334145492908));
#8192 = CARTESIAN_POINT('',(-155.2073946222,106.95534718635,
    42.166978923522));
#8193 = CARTESIAN_POINT('',(-174.6792230029,124.07163465324,
    41.989612354135));
#8194 = CARTESIAN_POINT('',(-175.7990092747,125.05595843402,
    41.979412354135));
#8195 = CARTESIAN_POINT('',(-176.9187955465,126.04028221479,
    41.969212354135));
#8196 = CARTESIAN_POINT('',(-178.0385818184,127.02460599557,
    41.959012354135));
#8197 = CARTESIAN_POINT('',(-179.1583680902,128.00892977634,
    41.948812354135));
#8198 = CARTESIAN_POINT('',(-180.2781543621,128.99325355712,
    41.938612354135));
#8199 = ORIENTED_EDGE('',*,*,#8200,.F.);
#8200 = EDGE_CURVE('',#7875,#8179,#8201,.T.);
#8201 = B_SPLINE_CURVE_WITH_KNOTS('',7,(#8202,#8203,#8204,#8205,#8206,
    #8207,#8208,#8209,#8210,#8211,#8212,#8213,#8214,#8215,#8216,#8217,
    #8218,#8219,#8220,#8221,#8222,#8223,#8224,#8225,#8226,#8227),
  .UNSPECIFIED.,.F.,.F.,(8,6,6,6,8),(0.,0.249928743901,0.500002573609,
    0.750074694671,1.),.UNSPECIFIED.);
#8202 = CARTESIAN_POINT('',(-168.2348658577,129.06175078361,34.));
#8203 = CARTESIAN_POINT('',(-168.487227983,128.74529868775,34.));
#8204 = CARTESIAN_POINT('',(-168.7457232985,128.4211558147,
    34.023838195587));
#8205 = CARTESIAN_POINT('',(-169.0090406178,128.09096633999,
    34.073594322343));
#8206 = CARTESIAN_POINT('',(-169.2755456865,127.75677955409,
    34.15114205148));
#8207 = CARTESIAN_POINT('',(-169.5432774674,127.42105451967,
    34.257934940985));
#8208 = CARTESIAN_POINT('',(-169.8100200276,127.08656992885,
    34.394825659662));
#8209 = CARTESIAN_POINT('',(-170.337032946,126.42571663182,
    34.729108307306));
#8210 = CARTESIAN_POINT('',(-170.5973002915,126.09935170327,
    34.926536733979));
#8211 = CARTESIAN_POINT('',(-170.8519236592,125.78006409918,
    35.154311976592));
#8212 = CARTESIAN_POINT('',(-171.098468247,125.47090696464,
    35.411810777754));
#8213 = CARTESIAN_POINT('',(-171.3345342082,125.17488961224,
    35.697561774274));
#8214 = CARTESIAN_POINT('',(-171.5579635972,124.89471802013,
    36.009289745988));
#8215 = CARTESIAN_POINT('',(-171.97596919,124.37055558579,
    36.678965131903));
#8216 = CARTESIAN_POINT('',(-172.1705463999,124.12656348205,
    37.036913526267));
#8217 = CARTESIAN_POINT('',(-172.3489096315,123.90290306381,
    37.4151074233));
#8218 = CARTESIAN_POINT('',(-172.5096385333,123.7013553959,
    37.810089797585));
#8219 = CARTESIAN_POINT('',(-172.651814476,123.52307240279,
    38.218015913724));
#8220 = CARTESIAN_POINT('',(-172.7750482432,123.36854214641,
    38.634984884268));
#8221 = CARTESIAN_POINT('',(-172.9837049917,123.10689485969,
    39.479299588322));
#8222 = CARTESIAN_POINT('',(-173.0691510208,122.99974892821,
    39.906640440958));
#8223 = CARTESIAN_POINT('',(-173.1358102949,122.91616084224,
    40.335566432023));
#8224 = CARTESIAN_POINT('',(-173.1842149687,122.85546330118,
    40.762527272485));
#8225 = CARTESIAN_POINT('',(-173.2152723219,122.81651861205,
    41.184381054575));
#8226 = CARTESIAN_POINT('',(-173.2301519055,122.79786020443,
    41.59850945184));
#8227 = CARTESIAN_POINT('',(-173.2301519055,122.79786020443,
    42.002811770456));
#8228 = ( BOUNDED_SURFACE() B_SPLINE_SURFACE(2,6,(
    (#8229,#8230,#8231,#8232,#8233,#8234,#8235,#8236,#8237,#8238,#8239
      ,#8240,#8241,#8242,#8243,#8244,#8245)
    ,(#8246,#8247,#8248,#8249,#8250,#8251,#8252,#8253,#8254,#8255,#8256
      ,#8257,#8258,#8259,#8260,#8261,#8262)
    ,(#8263,#8264,#8265,#8266,#8267,#8268,#8269,#8270,#8271,#8272,#8273
      ,#8274,#8275,#8276,#8277,#8278,#8279
)),.UNSPECIFIED.,.F.,.F.,.F.) B_SPLINE_SURFACE_WITH_KNOTS((3,3),(7,5,5,7
    ),(0.,146.60956066178),(-9.000422918949,-5.474960499478E-02,
    146.55481105679,155.50048437074),.UNSPECIFIED.) 
GEOMETRIC_REPRESENTATION_ITEM() RATIONAL_B_SPLINE_SURFACE((
    (1.,1.,1.,1.,1.,1.,1.,1.,1.,1.,1.,1.,1.,1.,1.,1.,1.)
    ,(0.706990803572,0.706990803572,0.706990803572,0.706990803572
      ,0.706990803572,0.706990803572,0.706990803572,0.706990803572
      ,0.706990803572,0.706990803572,0.706990803572,0.706990803572
      ,0.706990803572,0.706990803572,0.706990803572,0.706990803572
      ,0.706990803572)
    ,(1.,1.,1.,1.,1.,1.,1.,1.,1.,1.,1.,1.,1.,1.,1.,1.,1.
))) REPRESENTATION_ITEM('') SURFACE() );
#8229 = CARTESIAN_POINT('',(-51.40389557385,26.364025982272,
    35.064199416322));
#8230 = CARTESIAN_POINT('',(-52.52368184569,27.348349763048,
    35.053999416322));
#8231 = CARTESIAN_POINT('',(-53.64346811753,28.332673543825,
    35.043799416322));
#8232 = CARTESIAN_POINT('',(-54.76325438937,29.316997324601,
    35.033599416322));
#8233 = CARTESIAN_POINT('',(-55.88304066121,30.301321105377,
    35.023399416322));
#8234 = CARTESIAN_POINT('',(-57.00282693305,31.285644886153,
    35.013199416322));
#8235 = CARTESIAN_POINT('',(-76.4746553137,48.401932353044,
    34.835832846935));
#8236 = CARTESIAN_POINT('',(-94.82669742251,64.533896039157,
    34.668666277548));
#8237 = CARTESIAN_POINT('',(-113.1787395313,80.665859725272,
    34.501499708161));
#8238 = CARTESIAN_POINT('',(-131.5307816401,96.797823411385,
    34.334333138774));
#8239 = CARTESIAN_POINT('',(-149.8828237489,112.9297870975,
    34.167166569387));
#8240 = CARTESIAN_POINT('',(-169.3546521296,130.04607456439,33.9898));
#8241 = CARTESIAN_POINT('',(-170.4744384014,131.03039834516,33.9796));
#8242 = CARTESIAN_POINT('',(-171.5942246732,132.01472212594,33.9694));
#8243 = CARTESIAN_POINT('',(-172.7140109451,132.99904590671,33.9592));
#8244 = CARTESIAN_POINT('',(-173.8337972169,133.98336968749,33.949));
#8245 = CARTESIAN_POINT('',(-174.9535834887,134.96769346827,33.9388));
#8246 = CARTESIAN_POINT('',(-56.68734632983,20.35344032583,
    35.061574558259));
#8247 = CARTESIAN_POINT('',(-57.80713260167,21.337764106607,
    35.051374558259));
#8248 = CARTESIAN_POINT('',(-58.9269188735,22.322087887383,
    35.041174558259));
#8249 = CARTESIAN_POINT('',(-60.04670514534,23.306411668159,
    35.030974558259));
#8250 = CARTESIAN_POINT('',(-61.16649141718,24.290735448935,
    35.020774558259));
#8251 = CARTESIAN_POINT('',(-62.28627768902,25.275059229712,
    35.010574558259));
#8252 = CARTESIAN_POINT('',(-81.75810606967,42.391346696602,
    34.833207988872));
#8253 = CARTESIAN_POINT('',(-100.1101481784,58.523310382716,
    34.666041419485));
#8254 = CARTESIAN_POINT('',(-118.4621902873,74.65527406883,
    34.498874850099));
#8255 = CARTESIAN_POINT('',(-136.8142323961,90.787237754944,
    34.331708280712));
#8256 = CARTESIAN_POINT('',(-155.1662745049,106.91920144105,
    34.164541711325));
#8257 = CARTESIAN_POINT('',(-174.6381028855,124.03548890794,
    33.987175141938));
#8258 = CARTESIAN_POINT('',(-175.7578891574,125.01981268872,
    33.976975141938));
#8259 = CARTESIAN_POINT('',(-176.8776754292,126.0041364695,
    33.966775141938));
#8260 = CARTESIAN_POINT('',(-177.997461701,126.98846025027,
    33.956575141938));
#8261 = CARTESIAN_POINT('',(-179.1172479729,127.97278403105,
    33.946375141938));
#8262 = CARTESIAN_POINT('',(-180.2370342447,128.95710781183,
    33.936175141938));
#8263 = CARTESIAN_POINT('',(-56.72846644717,20.389586071126,
    43.064011770456));
#8264 = CARTESIAN_POINT('',(-57.84825271901,21.373909851903,
    43.053811770456));
#8265 = CARTESIAN_POINT('',(-58.96803899085,22.358233632679,
    43.043611770456));
#8266 = CARTESIAN_POINT('',(-60.08782526269,23.342557413455,
    43.033411770456));
#8267 = CARTESIAN_POINT('',(-61.20761153452,24.326881194231,
    43.023211770456));
#8268 = CARTESIAN_POINT('',(-62.32739780636,25.311204975008,
    43.013011770456));
#8269 = CARTESIAN_POINT('',(-81.79922618701,42.427492441898,
    42.83564520107));
#8270 = CARTESIAN_POINT('',(-100.1512682958,58.559456128012,
    42.668478631682));
#8271 = CARTESIAN_POINT('',(-118.5033104046,74.691419814126,
    42.501312062296));
#8272 = CARTESIAN_POINT('',(-136.8553525134,90.82338350024,
    42.334145492908));
#8273 = CARTESIAN_POINT('',(-155.2073946222,106.95534718635,
    42.166978923522));
#8274 = CARTESIAN_POINT('',(-174.6792230029,124.07163465324,
    41.989612354135));
#8275 = CARTESIAN_POINT('',(-175.7990092747,125.05595843402,
    41.979412354135));
#8276 = CARTESIAN_POINT('',(-176.9187955465,126.04028221479,
    41.969212354135));
#8277 = CARTESIAN_POINT('',(-178.0385818184,127.02460599557,
    41.959012354135));
#8278 = CARTESIAN_POINT('',(-179.1583680902,128.00892977634,
    41.948812354135));
#8279 = CARTESIAN_POINT('',(-180.2781543621,128.99325355712,
    41.938612354135));
#8280 = ADVANCED_FACE('',(#8281),#8358,.T.);
#8281 = FACE_BOUND('',#8282,.T.);
#8282 = EDGE_LOOP('',(#8283,#8305,#8306,#8307,#8329));
#8283 = ORIENTED_EDGE('',*,*,#8284,.F.);
#8284 = EDGE_CURVE('',#2868,#8285,#8287,.T.);
#8285 = VERTEX_POINT('',#8286);
#8286 = CARTESIAN_POINT('',(-205.7972631244,-51.06262915276,34.));
#8287 = B_SPLINE_CURVE_WITH_KNOTS('',6,(#8288,#8289,#8290,#8291,#8292,
    #8293,#8294,#8295,#8296,#8297,#8298,#8299,#8300,#8301,#8302,#8303,
    #8304),.UNSPECIFIED.,.F.,.F.,(7,5,5,7),(-9.000422918949,
    -5.474960499457E-02,146.55481105679,155.50048437074),.UNSPECIFIED.);
#8288 = CARTESIAN_POINT('',(-52.66203018365,-23.75148254525,
    35.064199416322));
#8289 = CARTESIAN_POINT('',(-54.12978082516,-24.01325086717,
    35.053999416322));
#8290 = CARTESIAN_POINT('',(-55.59753146666,-24.27501918909,
    35.043799416322));
#8291 = CARTESIAN_POINT('',(-57.06528210817,-24.53678751101,
    35.033599416322));
#8292 = CARTESIAN_POINT('',(-58.53303274968,-24.79855583292,
    35.023399416322));
#8293 = CARTESIAN_POINT('',(-60.00078339118,-25.06032415484,
    35.013199416322));
#8294 = CARTESIAN_POINT('',(-85.52332221465,-29.61218192276,
    34.835832846935));
#8295 = CARTESIAN_POINT('',(-109.5781103966,-33.90227136876,
    34.668666277548));
#8296 = CARTESIAN_POINT('',(-133.6328985785,-38.19236081476,
    34.501499708161));
#8297 = CARTESIAN_POINT('',(-157.6876867605,-42.48245026076,
    34.334333138774));
#8298 = CARTESIAN_POINT('',(-181.7424749424,-46.77253970676,
    34.167166569387));
#8299 = CARTESIAN_POINT('',(-207.2650137659,-51.32439747468,33.9898));
#8300 = CARTESIAN_POINT('',(-208.7327644074,-51.5861657966,33.9796));
#8301 = CARTESIAN_POINT('',(-210.2005150489,-51.84793411852,33.9694));
#8302 = CARTESIAN_POINT('',(-211.6682656904,-52.10970244043,33.9592));
#8303 = CARTESIAN_POINT('',(-213.1360163319,-52.37147076235,33.949));
#8304 = CARTESIAN_POINT('',(-214.6037669734,-52.63323908427,33.9388));
#8305 = ORIENTED_EDGE('',*,*,#2875,.F.);
#8306 = ORIENTED_EDGE('',*,*,#7932,.F.);
#8307 = ORIENTED_EDGE('',*,*,#8308,.T.);
#8308 = EDGE_CURVE('',#7912,#8309,#8311,.T.);
#8309 = VERTEX_POINT('',#8310);
#8310 = CARTESIAN_POINT('',(-204.014466175,-58.87357294492,
    42.002811770456));
#8311 = B_SPLINE_CURVE_WITH_KNOTS('',6,(#8312,#8313,#8314,#8315,#8316,
    #8317,#8318,#8319,#8320,#8321,#8322,#8323,#8324,#8325,#8326,#8327,
    #8328),.UNSPECIFIED.,.F.,.F.,(7,5,5,7),(-9.000422918949,
    -5.474960499457E-02,146.55481105679,155.50048437074),.UNSPECIFIED.);
#8312 = CARTESIAN_POINT('',(-51.31084060979,-31.63940204106,
    43.064011770456));
#8313 = CARTESIAN_POINT('',(-52.7785912513,-31.90117036298,
    43.053811770456));
#8314 = CARTESIAN_POINT('',(-54.2463418928,-32.1629386849,
    43.043611770456));
#8315 = CARTESIAN_POINT('',(-55.71409253431,-32.42470700681,
    43.033411770456));
#8316 = CARTESIAN_POINT('',(-57.18184317581,-32.68647532873,
    43.023211770456));
#8317 = CARTESIAN_POINT('',(-58.64959381732,-32.94824365065,
    43.013011770456));
#8318 = CARTESIAN_POINT('',(-84.17213264079,-37.50010141857,
    42.83564520107));
#8319 = CARTESIAN_POINT('',(-108.2269208227,-41.79019086457,
    42.668478631682));
#8320 = CARTESIAN_POINT('',(-132.2817090047,-46.08028031057,
    42.501312062296));
#8321 = CARTESIAN_POINT('',(-156.3364971866,-50.37036975657,
    42.334145492909));
#8322 = CARTESIAN_POINT('',(-180.3912853686,-54.66045920257,
    42.166978923522));
#8323 = CARTESIAN_POINT('',(-205.9138241921,-59.21231697049,
    41.989612354135));
#8324 = CARTESIAN_POINT('',(-207.3815748336,-59.47408529241,
    41.979412354135));
#8325 = CARTESIAN_POINT('',(-208.8493254751,-59.73585361432,
    41.969212354135));
#8326 = CARTESIAN_POINT('',(-210.3170761166,-59.99762193624,
    41.959012354135));
#8327 = CARTESIAN_POINT('',(-211.7848267581,-60.25939025816,
    41.948812354135));
#8328 = CARTESIAN_POINT('',(-213.2525773996,-60.52115858008,
    41.938612354135));
#8329 = ORIENTED_EDGE('',*,*,#8330,.F.);
#8330 = EDGE_CURVE('',#8285,#8309,#8331,.T.);
#8331 = B_SPLINE_CURVE_WITH_KNOTS('',7,(#8332,#8333,#8334,#8335,#8336,
    #8337,#8338,#8339,#8340,#8341,#8342,#8343,#8344,#8345,#8346,#8347,
    #8348,#8349,#8350,#8351,#8352,#8353,#8354,#8355,#8356,#8357),
  .UNSPECIFIED.,.F.,.F.,(8,6,6,6,8),(0.,0.249928743902,0.50000257361,
    0.75007469467,1.),.UNSPECIFIED.);
#8332 = CARTESIAN_POINT('',(-205.7972631244,-51.06262915276,34.));
#8333 = CARTESIAN_POINT('',(-205.7071961247,-51.45723846186,34.));
#8334 = CARTESIAN_POINT('',(-205.6149402147,-51.86143801324,
    34.023838195587));
#8335 = CARTESIAN_POINT('',(-205.5209633515,-52.27317755356,
    34.073594322343));
#8336 = CARTESIAN_POINT('',(-205.4258487937,-52.68990165942,
    34.15114205148));
#8337 = CARTESIAN_POINT('',(-205.3302964274,-53.10854392979,
    34.257934940985));
#8338 = CARTESIAN_POINT('',(-205.2350971099,-53.5256393923,
    34.394825659662));
#8339 = CARTESIAN_POINT('',(-205.047008377,-54.34970997475,
    34.729108307306));
#8340 = CARTESIAN_POINT('',(-204.9541200368,-54.75668038402,
    34.926536733978));
#8341 = CARTESIAN_POINT('',(-204.863246009,-55.15482551404,
    35.154311976593));
#8342 = CARTESIAN_POINT('',(-204.7752552644,-55.54033815516,
    35.411810777754));
#8343 = CARTESIAN_POINT('',(-204.6910042983,-55.90946575594,
    35.697561774273));
#8344 = CARTESIAN_POINT('',(-204.6112632726,-56.25883401684,
    36.009289745988));
#8345 = CARTESIAN_POINT('',(-204.4620788037,-56.9124538815,36.6789651319
    ));
#8346 = CARTESIAN_POINT('',(-204.3926350016,-57.21670705834,
    37.036913526281));
#8347 = CARTESIAN_POINT('',(-204.3289779012,-57.49560703802,
    37.415107423274));
#8348 = CARTESIAN_POINT('',(-204.2716144203,-57.74693286911,
    37.810089797612));
#8349 = CARTESIAN_POINT('',(-204.2208724139,-57.96924812519,
    38.218015913708));
#8350 = CARTESIAN_POINT('',(-204.1768907915,-58.16194420306,
    38.634984884273));
#8351 = CARTESIAN_POINT('',(-204.1024220602,-58.48821303297,
    39.479299588322));
#8352 = CARTESIAN_POINT('',(-204.0719267255,-58.62182182415,
    39.906640440959));
#8353 = CARTESIAN_POINT('',(-204.048136306,-58.72605446247,
    40.335566432023));
#8354 = CARTESIAN_POINT('',(-204.0308608779,-58.80174305816,
    40.762527272485));
#8355 = CARTESIAN_POINT('',(-204.0197766369,-58.85030629117,
    41.184381054575));
#8356 = CARTESIAN_POINT('',(-204.014466175,-58.87357294492,
    41.59850945184));
#8357 = CARTESIAN_POINT('',(-204.014466175,-58.87357294492,
    42.002811770456));
#8358 = ( BOUNDED_SURFACE() B_SPLINE_SURFACE(2,6,(
    (#8359,#8360,#8361,#8362,#8363,#8364,#8365,#8366,#8367,#8368,#8369
      ,#8370,#8371,#8372,#8373,#8374,#8375)
    ,(#8376,#8377,#8378,#8379,#8380,#8381,#8382,#8383,#8384,#8385,#8386
      ,#8387,#8388,#8389,#8390,#8391,#8392)
    ,(#8393,#8394,#8395,#8396,#8397,#8398,#8399,#8400,#8401,#8402,#8403
      ,#8404,#8405,#8406,#8407,#8408,#8409
)),.UNSPECIFIED.,.F.,.F.,.F.) B_SPLINE_SURFACE_WITH_KNOTS((3,3),(7,5,5,7
    ),(0.,146.60956066178),(-9.000422918949,-5.474960499457E-02,
    146.55481105679,155.50048437074),.UNSPECIFIED.) 
GEOMETRIC_REPRESENTATION_ITEM() RATIONAL_B_SPLINE_SURFACE((
    (1.,1.,1.,1.,1.,1.,1.,1.,1.,1.,1.,1.,1.,1.,1.,1.,1.)
    ,(0.706990803572,0.706990803572,0.706990803572,0.706990803572
      ,0.706990803572,0.706990803572,0.706990803572,0.706990803572
      ,0.706990803572,0.706990803572,0.706990803572,0.706990803572
      ,0.706990803572,0.706990803572,0.706990803572,0.706990803572
      ,0.706990803572)
    ,(1.,1.,1.,1.,1.,1.,1.,1.,1.,1.,1.,1.,1.,1.,1.,1.,1.
))) REPRESENTATION_ITEM('') SURFACE() );
#8359 = CARTESIAN_POINT('',(-52.66203018365,-23.75148254525,
    35.064199416322));
#8360 = CARTESIAN_POINT('',(-54.12978082516,-24.01325086717,
    35.053999416322));
#8361 = CARTESIAN_POINT('',(-55.59753146666,-24.27501918909,
    35.043799416322));
#8362 = CARTESIAN_POINT('',(-57.06528210817,-24.53678751101,
    35.033599416322));
#8363 = CARTESIAN_POINT('',(-58.53303274968,-24.79855583292,
    35.023399416322));
#8364 = CARTESIAN_POINT('',(-60.00078339118,-25.06032415484,
    35.013199416322));
#8365 = CARTESIAN_POINT('',(-85.52332221465,-29.61218192276,
    34.835832846935));
#8366 = CARTESIAN_POINT('',(-109.5781103966,-33.90227136876,
    34.668666277548));
#8367 = CARTESIAN_POINT('',(-133.6328985785,-38.19236081476,
    34.501499708161));
#8368 = CARTESIAN_POINT('',(-157.6876867605,-42.48245026076,
    34.334333138774));
#8369 = CARTESIAN_POINT('',(-181.7424749424,-46.77253970676,
    34.167166569387));
#8370 = CARTESIAN_POINT('',(-207.2650137659,-51.32439747468,33.9898));
#8371 = CARTESIAN_POINT('',(-208.7327644074,-51.5861657966,33.9796));
#8372 = CARTESIAN_POINT('',(-210.2005150489,-51.84793411852,33.9694));
#8373 = CARTESIAN_POINT('',(-211.6682656904,-52.10970244043,33.9592));
#8374 = CARTESIAN_POINT('',(-213.1360163319,-52.37147076235,33.949));
#8375 = CARTESIAN_POINT('',(-214.6037669734,-52.63323908427,33.9388));
#8376 = CARTESIAN_POINT('',(-51.25694275435,-31.62978954233,
    35.061574558259));
#8377 = CARTESIAN_POINT('',(-52.72469339585,-31.89155786425,
    35.051374558259));
#8378 = CARTESIAN_POINT('',(-54.19244403736,-32.15332618617,
    35.041174558259));
#8379 = CARTESIAN_POINT('',(-55.66019467887,-32.41509450809,
    35.030974558259));
#8380 = CARTESIAN_POINT('',(-57.12794532037,-32.67686283,35.020774558259
    ));
#8381 = CARTESIAN_POINT('',(-58.59569596188,-32.93863115192,
    35.010574558259));
#8382 = CARTESIAN_POINT('',(-84.11823478534,-37.49048891984,
    34.833207988872));
#8383 = CARTESIAN_POINT('',(-108.1730229673,-41.78057836584,
    34.666041419486));
#8384 = CARTESIAN_POINT('',(-132.2278111492,-46.07066781184,
    34.498874850099));
#8385 = CARTESIAN_POINT('',(-156.2825993312,-50.36075725784,
    34.331708280712));
#8386 = CARTESIAN_POINT('',(-180.3373875131,-54.65084670384,
    34.164541711325));
#8387 = CARTESIAN_POINT('',(-205.8599263366,-59.20270447176,
    33.987175141938));
#8388 = CARTESIAN_POINT('',(-207.3276769781,-59.46447279368,
    33.976975141938));
#8389 = CARTESIAN_POINT('',(-208.7954276196,-59.7262411156,
    33.966775141938));
#8390 = CARTESIAN_POINT('',(-210.2631782611,-59.98800943751,
    33.956575141938));
#8391 = CARTESIAN_POINT('',(-211.7309289026,-60.24977775943,
    33.946375141938));
#8392 = CARTESIAN_POINT('',(-213.1986795441,-60.51154608135,
    33.936175141938));
#8393 = CARTESIAN_POINT('',(-51.31084060979,-31.63940204106,
    43.064011770456));
#8394 = CARTESIAN_POINT('',(-52.7785912513,-31.90117036298,
    43.053811770456));
#8395 = CARTESIAN_POINT('',(-54.2463418928,-32.1629386849,
    43.043611770456));
#8396 = CARTESIAN_POINT('',(-55.71409253431,-32.42470700681,
    43.033411770456));
#8397 = CARTESIAN_POINT('',(-57.18184317581,-32.68647532873,
    43.023211770456));
#8398 = CARTESIAN_POINT('',(-58.64959381732,-32.94824365065,
    43.013011770456));
#8399 = CARTESIAN_POINT('',(-84.17213264079,-37.50010141857,
    42.83564520107));
#8400 = CARTESIAN_POINT('',(-108.2269208227,-41.79019086457,
    42.668478631682));
#8401 = CARTESIAN_POINT('',(-132.2817090047,-46.08028031057,
    42.501312062296));
#8402 = CARTESIAN_POINT('',(-156.3364971866,-50.37036975657,
    42.334145492909));
#8403 = CARTESIAN_POINT('',(-180.3912853686,-54.66045920257,
    42.166978923522));
#8404 = CARTESIAN_POINT('',(-205.9138241921,-59.21231697049,
    41.989612354135));
#8405 = CARTESIAN_POINT('',(-207.3815748336,-59.47408529241,
    41.979412354135));
#8406 = CARTESIAN_POINT('',(-208.8493254751,-59.73585361432,
    41.969212354135));
#8407 = CARTESIAN_POINT('',(-210.3170761166,-59.99762193624,
    41.959012354135));
#8408 = CARTESIAN_POINT('',(-211.7848267581,-60.25939025816,
    41.948812354135));
#8409 = CARTESIAN_POINT('',(-213.2525773996,-60.52115858008,
    41.938612354135));
#8410 = ADVANCED_FACE('',(#8411),#8551,.T.);
#8411 = FACE_BOUND('',#8412,.F.);
#8412 = EDGE_LOOP('',(#8413,#8421,#8422,#8432,#8549,#8550));
#8413 = ORIENTED_EDGE('',*,*,#8414,.F.);
#8414 = EDGE_CURVE('',#4314,#8060,#8415,.T.);
#8415 = B_SPLINE_CURVE_WITH_KNOTS('',4,(#8416,#8417,#8418,#8419,#8420),
  .UNSPECIFIED.,.F.,.F.,(5,5),(0.,1.),.PIECEWISE_BEZIER_KNOTS.);
#8416 = CARTESIAN_POINT('',(-70.79104800174,32.750992699681,43.));
#8417 = CARTESIAN_POINT('',(-70.79104800174,32.750992699681,
    42.983979333704));
#8418 = CARTESIAN_POINT('',(-70.79101449502,32.750963246324,
    42.967958818816));
#8419 = CARTESIAN_POINT('',(-70.790947483,32.750904340863,
    42.951938549148));
#8420 = CARTESIAN_POINT('',(-70.7908469662,32.750815983759,
    42.935918618421));
#8421 = ORIENTED_EDGE('',*,*,#4323,.T.);
#8422 = ORIENTED_EDGE('',*,*,#8423,.F.);
#8423 = EDGE_CURVE('',#8424,#4324,#8426,.T.);
#8424 = VERTEX_POINT('',#8425);
#8425 = CARTESIAN_POINT('',(-77.990395752,1.20753177588,42.935919218387)
  );
#8426 = B_SPLINE_CURVE_WITH_KNOTS('',4,(#8427,#8428,#8429,#8430,#8431),
  .UNSPECIFIED.,.F.,.F.,(5,5),(0.,1.),.PIECEWISE_BEZIER_KNOTS.);
#8427 = CARTESIAN_POINT('',(-77.99039574718,1.207531777228,
    42.935918618421));
#8428 = CARTESIAN_POINT('',(-77.99052464639,1.207495782832,
    42.951938549096));
#8429 = CARTESIAN_POINT('',(-77.99061058026,1.207471786272,
    42.967958818862));
#8430 = CARTESIAN_POINT('',(-77.9906535481,1.207459787736,
    42.983979333585));
#8431 = CARTESIAN_POINT('',(-77.9906535481,1.207459787736,43.));
#8432 = ORIENTED_EDGE('',*,*,#8433,.T.);
#8433 = EDGE_CURVE('',#8424,#2842,#8434,.T.);
#8434 = B_SPLINE_CURVE_WITH_KNOTS('',8,(#8435,#8436,#8437,#8438,#8439,
    #8440,#8441,#8442,#8443,#8444,#8445,#8446,#8447,#8448,#8449,#8450,
    #8451,#8452,#8453,#8454,#8455,#8456,#8457,#8458,#8459,#8460,#8461,
    #8462,#8463,#8464,#8465,#8466,#8467,#8468,#8469,#8470,#8471,#8472,
    #8473,#8474,#8475,#8476,#8477,#8478,#8479,#8480,#8481,#8482,#8483,
    #8484,#8485,#8486,#8487,#8488,#8489,#8490,#8491,#8492,#8493,#8494,
    #8495,#8496,#8497,#8498,#8499,#8500,#8501,#8502,#8503,#8504,#8505,
    #8506,#8507,#8508,#8509,#8510,#8511,#8512,#8513,#8514,#8515,#8516,
    #8517,#8518,#8519,#8520,#8521,#8522,#8523,#8524,#8525,#8526,#8527,
    #8528,#8529,#8530,#8531,#8532,#8533,#8534,#8535,#8536,#8537,#8538,
    #8539,#8540,#8541,#8542,#8543,#8544,#8545,#8546,#8547,#8548),
  .UNSPECIFIED.,.F.,.F.,(9,7,7,7,7,7,7,7,7,7,7,7,7,7,7,7,9),(0.,
    0.106991883795,0.214175378111,0.319846282916,0.422847325798,
    0.524497444279,0.626023471326,0.728515848073,0.832679324341,
    0.890287816521,0.94688787519,0.970772527995,0.984448479132,
    0.992164730063,0.996269955091,0.998520299417,1.),.UNSPECIFIED.);
#8435 = CARTESIAN_POINT('',(-77.990395752,1.20753177588,42.935919218387)
  );
#8436 = CARTESIAN_POINT('',(-77.98923522904,1.207855845539,
    42.791685044428));
#8437 = CARTESIAN_POINT('',(-77.98512748118,1.2059170736,42.646242184919
    ));
#8438 = CARTESIAN_POINT('',(-77.97798542208,1.201648147356,
    42.499680448094));
#8439 = CARTESIAN_POINT('',(-77.96772464645,1.194984181134,
    42.352097051157));
#8440 = CARTESIAN_POINT('',(-77.95426418469,1.185863354313,
    42.203596420301));
#8441 = CARTESIAN_POINT('',(-77.93752725758,1.174227549344,
    42.054289990714));
#8442 = CARTESIAN_POINT('',(-77.91744203094,1.160022989762,
    41.904296006601));
#8443 = CARTESIAN_POINT('',(-77.87040062434,1.126348640133,
    41.602913005561));
#8444 = CARTESIAN_POINT('',(-77.84343221449,1.106869476554,
    41.451521951304));
#8445 = CARTESIAN_POINT('',(-77.81297062796,1.084714298193,
    41.299691493145));
#8446 = CARTESIAN_POINT('',(-77.77895515813,1.059839090149,
    41.147553603847));
#8447 = CARTESIAN_POINT('',(-77.74133161627,1.032205492572,
    40.995246261697));
#8448 = CARTESIAN_POINT('',(-77.70005304318,1.00178138134,
    40.842912818003));
#8449 = CARTESIAN_POINT('',(-77.6550804209,0.968541448738,
    40.690701364576));
#8450 = CARTESIAN_POINT('',(-77.55837356778,0.896903196472,
    40.388970999271));
#8451 = CARTESIAN_POINT('',(-77.50674371577,0.858584294732,
    40.239444353896));
#8452 = CARTESIAN_POINT('',(-77.45146460596,0.817493799018,
    40.090329854261));
#8453 = CARTESIAN_POINT('',(-77.39251524342,0.773621461968,
    39.941776971592));
#8454 = CARTESIAN_POINT('',(-77.32988325538,0.726964359957,
    39.793938020479));
#8455 = CARTESIAN_POINT('',(-77.26356528592,0.677527184311,
    39.646967220169));
#8456 = CARTESIAN_POINT('',(-77.19356739059,0.625322532512,
    39.501019755875));
#8457 = CARTESIAN_POINT('',(-77.04810460138,0.51680825673,
    39.215139629436));
#8458 = CARTESIAN_POINT('',(-76.9728225039,0.460635659954,
    39.075148105884));
#8459 = CARTESIAN_POINT('',(-76.89407363628,0.401872505138,
    38.93641995373));
#8460 = CARTESIAN_POINT('',(-76.81188135204,0.340545282476,
    38.799098745937));
#8461 = CARTESIAN_POINT('',(-76.72627780902,0.276687795055,
    38.663326997605));
#8462 = CARTESIAN_POINT('',(-76.63730391775,0.210341077597,
    38.529245219467));
#8463 = CARTESIAN_POINT('',(-76.54500928988,0.14155331521,
    38.396990971386));
#8464 = CARTESIAN_POINT('',(-76.35514837558,1.3969561309E-04,
    38.138113736877));
#8465 = CARTESIAN_POINT('',(-76.2576670826,-7.242401397127E-02,
    38.011439593579));
#8466 = CARTESIAN_POINT('',(-76.15706409039,-0.147258408824,
    37.886804012095));
#8467 = CARTESIAN_POINT('',(-76.05340335752,-0.224303876411,
    37.764331700818));
#8468 = CARTESIAN_POINT('',(-75.94675653133,-0.303494535639,
    37.644142790047));
#8469 = CARTESIAN_POINT('',(-75.83720246094,-0.384758623038,
    37.526352071648));
#8470 = CARTESIAN_POINT('',(-75.72482671028,-0.468018878936,
    37.411068238707));
#8471 = CARTESIAN_POINT('',(-75.49475594944,-0.638263010397,
    37.185855562083));
#8472 = CARTESIAN_POINT('',(-75.3770675889,-0.725242245431,
    37.075920323914));
#8473 = CARTESIAN_POINT('',(-75.25674719848,-0.814048650305,
    36.96868901724));
#8474 = CARTESIAN_POINT('',(-75.13389219247,-0.904595243014,
    36.864256348819));
#8475 = CARTESIAN_POINT('',(-75.00860522707,-0.996790592511,
    36.762709694123));
#8476 = CARTESIAN_POINT('',(-74.88099323698,-1.090539363239,
    36.664128665856));
#8477 = CARTESIAN_POINT('',(-74.75116647206,-1.185742859656,
    36.56858468246));
#8478 = CARTESIAN_POINT('',(-74.48605286364,-1.379775332398,
    36.382816484699));
#8479 = CARTESIAN_POINT('',(-74.35072591069,-1.478630241656,
    36.292651554613));
#8480 = CARTESIAN_POINT('',(-74.21337190178,-1.578759732234,
    36.205710545358));
#8481 = CARTESIAN_POINT('',(-74.07410897236,-1.680056536114,
    36.122049280513));
#8482 = CARTESIAN_POINT('',(-73.93305604142,-1.782411010907,
    36.041714589536));
#8483 = CARTESIAN_POINT('',(-73.79033068622,-1.885711467194,
    35.96474428905));
#8484 = CARTESIAN_POINT('',(-73.64604701708,-1.989844495867,
    35.891167164114));
#8485 = CARTESIAN_POINT('',(-73.35220395812,-2.201255647791,
    35.749694733862));
#8486 = CARTESIAN_POINT('',(-73.20259642674,-2.308557195949,
    35.681911677114));
#8487 = CARTESIAN_POINT('',(-73.05160553804,-2.416479641071,
    35.617674583282));
#8488 = CARTESIAN_POINT('',(-72.89933518453,-2.524899762748,
    35.556994831782));
#8489 = CARTESIAN_POINT('',(-72.74588028041,-2.633692905369,
    35.49987456149));
#8490 = CARTESIAN_POINT('',(-72.59131937734,-2.742731736991,
    35.446307035734));
#8491 = CARTESIAN_POINT('',(-72.43569818679,-2.851882280742,
    35.396277188221));
#8492 = CARTESIAN_POINT('',(-72.19234296776,-3.02134415876,
    35.324036924843));
#8493 = CARTESIAN_POINT('',(-72.10535349283,-3.081680123127,
    35.299386655036));
#8494 = CARTESIAN_POINT('',(-72.01803357513,-3.14198024146,
    35.275807699976));
#8495 = CARTESIAN_POINT('',(-71.93037384595,-3.202217829264,
    35.253295526096));
#8496 = CARTESIAN_POINT('',(-71.84235776004,-3.262364478407,
    35.231844930921));
#8497 = CARTESIAN_POINT('',(-71.75395782121,-3.322388993146,
    35.211450098814));
#8498 = CARTESIAN_POINT('',(-71.66512785022,-3.382255171725,
    35.192104688291));
#8499 = CARTESIAN_POINT('',(-71.48801857163,-3.500537293184,
    35.155819601962));
#8500 = CARTESIAN_POINT('',(-71.39975688295,-3.558959895237,
    35.138843828762));
#8501 = CARTESIAN_POINT('',(-71.31093420133,-3.617144513357,
    35.122868124778));
#8502 = CARTESIAN_POINT('',(-71.22144052244,-3.675038529961,
    35.107885762379));
#8503 = CARTESIAN_POINT('',(-71.13114111016,-3.732582341928,
    35.093889687304));
#8504 = CARTESIAN_POINT('',(-71.03978637682,-3.789683066881,
    35.080873221517));
#8505 = CARTESIAN_POINT('',(-70.94706438014,-3.846229908901,
    35.068829649947));
#8506 = CARTESIAN_POINT('',(-70.81215919017,-3.925499398181,
    35.053082118476));
#8507 = CARTESIAN_POINT('',(-70.77174250658,-3.948880550516,
    35.04858152189));
#8508 = CARTESIAN_POINT('',(-70.73088351687,-3.972100025623,
    35.044253274731));
#8509 = CARTESIAN_POINT('',(-70.68951025611,-3.995135367018,
    35.040097192088));
#8510 = CARTESIAN_POINT('',(-70.64752372438,-4.017956007564,
    35.036113310368));
#8511 = CARTESIAN_POINT('',(-70.60479667663,-4.040522919339,
    35.032301887504));
#8512 = CARTESIAN_POINT('',(-70.56115101918,-4.062781984093,
    35.028663572178));
#8513 = CARTESIAN_POINT('',(-70.49058518055,-4.097156625132,
    35.023216854025));
#8514 = CARTESIAN_POINT('',(-70.46449036652,-4.109541038861,
    35.021291027251));
#8515 = CARTESIAN_POINT('',(-70.43793436805,-4.12177640331,
    35.019422826035));
#8516 = CARTESIAN_POINT('',(-70.41084698794,-4.133841742283,
    35.017612655685));
#8517 = CARTESIAN_POINT('',(-70.38313160028,-4.145707912714,
    35.015861167731));
#8518 = CARTESIAN_POINT('',(-70.3546653274,-4.157337664837,
    35.014169249101));
#8519 = CARTESIAN_POINT('',(-70.32527711403,-4.1686791476,
    35.012538192066));
#8520 = CARTESIAN_POINT('',(-70.2773938662,-4.18582671638,
    35.010085757398));
#8521 = CARTESIAN_POINT('',(-70.25973410808,-4.191890832371,
    35.009221343162));
#8522 = CARTESIAN_POINT('',(-70.24162963338,-4.197817418369,
    35.008377503379));
#8523 = CARTESIAN_POINT('',(-70.22301530589,-4.203586933941,
    35.007554747824));
#8524 = CARTESIAN_POINT('',(-70.20379939213,-4.209171253427,
    35.006753861618));
#8525 = CARTESIAN_POINT('',(-70.18386630757,-4.21453450915,
    35.005975872495));
#8526 = CARTESIAN_POINT('',(-70.16305467028,-4.219626480914,
    35.005222230438));
#8527 = CARTESIAN_POINT('',(-70.12936618132,-4.226870282621,
    35.004109009987));
#8528 = CARTESIAN_POINT('',(-70.11733617769,-4.229282442344,
    35.003730140234));
#8529 = CARTESIAN_POINT('',(-70.10492693949,-4.231577214372,
    35.003359342727));
#8530 = CARTESIAN_POINT('',(-70.09208435117,-4.23373801667,
    35.002997089831));
#8531 = CARTESIAN_POINT('',(-70.07873164903,-4.235740435291,
    35.002644124988));
#8532 = CARTESIAN_POINT('',(-70.06477326139,-4.237553440771,
    35.002301419595));
#8533 = CARTESIAN_POINT('',(-70.05007614712,-4.239133610088,
    35.001970338477));
#8534 = CARTESIAN_POINT('',(-70.025784546,-4.241092472554,
    35.001479696341));
#8535 = CARTESIAN_POINT('',(-70.01689076839,-4.241691063209,
    35.001310337883));
#8536 = CARTESIAN_POINT('',(-70.0076563101,-4.242180986542,
    35.001145687298));
#8537 = CARTESIAN_POINT('',(-69.99803081309,-4.242546440303,
    35.000986215941));
#8538 = CARTESIAN_POINT('',(-69.98794044014,-4.242762425515,
    35.000832752497));
#8539 = CARTESIAN_POINT('',(-69.97729637043,-4.242797595554,
    35.000686383366));
#8540 = CARTESIAN_POINT('',(-69.96597596881,-4.242608167311,
    35.000548638635));
#8541 = CARTESIAN_POINT('',(-69.94566074411,-4.241772550719,
    35.000339686503));
#8542 = CARTESIAN_POINT('',(-69.93726659157,-4.241307548821,
    35.000262583836));
#8543 = CARTESIAN_POINT('',(-69.92841243281,-4.240686524506,
    35.000191219263));
#8544 = CARTESIAN_POINT('',(-69.91895566238,-4.239865586468,
    35.000126880393));
#8545 = CARTESIAN_POINT('',(-69.90880251568,-4.238809599531,
    35.000070865587));
#8546 = CARTESIAN_POINT('',(-69.8977300482,-4.237418168545,
    35.000027457843));
#8547 = CARTESIAN_POINT('',(-69.88562970073,-4.235624020882,35.));
#8548 = CARTESIAN_POINT('',(-69.87188571009,-4.233153353569,35.));
#8549 = ORIENTED_EDGE('',*,*,#2841,.F.);
#8550 = ORIENTED_EDGE('',*,*,#8059,.F.);
#8551 = TOROIDAL_SURFACE('',#8552,70.,8.);
#8552 = AXIS2_PLACEMENT_3D('',#8553,#8554,#8555);
#8553 = CARTESIAN_POINT('',(0.,0.,43.));
#8554 = DIRECTION('',(-0.,-0.,-1.));
#8555 = DIRECTION('',(1.,0.,-0.));
#8556 = ADVANCED_FACE('',(#8557),#8589,.T.);
#8557 = FACE_BOUND('',#8558,.T.);
#8558 = EDGE_LOOP('',(#8559,#8560,#8561,#8569));
#8559 = ORIENTED_EDGE('',*,*,#2867,.T.);
#8560 = ORIENTED_EDGE('',*,*,#8284,.T.);
#8561 = ORIENTED_EDGE('',*,*,#8562,.F.);
#8562 = EDGE_CURVE('',#8563,#8285,#8565,.T.);
#8563 = VERTEX_POINT('',#8564);
#8564 = CARTESIAN_POINT('',(-207.5721716406,-43.28624684471,34.));
#8565 = LINE('',#8566,#8567);
#8566 = CARTESIAN_POINT('',(-209.35496859,-35.47530305255,34.));
#8567 = VECTOR('',#8568,1.);
#8568 = DIRECTION('',(0.222520933956,-0.974927912182,0.));
#8569 = ORIENTED_EDGE('',*,*,#8570,.F.);
#8570 = EDGE_CURVE('',#2851,#8563,#8571,.T.);
#8571 = B_SPLINE_CURVE_WITH_KNOTS('',6,(#8572,#8573,#8574,#8575,#8576,
    #8577,#8578,#8579,#8580,#8581,#8582,#8583,#8584,#8585,#8586,#8587,
    #8588),.UNSPECIFIED.,.F.,.F.,(7,5,5,7),(-9.000422918949,
    -5.474960499463E-02,146.55481105679,155.50048437074),.UNSPECIFIED.);
#8572 = CARTESIAN_POINT('',(-57.75223177233,-1.449852225804,
    35.064199416322));
#8573 = CARTESIAN_POINT('',(-59.18820642447,-1.850840253581,
    35.053999416322));
#8574 = CARTESIAN_POINT('',(-60.6241810766,-2.251828281359,
    35.043799416322));
#8575 = CARTESIAN_POINT('',(-62.06015572874,-2.652816309136,
    35.033599416322));
#8576 = CARTESIAN_POINT('',(-63.49613038088,-3.053804336914,
    35.023399416322));
#8577 = CARTESIAN_POINT('',(-64.93210503301,-3.454792364691,
    35.013199416322));
#8578 = CARTESIAN_POINT('',(-89.90209501106,-10.42752480117,
    34.835832846935));
#8579 = CARTESIAN_POINT('',(-113.4361103369,-16.99926920988,
    34.668666277548));
#8580 = CARTESIAN_POINT('',(-136.9701256628,-23.57101361859,
    34.501499708161));
#8581 = CARTESIAN_POINT('',(-160.5041409888,-30.14275802729,
    34.334333138774));
#8582 = CARTESIAN_POINT('',(-184.0381563147,-36.714502436,
    34.167166569387));
#8583 = CARTESIAN_POINT('',(-209.0081462927,-43.68723487248,33.9898));
#8584 = CARTESIAN_POINT('',(-210.4441209449,-44.08822290026,33.9796));
#8585 = CARTESIAN_POINT('',(-211.880095597,-44.48921092804,33.9694));
#8586 = CARTESIAN_POINT('',(-213.3160702491,-44.89019895582,33.9592));
#8587 = CARTESIAN_POINT('',(-214.7520449013,-45.29118698359,33.949));
#8588 = CARTESIAN_POINT('',(-216.1880195534,-45.69217501137,33.9388));
#8589 = B_SPLINE_SURFACE_WITH_KNOTS('',1,1,(
    (#8590,#8591)
    ,(#8592,#8593
    )),.UNSPECIFIED.,.F.,.F.,.F.,(2,2),(2,2),(0.,38.),(0.,1.),
  .PIECEWISE_BEZIER_KNOTS.);
#8590 = CARTESIAN_POINT('',(-68.57313994917,3.837248690338,35.));
#8591 = CARTESIAN_POINT('',(-209.35496859,-35.47530305255,34.));
#8592 = CARTESIAN_POINT('',(-60.11734445883,-33.21001197257,35.));
#8593 = CARTESIAN_POINT('',(-204.014466175,-58.87357294492,34.));
#8594 = ADVANCED_FACE('',(#8595),#8651,.F.);
#8595 = FACE_BOUND('',#8596,.F.);
#8596 = EDGE_LOOP('',(#8597,#8598,#8599,#8600,#8622));
#8597 = ORIENTED_EDGE('',*,*,#8570,.F.);
#8598 = ORIENTED_EDGE('',*,*,#2850,.F.);
#8599 = ORIENTED_EDGE('',*,*,#8433,.F.);
#8600 = ORIENTED_EDGE('',*,*,#8601,.T.);
#8601 = EDGE_CURVE('',#8424,#8602,#8604,.T.);
#8602 = VERTEX_POINT('',#8603);
#8603 = CARTESIAN_POINT('',(-209.35496859,-35.47530305255,
    42.002811770456));
#8604 = B_SPLINE_CURVE_WITH_KNOTS('',6,(#8605,#8606,#8607,#8608,#8609,
    #8610,#8611,#8612,#8613,#8614,#8615,#8616,#8617,#8618,#8619,#8620,
    #8621),.UNSPECIFIED.,.F.,.F.,(7,5,5,7),(-9.000422918949,
    -5.474960499463E-02,146.55481105679,155.50048437074),.UNSPECIFIED.);
#8605 = CARTESIAN_POINT('',(-59.95729203635,6.243176857003,
    43.064011770456));
#8606 = CARTESIAN_POINT('',(-61.39326668848,5.842188829226,
    43.053811770456));
#8607 = CARTESIAN_POINT('',(-62.82924134062,5.441200801448,
    43.043611770456));
#8608 = CARTESIAN_POINT('',(-64.26521599276,5.04021277367,
    43.033411770456));
#8609 = CARTESIAN_POINT('',(-65.70119064489,4.639224745893,
    43.023211770456));
#8610 = CARTESIAN_POINT('',(-67.13716529703,4.238236718115,
    43.013011770456));
#8611 = CARTESIAN_POINT('',(-92.10715527508,-2.734495718369,
    42.835645201069));
#8612 = CARTESIAN_POINT('',(-115.6411706009,-9.306240127076,
    42.668478631682));
#8613 = CARTESIAN_POINT('',(-139.1751859269,-15.87798453578,
    42.501312062296));
#8614 = CARTESIAN_POINT('',(-162.7092012528,-22.44972894449,
    42.334145492908));
#8615 = CARTESIAN_POINT('',(-186.2432165787,-29.02147335319,
    42.166978923522));
#8616 = CARTESIAN_POINT('',(-211.2132065567,-35.99420578968,
    41.989612354135));
#8617 = CARTESIAN_POINT('',(-212.6491812089,-36.39519381745,
    41.979412354135));
#8618 = CARTESIAN_POINT('',(-214.085155861,-36.79618184523,
    41.969212354135));
#8619 = CARTESIAN_POINT('',(-215.5211305131,-37.19716987301,
    41.959012354135));
#8620 = CARTESIAN_POINT('',(-216.9571051653,-37.59815790079,
    41.948812354135));
#8621 = CARTESIAN_POINT('',(-218.3930798174,-37.99914592856,
    41.938612354135));
#8622 = ORIENTED_EDGE('',*,*,#8623,.F.);
#8623 = EDGE_CURVE('',#8563,#8602,#8624,.T.);
#8624 = B_SPLINE_CURVE_WITH_KNOTS('',7,(#8625,#8626,#8627,#8628,#8629,
    #8630,#8631,#8632,#8633,#8634,#8635,#8636,#8637,#8638,#8639,#8640,
    #8641,#8642,#8643,#8644,#8645,#8646,#8647,#8648,#8649,#8650),
  .UNSPECIFIED.,.F.,.F.,(8,6,6,6,8),(0.,0.249928743901,0.500002573608,
    0.75007469467,1.),.UNSPECIFIED.);
#8625 = CARTESIAN_POINT('',(-207.5721716406,-43.28624684471,34.));
#8626 = CARTESIAN_POINT('',(-207.6622386403,-42.89163753561,34.));
#8627 = CARTESIAN_POINT('',(-207.7544945503,-42.48743798423,
    34.023838195587));
#8628 = CARTESIAN_POINT('',(-207.8484714135,-42.0756984439,
    34.073594322343));
#8629 = CARTESIAN_POINT('',(-207.9435859713,-41.65897433805,
    34.15114205148));
#8630 = CARTESIAN_POINT('',(-208.0391383376,-41.24033206768,
    34.257934940985));
#8631 = CARTESIAN_POINT('',(-208.1343376551,-40.82323660517,
    34.394825659662));
#8632 = CARTESIAN_POINT('',(-208.322426388,-39.99916602272,
    34.729108307305));
#8633 = CARTESIAN_POINT('',(-208.4153147282,-39.59219561345,
    34.926536733979));
#8634 = CARTESIAN_POINT('',(-208.506188756,-39.19405048343,
    35.154311976592));
#8635 = CARTESIAN_POINT('',(-208.5941795006,-38.80853784231,
    35.411810777755));
#8636 = CARTESIAN_POINT('',(-208.6784304667,-38.43941024153,
    35.697561774273));
#8637 = CARTESIAN_POINT('',(-208.7581714924,-38.09004198063,
    36.009289745988));
#8638 = CARTESIAN_POINT('',(-208.9073559612,-37.43642211597,
    36.678965131903));
#8639 = CARTESIAN_POINT('',(-208.9767997634,-37.13216893914,
    37.036913526269));
#8640 = CARTESIAN_POINT('',(-209.0404568638,-36.85326895944,
    37.415107423295));
#8641 = CARTESIAN_POINT('',(-209.0978203447,-36.60194312837,
    37.81008979759));
#8642 = CARTESIAN_POINT('',(-209.1485623511,-36.37962787227,
    38.218015913721));
#8643 = CARTESIAN_POINT('',(-209.1925439735,-36.18693179441,
    38.634984884269));
#8644 = CARTESIAN_POINT('',(-209.2670127048,-35.8606629645,
    39.479299588322));
#8645 = CARTESIAN_POINT('',(-209.2975080395,-35.72705417332,
    39.906640440957));
#8646 = CARTESIAN_POINT('',(-209.321298459,-35.622821535,40.335566432024
    ));
#8647 = CARTESIAN_POINT('',(-209.3385738871,-35.54713293931,
    40.762527272486));
#8648 = CARTESIAN_POINT('',(-209.3496581281,-35.4985697063,
    41.184381054573));
#8649 = CARTESIAN_POINT('',(-209.35496859,-35.47530305255,
    41.598509451841));
#8650 = CARTESIAN_POINT('',(-209.35496859,-35.47530305255,
    42.002811770456));
#8651 = ( BOUNDED_SURFACE() B_SPLINE_SURFACE(2,6,(
    (#8652,#8653,#8654,#8655,#8656,#8657,#8658,#8659,#8660,#8661,#8662
      ,#8663,#8664,#8665,#8666,#8667,#8668)
    ,(#8669,#8670,#8671,#8672,#8673,#8674,#8675,#8676,#8677,#8678,#8679
      ,#8680,#8681,#8682,#8683,#8684,#8685)
    ,(#8686,#8687,#8688,#8689,#8690,#8691,#8692,#8693,#8694,#8695,#8696
      ,#8697,#8698,#8699,#8700,#8701,#8702
)),.UNSPECIFIED.,.F.,.F.,.F.) B_SPLINE_SURFACE_WITH_KNOTS((3,3),(7,5,5,7
    ),(0.,146.60956066178),(-9.000422918949,-5.474960499463E-02,
    146.55481105679,155.50048437074),.UNSPECIFIED.) 
GEOMETRIC_REPRESENTATION_ITEM() RATIONAL_B_SPLINE_SURFACE((
    (1.,1.,1.,1.,1.,1.,1.,1.,1.,1.,1.,1.,1.,1.,1.,1.,1.)
    ,(0.706990803572,0.706990803572,0.706990803572,0.706990803572
      ,0.706990803572,0.706990803572,0.706990803572,0.706990803572
      ,0.706990803572,0.706990803572,0.706990803572,0.706990803572
      ,0.706990803572,0.706990803572,0.706990803572,0.706990803572
      ,0.706990803572)
    ,(1.,1.,1.,1.,1.,1.,1.,1.,1.,1.,1.,1.,1.,1.,1.,1.,1.
))) REPRESENTATION_ITEM('') SURFACE() );
#8652 = CARTESIAN_POINT('',(-57.75223177233,-1.449852225804,
    35.064199416322));
#8653 = CARTESIAN_POINT('',(-59.18820642447,-1.850840253581,
    35.053999416322));
#8654 = CARTESIAN_POINT('',(-60.6241810766,-2.251828281359,
    35.043799416322));
#8655 = CARTESIAN_POINT('',(-62.06015572874,-2.652816309136,
    35.033599416322));
#8656 = CARTESIAN_POINT('',(-63.49613038088,-3.053804336914,
    35.023399416322));
#8657 = CARTESIAN_POINT('',(-64.93210503301,-3.454792364691,
    35.013199416322));
#8658 = CARTESIAN_POINT('',(-89.90209501106,-10.42752480117,
    34.835832846935));
#8659 = CARTESIAN_POINT('',(-113.4361103369,-16.99926920988,
    34.668666277548));
#8660 = CARTESIAN_POINT('',(-136.9701256628,-23.57101361859,
    34.501499708161));
#8661 = CARTESIAN_POINT('',(-160.5041409888,-30.14275802729,
    34.334333138774));
#8662 = CARTESIAN_POINT('',(-184.0381563147,-36.714502436,
    34.167166569387));
#8663 = CARTESIAN_POINT('',(-209.0081462927,-43.68723487248,33.9898));
#8664 = CARTESIAN_POINT('',(-210.4441209449,-44.08822290026,33.9796));
#8665 = CARTESIAN_POINT('',(-211.880095597,-44.48921092804,33.9694));
#8666 = CARTESIAN_POINT('',(-213.3160702491,-44.89019895582,33.9592));
#8667 = CARTESIAN_POINT('',(-214.7520449013,-45.29118698359,33.949));
#8668 = CARTESIAN_POINT('',(-216.1880195534,-45.69217501137,33.9388));
#8669 = CARTESIAN_POINT('',(-59.90456103965,6.257901697957,
    35.061574558259));
#8670 = CARTESIAN_POINT('',(-61.34053569179,5.856913670179,
    35.051374558259));
#8671 = CARTESIAN_POINT('',(-62.77651034393,5.455925642402,
    35.041174558259));
#8672 = CARTESIAN_POINT('',(-64.21248499606,5.054937614624,
    35.030974558259));
#8673 = CARTESIAN_POINT('',(-65.6484596482,4.653949586847,
    35.020774558259));
#8674 = CARTESIAN_POINT('',(-67.08443430034,4.252961559069,
    35.010574558259));
#8675 = CARTESIAN_POINT('',(-92.05442427839,-2.719770877415,
    34.833207988872));
#8676 = CARTESIAN_POINT('',(-115.5884396043,-9.291515286122,
    34.666041419485));
#8677 = CARTESIAN_POINT('',(-139.1224549302,-15.86325969482,
    34.498874850099));
#8678 = CARTESIAN_POINT('',(-162.6564702561,-22.43500410353,
    34.331708280712));
#8679 = CARTESIAN_POINT('',(-186.190485582,-29.00674851224,
    34.164541711325));
#8680 = CARTESIAN_POINT('',(-211.16047556,-35.97948094872,
    33.987175141938));
#8681 = CARTESIAN_POINT('',(-212.5964502122,-36.3804689765,
    33.976975141938));
#8682 = CARTESIAN_POINT('',(-214.0324248643,-36.78145700428,
    33.966775141938));
#8683 = CARTESIAN_POINT('',(-215.4683995165,-37.18244503206,
    33.956575141938));
#8684 = CARTESIAN_POINT('',(-216.9043741686,-37.58343305983,
    33.946375141938));
#8685 = CARTESIAN_POINT('',(-218.3403488207,-37.98442108761,
    33.936175141938));
#8686 = CARTESIAN_POINT('',(-59.95729203635,6.243176857003,
    43.064011770456));
#8687 = CARTESIAN_POINT('',(-61.39326668848,5.842188829226,
    43.053811770456));
#8688 = CARTESIAN_POINT('',(-62.82924134062,5.441200801448,
    43.043611770456));
#8689 = CARTESIAN_POINT('',(-64.26521599276,5.04021277367,
    43.033411770456));
#8690 = CARTESIAN_POINT('',(-65.70119064489,4.639224745893,
    43.023211770456));
#8691 = CARTESIAN_POINT('',(-67.13716529703,4.238236718115,
    43.013011770456));
#8692 = CARTESIAN_POINT('',(-92.10715527508,-2.734495718369,
    42.835645201069));
#8693 = CARTESIAN_POINT('',(-115.6411706009,-9.306240127076,
    42.668478631682));
#8694 = CARTESIAN_POINT('',(-139.1751859269,-15.87798453578,
    42.501312062296));
#8695 = CARTESIAN_POINT('',(-162.7092012528,-22.44972894449,
    42.334145492908));
#8696 = CARTESIAN_POINT('',(-186.2432165787,-29.02147335319,
    42.166978923522));
#8697 = CARTESIAN_POINT('',(-211.2132065567,-35.99420578968,
    41.989612354135));
#8698 = CARTESIAN_POINT('',(-212.6491812089,-36.39519381745,
    41.979412354135));
#8699 = CARTESIAN_POINT('',(-214.085155861,-36.79618184523,
    41.969212354135));
#8700 = CARTESIAN_POINT('',(-215.5211305131,-37.19716987301,
    41.959012354135));
#8701 = CARTESIAN_POINT('',(-216.9571051653,-37.59815790079,
    41.948812354135));
#8702 = CARTESIAN_POINT('',(-218.3930798174,-37.99914592856,
    41.938612354135));
#8703 = ADVANCED_FACE('',(#8704),#8723,.F.);
#8704 = FACE_BOUND('',#8705,.F.);
#8705 = EDGE_LOOP('',(#8706,#8714,#8721,#8722));
#8706 = ORIENTED_EDGE('',*,*,#8707,.T.);
#8707 = EDGE_CURVE('',#3094,#8708,#8710,.T.);
#8708 = VERTEX_POINT('',#8709);
#8709 = CARTESIAN_POINT('',(-25.41597412837,-45.30495168499,43.));
#8710 = LINE('',#8711,#8712);
#8711 = CARTESIAN_POINT('',(-25.41597412837,-45.30495168499,25.));
#8712 = VECTOR('',#8713,1.);
#8713 = DIRECTION('',(0.,0.,1.));
#8714 = ORIENTED_EDGE('',*,*,#8715,.F.);
#8715 = EDGE_CURVE('',#8708,#8708,#8716,.T.);
#8716 = CIRCLE('',#8717,7.5);
#8717 = AXIS2_PLACEMENT_3D('',#8718,#8719,#8720);
#8718 = CARTESIAN_POINT('',(-32.91597412837,-45.30495168499,43.));
#8719 = DIRECTION('',(0.,0.,1.));
#8720 = DIRECTION('',(1.,0.,-0.));
#8721 = ORIENTED_EDGE('',*,*,#8707,.F.);
#8722 = ORIENTED_EDGE('',*,*,#3093,.T.);
#8723 = CYLINDRICAL_SURFACE('',#8724,7.5);
#8724 = AXIS2_PLACEMENT_3D('',#8725,#8726,#8727);
#8725 = CARTESIAN_POINT('',(-32.91597412837,-45.30495168499,25.));
#8726 = DIRECTION('',(0.,0.,1.));
#8727 = DIRECTION('',(1.,0.,-0.));
#8728 = ADVANCED_FACE('',(#8729),#8740,.F.);
#8729 = FACE_BOUND('',#8730,.F.);
#8730 = EDGE_LOOP('',(#8731,#8732,#8738,#8739));
#8731 = ORIENTED_EDGE('',*,*,#5391,.F.);
#8732 = ORIENTED_EDGE('',*,*,#8733,.F.);
#8733 = EDGE_CURVE('',#3105,#5392,#8734,.T.);
#8734 = LINE('',#8735,#8736);
#8735 = CARTESIAN_POINT('',(28.55,-6.992733223131E-15,5.));
#8736 = VECTOR('',#8737,1.);
#8737 = DIRECTION('',(0.,0.,1.));
#8738 = ORIENTED_EDGE('',*,*,#3104,.T.);
#8739 = ORIENTED_EDGE('',*,*,#8733,.T.);
#8740 = CYLINDRICAL_SURFACE('',#8741,28.55);
#8741 = AXIS2_PLACEMENT_3D('',#8742,#8743,#8744);
#8742 = CARTESIAN_POINT('',(0.,0.,5.));
#8743 = DIRECTION('',(0.,0.,1.));
#8744 = DIRECTION('',(1.,0.,-0.));
#8745 = ADVANCED_FACE('',(#8746),#8765,.F.);
#8746 = FACE_BOUND('',#8747,.F.);
#8747 = EDGE_LOOP('',(#8748,#8756,#8763,#8764));
#8748 = ORIENTED_EDGE('',*,*,#8749,.T.);
#8749 = EDGE_CURVE('',#3116,#8750,#8752,.T.);
#8750 = VERTEX_POINT('',#8751);
#8751 = CARTESIAN_POINT('',(40.415974128378,-45.30495168499,43.));
#8752 = LINE('',#8753,#8754);
#8753 = CARTESIAN_POINT('',(40.415974128378,-45.30495168499,25.));
#8754 = VECTOR('',#8755,1.);
#8755 = DIRECTION('',(0.,0.,1.));
#8756 = ORIENTED_EDGE('',*,*,#8757,.F.);
#8757 = EDGE_CURVE('',#8750,#8750,#8758,.T.);
#8758 = CIRCLE('',#8759,7.5);
#8759 = AXIS2_PLACEMENT_3D('',#8760,#8761,#8762);
#8760 = CARTESIAN_POINT('',(32.915974128378,-45.30495168499,43.));
#8761 = DIRECTION('',(0.,0.,1.));
#8762 = DIRECTION('',(1.,0.,-0.));
#8763 = ORIENTED_EDGE('',*,*,#8749,.F.);
#8764 = ORIENTED_EDGE('',*,*,#3115,.T.);
#8765 = CYLINDRICAL_SURFACE('',#8766,7.5);
#8766 = AXIS2_PLACEMENT_3D('',#8767,#8768,#8769);
#8767 = CARTESIAN_POINT('',(32.915974128378,-45.30495168499,25.));
#8768 = DIRECTION('',(0.,0.,1.));
#8769 = DIRECTION('',(1.,0.,-0.));
#8770 = ADVANCED_FACE('',(#8771),#8790,.F.);
#8771 = FACE_BOUND('',#8772,.F.);
#8772 = EDGE_LOOP('',(#8773,#8781,#8788,#8789));
#8773 = ORIENTED_EDGE('',*,*,#8774,.T.);
#8774 = EDGE_CURVE('',#3127,#8775,#8777,.T.);
#8775 = VERTEX_POINT('',#8776);
#8776 = CARTESIAN_POINT('',(-45.75916491252,17.304951684997,43.));
#8777 = LINE('',#8778,#8779);
#8778 = CARTESIAN_POINT('',(-45.75916491252,17.304951684997,25.));
#8779 = VECTOR('',#8780,1.);
#8780 = DIRECTION('',(0.,0.,1.));
#8781 = ORIENTED_EDGE('',*,*,#8782,.F.);
#8782 = EDGE_CURVE('',#8775,#8775,#8783,.T.);
#8783 = CIRCLE('',#8784,7.5);
#8784 = AXIS2_PLACEMENT_3D('',#8785,#8786,#8787);
#8785 = CARTESIAN_POINT('',(-53.25916491252,17.304951684997,43.));
#8786 = DIRECTION('',(0.,0.,1.));
#8787 = DIRECTION('',(1.,0.,-0.));
#8788 = ORIENTED_EDGE('',*,*,#8774,.F.);
#8789 = ORIENTED_EDGE('',*,*,#3126,.T.);
#8790 = CYLINDRICAL_SURFACE('',#8791,7.5);
#8791 = AXIS2_PLACEMENT_3D('',#8792,#8793,#8794);
#8792 = CARTESIAN_POINT('',(-53.25916491252,17.304951684997,25.));
#8793 = DIRECTION('',(0.,0.,1.));
#8794 = DIRECTION('',(1.,0.,-0.));
#8795 = ADVANCED_FACE('',(#8796),#8815,.F.);
#8796 = FACE_BOUND('',#8797,.F.);
#8797 = EDGE_LOOP('',(#8798,#8806,#8813,#8814));
#8798 = ORIENTED_EDGE('',*,*,#8799,.T.);
#8799 = EDGE_CURVE('',#3138,#8800,#8802,.T.);
#8800 = VERTEX_POINT('',#8801);
#8801 = CARTESIAN_POINT('',(7.5,56.,43.));
#8802 = LINE('',#8803,#8804);
#8803 = CARTESIAN_POINT('',(7.5,56.,25.));
#8804 = VECTOR('',#8805,1.);
#8805 = DIRECTION('',(0.,0.,1.));
#8806 = ORIENTED_EDGE('',*,*,#8807,.F.);
#8807 = EDGE_CURVE('',#8800,#8800,#8808,.T.);
#8808 = CIRCLE('',#8809,7.5);
#8809 = AXIS2_PLACEMENT_3D('',#8810,#8811,#8812);
#8810 = CARTESIAN_POINT('',(3.429011037613E-15,56.,43.));
#8811 = DIRECTION('',(0.,0.,1.));
#8812 = DIRECTION('',(1.,0.,-0.));
#8813 = ORIENTED_EDGE('',*,*,#8799,.F.);
#8814 = ORIENTED_EDGE('',*,*,#3137,.T.);
#8815 = CYLINDRICAL_SURFACE('',#8816,7.5);
#8816 = AXIS2_PLACEMENT_3D('',#8817,#8818,#8819);
#8817 = CARTESIAN_POINT('',(3.429011037613E-15,56.,25.));
#8818 = DIRECTION('',(0.,0.,1.));
#8819 = DIRECTION('',(1.,0.,-0.));
#8820 = ADVANCED_FACE('',(#8821),#8840,.F.);
#8821 = FACE_BOUND('',#8822,.F.);
#8822 = EDGE_LOOP('',(#8823,#8831,#8838,#8839));
#8823 = ORIENTED_EDGE('',*,*,#8824,.T.);
#8824 = EDGE_CURVE('',#3149,#8825,#8827,.T.);
#8825 = VERTEX_POINT('',#8826);
#8826 = CARTESIAN_POINT('',(60.759164912529,17.304951684997,43.));
#8827 = LINE('',#8828,#8829);
#8828 = CARTESIAN_POINT('',(60.759164912529,17.304951684997,25.));
#8829 = VECTOR('',#8830,1.);
#8830 = DIRECTION('',(0.,0.,1.));
#8831 = ORIENTED_EDGE('',*,*,#8832,.F.);
#8832 = EDGE_CURVE('',#8825,#8825,#8833,.T.);
#8833 = CIRCLE('',#8834,7.5);
#8834 = AXIS2_PLACEMENT_3D('',#8835,#8836,#8837);
#8835 = CARTESIAN_POINT('',(53.259164912529,17.304951684997,43.));
#8836 = DIRECTION('',(0.,0.,1.));
#8837 = DIRECTION('',(1.,0.,-0.));
#8838 = ORIENTED_EDGE('',*,*,#8824,.F.);
#8839 = ORIENTED_EDGE('',*,*,#3148,.T.);
#8840 = CYLINDRICAL_SURFACE('',#8841,7.5);
#8841 = AXIS2_PLACEMENT_3D('',#8842,#8843,#8844);
#8842 = CARTESIAN_POINT('',(53.259164912529,17.304951684997,25.));
#8843 = DIRECTION('',(0.,0.,1.));
#8844 = DIRECTION('',(1.,0.,-0.));
#8845 = ADVANCED_FACE('',(#8846),#8853,.T.);
#8846 = FACE_BOUND('',#8847,.T.);
#8847 = EDGE_LOOP('',(#8848,#8849,#8850,#8851,#8852));
#8848 = ORIENTED_EDGE('',*,*,#3569,.F.);
#8849 = ORIENTED_EDGE('',*,*,#3656,.F.);
#8850 = ORIENTED_EDGE('',*,*,#6840,.F.);
#8851 = ORIENTED_EDGE('',*,*,#6715,.T.);
#8852 = ORIENTED_EDGE('',*,*,#3313,.F.);
#8853 = B_SPLINE_SURFACE_WITH_KNOTS('',1,1,(
    (#8854,#8855)
    ,(#8856,#8857
    )),.UNSPECIFIED.,.F.,.F.,.F.,(2,2),(2,2),(0.,18.),(0.,1.),
  .PIECEWISE_BEZIER_KNOTS.);
#8854 = CARTESIAN_POINT('',(11.517918291613,-67.70773632479,53.));
#8855 = CARTESIAN_POINT('',(81.171726278093,-196.2120048647,52.));
#8856 = CARTESIAN_POINT('',(11.517918291613,-67.70773632479,35.));
#8857 = CARTESIAN_POINT('',(81.171726278093,-196.2120048647,34.));
#8858 = ADVANCED_FACE('',(#8859),#8866,.T.);
#8859 = FACE_BOUND('',#8860,.T.);
#8860 = EDGE_LOOP('',(#8861,#8862,#8863,#8864,#8865));
#8861 = ORIENTED_EDGE('',*,*,#5688,.F.);
#8862 = ORIENTED_EDGE('',*,*,#5886,.F.);
#8863 = ORIENTED_EDGE('',*,*,#5310,.F.);
#8864 = ORIENTED_EDGE('',*,*,#3400,.T.);
#8865 = ORIENTED_EDGE('',*,*,#5472,.F.);
#8866 = B_SPLINE_SURFACE_WITH_KNOTS('',1,1,(
    (#8867,#8868)
    ,(#8869,#8870
    )),.UNSPECIFIED.,.F.,.F.,.F.,(2,2),(2,2),(0.,18.),(0.,1.),
  .PIECEWISE_BEZIER_KNOTS.);
#8867 = CARTESIAN_POINT('',(68.57313994917,3.837248690338,35.));
#8868 = CARTESIAN_POINT('',(209.35496859002,-35.47530305255,34.));
#8869 = CARTESIAN_POINT('',(68.57313994917,3.837248690338,53.));
#8870 = CARTESIAN_POINT('',(209.35496859002,-35.47530305255,52.));
#8871 = ADVANCED_FACE('',(#8872),#8884,.T.);
#8872 = FACE_BOUND('',#8873,.T.);
#8873 = EDGE_LOOP('',(#8874,#8875,#8876,#8877,#8878));
#8874 = ORIENTED_EDGE('',*,*,#7226,.F.);
#8875 = ORIENTED_EDGE('',*,*,#6829,.F.);
#8876 = ORIENTED_EDGE('',*,*,#3676,.F.);
#8877 = ORIENTED_EDGE('',*,*,#3692,.T.);
#8878 = ORIENTED_EDGE('',*,*,#8879,.F.);
#8879 = EDGE_CURVE('',#7227,#3693,#8880,.T.);
#8880 = LINE('',#8881,#8882);
#8881 = CARTESIAN_POINT('',(-81.17172627809,-196.2120048647,34.));
#8882 = VECTOR('',#8883,1.);
#8883 = DIRECTION('',(0.,0.,1.));
#8884 = B_SPLINE_SURFACE_WITH_KNOTS('',1,1,(
    (#8885,#8886)
    ,(#8887,#8888
    )),.UNSPECIFIED.,.F.,.F.,.F.,(2,2),(2,2),(0.,18.),(0.,1.),
  .PIECEWISE_BEZIER_KNOTS.);
#8885 = CARTESIAN_POINT('',(-11.51791829161,-67.70773632479,35.));
#8886 = CARTESIAN_POINT('',(-81.17172627809,-196.2120048647,34.));
#8887 = CARTESIAN_POINT('',(-11.51791829161,-67.70773632479,53.));
#8888 = CARTESIAN_POINT('',(-81.17172627809,-196.2120048647,52.));
#8889 = ADVANCED_FACE('',(#8890),#8905,.F.);
#8890 = FACE_BOUND('',#8891,.F.);
#8891 = EDGE_LOOP('',(#8892,#8893,#8894,#8900,#8901,#8902,#8903,#8904));
#8892 = ORIENTED_EDGE('',*,*,#7480,.F.);
#8893 = ORIENTED_EDGE('',*,*,#7789,.T.);
#8894 = ORIENTED_EDGE('',*,*,#8895,.F.);
#8895 = EDGE_CURVE('',#3873,#7768,#8896,.T.);
#8896 = LINE('',#8897,#8898);
#8897 = CARTESIAN_POINT('',(-102.7949791077,-185.7987951259,52.));
#8898 = VECTOR('',#8899,1.);
#8899 = DIRECTION('',(0.,0.,-1.));
#8900 = ORIENTED_EDGE('',*,*,#3894,.F.);
#8901 = ORIENTED_EDGE('',*,*,#3846,.F.);
#8902 = ORIENTED_EDGE('',*,*,#3738,.F.);
#8903 = ORIENTED_EDGE('',*,*,#8879,.F.);
#8904 = ORIENTED_EDGE('',*,*,#7248,.F.);
#8905 = PLANE('',#8906);
#8906 = AXIS2_PLACEMENT_3D('',#8907,#8908,#8909);
#8907 = CARTESIAN_POINT('',(-102.7949791077,-185.7987951259,34.));
#8908 = DIRECTION('',(0.433883739118,0.900968867902,0.));
#8909 = DIRECTION('',(0.720775094322,-0.347106991294,0.6));
#8910 = ADVANCED_FACE('',(#8911),#8918,.T.);
#8911 = FACE_BOUND('',#8912,.T.);
#8912 = EDGE_LOOP('',(#8913,#8914,#8915,#8916,#8917));
#8913 = ORIENTED_EDGE('',*,*,#3872,.F.);
#8914 = ORIENTED_EDGE('',*,*,#3989,.F.);
#8915 = ORIENTED_EDGE('',*,*,#7922,.F.);
#8916 = ORIENTED_EDGE('',*,*,#7767,.T.);
#8917 = ORIENTED_EDGE('',*,*,#8895,.F.);
#8918 = B_SPLINE_SURFACE_WITH_KNOTS('',1,1,(
    (#8919,#8920)
    ,(#8921,#8922
    )),.UNSPECIFIED.,.F.,.F.,.F.,(2,2),(2,2),(0.,18.),(0.,1.),
  .PIECEWISE_BEZIER_KNOTS.);
#8919 = CARTESIAN_POINT('',(-45.7547352719,-51.22015423832,53.));
#8920 = CARTESIAN_POINT('',(-102.7949791077,-185.7987951259,52.));
#8921 = CARTESIAN_POINT('',(-45.7547352719,-51.22015423832,35.));
#8922 = CARTESIAN_POINT('',(-102.7949791077,-185.7987951259,34.));
#8923 = ADVANCED_FACE('',(#8924),#8936,.T.);
#8924 = FACE_BOUND('',#8925,.T.);
#8925 = EDGE_LOOP('',(#8926,#8927,#8928,#8929,#8930));
#8926 = ORIENTED_EDGE('',*,*,#8308,.F.);
#8927 = ORIENTED_EDGE('',*,*,#7911,.F.);
#8928 = ORIENTED_EDGE('',*,*,#4009,.F.);
#8929 = ORIENTED_EDGE('',*,*,#4025,.T.);
#8930 = ORIENTED_EDGE('',*,*,#8931,.F.);
#8931 = EDGE_CURVE('',#8309,#4026,#8932,.T.);
#8932 = LINE('',#8933,#8934);
#8933 = CARTESIAN_POINT('',(-204.014466175,-58.87357294492,34.));
#8934 = VECTOR('',#8935,1.);
#8935 = DIRECTION('',(0.,0.,1.));
#8936 = B_SPLINE_SURFACE_WITH_KNOTS('',1,1,(
    (#8937,#8938)
    ,(#8939,#8940
    )),.UNSPECIFIED.,.F.,.F.,.F.,(2,2),(2,2),(0.,18.),(0.,1.),
  .PIECEWISE_BEZIER_KNOTS.);
#8937 = CARTESIAN_POINT('',(-60.11734445883,-33.21001197257,35.));
#8938 = CARTESIAN_POINT('',(-204.014466175,-58.87357294492,34.));
#8939 = CARTESIAN_POINT('',(-60.11734445883,-33.21001197257,53.));
#8940 = CARTESIAN_POINT('',(-204.014466175,-58.87357294492,52.));
#8941 = ADVANCED_FACE('',(#8942),#8957,.F.);
#8942 = FACE_BOUND('',#8943,.F.);
#8943 = EDGE_LOOP('',(#8944,#8945,#8946,#8952,#8953,#8954,#8955,#8956));
#8944 = ORIENTED_EDGE('',*,*,#8562,.F.);
#8945 = ORIENTED_EDGE('',*,*,#8623,.T.);
#8946 = ORIENTED_EDGE('',*,*,#8947,.F.);
#8947 = EDGE_CURVE('',#4206,#8602,#8948,.T.);
#8948 = LINE('',#8949,#8950);
#8949 = CARTESIAN_POINT('',(-209.35496859,-35.47530305255,52.));
#8950 = VECTOR('',#8951,1.);
#8951 = DIRECTION('',(0.,0.,-1.));
#8952 = ORIENTED_EDGE('',*,*,#4227,.F.);
#8953 = ORIENTED_EDGE('',*,*,#4179,.F.);
#8954 = ORIENTED_EDGE('',*,*,#4071,.F.);
#8955 = ORIENTED_EDGE('',*,*,#8931,.F.);
#8956 = ORIENTED_EDGE('',*,*,#8330,.F.);
#8957 = PLANE('',#8958);
#8958 = AXIS2_PLACEMENT_3D('',#8959,#8960,#8961);
#8959 = CARTESIAN_POINT('',(-209.35496859,-35.47530305255,34.));
#8960 = DIRECTION('',(0.974927912182,0.222520933956,4.625929269271E-17)
  );
#8961 = DIRECTION('',(0.178016747165,-0.779942329745,0.6));
#8962 = ADVANCED_FACE('',(#8963),#8970,.T.);
#8963 = FACE_BOUND('',#8964,.T.);
#8964 = EDGE_LOOP('',(#8965,#8966,#8967,#8968,#8969));
#8965 = ORIENTED_EDGE('',*,*,#4205,.F.);
#8966 = ORIENTED_EDGE('',*,*,#4332,.F.);
#8967 = ORIENTED_EDGE('',*,*,#8423,.F.);
#8968 = ORIENTED_EDGE('',*,*,#8601,.T.);
#8969 = ORIENTED_EDGE('',*,*,#8947,.F.);
#8970 = B_SPLINE_SURFACE_WITH_KNOTS('',1,1,(
    (#8971,#8972)
    ,(#8973,#8974
    )),.UNSPECIFIED.,.F.,.F.,.F.,(2,2),(2,2),(0.,18.),(0.,1.),
  .PIECEWISE_BEZIER_KNOTS.);
#8971 = CARTESIAN_POINT('',(-68.57313994917,3.837248690338,53.));
#8972 = CARTESIAN_POINT('',(-209.35496859,-35.47530305255,52.));
#8973 = CARTESIAN_POINT('',(-68.57313994917,3.837248690338,35.));
#8974 = CARTESIAN_POINT('',(-209.35496859,-35.47530305255,34.));
#8975 = ADVANCED_FACE('',(#8976),#8988,.T.);
#8976 = FACE_BOUND('',#8977,.T.);
#8977 = EDGE_LOOP('',(#8978,#8979,#8980,#8981,#8982));
#8978 = ORIENTED_EDGE('',*,*,#8178,.F.);
#8979 = ORIENTED_EDGE('',*,*,#8414,.F.);
#8980 = ORIENTED_EDGE('',*,*,#4311,.F.);
#8981 = ORIENTED_EDGE('',*,*,#4358,.T.);
#8982 = ORIENTED_EDGE('',*,*,#8983,.F.);
#8983 = EDGE_CURVE('',#8179,#4359,#8984,.T.);
#8984 = LINE('',#8985,#8986);
#8985 = CARTESIAN_POINT('',(-173.2301519055,122.79786020443,34.));
#8986 = VECTOR('',#8987,1.);
#8987 = DIRECTION('',(0.,0.,1.));
#8988 = B_SPLINE_SURFACE_WITH_KNOTS('',1,1,(
    (#8989,#8990)
    ,(#8991,#8992
    )),.UNSPECIFIED.,.F.,.F.,.F.,(2,2),(2,2),(0.,18.),(0.,1.),
  .PIECEWISE_BEZIER_KNOTS.);
#8989 = CARTESIAN_POINT('',(-63.4471840782,26.295528755784,35.));
#8990 = CARTESIAN_POINT('',(-173.2301519055,122.79786020443,34.));
#8991 = CARTESIAN_POINT('',(-63.4471840782,26.295528755784,53.));
#8992 = CARTESIAN_POINT('',(-173.2301519055,122.79786020443,52.));
#8993 = ADVANCED_FACE('',(#8994),#9009,.F.);
#8994 = FACE_BOUND('',#8995,.F.);
#8995 = EDGE_LOOP('',(#8996,#8997,#8998,#9004,#9005,#9006,#9007,#9008));
#8996 = ORIENTED_EDGE('',*,*,#7896,.F.);
#8997 = ORIENTED_EDGE('',*,*,#7562,.T.);
#8998 = ORIENTED_EDGE('',*,*,#8999,.F.);
#8999 = EDGE_CURVE('',#4539,#7541,#9000,.T.);
#9000 = LINE('',#9001,#9002);
#9001 = CARTESIAN_POINT('',(-158.2663966609,141.56181578366,52.));
#9002 = VECTOR('',#9003,1.);
#9003 = DIRECTION('',(0.,0.,-1.));
#9004 = ORIENTED_EDGE('',*,*,#4560,.F.);
#9005 = ORIENTED_EDGE('',*,*,#4512,.F.);
#9006 = ORIENTED_EDGE('',*,*,#4404,.F.);
#9007 = ORIENTED_EDGE('',*,*,#8983,.F.);
#9008 = ORIENTED_EDGE('',*,*,#8200,.F.);
#9009 = PLANE('',#9010);
#9010 = AXIS2_PLACEMENT_3D('',#9011,#9012,#9013);
#9011 = CARTESIAN_POINT('',(-158.2663966609,141.56181578366,34.));
#9012 = DIRECTION('',(0.781831482468,-0.623489801859,-9.251858538543E-17
    ));
#9013 = DIRECTION('',(-0.498791841487,-0.625465185974,0.6));
#9014 = ADVANCED_FACE('',(#9015),#9022,.T.);
#9015 = FACE_BOUND('',#9016,.T.);
#9016 = EDGE_LOOP('',(#9017,#9018,#9019,#9020,#9021));
#9017 = ORIENTED_EDGE('',*,*,#4538,.F.);
#9018 = ORIENTED_EDGE('',*,*,#4665,.F.);
#9019 = ORIENTED_EDGE('',*,*,#7341,.F.);
#9020 = ORIENTED_EDGE('',*,*,#7540,.T.);
#9021 = ORIENTED_EDGE('',*,*,#8999,.F.);
#9022 = B_SPLINE_SURFACE_WITH_KNOTS('',1,1,(
    (#9023,#9024)
    ,(#9025,#9026
    )),.UNSPECIFIED.,.F.,.F.,.F.,(2,2),(2,2),(0.,18.),(0.,1.),
  .PIECEWISE_BEZIER_KNOTS.);
#9023 = CARTESIAN_POINT('',(-39.75457160757,56.005125089569,53.));
#9024 = CARTESIAN_POINT('',(-158.2663966609,141.56181578366,52.));
#9025 = CARTESIAN_POINT('',(-39.75457160757,56.005125089569,35.));
#9026 = CARTESIAN_POINT('',(-158.2663966609,141.56181578366,34.));
#9027 = ADVANCED_FACE('',(#9028),#9040,.T.);
#9028 = FACE_BOUND('',#9029,.T.);
#9029 = EDGE_LOOP('',(#9030,#9031,#9032,#9033,#9034));
#9030 = ORIENTED_EDGE('',*,*,#7096,.F.);
#9031 = ORIENTED_EDGE('',*,*,#7332,.F.);
#9032 = ORIENTED_EDGE('',*,*,#4644,.F.);
#9033 = ORIENTED_EDGE('',*,*,#4691,.T.);
#9034 = ORIENTED_EDGE('',*,*,#9035,.F.);
#9035 = EDGE_CURVE('',#7097,#4692,#9036,.T.);
#9036 = LINE('',#9037,#9038);
#9037 = CARTESIAN_POINT('',(-12.,212.,34.));
#9038 = VECTOR('',#9039,1.);
#9039 = DIRECTION('',(0.,0.,1.));
#9040 = B_SPLINE_SURFACE_WITH_KNOTS('',1,1,(
    (#9041,#9042)
    ,(#9043,#9044
    )),.UNSPECIFIED.,.F.,.F.,.F.,(2,2),(2,2),(0.,18.),(0.,1.),
  .PIECEWISE_BEZIER_KNOTS.);
#9041 = CARTESIAN_POINT('',(-19.,66.,35.));
#9042 = CARTESIAN_POINT('',(-12.,212.,34.));
#9043 = CARTESIAN_POINT('',(-19.,66.,53.));
#9044 = CARTESIAN_POINT('',(-12.,212.,52.));
#9045 = ADVANCED_FACE('',(#9046),#9061,.F.);
#9046 = FACE_BOUND('',#9047,.F.);
#9047 = EDGE_LOOP('',(#9048,#9049,#9050,#9056,#9057,#9058,#9059,#9060));
#9048 = ORIENTED_EDGE('',*,*,#6814,.F.);
#9049 = ORIENTED_EDGE('',*,*,#6510,.T.);
#9050 = ORIENTED_EDGE('',*,*,#9051,.F.);
#9051 = EDGE_CURVE('',#4872,#6489,#9052,.T.);
#9052 = LINE('',#9053,#9054);
#9053 = CARTESIAN_POINT('',(12.,212.,52.));
#9054 = VECTOR('',#9055,1.);
#9055 = DIRECTION('',(0.,0.,-1.));
#9056 = ORIENTED_EDGE('',*,*,#4893,.F.);
#9057 = ORIENTED_EDGE('',*,*,#4845,.F.);
#9058 = ORIENTED_EDGE('',*,*,#4737,.F.);
#9059 = ORIENTED_EDGE('',*,*,#9035,.F.);
#9060 = ORIENTED_EDGE('',*,*,#7118,.F.);
#9061 = PLANE('',#9062);
#9062 = AXIS2_PLACEMENT_3D('',#9063,#9064,#9065);
#9063 = CARTESIAN_POINT('',(12.,212.,34.));
#9064 = DIRECTION('',(0.,-1.,0.));
#9065 = DIRECTION('',(-0.8,0.,0.6));
#9066 = ADVANCED_FACE('',(#9067),#9074,.T.);
#9067 = FACE_BOUND('',#9068,.T.);
#9068 = EDGE_LOOP('',(#9069,#9070,#9071,#9072,#9073));
#9069 = ORIENTED_EDGE('',*,*,#4871,.F.);
#9070 = ORIENTED_EDGE('',*,*,#4998,.F.);
#9071 = ORIENTED_EDGE('',*,*,#6327,.F.);
#9072 = ORIENTED_EDGE('',*,*,#6488,.T.);
#9073 = ORIENTED_EDGE('',*,*,#9051,.F.);
#9074 = B_SPLINE_SURFACE_WITH_KNOTS('',1,1,(
    (#9075,#9076)
    ,(#9077,#9078
    )),.UNSPECIFIED.,.F.,.F.,.F.,(2,2),(2,2),(0.,18.),(0.,1.),
  .PIECEWISE_BEZIER_KNOTS.);
#9075 = CARTESIAN_POINT('',(19.,66.,53.));
#9076 = CARTESIAN_POINT('',(12.,212.,52.));
#9077 = CARTESIAN_POINT('',(19.,66.,35.));
#9078 = CARTESIAN_POINT('',(12.,212.,34.));
#9079 = ADVANCED_FACE('',(#9080),#9092,.T.);
#9080 = FACE_BOUND('',#9081,.T.);
#9081 = EDGE_LOOP('',(#9082,#9083,#9084,#9085,#9086));
#9082 = ORIENTED_EDGE('',*,*,#6212,.F.);
#9083 = ORIENTED_EDGE('',*,*,#6318,.F.);
#9084 = ORIENTED_EDGE('',*,*,#4977,.F.);
#9085 = ORIENTED_EDGE('',*,*,#5024,.T.);
#9086 = ORIENTED_EDGE('',*,*,#9087,.F.);
#9087 = EDGE_CURVE('',#6213,#5025,#9088,.T.);
#9088 = LINE('',#9089,#9090);
#9089 = CARTESIAN_POINT('',(158.26639666091,141.56181578366,34.));
#9090 = VECTOR('',#9091,1.);
#9091 = DIRECTION('',(0.,0.,1.));
#9092 = B_SPLINE_SURFACE_WITH_KNOTS('',1,1,(
    (#9093,#9094)
    ,(#9095,#9096
    )),.UNSPECIFIED.,.F.,.F.,.F.,(2,2),(2,2),(0.,18.),(0.,1.),
  .PIECEWISE_BEZIER_KNOTS.);
#9093 = CARTESIAN_POINT('',(39.754571607574,56.005125089569,35.));
#9094 = CARTESIAN_POINT('',(158.26639666091,141.56181578366,34.));
#9095 = CARTESIAN_POINT('',(39.754571607574,56.005125089569,53.));
#9096 = CARTESIAN_POINT('',(158.26639666091,141.56181578366,52.));
#9097 = ADVANCED_FACE('',(#9098),#9113,.F.);
#9098 = FACE_BOUND('',#9099,.F.);
#9099 = EDGE_LOOP('',(#9100,#9101,#9102,#9108,#9109,#9110,#9111,#9112));
#9100 = ORIENTED_EDGE('',*,*,#6076,.F.);
#9101 = ORIENTED_EDGE('',*,*,#5969,.T.);
#9102 = ORIENTED_EDGE('',*,*,#9103,.F.);
#9103 = EDGE_CURVE('',#5205,#5948,#9104,.T.);
#9104 = LINE('',#9105,#9106);
#9105 = CARTESIAN_POINT('',(173.23015190552,122.79786020443,52.));
#9106 = VECTOR('',#9107,1.);
#9107 = DIRECTION('',(0.,0.,-1.));
#9108 = ORIENTED_EDGE('',*,*,#5226,.F.);
#9109 = ORIENTED_EDGE('',*,*,#5178,.F.);
#9110 = ORIENTED_EDGE('',*,*,#5070,.F.);
#9111 = ORIENTED_EDGE('',*,*,#9087,.F.);
#9112 = ORIENTED_EDGE('',*,*,#6234,.F.);
#9113 = PLANE('',#9114);
#9114 = AXIS2_PLACEMENT_3D('',#9115,#9116,#9117);
#9115 = CARTESIAN_POINT('',(173.23015190552,122.79786020443,34.));
#9116 = DIRECTION('',(-0.781831482468,-0.623489801859,9.251858538543E-17
    ));
#9117 = DIRECTION('',(-0.498791841487,0.625465185974,0.6));
#9118 = ADVANCED_FACE('',(#9119),#9126,.T.);
#9119 = FACE_BOUND('',#9120,.T.);
#9120 = EDGE_LOOP('',(#9121,#9122,#9123,#9124,#9125));
#9121 = ORIENTED_EDGE('',*,*,#5204,.F.);
#9122 = ORIENTED_EDGE('',*,*,#5329,.F.);
#9123 = ORIENTED_EDGE('',*,*,#5895,.F.);
#9124 = ORIENTED_EDGE('',*,*,#5947,.T.);
#9125 = ORIENTED_EDGE('',*,*,#9103,.F.);
#9126 = B_SPLINE_SURFACE_WITH_KNOTS('',1,1,(
    (#9127,#9128)
    ,(#9129,#9130
    )),.UNSPECIFIED.,.F.,.F.,.F.,(2,2),(2,2),(0.,18.),(0.,1.),
  .PIECEWISE_BEZIER_KNOTS.);
#9127 = CARTESIAN_POINT('',(63.447184078206,26.295528755784,53.));
#9128 = CARTESIAN_POINT('',(173.23015190552,122.79786020443,52.));
#9129 = CARTESIAN_POINT('',(63.447184078206,26.295528755784,35.));
#9130 = CARTESIAN_POINT('',(173.23015190552,122.79786020443,34.));
#9131 = ADVANCED_FACE('',(#9132),#9151,.F.);
#9132 = FACE_BOUND('',#9133,.F.);
#9133 = EDGE_LOOP('',(#9134,#9135,#9142,#9149,#9150));
#9134 = ORIENTED_EDGE('',*,*,#5351,.F.);
#9135 = ORIENTED_EDGE('',*,*,#9136,.F.);
#9136 = EDGE_CURVE('',#9137,#5352,#9139,.T.);
#9137 = VERTEX_POINT('',#9138);
#9138 = CARTESIAN_POINT('',(-19.91597412837,-45.30495168499,43.));
#9139 = B_SPLINE_CURVE_WITH_KNOTS('',1,(#9140,#9141),.UNSPECIFIED.,.F.,
  .F.,(2,2),(0.,14.392304845413),.PIECEWISE_BEZIER_KNOTS.);
#9140 = CARTESIAN_POINT('',(-19.91597412837,-45.30495168499,43.));
#9141 = CARTESIAN_POINT('',(-19.91597412837,-45.30495168499,
    57.392304845413));
#9142 = ORIENTED_EDGE('',*,*,#9143,.T.);
#9143 = EDGE_CURVE('',#9137,#9137,#9144,.T.);
#9144 = CIRCLE('',#9145,13.);
#9145 = AXIS2_PLACEMENT_3D('',#9146,#9147,#9148);
#9146 = CARTESIAN_POINT('',(-32.91597412837,-45.30495168499,43.));
#9147 = DIRECTION('',(0.,0.,1.));
#9148 = DIRECTION('',(1.,0.,-0.));
#9149 = ORIENTED_EDGE('',*,*,#9136,.T.);
#9150 = ORIENTED_EDGE('',*,*,#5362,.F.);
#9151 = CYLINDRICAL_SURFACE('',#9152,13.);
#9152 = AXIS2_PLACEMENT_3D('',#9153,#9154,#9155);
#9153 = CARTESIAN_POINT('',(-32.91597412837,-45.30495168499,43.));
#9154 = DIRECTION('',(0.,0.,1.));
#9155 = DIRECTION('',(1.,0.,-0.));
#9156 = ADVANCED_FACE('',(#9157),#9176,.F.);
#9157 = FACE_BOUND('',#9158,.F.);
#9158 = EDGE_LOOP('',(#9159,#9160,#9167,#9174,#9175));
#9159 = ORIENTED_EDGE('',*,*,#5371,.F.);
#9160 = ORIENTED_EDGE('',*,*,#9161,.F.);
#9161 = EDGE_CURVE('',#9162,#5372,#9164,.T.);
#9162 = VERTEX_POINT('',#9163);
#9163 = CARTESIAN_POINT('',(45.915974128378,-45.30495168499,43.));
#9164 = B_SPLINE_CURVE_WITH_KNOTS('',1,(#9165,#9166),.UNSPECIFIED.,.F.,
  .F.,(2,2),(0.,14.392304845413),.PIECEWISE_BEZIER_KNOTS.);
#9165 = CARTESIAN_POINT('',(45.915974128378,-45.30495168499,43.));
#9166 = CARTESIAN_POINT('',(45.915974128378,-45.30495168499,
    57.392304845413));
#9167 = ORIENTED_EDGE('',*,*,#9168,.T.);
#9168 = EDGE_CURVE('',#9162,#9162,#9169,.T.);
#9169 = CIRCLE('',#9170,13.);
#9170 = AXIS2_PLACEMENT_3D('',#9171,#9172,#9173);
#9171 = CARTESIAN_POINT('',(32.915974128378,-45.30495168499,43.));
#9172 = DIRECTION('',(0.,0.,1.));
#9173 = DIRECTION('',(1.,0.,-0.));
#9174 = ORIENTED_EDGE('',*,*,#9161,.T.);
#9175 = ORIENTED_EDGE('',*,*,#5382,.F.);
#9176 = CYLINDRICAL_SURFACE('',#9177,13.);
#9177 = AXIS2_PLACEMENT_3D('',#9178,#9179,#9180);
#9178 = CARTESIAN_POINT('',(32.915974128378,-45.30495168499,43.));
#9179 = DIRECTION('',(0.,0.,1.));
#9180 = DIRECTION('',(1.,0.,-0.));
#9181 = ADVANCED_FACE('',(#9182),#9200,.F.);
#9182 = FACE_BOUND('',#9183,.F.);
#9183 = EDGE_LOOP('',(#9184,#9185,#9192,#9199));
#9184 = ORIENTED_EDGE('',*,*,#5402,.F.);
#9185 = ORIENTED_EDGE('',*,*,#9186,.F.);
#9186 = EDGE_CURVE('',#9187,#5403,#9189,.T.);
#9187 = VERTEX_POINT('',#9188);
#9188 = CARTESIAN_POINT('',(-40.25916491252,17.304951684997,43.));
#9189 = B_SPLINE_CURVE_WITH_KNOTS('',1,(#9190,#9191),.UNSPECIFIED.,.F.,
  .F.,(2,2),(0.,14.392304845413),.PIECEWISE_BEZIER_KNOTS.);
#9190 = CARTESIAN_POINT('',(-40.25916491252,17.304951684997,43.));
#9191 = CARTESIAN_POINT('',(-40.25916491252,17.304951684997,
    57.392304845413));
#9192 = ORIENTED_EDGE('',*,*,#9193,.T.);
#9193 = EDGE_CURVE('',#9187,#9187,#9194,.T.);
#9194 = CIRCLE('',#9195,13.);
#9195 = AXIS2_PLACEMENT_3D('',#9196,#9197,#9198);
#9196 = CARTESIAN_POINT('',(-53.25916491252,17.304951684997,43.));
#9197 = DIRECTION('',(0.,0.,1.));
#9198 = DIRECTION('',(1.,0.,-0.));
#9199 = ORIENTED_EDGE('',*,*,#9186,.T.);
#9200 = CYLINDRICAL_SURFACE('',#9201,13.);
#9201 = AXIS2_PLACEMENT_3D('',#9202,#9203,#9204);
#9202 = CARTESIAN_POINT('',(-53.25916491252,17.304951684997,43.));
#9203 = DIRECTION('',(0.,0.,1.));
#9204 = DIRECTION('',(1.,0.,-0.));
#9205 = ADVANCED_FACE('',(#9206),#9224,.F.);
#9206 = FACE_BOUND('',#9207,.F.);
#9207 = EDGE_LOOP('',(#9208,#9209,#9216,#9223));
#9208 = ORIENTED_EDGE('',*,*,#5413,.F.);
#9209 = ORIENTED_EDGE('',*,*,#9210,.F.);
#9210 = EDGE_CURVE('',#9211,#5414,#9213,.T.);
#9211 = VERTEX_POINT('',#9212);
#9212 = CARTESIAN_POINT('',(66.259164912529,17.304951684997,43.));
#9213 = B_SPLINE_CURVE_WITH_KNOTS('',1,(#9214,#9215),.UNSPECIFIED.,.F.,
  .F.,(2,2),(0.,14.392304845413),.PIECEWISE_BEZIER_KNOTS.);
#9214 = CARTESIAN_POINT('',(66.259164912529,17.304951684997,43.));
#9215 = CARTESIAN_POINT('',(66.259164912529,17.304951684997,
    57.392304845413));
#9216 = ORIENTED_EDGE('',*,*,#9217,.T.);
#9217 = EDGE_CURVE('',#9211,#9211,#9218,.T.);
#9218 = CIRCLE('',#9219,13.);
#9219 = AXIS2_PLACEMENT_3D('',#9220,#9221,#9222);
#9220 = CARTESIAN_POINT('',(53.259164912529,17.304951684997,43.));
#9221 = DIRECTION('',(0.,0.,1.));
#9222 = DIRECTION('',(1.,0.,-0.));
#9223 = ORIENTED_EDGE('',*,*,#9210,.T.);
#9224 = CYLINDRICAL_SURFACE('',#9225,13.);
#9225 = AXIS2_PLACEMENT_3D('',#9226,#9227,#9228);
#9226 = CARTESIAN_POINT('',(53.259164912529,17.304951684997,43.));
#9227 = DIRECTION('',(0.,0.,1.));
#9228 = DIRECTION('',(1.,0.,-0.));
#9229 = ADVANCED_FACE('',(#9230),#9250,.F.);
#9230 = FACE_BOUND('',#9231,.F.);
#9231 = EDGE_LOOP('',(#9232,#9233,#9240,#9247,#9248,#9249));
#9232 = ORIENTED_EDGE('',*,*,#5444,.F.);
#9233 = ORIENTED_EDGE('',*,*,#9234,.F.);
#9234 = EDGE_CURVE('',#9235,#5427,#9237,.T.);
#9235 = VERTEX_POINT('',#9236);
#9236 = CARTESIAN_POINT('',(13.,56.,43.));
#9237 = B_SPLINE_CURVE_WITH_KNOTS('',1,(#9238,#9239),.UNSPECIFIED.,.F.,
  .F.,(2,2),(0.,14.392304845413),.PIECEWISE_BEZIER_KNOTS.);
#9238 = CARTESIAN_POINT('',(13.,56.,43.));
#9239 = CARTESIAN_POINT('',(13.,56.,57.392304845413));
#9240 = ORIENTED_EDGE('',*,*,#9241,.T.);
#9241 = EDGE_CURVE('',#9235,#9235,#9242,.T.);
#9242 = CIRCLE('',#9243,13.);
#9243 = AXIS2_PLACEMENT_3D('',#9244,#9245,#9246);
#9244 = CARTESIAN_POINT('',(3.429011037613E-15,56.,43.));
#9245 = DIRECTION('',(0.,0.,1.));
#9246 = DIRECTION('',(1.,0.,-0.));
#9247 = ORIENTED_EDGE('',*,*,#9234,.T.);
#9248 = ORIENTED_EDGE('',*,*,#5424,.F.);
#9249 = ORIENTED_EDGE('',*,*,#5435,.F.);
#9250 = CYLINDRICAL_SURFACE('',#9251,13.);
#9251 = AXIS2_PLACEMENT_3D('',#9252,#9253,#9254);
#9252 = CARTESIAN_POINT('',(3.429011037613E-15,56.,43.));
#9253 = DIRECTION('',(0.,0.,1.));
#9254 = DIRECTION('',(1.,0.,-0.));
#9255 = ADVANCED_FACE('',(#9256,#9259),#9262,.T.);
#9256 = FACE_BOUND('',#9257,.F.);
#9257 = EDGE_LOOP('',(#9258));
#9258 = ORIENTED_EDGE('',*,*,#9143,.F.);
#9259 = FACE_BOUND('',#9260,.T.);
#9260 = EDGE_LOOP('',(#9261));
#9261 = ORIENTED_EDGE('',*,*,#8715,.F.);
#9262 = PLANE('',#9263);
#9263 = AXIS2_PLACEMENT_3D('',#9264,#9265,#9266);
#9264 = CARTESIAN_POINT('',(-32.91597412837,-45.30495168499,43.));
#9265 = DIRECTION('',(0.,0.,1.));
#9266 = DIRECTION('',(1.,0.,-0.));
#9267 = ADVANCED_FACE('',(#9268,#9271),#9274,.T.);
#9268 = FACE_BOUND('',#9269,.F.);
#9269 = EDGE_LOOP('',(#9270));
#9270 = ORIENTED_EDGE('',*,*,#9168,.F.);
#9271 = FACE_BOUND('',#9272,.T.);
#9272 = EDGE_LOOP('',(#9273));
#9273 = ORIENTED_EDGE('',*,*,#8757,.F.);
#9274 = PLANE('',#9275);
#9275 = AXIS2_PLACEMENT_3D('',#9276,#9277,#9278);
#9276 = CARTESIAN_POINT('',(32.915974128378,-45.30495168499,43.));
#9277 = DIRECTION('',(0.,0.,1.));
#9278 = DIRECTION('',(1.,0.,-0.));
#9279 = ADVANCED_FACE('',(#9280,#9283),#9286,.T.);
#9280 = FACE_BOUND('',#9281,.F.);
#9281 = EDGE_LOOP('',(#9282));
#9282 = ORIENTED_EDGE('',*,*,#9193,.F.);
#9283 = FACE_BOUND('',#9284,.T.);
#9284 = EDGE_LOOP('',(#9285));
#9285 = ORIENTED_EDGE('',*,*,#8782,.F.);
#9286 = PLANE('',#9287);
#9287 = AXIS2_PLACEMENT_3D('',#9288,#9289,#9290);
#9288 = CARTESIAN_POINT('',(-53.25916491252,17.304951684997,43.));
#9289 = DIRECTION('',(0.,0.,1.));
#9290 = DIRECTION('',(1.,0.,-0.));
#9291 = ADVANCED_FACE('',(#9292,#9295),#9298,.T.);
#9292 = FACE_BOUND('',#9293,.F.);
#9293 = EDGE_LOOP('',(#9294));
#9294 = ORIENTED_EDGE('',*,*,#9241,.F.);
#9295 = FACE_BOUND('',#9296,.T.);
#9296 = EDGE_LOOP('',(#9297));
#9297 = ORIENTED_EDGE('',*,*,#8807,.F.);
#9298 = PLANE('',#9299);
#9299 = AXIS2_PLACEMENT_3D('',#9300,#9301,#9302);
#9300 = CARTESIAN_POINT('',(3.429011037613E-15,56.,43.));
#9301 = DIRECTION('',(0.,0.,1.));
#9302 = DIRECTION('',(1.,0.,-0.));
#9303 = ADVANCED_FACE('',(#9304,#9307),#9310,.T.);
#9304 = FACE_BOUND('',#9305,.F.);
#9305 = EDGE_LOOP('',(#9306));
#9306 = ORIENTED_EDGE('',*,*,#9217,.F.);
#9307 = FACE_BOUND('',#9308,.T.);
#9308 = EDGE_LOOP('',(#9309));
#9309 = ORIENTED_EDGE('',*,*,#8832,.F.);
#9310 = PLANE('',#9311);
#9311 = AXIS2_PLACEMENT_3D('',#9312,#9313,#9314);
#9312 = CARTESIAN_POINT('',(53.259164912529,17.304951684997,43.));
#9313 = DIRECTION('',(0.,0.,1.));
#9314 = DIRECTION('',(1.,0.,-0.));
#9315 = MANIFOLD_SOLID_BREP('',#9316);
#9316 = CLOSED_SHELL('',(#9317,#9357,#9388,#9419,#9463,#9496,#9513,#9530
    ,#9556,#9568,#9593));
#9317 = ADVANCED_FACE('',(#9318),#9352,.F.);
#9318 = FACE_BOUND('',#9319,.F.);
#9319 = EDGE_LOOP('',(#9320,#9330,#9338,#9346));
#9320 = ORIENTED_EDGE('',*,*,#9321,.T.);
#9321 = EDGE_CURVE('',#9322,#9324,#9326,.T.);
#9322 = VERTEX_POINT('',#9323);
#9323 = CARTESIAN_POINT('',(438.5,4.907477288112,28.));
#9324 = VERTEX_POINT('',#9325);
#9325 = CARTESIAN_POINT('',(438.5,4.907477288112,37.));
#9326 = LINE('',#9327,#9328);
#9327 = CARTESIAN_POINT('',(438.5,4.907477288112,28.));
#9328 = VECTOR('',#9329,1.);
#9329 = DIRECTION('',(0.,0.,1.));
#9330 = ORIENTED_EDGE('',*,*,#9331,.T.);
#9331 = EDGE_CURVE('',#9324,#9332,#9334,.T.);
#9332 = VERTEX_POINT('',#9333);
#9333 = CARTESIAN_POINT('',(430.,9.814954576224,37.));
#9334 = LINE('',#9335,#9336);
#9335 = CARTESIAN_POINT('',(438.5,4.907477288112,37.));
#9336 = VECTOR('',#9337,1.);
#9337 = DIRECTION('',(-0.866025403784,0.5,0.));
#9338 = ORIENTED_EDGE('',*,*,#9339,.F.);
#9339 = EDGE_CURVE('',#9340,#9332,#9342,.T.);
#9340 = VERTEX_POINT('',#9341);
#9341 = CARTESIAN_POINT('',(430.,9.814954576224,28.));
#9342 = LINE('',#9343,#9344);
#9343 = CARTESIAN_POINT('',(430.,9.814954576224,28.));
#9344 = VECTOR('',#9345,1.);
#9345 = DIRECTION('',(0.,0.,1.));
#9346 = ORIENTED_EDGE('',*,*,#9347,.F.);
#9347 = EDGE_CURVE('',#9322,#9340,#9348,.T.);
#9348 = LINE('',#9349,#9350);
#9349 = CARTESIAN_POINT('',(438.5,4.907477288112,28.));
#9350 = VECTOR('',#9351,1.);
#9351 = DIRECTION('',(-0.866025403784,0.5,0.));
#9352 = PLANE('',#9353);
#9353 = AXIS2_PLACEMENT_3D('',#9354,#9355,#9356);
#9354 = CARTESIAN_POINT('',(438.5,4.907477288112,28.));
#9355 = DIRECTION('',(-0.5,-0.866025403784,0.));
#9356 = DIRECTION('',(-0.866025403784,0.5,0.));
#9357 = ADVANCED_FACE('',(#9358),#9383,.F.);
#9358 = FACE_BOUND('',#9359,.F.);
#9359 = EDGE_LOOP('',(#9360,#9370,#9376,#9377));
#9360 = ORIENTED_EDGE('',*,*,#9361,.T.);
#9361 = EDGE_CURVE('',#9362,#9364,#9366,.T.);
#9362 = VERTEX_POINT('',#9363);
#9363 = CARTESIAN_POINT('',(438.5,-4.907477288112,28.));
#9364 = VERTEX_POINT('',#9365);
#9365 = CARTESIAN_POINT('',(438.5,-4.907477288112,37.));
#9366 = LINE('',#9367,#9368);
#9367 = CARTESIAN_POINT('',(438.5,-4.907477288112,28.));
#9368 = VECTOR('',#9369,1.);
#9369 = DIRECTION('',(0.,0.,1.));
#9370 = ORIENTED_EDGE('',*,*,#9371,.T.);
#9371 = EDGE_CURVE('',#9364,#9324,#9372,.T.);
#9372 = LINE('',#9373,#9374);
#9373 = CARTESIAN_POINT('',(438.5,-4.907477288112,37.));
#9374 = VECTOR('',#9375,1.);
#9375 = DIRECTION('',(-1.809847234243E-16,1.,0.));
#9376 = ORIENTED_EDGE('',*,*,#9321,.F.);
#9377 = ORIENTED_EDGE('',*,*,#9378,.F.);
#9378 = EDGE_CURVE('',#9362,#9322,#9379,.T.);
#9379 = LINE('',#9380,#9381);
#9380 = CARTESIAN_POINT('',(438.5,-4.907477288112,28.));
#9381 = VECTOR('',#9382,1.);
#9382 = DIRECTION('',(-1.809847234243E-16,1.,0.));
#9383 = PLANE('',#9384);
#9384 = AXIS2_PLACEMENT_3D('',#9385,#9386,#9387);
#9385 = CARTESIAN_POINT('',(438.5,-4.907477288112,28.));
#9386 = DIRECTION('',(-1.,-1.809847234243E-16,0.));
#9387 = DIRECTION('',(-1.809847234243E-16,1.,0.));
#9388 = ADVANCED_FACE('',(#9389),#9414,.F.);
#9389 = FACE_BOUND('',#9390,.F.);
#9390 = EDGE_LOOP('',(#9391,#9392,#9400,#9408));
#9391 = ORIENTED_EDGE('',*,*,#9339,.T.);
#9392 = ORIENTED_EDGE('',*,*,#9393,.T.);
#9393 = EDGE_CURVE('',#9332,#9394,#9396,.T.);
#9394 = VERTEX_POINT('',#9395);
#9395 = CARTESIAN_POINT('',(421.5,4.907477288112,37.));
#9396 = LINE('',#9397,#9398);
#9397 = CARTESIAN_POINT('',(430.,9.814954576224,37.));
#9398 = VECTOR('',#9399,1.);
#9399 = DIRECTION('',(-0.866025403784,-0.5,0.));
#9400 = ORIENTED_EDGE('',*,*,#9401,.F.);
#9401 = EDGE_CURVE('',#9402,#9394,#9404,.T.);
#9402 = VERTEX_POINT('',#9403);
#9403 = CARTESIAN_POINT('',(421.5,4.907477288112,28.));
#9404 = LINE('',#9405,#9406);
#9405 = CARTESIAN_POINT('',(421.5,4.907477288112,28.));
#9406 = VECTOR('',#9407,1.);
#9407 = DIRECTION('',(0.,0.,1.));
#9408 = ORIENTED_EDGE('',*,*,#9409,.F.);
#9409 = EDGE_CURVE('',#9340,#9402,#9410,.T.);
#9410 = LINE('',#9411,#9412);
#9411 = CARTESIAN_POINT('',(430.,9.814954576224,28.));
#9412 = VECTOR('',#9413,1.);
#9413 = DIRECTION('',(-0.866025403784,-0.5,0.));
#9414 = PLANE('',#9415);
#9415 = AXIS2_PLACEMENT_3D('',#9416,#9417,#9418);
#9416 = CARTESIAN_POINT('',(430.,9.814954576224,28.));
#9417 = DIRECTION('',(0.5,-0.866025403784,0.));
#9418 = DIRECTION('',(-0.866025403784,-0.5,0.));
#9419 = ADVANCED_FACE('',(#9420,#9431),#9458,.T.);
#9420 = FACE_BOUND('',#9421,.T.);
#9421 = EDGE_LOOP('',(#9422));
#9422 = ORIENTED_EDGE('',*,*,#9423,.T.);
#9423 = EDGE_CURVE('',#9424,#9424,#9426,.T.);
#9424 = VERTEX_POINT('',#9425);
#9425 = CARTESIAN_POINT('',(440.19607767722,-2.497318778254E-15,28.));
#9426 = CIRCLE('',#9427,10.196077677225);
#9427 = AXIS2_PLACEMENT_3D('',#9428,#9429,#9430);
#9428 = CARTESIAN_POINT('',(430.,0.,28.));
#9429 = DIRECTION('',(0.,0.,1.));
#9430 = DIRECTION('',(1.,0.,0.));
#9431 = FACE_BOUND('',#9432,.T.);
#9432 = EDGE_LOOP('',(#9433,#9434,#9435,#9443,#9451,#9457));
#9433 = ORIENTED_EDGE('',*,*,#9347,.F.);
#9434 = ORIENTED_EDGE('',*,*,#9378,.F.);
#9435 = ORIENTED_EDGE('',*,*,#9436,.F.);
#9436 = EDGE_CURVE('',#9437,#9362,#9439,.T.);
#9437 = VERTEX_POINT('',#9438);
#9438 = CARTESIAN_POINT('',(430.,-9.814954576224,28.));
#9439 = LINE('',#9440,#9441);
#9440 = CARTESIAN_POINT('',(430.,-9.814954576224,28.));
#9441 = VECTOR('',#9442,1.);
#9442 = DIRECTION('',(0.866025403784,0.5,0.));
#9443 = ORIENTED_EDGE('',*,*,#9444,.F.);
#9444 = EDGE_CURVE('',#9445,#9437,#9447,.T.);
#9445 = VERTEX_POINT('',#9446);
#9446 = CARTESIAN_POINT('',(421.5,-4.907477288112,28.));
#9447 = LINE('',#9448,#9449);
#9448 = CARTESIAN_POINT('',(421.5,-4.907477288112,28.));
#9449 = VECTOR('',#9450,1.);
#9450 = DIRECTION('',(0.866025403784,-0.5,0.));
#9451 = ORIENTED_EDGE('',*,*,#9452,.F.);
#9452 = EDGE_CURVE('',#9402,#9445,#9453,.T.);
#9453 = LINE('',#9454,#9455);
#9454 = CARTESIAN_POINT('',(421.5,4.907477288112,28.));
#9455 = VECTOR('',#9456,1.);
#9456 = DIRECTION('',(-3.619694468487E-16,-1.,0.));
#9457 = ORIENTED_EDGE('',*,*,#9409,.F.);
#9458 = PLANE('',#9459);
#9459 = AXIS2_PLACEMENT_3D('',#9460,#9461,#9462);
#9460 = CARTESIAN_POINT('',(330.,-100.,28.));
#9461 = DIRECTION('',(0.,0.,1.));
#9462 = DIRECTION('',(1.,0.,0.));
#9463 = ADVANCED_FACE('',(#9464),#9491,.T.);
#9464 = FACE_BOUND('',#9465,.T.);
#9465 = EDGE_LOOP('',(#9466,#9467,#9468,#9476,#9484,#9490));
#9466 = ORIENTED_EDGE('',*,*,#9331,.T.);
#9467 = ORIENTED_EDGE('',*,*,#9393,.T.);
#9468 = ORIENTED_EDGE('',*,*,#9469,.T.);
#9469 = EDGE_CURVE('',#9394,#9470,#9472,.T.);
#9470 = VERTEX_POINT('',#9471);
#9471 = CARTESIAN_POINT('',(421.5,-4.907477288112,37.));
#9472 = LINE('',#9473,#9474);
#9473 = CARTESIAN_POINT('',(421.5,4.907477288112,37.));
#9474 = VECTOR('',#9475,1.);
#9475 = DIRECTION('',(-3.619694468487E-16,-1.,0.));
#9476 = ORIENTED_EDGE('',*,*,#9477,.T.);
#9477 = EDGE_CURVE('',#9470,#9478,#9480,.T.);
#9478 = VERTEX_POINT('',#9479);
#9479 = CARTESIAN_POINT('',(430.,-9.814954576224,37.));
#9480 = LINE('',#9481,#9482);
#9481 = CARTESIAN_POINT('',(421.5,-4.907477288112,37.));
#9482 = VECTOR('',#9483,1.);
#9483 = DIRECTION('',(0.866025403784,-0.5,0.));
#9484 = ORIENTED_EDGE('',*,*,#9485,.T.);
#9485 = EDGE_CURVE('',#9478,#9364,#9486,.T.);
#9486 = LINE('',#9487,#9488);
#9487 = CARTESIAN_POINT('',(430.,-9.814954576224,37.));
#9488 = VECTOR('',#9489,1.);
#9489 = DIRECTION('',(0.866025403784,0.5,0.));
#9490 = ORIENTED_EDGE('',*,*,#9371,.T.);
#9491 = PLANE('',#9492);
#9492 = AXIS2_PLACEMENT_3D('',#9493,#9494,#9495);
#9493 = CARTESIAN_POINT('',(430.,4.222976879901E-16,37.));
#9494 = DIRECTION('',(0.,0.,1.));
#9495 = DIRECTION('',(1.,0.,0.));
#9496 = ADVANCED_FACE('',(#9497),#9508,.F.);
#9497 = FACE_BOUND('',#9498,.F.);
#9498 = EDGE_LOOP('',(#9499,#9505,#9506,#9507));
#9499 = ORIENTED_EDGE('',*,*,#9500,.T.);
#9500 = EDGE_CURVE('',#9437,#9478,#9501,.T.);
#9501 = LINE('',#9502,#9503);
#9502 = CARTESIAN_POINT('',(430.,-9.814954576224,28.));
#9503 = VECTOR('',#9504,1.);
#9504 = DIRECTION('',(0.,0.,1.));
#9505 = ORIENTED_EDGE('',*,*,#9485,.T.);
#9506 = ORIENTED_EDGE('',*,*,#9361,.F.);
#9507 = ORIENTED_EDGE('',*,*,#9436,.F.);
#9508 = PLANE('',#9509);
#9509 = AXIS2_PLACEMENT_3D('',#9510,#9511,#9512);
#9510 = CARTESIAN_POINT('',(430.,-9.814954576224,28.));
#9511 = DIRECTION('',(-0.5,0.866025403784,0.));
#9512 = DIRECTION('',(0.866025403784,0.5,0.));
#9513 = ADVANCED_FACE('',(#9514),#9525,.F.);
#9514 = FACE_BOUND('',#9515,.F.);
#9515 = EDGE_LOOP('',(#9516,#9517,#9518,#9524));
#9516 = ORIENTED_EDGE('',*,*,#9401,.T.);
#9517 = ORIENTED_EDGE('',*,*,#9469,.T.);
#9518 = ORIENTED_EDGE('',*,*,#9519,.F.);
#9519 = EDGE_CURVE('',#9445,#9470,#9520,.T.);
#9520 = LINE('',#9521,#9522);
#9521 = CARTESIAN_POINT('',(421.5,-4.907477288112,28.));
#9522 = VECTOR('',#9523,1.);
#9523 = DIRECTION('',(0.,0.,1.));
#9524 = ORIENTED_EDGE('',*,*,#9452,.F.);
#9525 = PLANE('',#9526);
#9526 = AXIS2_PLACEMENT_3D('',#9527,#9528,#9529);
#9527 = CARTESIAN_POINT('',(421.5,4.907477288112,28.));
#9528 = DIRECTION('',(1.,-3.619694468487E-16,0.));
#9529 = DIRECTION('',(-3.619694468487E-16,-1.,0.));
#9530 = ADVANCED_FACE('',(#9531),#9551,.T.);
#9531 = FACE_BOUND('',#9532,.T.);
#9532 = EDGE_LOOP('',(#9533,#9542,#9543,#9544));
#9533 = ORIENTED_EDGE('',*,*,#9534,.T.);
#9534 = EDGE_CURVE('',#9535,#9424,#9537,.T.);
#9535 = VERTEX_POINT('',#9536);
#9536 = CARTESIAN_POINT('',(437.,-1.714505518806E-15,25.339811322281));
#9537 = CIRCLE('',#9538,13.6);
#9538 = AXIS2_PLACEMENT_3D('',#9539,#9540,#9541);
#9539 = CARTESIAN_POINT('',(430.,0.,37.));
#9540 = DIRECTION('',(-2.449293598295E-16,-1.,0.));
#9541 = DIRECTION('',(1.,-2.449293598295E-16,0.));
#9542 = ORIENTED_EDGE('',*,*,#9423,.F.);
#9543 = ORIENTED_EDGE('',*,*,#9534,.F.);
#9544 = ORIENTED_EDGE('',*,*,#9545,.T.);
#9545 = EDGE_CURVE('',#9535,#9535,#9546,.T.);
#9546 = CIRCLE('',#9547,7.);
#9547 = AXIS2_PLACEMENT_3D('',#9548,#9549,#9550);
#9548 = CARTESIAN_POINT('',(430.,0.,25.339811322281));
#9549 = DIRECTION('',(-0.,0.,1.));
#9550 = DIRECTION('',(0.,-1.,0.));
#9551 = SPHERICAL_SURFACE('',#9552,13.6);
#9552 = AXIS2_PLACEMENT_3D('',#9553,#9554,#9555);
#9553 = CARTESIAN_POINT('',(430.,0.,37.));
#9554 = DIRECTION('',(0.,0.,1.));
#9555 = DIRECTION('',(1.,0.,0.));
#9556 = ADVANCED_FACE('',(#9557),#9563,.F.);
#9557 = FACE_BOUND('',#9558,.F.);
#9558 = EDGE_LOOP('',(#9559,#9560,#9561,#9562));
#9559 = ORIENTED_EDGE('',*,*,#9519,.T.);
#9560 = ORIENTED_EDGE('',*,*,#9477,.T.);
#9561 = ORIENTED_EDGE('',*,*,#9500,.F.);
#9562 = ORIENTED_EDGE('',*,*,#9444,.F.);
#9563 = PLANE('',#9564);
#9564 = AXIS2_PLACEMENT_3D('',#9565,#9566,#9567);
#9565 = CARTESIAN_POINT('',(421.5,-4.907477288112,28.));
#9566 = DIRECTION('',(0.5,0.866025403784,0.));
#9567 = DIRECTION('',(0.866025403784,-0.5,0.));
#9568 = ADVANCED_FACE('',(#9569),#9588,.T.);
#9569 = FACE_BOUND('',#9570,.T.);
#9570 = EDGE_LOOP('',(#9571,#9572,#9580,#9587));
#9571 = ORIENTED_EDGE('',*,*,#9545,.F.);
#9572 = ORIENTED_EDGE('',*,*,#9573,.F.);
#9573 = EDGE_CURVE('',#9574,#9535,#9576,.T.);
#9574 = VERTEX_POINT('',#9575);
#9575 = CARTESIAN_POINT('',(437.,-1.714505518806E-15,0.));
#9576 = LINE('',#9577,#9578);
#9577 = CARTESIAN_POINT('',(437.,-1.714505518806E-15,0.));
#9578 = VECTOR('',#9579,1.);
#9579 = DIRECTION('',(0.,0.,1.));
#9580 = ORIENTED_EDGE('',*,*,#9581,.T.);
#9581 = EDGE_CURVE('',#9574,#9574,#9582,.T.);
#9582 = CIRCLE('',#9583,7.);
#9583 = AXIS2_PLACEMENT_3D('',#9584,#9585,#9586);
#9584 = CARTESIAN_POINT('',(430.,0.,0.));
#9585 = DIRECTION('',(0.,0.,1.));
#9586 = DIRECTION('',(1.,0.,0.));
#9587 = ORIENTED_EDGE('',*,*,#9573,.T.);
#9588 = CYLINDRICAL_SURFACE('',#9589,7.);
#9589 = AXIS2_PLACEMENT_3D('',#9590,#9591,#9592);
#9590 = CARTESIAN_POINT('',(430.,0.,0.));
#9591 = DIRECTION('',(0.,0.,1.));
#9592 = DIRECTION('',(1.,0.,0.));
#9593 = ADVANCED_FACE('',(#9594),#9597,.F.);
#9594 = FACE_BOUND('',#9595,.T.);
#9595 = EDGE_LOOP('',(#9596));
#9596 = ORIENTED_EDGE('',*,*,#9581,.F.);
#9597 = PLANE('',#9598);
#9598 = AXIS2_PLACEMENT_3D('',#9599,#9600,#9601);
#9599 = CARTESIAN_POINT('',(430.,0.,0.));
#9600 = DIRECTION('',(0.,0.,1.));
#9601 = DIRECTION('',(1.,0.,0.));
#9602 = MANIFOLD_SOLID_BREP('',#9603);
#9603 = CLOSED_SHELL('',(#9604,#9637,#9680,#9739,#9802,#9858,#9914,#9963
    ,#10008,#10046,#10070,#10108,#10146,#10163,#10174,#10186,#10197,
    #10208,#10219,#10231,#10242));
#9604 = ADVANCED_FACE('',(#9605),#9632,.T.);
#9605 = FACE_BOUND('',#9606,.T.);
#9606 = EDGE_LOOP('',(#9607,#9616,#9624,#9631));
#9607 = ORIENTED_EDGE('',*,*,#9608,.F.);
#9608 = EDGE_CURVE('',#9609,#9609,#9611,.T.);
#9609 = VERTEX_POINT('',#9610);
#9610 = CARTESIAN_POINT('',(442.,-2.939152317954E-15,85.));
#9611 = CIRCLE('',#9612,12.);
#9612 = AXIS2_PLACEMENT_3D('',#9613,#9614,#9615);
#9613 = CARTESIAN_POINT('',(430.,0.,85.));
#9614 = DIRECTION('',(0.,0.,1.));
#9615 = DIRECTION('',(1.,0.,0.));
#9616 = ORIENTED_EDGE('',*,*,#9617,.F.);
#9617 = EDGE_CURVE('',#9618,#9609,#9620,.T.);
#9618 = VERTEX_POINT('',#9619);
#9619 = CARTESIAN_POINT('',(442.,-2.939152317954E-15,47.));
#9620 = LINE('',#9621,#9622);
#9621 = CARTESIAN_POINT('',(442.,-2.939152317954E-15,47.));
#9622 = VECTOR('',#9623,1.);
#9623 = DIRECTION('',(0.,0.,1.));
#9624 = ORIENTED_EDGE('',*,*,#9625,.T.);
#9625 = EDGE_CURVE('',#9618,#9618,#9626,.T.);
#9626 = CIRCLE('',#9627,12.);
#9627 = AXIS2_PLACEMENT_3D('',#9628,#9629,#9630);
#9628 = CARTESIAN_POINT('',(430.,0.,47.));
#9629 = DIRECTION('',(0.,0.,1.));
#9630 = DIRECTION('',(1.,0.,0.));
#9631 = ORIENTED_EDGE('',*,*,#9617,.T.);
#9632 = CYLINDRICAL_SURFACE('',#9633,12.);
#9633 = AXIS2_PLACEMENT_3D('',#9634,#9635,#9636);
#9634 = CARTESIAN_POINT('',(430.,0.,47.));
#9635 = DIRECTION('',(0.,0.,1.));
#9636 = DIRECTION('',(1.,0.,0.));
#9637 = ADVANCED_FACE('',(#9638,#9641),#9675,.T.);
#9638 = FACE_BOUND('',#9639,.T.);
#9639 = EDGE_LOOP('',(#9640));
#9640 = ORIENTED_EDGE('',*,*,#9608,.T.);
#9641 = FACE_BOUND('',#9642,.T.);
#9642 = EDGE_LOOP('',(#9643,#9653,#9661,#9669));
#9643 = ORIENTED_EDGE('',*,*,#9644,.T.);
#9644 = EDGE_CURVE('',#9645,#9647,#9649,.T.);
#9645 = VERTEX_POINT('',#9646);
#9646 = CARTESIAN_POINT('',(436.35,6.35,85.));
#9647 = VERTEX_POINT('',#9648);
#9648 = CARTESIAN_POINT('',(436.35,-6.35,85.));
#9649 = LINE('',#9650,#9651);
#9650 = CARTESIAN_POINT('',(436.35,-3.175,85.));
#9651 = VECTOR('',#9652,1.);
#9652 = DIRECTION('',(0.,-1.,0.));
#9653 = ORIENTED_EDGE('',*,*,#9654,.T.);
#9654 = EDGE_CURVE('',#9647,#9655,#9657,.T.);
#9655 = VERTEX_POINT('',#9656);
#9656 = CARTESIAN_POINT('',(423.65,-6.35,85.));
#9657 = LINE('',#9658,#9659);
#9658 = CARTESIAN_POINT('',(426.825,-6.35,85.));
#9659 = VECTOR('',#9660,1.);
#9660 = DIRECTION('',(-1.,0.,0.));
#9661 = ORIENTED_EDGE('',*,*,#9662,.T.);
#9662 = EDGE_CURVE('',#9655,#9663,#9665,.T.);
#9663 = VERTEX_POINT('',#9664);
#9664 = CARTESIAN_POINT('',(423.65,6.35,85.));
#9665 = LINE('',#9666,#9667);
#9666 = CARTESIAN_POINT('',(423.65,3.175,85.));
#9667 = VECTOR('',#9668,1.);
#9668 = DIRECTION('',(0.,1.,0.));
#9669 = ORIENTED_EDGE('',*,*,#9670,.T.);
#9670 = EDGE_CURVE('',#9663,#9645,#9671,.T.);
#9671 = LINE('',#9672,#9673);
#9672 = CARTESIAN_POINT('',(433.175,6.35,85.));
#9673 = VECTOR('',#9674,1.);
#9674 = DIRECTION('',(1.,0.,0.));
#9675 = PLANE('',#9676);
#9676 = AXIS2_PLACEMENT_3D('',#9677,#9678,#9679);
#9677 = CARTESIAN_POINT('',(430.,0.,85.));
#9678 = DIRECTION('',(0.,0.,1.));
#9679 = DIRECTION('',(1.,0.,0.));
#9680 = ADVANCED_FACE('',(#9681,#9684),#9734,.F.);
#9681 = FACE_BOUND('',#9682,.F.);
#9682 = EDGE_LOOP('',(#9683));
#9683 = ORIENTED_EDGE('',*,*,#9625,.T.);
#9684 = FACE_BOUND('',#9685,.F.);
#9685 = EDGE_LOOP('',(#9686,#9696,#9704,#9712,#9720,#9728));
#9686 = ORIENTED_EDGE('',*,*,#9687,.F.);
#9687 = EDGE_CURVE('',#9688,#9690,#9692,.T.);
#9688 = VERTEX_POINT('',#9689);
#9689 = CARTESIAN_POINT('',(438.5,4.907477288112,47.));
#9690 = VERTEX_POINT('',#9691);
#9691 = CARTESIAN_POINT('',(430.,9.814954576224,47.));
#9692 = LINE('',#9693,#9694);
#9693 = CARTESIAN_POINT('',(438.5,4.907477288112,47.));
#9694 = VECTOR('',#9695,1.);
#9695 = DIRECTION('',(-0.866025403784,0.5,0.));
#9696 = ORIENTED_EDGE('',*,*,#9697,.F.);
#9697 = EDGE_CURVE('',#9698,#9688,#9700,.T.);
#9698 = VERTEX_POINT('',#9699);
#9699 = CARTESIAN_POINT('',(438.5,-4.907477288112,47.));
#9700 = LINE('',#9701,#9702);
#9701 = CARTESIAN_POINT('',(438.5,-4.907477288112,47.));
#9702 = VECTOR('',#9703,1.);
#9703 = DIRECTION('',(-1.809847234243E-16,1.,0.));
#9704 = ORIENTED_EDGE('',*,*,#9705,.F.);
#9705 = EDGE_CURVE('',#9706,#9698,#9708,.T.);
#9706 = VERTEX_POINT('',#9707);
#9707 = CARTESIAN_POINT('',(430.,-9.814954576224,47.));
#9708 = LINE('',#9709,#9710);
#9709 = CARTESIAN_POINT('',(430.,-9.814954576224,47.));
#9710 = VECTOR('',#9711,1.);
#9711 = DIRECTION('',(0.866025403784,0.5,0.));
#9712 = ORIENTED_EDGE('',*,*,#9713,.F.);
#9713 = EDGE_CURVE('',#9714,#9706,#9716,.T.);
#9714 = VERTEX_POINT('',#9715);
#9715 = CARTESIAN_POINT('',(421.5,-4.907477288112,47.));
#9716 = LINE('',#9717,#9718);
#9717 = CARTESIAN_POINT('',(421.5,-4.907477288112,47.));
#9718 = VECTOR('',#9719,1.);
#9719 = DIRECTION('',(0.866025403784,-0.5,0.));
#9720 = ORIENTED_EDGE('',*,*,#9721,.F.);
#9721 = EDGE_CURVE('',#9722,#9714,#9724,.T.);
#9722 = VERTEX_POINT('',#9723);
#9723 = CARTESIAN_POINT('',(421.5,4.907477288112,47.));
#9724 = LINE('',#9725,#9726);
#9725 = CARTESIAN_POINT('',(421.5,4.907477288112,47.));
#9726 = VECTOR('',#9727,1.);
#9727 = DIRECTION('',(-3.619694468487E-16,-1.,0.));
#9728 = ORIENTED_EDGE('',*,*,#9729,.F.);
#9729 = EDGE_CURVE('',#9690,#9722,#9730,.T.);
#9730 = LINE('',#9731,#9732);
#9731 = CARTESIAN_POINT('',(430.,9.814954576224,47.));
#9732 = VECTOR('',#9733,1.);
#9733 = DIRECTION('',(-0.866025403784,-0.5,0.));
#9734 = PLANE('',#9735);
#9735 = AXIS2_PLACEMENT_3D('',#9736,#9737,#9738);
#9736 = CARTESIAN_POINT('',(430.,0.,47.));
#9737 = DIRECTION('',(0.,0.,1.));
#9738 = DIRECTION('',(1.,0.,0.));
#9739 = ADVANCED_FACE('',(#9740),#9797,.T.);
#9740 = FACE_BOUND('',#9741,.T.);
#9741 = EDGE_LOOP('',(#9742,#9752,#9758,#9759,#9767,#9775,#9783,#9791));
#9742 = ORIENTED_EDGE('',*,*,#9743,.F.);
#9743 = EDGE_CURVE('',#9744,#9746,#9748,.T.);
#9744 = VERTEX_POINT('',#9745);
#9745 = CARTESIAN_POINT('',(436.35,-6.35,60.));
#9746 = VERTEX_POINT('',#9747);
#9747 = CARTESIAN_POINT('',(436.35,-6.14878036687,60.));
#9748 = LINE('',#9749,#9750);
#9749 = CARTESIAN_POINT('',(436.35,-6.35,60.));
#9750 = VECTOR('',#9751,1.);
#9751 = DIRECTION('',(0.,1.,0.));
#9752 = ORIENTED_EDGE('',*,*,#9753,.T.);
#9753 = EDGE_CURVE('',#9744,#9647,#9754,.T.);
#9754 = LINE('',#9755,#9756);
#9755 = CARTESIAN_POINT('',(436.35,-6.35,60.));
#9756 = VECTOR('',#9757,1.);
#9757 = DIRECTION('',(0.,0.,1.));
#9758 = ORIENTED_EDGE('',*,*,#9644,.F.);
#9759 = ORIENTED_EDGE('',*,*,#9760,.F.);
#9760 = EDGE_CURVE('',#9761,#9645,#9763,.T.);
#9761 = VERTEX_POINT('',#9762);
#9762 = CARTESIAN_POINT('',(436.35,6.35,60.));
#9763 = LINE('',#9764,#9765);
#9764 = CARTESIAN_POINT('',(436.35,6.35,60.));
#9765 = VECTOR('',#9766,1.);
#9766 = DIRECTION('',(0.,0.,1.));
#9767 = ORIENTED_EDGE('',*,*,#9768,.F.);
#9768 = EDGE_CURVE('',#9769,#9761,#9771,.T.);
#9769 = VERTEX_POINT('',#9770);
#9770 = CARTESIAN_POINT('',(436.35,6.14878036687,60.));
#9771 = LINE('',#9772,#9773);
#9772 = CARTESIAN_POINT('',(436.35,-6.35,60.));
#9773 = VECTOR('',#9774,1.);
#9774 = DIRECTION('',(0.,1.,0.));
#9775 = ORIENTED_EDGE('',*,*,#9776,.F.);
#9776 = EDGE_CURVE('',#9777,#9769,#9779,.T.);
#9777 = VERTEX_POINT('',#9778);
#9778 = CARTESIAN_POINT('',(436.35,6.14878036687,62.));
#9779 = LINE('',#9780,#9781);
#9780 = CARTESIAN_POINT('',(436.35,6.14878036687,53.5));
#9781 = VECTOR('',#9782,1.);
#9782 = DIRECTION('',(0.,0.,-1.));
#9783 = ORIENTED_EDGE('',*,*,#9784,.T.);
#9784 = EDGE_CURVE('',#9777,#9785,#9787,.T.);
#9785 = VERTEX_POINT('',#9786);
#9786 = CARTESIAN_POINT('',(436.35,-6.14878036687,62.));
#9787 = LINE('',#9788,#9789);
#9788 = CARTESIAN_POINT('',(436.35,-3.175,62.));
#9789 = VECTOR('',#9790,1.);
#9790 = DIRECTION('',(0.,-1.,0.));
#9791 = ORIENTED_EDGE('',*,*,#9792,.F.);
#9792 = EDGE_CURVE('',#9746,#9785,#9793,.T.);
#9793 = LINE('',#9794,#9795);
#9794 = CARTESIAN_POINT('',(436.35,-6.14878036687,53.5));
#9795 = VECTOR('',#9796,1.);
#9796 = DIRECTION('',(0.,0.,1.));
#9797 = PLANE('',#9798);
#9798 = AXIS2_PLACEMENT_3D('',#9799,#9800,#9801);
#9799 = CARTESIAN_POINT('',(436.35,-6.35,60.));
#9800 = DIRECTION('',(-1.,0.,0.));
#9801 = DIRECTION('',(0.,1.,0.));
#9802 = ADVANCED_FACE('',(#9803),#9853,.T.);
#9803 = FACE_BOUND('',#9804,.T.);
#9804 = EDGE_LOOP('',(#9805,#9813,#9814,#9815,#9823,#9831,#9839,#9847));
#9805 = ORIENTED_EDGE('',*,*,#9806,.F.);
#9806 = EDGE_CURVE('',#9761,#9807,#9809,.T.);
#9807 = VERTEX_POINT('',#9808);
#9808 = CARTESIAN_POINT('',(436.00147737193,6.35,60.));
#9809 = LINE('',#9810,#9811);
#9810 = CARTESIAN_POINT('',(436.35,6.35,60.));
#9811 = VECTOR('',#9812,1.);
#9812 = DIRECTION('',(-1.,0.,0.));
#9813 = ORIENTED_EDGE('',*,*,#9760,.T.);
#9814 = ORIENTED_EDGE('',*,*,#9670,.F.);
#9815 = ORIENTED_EDGE('',*,*,#9816,.F.);
#9816 = EDGE_CURVE('',#9817,#9663,#9819,.T.);
#9817 = VERTEX_POINT('',#9818);
#9818 = CARTESIAN_POINT('',(423.65,6.35,60.));
#9819 = LINE('',#9820,#9821);
#9820 = CARTESIAN_POINT('',(423.65,6.35,60.));
#9821 = VECTOR('',#9822,1.);
#9822 = DIRECTION('',(0.,0.,1.));
#9823 = ORIENTED_EDGE('',*,*,#9824,.F.);
#9824 = EDGE_CURVE('',#9825,#9817,#9827,.T.);
#9825 = VERTEX_POINT('',#9826);
#9826 = CARTESIAN_POINT('',(423.99852262806,6.35,60.));
#9827 = LINE('',#9828,#9829);
#9828 = CARTESIAN_POINT('',(436.35,6.35,60.));
#9829 = VECTOR('',#9830,1.);
#9830 = DIRECTION('',(-1.,0.,0.));
#9831 = ORIENTED_EDGE('',*,*,#9832,.F.);
#9832 = EDGE_CURVE('',#9833,#9825,#9835,.T.);
#9833 = VERTEX_POINT('',#9834);
#9834 = CARTESIAN_POINT('',(423.99852262806,6.35,62.));
#9835 = LINE('',#9836,#9837);
#9836 = CARTESIAN_POINT('',(423.99852262806,6.35,53.5));
#9837 = VECTOR('',#9838,1.);
#9838 = DIRECTION('',(0.,0.,-1.));
#9839 = ORIENTED_EDGE('',*,*,#9840,.T.);
#9840 = EDGE_CURVE('',#9833,#9841,#9843,.T.);
#9841 = VERTEX_POINT('',#9842);
#9842 = CARTESIAN_POINT('',(436.00147737193,6.35,62.));
#9843 = LINE('',#9844,#9845);
#9844 = CARTESIAN_POINT('',(433.175,6.35,62.));
#9845 = VECTOR('',#9846,1.);
#9846 = DIRECTION('',(1.,0.,0.));
#9847 = ORIENTED_EDGE('',*,*,#9848,.F.);
#9848 = EDGE_CURVE('',#9807,#9841,#9849,.T.);
#9849 = LINE('',#9850,#9851);
#9850 = CARTESIAN_POINT('',(436.00147737193,6.35,53.5));
#9851 = VECTOR('',#9852,1.);
#9852 = DIRECTION('',(0.,0.,1.));
#9853 = PLANE('',#9854);
#9854 = AXIS2_PLACEMENT_3D('',#9855,#9856,#9857);
#9855 = CARTESIAN_POINT('',(436.35,6.35,60.));
#9856 = DIRECTION('',(0.,-1.,0.));
#9857 = DIRECTION('',(-1.,0.,0.));
#9858 = ADVANCED_FACE('',(#9859),#9909,.T.);
#9859 = FACE_BOUND('',#9860,.T.);
#9860 = EDGE_LOOP('',(#9861,#9869,#9870,#9871,#9879,#9887,#9895,#9903));
#9861 = ORIENTED_EDGE('',*,*,#9862,.F.);
#9862 = EDGE_CURVE('',#9817,#9863,#9865,.T.);
#9863 = VERTEX_POINT('',#9864);
#9864 = CARTESIAN_POINT('',(423.65,6.14878036687,60.));
#9865 = LINE('',#9866,#9867);
#9866 = CARTESIAN_POINT('',(423.65,6.35,60.));
#9867 = VECTOR('',#9868,1.);
#9868 = DIRECTION('',(0.,-1.,0.));
#9869 = ORIENTED_EDGE('',*,*,#9816,.T.);
#9870 = ORIENTED_EDGE('',*,*,#9662,.F.);
#9871 = ORIENTED_EDGE('',*,*,#9872,.F.);
#9872 = EDGE_CURVE('',#9873,#9655,#9875,.T.);
#9873 = VERTEX_POINT('',#9874);
#9874 = CARTESIAN_POINT('',(423.65,-6.35,60.));
#9875 = LINE('',#9876,#9877);
#9876 = CARTESIAN_POINT('',(423.65,-6.35,60.));
#9877 = VECTOR('',#9878,1.);
#9878 = DIRECTION('',(0.,0.,1.));
#9879 = ORIENTED_EDGE('',*,*,#9880,.F.);
#9880 = EDGE_CURVE('',#9881,#9873,#9883,.T.);
#9881 = VERTEX_POINT('',#9882);
#9882 = CARTESIAN_POINT('',(423.65,-6.14878036687,60.));
#9883 = LINE('',#9884,#9885);
#9884 = CARTESIAN_POINT('',(423.65,6.35,60.));
#9885 = VECTOR('',#9886,1.);
#9886 = DIRECTION('',(0.,-1.,0.));
#9887 = ORIENTED_EDGE('',*,*,#9888,.F.);
#9888 = EDGE_CURVE('',#9889,#9881,#9891,.T.);
#9889 = VERTEX_POINT('',#9890);
#9890 = CARTESIAN_POINT('',(423.65,-6.14878036687,62.));
#9891 = LINE('',#9892,#9893);
#9892 = CARTESIAN_POINT('',(423.65,-6.14878036687,53.5));
#9893 = VECTOR('',#9894,1.);
#9894 = DIRECTION('',(0.,0.,-1.));
#9895 = ORIENTED_EDGE('',*,*,#9896,.T.);
#9896 = EDGE_CURVE('',#9889,#9897,#9899,.T.);
#9897 = VERTEX_POINT('',#9898);
#9898 = CARTESIAN_POINT('',(423.65,6.14878036687,62.));
#9899 = LINE('',#9900,#9901);
#9900 = CARTESIAN_POINT('',(423.65,3.175,62.));
#9901 = VECTOR('',#9902,1.);
#9902 = DIRECTION('',(0.,1.,0.));
#9903 = ORIENTED_EDGE('',*,*,#9904,.F.);
#9904 = EDGE_CURVE('',#9863,#9897,#9905,.T.);
#9905 = LINE('',#9906,#9907);
#9906 = CARTESIAN_POINT('',(423.65,6.14878036687,53.5));
#9907 = VECTOR('',#9908,1.);
#9908 = DIRECTION('',(0.,0.,1.));
#9909 = PLANE('',#9910);
#9910 = AXIS2_PLACEMENT_3D('',#9911,#9912,#9913);
#9911 = CARTESIAN_POINT('',(423.65,6.35,60.));
#9912 = DIRECTION('',(1.,0.,0.));
#9913 = DIRECTION('',(0.,-1.,0.));
#9914 = ADVANCED_FACE('',(#9915),#9958,.T.);
#9915 = FACE_BOUND('',#9916,.T.);
#9916 = EDGE_LOOP('',(#9917,#9925,#9926,#9927,#9928,#9936,#9944,#9952));
#9917 = ORIENTED_EDGE('',*,*,#9918,.F.);
#9918 = EDGE_CURVE('',#9873,#9919,#9921,.T.);
#9919 = VERTEX_POINT('',#9920);
#9920 = CARTESIAN_POINT('',(423.99852262806,-6.35,60.));
#9921 = LINE('',#9922,#9923);
#9922 = CARTESIAN_POINT('',(423.65,-6.35,60.));
#9923 = VECTOR('',#9924,1.);
#9924 = DIRECTION('',(1.,0.,0.));
#9925 = ORIENTED_EDGE('',*,*,#9872,.T.);
#9926 = ORIENTED_EDGE('',*,*,#9654,.F.);
#9927 = ORIENTED_EDGE('',*,*,#9753,.F.);
#9928 = ORIENTED_EDGE('',*,*,#9929,.F.);
#9929 = EDGE_CURVE('',#9930,#9744,#9932,.T.);
#9930 = VERTEX_POINT('',#9931);
#9931 = CARTESIAN_POINT('',(436.00147737193,-6.35,60.));
#9932 = LINE('',#9933,#9934);
#9933 = CARTESIAN_POINT('',(423.65,-6.35,60.));
#9934 = VECTOR('',#9935,1.);
#9935 = DIRECTION('',(1.,0.,0.));
#9936 = ORIENTED_EDGE('',*,*,#9937,.F.);
#9937 = EDGE_CURVE('',#9938,#9930,#9940,.T.);
#9938 = VERTEX_POINT('',#9939);
#9939 = CARTESIAN_POINT('',(436.00147737193,-6.35,62.));
#9940 = LINE('',#9941,#9942);
#9941 = CARTESIAN_POINT('',(436.00147737193,-6.35,53.5));
#9942 = VECTOR('',#9943,1.);
#9943 = DIRECTION('',(0.,0.,-1.));
#9944 = ORIENTED_EDGE('',*,*,#9945,.T.);
#9945 = EDGE_CURVE('',#9938,#9946,#9948,.T.);
#9946 = VERTEX_POINT('',#9947);
#9947 = CARTESIAN_POINT('',(423.99852262806,-6.35,62.));
#9948 = LINE('',#9949,#9950);
#9949 = CARTESIAN_POINT('',(426.825,-6.35,62.));
#9950 = VECTOR('',#9951,1.);
#9951 = DIRECTION('',(-1.,0.,0.));
#9952 = ORIENTED_EDGE('',*,*,#9953,.F.);
#9953 = EDGE_CURVE('',#9919,#9946,#9954,.T.);
#9954 = LINE('',#9955,#9956);
#9955 = CARTESIAN_POINT('',(423.99852262806,-6.35,53.5));
#9956 = VECTOR('',#9957,1.);
#9957 = DIRECTION('',(0.,0.,1.));
#9958 = PLANE('',#9959);
#9959 = AXIS2_PLACEMENT_3D('',#9960,#9961,#9962);
#9960 = CARTESIAN_POINT('',(423.65,-6.35,60.));
#9961 = DIRECTION('',(0.,1.,0.));
#9962 = DIRECTION('',(1.,0.,0.));
#9963 = ADVANCED_FACE('',(#9964),#10003,.T.);
#9964 = FACE_BOUND('',#9965,.T.);
#9965 = EDGE_LOOP('',(#9966,#9967,#9975,#9981,#9982,#9988,#9989,#9997));
#9966 = ORIENTED_EDGE('',*,*,#9687,.F.);
#9967 = ORIENTED_EDGE('',*,*,#9968,.T.);
#9968 = EDGE_CURVE('',#9688,#9969,#9971,.T.);
#9969 = VERTEX_POINT('',#9970);
#9970 = CARTESIAN_POINT('',(438.5,4.907477288112,62.));
#9971 = LINE('',#9972,#9973);
#9972 = CARTESIAN_POINT('',(438.5,4.907477288112,47.));
#9973 = VECTOR('',#9974,1.);
#9974 = DIRECTION('',(0.,0.,1.));
#9975 = ORIENTED_EDGE('',*,*,#9976,.T.);
#9976 = EDGE_CURVE('',#9969,#9777,#9977,.T.);
#9977 = LINE('',#9978,#9979);
#9978 = CARTESIAN_POINT('',(438.5,4.907477288112,62.));
#9979 = VECTOR('',#9980,1.);
#9980 = DIRECTION('',(-0.866025403784,0.5,0.));
#9981 = ORIENTED_EDGE('',*,*,#9776,.T.);
#9982 = ORIENTED_EDGE('',*,*,#9983,.T.);
#9983 = EDGE_CURVE('',#9769,#9807,#9984,.T.);
#9984 = LINE('',#9985,#9986);
#9985 = CARTESIAN_POINT('',(436.375,6.13434661014,60.));
#9986 = VECTOR('',#9987,1.);
#9987 = DIRECTION('',(-0.866025403784,0.5,0.));
#9988 = ORIENTED_EDGE('',*,*,#9848,.T.);
#9989 = ORIENTED_EDGE('',*,*,#9990,.T.);
#9990 = EDGE_CURVE('',#9841,#9991,#9993,.T.);
#9991 = VERTEX_POINT('',#9992);
#9992 = CARTESIAN_POINT('',(430.,9.814954576224,62.));
#9993 = LINE('',#9994,#9995);
#9994 = CARTESIAN_POINT('',(438.5,4.907477288112,62.));
#9995 = VECTOR('',#9996,1.);
#9996 = DIRECTION('',(-0.866025403784,0.5,0.));
#9997 = ORIENTED_EDGE('',*,*,#9998,.F.);
#9998 = EDGE_CURVE('',#9690,#9991,#9999,.T.);
#9999 = LINE('',#10000,#10001);
#10000 = CARTESIAN_POINT('',(430.,9.814954576224,47.));
#10001 = VECTOR('',#10002,1.);
#10002 = DIRECTION('',(0.,0.,1.));
#10003 = PLANE('',#10004);
#10004 = AXIS2_PLACEMENT_3D('',#10005,#10006,#10007);
#10005 = CARTESIAN_POINT('',(438.5,4.907477288112,47.));
#10006 = DIRECTION('',(-0.5,-0.866025403784,0.));
#10007 = DIRECTION('',(-0.866025403784,0.5,0.));
#10008 = ADVANCED_FACE('',(#10009),#10041,.T.);
#10009 = FACE_BOUND('',#10010,.T.);
#10010 = EDGE_LOOP('',(#10011,#10012,#10013,#10019,#10020,#10026,#10027,
    #10035));
#10011 = ORIENTED_EDGE('',*,*,#9729,.F.);
#10012 = ORIENTED_EDGE('',*,*,#9998,.T.);
#10013 = ORIENTED_EDGE('',*,*,#10014,.T.);
#10014 = EDGE_CURVE('',#9991,#9833,#10015,.T.);
#10015 = LINE('',#10016,#10017);
#10016 = CARTESIAN_POINT('',(430.,9.814954576224,62.));
#10017 = VECTOR('',#10018,1.);
#10018 = DIRECTION('',(-0.866025403784,-0.5,0.));
#10019 = ORIENTED_EDGE('',*,*,#9832,.T.);
#10020 = ORIENTED_EDGE('',*,*,#10021,.T.);
#10021 = EDGE_CURVE('',#9825,#9863,#10022,.T.);
#10022 = LINE('',#10023,#10024);
#10023 = CARTESIAN_POINT('',(427.875,8.588085254196,60.));
#10024 = VECTOR('',#10025,1.);
#10025 = DIRECTION('',(-0.866025403784,-0.5,0.));
#10026 = ORIENTED_EDGE('',*,*,#9904,.T.);
#10027 = ORIENTED_EDGE('',*,*,#10028,.T.);
#10028 = EDGE_CURVE('',#9897,#10029,#10031,.T.);
#10029 = VERTEX_POINT('',#10030);
#10030 = CARTESIAN_POINT('',(421.5,4.907477288112,62.));
#10031 = LINE('',#10032,#10033);
#10032 = CARTESIAN_POINT('',(430.,9.814954576224,62.));
#10033 = VECTOR('',#10034,1.);
#10034 = DIRECTION('',(-0.866025403784,-0.5,0.));
#10035 = ORIENTED_EDGE('',*,*,#10036,.F.);
#10036 = EDGE_CURVE('',#9722,#10029,#10037,.T.);
#10037 = LINE('',#10038,#10039);
#10038 = CARTESIAN_POINT('',(421.5,4.907477288112,47.));
#10039 = VECTOR('',#10040,1.);
#10040 = DIRECTION('',(0.,0.,1.));
#10041 = PLANE('',#10042);
#10042 = AXIS2_PLACEMENT_3D('',#10043,#10044,#10045);
#10043 = CARTESIAN_POINT('',(430.,9.814954576224,47.));
#10044 = DIRECTION('',(0.5,-0.866025403784,0.));
#10045 = DIRECTION('',(-0.866025403784,-0.5,0.));
#10046 = ADVANCED_FACE('',(#10047),#10065,.T.);
#10047 = FACE_BOUND('',#10048,.T.);
#10048 = EDGE_LOOP('',(#10049,#10050,#10058,#10064));
#10049 = ORIENTED_EDGE('',*,*,#10036,.T.);
#10050 = ORIENTED_EDGE('',*,*,#10051,.T.);
#10051 = EDGE_CURVE('',#10029,#10052,#10054,.T.);
#10052 = VERTEX_POINT('',#10053);
#10053 = CARTESIAN_POINT('',(421.5,-4.907477288112,62.));
#10054 = LINE('',#10055,#10056);
#10055 = CARTESIAN_POINT('',(421.5,4.907477288112,62.));
#10056 = VECTOR('',#10057,1.);
#10057 = DIRECTION('',(-3.619694468487E-16,-1.,0.));
#10058 = ORIENTED_EDGE('',*,*,#10059,.F.);
#10059 = EDGE_CURVE('',#9714,#10052,#10060,.T.);
#10060 = LINE('',#10061,#10062);
#10061 = CARTESIAN_POINT('',(421.5,-4.907477288112,47.));
#10062 = VECTOR('',#10063,1.);
#10063 = DIRECTION('',(0.,0.,1.));
#10064 = ORIENTED_EDGE('',*,*,#9721,.F.);
#10065 = PLANE('',#10066);
#10066 = AXIS2_PLACEMENT_3D('',#10067,#10068,#10069);
#10067 = CARTESIAN_POINT('',(421.5,4.907477288112,47.));
#10068 = DIRECTION('',(1.,-3.619694468487E-16,0.));
#10069 = DIRECTION('',(-3.619694468487E-16,-1.,0.));
#10070 = ADVANCED_FACE('',(#10071),#10103,.T.);
#10071 = FACE_BOUND('',#10072,.T.);
#10072 = EDGE_LOOP('',(#10073,#10074,#10075,#10081,#10082,#10088,#10089,
    #10097));
#10073 = ORIENTED_EDGE('',*,*,#9713,.F.);
#10074 = ORIENTED_EDGE('',*,*,#10059,.T.);
#10075 = ORIENTED_EDGE('',*,*,#10076,.T.);
#10076 = EDGE_CURVE('',#10052,#9889,#10077,.T.);
#10077 = LINE('',#10078,#10079);
#10078 = CARTESIAN_POINT('',(421.5,-4.907477288112,62.));
#10079 = VECTOR('',#10080,1.);
#10080 = DIRECTION('',(0.866025403784,-0.5,0.));
#10081 = ORIENTED_EDGE('',*,*,#9888,.T.);
#10082 = ORIENTED_EDGE('',*,*,#10083,.T.);
#10083 = EDGE_CURVE('',#9881,#9919,#10084,.T.);
#10084 = LINE('',#10085,#10086);
#10085 = CARTESIAN_POINT('',(423.625,-6.13434661014,60.));
#10086 = VECTOR('',#10087,1.);
#10087 = DIRECTION('',(0.866025403784,-0.5,0.));
#10088 = ORIENTED_EDGE('',*,*,#9953,.T.);
#10089 = ORIENTED_EDGE('',*,*,#10090,.T.);
#10090 = EDGE_CURVE('',#9946,#10091,#10093,.T.);
#10091 = VERTEX_POINT('',#10092);
#10092 = CARTESIAN_POINT('',(430.,-9.814954576224,62.));
#10093 = LINE('',#10094,#10095);
#10094 = CARTESIAN_POINT('',(421.5,-4.907477288112,62.));
#10095 = VECTOR('',#10096,1.);
#10096 = DIRECTION('',(0.866025403784,-0.5,0.));
#10097 = ORIENTED_EDGE('',*,*,#10098,.F.);
#10098 = EDGE_CURVE('',#9706,#10091,#10099,.T.);
#10099 = LINE('',#10100,#10101);
#10100 = CARTESIAN_POINT('',(430.,-9.814954576224,47.));
#10101 = VECTOR('',#10102,1.);
#10102 = DIRECTION('',(0.,0.,1.));
#10103 = PLANE('',#10104);
#10104 = AXIS2_PLACEMENT_3D('',#10105,#10106,#10107);
#10105 = CARTESIAN_POINT('',(421.5,-4.907477288112,47.));
#10106 = DIRECTION('',(0.5,0.866025403784,0.));
#10107 = DIRECTION('',(0.866025403784,-0.5,0.));
#10108 = ADVANCED_FACE('',(#10109),#10141,.T.);
#10109 = FACE_BOUND('',#10110,.T.);
#10110 = EDGE_LOOP('',(#10111,#10112,#10113,#10119,#10120,#10126,#10127,
    #10135));
#10111 = ORIENTED_EDGE('',*,*,#9705,.F.);
#10112 = ORIENTED_EDGE('',*,*,#10098,.T.);
#10113 = ORIENTED_EDGE('',*,*,#10114,.T.);
#10114 = EDGE_CURVE('',#10091,#9938,#10115,.T.);
#10115 = LINE('',#10116,#10117);
#10116 = CARTESIAN_POINT('',(430.,-9.814954576224,62.));
#10117 = VECTOR('',#10118,1.);
#10118 = DIRECTION('',(0.866025403784,0.5,0.));
#10119 = ORIENTED_EDGE('',*,*,#9937,.T.);
#10120 = ORIENTED_EDGE('',*,*,#10121,.T.);
#10121 = EDGE_CURVE('',#9930,#9746,#10122,.T.);
#10122 = LINE('',#10123,#10124);
#10123 = CARTESIAN_POINT('',(432.125,-8.588085254196,60.));
#10124 = VECTOR('',#10125,1.);
#10125 = DIRECTION('',(0.866025403784,0.5,0.));
#10126 = ORIENTED_EDGE('',*,*,#9792,.T.);
#10127 = ORIENTED_EDGE('',*,*,#10128,.T.);
#10128 = EDGE_CURVE('',#9785,#10129,#10131,.T.);
#10129 = VERTEX_POINT('',#10130);
#10130 = CARTESIAN_POINT('',(438.5,-4.907477288112,62.));
#10131 = LINE('',#10132,#10133);
#10132 = CARTESIAN_POINT('',(430.,-9.814954576224,62.));
#10133 = VECTOR('',#10134,1.);
#10134 = DIRECTION('',(0.866025403784,0.5,0.));
#10135 = ORIENTED_EDGE('',*,*,#10136,.F.);
#10136 = EDGE_CURVE('',#9698,#10129,#10137,.T.);
#10137 = LINE('',#10138,#10139);
#10138 = CARTESIAN_POINT('',(438.5,-4.907477288112,47.));
#10139 = VECTOR('',#10140,1.);
#10140 = DIRECTION('',(0.,0.,1.));
#10141 = PLANE('',#10142);
#10142 = AXIS2_PLACEMENT_3D('',#10143,#10144,#10145);
#10143 = CARTESIAN_POINT('',(430.,-9.814954576224,47.));
#10144 = DIRECTION('',(-0.5,0.866025403784,0.));
#10145 = DIRECTION('',(0.866025403784,0.5,0.));
#10146 = ADVANCED_FACE('',(#10147),#10158,.T.);
#10147 = FACE_BOUND('',#10148,.T.);
#10148 = EDGE_LOOP('',(#10149,#10150,#10156,#10157));
#10149 = ORIENTED_EDGE('',*,*,#10136,.T.);
#10150 = ORIENTED_EDGE('',*,*,#10151,.T.);
#10151 = EDGE_CURVE('',#10129,#9969,#10152,.T.);
#10152 = LINE('',#10153,#10154);
#10153 = CARTESIAN_POINT('',(438.5,-4.907477288112,62.));
#10154 = VECTOR('',#10155,1.);
#10155 = DIRECTION('',(-1.809847234243E-16,1.,0.));
#10156 = ORIENTED_EDGE('',*,*,#9968,.F.);
#10157 = ORIENTED_EDGE('',*,*,#9697,.F.);
#10158 = PLANE('',#10159);
#10159 = AXIS2_PLACEMENT_3D('',#10160,#10161,#10162);
#10160 = CARTESIAN_POINT('',(438.5,-4.907477288112,47.));
#10161 = DIRECTION('',(-1.,-1.809847234243E-16,0.));
#10162 = DIRECTION('',(-1.809847234243E-16,1.,0.));
#10163 = ADVANCED_FACE('',(#10164),#10169,.T.);
#10164 = FACE_BOUND('',#10165,.T.);
#10165 = EDGE_LOOP('',(#10166,#10167,#10168));
#10166 = ORIENTED_EDGE('',*,*,#10121,.F.);
#10167 = ORIENTED_EDGE('',*,*,#9929,.T.);
#10168 = ORIENTED_EDGE('',*,*,#9743,.T.);
#10169 = PLANE('',#10170);
#10170 = AXIS2_PLACEMENT_3D('',#10171,#10172,#10173);
#10171 = CARTESIAN_POINT('',(430.,-2.797412345512E-16,60.));
#10172 = DIRECTION('',(0.,0.,1.));
#10173 = DIRECTION('',(1.,0.,0.));
#10174 = ADVANCED_FACE('',(#10175),#10181,.F.);
#10175 = FACE_BOUND('',#10176,.F.);
#10176 = EDGE_LOOP('',(#10177,#10178,#10179,#10180));
#10177 = ORIENTED_EDGE('',*,*,#10151,.T.);
#10178 = ORIENTED_EDGE('',*,*,#9976,.T.);
#10179 = ORIENTED_EDGE('',*,*,#9784,.T.);
#10180 = ORIENTED_EDGE('',*,*,#10128,.T.);
#10181 = PLANE('',#10182);
#10182 = AXIS2_PLACEMENT_3D('',#10183,#10184,#10185);
#10183 = CARTESIAN_POINT('',(430.,4.222976879901E-16,62.));
#10184 = DIRECTION('',(0.,0.,1.));
#10185 = DIRECTION('',(1.,0.,0.));
#10186 = ADVANCED_FACE('',(#10187),#10192,.T.);
#10187 = FACE_BOUND('',#10188,.T.);
#10188 = EDGE_LOOP('',(#10189,#10190,#10191));
#10189 = ORIENTED_EDGE('',*,*,#9983,.F.);
#10190 = ORIENTED_EDGE('',*,*,#9768,.T.);
#10191 = ORIENTED_EDGE('',*,*,#9806,.T.);
#10192 = PLANE('',#10193);
#10193 = AXIS2_PLACEMENT_3D('',#10194,#10195,#10196);
#10194 = CARTESIAN_POINT('',(430.,-2.797412345512E-16,60.));
#10195 = DIRECTION('',(0.,0.,1.));
#10196 = DIRECTION('',(1.,0.,0.));
#10197 = ADVANCED_FACE('',(#10198),#10203,.F.);
#10198 = FACE_BOUND('',#10199,.F.);
#10199 = EDGE_LOOP('',(#10200,#10201,#10202));
#10200 = ORIENTED_EDGE('',*,*,#9840,.T.);
#10201 = ORIENTED_EDGE('',*,*,#9990,.T.);
#10202 = ORIENTED_EDGE('',*,*,#10014,.T.);
#10203 = PLANE('',#10204);
#10204 = AXIS2_PLACEMENT_3D('',#10205,#10206,#10207);
#10205 = CARTESIAN_POINT('',(430.,4.222976879901E-16,62.));
#10206 = DIRECTION('',(0.,0.,1.));
#10207 = DIRECTION('',(1.,0.,0.));
#10208 = ADVANCED_FACE('',(#10209),#10214,.T.);
#10209 = FACE_BOUND('',#10210,.T.);
#10210 = EDGE_LOOP('',(#10211,#10212,#10213));
#10211 = ORIENTED_EDGE('',*,*,#9862,.T.);
#10212 = ORIENTED_EDGE('',*,*,#10021,.F.);
#10213 = ORIENTED_EDGE('',*,*,#9824,.T.);
#10214 = PLANE('',#10215);
#10215 = AXIS2_PLACEMENT_3D('',#10216,#10217,#10218);
#10216 = CARTESIAN_POINT('',(430.,-2.797412345512E-16,60.));
#10217 = DIRECTION('',(0.,0.,1.));
#10218 = DIRECTION('',(1.,0.,0.));
#10219 = ADVANCED_FACE('',(#10220),#10226,.F.);
#10220 = FACE_BOUND('',#10221,.F.);
#10221 = EDGE_LOOP('',(#10222,#10223,#10224,#10225));
#10222 = ORIENTED_EDGE('',*,*,#9896,.T.);
#10223 = ORIENTED_EDGE('',*,*,#10028,.T.);
#10224 = ORIENTED_EDGE('',*,*,#10051,.T.);
#10225 = ORIENTED_EDGE('',*,*,#10076,.T.);
#10226 = PLANE('',#10227);
#10227 = AXIS2_PLACEMENT_3D('',#10228,#10229,#10230);
#10228 = CARTESIAN_POINT('',(430.,4.222976879901E-16,62.));
#10229 = DIRECTION('',(0.,0.,1.));
#10230 = DIRECTION('',(1.,0.,0.));
#10231 = ADVANCED_FACE('',(#10232),#10237,.T.);
#10232 = FACE_BOUND('',#10233,.T.);
#10233 = EDGE_LOOP('',(#10234,#10235,#10236));
#10234 = ORIENTED_EDGE('',*,*,#9880,.T.);
#10235 = ORIENTED_EDGE('',*,*,#9918,.T.);
#10236 = ORIENTED_EDGE('',*,*,#10083,.F.);
#10237 = PLANE('',#10238);
#10238 = AXIS2_PLACEMENT_3D('',#10239,#10240,#10241);
#10239 = CARTESIAN_POINT('',(430.,-2.797412345512E-16,60.));
#10240 = DIRECTION('',(0.,0.,1.));
#10241 = DIRECTION('',(1.,0.,0.));
#10242 = ADVANCED_FACE('',(#10243),#10248,.F.);
#10243 = FACE_BOUND('',#10244,.F.);
#10244 = EDGE_LOOP('',(#10245,#10246,#10247));
#10245 = ORIENTED_EDGE('',*,*,#10114,.T.);
#10246 = ORIENTED_EDGE('',*,*,#9945,.T.);
#10247 = ORIENTED_EDGE('',*,*,#10090,.T.);
#10248 = PLANE('',#10249);
#10249 = AXIS2_PLACEMENT_3D('',#10250,#10251,#10252);
#10250 = CARTESIAN_POINT('',(430.,4.222976879901E-16,62.));
#10251 = DIRECTION('',(0.,0.,1.));
#10252 = DIRECTION('',(1.,0.,0.));
#10253 = ( GEOMETRIC_REPRESENTATION_CONTEXT(3) 
GLOBAL_UNCERTAINTY_ASSIGNED_CONTEXT((#10257)) 
GLOBAL_UNIT_ASSIGNED_CONTEXT((#10254,#10255,#10256)) 
REPRESENTATION_CONTEXT('Context #1',
  '3D Context with UNIT and UNCERTAINTY') );
#10254 = ( LENGTH_UNIT() NAMED_UNIT(*) SI_UNIT(.MILLI.,.METRE.) );
#10255 = ( NAMED_UNIT(*) PLANE_ANGLE_UNIT() SI_UNIT($,.RADIAN.) );
#10256 = ( NAMED_UNIT(*) SI_UNIT($,.STERADIAN.) SOLID_ANGLE_UNIT() );
#10257 = UNCERTAINTY_MEASURE_WITH_UNIT(LENGTH_MEASURE(5.E-06),#10254,
  'distance_accuracy_value','confusion accuracy');
#10258 = PRODUCT_RELATED_PRODUCT_CATEGORY('part',$,(#7));
ENDSEC;
END-ISO-10303-21;
