ISO-10303-21;
HEADER;
FILE_DESCRIPTION(('FreeCAD Model'),'2;1');
FILE_NAME('Open CASCADE Shape Model','2026-09-26T21:45:07',('FreeCAD'),(
    'FreeCAD'),'Open CASCADE STEP processor 7.8','FreeCAD','Unknown');
FILE_SCHEMA(('AUTOMOTIVE_DESIGN { 1 0 10303 214 1 1 1 1 }'));
ENDSEC;
DATA;
#1 = APPLICATION_PROTOCOL_DEFINITION('international standard',
  'automotive_design',2000,#2);
#2 = APPLICATION_CONTEXT(
  'core data for automotive mechanical design processes');
#3 = SHAPE_DEFINITION_REPRESENTATION(#4,#10);
#4 = PRODUCT_DEFINITION_SHAPE('','',#5);
#5 = PRODUCT_DEFINITION('design','',#6,#9);
#6 = PRODUCT_DEFINITION_FORMATION('','',#7);
#7 = PRODUCT('Open CASCADE STEP translator 7.8 2',
  'Open CASCADE STEP translator 7.8 2','',(#8));
#8 = PRODUCT_CONTEXT('',#2,'mechanical');
#9 = PRODUCT_DEFINITION_CONTEXT('part definition',#2,'design');
#10 = ADVANCED_BREP_SHAPE_REPRESENTATION('',(#11,#15),#9043);
#11 = AXIS2_PLACEMENT_3D('',#12,#13,#14);
#12 = CARTESIAN_POINT('',(0.,0.,0.));
#13 = DIRECTION('',(0.,0.,1.));
#14 = DIRECTION('',(1.,0.,-0.));
#15 = MANIFOLD_SOLID_BREP('',#16);
#16 = CLOSED_SHELL('',(#17,#83,#357,#417,#588,#1969,#2099,#2138,#2289,
    #2889,#2998,#3093,#3124,#3264,#3281,#3369,#3416,#3546,#3584,#3702,
    #3749,#3879,#3917,#4035,#4082,#4212,#4250,#4368,#4415,#4545,#4583,
    #4701,#4748,#4878,#4916,#5034,#5072,#5183,#5241,#5272,#5367,#5488,
    #5635,#5647,#5777,#5815,#6042,#6188,#6318,#6515,#6553,#6699,#6926,
    #7056,#7202,#7240,#7370,#7597,#7635,#7781,#8008,#8138,#8284,#8322,
    #8431,#8456,#8473,#8498,#8523,#8548,#8573,#8586,#8599,#8617,#8638,
    #8651,#8669,#8690,#8703,#8721,#8742,#8755,#8773,#8794,#8807,#8825,
    #8846,#8859,#8884,#8909,#8933,#8957,#8983,#8995,#9007,#9019,#9031));
#17 = ADVANCED_FACE('',(#18),#78,.T.);
#18 = FACE_BOUND('',#19,.T.);
#19 = EDGE_LOOP('',(#20,#31,#41,#51,#60,#70));
#20 = ORIENTED_EDGE('',*,*,#21,.T.);
#21 = EDGE_CURVE('',#22,#24,#26,.T.);
#22 = VERTEX_POINT('',#23);
#23 = CARTESIAN_POINT('',(114.25,-60.22270941836,65.429592796591));
#24 = VERTEX_POINT('',#25);
#25 = CARTESIAN_POINT('',(114.25,-34.92676005567,45.256746333329));
#26 = CIRCLE('',#27,78.);
#27 = AXIS2_PLACEMENT_3D('',#28,#29,#30);
#28 = CARTESIAN_POINT('',(114.25,0.,115.));
#29 = DIRECTION('',(1.,0.,-2.22044604925E-16));
#30 = DIRECTION('',(-2.22044604925E-16,0.,-1.));
#31 = ORIENTED_EDGE('',*,*,#32,.T.);
#32 = EDGE_CURVE('',#24,#33,#35,.T.);
#33 = VERTEX_POINT('',#34);
#34 = CARTESIAN_POINT('',(116.18554208667,-34.92676005567,
    45.256746333329));
#35 = B_SPLINE_CURVE_WITH_KNOTS('',4,(#36,#37,#38,#39,#40),
  .UNSPECIFIED.,.F.,.F.,(5,5),(0.,1.),.PIECEWISE_BEZIER_KNOTS.);
#36 = CARTESIAN_POINT('',(114.2499994,-34.92676005567,45.256746333329));
#37 = CARTESIAN_POINT('',(114.73388522167,-34.92676005567,
    45.256746333329));
#38 = CARTESIAN_POINT('',(115.21777104333,-34.92676005567,
    45.256746333329));
#39 = CARTESIAN_POINT('',(115.701656865,-34.92676005567,45.256746333329)
  );
#40 = CARTESIAN_POINT('',(116.18554268667,-34.92676005567,
    45.256746333329));
#41 = ORIENTED_EDGE('',*,*,#42,.T.);
#42 = EDGE_CURVE('',#33,#43,#45,.T.);
#43 = VERTEX_POINT('',#44);
#44 = CARTESIAN_POINT('',(116.25,-34.92651791228,45.256625070744));
#45 = B_SPLINE_CURVE_WITH_KNOTS('',4,(#46,#47,#48,#49,#50),
  .UNSPECIFIED.,.F.,.F.,(5,5),(0.,1.),.PIECEWISE_BEZIER_KNOTS.);
#46 = CARTESIAN_POINT('',(116.18554208667,-34.92676005567,
    45.256746333329));
#47 = CARTESIAN_POINT('',(116.20163057992,-34.92676005567,
    45.256746333329));
#48 = CARTESIAN_POINT('',(116.2177366414,-34.92671982981,45.256726188602
    ));
#49 = CARTESIAN_POINT('',(116.23386005506,-34.92663917944,45.25668579966
    ));
#50 = CARTESIAN_POINT('',(116.2500006,-34.92651790777,45.256625068486));
#51 = ORIENTED_EDGE('',*,*,#52,.F.);
#52 = EDGE_CURVE('',#53,#43,#55,.T.);
#53 = VERTEX_POINT('',#54);
#54 = CARTESIAN_POINT('',(116.25,-60.22288152261,65.429801885471));
#55 = CIRCLE('',#56,78.);
#56 = AXIS2_PLACEMENT_3D('',#57,#58,#59);
#57 = CARTESIAN_POINT('',(116.25,0.,115.));
#58 = DIRECTION('',(1.,0.,-2.22044604925E-16));
#59 = DIRECTION('',(-2.22044604925E-16,0.,-1.));
#60 = ORIENTED_EDGE('',*,*,#61,.T.);
#61 = EDGE_CURVE('',#53,#62,#64,.T.);
#62 = VERTEX_POINT('',#63);
#63 = CARTESIAN_POINT('',(116.18554208667,-60.22270941836,65.42959279659
    ));
#64 = B_SPLINE_CURVE_WITH_KNOTS('',4,(#65,#66,#67,#68,#69),
  .UNSPECIFIED.,.F.,.F.,(5,5),(0.,1.),.PIECEWISE_BEZIER_KNOTS.);
#65 = CARTESIAN_POINT('',(116.2500006,-60.22288152581,65.429801889364));
#66 = CARTESIAN_POINT('',(116.23386005506,-60.22279533181,
    65.429697172189));
#67 = CARTESIAN_POINT('',(116.2177366414,-60.22273800911,65.429627531277
    ));
#68 = CARTESIAN_POINT('',(116.20163057992,-60.22270941836,65.42959279659
    ));
#69 = CARTESIAN_POINT('',(116.18554208667,-60.22270941836,65.42959279659
    ));
#70 = ORIENTED_EDGE('',*,*,#71,.T.);
#71 = EDGE_CURVE('',#62,#22,#72,.T.);
#72 = B_SPLINE_CURVE_WITH_KNOTS('',4,(#73,#74,#75,#76,#77),
  .UNSPECIFIED.,.F.,.F.,(5,5),(0.,1.),.PIECEWISE_BEZIER_KNOTS.);
#73 = CARTESIAN_POINT('',(116.18554268667,-60.22270941836,65.42959279659
    ));
#74 = CARTESIAN_POINT('',(115.701656865,-60.22270941836,65.42959279659)
  );
#75 = CARTESIAN_POINT('',(115.21777104333,-60.22270941836,65.42959279659
    ));
#76 = CARTESIAN_POINT('',(114.73388522167,-60.22270941836,65.42959279659
    ));
#77 = CARTESIAN_POINT('',(114.2499994,-60.22270941836,65.42959279659));
#78 = CYLINDRICAL_SURFACE('',#79,78.);
#79 = AXIS2_PLACEMENT_3D('',#80,#81,#82);
#80 = CARTESIAN_POINT('',(106.25,0.,115.));
#81 = DIRECTION('',(1.,0.,-2.22044604925E-16));
#82 = DIRECTION('',(-2.22044604925E-16,0.,-1.));
#83 = ADVANCED_FACE('',(#84),#352,.T.);
#84 = FACE_BOUND('',#85,.F.);
#85 = EDGE_LOOP('',(#86,#96,#97,#107,#226,#235));
#86 = ORIENTED_EDGE('',*,*,#87,.F.);
#87 = EDGE_CURVE('',#22,#88,#90,.T.);
#88 = VERTEX_POINT('',#89);
#89 = CARTESIAN_POINT('',(114.18591921838,-60.22246298137,
    65.429697247233));
#90 = B_SPLINE_CURVE_WITH_KNOTS('',4,(#91,#92,#93,#94,#95),
  .UNSPECIFIED.,.F.,.F.,(5,5),(0.,1.),.PIECEWISE_BEZIER_KNOTS.);
#91 = CARTESIAN_POINT('',(114.25,-60.22270941836,65.42959279659));
#92 = CARTESIAN_POINT('',(114.23397933369,-60.22270941836,65.42959279659
    ));
#93 = CARTESIAN_POINT('',(114.21795881882,-60.22266834378,
    65.429610205772));
#94 = CARTESIAN_POINT('',(114.20193854912,-60.22258619636,
    65.429645023396));
#95 = CARTESIAN_POINT('',(114.18591861842,-60.22246297676,
    65.429697249189));
#96 = ORIENTED_EDGE('',*,*,#21,.T.);
#97 = ORIENTED_EDGE('',*,*,#98,.F.);
#98 = EDGE_CURVE('',#99,#24,#101,.T.);
#99 = VERTEX_POINT('',#100);
#100 = CARTESIAN_POINT('',(114.18591921838,-34.92671306121,
    45.257009834074));
#101 = B_SPLINE_CURVE_WITH_KNOTS('',4,(#102,#103,#104,#105,#106),
  .UNSPECIFIED.,.F.,.F.,(5,5),(0.,1.),.PIECEWISE_BEZIER_KNOTS.);
#102 = CARTESIAN_POINT('',(114.18591861842,-34.92671306033,
    45.257009839008));
#103 = CARTESIAN_POINT('',(114.20193854909,-34.92673655777,
    45.256878087447));
#104 = CARTESIAN_POINT('',(114.21795881886,-34.92675222292,
    45.25679025199));
#105 = CARTESIAN_POINT('',(114.23397933358,-34.92676005567,
    45.256746333329));
#106 = CARTESIAN_POINT('',(114.25,-34.92676005567,45.256746333329));
#107 = ORIENTED_EDGE('',*,*,#108,.T.);
#108 = EDGE_CURVE('',#99,#109,#111,.T.);
#109 = VERTEX_POINT('',#110);
#110 = CARTESIAN_POINT('',(106.25,-26.50233564647,50.21090982826));
#111 = B_SPLINE_CURVE_WITH_KNOTS('',8,(#112,#113,#114,#115,#116,#117,
    #118,#119,#120,#121,#122,#123,#124,#125,#126,#127,#128,#129,#130,
    #131,#132,#133,#134,#135,#136,#137,#138,#139,#140,#141,#142,#143,
    #144,#145,#146,#147,#148,#149,#150,#151,#152,#153,#154,#155,#156,
    #157,#158,#159,#160,#161,#162,#163,#164,#165,#166,#167,#168,#169,
    #170,#171,#172,#173,#174,#175,#176,#177,#178,#179,#180,#181,#182,
    #183,#184,#185,#186,#187,#188,#189,#190,#191,#192,#193,#194,#195,
    #196,#197,#198,#199,#200,#201,#202,#203,#204,#205,#206,#207,#208,
    #209,#210,#211,#212,#213,#214,#215,#216,#217,#218,#219,#220,#221,
    #222,#223,#224,#225),.UNSPECIFIED.,.F.,.F.,(9,7,7,7,7,7,7,7,7,7,7,7,
    7,7,7,7,9),(0.,0.106991883795,0.214175378111,0.319846282916,
    0.422847325799,0.52449744428,0.626023471327,0.728515848075,
    0.832679324343,0.890287816522,0.946887875191,0.970772527995,
    0.984448479132,0.992164730063,0.996269955091,0.998520299417,1.),
  .UNSPECIFIED.);
#112 = CARTESIAN_POINT('',(114.18591921838,-34.92671306121,
    45.257009834074));
#113 = CARTESIAN_POINT('',(114.04168504442,-34.92650150584,
    45.258196037692));
#114 = CARTESIAN_POINT('',(113.89624218491,-34.92297244768,
    45.261055789013));
#115 = CARTESIAN_POINT('',(113.74968044809,-34.91602745473,
    45.26563834423));
#116 = CARTESIAN_POINT('',(113.60209705115,-34.90557144493,
    45.271991597052));
#117 = CARTESIAN_POINT('',(113.4535964203,-34.89151358843,
    45.280161675599));
#118 = CARTESIAN_POINT('',(113.30428999071,-34.87376820989,45.2901925393
    ));
#119 = CARTESIAN_POINT('',(113.1542960066,-34.85225569068,
    45.302125575789));
#120 = CARTESIAN_POINT('',(112.85291300556,-34.80150564863,
    45.32989766591));
#121 = CARTESIAN_POINT('',(112.7015219513,-34.77225437417,45.34574367127
    ));
#122 = CARTESIAN_POINT('',(112.54969149314,-34.73907646114,
    45.363575840775));
#123 = CARTESIAN_POINT('',(112.39755360384,-34.70190591388,
    45.383429771836));
#124 = CARTESIAN_POINT('',(112.24524626169,-34.66068465973,
    45.405337643111));
#125 = CARTESIAN_POINT('',(112.092912818,-34.61536338104,45.429327825237
    ));
#126 = CARTESIAN_POINT('',(111.94070136457,-34.56590234708,
    45.455424491573));
#127 = CARTESIAN_POINT('',(111.63897099927,-34.45939898101,
    45.51147168279));
#128 = CARTESIAN_POINT('',(111.48944435389,-34.40247349025,
    45.541362623741));
#129 = CARTESIAN_POINT('',(111.34032985426,-34.34146752598,
    45.573338882806));
#130 = CARTESIAN_POINT('',(111.19177697159,-34.2763627463,
    45.607414929594));
#131 = CARTESIAN_POINT('',(111.04393802047,-34.20715114876,
    45.643600643072));
#132 = CARTESIAN_POINT('',(110.89696722017,-34.13383550403,
    45.681901082322));
#133 = CARTESIAN_POINT('',(110.75101975587,-34.05642978944,
    45.722316257311));
#134 = CARTESIAN_POINT('',(110.46513962943,-33.89554786635,
    45.806291122102));
#135 = CARTESIAN_POINT('',(110.32514810588,-33.81227442748,
    45.849745571918));
#136 = CARTESIAN_POINT('',(110.18641995373,-33.72516280128,
    45.895199472691));
#137 = CARTESIAN_POINT('',(110.04909874593,-33.6342469873,
    45.942643277293));
#138 = CARTESIAN_POINT('',(109.9133269976,-33.53957139382,
    45.992062679126));
#139 = CARTESIAN_POINT('',(109.77924521946,-33.44119074228,
    46.043438623366));
#140 = CARTESIAN_POINT('',(109.64699097138,-33.33916997163,
    46.096747318203));
#141 = CARTESIAN_POINT('',(109.38811373687,-33.12938313947,
    46.206449021182));
#142 = CARTESIAN_POINT('',(109.26143959357,-33.0217099483,
    46.262792417724));
#143 = CARTESIAN_POINT('',(109.13680401209,-32.91063648586,
    46.320963154669));
#144 = CARTESIAN_POINT('',(109.01433170081,-32.79624421178,
    46.38092947225));
#145 = CARTESIAN_POINT('',(108.89414279004,-32.67862356947,
    46.44265540318));
#146 = CARTESIAN_POINT('',(108.77635207164,-32.55787342695,
    46.506101043855));
#147 = CARTESIAN_POINT('',(108.6610682387,-32.43410051757,
    46.571222825556));
#148 = CARTESIAN_POINT('',(108.43585556208,-32.18089189321,
    46.704643258165));
#149 = CARTESIAN_POINT('',(108.32592032391,-32.05146324437,
    46.772937931403));
#150 = CARTESIAN_POINT('',(108.21868901724,-31.91924637742,
    46.842811202343));
#151 = CARTESIAN_POINT('',(108.11425634881,-31.78436192691,
    46.914213043817));
#152 = CARTESIAN_POINT('',(108.01270969412,-31.64693681024,
    46.987090636231));
#153 = CARTESIAN_POINT('',(107.91412866585,-31.507103319,47.061388999286
    ));
#154 = CARTESIAN_POINT('',(107.81858468246,-31.36499821041,
    47.137051623696));
#155 = CARTESIAN_POINT('',(107.63281648469,-31.07515250939,
    47.291723196559));
#156 = CARTESIAN_POINT('',(107.54265155461,-30.92737114936,
    47.370757030495));
#157 = CARTESIAN_POINT('',(107.45571054535,-30.77756192462,
    47.45106415864));
#158 = CARTESIAN_POINT('',(107.37204928051,-30.62587273737,
    47.532584686468));
#159 = CARTESIAN_POINT('',(107.29171458953,-30.472453969,47.615259043734
    ));
#160 = CARTESIAN_POINT('',(107.21474428905,-30.31745726307,
    47.699029757207));
#161 = CARTESIAN_POINT('',(107.14116716411,-30.16103430825,
    47.783843223402));
#162 = CARTESIAN_POINT('',(106.99969473386,-29.84306571691,
    47.956858810484));
#163 = CARTESIAN_POINT('',(106.93191167711,-29.68147808742,
    48.045094141729));
#164 = CARTESIAN_POINT('',(106.86767458328,-29.51873083286,
    48.134306437762));
#165 = CARTESIAN_POINT('',(106.80699483178,-29.35498004824,
    48.224455557993));
#166 = CARTESIAN_POINT('',(106.74987456149,-29.19037922611,
    48.315510073723));
#167 = CARTESIAN_POINT('',(106.69630703573,-29.02507717088,
    48.407454459614));
#168 = CARTESIAN_POINT('',(106.64627718822,-28.859214425,48.500305661435
    ));
#169 = CARTESIAN_POINT('',(106.57403692484,-28.60094667625,
    48.646034384342));
#170 = CARTESIAN_POINT('',(106.54938665503,-28.50884253209,
    48.698230399267));
#171 = CARTESIAN_POINT('',(106.52580769997,-28.41662731035,
    48.750739685851));
#172 = CARTESIAN_POINT('',(106.50329552609,-28.32432098799,
    48.803582262986));
#173 = CARTESIAN_POINT('',(106.48184493092,-28.23194198115,
    48.856785363233));
#174 = CARTESIAN_POINT('',(106.46145009881,-28.13950646606,
    48.910387295148));
#175 = CARTESIAN_POINT('',(106.44210468829,-28.04702702296,
    48.964445372143));
#176 = CARTESIAN_POINT('',(106.40581960196,-27.86361367787,
    49.07269462924));
#177 = CARTESIAN_POINT('',(106.38884382876,-27.77268142073,
    49.126867045949));
#178 = CARTESIAN_POINT('',(106.37286812477,-27.68172017401,
    49.18164815716));
#179 = CARTESIAN_POINT('',(106.35788576237,-27.59072961536,
    49.237159903352));
#180 = CARTESIAN_POINT('',(106.3438896873,-27.49970498562,
    49.293549538274));
#181 = CARTESIAN_POINT('',(106.33087322151,-27.40862167681,
    49.351082232916));
#182 = CARTESIAN_POINT('',(106.31882964994,-27.31744416595,
    49.410087110039));
#183 = CARTESIAN_POINT('',(106.30308211847,-27.18749165568,
    49.497238743919));
#184 = CARTESIAN_POINT('',(106.29858152189,-27.14888982354,
    49.523508215771));
#185 = CARTESIAN_POINT('',(106.29425327473,-27.11024174811,
    49.550246340794));
#186 = CARTESIAN_POINT('',(106.29009719208,-27.07153643757,
    49.577527700647));
#187 = CARTESIAN_POINT('',(106.28611331036,-27.03275847751,
    49.605454753758));
#188 = CARTESIAN_POINT('',(106.2823018875,-26.99388782132,
    49.634159077541));
#189 = CARTESIAN_POINT('',(106.27866357217,-26.9548959559,
    49.663824609872));
#190 = CARTESIAN_POINT('',(106.27321685402,-26.89330810456,
    49.712487635834));
#191 = CARTESIAN_POINT('',(106.27129102725,-26.87082801786,
    49.730624855153));
#192 = CARTESIAN_POINT('',(106.26942282603,-26.84828211949,
    49.749242257354));
#193 = CARTESIAN_POINT('',(106.26761265568,-26.82565885093,
    49.768412189158));
#194 = CARTESIAN_POINT('',(106.26586116773,-26.80294254476,
    49.788234352206));
#195 = CARTESIAN_POINT('',(106.2641692491,-26.78011344724,
    49.808835617517));
#196 = CARTESIAN_POINT('',(106.26253819206,-26.75714405645,
    49.830392597902));
#197 = CARTESIAN_POINT('',(106.26008575739,-26.72091886821,
    49.866093862227));
#198 = CARTESIAN_POINT('',(106.25922134316,-26.7077930066,
    49.879373633196));
#199 = CARTESIAN_POINT('',(106.25837750337,-26.69459809995,
    49.893113751974));
#200 = CARTESIAN_POINT('',(106.25755474782,-26.68132349203,
    49.907381382549));
#201 = CARTESIAN_POINT('',(106.25675386161,-26.66795472151,
    49.922271377199));
#202 = CARTESIAN_POINT('',(106.25597587249,-26.65447395381,
    49.93790343638));
#203 = CARTESIAN_POINT('',(106.25522223043,-26.64085641477,
    49.954444749924));
#204 = CARTESIAN_POINT('',(106.25410900998,-26.61971308739,
    49.981654061909));
#205 = CARTESIAN_POINT('',(106.25373014023,-26.61232018362,
    49.991446123778));
#206 = CARTESIAN_POINT('',(106.25335934272,-26.60486849879,
    50.001630796804));
#207 = CARTESIAN_POINT('',(106.25299708983,-26.59734949295,
    50.012264032085));
#208 = CARTESIAN_POINT('',(106.25264412498,-26.58975185578,
    50.023425584133));
#209 = CARTESIAN_POINT('',(106.25230141959,-26.58206207687,
    50.035215023248));
#210 = CARTESIAN_POINT('',(106.25197033847,-26.57426155461,
    50.047771055883));
#211 = CARTESIAN_POINT('',(106.25147969634,-26.56195694979,
    50.068807113676));
#212 = CARTESIAN_POINT('',(106.25131033788,-26.55755877276,
    50.076560411664));
#213 = CARTESIAN_POINT('',(106.25114568729,-26.5531106858,
    50.084667801327));
#214 = CARTESIAN_POINT('',(106.25098621594,-26.5486050767,
    50.093181510029));
#215 = CARTESIAN_POINT('',(106.25083275249,-26.54403243201,
    50.102178909452));
#216 = CARTESIAN_POINT('',(106.25068638336,-26.53938245613,
    50.111753625181));
#217 = CARTESIAN_POINT('',(106.25054863863,-26.5346413869,50.12203514445
    ));
#218 = CARTESIAN_POINT('',(106.2503396865,-26.52657980578,
    50.140701089897));
#219 = CARTESIAN_POINT('',(106.25026258383,-26.52335667172,
    50.148465716762));
#220 = CARTESIAN_POINT('',(106.25019121926,-26.52007451979,
    50.156712490526));
#221 = CARTESIAN_POINT('',(106.25012688039,-26.51671102049,
    50.165588937918));
#222 = CARTESIAN_POINT('',(106.25007086558,-26.51325714659,
    50.175194782583));
#223 = CARTESIAN_POINT('',(106.25002745784,-26.509706619,50.185774450349
    ));
#224 = CARTESIAN_POINT('',(106.25,-26.50607294618,50.197454938209));
#225 = CARTESIAN_POINT('',(106.25,-26.50233564647,50.21090982826));
#226 = ORIENTED_EDGE('',*,*,#227,.F.);
#227 = EDGE_CURVE('',#228,#109,#230,.T.);
#228 = VERTEX_POINT('',#229);
#229 = CARTESIAN_POINT('',(106.25,-57.26736793321,74.745204385049));
#230 = CIRCLE('',#231,70.);
#231 = AXIS2_PLACEMENT_3D('',#232,#233,#234);
#232 = CARTESIAN_POINT('',(106.25,0.,115.));
#233 = DIRECTION('',(1.,0.,-2.22044604925E-16));
#234 = DIRECTION('',(-2.22044604925E-16,0.,-1.));
#235 = ORIENTED_EDGE('',*,*,#236,.F.);
#236 = EDGE_CURVE('',#88,#228,#237,.T.);
#237 = B_SPLINE_CURVE_WITH_KNOTS('',8,(#238,#239,#240,#241,#242,#243,
    #244,#245,#246,#247,#248,#249,#250,#251,#252,#253,#254,#255,#256,
    #257,#258,#259,#260,#261,#262,#263,#264,#265,#266,#267,#268,#269,
    #270,#271,#272,#273,#274,#275,#276,#277,#278,#279,#280,#281,#282,
    #283,#284,#285,#286,#287,#288,#289,#290,#291,#292,#293,#294,#295,
    #296,#297,#298,#299,#300,#301,#302,#303,#304,#305,#306,#307,#308,
    #309,#310,#311,#312,#313,#314,#315,#316,#317,#318,#319,#320,#321,
    #322,#323,#324,#325,#326,#327,#328,#329,#330,#331,#332,#333,#334,
    #335,#336,#337,#338,#339,#340,#341,#342,#343,#344,#345,#346,#347,
    #348,#349,#350,#351),.UNSPECIFIED.,.F.,.F.,(9,7,7,7,7,7,7,7,7,7,7,7,
    7,7,7,7,9),(0.,0.106991883795,0.214175378112,0.319846282917,
    0.422847325799,0.52449744428,0.626023471327,0.728515848074,
    0.832679324343,0.890287816523,0.946887875191,0.970772527995,
    0.984448479132,0.992164730063,0.996269955092,0.998520299418,1.),
  .UNSPECIFIED.);
#238 = CARTESIAN_POINT('',(114.18591921838,-60.22246298137,
    65.429697247233));
#239 = CARTESIAN_POINT('',(114.04168504442,-60.22135359386,
    65.430167453605));
#240 = CARTESIAN_POINT('',(113.89624218491,-60.21935083179,
    65.434244385444));
#241 = CARTESIAN_POINT('',(113.74968044809,-60.21642857712,
    65.442034967388));
#242 = CARTESIAN_POINT('',(113.60209705115,-60.21256129467,
    65.453642554943));
#243 = CARTESIAN_POINT('',(113.4535964203,-60.20772422441,
    65.469165965132));
#244 = CARTESIAN_POINT('',(113.30428999071,-60.20189357361,
    65.488698507148));
#245 = CARTESIAN_POINT('',(113.1542960066,-60.19504670913,
    65.512327013005));
#246 = CARTESIAN_POINT('',(112.85291300556,-60.17926387004,
    65.567984516978));
#247 = CARTESIAN_POINT('',(112.7015219513,-60.17032417803,
    65.600028468828));
#248 = CARTESIAN_POINT('',(112.54969149314,-60.16032187844,
    65.636342573322));
#249 = CARTESIAN_POINT('',(112.39755360384,-60.14923695178,
    65.676999092645));
#250 = CARTESIAN_POINT('',(112.24524626169,-60.13705094855,
    65.722061803864));
#251 = CARTESIAN_POINT('',(112.092912818,-60.12374718364,65.771585101209
    ));
#252 = CARTESIAN_POINT('',(111.94070136457,-60.10931093068,
    65.825613098346));
#253 = CARTESIAN_POINT('',(111.63897099927,-60.07836818805,
    65.941917876007));
#254 = CARTESIAN_POINT('',(111.48944435389,-60.06189378877,
    66.004067485961));
#255 = CARTESIAN_POINT('',(111.34032985426,-60.04429434542,
    66.070659290365));
#256 = CARTESIAN_POINT('',(111.19177697159,-60.02555983265,
    66.141714391051));
#257 = CARTESIAN_POINT('',(111.04393802047,-60.00568239989,
    66.217242788093));
#258 = CARTESIAN_POINT('',(110.89696722016,-59.98465649835,
    66.29724290606));
#259 = CARTESIAN_POINT('',(110.75101975587,-59.96247900808,
    66.381701120258));
#260 = CARTESIAN_POINT('',(110.46513962943,-59.91640916426,
    66.557235562982));
#261 = CARTESIAN_POINT('',(110.32514810588,-59.89257429161,
    66.648090687636));
#262 = CARTESIAN_POINT('',(110.18641995373,-59.86764417545,
    66.743132687949));
#263 = CARTESIAN_POINT('',(110.04909874593,-59.84162055793,
    66.842326292372));
#264 = CARTESIAN_POINT('',(109.9133269976,-59.81450750516,
    66.945625022506));
#265 = CARTESIAN_POINT('',(109.77924521946,-59.78631141757,
    67.052971288811));
#266 = CARTESIAN_POINT('',(109.64699097138,-59.75704104018,
    67.164296486298));
#267 = CARTESIAN_POINT('',(109.38811373687,-59.69677174976,
    67.393234449983));
#268 = CARTESIAN_POINT('',(109.26143959357,-59.66580053886,
    67.510745634669));
#269 = CARTESIAN_POINT('',(109.13680401209,-59.63380443434,
    67.631978460215));
#270 = CARTESIAN_POINT('',(109.01433170081,-59.60079627321,
    67.756846442153));
#271 = CARTESIAN_POINT('',(108.89414279004,-59.56679099542,
    67.885253401186));
#272 = CARTESIAN_POINT('',(108.77635207164,-59.5318055039,
    68.017094068747));
#273 = CARTESIAN_POINT('',(108.6610682387,-59.49585852463,
    68.152254692558));
#274 = CARTESIAN_POINT('',(108.43585556208,-59.4221274404,
    68.428803687328));
#275 = CARTESIAN_POINT('',(108.32592032391,-59.38434564103,
    68.570184284193));
#276 = CARTESIAN_POINT('',(108.21868901724,-59.34564525959,
    68.714634463752));
#277 = CARTESIAN_POINT('',(108.11425634881,-59.30604822526,
    68.862025483917));
#278 = CARTESIAN_POINT('',(108.01270969412,-59.26557779155,
    69.012221855927));
#279 = CARTESIAN_POINT('',(107.91412866585,-59.22425812265,
    69.165082370737));
#280 = CARTESIAN_POINT('',(107.81858468246,-59.18211387969,
    69.320461125412));
#281 = CARTESIAN_POINT('',(107.63281648469,-59.09581698218,
    69.637457452408));
#282 = CARTESIAN_POINT('',(107.54265155461,-59.05164913772,
    69.799120307743));
#283 = CARTESIAN_POINT('',(107.45571054535,-59.00669116555,
    69.963043519602));
#284 = CARTESIAN_POINT('',(107.37204928051,-58.96096854717,
    70.129069566217));
#285 = CARTESIAN_POINT('',(107.29171458953,-58.91450589628,
    70.297038580946));
#286 = CARTESIAN_POINT('',(107.21474428905,-58.86732550125,
    70.466789933261));
#287 = CARTESIAN_POINT('',(107.14116716411,-58.81944586773,
    70.638163809726));
#288 = CARTESIAN_POINT('',(106.99969473386,-58.72152281055,
    70.986659854652));
#289 = CARTESIAN_POINT('',(106.93191167711,-58.67145635351,
    71.163830353212));
#290 = CARTESIAN_POINT('',(106.86767458328,-58.62069546708,
    71.342348797754));
#291 = CARTESIAN_POINT('',(106.80699483178,-58.56924455104,
    71.522054074755));
#292 = CARTESIAN_POINT('',(106.74987456149,-58.5171000908,
    71.702789546497));
#293 = CARTESIAN_POINT('',(106.69630703573,-58.46424411034,
    71.884406684702));
#294 = CARTESIAN_POINT('',(106.64627718822,-58.41062881512,
    72.066772241397));
#295 = CARTESIAN_POINT('',(106.57403692484,-58.32602379622,
    72.350992369998));
#296 = CARTESIAN_POINT('',(106.54938665503,-58.29563154454,
    72.452401976953));
#297 = CARTESIAN_POINT('',(106.52580769997,-58.26495859267,
    72.553989586047));
#298 = CARTESIAN_POINT('',(106.50329552609,-58.23398097833,
    72.655740175802));
#299 = CARTESIAN_POINT('',(106.48184493092,-58.20266805377,
    72.757641851627));
#300 = CARTESIAN_POINT('',(106.46145009881,-58.17097887134,
    72.859687367315));
#301 = CARTESIAN_POINT('',(106.44210468829,-58.13885475525,
    72.961877211477));
#302 = CARTESIAN_POINT('',(106.40581960196,-58.07413284188,
    73.164779726862));
#303 = CARTESIAN_POINT('',(106.38884382876,-58.04155297155,
    73.265486619232));
#304 = CARTESIAN_POINT('',(106.37286812478,-58.00838611875,
    73.366357221608));
#305 = CARTESIAN_POINT('',(106.35788576237,-57.97451347201,
    73.467418982598));
#306 = CARTESIAN_POINT('',(106.3438896873,-57.9397925286,73.568709309044
    ));
#307 = CARTESIAN_POINT('',(106.33087322151,-57.90397024167,
    73.670311198096));
#308 = CARTESIAN_POINT('',(106.31882964994,-57.86673364488,
    73.772332518751));
#309 = CARTESIAN_POINT('',(106.30308211847,-57.81068423838,
    73.918419911238));
#310 = CARTESIAN_POINT('',(106.29858152189,-57.79366311277,
    73.961899422269));
#311 = CARTESIAN_POINT('',(106.29425327473,-57.77619537421,
    74.005528302312));
#312 = CARTESIAN_POINT('',(106.29009719208,-57.75821075686,
    74.049333863579));
#313 = CARTESIAN_POINT('',(106.28611331036,-57.73961280116,
    74.093353933157));
#314 = CARTESIAN_POINT('',(106.2823018875,-57.72027768943,
    74.137637333782));
#315 = CARTESIAN_POINT('',(106.27866357217,-57.70003244024,
    74.18225279369));
#316 = CARTESIAN_POINT('',(106.27321685402,-57.66629408414,74.253125051)
  );
#317 = CARTESIAN_POINT('',(106.27129102725,-57.65361389266,
    74.279077425974));
#318 = CARTESIAN_POINT('',(106.26942282603,-57.64048020196,
    74.305200813325));
#319 = CARTESIAN_POINT('',(106.26761265568,-57.62682505122,
    74.331522580437));
#320 = CARTESIAN_POINT('',(106.26586116773,-57.61255472485,
    74.358080187616));
#321 = CARTESIAN_POINT('',(106.2641692491,-57.59754992837,
    74.384921124797));
#322 = CARTESIAN_POINT('',(106.26253819206,-57.58164459679,
    74.412111504412));
#323 = CARTESIAN_POINT('',(106.26008575739,-57.55489930041,
    74.455372730231));
#324 = CARTESIAN_POINT('',(106.25922134316,-57.54487326001,
    74.471124526123));
#325 = CARTESIAN_POINT('',(106.25837750337,-57.53441377765,
    74.48704607298));
#326 = CARTESIAN_POINT('',(106.25755474782,-57.52345774452,
    74.503162705251));
#327 = CARTESIAN_POINT('',(106.25675386161,-57.51191590442,
    74.519509628298));
#328 = CARTESIAN_POINT('',(106.25597587249,-57.49967552662,
    74.536130865413));
#329 = CARTESIAN_POINT('',(106.25522223043,-57.48657912585,
    74.553087772858));
#330 = CARTESIAN_POINT('',(106.25410900998,-57.46475684108,
    74.579755634389));
#331 = CARTESIAN_POINT('',(106.25373014023,-57.4568553625,
    74.589142121378));
#332 = CARTESIAN_POINT('',(106.25335934272,-57.44858419635,
    74.598673279865));
#333 = CARTESIAN_POINT('',(106.25299708983,-57.43989069468,
    74.608369885976));
#334 = CARTESIAN_POINT('',(106.25264412498,-57.43069961937,
    74.618260713503));
#335 = CARTESIAN_POINT('',(106.25230141959,-57.42091690289,
    74.628381090612));
#336 = CARTESIAN_POINT('',(106.25197033847,-57.41041145571,
    74.638780017596));
#337 = CARTESIAN_POINT('',(106.25147969634,-57.39264084796,
    74.655457083512));
#338 = CARTESIAN_POINT('',(106.25131033788,-57.3860606278,
    74.661470260168));
#339 = CARTESIAN_POINT('',(106.25114568729,-57.37914629979,
    74.667610888223));
#340 = CARTESIAN_POINT('',(106.25098621594,-57.37184863988,
    74.673898010705));
#341 = CARTESIAN_POINT('',(106.25083275249,-57.36409433322,
    74.680358119374));
#342 = CARTESIAN_POINT('',(106.25068638336,-57.35579439258,
    74.687022085331));
#343 = CARTESIAN_POINT('',(106.25054863863,-57.34682563961,
    74.693932139334));
#344 = CARTESIAN_POINT('',(106.2503396865,-57.33042155895,
    74.705945163396));
#345 = CARTESIAN_POINT('',(106.25026258383,-57.32356882229,
    74.710815278771));
#346 = CARTESIAN_POINT('',(106.25019121926,-57.31625915987,
    74.715850220112));
#347 = CARTESIAN_POINT('',(106.25012688039,-57.30835371257,
    74.721104584814));
#348 = CARTESIAN_POINT('',(106.25007086558,-57.29975726571,
    74.726609364424));
#349 = CARTESIAN_POINT('',(106.25002745784,-57.29023291904,
    74.732425070419));
#350 = CARTESIAN_POINT('',(106.25,-57.27965385366,74.738566792542));
#351 = CARTESIAN_POINT('',(106.25,-57.26736793321,74.745204385049));
#352 = TOROIDAL_SURFACE('',#353,70.,8.);
#353 = AXIS2_PLACEMENT_3D('',#354,#355,#356);
#354 = CARTESIAN_POINT('',(114.25,0.,115.));
#355 = DIRECTION('',(-1.,-0.,2.22044604925E-16));
#356 = DIRECTION('',(-2.22044604925E-16,0.,-1.));
#357 = ADVANCED_FACE('',(#358),#412,.T.);
#358 = FACE_BOUND('',#359,.T.);
#359 = EDGE_LOOP('',(#360,#382,#383,#384,#406));
#360 = ORIENTED_EDGE('',*,*,#361,.F.);
#361 = EDGE_CURVE('',#88,#362,#364,.T.);
#362 = VERTEX_POINT('',#363);
#363 = CARTESIAN_POINT('',(113.25281177045,-185.7987951259,
    12.205020892249));
#364 = B_SPLINE_CURVE_WITH_KNOTS('',6,(#365,#366,#367,#368,#369,#370,
    #371,#372,#373,#374,#375,#376,#377,#378,#379,#380,#381),
  .UNSPECIFIED.,.F.,.F.,(7,5,5,7),(-9.00042291895,-5.474960499495E-02,
    146.55481105679,155.50048437074),.UNSPECIFIED.);
#365 = CARTESIAN_POINT('',(114.31401177045,-42.983941416,72.736127650849
    ));
#366 = CARTESIAN_POINT('',(114.30381177045,-44.35664355306,
    72.154317163723));
#367 = CARTESIAN_POINT('',(114.29361177045,-45.72934569011,
    71.572506676598));
#368 = CARTESIAN_POINT('',(114.28341177045,-47.10204782716,
    70.990696189472));
#369 = CARTESIAN_POINT('',(114.27321177045,-48.47474996421,
    70.408885702346));
#370 = CARTESIAN_POINT('',(114.26301177045,-49.84745210127,
    69.827075215221));
#371 = CARTESIAN_POINT('',(114.08564520106,-73.71720394826,
    59.710042849061));
#372 = CARTESIAN_POINT('',(113.91847863168,-96.21425365819,
    50.174820970027));
#373 = CARTESIAN_POINT('',(113.75131206229,-118.7113033681,
    40.639599090994));
#374 = CARTESIAN_POINT('',(113.5841454929,-141.208353078,31.104377211959
    ));
#375 = CARTESIAN_POINT('',(113.41697892352,-163.705402788,
    21.569155332925));
#376 = CARTESIAN_POINT('',(113.23961235413,-187.5751546349,
    11.452122966766));
#377 = CARTESIAN_POINT('',(113.22941235413,-188.947856772,10.87031247964
    ));
#378 = CARTESIAN_POINT('',(113.21921235413,-190.320558909,
    10.288501992515));
#379 = CARTESIAN_POINT('',(113.20901235413,-191.6932610461,
    9.706691505389));
#380 = CARTESIAN_POINT('',(113.19881235413,-193.0659631832,
    9.124881018263));
#381 = CARTESIAN_POINT('',(113.18861235413,-194.4386653202,
    8.543070531138));
#382 = ORIENTED_EDGE('',*,*,#87,.F.);
#383 = ORIENTED_EDGE('',*,*,#71,.F.);
#384 = ORIENTED_EDGE('',*,*,#385,.T.);
#385 = EDGE_CURVE('',#62,#386,#388,.T.);
#386 = VERTEX_POINT('',#387);
#387 = CARTESIAN_POINT('',(115.25243646992,-185.7987951259,
    12.205020892249));
#388 = B_SPLINE_CURVE_WITH_KNOTS('',6,(#389,#390,#391,#392,#393,#394,
    #395,#396,#397,#398,#399,#400,#401,#402,#403,#404,#405),
  .UNSPECIFIED.,.F.,.F.,(7,5,5,7),(-8.890959613726,5.471370022829E-02,
    146.55455944062,155.50023275457),.UNSPECIFIED.);
#389 = CARTESIAN_POINT('',(116.31363646992,-42.983941416,72.736127650849
    ));
#390 = CARTESIAN_POINT('',(116.30343646992,-44.35664355306,
    72.154317163723));
#391 = CARTESIAN_POINT('',(116.29323646992,-45.72934569011,
    71.572506676598));
#392 = CARTESIAN_POINT('',(116.28303646992,-47.10204782716,
    70.990696189472));
#393 = CARTESIAN_POINT('',(116.27283646992,-48.47474996422,
    70.408885702346));
#394 = CARTESIAN_POINT('',(116.26263646992,-49.84745210127,
    69.827075215221));
#395 = CARTESIAN_POINT('',(116.08539499924,-73.70036833379,
    59.717178510025));
#396 = CARTESIAN_POINT('',(115.91835352857,-96.18058242926,
    50.189092291955));
#397 = CARTESIAN_POINT('',(115.75131205789,-118.6607965247,
    40.661006073885));
#398 = CARTESIAN_POINT('',(115.58427058721,-141.1410106201,
    31.132919855815));
#399 = CARTESIAN_POINT('',(115.41722911654,-163.6212247156,
    21.604833637745));
#400 = CARTESIAN_POINT('',(115.23998764586,-187.4741409481,
    11.494936932549));
#401 = CARTESIAN_POINT('',(115.22978764586,-188.8468430852,
    10.913126445424));
#402 = CARTESIAN_POINT('',(115.21958764586,-190.2195452222,
    10.331315958298));
#403 = CARTESIAN_POINT('',(115.20938764586,-191.5922473593,
    9.749505471172));
#404 = CARTESIAN_POINT('',(115.19918764586,-192.9649494963,
    9.167694984047));
#405 = CARTESIAN_POINT('',(115.18898764586,-194.3376516334,
    8.585884496921));
#406 = ORIENTED_EDGE('',*,*,#407,.F.);
#407 = EDGE_CURVE('',#362,#386,#408,.T.);
#408 = LINE('',#409,#410);
#409 = CARTESIAN_POINT('',(105.25,-185.7987951259,12.205020892249));
#410 = VECTOR('',#411,1.);
#411 = DIRECTION('',(1.,0.,-2.22044604925E-16));
#412 = B_SPLINE_SURFACE_WITH_KNOTS('',1,1,(
    (#413,#414)
    ,(#415,#416
  )),.UNSPECIFIED.,.F.,.F.,.F.,(2,2),(2,2),(0.,18.),(0.,1.),
  .PIECEWISE_BEZIER_KNOTS.);
#413 = CARTESIAN_POINT('',(106.25,-51.22015423832,69.245264728095));
#414 = CARTESIAN_POINT('',(105.25,-185.7987951259,12.205020892249));
#415 = CARTESIAN_POINT('',(124.25,-51.22015423832,69.245264728095));
#416 = CARTESIAN_POINT('',(123.25,-185.7987951259,12.205020892249));
#417 = ADVANCED_FACE('',(#418),#536,.T.);
#418 = FACE_BOUND('',#419,.T.);
#419 = EDGE_LOOP('',(#420,#421,#422,#485,#507));
#420 = ORIENTED_EDGE('',*,*,#385,.F.);
#421 = ORIENTED_EDGE('',*,*,#61,.F.);
#422 = ORIENTED_EDGE('',*,*,#423,.T.);
#423 = EDGE_CURVE('',#53,#424,#426,.T.);
#424 = VERTEX_POINT('',#425);
#425 = CARTESIAN_POINT('',(124.22387717864,-58.20964536009,
    74.968876287417));
#426 = B_SPLINE_CURVE_WITH_KNOTS('',8,(#427,#428,#429,#430,#431,#432,
    #433,#434,#435,#436,#437,#438,#439,#440,#441,#442,#443,#444,#445,
    #446,#447,#448,#449,#450,#451,#452,#453,#454,#455,#456,#457,#458,
    #459,#460,#461,#462,#463,#464,#465,#466,#467,#468,#469,#470,#471,
    #472,#473,#474,#475,#476,#477,#478,#479,#480,#481,#482,#483,#484),
  .UNSPECIFIED.,.F.,.F.,(9,7,7,7,7,7,7,7,9),(0.,0.202955060292,
    0.401649457109,0.596447807078,0.796772396684,0.858695805546,
    0.921060854274,0.963383855954,1.),.UNSPECIFIED.);
#427 = CARTESIAN_POINT('',(116.25,-60.22288152261,65.429801885471));
#428 = CARTESIAN_POINT('',(116.5370215746,-60.22441426562,
    65.431664016438));
#429 = CARTESIAN_POINT('',(116.82879757892,-60.22247223293,
    65.447823413599));
#430 = CARTESIAN_POINT('',(117.12461716663,-60.2168510568,
    65.479106343793));
#431 = CARTESIAN_POINT('',(117.42365763143,-60.20735550864,
    65.526281910717));
#432 = CARTESIAN_POINT('',(117.72498441062,-60.19380563148,
    65.590030296174));
#433 = CARTESIAN_POINT('',(118.02755974864,-60.17604311577,
    65.670912621255));
#434 = CARTESIAN_POINT('',(118.33026002049,-60.15393791869,
    65.769342427456));
#435 = CARTESIAN_POINT('',(118.92721100396,-60.10140955146,
    65.999335382193));
#436 = CARTESIAN_POINT('',(119.22150664959,-60.07117061236,
    66.130160225877));
#437 = CARTESIAN_POINT('',(119.51367815424,-60.03658921199,
    66.278257924434));
#438 = CARTESIAN_POINT('',(119.80255999175,-59.99760796561,
    66.443696144752));
#439 = CARTESIAN_POINT('',(120.0869578597,-59.9542070442,66.626363465256
    ));
#440 = CARTESIAN_POINT('',(120.36567761476,-59.90640867427,
    66.825958016013));
#441 = CARTESIAN_POINT('',(120.63755689127,-59.85428029451,
    67.041986898656));
#442 = CARTESIAN_POINT('',(121.16026646759,-59.74269724893,
    67.501020890344));
#443 = CARTESIAN_POINT('',(121.41140572919,-59.68340618617,
    67.74341475051));
#444 = CARTESIAN_POINT('',(121.65388411951,-59.62017034216,
    68.000324502652));
#445 = CARTESIAN_POINT('',(121.88672812049,-59.55314128835,
    68.270949707174));
#446 = CARTESIAN_POINT('',(122.10905374421,-59.48251393607,
    68.554337230108));
#447 = CARTESIAN_POINT('',(122.32008953131,-59.40852714186,
    68.849401341025));
#448 = CARTESIAN_POINT('',(122.51919256811,-59.33146598851,
    69.154949627623));
#449 = CARTESIAN_POINT('',(122.89781797997,-59.16960163991,
    69.793409405911));
#450 = CARTESIAN_POINT('',(123.07662482908,-59.08464132696,
    70.126851358781));
#451 = CARTESIAN_POINT('',(123.24172845537,-58.99714679913,
    70.468663369307));
#452 = CARTESIAN_POINT('',(123.39273209537,-58.90755441037,
    70.817375706988));
#453 = CARTESIAN_POINT('',(123.52940056979,-58.81632896203,
    71.171479779838));
#454 = CARTESIAN_POINT('',(123.65165679321,-58.72411408754,
    71.529402802651));
#455 = CARTESIAN_POINT('',(123.75957032527,-58.63158133825,
    71.889601427315));
#456 = CARTESIAN_POINT('',(123.88231827252,-58.51187621473,
    72.361786593841));
#457 = CARTESIAN_POINT('',(123.9099501439,-58.48371541918,
    72.473328342129));
#458 = CARTESIAN_POINT('',(123.93623569314,-58.45570066923,
    72.584864352039));
#459 = CARTESIAN_POINT('',(123.9611817431,-58.42788153477,
    72.696339241397));
#460 = CARTESIAN_POINT('',(123.98479617618,-58.40031620652,
    72.807694700906));
#461 = CARTESIAN_POINT('',(124.00708785059,-58.37307573449,
    72.918867804442));
#462 = CARTESIAN_POINT('',(124.02806648342,-58.3462520306,73.02978775835
    ));
#463 = CARTESIAN_POINT('',(124.06755884829,-58.29349979377,
    73.251743105214));
#464 = CARTESIAN_POINT('',(124.08605384435,-58.26757916268,
    73.362773165165));
#465 = CARTESIAN_POINT('',(124.10323823831,-58.24233598151,
    73.473376023149));
#466 = CARTESIAN_POINT('',(124.11912341199,-58.21793184828,
    73.583453123134));
#467 = CARTESIAN_POINT('',(124.13372117901,-58.19458352406,
    73.692883618047));
#468 = CARTESIAN_POINT('',(124.14704361781,-58.17258218196,
    73.801516455483));
#469 = CARTESIAN_POINT('',(124.1591026,-58.15234926417,73.909147307577)
  );
#470 = CARTESIAN_POINT('',(124.17724203899,-58.12250122698,
    74.087614257608));
#471 = CARTESIAN_POINT('',(124.18399825232,-58.11156400356,
    74.159157817237));
#472 = CARTESIAN_POINT('',(124.19018076593,-58.10196830611,
    74.229998965798));
#473 = CARTESIAN_POINT('',(124.19579252678,-58.09398791591,
    74.300015187083));
#474 = CARTESIAN_POINT('',(124.20083601579,-58.08796219962,
    74.369055798628));
#475 = CARTESIAN_POINT('',(124.20531295484,-58.08434134484,
    74.436923138459));
#476 = CARTESIAN_POINT('',(124.20922410628,-58.08371530388,
    74.503360538633));
#477 = CARTESIAN_POINT('',(124.21546396293,-58.08941016597,
    74.624056239724));
#478 = CARTESIAN_POINT('',(124.21793498405,-58.094804891,74.678750029434
    ));
#479 = CARTESIAN_POINT('',(124.21998255785,-58.10339885444,
    74.73195665727));
#480 = CARTESIAN_POINT('',(124.22160642499,-58.11567051796,
    74.783465284423));
#481 = CARTESIAN_POINT('',(124.2228061354,-58.13214391294,
    74.833044570783));
#482 = CARTESIAN_POINT('',(124.22358225586,-58.15323537495,
    74.880507507316));
#483 = CARTESIAN_POINT('',(124.22393758854,-58.1791001689,
    74.925776217205));
#484 = CARTESIAN_POINT('',(124.22387717864,-58.20964536009,
    74.968876287417));
#485 = ORIENTED_EDGE('',*,*,#486,.T.);
#486 = EDGE_CURVE('',#424,#487,#489,.T.);
#487 = VERTEX_POINT('',#488);
#488 = CARTESIAN_POINT('',(123.25,-189.2727124528,19.418684551631));
#489 = B_SPLINE_CURVE_WITH_KNOTS('',6,(#490,#491,#492,#493,#494,#495,
    #496,#497,#498,#499,#500,#501,#502,#503,#504,#505,#506),
  .UNSPECIFIED.,.F.,.F.,(7,5,5,7),(-8.890959613726,5.471370022829E-02,
    146.55455944062,155.50023275457),.UNSPECIFIED.);
#490 = CARTESIAN_POINT('',(124.31344882405,-46.15521505775,
    80.078064782805));
#491 = CARTESIAN_POINT('',(124.30324882405,-47.5279171948,79.49625429568
    ));
#492 = CARTESIAN_POINT('',(124.29304882405,-48.90061933185,
    78.914443808554));
#493 = CARTESIAN_POINT('',(124.28284882405,-50.2733214689,
    78.332633321428));
#494 = CARTESIAN_POINT('',(124.27264882405,-51.64602360596,
    77.750822834303));
#495 = CARTESIAN_POINT('',(124.26244882405,-53.01872574301,
    77.169012347177));
#496 = CARTESIAN_POINT('',(124.08520735338,-76.87164197553,
    67.059115641981));
#497 = CARTESIAN_POINT('',(123.9181658827,-99.351856071,57.531029423912)
  );
#498 = CARTESIAN_POINT('',(123.75112441202,-121.8320701664,
    48.002943205841));
#499 = CARTESIAN_POINT('',(123.58408294135,-144.3122842619,
    38.474856987771));
#500 = CARTESIAN_POINT('',(123.41704147067,-166.7924983574,
    28.946770769701));
#501 = CARTESIAN_POINT('',(123.2398,-190.6454145899,18.836874064506));
#502 = CARTESIAN_POINT('',(123.2296,-192.0181167269,18.25506357738));
#503 = CARTESIAN_POINT('',(123.2194,-193.390818864,17.673253090254));
#504 = CARTESIAN_POINT('',(123.2092,-194.763521001,17.091442603129));
#505 = CARTESIAN_POINT('',(123.199,-196.1362231381,16.509632116003));
#506 = CARTESIAN_POINT('',(123.1888,-197.5089252751,15.927821628878));
#507 = ORIENTED_EDGE('',*,*,#508,.F.);
#508 = EDGE_CURVE('',#386,#487,#509,.T.);
#509 = B_SPLINE_CURVE_WITH_KNOTS('',7,(#510,#511,#512,#513,#514,#515,
    #516,#517,#518,#519,#520,#521,#522,#523,#524,#525,#526,#527,#528,
    #529,#530,#531,#532,#533,#534,#535),.UNSPECIFIED.,.F.,.F.,(8,6,6,6,8
    ),(0.,0.246925498661,0.497996622871,0.749070781754,1.),
  .UNSPECIFIED.);
#510 = CARTESIAN_POINT('',(115.25243646992,-185.7987951259,
    12.205020892249));
#511 = CARTESIAN_POINT('',(115.6517537518,-185.7987951259,
    12.205020892249));
#512 = CARTESIAN_POINT('',(116.06063670095,-185.8088959701,
    12.225995511538));
#513 = CARTESIAN_POINT('',(116.47705974607,-185.8299677509,
    12.269751515072));
#514 = CARTESIAN_POINT('',(116.89850506259,-185.8627950674,
    12.337918140177));
#515 = CARTESIAN_POINT('',(117.32195720698,-185.907990051,
    12.431766490716));
#516 = CARTESIAN_POINT('',(117.74401015744,-185.965918388,
    12.552055921984));
#517 = CARTESIAN_POINT('',(118.58516565279,-186.1085456083,
    12.848224396546));
#518 = CARTESIAN_POINT('',(119.00410108161,-186.1936782175,
    13.025004081133));
#519 = CARTESIAN_POINT('',(119.41413104009,-186.2920989674,
    13.229376874159));
#520 = CARTESIAN_POINT('',(119.81131294646,-186.4035500492,
    13.460807430252));
#521 = CARTESIAN_POINT('',(120.19175186804,-186.5274001963,
    13.717984910734));
#522 = CARTESIAN_POINT('',(120.551938471,-186.6626623578,13.998859683148
    ));
#523 = CARTESIAN_POINT('',(121.22598116321,-186.9535134083,
    14.602818112667));
#524 = CARTESIAN_POINT('',(121.53983801679,-187.1091031154,
    14.925903468613));
#525 = CARTESIAN_POINT('',(121.82761354319,-187.2736064265,
    15.267498113934));
#526 = CARTESIAN_POINT('',(122.08698746533,-187.4455112436,
    15.62446214493));
#527 = CARTESIAN_POINT('',(122.31645289302,-187.623131863,
    15.993295161407));
#528 = CARTESIAN_POINT('',(122.51536398735,-187.8047556951,
    16.37044093497));
#529 = CARTESIAN_POINT('',(122.85217501519,-188.1726256792,
    17.134330828185));
#530 = CARTESIAN_POINT('',(122.99011075315,-188.3588696815,
    17.521070483802));
#531 = CARTESIAN_POINT('',(123.0977231605,-188.5458404728,17.90931933252
    ));
#532 = CARTESIAN_POINT('',(123.17585567216,-188.7319768699,
    18.29583554382));
#533 = CARTESIAN_POINT('',(123.22598727738,-188.9158972392,
    18.677750125831));
#534 = CARTESIAN_POINT('',(123.25,-189.0964501804,19.052672171585));
#535 = CARTESIAN_POINT('',(123.25,-189.2727124528,19.418684551631));
#536 = ( BOUNDED_SURFACE() B_SPLINE_SURFACE(2,6,(
    (#537,#538,#539,#540,#541,#542,#543,#544,#545,#546,#547,#548,#549
      ,#550,#551,#552,#553)
    ,(#554,#555,#556,#557,#558,#559,#560,#561,#562,#563,#564,#565,#566
      ,#567,#568,#569,#570)
    ,(#571,#572,#573,#574,#575,#576,#577,#578,#579,#580,#581,#582,#583
      ,#584,#585,#586,#587
)),.UNSPECIFIED.,.F.,.F.,.F.) B_SPLINE_SURFACE_WITH_KNOTS((3,3),(7,5,5,7
    ),(0.,146.49984574039),(-8.890959613726,5.471370022829E-02,
    146.55455944062,155.50023275457),.UNSPECIFIED.) 
GEOMETRIC_REPRESENTATION_ITEM() RATIONAL_B_SPLINE_SURFACE((
    (1.,1.,1.,1.,1.,1.,1.,1.,1.,1.,1.,1.,1.,1.,1.,1.,1.)
    ,(0.707222739782,0.707222739782,0.707222739782,0.707222739782
      ,0.707222739782,0.707222739782,0.707222739782,0.707222739782
      ,0.707222739782,0.707222739782,0.707222739782,0.707222739782
      ,0.707222739782,0.707222739782,0.707222739782,0.707222739782
      ,0.707222739782)
    ,(1.,1.,1.,1.,1.,1.,1.,1.,1.,1.,1.,1.,1.,1.,1.,1.,1.
))) REPRESENTATION_ITEM('') SURFACE() );
#537 = CARTESIAN_POINT('',(116.31363646992,-42.983941416,72.736127650849
    ));
#538 = CARTESIAN_POINT('',(116.30343646992,-44.35664355306,
    72.154317163723));
#539 = CARTESIAN_POINT('',(116.29323646992,-45.72934569011,
    71.572506676598));
#540 = CARTESIAN_POINT('',(116.28303646992,-47.10204782716,
    70.990696189472));
#541 = CARTESIAN_POINT('',(116.27283646992,-48.47474996422,
    70.408885702346));
#542 = CARTESIAN_POINT('',(116.26263646992,-49.84745210127,
    69.827075215221));
#543 = CARTESIAN_POINT('',(116.08539499924,-73.70036833379,
    59.717178510025));
#544 = CARTESIAN_POINT('',(115.91835352857,-96.18058242926,
    50.189092291955));
#545 = CARTESIAN_POINT('',(115.75131205789,-118.6607965247,
    40.661006073885));
#546 = CARTESIAN_POINT('',(115.58427058721,-141.1410106201,
    31.132919855815));
#547 = CARTESIAN_POINT('',(115.41722911654,-163.6212247156,
    21.604833637745));
#548 = CARTESIAN_POINT('',(115.23998764586,-187.4741409481,
    11.494936932549));
#549 = CARTESIAN_POINT('',(115.22978764586,-188.8468430852,
    10.913126445424));
#550 = CARTESIAN_POINT('',(115.21958764586,-190.2195452222,
    10.331315958298));
#551 = CARTESIAN_POINT('',(115.20938764586,-191.5922473593,
    9.749505471172));
#552 = CARTESIAN_POINT('',(115.19918764586,-192.9649494963,
    9.167694984047));
#553 = CARTESIAN_POINT('',(115.18898764586,-194.3376516334,
    8.585884496921));
#554 = CARTESIAN_POINT('',(124.31082568737,-43.03431590024,
    72.71477676749));
#555 = CARTESIAN_POINT('',(124.30062568737,-44.4070180373,
    72.132966280364));
#556 = CARTESIAN_POINT('',(124.29042568737,-45.77972017435,
    71.551155793239));
#557 = CARTESIAN_POINT('',(124.28022568737,-47.1524223114,
    70.969345306113));
#558 = CARTESIAN_POINT('',(124.27002568737,-48.52512444846,
    70.387534818987));
#559 = CARTESIAN_POINT('',(124.25982568737,-49.89782658551,
    69.805724331862));
#560 = CARTESIAN_POINT('',(124.0825842167,-73.75074281803,
    59.695827626666));
#561 = CARTESIAN_POINT('',(123.91554274602,-96.2309569135,
    50.167741408596));
#562 = CARTESIAN_POINT('',(123.74850127534,-118.7111710089,
    40.639655190526));
#563 = CARTESIAN_POINT('',(123.58145980467,-141.1913851044,
    31.111568972456));
#564 = CARTESIAN_POINT('',(123.41441833399,-163.6715991999,
    21.583482754386));
#565 = CARTESIAN_POINT('',(123.23717686331,-187.5245154324,
    11.47358604919));
#566 = CARTESIAN_POINT('',(123.22697686331,-188.8972175694,
    10.891775562065));
#567 = CARTESIAN_POINT('',(123.21677686331,-190.2699197065,
    10.309965074939));
#568 = CARTESIAN_POINT('',(123.20657686331,-191.6426218435,
    9.728154587813));
#569 = CARTESIAN_POINT('',(123.19637686331,-193.0153239806,
    9.146344100688));
#570 = CARTESIAN_POINT('',(123.18617686331,-194.3880261176,
    8.564533613562));
#571 = CARTESIAN_POINT('',(124.31344882405,-46.15521505775,
    80.078064782805));
#572 = CARTESIAN_POINT('',(124.30324882405,-47.5279171948,79.49625429568
    ));
#573 = CARTESIAN_POINT('',(124.29304882405,-48.90061933185,
    78.914443808554));
#574 = CARTESIAN_POINT('',(124.28284882405,-50.2733214689,
    78.332633321428));
#575 = CARTESIAN_POINT('',(124.27264882405,-51.64602360596,
    77.750822834303));
#576 = CARTESIAN_POINT('',(124.26244882405,-53.01872574301,
    77.169012347177));
#577 = CARTESIAN_POINT('',(124.08520735338,-76.87164197553,
    67.059115641981));
#578 = CARTESIAN_POINT('',(123.9181658827,-99.351856071,57.531029423912)
  );
#579 = CARTESIAN_POINT('',(123.75112441202,-121.8320701664,
    48.002943205841));
#580 = CARTESIAN_POINT('',(123.58408294135,-144.3122842619,
    38.474856987771));
#581 = CARTESIAN_POINT('',(123.41704147067,-166.7924983574,
    28.946770769701));
#582 = CARTESIAN_POINT('',(123.2398,-190.6454145899,18.836874064506));
#583 = CARTESIAN_POINT('',(123.2296,-192.0181167269,18.25506357738));
#584 = CARTESIAN_POINT('',(123.2194,-193.390818864,17.673253090254));
#585 = CARTESIAN_POINT('',(123.2092,-194.763521001,17.091442603129));
#586 = CARTESIAN_POINT('',(123.199,-196.1362231381,16.509632116003));
#587 = CARTESIAN_POINT('',(123.1888,-197.5089252751,15.927821628878));
#588 = ADVANCED_FACE('',(#589),#1964,.T.);
#589 = FACE_BOUND('',#590,.T.);
#590 = EDGE_LOOP('',(#591,#654,#663,#670,#671,#694,#703,#787,#826,#903,
    #912,#996,#1035,#1112,#1121,#1205,#1244,#1321,#1330,#1414,#1453,
    #1516,#1525,#1609,#1648,#1711,#1720,#1804,#1841,#1842,#1843,#1927));
#591 = ORIENTED_EDGE('',*,*,#592,.F.);
#592 = EDGE_CURVE('',#593,#595,#597,.T.);
#593 = VERTEX_POINT('',#594);
#594 = CARTESIAN_POINT('',(120.95605428918,0.,38.530606440536));
#595 = VERTEX_POINT('',#596);
#596 = CARTESIAN_POINT('',(124.22387717864,-4.995527454761,
    44.530869282441));
#597 = B_SPLINE_CURVE_WITH_KNOTS('',7,(#598,#599,#600,#601,#602,#603,
    #604,#605,#606,#607,#608,#609,#610,#611,#612,#613,#614,#615,#616,
    #617,#618,#619,#620,#621,#622,#623,#624,#625,#626,#627,#628,#629,
    #630,#631,#632,#633,#634,#635,#636,#637,#638,#639,#640,#641,#642,
    #643,#644,#645,#646,#647,#648,#649,#650,#651,#652,#653),
  .UNSPECIFIED.,.F.,.F.,(8,6,6,6,6,6,6,6,6,8),(0.,0.163067867256,
    0.324397675294,0.489152288596,0.657272190618,0.761884589986,
    0.867098602208,0.93826204004,0.995771736901,1.),.UNSPECIFIED.);
#598 = CARTESIAN_POINT('',(120.95605428918,8.881784197001E-16,
    38.530606440536));
#599 = CARTESIAN_POINT('',(121.10209954553,-8.225764633206E-02,
    38.636844668078));
#600 = CARTESIAN_POINT('',(121.24558320443,-0.167556120481,
    38.747204502057));
#601 = CARTESIAN_POINT('',(121.38630437994,-0.255808951514,
    38.861588590455));
#602 = CARTESIAN_POINT('',(121.52407007661,-0.346917091095,
    38.979882809589));
#603 = CARTESIAN_POINT('',(121.65869712207,-0.440770111236,
    39.101957136393));
#604 = CARTESIAN_POINT('',(121.79001409947,-0.537247402046,
    39.227666520692));
#605 = CARTESIAN_POINT('',(122.04434977976,-0.734136443996,
    39.484660073138));
#606 = CARTESIAN_POINT('',(122.1674420476,-0.834495326506,
    39.615870600312));
#607 = CARTESIAN_POINT('',(122.28698712209,-0.937170718882,
    39.75032923274));
#608 = CARTESIAN_POINT('',(122.40284528395,-1.042028807595,
    39.887868590222));
#609 = CARTESIAN_POINT('',(122.51489107149,-1.148929033071,
    40.028309065533));
#610 = CARTESIAN_POINT('',(122.62301429604,-1.257725859051,
    40.17145987133));
#611 = CARTESIAN_POINT('',(122.833437859,-1.481161933217,40.465872464629
    ));
#612 = CARTESIAN_POINT('',(122.9355658729,-1.595876162691,
    40.617242090501));
#613 = CARTESIAN_POINT('',(123.0334047837,-1.712255073147,
    40.771014272231));
#614 = CARTESIAN_POINT('',(123.12687203252,-1.830136875806,
    40.926964387747));
#615 = CARTESIAN_POINT('',(123.21590281851,-1.949358901361,
    41.084856900603));
#616 = CARTESIAN_POINT('',(123.30045010051,-2.069760351013,
    41.244444375211));
#617 = CARTESIAN_POINT('',(123.46215388672,-2.315089972942,
    41.569777657472));
#618 = CARTESIAN_POINT('',(123.53912409947,-2.44006049984,41.73558216125
    ));
#619 = CARTESIAN_POINT('',(123.61136396852,-2.565930537269,
    41.902603891829));
#620 = CARTESIAN_POINT('',(123.67886106257,-2.692540868245,
    42.070545903841));
#621 = CARTESIAN_POINT('',(123.74162121242,-2.819740351663,
    42.239095313968));
#622 = CARTESIAN_POINT('',(123.79966729882,-2.947394448598,42.4079016491
    ));
#623 = CARTESIAN_POINT('',(123.88624688368,-3.155053035394,
    42.681456585881));
#624 = CARTESIAN_POINT('',(123.91764584175,-3.234841546536,
    42.786314777547));
#625 = CARTESIAN_POINT('',(123.94724346458,-3.314741964813,
    42.890998352093));
#626 = CARTESIAN_POINT('',(123.97505118009,-3.394735477293,
    42.995386083977));
#627 = CARTESIAN_POINT('',(124.00108252007,-3.474809615596,
    43.099339209893));
#628 = CARTESIAN_POINT('',(124.02535284974,-3.554963335431,
    43.20268438204));
#629 = CARTESIAN_POINT('',(124.07053462229,-3.715931511024,
    43.408266575073));
#630 = CARTESIAN_POINT('',(124.09142582614,-3.796746703646,
    43.510493212154));
#631 = CARTESIAN_POINT('',(124.11056981988,-3.877683660576,
    43.611614390384));
#632 = CARTESIAN_POINT('',(124.12798511504,-3.958784683038,
    43.711314754537));
#633 = CARTESIAN_POINT('',(124.14369095212,-4.040130579611,
    43.809149127276));
#634 = CARTESIAN_POINT('',(124.15770689873,-4.121855238744,
    43.904492491863));
#635 = CARTESIAN_POINT('',(124.17839824322,-4.259982080892,
    44.058181856068));
#636 = CARTESIAN_POINT('',(124.18598110599,-4.316018762526,
    44.118513667636));
#637 = CARTESIAN_POINT('',(124.19280391551,-4.372452844514,
    44.17680886173));
#638 = CARTESIAN_POINT('',(124.19887114416,-4.429410625704,
    44.232579368663));
#639 = CARTESIAN_POINT('',(124.20418636185,-4.487056671185,
    44.285197744286));
#640 = CARTESIAN_POINT('',(124.20875103172,-4.545645542477,
    44.333716457191));
#641 = CARTESIAN_POINT('',(124.21564782065,-4.653845881979,
    44.411964767875));
#642 = CARTESIAN_POINT('',(124.21824026433,-4.703022846296,
    44.443514236368));
#643 = CARTESIAN_POINT('',(124.22034262979,-4.753179410738,
    44.471032743827));
#644 = CARTESIAN_POINT('',(124.22195453439,-4.804491030295,
    44.493856858683));
#645 = CARTESIAN_POINT('',(124.22307531088,-4.857151459032,
    44.511250011595));
#646 = CARTESIAN_POINT('',(124.22370713456,-4.911255774744,
    44.522820559345));
#647 = CARTESIAN_POINT('',(124.22386648843,-4.970869231343,
    44.528993199671));
#648 = CARTESIAN_POINT('',(124.22387478916,-4.974959705846,
    44.529384481035));
#649 = CARTESIAN_POINT('',(124.22388047913,-4.979057887193,
    44.529744296365));
#650 = CARTESIAN_POINT('',(124.22388356062,-4.983163766366,
    44.53007265656));
#651 = CARTESIAN_POINT('',(124.22388403603,-4.987277331287,
    44.530369583662));
#652 = CARTESIAN_POINT('',(124.22388190784,-4.991398566818,
    44.530635110849));
#653 = CARTESIAN_POINT('',(124.22387717864,-4.995527454761,
    44.530869282441));
#654 = ORIENTED_EDGE('',*,*,#655,.T.);
#655 = EDGE_CURVE('',#593,#656,#658,.T.);
#656 = VERTEX_POINT('',#657);
#657 = CARTESIAN_POINT('',(124.25,0.,45.));
#658 = CIRCLE('',#659,8.);
#659 = AXIS2_PLACEMENT_3D('',#660,#661,#662);
#660 = CARTESIAN_POINT('',(116.25,0.,45.));
#661 = DIRECTION('',(0.,-1.,-0.));
#662 = DIRECTION('',(-2.22044604925E-16,0.,-1.));
#663 = ORIENTED_EDGE('',*,*,#664,.F.);
#664 = EDGE_CURVE('',#656,#656,#665,.T.);
#665 = CIRCLE('',#666,70.);
#666 = AXIS2_PLACEMENT_3D('',#667,#668,#669);
#667 = CARTESIAN_POINT('',(124.25,0.,115.));
#668 = DIRECTION('',(1.,0.,-2.22044604925E-16));
#669 = DIRECTION('',(-2.22044604925E-16,0.,-1.));
#670 = ORIENTED_EDGE('',*,*,#655,.F.);
#671 = ORIENTED_EDGE('',*,*,#672,.F.);
#672 = EDGE_CURVE('',#673,#593,#675,.T.);
#673 = VERTEX_POINT('',#674);
#674 = CARTESIAN_POINT('',(116.25,1.207189010222,37.009342260155));
#675 = B_SPLINE_CURVE_WITH_KNOTS('',5,(#676,#677,#678,#679,#680,#681,
    #682,#683,#684,#685,#686,#687,#688,#689,#690,#691,#692,#693),
  .UNSPECIFIED.,.F.,.F.,(6,4,4,4,6),(0.,0.252563344198,0.504271063371,
    0.754071349208,1.),.UNSPECIFIED.);
#676 = CARTESIAN_POINT('',(116.25,1.207189010222,37.009342260155));
#677 = CARTESIAN_POINT('',(116.482478801,1.205235750079,37.009312026352)
  );
#678 = CARTESIAN_POINT('',(116.71836878132,1.196816258425,
    37.017627540194));
#679 = CARTESIAN_POINT('',(116.95715443035,1.18155352377,37.034779374709
    ));
#680 = CARTESIAN_POINT('',(117.1982145076,1.159107215412,37.061218110197
    ));
#681 = CARTESIAN_POINT('',(117.68263230414,1.099414132704,
    37.133280573802));
#682 = CARTESIAN_POINT('',(117.92597953718,1.062217784844,
    37.178838974874));
#683 = CARTESIAN_POINT('',(118.17016974632,1.017356191491,
    37.234348822881));
#684 = CARTESIAN_POINT('',(118.41440481552,0.964637441104,
    37.300089641846));
#685 = CARTESIAN_POINT('',(118.8994126547,0.843770001038,37.451767537089
    ));
#686 = CARTESIAN_POINT('',(119.14019778203,0.775741271497,
    37.537547789442));
#687 = CARTESIAN_POINT('',(119.37935292655,0.699801272849,
    37.633710577553));
#688 = CARTESIAN_POINT('',(119.61599213428,0.615965363362,37.74028777836
    ));
#689 = CARTESIAN_POINT('',(120.07885628946,0.43418526179,37.972233890174
    ));
#690 = CARTESIAN_POINT('',(120.30518598424,0.336479831211,
    38.097286001173));
#691 = CARTESIAN_POINT('',(120.52737782797,0.231374021384,
    38.232216324162));
#692 = CARTESIAN_POINT('',(120.74459307178,0.119102136345,
    38.376782444517));
#693 = CARTESIAN_POINT('',(120.95605428918,-1.422906488477E-15,
    38.530606440536));
#694 = ORIENTED_EDGE('',*,*,#695,.T.);
#695 = EDGE_CURVE('',#673,#696,#698,.T.);
#696 = VERTEX_POINT('',#697);
#697 = CARTESIAN_POINT('',(116.25,32.751238480518,44.20906570759));
#698 = CIRCLE('',#699,78.);
#699 = AXIS2_PLACEMENT_3D('',#700,#701,#702);
#700 = CARTESIAN_POINT('',(116.25,0.,115.));
#701 = DIRECTION('',(1.,0.,-2.22044604925E-16));
#702 = DIRECTION('',(-2.22044604925E-16,0.,-1.));
#703 = ORIENTED_EDGE('',*,*,#704,.F.);
#704 = EDGE_CURVE('',#705,#696,#707,.T.);
#705 = VERTEX_POINT('',#706);
#706 = CARTESIAN_POINT('',(124.22387717864,35.076224643589,
    53.676985206269));
#707 = B_SPLINE_CURVE_WITH_KNOTS('',8,(#708,#709,#710,#711,#712,#713,
    #714,#715,#716,#717,#718,#719,#720,#721,#722,#723,#724,#725,#726,
    #727,#728,#729,#730,#731,#732,#733,#734,#735,#736,#737,#738,#739,
    #740,#741,#742,#743,#744,#745,#746,#747,#748,#749,#750,#751,#752,
    #753,#754,#755,#756,#757,#758,#759,#760,#761,#762,#763,#764,#765,
    #766,#767,#768,#769,#770,#771,#772,#773,#774,#775,#776,#777,#778,
    #779,#780,#781,#782,#783,#784,#785,#786),.UNSPECIFIED.,.F.,.F.,(9,7,
    7,7,7,7,7,7,7,7,7,9),(0.,2.958550655082E-02,5.811163681923E-02,
    0.107608388069,0.221635307737,0.334457174808,0.444601065781,
    0.553062152465,0.662398323602,0.77359060305,0.88682055978,1.),
  .UNSPECIFIED.);
#708 = CARTESIAN_POINT('',(124.22387717864,35.076224643589,
    53.676985206269));
#709 = CARTESIAN_POINT('',(124.22392598853,35.038879331389,
    53.656318122957));
#710 = CARTESIAN_POINT('',(124.22370338753,35.003672744398,
    53.633049441546));
#711 = CARTESIAN_POINT('',(124.22320672103,34.970642212662,
    53.607146740682));
#712 = CARTESIAN_POINT('',(124.2224342624,34.939751448798,
    53.578660500756));
#713 = CARTESIAN_POINT('',(124.22138526479,34.910882731991,
    53.547733027324));
#714 = CARTESIAN_POINT('',(124.22005960417,34.883868843988,
    53.514562170483));
#715 = CARTESIAN_POINT('',(124.21845735454,34.858531649816,
    53.479357470013));
#716 = CARTESIAN_POINT('',(124.21476718989,34.811710335468,
    53.406621225356));
#717 = CARTESIAN_POINT('',(124.21269870004,34.790120734261,
    53.369217552017));
#718 = CARTESIAN_POINT('',(124.21037322923,34.769765839554,
    53.330300922929));
#719 = CARTESIAN_POINT('',(124.20779081607,34.75049073368,
    53.290051200159));
#720 = CARTESIAN_POINT('',(124.20495136378,34.73215511601,
    53.248631286441));
#721 = CARTESIAN_POINT('',(124.20185458087,34.7146380295,53.206181790104
    ));
#722 = CARTESIAN_POINT('',(124.19849997396,34.69783735181,
    53.162821589487));
#723 = CARTESIAN_POINT('',(124.18861770098,34.653601154284,
    53.042017982113));
#724 = CARTESIAN_POINT('',(124.18157041728,34.627428129708,
    52.962952358297));
#725 = CARTESIAN_POINT('',(124.17374168826,34.6026830821,52.881995749178
    ));
#726 = CARTESIAN_POINT('',(124.16512688543,34.579043979246,
    52.799529687489));
#727 = CARTESIAN_POINT('',(124.15572063389,34.556282460364,
    52.715830633745));
#728 = CARTESIAN_POINT('',(124.14551718218,34.534230153033,
    52.631107680787));
#729 = CARTESIAN_POINT('',(124.13451061353,34.512757498564,
    52.545526244068));
#730 = CARTESIAN_POINT('',(124.09547473605,34.443404332805,52.2603866451
    ));
#731 = CARTESIAN_POINT('',(124.06396091909,34.397592585743,
    52.057702086737));
#732 = CARTESIAN_POINT('',(124.02808107008,34.353114361504,
    51.852779819741));
#733 = CARTESIAN_POINT('',(123.98776378156,34.309554190436,
    51.646355910861));
#734 = CARTESIAN_POINT('',(123.94294748721,34.266604168986,
    51.439059053298));
#735 = CARTESIAN_POINT('',(123.89358086412,34.224125041769,
    51.231340828558));
#736 = CARTESIAN_POINT('',(123.83962534991,34.182015303673,
    51.023620171362));
#737 = CARTESIAN_POINT('',(123.72310520581,34.098877583394,
    50.611101464168));
#738 = CARTESIAN_POINT('',(123.66063783492,34.057842545037,
    50.406297165308));
#739 = CARTESIAN_POINT('',(123.59362964591,34.017071881222,
    50.202210723649));
#740 = CARTESIAN_POINT('',(123.52206984771,33.976553942226,
    49.999167101838));
#741 = CARTESIAN_POINT('',(123.44596199849,33.936299035094,
    49.797472431605));
#742 = CARTESIAN_POINT('',(123.36532479532,33.896329581043,
    49.597422690211));
#743 = CARTESIAN_POINT('',(123.28019254696,33.856675451406,
    49.399306365797));
#744 = CARTESIAN_POINT('',(123.10316434569,33.779006373254,
    49.012145927542));
#745 = CARTESIAN_POINT('',(123.01147697048,33.740974586584,
    48.822998398018));
#746 = CARTESIAN_POINT('',(122.91559959431,33.70331403797,
    48.636217239075));
#747 = CARTESIAN_POINT('',(122.81559331347,33.666064461074,
    48.452054064014));
#748 = CARTESIAN_POINT('',(122.71153362823,33.629269068965,
    48.27075244726));
#749 = CARTESIAN_POINT('',(122.60351014095,33.592973215716,
    48.092546988203));
#750 = CARTESIAN_POINT('',(122.49162625421,33.557223058015,
    47.917662375042));
#751 = CARTESIAN_POINT('',(122.26213806615,33.48744254057,
    47.577580446697));
#752 = CARTESIAN_POINT('',(122.14464724302,33.453394304056,
    47.412275803359));
#753 = CARTESIAN_POINT('',(122.02363767043,33.419963428037,
    47.250602553295));
#754 = CARTESIAN_POINT('',(121.89923322234,33.387193586488,
    47.092753966002));
#755 = CARTESIAN_POINT('',(121.77156933509,33.355127601425,
    46.938911437317));
#756 = CARTESIAN_POINT('',(121.6407919667,33.32380683779,46.789243380964
    ));
#757 = CARTESIAN_POINT('',(121.50705655619,33.293270598323,
    46.643904120087));
#758 = CARTESIAN_POINT('',(121.23289586332,33.233600691711,
    46.36102486102));
#759 = CARTESIAN_POINT('',(121.09242523145,33.204480319902,
    46.223557164841));
#760 = CARTESIAN_POINT('',(120.9492827625,33.176232096854,
    46.090772561788));
#761 = CARTESIAN_POINT('',(120.80364463438,33.148890957634,
    45.962797998846));
#762 = CARTESIAN_POINT('',(120.65569398022,33.122488779457,
    45.839744086129));
#763 = CARTESIAN_POINT('',(120.50561934085,33.0970540826,45.721704684551
    ));
#764 = CARTESIAN_POINT('',(120.35361311728,33.072611731313,
    45.608756493505));
#765 = CARTESIAN_POINT('',(120.04351696173,33.025355802066,
    45.391330789954));
#766 = CARTESIAN_POINT('',(119.88536744704,33.002576908415,
    45.287029577997));
#767 = CARTESIAN_POINT('',(119.72562630912,32.980868104342,
    45.188117659524));
#768 = CARTESIAN_POINT('',(119.56450056442,32.960247302349,
    45.094638839239));
#769 = CARTESIAN_POINT('',(119.40219779209,32.940728190499,
    45.006618639921));
#770 = CARTESIAN_POINT('',(119.23892451026,32.922320246057,
    44.924064872662));
#771 = CARTESIAN_POINT('',(119.07488455231,32.90502874911,
    44.846968207099));
#772 = CARTESIAN_POINT('',(118.74265379216,32.872384444161,
    44.702323955774));
#773 = CARTESIAN_POINT('',(118.57444191288,32.85707297225,
    44.634977254112));
#774 = CARTESIAN_POINT('',(118.40585276356,32.842921665099,
    44.57323563769));
#775 = CARTESIAN_POINT('',(118.23709244004,32.829927342434,
    44.517054402713));
#776 = CARTESIAN_POINT('',(118.06836099781,32.81808265084,
    44.466372548931));
#777 = CARTESIAN_POINT('',(117.89985127401,32.807376355511,
    44.421114188025));
#778 = CARTESIAN_POINT('',(117.73174770944,32.797793632008,
    44.381189951985));
#779 = CARTESIAN_POINT('',(117.39677737035,32.780842866068,
    44.311822328311));
#780 = CARTESIAN_POINT('',(117.22991003543,32.773473846975,
    44.282374301516));
#781 = CARTESIAN_POINT('',(117.06379814349,32.767191252382,
    44.258053108758));
#782 = CARTESIAN_POINT('',(116.89860706367,32.761973795793,
    44.238745661112));
#783 = CARTESIAN_POINT('',(116.73449216455,32.757797348927,
    44.224328597443));
#784 = CARTESIAN_POINT('',(116.57159842236,32.754635338069,
    44.214669888777));
#785 = CARTESIAN_POINT('',(116.41006002896,32.752459140433,
    44.209630442671));
#786 = CARTESIAN_POINT('',(116.25,32.751238480518,44.20906570759));
#787 = ORIENTED_EDGE('',*,*,#788,.F.);
#788 = EDGE_CURVE('',#789,#705,#791,.T.);
#789 = VERTEX_POINT('',#790);
#790 = CARTESIAN_POINT('',(124.22387717864,51.980324514194,
    67.157555016087));
#791 = B_SPLINE_CURVE_WITH_KNOTS('',5,(#792,#793,#794,#795,#796,#797,
    #798,#799,#800,#801,#802,#803,#804,#805,#806,#807,#808,#809,#810,
    #811,#812,#813,#814,#815,#816,#817,#818,#819,#820,#821,#822,#823,
    #824,#825),.UNSPECIFIED.,.F.,.F.,(6,4,4,4,4,4,4,4,6),(0.,
    0.124082905037,0.247797775406,0.371191805937,0.494386485865,
    0.617616256264,0.74095568179,0.864645388834,1.),.UNSPECIFIED.);
#792 = CARTESIAN_POINT('',(124.223967314,52.032650806089,67.216115810447
    ));
#793 = CARTESIAN_POINT('',(124.22333735725,51.668523536812,
    66.80809524374));
#794 = CARTESIAN_POINT('',(124.22274810418,51.30048613892,
    66.404557499026));
#795 = CARTESIAN_POINT('',(124.22219909628,50.928602755685,
    66.005468107798));
#796 = CARTESIAN_POINT('',(124.22168995985,50.552927763311,
    65.610800648225));
#797 = CARTESIAN_POINT('',(124.22075224485,49.795209158766,
    64.831430379827));
#798 = CARTESIAN_POINT('',(124.22032342915,49.413188119779,
    64.446701290234));
#799 = CARTESIAN_POINT('',(124.21993366929,49.027487276217,
    64.066330982298));
#800 = CARTESIAN_POINT('',(124.21958273322,48.638144847923,
    63.690306600874));
#801 = CARTESIAN_POINT('',(124.2189589695,47.853259531658,
    62.947899181319));
#802 = CARTESIAN_POINT('',(124.21868594048,47.457735533906,
    62.581493603271));
#803 = CARTESIAN_POINT('',(124.21845118478,47.058652403623,
    62.219396910884));
#804 = CARTESIAN_POINT('',(124.21825457321,46.656037137864,
    61.861606507139));
#805 = CARTESIAN_POINT('',(124.21793772682,45.844442954558,
    61.155213530128));
#806 = CARTESIAN_POINT('',(124.21781736867,45.435475476485,
    60.806597046508));
#807 = CARTESIAN_POINT('',(124.21773486328,45.023031782684,
    60.462277036896));
#808 = CARTESIAN_POINT('',(124.21769016692,44.607130216743,
    60.122259962076));
#809 = CARTESIAN_POINT('',(124.21767638374,43.768320808335,
    59.450757894209));
#810 = CARTESIAN_POINT('',(124.21770731843,43.345411065673,
    59.119275404775));
#811 = CARTESIAN_POINT('',(124.21777607649,42.9190705332,58.792120125694
    ));
#812 = CARTESIAN_POINT('',(124.21788269434,42.489310236321,
    58.469307650323));
#813 = CARTESIAN_POINT('',(124.21817193173,41.622579707801,
    57.832125599748));
#814 = CARTESIAN_POINT('',(124.21835461923,41.185603427374,
    57.51776389238));
#815 = CARTESIAN_POINT('',(124.21857538741,40.74521645663,
    57.207793474668));
#816 = CARTESIAN_POINT('',(124.2188343571,40.301422904392,56.90224018843
    ));
#817 = CARTESIAN_POINT('',(124.21942987492,39.405753838258,
    56.299175541031));
#818 = CARTESIAN_POINT('',(124.21976664236,38.95385893516,
    56.001689673573));
#819 = CARTESIAN_POINT('',(124.22014216169,38.498539384498,
    55.708709307181));
#820 = CARTESIAN_POINT('',(124.22055665447,38.039791897805,
    55.420273194989));
#821 = CARTESIAN_POINT('',(124.22150693366,37.071839057448,
    54.825812657653));
#822 = CARTESIAN_POINT('',(124.22205047321,36.561955282963,
    54.520695039164));
#823 = CARTESIAN_POINT('',(124.22264138674,36.047947713455,
    54.221135470961));
#824 = CARTESIAN_POINT('',(124.2232801318,35.529800806187,
    53.927206997875));
#825 = CARTESIAN_POINT('',(124.223967314,35.007488395265,53.639001846415
    ));
#826 = ORIENTED_EDGE('',*,*,#827,.F.);
#827 = EDGE_CURVE('',#828,#789,#830,.T.);
#828 = VERTEX_POINT('',#829);
#829 = CARTESIAN_POINT('',(116.25,61.728221596189,67.317438632433));
#830 = B_SPLINE_CURVE_WITH_KNOTS('',8,(#831,#832,#833,#834,#835,#836,
    #837,#838,#839,#840,#841,#842,#843,#844,#845,#846,#847,#848,#849,
    #850,#851,#852,#853,#854,#855,#856,#857,#858,#859,#860,#861,#862,
    #863,#864,#865,#866,#867,#868,#869,#870,#871,#872,#873,#874,#875,
    #876,#877,#878,#879,#880,#881,#882,#883,#884,#885,#886,#887,#888,
    #889,#890,#891,#892,#893,#894,#895,#896,#897,#898,#899,#900,#901,
    #902),.UNSPECIFIED.,.F.,.F.,(9,7,7,7,7,7,7,7,7,7,9),(0.,
    0.117996632388,0.236003966699,0.351596736804,0.465003684803,
    0.57818583098,0.693226195263,0.811411807256,0.929420196866,
    0.971618651607,1.),.UNSPECIFIED.);
#831 = CARTESIAN_POINT('',(116.25,61.728221596189,67.317438632433));
#832 = CARTESIAN_POINT('',(116.41687296537,61.727364401033,
    67.316328936749));
#833 = CARTESIAN_POINT('',(116.58535281787,61.721534286929,
    67.315288954234));
#834 = CARTESIAN_POINT('',(116.75530018064,61.710563921192,
    67.314321685703));
#835 = CARTESIAN_POINT('',(116.92656244027,61.694292691808,
    67.313430602139));
#836 = CARTESIAN_POINT('',(117.09897424943,61.672568743644,
    67.312619679904));
#837 = CARTESIAN_POINT('',(117.27235802942,61.645251014667,
    67.311893435954));
#838 = CARTESIAN_POINT('',(117.4465244728,61.612211272156,67.31125696305
    ));
#839 = CARTESIAN_POINT('',(117.79603746826,61.534457499832,
    67.310174917831));
#840 = CARTESIAN_POINT('',(117.97138418104,61.489742452356,
    67.309729366623));
#841 = CARTESIAN_POINT('',(118.14711303733,61.439077464175,
    67.309384979408));
#842 = CARTESIAN_POINT('',(118.32301273228,61.382364108072,
    67.30914805406));
#843 = CARTESIAN_POINT('',(118.49886231036,61.319520795726,
    67.309025476235));
#844 = CARTESIAN_POINT('',(118.67443267279,61.250484501515,
    67.309024677337));
#845 = CARTESIAN_POINT('',(118.84948808476,61.17521248632,67.30915359249
    ));
#846 = CARTESIAN_POINT('',(119.19452091301,61.013823721399,
    67.309682180858));
#847 = CARTESIAN_POINT('',(119.36452906684,60.927960377395,
    67.31007626168));
#848 = CARTESIAN_POINT('',(119.53358606148,60.836074036589,
    67.310610697653));
#849 = CARTESIAN_POINT('',(119.70146137942,60.738165145211,
    67.311293758653));
#850 = CARTESIAN_POINT('',(119.86792207988,60.634255098101,
    67.31213399719));
#851 = CARTESIAN_POINT('',(120.03273481007,60.524386788359,
    67.313140097846));
#852 = CARTESIAN_POINT('',(120.19566781661,60.408625157002,
    67.314320726722));
#853 = CARTESIAN_POINT('',(120.51427694534,60.167789128937,
    67.317022248766));
#854 = CARTESIAN_POINT('',(120.67003216385,60.042932160275,
    67.318536287393));
#855 = CARTESIAN_POINT('',(120.82354316792,59.912568913322,
    67.320234459192));
#856 = CARTESIAN_POINT('',(120.97459819801,59.776802309989,
    67.322124577482));
#857 = CARTESIAN_POINT('',(121.12299099143,59.635755385044,
    67.324214047286));
#858 = CARTESIAN_POINT('',(121.2685225943,59.489570553751,
    67.326509606157));
#859 = CARTESIAN_POINT('',(121.41100317352,59.3384088795,67.329017065005
    ));
#860 = CARTESIAN_POINT('',(121.68922845312,59.026798955435,67.3344596332
    ));
#861 = CARTESIAN_POINT('',(121.82498603715,58.866369597509,
    67.33739390482));
#862 = CARTESIAN_POINT('',(121.95734844647,58.701338764724,
    67.340548334319));
#863 = CARTESIAN_POINT('',(122.08614864111,58.531901408966,
    67.343926304327));
#864 = CARTESIAN_POINT('',(122.21123180511,58.358268338824,
    67.347529616025));
#865 = CARTESIAN_POINT('',(122.33245647638,58.180664621458,
    67.351357995605));
#866 = CARTESIAN_POINT('',(122.4496956764,57.999327984468,
    67.355408600731));
#867 = CARTESIAN_POINT('',(122.67783796853,57.62665207411,
    67.364012507419));
#868 = CARTESIAN_POINT('',(122.78860538237,57.435197422479,
    67.368572903392));
#869 = CARTESIAN_POINT('',(122.89502311814,57.240404291331,
    67.373350520878));
#870 = CARTESIAN_POINT('',(122.99699027249,57.042545652736,
    67.37833530722));
#871 = CARTESIAN_POINT('',(123.09442289422,56.841904105183,
    67.383513072618));
#872 = CARTESIAN_POINT('',(123.18725429738,56.638770380518,
    67.38886408868));
#873 = CARTESIAN_POINT('',(123.2754349955,56.43344267501,67.394360564057
    ));
#874 = CARTESIAN_POINT('',(123.44471236535,56.013345572681,
    67.405718602888));
#875 = CARTESIAN_POINT('',(123.52554943135,55.798471500003,
    67.411586113609));
#876 = CARTESIAN_POINT('',(123.60140798307,55.581936779776,
    67.417521807067));
#877 = CARTESIAN_POINT('',(123.67227121757,55.364080878067,
    67.423470760851));
#878 = CARTESIAN_POINT('',(123.73814046083,55.145256411224,
    67.429354763017));
#879 = CARTESIAN_POINT('',(123.79903431971,54.925828168448,
    67.435070206255));
#880 = CARTESIAN_POINT('',(123.85498737515,54.706185478925,
    67.44046755026));
#881 = CARTESIAN_POINT('',(123.95703258974,54.267719759162,
    67.450093101285));
#882 = CARTESIAN_POINT('',(124.00313785653,54.048903468,67.454321694155)
  );
#883 = CARTESIAN_POINT('',(124.04441459167,53.830785264217,
    67.457715586646));
#884 = CARTESIAN_POINT('',(124.08092514311,53.61391704068,67.45986231865
    ));
#885 = CARTESIAN_POINT('',(124.11274414848,53.398898137487,
    67.460270986589));
#886 = CARTESIAN_POINT('',(124.13995199445,53.186770219228,
    67.457813810392));
#887 = CARTESIAN_POINT('',(124.16263875496,52.978724656944,
    67.451136428684));
#888 = CARTESIAN_POINT('',(124.18738725269,52.707184258764,
    67.429205270618));
#889 = CARTESIAN_POINT('',(124.19333588724,52.636689599308,
    67.422216601622));
#890 = CARTESIAN_POINT('',(124.19871750777,52.567402039043,
    67.413777272437));
#891 = CARTESIAN_POINT('',(124.20353449853,52.499551293248,
    67.403578530461));
#892 = CARTESIAN_POINT('',(124.20778862079,52.433419881086,
    67.391239802762));
#893 = CARTESIAN_POINT('',(124.21148065876,52.369378447081,
    67.376259113354));
#894 = CARTESIAN_POINT('',(124.21461038895,52.307891323436,
    67.358005196406));
#895 = CARTESIAN_POINT('',(124.21890429939,52.21010809442,
    67.320933830349));
#896 = CARTESIAN_POINT('',(124.22037651645,52.172155782682,
    67.304258114405));
#897 = CARTESIAN_POINT('',(124.22159419548,52.135715522313,
    67.285620511211));
#898 = CARTESIAN_POINT('',(124.22255730249,52.100931004955,
    67.264829018673));
#899 = CARTESIAN_POINT('',(124.22326601456,52.067934950932,
    67.241707519954));
#900 = CARTESIAN_POINT('',(124.22372106115,52.036821651208,
    67.216133843435));
#901 = CARTESIAN_POINT('',(124.22392400155,52.007625019935,
    67.188070202079));
#902 = CARTESIAN_POINT('',(124.22387717864,51.980324514194,
    67.157555016087));
#903 = ORIENTED_EDGE('',*,*,#904,.T.);
#904 = EDGE_CURVE('',#828,#905,#907,.T.);
#905 = VERTEX_POINT('',#906);
#906 = CARTESIAN_POINT('',(116.25,75.766644293978,96.468523738518));
#907 = CIRCLE('',#908,78.);
#908 = AXIS2_PLACEMENT_3D('',#909,#910,#911);
#909 = CARTESIAN_POINT('',(116.25,0.,115.));
#910 = DIRECTION('',(1.,0.,-2.22044604925E-16));
#911 = DIRECTION('',(-2.22044604925E-16,0.,-1.));
#912 = ORIENTED_EDGE('',*,*,#913,.F.);
#913 = EDGE_CURVE('',#914,#905,#916,.T.);
#914 = VERTEX_POINT('',#915);
#915 = CARTESIAN_POINT('',(124.22387717864,69.813931918576,
    104.18942236935));
#916 = B_SPLINE_CURVE_WITH_KNOTS('',8,(#917,#918,#919,#920,#921,#922,
    #923,#924,#925,#926,#927,#928,#929,#930,#931,#932,#933,#934,#935,
    #936,#937,#938,#939,#940,#941,#942,#943,#944,#945,#946,#947,#948,
    #949,#950,#951,#952,#953,#954,#955,#956,#957,#958,#959,#960,#961,
    #962,#963,#964,#965,#966,#967,#968,#969,#970,#971,#972,#973,#974,
    #975,#976,#977,#978,#979,#980,#981,#982,#983,#984,#985,#986,#987,
    #988,#989,#990,#991,#992,#993,#994,#995),.UNSPECIFIED.,.F.,.F.,(9,7,
    7,7,7,7,7,7,7,7,7,9),(0.,2.958550655022E-02,5.811163681811E-02,
    0.107608388067,0.221635307734,0.334457174805,0.444601065779,
    0.553062152463,0.662398323601,0.773590603049,0.88682055978,1.),
  .UNSPECIFIED.);
#917 = CARTESIAN_POINT('',(124.22387717864,69.813931918576,
    104.18942236935));
#918 = CARTESIAN_POINT('',(124.22392598853,69.806805673656,
    104.14733891287));
#919 = CARTESIAN_POINT('',(124.22370338753,69.80304691339,
    104.10530550921));
#920 = CARTESIAN_POINT('',(124.22320672103,69.802704260721,
    104.06333112979));
#921 = CARTESIAN_POINT('',(124.2224342624,69.805715623671,
    104.02141887799));
#922 = CARTESIAN_POINT('',(124.22138526479,69.81189634555,
    103.97956544205));
#923 = CARTESIAN_POINT('',(124.22005960417,69.820987482052,
    103.93776344299));
#924 = CARTESIAN_POINT('',(124.21845735454,69.832714143035,
    103.89600425519));
#925 = CARTESIAN_POINT('',(124.21476718989,69.86038901702,
    103.81404757081));
#926 = CARTESIAN_POINT('',(124.21269870004,69.876171490217,
    103.77384733201));
#927 = CARTESIAN_POINT('',(124.21037322923,69.893906666762,
    103.73366911315));
#928 = CARTESIAN_POINT('',(124.20779081607,69.913357335242,
    103.69350393687));
#929 = CARTESIAN_POINT('',(124.20495136378,69.93430865716,
    103.65334367993));
#930 = CARTESIAN_POINT('',(124.20185458087,69.956575285014,
    103.61318144216));
#931 = CARTESIAN_POINT('',(124.19849997396,69.980000603738,
    103.57301150052));
#932 = CARTESIAN_POINT('',(124.18861770098,70.046867849149,
    103.46310643141));
#933 = CARTESIAN_POINT('',(124.18157041728,70.092365229122,
    103.39334692667));
#934 = CARTESIAN_POINT('',(124.17374168826,70.140231370015,
    103.32352484924));
#935 = CARTESIAN_POINT('',(124.16512688543,70.189967193723,
    103.25362630595));
#936 = CARTESIAN_POINT('',(124.15572063389,70.241214174096,
    103.18364512746));
#937 = CARTESIAN_POINT('',(124.14551718218,70.293703857277,
    103.11358004218));
#938 = CARTESIAN_POINT('',(124.13451061353,70.347226137739,
    103.04343289188));
#939 = CARTESIAN_POINT('',(124.09547473605,70.526916261534,
    102.81142877142));
#940 = CARTESIAN_POINT('',(124.06396091909,70.656818273169,
    102.64923995017));
#941 = CARTESIAN_POINT('',(124.02808107009,70.789301233762,
    102.48669853051));
#942 = CARTESIAN_POINT('',(123.98776378156,70.923530622005,
    102.32393861538));
#943 = CARTESIAN_POINT('',(123.94294748721,71.058822931129,
    102.16111145975));
#944 = CARTESIAN_POINT('',(123.89358086412,71.194738276081,
    101.99838974598));
#945 = CARTESIAN_POINT('',(123.83962534991,71.330885833183,
    101.83595531561));
#946 = CARTESIAN_POINT('',(123.72310520581,71.601570424829,
    101.51375442151));
#947 = CARTESIAN_POINT('',(123.66063783492,71.736107945488,
    101.35397854492));
#948 = CARTESIAN_POINT('',(123.59362964591,71.870249057618,
    101.19485694132));
#949 = CARTESIAN_POINT('',(123.52206984771,72.003732431708,
    101.03658311347));
#950 = CARTESIAN_POINT('',(123.44596199849,72.13632515067,
    100.87935598977));
#951 = CARTESIAN_POINT('',(123.36532479532,72.267809789565,
    100.72337763864));
#952 = CARTESIAN_POINT('',(123.28019254696,72.397979423753,
    100.56885128382));
#953 = CARTESIAN_POINT('',(123.10316434569,72.652247764999,
    100.26673656837));
#954 = CARTESIAN_POINT('',(123.01147697048,72.776416827277,
    100.11907056452));
#955 = CARTESIAN_POINT('',(122.91559959431,72.898967249677,
    99.973170214186));
#956 = CARTESIAN_POINT('',(122.81559331347,73.019727086533,
    99.829223460732));
#957 = CARTESIAN_POINT('',(122.71153362823,73.138532846598,
    99.687415955665));
#958 = CARTESIAN_POINT('',(122.60351014095,73.255229390486,
    99.547929428555));
#959 = CARTESIAN_POINT('',(122.49162625421,73.369669828113,
    99.410940056952));
#960 = CARTESIAN_POINT('',(122.26213806615,73.592049145315,
    99.144345837431));
#961 = CARTESIAN_POINT('',(122.14464724302,73.700060791439,
    99.014660094881));
#962 = CARTESIAN_POINT('',(122.02363767043,73.805618217946,
    98.887721160875));
#963 = CARTESIAN_POINT('',(121.89923322234,73.908597550941,
    98.763683682661));
#964 = CARTESIAN_POINT('',(121.77156933509,74.008883668535,
    98.642694238296));
#965 = CARTESIAN_POINT('',(121.6407919667,74.106370690199,
    98.524890172431));
#966 = CARTESIAN_POINT('',(121.50705655619,74.200962466097,
    98.410398432093));
#967 = CARTESIAN_POINT('',(121.23289586332,74.384922798322,
    98.187374287362));
#968 = CARTESIAN_POINT('',(121.09242523145,74.474243116169,
    98.078897357248));
#969 = CARTESIAN_POINT('',(120.9492827625,74.560445820231,
    97.974022161297));
#970 = CARTESIAN_POINT('',(120.80364463438,74.643453441019,
    97.872855162997));
#971 = CARTESIAN_POINT('',(120.65569398022,74.723199375183,
    97.775490249235));
#972 = CARTESIAN_POINT('',(120.50561934085,74.799628021404,
    97.682008239384));
#973 = CARTESIAN_POINT('',(120.35361311728,74.87269491629,
    97.592476394386));
#974 = CARTESIAN_POINT('',(120.04351696173,75.013221586461,
    97.419967512342));
#975 = CARTESIAN_POINT('',(119.88536744704,75.08056514974,
    97.337127514173));
#976 = CARTESIAN_POINT('',(119.72562630912,75.144362383644,
    97.258484315252));
#977 = CARTESIAN_POINT('',(119.56450056442,75.204590208537,
    97.184079231922));
#978 = CARTESIAN_POINT('',(119.40219779209,75.261237204277,
    97.113938879136));
#979 = CARTESIAN_POINT('',(119.23892451026,75.314303172883,
    97.048075536652));
#980 = CARTESIAN_POINT('',(119.07488455231,75.36379870121,
    96.986487515225));
#981 = CARTESIAN_POINT('',(118.74265379216,75.456532739428,
    96.870780954294));
#982 = CARTESIAN_POINT('',(118.57444191288,75.49963996444,
    96.816819981835));
#983 = CARTESIAN_POINT('',(118.40585276356,75.539088308245,
    96.767260776197));
#984 = CARTESIAN_POINT('',(118.23709244004,75.574910738811,
    96.722072978581));
#985 = CARTESIAN_POINT('',(118.06836099781,75.607150363273,
    96.68121280682));
#986 = CARTESIAN_POINT('',(117.89985127401,75.635859508721,
    96.644624161598));
#987 = CARTESIAN_POINT('',(117.73174770944,75.661098802992,
    96.612239732657));
#988 = CARTESIAN_POINT('',(117.39677737035,75.704763965347,
    96.555737084253));
#989 = CARTESIAN_POINT('',(117.22991003543,75.723192851538,
    96.53161520874));
#990 = CARTESIAN_POINT('',(117.06379814349,75.738290792069,
    96.511539262842));
#991 = CARTESIAN_POINT('',(116.89860706367,75.75013293151,
    96.495422094315));
#992 = CARTESIAN_POINT('',(116.73449216455,75.758800673742,96.4831679245
    ));
#993 = CARTESIAN_POINT('',(116.57159842236,75.764380674734,
    96.47467365851));
#994 = CARTESIAN_POINT('',(116.41006002896,75.766963835321,
    96.469830195433));
#995 = CARTESIAN_POINT('',(116.25,75.766644293978,96.468523738518));
#996 = ORIENTED_EDGE('',*,*,#997,.F.);
#997 = EDGE_CURVE('',#998,#914,#1000,.T.);
#998 = VERTEX_POINT('',#999);
#999 = CARTESIAN_POINT('',(124.22387717864,69.813931918576,
    125.81057763064));
#1000 = B_SPLINE_CURVE_WITH_KNOTS('',5,(#1001,#1002,#1003,#1004,#1005,
    #1006,#1007,#1008,#1009,#1010,#1011,#1012,#1013,#1014,#1015,#1016,
    #1017,#1018,#1019,#1020,#1021,#1022,#1023,#1024,#1025,#1026,#1027,
    #1028,#1029,#1030,#1031,#1032,#1033,#1034),.UNSPECIFIED.,.F.,.F.,(6,
    4,4,4,4,4,4,4,6),(0.,0.124082905037,0.247797775406,0.371191805936,
    0.494386485864,0.617616256264,0.740955681789,0.864645388833,1.),
  .UNSPECIFIED.);
#1001 = CARTESIAN_POINT('',(124.223967314,69.800772155272,
    125.88800003108));
#1002 = CARTESIAN_POINT('',(124.22333735725,69.892745840845,
    125.34891720604));
#1003 = CARTESIAN_POINT('',(124.22274810418,69.978776789738,
    124.80957231315));
#1004 = CARTESIAN_POINT('',(124.22219909628,70.058931943192,
    124.26999401087));
#1005 = CARTESIAN_POINT('',(124.22168995985,70.133265861632,
    123.73020833849));
#1006 = CARTESIAN_POINT('',(124.22075224485,70.270172251353,
    122.65187066438));
#1007 = CARTESIAN_POINT('',(124.22032342915,70.332779343914,
    122.1133199253));
#1008 = CARTESIAN_POINT('',(124.21993366929,70.389684283125,
    121.57460985506));
#1009 = CARTESIAN_POINT('',(124.21958273322,70.440920949227,
    121.03576232009));
#1010 = CARTESIAN_POINT('',(124.2189589695,70.531990452333,
    119.95923081479));
#1011 = CARTESIAN_POINT('',(124.21868594048,70.571852689613,
    119.42154756002));
#1012 = CARTESIAN_POINT('',(124.21845118478,70.606127021593,
    118.88376820965));
#1013 = CARTESIAN_POINT('',(124.21825457321,70.634832311094,
    118.34591225162));
#1014 = CARTESIAN_POINT('',(124.21793772682,70.681091882976,
    117.27095355085));
#1015 = CARTESIAN_POINT('',(124.21781736867,70.698664173307,
    116.73385107889));
#1016 = CARTESIAN_POINT('',(124.21773486328,70.71070995994,
    116.19670959977));
#1017 = CARTESIAN_POINT('',(124.21769016692,70.71723562867,
    115.6595474833));
#1018 = CARTESIAN_POINT('',(124.21767638374,70.719247974024,
    114.58506518877));
#1019 = CARTESIAN_POINT('',(124.21770731843,70.714731508494,
    114.04774508606));
#1020 = CARTESIAN_POINT('',(124.21777607649,70.70469283122,
    113.51044065539));
#1021 = CARTESIAN_POINT('',(124.21788269434,70.68912662505,
    112.97317023907));
#1022 = CARTESIAN_POINT('',(124.21817193173,70.646897966761,
    111.89825651459));
#1023 = CARTESIAN_POINT('',(124.21835461923,70.620225591964,
    111.36061338282));
#1024 = CARTESIAN_POINT('',(124.21857538741,70.587993438035,
    110.82304159031));
#1025 = CARTESIAN_POINT('',(124.2188343571,70.550183862835,
    110.28556046156));
#1026 = CARTESIAN_POINT('',(124.21942987492,70.463238261561,
    109.20929353026));
#1027 = CARTESIAN_POINT('',(124.21976664236,70.414070214735,
    108.6705084637));
#1028 = CARTESIAN_POINT('',(124.22014216169,70.359244392501,
    108.13185503382));
#1029 = CARTESIAN_POINT('',(124.22055665447,70.298728446112,
    107.59335483178));
#1030 = CARTESIAN_POINT('',(124.22150693366,70.159987684644,
    106.46593874501));
#1031 = CARTESIAN_POINT('',(124.22205047321,70.08063091111,
    105.87705783422));
#1032 = CARTESIAN_POINT('',(124.22264138674,69.994357534738,
    105.28841819833));
#1033 = CARTESIAN_POINT('',(124.2232801318,69.901100756045,
    104.70005322824));
#1034 = CARTESIAN_POINT('',(124.223967314,69.800772155272,
    104.11199996891));
#1035 = ORIENTED_EDGE('',*,*,#1036,.F.);
#1036 = EDGE_CURVE('',#1037,#998,#1039,.T.);
#1037 = VERTEX_POINT('',#1038);
#1038 = CARTESIAN_POINT('',(116.25,75.766644293978,133.53147626148));
#1039 = B_SPLINE_CURVE_WITH_KNOTS('',8,(#1040,#1041,#1042,#1043,#1044,
    #1045,#1046,#1047,#1048,#1049,#1050,#1051,#1052,#1053,#1054,#1055,
    #1056,#1057,#1058,#1059,#1060,#1061,#1062,#1063,#1064,#1065,#1066,
    #1067,#1068,#1069,#1070,#1071,#1072,#1073,#1074,#1075,#1076,#1077,
    #1078,#1079,#1080,#1081,#1082,#1083,#1084,#1085,#1086,#1087,#1088,
    #1089,#1090,#1091,#1092,#1093,#1094,#1095,#1096,#1097,#1098,#1099,
    #1100,#1101,#1102,#1103,#1104,#1105,#1106,#1107,#1108,#1109,#1110,
    #1111),.UNSPECIFIED.,.F.,.F.,(9,7,7,7,7,7,7,7,7,7,9),(0.,
    0.117996632387,0.236003966698,0.351596736802,0.4650036848,
    0.578185830976,0.693226195259,0.811411807253,0.929420196866,
    0.971618651607,1.),.UNSPECIFIED.);
#1040 = CARTESIAN_POINT('',(116.25,75.766644293978,133.53147626148));
#1041 = CARTESIAN_POINT('',(116.41687296537,75.766977436561,
    133.53011419538));
#1042 = CARTESIAN_POINT('',(116.58535281787,75.764155510945,
    133.52490761013));
#1043 = CARTESIAN_POINT('',(116.75530018064,75.758071840775,
    133.51572755076));
#1044 = CARTESIAN_POINT('',(116.92656244027,75.748623572375,
    133.50245060985));
#1045 = CARTESIAN_POINT('',(117.09897424943,75.735712916771,
    133.48496054151));
#1046 = CARTESIAN_POINT('',(117.27235802942,75.719248391728,
    133.46314987527));
#1047 = CARTESIAN_POINT('',(117.4465244728,75.69914606377,
    133.43692153004));
#1048 = CARTESIAN_POINT('',(117.79603746826,75.651513356689,
    133.3754565388));
#1049 = CARTESIAN_POINT('',(117.97138418104,75.623982326559,
    133.3402191103));
#1050 = CARTESIAN_POINT('',(118.14711303733,75.592662475883,
    133.30039290557));
#1051 = CARTESIAN_POINT('',(118.32301273228,75.55748751242,
    133.25590489775));
#1052 = CARTESIAN_POINT('',(118.49886231036,75.51840118326,
    133.20669559167));
#1053 = CARTESIAN_POINT('',(118.67443267279,75.475358382465,
    133.15272034532));
#1054 = CARTESIAN_POINT('',(118.84948808476,75.4283262587,
    133.09395069138));
#1055 = CARTESIAN_POINT('',(119.19452091301,75.32728874261,
    132.9681014435));
#1056 = CARTESIAN_POINT('',(119.36452906684,75.273445718477,
    132.90121648334));
#1057 = CARTESIAN_POINT('',(119.53358606148,75.215737683185,
    132.82971006467));
#1058 = CARTESIAN_POINT('',(119.70146137942,75.154158449305,
    132.75358769255));
#1059 = CARTESIAN_POINT('',(119.86792207988,75.08871466968,
    132.67287142653));
#1060 = CARTESIAN_POINT('',(120.03273481007,75.019426297841,
    132.58760021655));
#1061 = CARTESIAN_POINT('',(120.19566781661,74.94632704842,
    132.49783023876));
#1062 = CARTESIAN_POINT('',(120.51427694533,74.794056106016,
    132.31122142134));
#1063 = CARTESIAN_POINT('',(120.67003216385,74.715025336301,
    132.21454830008));
#1064 = CARTESIAN_POINT('',(120.82354316792,74.632417497113,
    132.11368500226));
#1065 = CARTESIAN_POINT('',(120.97459819801,74.546290650517,
    132.00871686698));
#1066 = CARTESIAN_POINT('',(121.12299099143,74.456715717956,
    131.89974470367));
#1067 = CARTESIAN_POINT('',(121.2685225943,74.363776226263,
    131.78688405785));
#1068 = CARTESIAN_POINT('',(121.41100317352,74.267568053667,
    131.670264477));
#1069 = CARTESIAN_POINT('',(121.68922845312,74.069027272694,
    131.43003141388));
#1070 = CARTESIAN_POINT('',(121.82498603715,73.966707098178,
    131.30643217957));
#1071 = CARTESIAN_POINT('',(121.95734844647,73.861345824653,
    131.17937263355));
#1072 = CARTESIAN_POINT('',(122.08614864111,73.753062357985,
    131.04900730436));
#1073 = CARTESIAN_POINT('',(122.21123180511,73.641986726959,
    130.91550213182));
#1074 = CARTESIAN_POINT('',(122.33245647638,73.528259472727,
    130.77903290981));
#1075 = CARTESIAN_POINT('',(122.4496956764,73.412031038249,
    130.63978372907));
#1076 = CARTESIAN_POINT('',(122.67783796853,73.172944603622,
    130.35377841767));
#1077 = CARTESIAN_POINT('',(122.78860538237,73.050009119668,
    130.20693650394));
#1078 = CARTESIAN_POINT('',(122.89502311814,72.924822297163,
    130.05761989722));
#1079 = CARTESIAN_POINT('',(122.99699027249,72.797562190894,
    129.90603574794));
#1080 = CARTESIAN_POINT('',(123.09442289422,72.668416092169,
    129.75239615329));
#1081 = CARTESIAN_POINT('',(123.18725429738,72.537580693605,
    129.59691611614));
#1082 = CARTESIAN_POINT('',(123.2754349955,72.405263645691,
    129.4398114481));
#1083 = CARTESIAN_POINT('',(123.44471236535,72.134457314258,
    129.11844792918));
#1084 = CARTESIAN_POINT('',(123.52554943135,71.995898116664,
    128.9541109475));
#1085 = CARTESIAN_POINT('',(123.60140798307,71.856250214823,
    128.7885181305));
#1086 = CARTESIAN_POINT('',(123.67227121757,71.715768202485,
    128.62190063993));
#1087 = CARTESIAN_POINT('',(123.73814046083,71.574733080883,
    128.45448539797));
#1088 = CARTESIAN_POINT('',(123.79903431971,71.433453295795,
    128.28649301018));
#1089 = CARTESIAN_POINT('',(123.85498737515,71.292288505373,
    128.11813462958));
#1090 = CARTESIAN_POINT('',(123.95703258974,71.011384041801,
    127.78132975878));
#1091 = CARTESIAN_POINT('',(124.00313785652,70.871648268766,
    127.61288877802));
#1092 = CARTESIAN_POINT('',(124.04441459169,70.733000341072,
    127.44447315671));
#1093 = CARTESIAN_POINT('',(124.08092514309,70.596106832733,
    127.27625721757));
#1094 = CARTESIAN_POINT('',(124.11274414849,70.461725229886,
    127.10840346998));
#1095 = CARTESIAN_POINT('',(124.13995199444,70.331386733889,
    126.9410231609));
#1096 = CARTESIAN_POINT('',(124.16263875496,70.206893034718,
    126.77420331111));
#1097 = CARTESIAN_POINT('',(124.18738725269,70.054736835484,
    126.54823062566));
#1098 = CARTESIAN_POINT('',(124.19333588724,70.016248095668,
    126.4887583177));
#1099 = CARTESIAN_POINT('',(124.19871750777,69.979646141697,
    126.42932528606));
#1100 = CARTESIAN_POINT('',(124.20353449853,69.945315591203,
    126.36991862527));
#1101 = CARTESIAN_POINT('',(124.20778862079,69.913730135905,
    126.31052193438));
#1102 = CARTESIAN_POINT('',(124.21148065876,69.885513329515,
    126.25111201802));
#1103 = CARTESIAN_POINT('',(124.21461038895,69.861448221925,
    126.19165831793));
#1104 = CARTESIAN_POINT('',(124.21890429939,69.829464936923,
    126.09209469235));
#1105 = CARTESIAN_POINT('',(124.22037651645,69.818839657315,
    126.05202524137));
#1106 = CARTESIAN_POINT('',(124.22159419548,69.810690991533,
    126.01191474306));
#1107 = CARTESIAN_POINT('',(124.22255730249,69.805258643131,
    125.97175582872));
#1108 = CARTESIAN_POINT('',(124.22326601456,69.802763055566,
    125.93154245624));
#1109 = CARTESIAN_POINT('',(124.22372106115,69.803358535912,
    125.89127217248));
#1110 = CARTESIAN_POINT('',(124.22392400155,69.807095772388,
    125.85094793278));
#1111 = CARTESIAN_POINT('',(124.22387717864,69.813931918576,
    125.81057763064));
#1112 = ORIENTED_EDGE('',*,*,#1113,.T.);
#1113 = EDGE_CURVE('',#1037,#1114,#1116,.T.);
#1114 = VERTEX_POINT('',#1115);
#1115 = CARTESIAN_POINT('',(116.25,61.728221596189,162.68256136756));
#1116 = CIRCLE('',#1117,78.);
#1117 = AXIS2_PLACEMENT_3D('',#1118,#1119,#1120);
#1118 = CARTESIAN_POINT('',(116.25,0.,115.));
#1119 = DIRECTION('',(1.,0.,-2.22044604925E-16));
#1120 = DIRECTION('',(-2.22044604925E-16,0.,-1.));
#1121 = ORIENTED_EDGE('',*,*,#1122,.F.);
#1122 = EDGE_CURVE('',#1123,#1114,#1125,.T.);
#1123 = VERTEX_POINT('',#1124);
#1124 = CARTESIAN_POINT('',(124.22387717864,51.980324514194,
    162.84244498391));
#1125 = B_SPLINE_CURVE_WITH_KNOTS('',8,(#1126,#1127,#1128,#1129,#1130,
    #1131,#1132,#1133,#1134,#1135,#1136,#1137,#1138,#1139,#1140,#1141,
    #1142,#1143,#1144,#1145,#1146,#1147,#1148,#1149,#1150,#1151,#1152,
    #1153,#1154,#1155,#1156,#1157,#1158,#1159,#1160,#1161,#1162,#1163,
    #1164,#1165,#1166,#1167,#1168,#1169,#1170,#1171,#1172,#1173,#1174,
    #1175,#1176,#1177,#1178,#1179,#1180,#1181,#1182,#1183,#1184,#1185,
    #1186,#1187,#1188,#1189,#1190,#1191,#1192,#1193,#1194,#1195,#1196,
    #1197,#1198,#1199,#1200,#1201,#1202,#1203,#1204),.UNSPECIFIED.,.F.,
  .F.,(9,7,7,7,7,7,7,7,7,7,7,9),(0.,2.958550655066E-02,
    5.811163681903E-02,0.107608388069,0.221635307737,0.334457174807,
    0.44460106578,0.553062152465,0.662398323602,0.773590603049,
    0.88682055978,1.),.UNSPECIFIED.);
#1126 = CARTESIAN_POINT('',(124.22387717864,51.980324514194,
    162.84244498391));
#1127 = CARTESIAN_POINT('',(124.22392598853,52.008783544328,
    162.81063485534));
#1128 = CARTESIAN_POINT('',(124.22370338753,52.039303033934,
    162.78148873971));
#1129 = CARTESIAN_POINT('',(124.22320672103,52.071906284778,
    162.75505024555));
#1130 = CARTESIAN_POINT('',(124.2224342624,52.10655215682,
    162.73127276234));
#1131 = CARTESIAN_POINT('',(124.22138526479,52.143128107749,
    162.71000985481));
#1132 = CARTESIAN_POINT('',(124.22005960417,52.181478457542,
    162.69105447143));
#1133 = CARTESIAN_POINT('',(124.21845735454,52.221438558781,
    162.67418631644));
#1134 = CARTESIAN_POINT('',(124.21476718989,52.302769876522,
    162.64472424729));
#1135 = CARTESIAN_POINT('',(124.21269870004,52.344039899902,
    162.63199904279));
#1136 = CARTESIAN_POINT('',(124.21037322923,52.386510198029,
    162.62081425244));
#1137 = CARTESIAN_POINT('',(124.20779081607,52.430039890776,
    162.61097881961));
#1138 = CARTESIAN_POINT('',(124.20495136378,52.474501379548,
    162.60231971204));
#1139 = CARTESIAN_POINT('',(124.20185458087,52.519784496836,
    162.59468771704));
#1140 = CARTESIAN_POINT('',(124.19849997396,52.565796069186,
    162.58795681975));
#1141 = CARTESIAN_POINT('',(124.18861770098,52.693414357895,
    162.57171104759));
#1142 = CARTESIAN_POINT('',(124.18157041728,52.776321687321,
    162.56378799184));
#1143 = CARTESIAN_POINT('',(124.17374168826,52.860754836331,
    162.55767789451));
#1144 = CARTESIAN_POINT('',(124.16512688543,52.946413496924,
    162.55298189839));
#1145 = CARTESIAN_POINT('',(124.15572063389,53.033078955083,
    162.54941584992));
#1146 = CARTESIAN_POINT('',(124.14551718218,53.120584826746,
    162.54676907059));
#1147 = CARTESIAN_POINT('',(124.13451061353,53.208798673295,
    162.54487844163));
#1148 = CARTESIAN_POINT('',(124.09547473605,53.502221758415,
    162.5407136344));
#1149 = CARTESIAN_POINT('',(124.06396091909,53.710018664474,
    162.54115204071));
#1150 = CARTESIAN_POINT('',(124.02808107008,53.919700438396,
    162.54338847266));
#1151 = CARTESIAN_POINT('',(123.98776378156,54.130641918847,
    162.54685408702));
#1152 = CARTESIAN_POINT('',(123.94294748721,54.342298690291,
    162.55110880263));
#1153 = CARTESIAN_POINT('',(123.89358086412,54.554261480511,
    162.55591636919));
#1154 = CARTESIAN_POINT('',(123.83962534991,54.766144445402,
    162.56108460479));
#1155 = CARTESIAN_POINT('',(123.72310520581,55.186820330505,
    162.57182536873));
#1156 = CARTESIAN_POINT('',(123.66063783492,55.395620913059,
    162.57739240832));
#1157 = CARTESIAN_POINT('',(123.59362964591,55.603662807721,
    162.58305745577));
#1158 = CARTESIAN_POINT('',(123.52206984771,55.810631791643,
    162.58873684246));
#1159 = CARTESIAN_POINT('',(123.44596199849,56.016227114923,
    162.59437249629));
#1160 = CARTESIAN_POINT('',(123.36532479532,56.220155231878,
    162.59992041519));
#1161 = CARTESIAN_POINT('',(123.28019254696,56.422128240371,
    162.60534552692));
#1162 = CARTESIAN_POINT('',(123.10316434569,56.816864753927,
    162.61577507702));
#1163 = CARTESIAN_POINT('',(123.01147697048,57.009732828671,
    162.62078611158));
#1164 = CARTESIAN_POINT('',(122.91559959431,57.200211254445,
    162.62563250948));
#1165 = CARTESIAN_POINT('',(122.81559331347,57.388045884848,
    162.63029701896));
#1166 = CARTESIAN_POINT('',(122.71153362823,57.572989636563,
    162.63476756924));
#1167 = CARTESIAN_POINT('',(122.60351014095,57.754803699864,
    162.639036174));
#1168 = CARTESIAN_POINT('',(122.49162625421,57.933258749128,
    162.64309783484));
#1169 = CARTESIAN_POINT('',(122.26213806615,58.280341739413,
    162.65074220898));
#1170 = CARTESIAN_POINT('',(122.14464724302,58.449078295605,
    162.65433137646));
#1171 = CARTESIAN_POINT('',(122.02363767043,58.6141371295,162.6577143649
    ));
#1172 = CARTESIAN_POINT('',(121.89923322234,58.775320098898,
    162.66089074677));
#1173 = CARTESIAN_POINT('',(121.77156933509,58.932440827137,
    162.66386190606));
#1174 = CARTESIAN_POINT('',(121.6407919667,59.085325918414,
    162.66663069505));
#1175 = CARTESIAN_POINT('',(121.50705655619,59.233816173105,
    162.66920109093));
#1176 = CARTESIAN_POINT('',(121.23289586332,59.522880861895,
    162.67397379038));
#1177 = CARTESIAN_POINT('',(121.09242523145,59.663381848256,
    162.67617296723));
#1178 = CARTESIAN_POINT('',(120.9492827625,59.799123085055,162.67818034)
  );
#1179 = CARTESIAN_POINT('',(120.80364463438,59.929973034351,
    162.68000171949));
#1180 = CARTESIAN_POINT('',(120.65569398022,60.055816765909,
    162.68164357063));
#1181 = CARTESIAN_POINT('',(120.50561934085,60.176556425744,
    162.68311281261));
#1182 = CARTESIAN_POINT('',(120.35361311728,60.292111704661,
    162.68441661906));
#1183 = CARTESIAN_POINT('',(120.04351696173,60.51460152539,
    162.68672726524));
#1184 = CARTESIAN_POINT('',(119.88536744704,60.621356468891,
    162.68772868911));
#1185 = CARTESIAN_POINT('',(119.72562630912,60.722619122415,
    162.68857414256));
#1186 = CARTESIAN_POINT('',(119.56450056442,60.818342793628,
    162.68927134152));
#1187 = CARTESIAN_POINT('',(119.40219779209,60.908499553777,
    162.68982795151));
#1188 = CARTESIAN_POINT('',(119.23892451026,60.993079678723,
    162.69025147406));
#1189 = CARTESIAN_POINT('',(119.07488455231,61.072091089967,
    162.69054913307));
#1190 = CARTESIAN_POINT('',(118.74265379216,61.220372849145,
    162.6909096629));
#1191 = CARTESIAN_POINT('',(118.57444191288,61.28943815142,
    162.69096813251));
#1192 = CARTESIAN_POINT('',(118.40585276356,61.352780738696,
    162.69091043032));
#1193 = CARTESIAN_POINT('',(118.23709244004,61.410444901632,
    162.69074340334));
#1194 = CARTESIAN_POINT('',(118.06836099781,61.46249174736,
    162.69047345633));
#1195 = CARTESIAN_POINT('',(117.89985127401,61.508997761503,
    162.69010652291));
#1196 = CARTESIAN_POINT('',(117.73174770943,61.550053370175,
    162.68964803659));
#1197 = CARTESIAN_POINT('',(117.39677737035,61.621453702965,
    162.68855801015));
#1198 = CARTESIAN_POINT('',(117.22991003543,61.651803167257,
    162.68792655017));
#1199 = CARTESIAN_POINT('',(117.06379814349,61.676912585751,
    162.68721344787));
#1200 = CARTESIAN_POINT('',(116.89860706367,61.696896948687,
    162.68642311509));
#1201 = CARTESIAN_POINT('',(116.73449216455,61.711881893327,
    162.68555947894));
#1202 = CARTESIAN_POINT('',(116.57159842236,61.722002051611,
    162.68462601117));
#1203 = CARTESIAN_POINT('',(116.41006002896,61.727399397811,
    162.68362575761));
#1204 = CARTESIAN_POINT('',(116.25,61.728221596189,162.68256136756));
#1205 = ORIENTED_EDGE('',*,*,#1206,.F.);
#1206 = EDGE_CURVE('',#1207,#1123,#1209,.T.);
#1207 = VERTEX_POINT('',#1208);
#1208 = CARTESIAN_POINT('',(124.22387717864,35.07622464359,
    176.32301479373));
#1209 = B_SPLINE_CURVE_WITH_KNOTS('',5,(#1210,#1211,#1212,#1213,#1214,
    #1215,#1216,#1217,#1218,#1219,#1220,#1221,#1222,#1223,#1224,#1225,
    #1226,#1227,#1228,#1229,#1230,#1231,#1232,#1233,#1234,#1235,#1236,
    #1237,#1238,#1239,#1240,#1241,#1242,#1243),.UNSPECIFIED.,.F.,.F.,(6,
    4,4,4,4,4,4,4,6),(0.,0.125726710388,0.250635113424,0.375260106851,
    0.49968784995,0.62168440666,0.743832668039,0.866288894673,1.),
  .UNSPECIFIED.);
#1210 = CARTESIAN_POINT('',(124.223967314,35.007488395265,
    176.36099815358));
#1211 = CARTESIAN_POINT('',(124.22332901181,35.492648162032,
    176.09329334492));
#1212 = CARTESIAN_POINT('',(124.22273249882,35.974214233674,
    175.82065065545));
#1213 = CARTESIAN_POINT('',(124.22217729827,36.452206706588,
    175.54314308969));
#1214 = CARTESIAN_POINT('',(124.22166302252,36.926639715551,
    175.26083176292));
#1215 = CARTESIAN_POINT('',(124.22071880641,37.865338361827,
    174.68856844206));
#1216 = CARTESIAN_POINT('',(124.22028833612,38.32965018918,
    174.39867857071));
#1217 = CARTESIAN_POINT('',(124.21989766602,38.79046512625,
    174.10414505021));
#1218 = CARTESIAN_POINT('',(124.21954655939,39.247787167714,
    173.80500889864));
#1219 = CARTESIAN_POINT('',(124.21892382588,40.154415306815,
    173.19828696896));
#1220 = CARTESIAN_POINT('',(124.21865201926,40.603737258475,
    172.89072211094));
#1221 = CARTESIAN_POINT('',(124.21841924165,41.049581814241,
    172.57864206787));
#1222 = CARTESIAN_POINT('',(124.21822536255,41.491945191042,
    172.26207422584));
#1223 = CARTESIAN_POINT('',(124.2179154798,42.369000091338,
    171.6205140996));
#1224 = CARTESIAN_POINT('',(124.21779935291,42.803702623535,
    171.29553605058));
#1225 = CARTESIAN_POINT('',(124.21772183387,43.234920211656,
    170.96612748237));
#1226 = CARTESIAN_POINT('',(124.21768288079,43.662641886995,
    170.6323049662));
#1227 = CARTESIAN_POINT('',(124.21768211435,44.502775581838,
    169.96246382788));
#1228 = CARTESIAN_POINT('',(124.21771880862,44.915323386264,
    169.62661560662));
#1229 = CARTESIAN_POINT('',(124.21779257612,45.324482760299,
    169.28654647649));
#1230 = CARTESIAN_POINT('',(124.21790345517,45.730236289172,
    168.94226317056));
#1231 = CARTESIAN_POINT('',(124.21819977468,46.535389708953,
    168.24483973833));
#1232 = CARTESIAN_POINT('',(124.21838530812,46.93478097202,
    167.8916891329));
#1233 = CARTESIAN_POINT('',(124.21860819985,47.330715517223,
    167.53431884235));
#1234 = CARTESIAN_POINT('',(124.21886856969,47.723167731806,
    167.17272691828));
#1235 = CARTESIAN_POINT('',(124.21946534284,48.502027902353,
    166.44016463984));
#1236 = CARTESIAN_POINT('',(124.21980193724,48.888417949213,
    166.06917288182));
#1237 = CARTESIAN_POINT('',(124.22017652669,49.271247476331,
    165.69392530802));
#1238 = CARTESIAN_POINT('',(124.22058932819,49.650480312521,
    165.31441024438));
#1239 = CARTESIAN_POINT('',(124.22153337469,50.436188888256,
    164.51153636844));
#1240 = CARTESIAN_POINT('',(124.22207201935,50.841964816277,
    164.08735381613));
#1241 = CARTESIAN_POINT('',(124.22265690546,51.243346706621,
    163.65804021792));
#1242 = CARTESIAN_POINT('',(124.22328847572,51.640269060945,
    163.2235651349));
#1243 = CARTESIAN_POINT('',(124.223967314,52.032650806089,
    162.78388418955));
#1244 = ORIENTED_EDGE('',*,*,#1245,.F.);
#1245 = EDGE_CURVE('',#1246,#1207,#1248,.T.);
#1246 = VERTEX_POINT('',#1247);
#1247 = CARTESIAN_POINT('',(116.25,32.751238480518,185.79093429241));
#1248 = B_SPLINE_CURVE_WITH_KNOTS('',8,(#1249,#1250,#1251,#1252,#1253,
    #1254,#1255,#1256,#1257,#1258,#1259,#1260,#1261,#1262,#1263,#1264,
    #1265,#1266,#1267,#1268,#1269,#1270,#1271,#1272,#1273,#1274,#1275,
    #1276,#1277,#1278,#1279,#1280,#1281,#1282,#1283,#1284,#1285,#1286,
    #1287,#1288,#1289,#1290,#1291,#1292,#1293,#1294,#1295,#1296,#1297,
    #1298,#1299,#1300,#1301,#1302,#1303,#1304,#1305,#1306,#1307,#1308,
    #1309,#1310,#1311,#1312,#1313,#1314,#1315,#1316,#1317,#1318,#1319,
    #1320),.UNSPECIFIED.,.F.,.F.,(9,7,7,7,7,7,7,7,7,7,9),(0.,
    0.117996632387,0.236003966698,0.351596736803,0.465003684801,
    0.578185830977,0.69322619526,0.811411807252,0.929420196865,
    0.971618651608,1.),.UNSPECIFIED.);
#1249 = CARTESIAN_POINT('',(116.25,32.751238480518,185.79093429241));
#1250 = CARTESIAN_POINT('',(116.41687296537,32.75251109768,
    185.79034551944));
#1251 = CARTESIAN_POINT('',(116.58535281787,32.754822328098,
    185.78489299635));
#1252 = CARTESIAN_POINT('',(116.75530018064,32.758206481217,
    185.77441291808));
#1253 = CARTESIAN_POINT('',(116.92656244027,32.762695912615,
    185.75874792714));
#1254 = CARTESIAN_POINT('',(117.09897424943,32.768320536571,
    185.73774909088));
#1255 = CARTESIAN_POINT('',(117.27235802942,32.775107338635,
    185.71127787889));
#1256 = CARTESIAN_POINT('',(117.4465244728,32.783079888195,
    185.67920814025));
#1257 = CARTESIAN_POINT('',(117.79603746826,32.801436646318,
    185.60364459505));
#1258 = CARTESIAN_POINT('',(117.97138418104,32.811821060753,
    185.56014979164));
#1259 = CARTESIAN_POINT('',(118.14711303733,32.82343083395,
    185.51083171385));
#1260 = CARTESIAN_POINT('',(118.32301273228,32.836281728053,
    185.45559300085));
#1261 = CARTESIAN_POINT('',(118.49886231036,32.850385185152,
    185.39435257768));
#1262 = CARTESIAN_POINT('',(118.67443267279,32.865747984685,
    185.32704734527));
#1263 = CARTESIAN_POINT('',(118.84948808476,32.882371900826,
    185.25363387033));
#1264 = CARTESIAN_POINT('',(119.19452091301,32.917768943972,
    185.09617383672));
#1265 = CARTESIAN_POINT('',(119.36452906684,32.93649113508,
    185.01237557478));
#1266 = CARTESIAN_POINT('',(119.53358606148,32.956416732906,
    184.92267409319));
#1267 = CARTESIAN_POINT('',(119.70146137942,32.977537575623,
    184.82706798676));
#1268 = CARTESIAN_POINT('',(119.86792207988,32.999840564351,
    184.72557621082));
#1269 = CARTESIAN_POINT('',(120.03273481007,33.023307687635,
    184.61823865053));
#1270 = CARTESIAN_POINT('',(120.19566781661,33.047916045916,
    184.50511669032));
#1271 = CARTESIAN_POINT('',(120.51427694533,33.098873314565,
    184.26971777909));
#1272 = CARTESIAN_POINT('',(120.67003216385,33.125180525325,
    184.14765433002));
#1273 = CARTESIAN_POINT('',(120.82354316792,33.152533481704,
    184.02018168307));
#1274 = CARTESIAN_POINT('',(120.97459819801,33.180901664,183.88739844105
    ));
#1275 = CARTESIAN_POINT('',(121.12299099143,33.210250475037,
    183.74942290622));
#1276 = CARTESIAN_POINT('',(121.2685225943,33.240541655809,
    183.60639242395));
#1277 = CARTESIAN_POINT('',(121.41100317352,33.271733701122,
    183.45846272639));
#1278 = CARTESIAN_POINT('',(121.68922845312,33.335767320808,
    183.15345442835));
#1279 = CARTESIAN_POINT('',(121.82498603715,33.368605508063,
    182.99639443251));
#1280 = CARTESIAN_POINT('',(121.95734844647,33.40225298174,
    182.83479934066));
#1281 = CARTESIAN_POINT('',(122.08614864111,33.436663063144,
    182.66885846412));
#1282 = CARTESIAN_POINT('',(122.21123180511,33.471787086927,
    182.49877692528));
#1283 = CARTESIAN_POINT('',(122.33245647638,33.507575237878,
    182.32477420931));
#1284 = CARTESIAN_POINT('',(122.4496956764,33.543977387703,
    182.14708271597));
#1285 = CARTESIAN_POINT('',(122.67783796853,33.618517390555,
    181.78183601942));
#1286 = CARTESIAN_POINT('',(122.78860538237,33.656674001121,
    181.59416675205));
#1287 = CARTESIAN_POINT('',(122.89502311814,33.695361717952,
    181.40319437149));
#1288 = CARTESIAN_POINT('',(122.99699027249,33.734529599662,
    181.20918724275));
#1289 = CARTESIAN_POINT('',(123.09442289422,33.774128596205,
    181.0124240365));
#1290 = CARTESIAN_POINT('',(123.18725429738,33.814113247417,
    180.81319258533));
#1291 = CARTESIAN_POINT('',(123.2754349955,33.854444292951,
    180.61178979325));
#1292 = CARTESIAN_POINT('',(123.44471236535,33.936851423429,
    180.19969800095));
#1293 = CARTESIAN_POINT('',(123.52554943135,33.978945002789,
    179.98890562593));
#1294 = CARTESIAN_POINT('',(123.60140798307,34.021341637737,
    179.77647906718));
#1295 = CARTESIAN_POINT('',(123.67227121757,34.06401933536,
    179.56276150101));
#1296 = CARTESIAN_POINT('',(123.73814046083,34.106975882148,
    179.34811410676));
#1297 = CARTESIAN_POINT('',(123.79903431971,34.150231114523,
    179.13291558239));
#1298 = CARTESIAN_POINT('',(123.85498737515,34.193844189611,
    178.91757877164));
#1299 = CARTESIAN_POINT('',(123.95703258974,34.282027772717,
    178.4879644163));
#1300 = CARTESIAN_POINT('',(124.00313785652,34.326596404967,
    178.273693356));
#1301 = CARTESIAN_POINT('',(124.04441459168,34.371823470879,
    178.06028861879));
#1302 = CARTESIAN_POINT('',(124.0809251431,34.417988281558,
    177.84838004166));
#1303 = CARTESIAN_POINT('',(124.11274414848,34.465436066949,
    177.63866117406));
#1304 = CARTESIAN_POINT('',(124.13995199444,34.515034539088,
    177.43239851877));
#1305 = CARTESIAN_POINT('',(124.16263875496,34.567838997725,
    177.23105495029));
#1306 = CARTESIAN_POINT('',(124.18738725269,34.649643718878,
    176.9712027786));
#1307 = CARTESIAN_POINT('',(124.19333588724,34.672143704813,
    176.90403069259));
#1308 = CARTESIAN_POINT('',(124.19871750777,34.695789375017,
    176.83835824353));
#1309 = CARTESIAN_POINT('',(124.20353449853,34.720830624562,
    176.77447809119));
#1310 = CARTESIAN_POINT('',(124.20778862079,34.747575618195,
    176.71275035681));
#1311 = CARTESIAN_POINT('',(124.21148065876,34.77643127015,
    176.65364809226));
#1312 = CARTESIAN_POINT('',(124.21461038895,34.807909695468,
    176.59776445783));
#1313 = CARTESIAN_POINT('',(124.21890429939,34.865810420426,
    176.51068201351));
#1314 = CARTESIAN_POINT('',(124.22037651645,34.890513225212,
    176.47739194135));
#1315 = CARTESIAN_POINT('',(124.22159419548,34.916792265549,
    176.44601257127));
#1316 = CARTESIAN_POINT('',(124.22255730249,34.944802755252,
    176.41672671672));
#1317 = CARTESIAN_POINT('',(124.22326601456,34.974686862485,
    176.38970296014));
#1318 = CARTESIAN_POINT('',(124.22372106115,35.006542714048,
    176.36506041419));
#1319 = CARTESIAN_POINT('',(124.22392400155,35.040399602986,
    176.3428405511));
#1320 = CARTESIAN_POINT('',(124.22387717864,35.07622464359,
    176.32301479373));
#1321 = ORIENTED_EDGE('',*,*,#1322,.T.);
#1322 = EDGE_CURVE('',#1246,#1323,#1325,.T.);
#1323 = VERTEX_POINT('',#1324);
#1324 = CARTESIAN_POINT('',(116.25,1.207189010222,192.99065773984));
#1325 = CIRCLE('',#1326,78.);
#1326 = AXIS2_PLACEMENT_3D('',#1327,#1328,#1329);
#1327 = CARTESIAN_POINT('',(116.25,0.,115.));
#1328 = DIRECTION('',(1.,0.,-2.22044604925E-16));
#1329 = DIRECTION('',(-2.22044604925E-16,0.,-1.));
#1330 = ORIENTED_EDGE('',*,*,#1331,.F.);
#1331 = EDGE_CURVE('',#1332,#1323,#1334,.T.);
#1332 = VERTEX_POINT('',#1333);
#1333 = CARTESIAN_POINT('',(124.22387717864,-4.995527454761,
    185.46913071755));
#1334 = B_SPLINE_CURVE_WITH_KNOTS('',8,(#1335,#1336,#1337,#1338,#1339,
    #1340,#1341,#1342,#1343,#1344,#1345,#1346,#1347,#1348,#1349,#1350,
    #1351,#1352,#1353,#1354,#1355,#1356,#1357,#1358,#1359,#1360,#1361,
    #1362,#1363,#1364,#1365,#1366,#1367,#1368,#1369,#1370,#1371,#1372,
    #1373,#1374,#1375,#1376,#1377,#1378,#1379,#1380,#1381,#1382,#1383,
    #1384,#1385,#1386,#1387,#1388,#1389,#1390,#1391,#1392,#1393,#1394,
    #1395,#1396,#1397,#1398,#1399,#1400,#1401,#1402,#1403,#1404,#1405,
    #1406,#1407,#1408,#1409,#1410,#1411,#1412,#1413),.UNSPECIFIED.,.F.,
  .F.,(9,7,7,7,7,7,7,7,7,7,7,9),(0.,2.958550655064E-02,
    5.811163681876E-02,0.107608388068,0.221635307736,0.334457174807,
    0.44460106578,0.553062152464,0.662398323602,0.77359060305,
    0.88682055978,1.),.UNSPECIFIED.);
#1335 = CARTESIAN_POINT('',(124.22387717864,-4.995527454761,
    185.46913071755));
#1336 = CARTESIAN_POINT('',(124.22392598853,-4.952913379721,
    185.47154759251));
#1337 = CARTESIAN_POINT('',(124.22370338753,-4.911097438402,
    185.47723638446));
#1338 = CARTESIAN_POINT('',(124.22320672103,-4.870099196914,
    185.48624250092));
#1339 = CARTESIAN_POINT('',(124.2224342624,-4.829907864074,
    185.49850471612));
#1340 = CARTESIAN_POINT('',(124.22138526479,-4.79047912116,
    185.51384374006));
#1341 = CARTESIAN_POINT('',(124.22005960417,-4.751748153672,
    185.53200876266));
#1342 = CARTESIAN_POINT('',(124.21845735454,-4.713645383448,
    185.55273370524));
#1343 = CARTESIAN_POINT('',(124.21476718989,-4.639901763066,
    185.5979517903));
#1344 = CARTESIAN_POINT('',(124.21269870004,-4.604221358863,
    185.62228395863));
#1345 = CARTESIAN_POINT('',(124.21037322923,-4.568996939879,
    185.64851497206));
#1346 = CARTESIAN_POINT('',(124.20779081607,-4.534166969348,
    185.6764155642));
#1347 = CARTESIAN_POINT('',(124.20495136378,-4.499675721616,
    185.70577809062));
#1348 = CARTESIAN_POINT('',(124.20185458087,-4.465475225819,
    185.73642338629));
#1349 = CARTESIAN_POINT('',(124.19849997396,-4.431525052288,
    185.76820003629));
#1350 = CARTESIAN_POINT('',(124.18861770098,-4.339254894617,
    185.85784695888));
#1351 = CARTESIAN_POINT('',(124.18157041728,-4.281368525798,
    185.91772657469));
#1352 = CARTESIAN_POINT('',(124.17374168825,-4.223948251998,
    185.97992948538));
#1353 = CARTESIAN_POINT('',(124.16512688543,-4.166869473065,
    186.04397221728));
#1354 = CARTESIAN_POINT('',(124.15572063389,-4.110046394767,
    186.10950660606));
#1355 = CARTESIAN_POINT('',(124.14551718218,-4.053418040778,
    186.17627121151));
#1356 = CARTESIAN_POINT('',(124.13451061353,-3.996939453827,
    186.24406078605));
#1357 = CARTESIAN_POINT('',(124.09547473605,-3.810736975217,
    186.47087147685));
#1358 = CARTESIAN_POINT('',(124.06396091908,-3.681520483289,
    186.63360698183));
#1359 = CARTESIAN_POINT('',(124.02808107009,-3.552534548509,
    186.79893718649));
#1360 = CARTESIAN_POINT('',(123.98776378155,-3.423724213083,
    186.96601865208));
#1361 = CARTESIAN_POINT('',(123.94294748721,-3.295084845198,
    187.13415135126));
#1362 = CARTESIAN_POINT('',(123.89358086412,-3.166686914018,
    187.30286800249));
#1363 = CARTESIAN_POINT('',(123.83962534991,-3.038620735517,
    187.47174711723));
#1364 = CARTESIAN_POINT('',(123.72310520581,-2.784731078665,
    187.8073415249));
#1365 = CARTESIAN_POINT('',(123.66063783492,-2.658898531635,
    187.97405938631));
#1366 = CARTESIAN_POINT('',(123.59362964591,-2.533615644404,
    188.14024518855));
#1367 = CARTESIAN_POINT('',(123.52206984771,-2.409012916941,
    188.30560109575));
#1368 = CARTESIAN_POINT('',(123.44596199849,-2.285232461154,
    188.46985576483));
#1369 = CARTESIAN_POINT('',(123.36532479532,-2.162422897582,
    188.63275225768));
#1370 = CARTESIAN_POINT('',(123.28019254696,-2.040736309678,
    188.79404361617));
#1371 = CARTESIAN_POINT('',(123.10316434569,-1.802776269676,
    189.10916376787));
#1372 = CARTESIAN_POINT('',(123.01147697048,-1.686442776541,
    189.26307842961));
#1373 = CARTESIAN_POINT('',(122.91559959431,-1.571470487053,
    189.41502213928));
#1374 = CARTESIAN_POINT('',(122.81559331347,-1.458004370924,
    189.56478544092));
#1375 = CARTESIAN_POINT('',(122.71153362823,-1.346189044766,
    189.712167631));
#1376 = CARTESIAN_POINT('',(122.60351014094,-1.236167160049,
    189.85697702118));
#1377 = CARTESIAN_POINT('',(122.49162625421,-1.128077791064,
    189.99903120102));
#1378 = CARTESIAN_POINT('',(122.26213806615,-0.917651698584,
    190.27515779916));
#1379 = CARTESIAN_POINT('',(122.14464724302,-0.815252300733,
    190.40931916036));
#1380 = CARTESIAN_POINT('',(122.02363767043,-0.714984727961,
    190.54047661195));
#1381 = CARTESIAN_POINT('',(121.89923322234,-0.616972185649,
    190.66847497357));
#1382 = CARTESIAN_POINT('',(121.77156933509,-0.521331959809,
    190.79316939297));
#1383 = CARTESIAN_POINT('',(121.6407919667,-0.428174390938,
    190.91442608223));
#1384 = CARTESIAN_POINT('',(121.50705655619,-0.337601847885,
    191.0321230538));
#1385 = CARTESIAN_POINT('',(121.23289586332,-0.161104409034,
    191.2610986574));
#1386 = CARTESIAN_POINT('',(121.09242523145,-7.522286258655E-02,
    191.3723179162));
#1387 = CARTESIAN_POINT('',(120.9492827625,7.840987023466E-03,
    191.47969626505));
#1388 = CARTESIAN_POINT('',(120.80364463438,8.800058415475E-02,
    191.58313448642));
#1389 = CARTESIAN_POINT('',(120.65569398022,0.165179216499,
    191.68254675507));
#1390 = CARTESIAN_POINT('',(120.50561934085,0.239310463452,
    191.7778608797));
#1391 = CARTESIAN_POINT('',(120.35361311728,0.310338644478,
    191.86901854475));
#1392 = CARTESIAN_POINT('',(120.04351696173,0.44725224279,
    192.04440875545));
#1393 = CARTESIAN_POINT('',(119.88536744704,0.513029916654,
    192.12849750876));
#1394 = CARTESIAN_POINT('',(119.72562630912,0.575505146313,
    192.20819497089));
#1395 = CARTESIAN_POINT('',(119.56450056442,0.634642787014,
    192.2834694471));
#1396 = CARTESIAN_POINT('',(119.40219779209,0.690419432317,
    192.3543038812));
#1397 = CARTESIAN_POINT('',(119.23892451026,0.742823154398,
    192.42069534766));
#1398 = CARTESIAN_POINT('',(119.07488455231,0.791853244354,
    192.4826545438));
#1399 = CARTESIAN_POINT('',(118.74265379216,0.884023535435,
    192.59881067807));
#1400 = CARTESIAN_POINT('',(118.57444191288,0.927039333683,
    192.65284456094));
#1401 = CARTESIAN_POINT('',(118.40585276356,0.966577904259,
    192.70233181313));
#1402 = CARTESIAN_POINT('',(118.23709244004,1.002661508739,
    192.7473113315));
#1403 = CARTESIAN_POINT('',(118.06836099781,1.035323239339,
    192.78783488485));
#1404 = CARTESIAN_POINT('',(117.89985127401,1.064606144977,
    192.82396597159));
#1405 = CARTESIAN_POINT('',(117.73174770943,1.090562357338,
    192.85577867743));
#1406 = CARTESIAN_POINT('',(117.39677737035,1.13593195367,192.9109220851
    ));
#1407 = CARTESIAN_POINT('',(117.22991003543,1.155348230435,
    192.9342565429));
#1408 = CARTESIAN_POINT('',(117.06379814349,1.171561222627,
    192.95344326477));
#1409 = CARTESIAN_POINT('',(116.89860706367,1.184639176161,
    192.96857490445));
#1410 = CARTESIAN_POINT('',(116.73449216455,1.194657354258,
    192.9797521376));
#1411 = CARTESIAN_POINT('',(116.57159842236,1.201696984232,
    192.98708238832));
#1412 = CARTESIAN_POINT('',(116.41006002896,1.205844204271,
    192.9906785556));
#1413 = CARTESIAN_POINT('',(116.25,1.207189010222,192.99065773984));
#1414 = ORIENTED_EDGE('',*,*,#1415,.F.);
#1415 = EDGE_CURVE('',#1416,#1332,#1418,.T.);
#1416 = VERTEX_POINT('',#1417);
#1417 = CARTESIAN_POINT('',(124.22387717864,-26.0745952126,
    180.6579710556));
#1418 = B_SPLINE_CURVE_WITH_KNOTS('',5,(#1419,#1420,#1421,#1422,#1423,
    #1424,#1425,#1426,#1427,#1428,#1429,#1430,#1431,#1432,#1433,#1434,
    #1435,#1436,#1437,#1438,#1439,#1440,#1441,#1442,#1443,#1444,#1445,
    #1446,#1447,#1448,#1449,#1450,#1451,#1452),.UNSPECIFIED.,.F.,.F.,(6,
    4,4,4,4,4,4,4,6),(0.,0.125726710388,0.250635113424,0.375260106851,
    0.49968784995,0.62168440666,0.743832668039,0.866288894673,1.),
  .UNSPECIFIED.);
#1419 = CARTESIAN_POINT('',(124.223967314,-26.147148149,180.62791313018)
  );
#1420 = CARTESIAN_POINT('',(124.22332901181,-25.63535593473,
    180.84031509176));
#1421 = CARTESIAN_POINT('',(124.22273249882,-25.12194376205,
    181.04682867102));
#1422 = CARTESIAN_POINT('',(124.22217729827,-24.60695617828,
    181.24751509754));
#1423 = CARTESIAN_POINT('',(124.22166302252,-24.0904321524,
    181.44242352708));
#1424 = CARTESIAN_POINT('',(124.22071880641,-23.05774963892,
    181.81952733675));
#1425 = CARTESIAN_POINT('',(124.22028833612,-22.54161092181,
    182.00179756261));
#1426 = CARTESIAN_POINT('',(124.21989766602,-22.02402192904,
    182.17843854167));
#1427 = CARTESIAN_POINT('',(124.21954655939,-21.50501223918,
    182.34947897144));
#1428 = CARTESIAN_POINT('',(124.21892382588,-20.46538453464,
    182.68002445776));
#1429 = CARTESIAN_POINT('',(124.21865201926,-19.94477299113,
    182.83955495294));
#1430 = CARTESIAN_POINT('',(124.21841924165,-19.42279945467,
    182.99355153871));
#1431 = CARTESIAN_POINT('',(124.21822536255,-18.89948769529,
    183.14202833228));
#1432 = CARTESIAN_POINT('',(124.2179154798,-17.85106100469,
    183.4277312692));
#1433 = CARTESIAN_POINT('',(124.21779935291,-17.32595033919,
    183.56497489498));
#1434 = CARTESIAN_POINT('',(124.21772183387,-16.79954858139,
    183.69673149825));
#1435 = CARTESIAN_POINT('',(124.21768288079,-16.27187552608,
    183.8230028353));
#1436 = CARTESIAN_POINT('',(124.21768211435,-15.22435784496,
    184.0622066888));
#1437 = CARTESIAN_POINT('',(124.21771880862,-14.70456178341,
    184.1753516094));
#1438 = CARTESIAN_POINT('',(124.21779257612,-14.18357833422,
    184.2832156548));
#1439 = CARTESIAN_POINT('',(124.21790345517,-13.66142361943,
    184.3857894076));
#1440 = CARTESIAN_POINT('',(124.21819977468,-12.61415107734,
    184.58044730183));
#1441 = CARTESIAN_POINT('',(124.21838530812,-12.08903043649,
    184.67251816411));
#1442 = CARTESIAN_POINT('',(124.21860819985,-11.5627659413,
    184.7592555249));
#1443 = CARTESIAN_POINT('',(124.21886856969,-11.03537203774,
    184.84063814453));
#1444 = CARTESIAN_POINT('',(124.21946534284,-9.977020412183,
    184.99283043647));
#1445 = CARTESIAN_POINT('',(124.21980193724,-9.446057122268,
    185.06361276192));
#1446 = CARTESIAN_POINT('',(124.22017652669,-8.913986449349,
    185.12895790321));
#1447 = CARTESIAN_POINT('',(124.22058932819,-8.380821818627,
    185.18883030189));
#1448 = CARTESIAN_POINT('',(124.22153337469,-7.263228461765,
    185.30253832862));
#1449 = CARTESIAN_POINT('',(124.22207201935,-6.678592035091,
    185.35531322848));
#1450 = CARTESIAN_POINT('',(124.22265690546,-6.092683632881,
    185.40145357657));
#1451 = CARTESIAN_POINT('',(124.22328847572,-5.505520294573,
    185.44088918584));
#1452 = CARTESIAN_POINT('',(124.223967314,-4.917117872726,
    185.47352900185));
#1453 = ORIENTED_EDGE('',*,*,#1454,.F.);
#1454 = EDGE_CURVE('',#1455,#1416,#1457,.T.);
#1455 = VERTEX_POINT('',#1456);
#1456 = CARTESIAN_POINT('',(116.25,-34.92651791228,184.74337492925));
#1457 = B_SPLINE_CURVE_WITH_KNOTS('',8,(#1458,#1459,#1460,#1461,#1462,
    #1463,#1464,#1465,#1466,#1467,#1468,#1469,#1470,#1471,#1472,#1473,
    #1474,#1475,#1476,#1477,#1478,#1479,#1480,#1481,#1482,#1483,#1484,
    #1485,#1486,#1487,#1488,#1489,#1490,#1491,#1492,#1493,#1494,#1495,
    #1496,#1497,#1498,#1499,#1500,#1501,#1502,#1503,#1504,#1505,#1506,
    #1507,#1508,#1509,#1510,#1511,#1512,#1513,#1514,#1515),
  .UNSPECIFIED.,.F.,.F.,(9,7,7,7,7,7,7,7,9),(0.,0.202955060293,
    0.401649457111,0.596447807082,0.796772396689,0.85869580555,
    0.921060854278,0.963383855955,1.),.UNSPECIFIED.);
#1458 = CARTESIAN_POINT('',(116.25,-34.92651791228,184.74337492925));
#1459 = CARTESIAN_POINT('',(116.5370215746,-34.92436140142,
    184.74445488008));
#1460 = CARTESIAN_POINT('',(116.82879757892,-34.90903929701,
    184.73896573406));
#1461 = CARTESIAN_POINT('',(117.12461716663,-34.87979152455,
    184.7265243857));
#1462 = CARTESIAN_POINT('',(117.42365763143,-34.83591170583,
    184.70676935954));
#1463 = CARTESIAN_POINT('',(117.72498441062,-34.77677675681,
    184.67937385582));
#1464 = CARTESIAN_POINT('',(118.02755974864,-34.70187485207,
    184.64405867295));
#1465 = CARTESIAN_POINT('',(118.33026002049,-34.61083175572,
    184.60060500691));
#1466 = CARTESIAN_POINT('',(118.92721100396,-34.39829386587,
    184.49821538842));
#1467 = CARTESIAN_POINT('',(119.22150664959,-34.27747787113,
    184.43962333626));
#1468 = CARTESIAN_POINT('',(119.51367815424,-34.14078837658,
    184.3729541256));
#1469 = CARTESIAN_POINT('',(119.80255999175,-33.98817218121,
    184.29813675315));
#1470 = CARTESIAN_POINT('',(120.0869578597,-33.81974232537,
    184.21517668069));
#1471 = CARTESIAN_POINT('',(120.36567761476,-33.63578816463,
    184.12416274985));
#1472 = CARTESIAN_POINT('',(120.63755689127,-33.43677523286,
    184.02527038867));
#1473 = CARTESIAN_POINT('',(121.16026646759,-33.01407974524,
    183.81434029047));
#1474 = CARTESIAN_POINT('',(121.41140572919,-32.79095670788,
    183.70259807029));
#1475 = CARTESIAN_POINT('',(121.65388411951,-32.55455951868,
    183.58377988292));
#1476 = CARTESIAN_POINT('',(121.88672812049,-32.3056348207,
    183.45821161417));
#1477 = CARTESIAN_POINT('',(122.10905374421,-32.04506847902,
    183.3262953808));
#1478 = CARTESIAN_POINT('',(122.3200895313,-31.77386585196,
    183.18850564845));
#1479 = CARTESIAN_POINT('',(122.51919256811,-31.49312601864,
    183.045385689));
#1480 = CARTESIAN_POINT('',(122.89781797997,-30.90669196602,
    182.74550895141));
#1481 = CARTESIAN_POINT('',(123.07662482909,-30.60051554724,
    182.58848095611));
#1482 = CARTESIAN_POINT('',(123.24172845534,-30.28674284155,
    182.42711977096));
#1483 = CARTESIAN_POINT('',(123.3927320954,-29.96670963218,
    182.26217785535));
#1484 = CARTESIAN_POINT('',(123.52940056977,-29.64178325977,
    182.09444405048));
#1485 = CARTESIAN_POINT('',(123.65165679321,-29.31335385438,
    181.92489583008));
#1486 = CARTESIAN_POINT('',(123.75957032527,-28.98277663507,
    181.75453133565));
#1487 = CARTESIAN_POINT('',(123.88231827252,-28.54906703239,
    181.53275638524));
#1488 = CARTESIAN_POINT('',(123.9099501439,-28.44658823513,
    181.48048126562));
#1489 = CARTESIAN_POINT('',(123.93623569314,-28.34408253418,
    181.42834980685));
#1490 = CARTESIAN_POINT('',(123.9611817431,-28.24159289282,
    181.37642265967));
#1491 = CARTESIAN_POINT('',(123.98479617618,-28.13916320976,
    181.32476953091));
#1492 = CARTESIAN_POINT('',(124.00708785059,-28.03683902331,
    181.27347369156));
#1493 = CARTESIAN_POINT('',(124.02806648342,-27.93466889988,
    181.22264050218));
#1494 = CARTESIAN_POINT('',(124.06755884829,-27.73001691397,
    181.12182116298));
#1495 = CARTESIAN_POINT('',(124.08605384435,-27.62753849247,
    181.0718439036));
#1496 = CARTESIAN_POINT('',(124.10323823831,-27.5253258153,
    181.02262217042));
#1497 = CARTESIAN_POINT('',(124.11912341199,-27.42343900856,
    180.97433544067));
#1498 = CARTESIAN_POINT('',(124.13372117901,-27.32194765553,
    180.92722193176));
#1499 = CARTESIAN_POINT('',(124.14704361781,-27.22093422932,
    180.88159912879));
#1500 = CARTESIAN_POINT('',(124.1591026,-27.12050415517,180.83792337477)
  );
#1501 = CARTESIAN_POINT('',(124.17724203899,-26.9531535573,
    180.76911105778));
#1502 = CARTESIAN_POINT('',(124.18399825232,-26.88583750524,
    180.74252811368));
#1503 = CARTESIAN_POINT('',(124.19018076593,-26.81890773575,
    180.71740936186));
#1504 = CARTESIAN_POINT('',(124.19579252678,-26.75242277119,
    180.69404898175));
#1505 = CARTESIAN_POINT('',(124.20083601579,-26.68645399993,
    180.67281136138));
#1506 = CARTESIAN_POINT('',(124.20531295484,-26.621093952,
    180.65417938516));
#1507 = CARTESIAN_POINT('',(124.20922410628,-26.55646158337,
    180.63878532801));
#1508 = CARTESIAN_POINT('',(124.21546396293,-26.43752474947,
    180.61748008789));
#1509 = CARTESIAN_POINT('',(124.21793498405,-26.383001808,
    180.61056904273));
#1510 = CARTESIAN_POINT('',(124.21998255785,-26.32921684464,
    180.60710794904));
#1511 = CARTESIAN_POINT('',(124.22160642499,-26.27626894429,
    180.60761018852));
#1512 = CARTESIAN_POINT('',(124.2228061354,-26.22426703891,
    180.61263813199));
#1513 = CARTESIAN_POINT('',(124.22358225586,-26.17330080547,
    180.62263929004));
#1514 = CARTESIAN_POINT('',(124.22393758854,-26.12341161854,
    180.637782364));
#1515 = CARTESIAN_POINT('',(124.22387717864,-26.0745952126,
    180.6579710556));
#1516 = ORIENTED_EDGE('',*,*,#1517,.T.);
#1517 = EDGE_CURVE('',#1455,#1518,#1520,.T.);
#1518 = VERTEX_POINT('',#1519);
#1519 = CARTESIAN_POINT('',(116.25,-60.22288152261,164.57019811452));
#1520 = CIRCLE('',#1521,78.);
#1521 = AXIS2_PLACEMENT_3D('',#1522,#1523,#1524);
#1522 = CARTESIAN_POINT('',(116.25,0.,115.));
#1523 = DIRECTION('',(1.,0.,-2.22044604925E-16));
#1524 = DIRECTION('',(-2.22044604925E-16,0.,-1.));
#1525 = ORIENTED_EDGE('',*,*,#1526,.F.);
#1526 = EDGE_CURVE('',#1527,#1518,#1529,.T.);
#1527 = VERTEX_POINT('',#1528);
#1528 = CARTESIAN_POINT('',(124.22387717864,-58.20964536009,
    155.03112371258));
#1529 = B_SPLINE_CURVE_WITH_KNOTS('',8,(#1530,#1531,#1532,#1533,#1534,
    #1535,#1536,#1537,#1538,#1539,#1540,#1541,#1542,#1543,#1544,#1545,
    #1546,#1547,#1548,#1549,#1550,#1551,#1552,#1553,#1554,#1555,#1556,
    #1557,#1558,#1559,#1560,#1561,#1562,#1563,#1564,#1565,#1566,#1567,
    #1568,#1569,#1570,#1571,#1572,#1573,#1574,#1575,#1576,#1577,#1578,
    #1579,#1580,#1581,#1582,#1583,#1584,#1585,#1586,#1587,#1588,#1589,
    #1590,#1591,#1592,#1593,#1594,#1595,#1596,#1597,#1598,#1599,#1600,
    #1601,#1602,#1603,#1604,#1605,#1606,#1607,#1608),.UNSPECIFIED.,.F.,
  .F.,(9,7,7,7,7,7,7,7,7,7,7,9),(0.,2.958550655024E-02,
    5.811163681805E-02,0.107608388067,0.221635307734,0.334457174805,
    0.444601065778,0.553062152463,0.662398323601,0.773590603049,
    0.88682055978,1.),.UNSPECIFIED.);
#1530 = CARTESIAN_POINT('',(124.22387717864,-58.20964536009,
    155.03112371258));
#1531 = CARTESIAN_POINT('',(124.22392598853,-58.18496550782,
    155.06594763493));
#1532 = CARTESIAN_POINT('',(124.22370338753,-58.16334137149,
    155.10218755808));
#1533 = CARTESIAN_POINT('',(124.22320672103,-58.14482065141,
    155.13985649577));
#1534 = CARTESIAN_POINT('',(124.2224342624,-58.12934875115,
    155.17892471124));
#1535 = CARTESIAN_POINT('',(124.22138526479,-58.11675786387,
    155.21931506875));
#1536 = CARTESIAN_POINT('',(124.22005960417,-58.10681148717,
    155.26092186482));
#1537 = CARTESIAN_POINT('',(124.21845735454,-58.0992582111,
    155.3036336005));
#1538 = CARTESIAN_POINT('',(124.21476718989,-58.08863273832,
    155.38948169944));
#1539 = CARTESIAN_POINT('',(124.21269870004,-58.0854100254,
    155.43254862156));
#1540 = CARTESIAN_POINT('',(124.21037322923,-58.0839561915,
    155.47644295064));
#1541 = CARTESIAN_POINT('',(124.20779081607,-58.0840536214,
    155.52106985281));
#1542 = CARTESIAN_POINT('',(124.20495136378,-58.08550522774,
    155.56634343193));
#1543 = CARTESIAN_POINT('',(124.20185458087,-58.08814102434,
    155.61218948558));
#1544 = CARTESIAN_POINT('',(124.19849997396,-58.09181742275,
    155.6585452173));
#1545 = CARTESIAN_POINT('',(124.18861770098,-58.10437670681,
    155.78657887346));
#1546 = CARTESIAN_POINT('',(124.18157041728,-58.11510091499,
    155.86917058881));
#1547 = CARTESIAN_POINT('',(124.17374168826,-58.12793215373,
    155.95284644706));
#1548 = CARTESIAN_POINT('',(124.16512688543,-58.14241474119,
    156.03740242363));
#1549 = CARTESIAN_POINT('',(124.15572063389,-58.15822297969,
    156.12268851825));
#1550 = CARTESIAN_POINT('',(124.14551718218,-58.17511444894,
    156.20858939882));
#1551 = CARTESIAN_POINT('',(124.13451061353,-58.19290064951,
    156.29501224459));
#1552 = CARTESIAN_POINT('',(124.09547473605,-58.25413304164,
    156.58200535714));
#1553 = CARTESIAN_POINT('',(124.06396091909,-58.3007996178,
    156.78449480633));
#1554 = CARTESIAN_POINT('',(124.02808107008,-58.3496385619,
    156.9884217675));
#1555 = CARTESIAN_POINT('',(123.98776378157,-58.3999561813,
    157.19330333285));
#1556 = CARTESIAN_POINT('',(123.9429474872,-58.45120228478,
    157.39870666388));
#1557 = CARTESIAN_POINT('',(123.89358086412,-58.50305547364,
    157.60428532018));
#1558 = CARTESIAN_POINT('',(123.83962534991,-58.55524252602,
    157.80970589617));
#1559 = CARTESIAN_POINT('',(123.72310520581,-58.65932318744,
    158.21744451371));
#1560 = CARTESIAN_POINT('',(123.66063783492,-58.71121315036,
    158.41977124688));
#1561 = CARTESIAN_POINT('',(123.59362964591,-58.76302983995,
    158.62133650523));
#1562 = CARTESIAN_POINT('',(123.52206984771,-58.81462176416,
    158.82185256218));
#1563 = CARTESIAN_POINT('',(123.44596199849,-58.86586538373,
    159.02103913051));
#1564 = CARTESIAN_POINT('',(123.36532479532,-58.91665247977,
    159.21861981571));
#1565 = CARTESIAN_POINT('',(123.28019254696,-58.9668847951,
    159.41432173827));
#1566 = CARTESIAN_POINT('',(123.10316434569,-59.06488999228,
    159.79684059006));
#1567 = CARTESIAN_POINT('',(123.01147697048,-59.11269257385,
    159.98375799941));
#1568 = CARTESIAN_POINT('',(122.91559959431,-59.15980289964,
    160.16838230838));
#1569 = CARTESIAN_POINT('',(122.81559331347,-59.20614759752,
    160.35046958143));
#1570 = CARTESIAN_POINT('',(122.71153362823,-59.25165991813,
    160.52978161614));
#1571 = CARTESIAN_POINT('',(122.60351014095,-59.29627893523,
    160.70608736736));
#1572 = CARTESIAN_POINT('',(122.49162625421,-59.33994874599,
    160.87916437139));
#1573 = CARTESIAN_POINT('',(122.26213806615,-59.42463469086,
    161.21584423319));
#1574 = CARTESIAN_POINT('',(122.14464724302,-59.4656812865,
    161.37955154673));
#1575 = CARTESIAN_POINT('',(122.02363767043,-59.50570850223,
    161.5397192253));
#1576 = CARTESIAN_POINT('',(121.89923322234,-59.54467183046,
    161.69615418967));
#1577 = CARTESIAN_POINT('',(121.77156933509,-59.58253114778,
    161.84867442807));
#1578 = CARTESIAN_POINT('',(121.6407919667,-59.61925065074,
    161.9971102574));
#1579 = CARTESIAN_POINT('',(121.50705655619,-59.65479879159,
    162.1413055845));
#1580 = CARTESIAN_POINT('',(121.23289586332,-59.72377477403,
    162.42206079249));
#1581 = CARTESIAN_POINT('',(121.09242523145,-59.75718322363,
    162.55854976289));
#1582 = CARTESIAN_POINT('',(120.9492827625,-59.78934553416,
    162.69044100102));
#1583 = CARTESIAN_POINT('',(120.80364463438,-59.82023810079,
    162.81760497383));
#1584 = CARTESIAN_POINT('',(120.65569398022,-59.84984165197,
    162.93992819405));
#1585 = CARTESIAN_POINT('',(120.50561934085,-59.87814115886,
    163.05731372143));
#1586 = CARTESIAN_POINT('',(120.35361311728,-59.90512574475,
    163.16968166402));
#1587 = CARTESIAN_POINT('',(120.04351696173,-59.95688710091,
    163.38607903328));
#1588 = CARTESIAN_POINT('',(119.88536744704,-59.98161862672,
    163.48993456968));
#1589 = CARTESIAN_POINT('',(119.72562630912,-60.00497594312,
    163.58847022598));
#1590 = CARTESIAN_POINT('',(119.56450056442,-60.02695618257,
    163.68163876353));
#1591 = CARTESIAN_POINT('',(119.40219779209,-60.04756060366,
    163.7694112481));
#1592 = CARTESIAN_POINT('',(119.23892451026,-60.06679435601,
    163.85177653009));
#1593 = CARTESIAN_POINT('',(119.07488455231,-60.08466624512,
    163.92874072493));
#1594 = CARTESIAN_POINT('',(118.74265379216,-60.11801353125,
    164.07322452539));
#1595 = CARTESIAN_POINT('',(118.57444191288,-60.13343901047,
    164.14054520563));
#1596 = CARTESIAN_POINT('',(118.40585276356,-60.14747780668,
    164.20231250194));
#1597 = CARTESIAN_POINT('',(118.23709244004,-60.1601464508,
    164.25856807092));
#1598 = CARTESIAN_POINT('',(118.06836099781,-60.17146478465,
    164.30937006242));
#1599 = CARTESIAN_POINT('',(117.89985127401,-60.18145561272,
    164.35479172406));
#1600 = CARTESIAN_POINT('',(117.73174770943,-60.19014435399,
    164.39492000571));
#1601 = CARTESIAN_POINT('',(117.39677737035,-60.20496972552,
    164.46477273679));
#1602 = CARTESIAN_POINT('',(117.22991003543,-60.21110748871,
    164.49450178971));
#1603 = CARTESIAN_POINT('',(117.06379814349,-60.21599963662,
    164.51914034285));
#1604 = CARTESIAN_POINT('',(116.89860706367,-60.21967605825,
    164.53879952167));
#1605 = CARTESIAN_POINT('',(116.73449216455,-60.22216853913,
    164.55360093958));
#1606 = CARTESIAN_POINT('',(116.57159842236,-60.22351042242,
    164.56367508049));
#1607 = CARTESIAN_POINT('',(116.41006002896,-60.22373626982,
    164.56915968131));
#1608 = CARTESIAN_POINT('',(116.25,-60.22288152261,164.57019811452));
#1609 = ORIENTED_EDGE('',*,*,#1610,.F.);
#1610 = EDGE_CURVE('',#1611,#1527,#1613,.T.);
#1611 = VERTEX_POINT('',#1612);
#1612 = CARTESIAN_POINT('',(124.22387717864,-67.5907130489,
    135.55113593407));
#1613 = B_SPLINE_CURVE_WITH_KNOTS('',5,(#1614,#1615,#1616,#1617,#1618,
    #1619,#1620,#1621,#1622,#1623,#1624,#1625,#1626,#1627,#1628,#1629,
    #1630,#1631,#1632,#1633,#1634,#1635,#1636,#1637,#1638,#1639,#1640,
    #1641,#1642,#1643,#1644,#1645,#1646,#1647),.UNSPECIFIED.,.F.,.F.,(6,
    4,4,4,4,4,4,4,6),(0.,0.125726710387,0.250635113424,0.375260106851,
    0.49968784995,0.62168440666,0.743832668039,0.866288894673,1.),
  .UNSPECIFIED.);
#1614 = CARTESIAN_POINT('',(124.223967314,-67.61244883244,
    135.47567095429));
#1615 = CARTESIAN_POINT('',(124.22332901181,-67.45941414667,
    136.00823667683));
#1616 = CARTESIAN_POINT('',(124.22273249882,-67.30076571068,
    136.53839758753));
#1617 = CARTESIAN_POINT('',(124.22217729827,-67.13657917048,
    137.0661570339));
#1618 = CARTESIAN_POINT('',(124.22166302252,-66.96691725434,
    137.59151519689));
#1619 = CARTESIAN_POINT('',(124.22071880641,-66.61788186918,
    138.6340192769));
#1620 = CARTESIAN_POINT('',(124.22028833612,-66.43857924362,
    139.15119640226));
#1621 = CARTESIAN_POINT('',(124.21989766602,-66.25397126359,
    139.66599762082));
#1622 = CARTESIAN_POINT('',(124.21954655939,-66.06409880766,
    140.17841769973));
#1623 = CARTESIAN_POINT('',(124.21892382588,-65.67433240376,
    141.19732310895));
#1624 = CARTESIAN_POINT('',(124.21865201926,-65.47446237919,
    141.70381924064));
#1625 = CARTESIAN_POINT('',(124.21841924165,-65.26941658132,
    142.2079298852));
#1626 = CARTESIAN_POINT('',(124.21822536255,-65.05922086778,
    142.70964526044));
#1627 = CARTESIAN_POINT('',(124.2179154798,-64.62890906891,
    143.70747112174));
#1628 = CARTESIAN_POINT('',(124.21779935291,-64.40880931153,
    144.20358917286));
#1629 = CARTESIAN_POINT('',(124.21772183387,-64.18361464431,
    144.69729553799));
#1630 = CARTESIAN_POINT('',(124.21768288079,-63.95333878225,
    145.188575836));
#1631 = CARTESIAN_POINT('',(124.21768211435,-63.4872392942,
    146.15669930077));
#1632 = CARTESIAN_POINT('',(124.21771880862,-63.25161201179,
    146.63363693027));
#1633 = CARTESIAN_POINT('',(124.21779257612,-63.0111156508,147.108210325
    ));
#1634 = CARTESIAN_POINT('',(124.21790345517,-62.76575290035,
    147.58040100854));
#1635 = CARTESIAN_POINT('',(124.21819977468,-62.2649788206,
    148.52055886458));
#1636 = CARTESIAN_POINT('',(124.21838530812,-62.00955535504,
    148.98851995737));
#1637 = CARTESIAN_POINT('',(124.21860819985,-61.74924880858,
    149.45404996771));
#1638 = CARTESIAN_POINT('',(124.21886856969,-61.4840515823,
    149.91712435856));
#1639 = CARTESIAN_POINT('',(124.21946534284,-60.94316886221,
    150.83946732089));
#1640 = CARTESIAN_POINT('',(124.21980193724,-60.66745851623,
    151.29872319505));
#1641 = CARTESIAN_POINT('',(124.22017652669,-60.38680676648,
    151.75545482723));
#1642 = CARTESIAN_POINT('',(124.22058932819,-60.10119418274,
    152.20962955086));
#1643 = CARTESIAN_POINT('',(124.22153337469,-59.49328663721,
    153.15429501691));
#1644 = CARTESIAN_POINT('',(124.22207201935,-59.17003286558,
    153.64428679294));
#1645 = CARTESIAN_POINT('',(124.22265690546,-58.84079892872,
    154.13113646411));
#1646 = CARTESIAN_POINT('',(124.22328847572,-58.50554057613,
    154.61478694757));
#1647 = CARTESIAN_POINT('',(124.223967314,-58.16419650245,
    155.09516907774));
#1648 = ORIENTED_EDGE('',*,*,#1649,.F.);
#1649 = EDGE_CURVE('',#1650,#1611,#1652,.T.);
#1650 = VERTEX_POINT('',#1651);
#1651 = CARTESIAN_POINT('',(116.25,-76.30389394601,131.17763173879));
#1652 = B_SPLINE_CURVE_WITH_KNOTS('',8,(#1653,#1654,#1655,#1656,#1657,
    #1658,#1659,#1660,#1661,#1662,#1663,#1664,#1665,#1666,#1667,#1668,
    #1669,#1670,#1671,#1672,#1673,#1674,#1675,#1676,#1677,#1678,#1679,
    #1680,#1681,#1682,#1683,#1684,#1685,#1686,#1687,#1688,#1689,#1690,
    #1691,#1692,#1693,#1694,#1695,#1696,#1697,#1698,#1699,#1700,#1701,
    #1702,#1703,#1704,#1705,#1706,#1707,#1708,#1709,#1710),
  .UNSPECIFIED.,.F.,.F.,(9,7,7,7,7,7,7,7,9),(0.,0.202955060294,
    0.401649457113,0.596447807085,0.79677239669,0.85869580555,
    0.921060854278,0.963383855955,1.),.UNSPECIFIED.);
#1653 = CARTESIAN_POINT('',(116.25,-76.30389394601,131.17763173879));
#1654 = CARTESIAN_POINT('',(116.5370215746,-76.30339372303,
    131.1799911052));
#1655 = CARTESIAN_POINT('',(116.82879757892,-76.28954896002,
    131.18854798224));
#1656 = CARTESIAN_POINT('',(117.12461716663,-76.26158623433,
    131.20365775772));
#1657 = CARTESIAN_POINT('',(117.42365763143,-76.21878251347,
    131.2256473241));
#1658 = CARTESIAN_POINT('',(117.72498441062,-76.16049380853,
    131.25480007176));
#1659 = CARTESIAN_POINT('',(118.02755974864,-76.08618271301,
    131.29134208261));
#1660 = CARTESIAN_POINT('',(118.33026002049,-75.99544482677,
    131.33542952398));
#1661 = CARTESIAN_POINT('',(118.92721100396,-75.78287819272,
    131.43775945453));
#1662 = CARTESIAN_POINT('',(119.22150664959,-75.6617415411,
    131.49568565581));
#1663 = CARTESIAN_POINT('',(119.51367815424,-75.52439294742,
    131.56098623303));
#1664 = CARTESIAN_POINT('',(119.80255999175,-75.37074372879,
    131.63365851058));
#1665 = CARTESIAN_POINT('',(120.0869578597,-75.20086863491,
    131.71361751532));
#1666 = CARTESIAN_POINT('',(120.36567761476,-75.01501753521,
    131.80069241181));
#1667 = CARTESIAN_POINT('',(120.63755689127,-74.81361784046,
    131.89462860862));
#1668 = CARTESIAN_POINT('',(121.16026646759,-74.38515972326,
    132.0935924832));
#1669 = CARTESIAN_POINT('',(121.41140572919,-74.15868119926,
    132.19836696355));
#1670 = CARTESIAN_POINT('',(121.65388411951,-73.91839416302,
    132.30910780034));
#1671 = CARTESIAN_POINT('',(121.88672812049,-73.6650189267,
    132.42543443098));
#1672 = CARTESIAN_POINT('',(122.10905374421,-73.39942220566,
    132.54690497397));
#1673 = CARTESIAN_POINT('',(122.32008953131,-73.12260178273,
    132.67302923301));
#1674 = CARTESIAN_POINT('',(122.51919256811,-72.83566766962,
    132.80328663792));
#1675 = CARTESIAN_POINT('',(122.89781797996,-72.23557894404,
    133.07480915495));
#1676 = CARTESIAN_POINT('',(123.0766248291,-71.92191163898,
    133.21628216467));
#1677 = CARTESIAN_POINT('',(123.24172845533,-71.60012030234,
    133.36099249094));
#1678 = CARTESIAN_POINT('',(123.39273209541,-71.27162607755,
    133.50836492721));
#1679 = CARTESIAN_POINT('',(123.52940056976,-70.93789822877,
    133.65782227786));
#1680 = CARTESIAN_POINT('',(123.65165679322,-70.60056770731,
    133.80888714044));
#1681 = CARTESIAN_POINT('',(123.75957032527,-70.26125985713,
    133.96112229299));
#1682 = CARTESIAN_POINT('',(123.88231827252,-69.81745570463,
    134.16193569473));
#1683 = CARTESIAN_POINT('',(123.9099501439,-69.71269088537,
    134.20946384074));
#1684 = CARTESIAN_POINT('',(123.93623569314,-69.6080216105,
    134.25710259197));
#1685 = CARTESIAN_POINT('',(123.9611817431,-69.50352208586,
    134.30485617351));
#1686 = CARTESIAN_POINT('',(123.98479617618,-69.39927418083,
    134.35273372545));
#1687 = CARTESIAN_POINT('',(124.00708785059,-69.29537139197,
    134.40075156312));
#1688 = CARTESIAN_POINT('',(124.02806648342,-69.19192637414,
    134.44893740702));
#1689 = CARTESIAN_POINT('',(124.06755884829,-68.98550421457,
    134.54608094273));
#1690 = CARTESIAN_POINT('',(124.08605384434,-68.88253616907,
    134.59504148738));
#1691 = CARTESIAN_POINT('',(124.10323823831,-68.7803245066,
    134.64426532764));
#1692 = CARTESIAN_POINT('',(124.11912341199,-68.67904703615,
    134.69381735723));
#1693 = CARTESIAN_POINT('',(124.13372117901,-68.57893338806,
    134.74379169988));
#1694 = CARTESIAN_POINT('',(124.14704361781,-68.48028320328,
    134.79432182426));
#1695 = CARTESIAN_POINT('',(124.1591026,-68.38351899673,134.8456098308)
  );
#1696 = CARTESIAN_POINT('',(124.17724203899,-68.22537796982,
    134.93354601895));
#1697 = CARTESIAN_POINT('',(124.18399825232,-68.16262371526,
    134.96960163316));
#1698 = CARTESIAN_POINT('',(124.19018076593,-68.10125505558,
    135.00626814848));
#1699 = CARTESIAN_POINT('',(124.19579252678,-68.04153847758,
    135.04368322811));
#1700 = CARTESIAN_POINT('',(124.20083601579,-67.98380338124,
    135.08201825063));
#1701 = CARTESIAN_POINT('',(124.20531295484,-67.92848499232,
    135.12150194663));
#1702 = CARTESIAN_POINT('',(124.20922410628,-67.87615181109,
    135.16243552957));
#1703 = CARTESIAN_POINT('',(124.21546396293,-67.78533880061,
    135.2421404908));
#1704 = CARTESIAN_POINT('',(124.21793498405,-67.74594102996,
    135.28045927678));
#1705 = CARTESIAN_POINT('',(124.21998255785,-67.70970066181,
    135.3203520978));
#1706 = CARTESIAN_POINT('',(124.22160642499,-67.67708085254,
    135.36206157442));
#1707 = CARTESIAN_POINT('',(124.2228061354,-67.64858919935,
    135.40585317267));
#1708 = CARTESIAN_POINT('',(124.22358225586,-67.62463149279,
    135.45193579857));
#1709 = CARTESIAN_POINT('',(124.22393758854,-67.60536542548,
    135.50038228773));
#1710 = CARTESIAN_POINT('',(124.22387717864,-67.5907130489,
    135.55113593407));
#1711 = ORIENTED_EDGE('',*,*,#1712,.T.);
#1712 = EDGE_CURVE('',#1650,#1713,#1715,.T.);
#1713 = VERTEX_POINT('',#1714);
#1714 = CARTESIAN_POINT('',(116.25,-76.30389394601,98.822368261207));
#1715 = CIRCLE('',#1716,78.);
#1716 = AXIS2_PLACEMENT_3D('',#1717,#1718,#1719);
#1717 = CARTESIAN_POINT('',(116.25,0.,115.));
#1718 = DIRECTION('',(1.,0.,-2.22044604925E-16));
#1719 = DIRECTION('',(-2.22044604925E-16,0.,-1.));
#1720 = ORIENTED_EDGE('',*,*,#1721,.F.);
#1721 = EDGE_CURVE('',#1722,#1713,#1724,.T.);
#1722 = VERTEX_POINT('',#1723);
#1723 = CARTESIAN_POINT('',(124.22387717864,-67.5907130489,
    94.448864065923));
#1724 = B_SPLINE_CURVE_WITH_KNOTS('',8,(#1725,#1726,#1727,#1728,#1729,
    #1730,#1731,#1732,#1733,#1734,#1735,#1736,#1737,#1738,#1739,#1740,
    #1741,#1742,#1743,#1744,#1745,#1746,#1747,#1748,#1749,#1750,#1751,
    #1752,#1753,#1754,#1755,#1756,#1757,#1758,#1759,#1760,#1761,#1762,
    #1763,#1764,#1765,#1766,#1767,#1768,#1769,#1770,#1771,#1772,#1773,
    #1774,#1775,#1776,#1777,#1778,#1779,#1780,#1781,#1782,#1783,#1784,
    #1785,#1786,#1787,#1788,#1789,#1790,#1791,#1792,#1793,#1794,#1795,
    #1796,#1797,#1798,#1799,#1800,#1801,#1802,#1803),.UNSPECIFIED.,.F.,
  .F.,(9,7,7,7,7,7,7,7,7,7,7,9),(0.,2.958550655074E-02,
    5.811163681914E-02,0.107608388069,0.221635307737,0.334457174807,
    0.44460106578,0.553062152465,0.662398323602,0.77359060305,
    0.88682055978,1.),.UNSPECIFIED.);
#1725 = CARTESIAN_POINT('',(124.22387717864,-67.5907130489,
    94.448864065923));
#1726 = CARTESIAN_POINT('',(124.22392598853,-67.60255185153,
    94.489871911857));
#1727 = CARTESIAN_POINT('',(124.22370338753,-67.6174029359,
    94.529373564926));
#1728 = CARTESIAN_POINT('',(124.22320672103,-67.6353062172,
    94.567339845458));
#1729 = CARTESIAN_POINT('',(124.2224342624,-67.65620440599,
    94.60379489809));
#1730 = CARTESIAN_POINT('',(124.22138526479,-67.67993256927,
    94.638821826168));
#1731 = CARTESIAN_POINT('',(124.22005960417,-67.70626060789,
    94.672539629643));
#1732 = CARTESIAN_POINT('',(124.21845735454,-67.7349445969,
    94.705075350286));
#1733 = CARTESIAN_POINT('',(124.21476718989,-67.79543846945,
    94.766908093622));
#1734 = CARTESIAN_POINT('',(124.21269870004,-67.82710021638,
    94.796279498776));
#1735 = CARTESIAN_POINT('',(124.21037322923,-67.86051173414,
    94.824783818427));
#1736 = CARTESIAN_POINT('',(124.20779081607,-67.89546319777,
    94.852532063056));
#1737 = CARTESIAN_POINT('',(124.20495136378,-67.931764569,
    94.879624766394));
#1738 = CARTESIAN_POINT('',(124.20185458087,-67.96925184939,
    94.906148564544));
#1739 = CARTESIAN_POINT('',(124.19849997396,-68.00778641676,
    94.932176566506));
#1740 = CARTESIAN_POINT('',(124.18861770098,-68.11571774549,
    95.00218500174));
#1741 = CARTESIAN_POINT('',(124.18157041728,-68.18697698317,
    95.045295570401));
#1742 = CARTESIAN_POINT('',(124.17374168826,-68.26039754997,
    95.087434748274));
#1743 = CARTESIAN_POINT('',(124.16512688543,-68.33553582008,
    95.128831594532));
#1744 = CARTESIAN_POINT('',(124.15572063389,-68.41207144936,
    95.169647226224));
#1745 = CARTESIAN_POINT('',(124.14551718218,-68.48976312097,
    95.209999266789));
#1746 = CARTESIAN_POINT('',(124.13451061353,-68.56842073727,
    95.249977218208));
#1747 = CARTESIAN_POINT('',(124.09547473605,-68.83097875995,
    95.381041085174));
#1748 = CARTESIAN_POINT('',(124.06396091908,-69.01838752053,
    95.470805793314));
#1749 = CARTESIAN_POINT('',(124.02808107009,-69.20827462245,
    95.559768349857));
#1750 = CARTESIAN_POINT('',(123.98776378156,-69.399830003,
    95.648170017471));
#1751 = CARTESIAN_POINT('',(123.94294748721,-69.59237221667,
    95.736171082578));
#1752 = CARTESIAN_POINT('',(123.89358086412,-69.78543001677,
    95.823806822747));
#1753 = CARTESIAN_POINT('',(123.83962534991,-69.97857238516,
    95.911082976435));
#1754 = CARTESIAN_POINT('',(123.72310520581,-70.36224850394,
    96.083930308489));
#1755 = CARTESIAN_POINT('',(123.66063783492,-70.55278677637,
    96.169509756621));
#1756 = CARTESIAN_POINT('',(123.59362964591,-70.74268401865,
    96.254671720379));
#1757 = CARTESIAN_POINT('',(123.52206984771,-70.93162082332,
    96.33935524641));
#1758 = CARTESIAN_POINT('',(123.44596199849,-71.11930102754,
    96.423482165369));
#1759 = CARTESIAN_POINT('',(123.36532479532,-71.305441064,
    96.506964757051));
#1760 = CARTESIAN_POINT('',(123.28019254696,-71.48976632457,
    96.589709704408));
#1761 = CARTESIAN_POINT('',(123.1031643457,-71.84993684651,
    96.751582758923));
#1762 = CARTESIAN_POINT('',(123.01147697048,-72.02587918387,
    96.830750294223));
#1763 = CARTESIAN_POINT('',(122.91559959431,-72.19959708874,
    96.909029332189));
#1764 = CARTESIAN_POINT('',(122.81559331347,-72.37085409787,
    96.986325146136));
#1765 = CARTESIAN_POINT('',(122.71153362823,-72.53942235955,
    97.062541406031));
#1766 = CARTESIAN_POINT('',(122.60351014095,-72.70508324852,
    97.137581691645));
#1767 = CARTESIAN_POINT('',(122.49162625421,-72.86762798082,
    97.211351005709));
#1768 = CARTESIAN_POINT('',(122.26213806615,-73.18365571928,
    97.355057328209));
#1769 = CARTESIAN_POINT('',(122.14464724302,-73.3372393847,
    97.42503564797));
#1770 = CARTESIAN_POINT('',(122.02363767043,-73.48742007908,
    97.493604024729));
#1771 = CARTESIAN_POINT('',(121.89923322234,-73.63401909698,
    97.560676873002));
#1772 = CARTESIAN_POINT('',(121.77156933509,-73.77686911934,
    97.626172080036));
#1773 = CARTESIAN_POINT('',(121.6407919667,-73.91581515946,
    97.690011842417));
#1774 = CARTESIAN_POINT('',(121.50705655619,-74.0507155091,
    97.752123502677));
#1775 = CARTESIAN_POINT('',(121.23289586332,-74.31322459119,
    97.873243917076));
#1776 = CARTESIAN_POINT('',(121.09242523145,-74.44076579289,
    97.932223620508));
#1777 = CARTESIAN_POINT('',(120.9492827625,-74.56393538774,
    97.989310955514));
#1778 = CARTESIAN_POINT('',(120.80364463438,-74.68261738536,
    98.044443614559));
#1779 = CARTESIAN_POINT('',(120.65569398022,-74.79671104223,
    98.09756590659));
#1780 = CARTESIAN_POINT('',(120.50561934085,-74.90613119706,
    98.148629140376));
#1781 = CARTESIAN_POINT('',(120.35361311728,-75.01080860631,
    98.197592007846));
#1782 = CARTESIAN_POINT('',(120.04351696173,-75.21226756002,
    98.292044902905));
#1783 = CARTESIAN_POINT('',(119.88536744704,-75.30888494214,
    98.337461885232));
#1784 = CARTESIAN_POINT('',(119.72562630912,-75.40048626895,
    98.38063637674));
#1785 = CARTESIAN_POINT('',(119.56450056442,-75.48703281992,
    98.421541166571));
#1786 = CARTESIAN_POINT('',(119.40219779209,-75.56850275807,
    98.460157230493));
#1787 = CARTESIAN_POINT('',(119.23892451026,-75.64489057704,
    98.496473590728));
#1788 = CARTESIAN_POINT('',(119.07488455231,-75.71620654819,
    98.53048717577));
#1789 = CARTESIAN_POINT('',(118.74265379216,-75.84996022491,
    98.594499393735));
#1790 = CARTESIAN_POINT('',(118.57444191288,-75.91221128113,
    98.624413026031));
#1791 = CARTESIAN_POINT('',(118.40585276356,-75.96925594424,
    98.651948332517));
#1792 = CARTESIAN_POINT('',(118.23709244004,-76.02113708954,
    98.67711836126));
#1793 = CARTESIAN_POINT('',(118.06836099781,-76.0679125516,
    98.699943855144));
#1794 = CARTESIAN_POINT('',(117.89985127401,-76.10965381607,
    98.720452654035));
#1795 = CARTESIAN_POINT('',(117.73174770943,-76.14644471157,
    98.738679096944));
#1796 = CARTESIAN_POINT('',(117.39677737035,-76.21030124383,
    98.770640620198));
#1797 = CARTESIAN_POINT('',(117.22991003543,-76.2373711861,
    98.784377685022));
#1798 = CARTESIAN_POINT('',(117.06379814349,-76.25968458696,
    98.79591473638));
#1799 = CARTESIAN_POINT('',(116.89860706367,-76.27734696327,
    98.805297691721));
#1800 = CARTESIAN_POINT('',(116.73449216455,-76.29047321419,
    98.812577524818));
#1801 = CARTESIAN_POINT('',(116.57159842236,-76.29918614526,
    98.817809522335));
#1802 = CARTESIAN_POINT('',(116.41006002896,-76.3036149924,
    98.821052540406));
#1803 = CARTESIAN_POINT('',(116.25,-76.30389394601,98.822368261207));
#1804 = ORIENTED_EDGE('',*,*,#1805,.F.);
#1805 = EDGE_CURVE('',#424,#1722,#1806,.T.);
#1806 = B_SPLINE_CURVE_WITH_KNOTS('',5,(#1807,#1808,#1809,#1810,#1811,
    #1812,#1813,#1814,#1815,#1816,#1817,#1818,#1819,#1820,#1821,#1822,
    #1823,#1824,#1825,#1826,#1827,#1828,#1829,#1830,#1831,#1832,#1833,
    #1834,#1835,#1836,#1837,#1838,#1839,#1840),.UNSPECIFIED.,.F.,.F.,(6,
    4,4,4,4,4,4,4,6),(0.,0.124082905036,0.247797775406,0.371191805936,
    0.494386485864,0.617616256264,0.740955681789,0.864645388834,1.),
  .UNSPECIFIED.);
#1807 = CARTESIAN_POINT('',(124.223967314,-58.16419650245,
    74.904830922254));
#1808 = CARTESIAN_POINT('',(124.22333735725,-58.48096120164,
    75.350621878233));
#1809 = CARTESIAN_POINT('',(124.22274810418,-58.79248538706,
    75.799227406002));
#1810 = CARTESIAN_POINT('',(124.22219909628,-59.09881693627,
    76.25059264046));
#1811 = CARTESIAN_POINT('',(124.22168995985,-59.39999370846,
    76.704670448138));
#1812 = CARTESIAN_POINT('',(124.22075224485,-59.99121528549,
    77.616817665308));
#1813 = CARTESIAN_POINT('',(124.22032342915,-60.28129073518,
    78.074870915594));
#1814 = CARTESIAN_POINT('',(124.21993366929,-60.56629785341,
    78.535541789906));
#1815 = CARTESIAN_POINT('',(124.21958273322,-60.84625767775,
    78.998795887191));
#1816 = CARTESIAN_POINT('',(124.2189589695,-61.39539797966,
    79.929203682256));
#1817 = CARTESIAN_POINT('',(124.21868594048,-61.6646046355,
    80.396343979037));
#1818 = CARTESIAN_POINT('',(124.21845118478,-61.92881845694,
    80.865995356204));
#1819 = CARTESIAN_POINT('',(124.21825457321,-62.1880479833,
    81.338132071464));
#1820 = CARTESIAN_POINT('',(124.21793772682,-62.69613351789,
    82.28656511912));
#1821 = CARTESIAN_POINT('',(124.21781736867,-62.94500563324,
    82.762853394196));
#1822 = CARTESIAN_POINT('',(124.21773486328,-63.18891546539,
    83.241574673604));
#1823 = CARTESIAN_POINT('',(124.21769016692,-63.42786079736,
    83.722709636011));
#1824 = CARTESIAN_POINT('',(124.21767638374,-63.89587425344,
    84.689911608564));
#1825 = CARTESIAN_POINT('',(124.21770731843,-64.12493951388,
    85.175979914159));
#1826 = CARTESIAN_POINT('',(124.21777607649,-64.3490226336,
    85.664430097612));
#1827 = CARTESIAN_POINT('',(124.21788269434,-64.5681108636,
    86.155247940099));
#1828 = CARTESIAN_POINT('',(124.21817193173,-64.99645174315,
    87.142034069688));
#1829 = CARTESIAN_POINT('',(124.21835461923,-65.20569537615,
    87.638006503162));
#1830 = CARTESIAN_POINT('',(124.21857538741,-65.4098988683,
    88.13632695995));
#1831 = CARTESIAN_POINT('',(124.2188343571,-65.60903793998,
    88.636985683901));
#1832 = CARTESIAN_POINT('',(124.21942987492,-65.99767738047,
    89.644392965128));
#1833 = CARTESIAN_POINT('',(124.21976664236,-66.18714858025,
    90.151154752598));
#1834 = CARTESIAN_POINT('',(124.22014216169,-66.3714651855,
    90.66025275626));
#1835 = CARTESIAN_POINT('',(124.22055665447,-66.55058868297,
    91.171681558753));
#1836 = CARTESIAN_POINT('',(124.22150693366,-66.91475508345,
    92.247645714462));
#1837 = CARTESIAN_POINT('',(124.22205047321,-67.0987629525,
    92.812640695606));
#1838 = CARTESIAN_POINT('',(124.22264138674,-67.27643449248,
    93.38041929709));
#1839 = CARTESIAN_POINT('',(124.2232801318,-67.44769503134,
    93.950980417939));
#1840 = CARTESIAN_POINT('',(124.223967314,-67.61244883244,
    94.524329045702));
#1841 = ORIENTED_EDGE('',*,*,#423,.F.);
#1842 = ORIENTED_EDGE('',*,*,#52,.T.);
#1843 = ORIENTED_EDGE('',*,*,#1844,.F.);
#1844 = EDGE_CURVE('',#1845,#43,#1847,.T.);
#1845 = VERTEX_POINT('',#1846);
#1846 = CARTESIAN_POINT('',(124.22387717864,-26.0745952126,
    49.342028944398));
#1847 = B_SPLINE_CURVE_WITH_KNOTS('',8,(#1848,#1849,#1850,#1851,#1852,
    #1853,#1854,#1855,#1856,#1857,#1858,#1859,#1860,#1861,#1862,#1863,
    #1864,#1865,#1866,#1867,#1868,#1869,#1870,#1871,#1872,#1873,#1874,
    #1875,#1876,#1877,#1878,#1879,#1880,#1881,#1882,#1883,#1884,#1885,
    #1886,#1887,#1888,#1889,#1890,#1891,#1892,#1893,#1894,#1895,#1896,
    #1897,#1898,#1899,#1900,#1901,#1902,#1903,#1904,#1905,#1906,#1907,
    #1908,#1909,#1910,#1911,#1912,#1913,#1914,#1915,#1916,#1917,#1918,
    #1919,#1920,#1921,#1922,#1923,#1924,#1925,#1926),.UNSPECIFIED.,.F.,
  .F.,(9,7,7,7,7,7,7,7,7,7,7,9),(0.,2.958550655037E-02,
    5.811163681842E-02,0.107608388067,0.221635307735,0.334457174806,
    0.444601065779,0.553062152464,0.662398323602,0.773590603049,
    0.88682055978,1.),.UNSPECIFIED.);
#1848 = CARTESIAN_POINT('',(124.22387717864,-26.0745952126,
    49.342028944398));
#1849 = CARTESIAN_POINT('',(124.22392598853,-26.11403781029,
    49.358340969519));
#1850 = CARTESIAN_POINT('',(124.22370338753,-26.15418094592,
    49.371358802056));
#1851 = CARTESIAN_POINT('',(124.22320672103,-26.19502669262,
    49.381033041821));
#1852 = CARTESIAN_POINT('',(124.2224342624,-26.23655820806,
    49.38742353344));
#1853 = CARTESIAN_POINT('',(124.22138526479,-26.27873763098,
    49.390711040816));
#1854 = CARTESIAN_POINT('',(124.22005960417,-26.32151453484,
    49.391149657961));
#1855 = CARTESIAN_POINT('',(124.21845735454,-26.36483616017,
    49.389009302322));
#1856 = CARTESIAN_POINT('',(124.21476718989,-26.45089625817,
    49.38026537316));
#1857 = CARTESIAN_POINT('',(124.21269870004,-26.49360052372,
    49.373823994199));
#1858 = CARTESIAN_POINT('',(124.21037322923,-26.5367178388,
    49.365473970345));
#1859 = CARTESIAN_POINT('',(124.20779081607,-26.58020417116,
    49.35544856327));
#1860 = CARTESIAN_POINT('',(124.20495136378,-26.62401963434,
    49.343959032618));
#1861 = CARTESIAN_POINT('',(124.20185458087,-26.66812971179,
    49.331187614273));
#1862 = CARTESIAN_POINT('',(124.19849997396,-26.71250513292,
    49.317288270126));
#1863 = CARTESIAN_POINT('',(124.18861770098,-26.83453401439,
    49.276553704791));
#1864 = CARTESIAN_POINT('',(124.18157041728,-26.91266862218,
    49.247719989269));
#1865 = CARTESIAN_POINT('',(124.17374168826,-26.99139133273,
    49.216590826345));
#1866 = CARTESIAN_POINT('',(124.16512688543,-27.07060463555,
    49.183655872712));
#1867 = CARTESIAN_POINT('',(124.15572063389,-27.15023476572,
    49.149266038328));
#1868 = CARTESIAN_POINT('',(124.14551718218,-27.23022322636,
    49.113683329308));
#1869 = CARTESIAN_POINT('',(124.13451061353,-27.31052146898,
    49.077112173561));
#1870 = CARTESIAN_POINT('',(124.09547473605,-27.57669357593,
    48.953553029897));
#1871 = CARTESIAN_POINT('',(124.06396091908,-27.76372190176,
    48.862998340885));
#1872 = CARTESIAN_POINT('',(124.02808107009,-27.95166830079,
    48.770005873229));
#1873 = CARTESIAN_POINT('',(123.98776378155,-28.14021633389,
    48.675359384313));
#1874 = CARTESIAN_POINT('',(123.94294748722,-28.32906644374,
    48.579691586598));
#1875 = CARTESIAN_POINT('',(123.89358086412,-28.51795239391,
    48.483392910826));
#1876 = CARTESIAN_POINT('',(123.83962534991,-28.70660993554,
    48.386803918387));
#1877 = CARTESIAN_POINT('',(123.72310520581,-29.08096556867,
    48.194602398471));
#1878 = CARTESIAN_POINT('',(123.66063783492,-29.2666729452,
    48.098991491628));
#1879 = CARTESIAN_POINT('',(123.59362964591,-29.45165424354,
    48.003621465087));
#1880 = CARTESIAN_POINT('',(123.52206984771,-29.63566266114,
    47.908704037867));
#1881 = CARTESIAN_POINT('',(123.44596199849,-29.81845242825,
    47.814422021607));
#1882 = CARTESIAN_POINT('',(123.36532479533,-29.99977816111,
    47.720942425498));
#1883 = CARTESIAN_POINT('',(123.28019254696,-30.17939568616,
    47.628421764603));
#1884 = CARTESIAN_POINT('',(123.1031643457,-30.5305157837,
    47.447755310183));
#1885 = CARTESIAN_POINT('',(123.01147697048,-30.70210970825,
    47.35955820263));
#1886 = CARTESIAN_POINT('',(122.91559959431,-30.87162206664,
    47.272546257404));
#1887 = CARTESIAN_POINT('',(122.81559331347,-31.03883136613,
    47.186845287801));
#1888 = CARTESIAN_POINT('',(122.71153362823,-31.20352022967,
    47.102573374655));
#1889 = CARTESIAN_POINT('',(122.60351014095,-31.36547696226,
    47.019841329051));
#1890 = CARTESIAN_POINT('',(122.49162625421,-31.52449711737,
    46.938753155036));
#1891 = CARTESIAN_POINT('',(122.26213806615,-31.83389131656,
    46.781272146319));
#1892 = CARTESIAN_POINT('',(122.14464724302,-31.98436041916,
    46.704826370226));
#1893 = CARTESIAN_POINT('',(122.02363767043,-32.1316054662,
    46.630162058936));
#1894 = CARTESIAN_POINT('',(121.89923322234,-32.27544812322,
    46.557365568319));
#1895 = CARTESIAN_POINT('',(121.77156933509,-32.41571987016,
    46.486516517231));
#1896 = CARTESIAN_POINT('',(121.6407919667,-32.55226324525,
    46.417687569495));
#1897 = CARTESIAN_POINT('',(121.50705655619,-32.68493308894,
    46.3509442159));
#1898 = CARTESIAN_POINT('',(121.23289586332,-32.94330057766,
    46.22122369426));
#1899 = CARTESIAN_POINT('',(121.09242523145,-33.06893340521,
    46.158281211068));
#1900 = CARTESIAN_POINT('',(120.9492827625,-33.19036106725,
    46.097576715324));
#1901 = CARTESIAN_POINT('',(120.80364463438,-33.30746253099,
    46.039162043841));
#1902 = CARTESIAN_POINT('',(120.65569398022,-33.42013144283,
    45.983081238287));
#1903 = CARTESIAN_POINT('',(120.50561934085,-33.52827663726,
    45.929370521936));
#1904 = CARTESIAN_POINT('',(120.35361311728,-33.63182264567,
    45.878058276422));
#1905 = CARTESIAN_POINT('',(120.04351696173,-33.83127649577,
    45.779441740815));
#1906 = CARTESIAN_POINT('',(119.88536744704,-33.92702487483,
    45.73222025503));
#1907 = CARTESIAN_POINT('',(119.72562630912,-34.01789254463,
    45.687522309051));
#1908 = CARTESIAN_POINT('',(119.56450056442,-34.10383408902,
    45.645361210106));
#1909 = CARTESIAN_POINT('',(119.40219779209,-34.18482101912,
    45.605742169627));
#1910 = CARTESIAN_POINT('',(119.23892451026,-34.26084131899,
    45.568662648129));
#1911 = CARTESIAN_POINT('',(119.07488455231,-34.33189899133,
    45.534112700084));
#1912 = CARTESIAN_POINT('',(118.74265379216,-34.465339812,
    45.469450829819));
#1913 = CARTESIAN_POINT('',(118.57444191288,-34.52754013018,
    45.439431838927));
#1914 = CARTESIAN_POINT('',(118.40585276356,-34.58463486537,
    45.412000508186));
#1915 = CARTESIAN_POINT('',(118.23709244004,-34.63666095126,
    45.387131451675));
#1916 = CARTESIAN_POINT('',(118.06836099781,-34.68367066456,
    45.364792385491));
#1917 = CARTESIAN_POINT('',(117.89985127401,-34.72573034191,
    45.344944777766));
#1918 = CARTESIAN_POINT('',(117.73174770943,-34.76291909694,
    45.327544498671));
#1919 = CARTESIAN_POINT('',(117.39677737035,-34.82772151869,
    45.297547135195));
#1920 = CARTESIAN_POINT('',(117.22991003543,-34.85533942139,
    45.284947921924));
#1921 = CARTESIAN_POINT('',(117.06379814349,-34.87827162924,
    45.274695836515));
#1922 = CARTESIAN_POINT('',(116.89860706367,-34.89661983063,
    45.266737011628));
#1923 = CARTESIAN_POINT('',(116.73449216455,-34.91049551692,
    45.261013397102));
#1924 = CARTESIAN_POINT('',(116.57159842236,-34.92001848095,
    45.257463450386));
#1925 = CARTESIAN_POINT('',(116.41006002896,-34.92531531561,
    45.256022826956));
#1926 = CARTESIAN_POINT('',(116.25,-34.92651791228,45.256625070744));
#1927 = ORIENTED_EDGE('',*,*,#1928,.F.);
#1928 = EDGE_CURVE('',#595,#1845,#1929,.T.);
#1929 = B_SPLINE_CURVE_WITH_KNOTS('',5,(#1930,#1931,#1932,#1933,#1934,
    #1935,#1936,#1937,#1938,#1939,#1940,#1941,#1942,#1943,#1944,#1945,
    #1946,#1947,#1948,#1949,#1950,#1951,#1952,#1953,#1954,#1955,#1956,
    #1957,#1958,#1959,#1960,#1961,#1962,#1963),.UNSPECIFIED.,.F.,.F.,(6,
    4,4,4,4,4,4,4,6),(0.,0.124082905036,0.247797775406,0.371191805936,
    0.494386485864,0.617616256263,0.740955681789,0.864645388834,1.),
  .UNSPECIFIED.);
#1930 = CARTESIAN_POINT('',(124.223967314,-4.917117872726,44.52647099815
    ));
#1931 = CARTESIAN_POINT('',(124.22333735725,-5.463150836242,
    44.556760498604));
#1932 = CARTESIAN_POINT('',(124.22274810418,-6.008116913709,
    44.592902054507));
#1933 = CARTESIAN_POINT('',(124.22219909628,-6.552003061015,
    44.634824025866));
#1934 = CARTESIAN_POINT('',(124.22168995985,-7.09479603257,
    44.682467425911));
#1935 = CARTESIAN_POINT('',(124.22075224485,-8.176562067513,
    44.788946271577));
#1936 = CARTESIAN_POINT('',(124.22032342915,-8.715541603883,
    44.847747682983));
#1937 = CARTESIAN_POINT('',(124.21993366929,-9.253407628153,
    44.912143737366));
#1938 = CARTESIAN_POINT('',(124.21958273322,-9.790146361198,
    44.982096538198));
#1939 = CARTESIAN_POINT('',(124.2189589695,-10.85995184494,
    45.132861133664));
#1940 = CARTESIAN_POINT('',(124.21868594048,-11.3930244402,
    45.213644105922));
#1941 = CARTESIAN_POINT('',(124.21845118478,-11.92494729583,
    45.299896266309));
#1942 = CARTESIAN_POINT('',(124.21825457321,-12.45570560988,
    45.391594888463));
#1943 = CARTESIAN_POINT('',(124.21793772682,-13.51400657484,
    45.585695954689));
#1944 = CARTESIAN_POINT('',(124.21781736867,-14.04155296891,
    45.688080782055));
#1945 = CARTESIAN_POINT('',(124.21773486328,-14.5679076294,
    45.795862232045));
#1946 = CARTESIAN_POINT('',(124.21769016692,-15.09305406801,
    45.909029991297));
#1947 = CARTESIAN_POINT('',(124.21767638374,-16.14104463706,
    46.146162903339));
#1948 = CARTESIAN_POINT('',(124.21770731843,-16.66388799484,
    46.270131102738));
#1949 = CARTESIAN_POINT('',(124.21777607649,-17.1854872658,
    46.399479573146));
#1950 = CARTESIAN_POINT('',(124.21788269434,-17.70582338432,
    46.534209416854));
#1951 = CARTESIAN_POINT('',(124.21817193173,-18.74439001702,
    46.814570120407));
#1952 = CARTESIAN_POINT('',(124.21835461923,-19.26261815122,
    46.960210614897));
#1953 = CARTESIAN_POINT('',(124.21857538741,-19.77953956755,
    47.111255618772));
#1954 = CARTESIAN_POINT('',(124.2188343571,-20.29513150026,
    47.267718031735));
#1955 = CARTESIAN_POINT('',(124.21942987492,-21.32506695613,
    47.591975647996));
#1956 = CARTESIAN_POINT('',(124.21976664236,-21.8394026365,
    47.759801905448));
#1957 = CARTESIAN_POINT('',(124.22014216169,-22.35235100711,
    47.933114794149));
#1958 = CARTESIAN_POINT('',(124.22055665447,-22.86388381989,
    48.11194104731));
#1959 = CARTESIAN_POINT('',(124.22150693366,-23.9321605077,
    48.498076968808));
#1960 = CARTESIAN_POINT('',(124.22205047321,-24.48861840122,
    48.706482432604));
#1961 = CARTESIAN_POINT('',(124.22264138674,-25.04330198018,
    48.92157739685));
#1962 = CARTESIAN_POINT('',(124.2232801318,-25.59616382658,
    49.14341955605));
#1963 = CARTESIAN_POINT('',(124.223967314,-26.147148149,49.372086869814)
  );
#1964 = TOROIDAL_SURFACE('',#1965,70.,8.);
#1965 = AXIS2_PLACEMENT_3D('',#1966,#1967,#1968);
#1966 = CARTESIAN_POINT('',(116.25,0.,115.));
#1967 = DIRECTION('',(1.,0.,-2.22044604925E-16));
#1968 = DIRECTION('',(-2.22044604925E-16,0.,-1.));
#1969 = ADVANCED_FACE('',(#1970),#2047,.T.);
#1970 = FACE_BOUND('',#1971,.T.);
#1971 = EDGE_LOOP('',(#1972,#1994,#1995,#1996,#2018));
#1972 = ORIENTED_EDGE('',*,*,#1973,.F.);
#1973 = EDGE_CURVE('',#1845,#1974,#1976,.T.);
#1974 = VERTEX_POINT('',#1975);
#1975 = CARTESIAN_POINT('',(123.25,-51.06775156621,-90.79609396701));
#1976 = B_SPLINE_CURVE_WITH_KNOTS('',6,(#1977,#1978,#1979,#1980,#1981,
    #1982,#1983,#1984,#1985,#1986,#1987,#1988,#1989,#1990,#1991,#1992,
    #1993),.UNSPECIFIED.,.F.,.F.,(7,5,5,7),(-8.890959613726,
    5.471370022853E-02,146.55455944062,155.50023275457),.UNSPECIFIED.);
#1977 = CARTESIAN_POINT('',(124.31344882405,-23.77586782904,
    62.231130907353));
#1978 = CARTESIAN_POINT('',(124.30324882405,-24.03763615096,
    60.763380265848));
#1979 = CARTESIAN_POINT('',(124.29304882405,-24.29940447288,
    59.295629624342));
#1980 = CARTESIAN_POINT('',(124.28284882405,-24.56117279479,
    57.827878982836));
#1981 = CARTESIAN_POINT('',(124.27264882405,-24.82294111671,
    56.360128341331));
#1982 = CARTESIAN_POINT('',(124.26244882405,-25.08470943863,
    54.892377699825));
#1983 = CARTESIAN_POINT('',(124.08520735338,-29.63335672816,
    29.387840220763));
#1984 = CARTESIAN_POINT('',(123.9181658827,-33.92023569577,
    5.351053383208));
#1985 = CARTESIAN_POINT('',(123.75112441202,-38.20711466338,
    -18.68573345434));
#1986 = CARTESIAN_POINT('',(123.58408294135,-42.49399363099,
    -42.7225202919));
#1987 = CARTESIAN_POINT('',(123.41704147067,-46.7808725986,
    -66.75930712946));
#1988 = CARTESIAN_POINT('',(123.2398,-51.32951988813,-92.26384460852));
#1989 = CARTESIAN_POINT('',(123.2296,-51.59128821004,-93.73159525002));
#1990 = CARTESIAN_POINT('',(123.2194,-51.85305653196,-95.19934589153));
#1991 = CARTESIAN_POINT('',(123.2092,-52.11482485388,-96.66709653303));
#1992 = CARTESIAN_POINT('',(123.199,-52.3765931758,-98.13484717454));
#1993 = CARTESIAN_POINT('',(123.1888,-52.63836149772,-99.60259781605));
#1994 = ORIENTED_EDGE('',*,*,#1844,.T.);
#1995 = ORIENTED_EDGE('',*,*,#42,.F.);
#1996 = ORIENTED_EDGE('',*,*,#1997,.T.);
#1997 = EDGE_CURVE('',#33,#1998,#2000,.T.);
#1998 = VERTEX_POINT('',#1999);
#1999 = CARTESIAN_POINT('',(115.25243646992,-58.87357294492,
    -89.01446617507));
#2000 = B_SPLINE_CURVE_WITH_KNOTS('',6,(#2001,#2002,#2003,#2004,#2005,
    #2006,#2007,#2008,#2009,#2010,#2011,#2012,#2013,#2014,#2015,#2016,
    #2017),.UNSPECIFIED.,.F.,.F.,(7,5,5,7),(-8.890959613726,
    5.471370022853E-02,146.55455944062,155.50023275457),.UNSPECIFIED.);
#2001 = CARTESIAN_POINT('',(116.31363646992,-31.63940204106,
    63.689159390203));
#2002 = CARTESIAN_POINT('',(116.30343646992,-31.90117036298,
    62.221408748698));
#2003 = CARTESIAN_POINT('',(116.29323646992,-32.1629386849,
    60.753658107192));
#2004 = CARTESIAN_POINT('',(116.28303646992,-32.42470700681,
    59.285907465687));
#2005 = CARTESIAN_POINT('',(116.27283646992,-32.68647532873,
    57.818156824181));
#2006 = CARTESIAN_POINT('',(116.26263646992,-32.94824365065,
    56.350406182675));
#2007 = CARTESIAN_POINT('',(116.08539499924,-37.49689094018,
    30.845868703613));
#2008 = CARTESIAN_POINT('',(115.91835352857,-41.78376990779,
    6.809081866058));
#2009 = CARTESIAN_POINT('',(115.75131205789,-46.0706488754,
    -17.22770497149));
#2010 = CARTESIAN_POINT('',(115.58427058721,-50.35752784301,
    -41.26449180905));
#2011 = CARTESIAN_POINT('',(115.41722911654,-54.64440681062,
    -65.30127864661));
#2012 = CARTESIAN_POINT('',(115.23998764586,-59.19305410015,
    -90.80581612567));
#2013 = CARTESIAN_POINT('',(115.22978764586,-59.45482242206,
    -92.27356676717));
#2014 = CARTESIAN_POINT('',(115.21958764586,-59.71659074398,
    -93.74131740868));
#2015 = CARTESIAN_POINT('',(115.20938764586,-59.9783590659,
    -95.20906805018));
#2016 = CARTESIAN_POINT('',(115.19918764586,-60.24012738782,
    -96.67681869169));
#2017 = CARTESIAN_POINT('',(115.18898764586,-60.50189570974,
    -98.1445693332));
#2018 = ORIENTED_EDGE('',*,*,#2019,.F.);
#2019 = EDGE_CURVE('',#1974,#1998,#2020,.T.);
#2020 = B_SPLINE_CURVE_WITH_KNOTS('',7,(#2021,#2022,#2023,#2024,#2025,
    #2026,#2027,#2028,#2029,#2030,#2031,#2032,#2033,#2034,#2035,#2036,
    #2037,#2038,#2039,#2040,#2041,#2042,#2043,#2044,#2045,#2046),
  .UNSPECIFIED.,.F.,.F.,(8,6,6,6,8),(0.,0.250659813184,0.502734282845,
    0.752805096287,1.),.UNSPECIFIED.);
#2021 = CARTESIAN_POINT('',(123.25,-51.06775156621,-90.79609396701));
#2022 = CARTESIAN_POINT('',(123.25,-51.4633840777,-90.70579342801));
#2023 = CARTESIAN_POINT('',(123.22603801148,-51.86863695827,
    -90.61329710254));
#2024 = CARTESIAN_POINT('',(123.17601906719,-52.28144227755,
    -90.51907698222));
#2025 = CARTESIAN_POINT('',(123.09805649406,-52.69922199418,
    -90.42372148817));
#2026 = CARTESIAN_POINT('',(122.99068889718,-53.11888235792,
    -90.32793674868));
#2027 = CARTESIAN_POINT('',(122.8530630464,-53.53692827001,
    -90.23252049725));
#2028 = CARTESIAN_POINT('',(122.51615424881,-54.36479649176,
    -90.04356497798));
#2029 = CARTESIAN_POINT('',(122.31652623634,-54.77456042617,
    -89.95003903391));
#2030 = CARTESIAN_POINT('',(122.08609685854,-55.17526324702,
    -89.85858122988));
#2031 = CARTESIAN_POINT('',(121.82551907907,-55.56300993348,
    -89.77008057898));
#2032 = CARTESIAN_POINT('',(121.5363212083,-55.93396680072,
    -89.68541209476));
#2033 = CARTESIAN_POINT('',(121.22085787146,-56.28469824485,
    -89.60535993137));
#2034 = CARTESIAN_POINT('',(120.54600661797,-56.93743617239,
    -89.45637675892));
#2035 = CARTESIAN_POINT('',(120.18698646118,-57.23980907121,
    -89.38736211793));
#2036 = CARTESIAN_POINT('',(119.80791248571,-57.51672074571,
    -89.32415883525));
#2037 = CARTESIAN_POINT('',(119.41225494583,-57.76598595263,
    -89.26726567838));
#2038 = CARTESIAN_POINT('',(119.00386186676,-57.98620629327,
    -89.21700182269));
#2039 = CARTESIAN_POINT('',(118.58662821994,-58.17680876961,
    -89.17349805127));
#2040 = CARTESIAN_POINT('',(117.74677300614,-58.49719778983,
    -89.10037134814));
#2041 = CARTESIAN_POINT('',(117.32426725886,-58.62765984557,
    -89.07059423526));
#2042 = CARTESIAN_POINT('',(116.90034436366,-58.72944428207,
    -89.04736260183));
#2043 = CARTESIAN_POINT('',(116.47842278355,-58.80337363379,
    -89.03048870974));
#2044 = CARTESIAN_POINT('',(116.06152893217,-58.85082699829,
    -89.01965778895));
#2045 = CARTESIAN_POINT('',(115.65218942458,-58.87357294492,
    -89.01446617507));
#2046 = CARTESIAN_POINT('',(115.25243646992,-58.87357294492,
    -89.01446617507));
#2047 = ( BOUNDED_SURFACE() B_SPLINE_SURFACE(2,6,(
    (#2048,#2049,#2050,#2051,#2052,#2053,#2054,#2055,#2056,#2057,#2058
      ,#2059,#2060,#2061,#2062,#2063,#2064)
    ,(#2065,#2066,#2067,#2068,#2069,#2070,#2071,#2072,#2073,#2074,#2075
      ,#2076,#2077,#2078,#2079,#2080,#2081)
    ,(#2082,#2083,#2084,#2085,#2086,#2087,#2088,#2089,#2090,#2091,#2092
      ,#2093,#2094,#2095,#2096,#2097,#2098
)),.UNSPECIFIED.,.F.,.F.,.F.) B_SPLINE_SURFACE_WITH_KNOTS((3,3),(7,5,5,7
    ),(0.,146.49984574039),(-8.890959613726,5.471370022853E-02,
    146.55455944062,155.50023275457),.UNSPECIFIED.) 
GEOMETRIC_REPRESENTATION_ITEM() RATIONAL_B_SPLINE_SURFACE((
    (1.,1.,1.,1.,1.,1.,1.,1.,1.,1.,1.,1.,1.,1.,1.,1.,1.)
    ,(0.707222739782,0.707222739782,0.707222739782,0.707222739782
      ,0.707222739782,0.707222739782,0.707222739782,0.707222739782
      ,0.707222739782,0.707222739782,0.707222739782,0.707222739782
      ,0.707222739782,0.707222739782,0.707222739782,0.707222739782
      ,0.707222739782)
    ,(1.,1.,1.,1.,1.,1.,1.,1.,1.,1.,1.,1.,1.,1.,1.,1.,1.
))) REPRESENTATION_ITEM('') SURFACE() );
#2048 = CARTESIAN_POINT('',(124.31344882405,-23.77586782904,
    62.231130907353));
#2049 = CARTESIAN_POINT('',(124.30324882405,-24.03763615096,
    60.763380265848));
#2050 = CARTESIAN_POINT('',(124.29304882405,-24.29940447288,
    59.295629624342));
#2051 = CARTESIAN_POINT('',(124.28284882405,-24.56117279479,
    57.827878982836));
#2052 = CARTESIAN_POINT('',(124.27264882405,-24.82294111671,
    56.360128341331));
#2053 = CARTESIAN_POINT('',(124.26244882405,-25.08470943863,
    54.892377699825));
#2054 = CARTESIAN_POINT('',(124.08520735338,-29.63335672816,
    29.387840220763));
#2055 = CARTESIAN_POINT('',(123.9181658827,-33.92023569577,
    5.351053383208));
#2056 = CARTESIAN_POINT('',(123.75112441202,-38.20711466338,
    -18.68573345434));
#2057 = CARTESIAN_POINT('',(123.58408294135,-42.49399363099,
    -42.7225202919));
#2058 = CARTESIAN_POINT('',(123.41704147067,-46.7808725986,
    -66.75930712946));
#2059 = CARTESIAN_POINT('',(123.2398,-51.32951988813,-92.26384460852));
#2060 = CARTESIAN_POINT('',(123.2296,-51.59128821004,-93.73159525002));
#2061 = CARTESIAN_POINT('',(123.2194,-51.85305653196,-95.19934589153));
#2062 = CARTESIAN_POINT('',(123.2092,-52.11482485388,-96.66709653303));
#2063 = CARTESIAN_POINT('',(123.199,-52.3765931758,-98.13484717454));
#2064 = CARTESIAN_POINT('',(123.1888,-52.63836149772,-99.60259781605));
#2065 = CARTESIAN_POINT('',(124.31082568737,-31.64900823591,
    63.63529688095));
#2066 = CARTESIAN_POINT('',(124.30062568737,-31.91077655783,
    62.167546239444));
#2067 = CARTESIAN_POINT('',(124.29042568737,-32.17254487975,
    60.699795597938));
#2068 = CARTESIAN_POINT('',(124.28022568737,-32.43431320167,
    59.232044956433));
#2069 = CARTESIAN_POINT('',(124.27002568737,-32.69608152359,
    57.764294314927));
#2070 = CARTESIAN_POINT('',(124.25982568737,-32.9578498455,
    56.296543673421));
#2071 = CARTESIAN_POINT('',(124.0825842167,-37.50649713503,
    30.79200619436));
#2072 = CARTESIAN_POINT('',(123.91554274602,-41.79337610264,
    6.755219356804));
#2073 = CARTESIAN_POINT('',(123.74850127534,-46.08025507025,
    -17.28156748075));
#2074 = CARTESIAN_POINT('',(123.58145980467,-50.36713403786,
    -41.3183543183));
#2075 = CARTESIAN_POINT('',(123.41441833399,-54.65401300547,
    -65.35514115586));
#2076 = CARTESIAN_POINT('',(123.23717686331,-59.202660295,
    -90.85967863492));
#2077 = CARTESIAN_POINT('',(123.22697686331,-59.46442861692,
    -92.32742927643));
#2078 = CARTESIAN_POINT('',(123.21677686331,-59.72619693884,
    -93.79517991793));
#2079 = CARTESIAN_POINT('',(123.20657686331,-59.98796526075,
    -95.26293055944));
#2080 = CARTESIAN_POINT('',(123.19637686331,-60.24973358267,
    -96.73068120094));
#2081 = CARTESIAN_POINT('',(123.18617686331,-60.51150190459,
    -98.19843184245));
#2082 = CARTESIAN_POINT('',(116.31363646992,-31.63940204106,
    63.689159390203));
#2083 = CARTESIAN_POINT('',(116.30343646992,-31.90117036298,
    62.221408748698));
#2084 = CARTESIAN_POINT('',(116.29323646992,-32.1629386849,
    60.753658107192));
#2085 = CARTESIAN_POINT('',(116.28303646992,-32.42470700681,
    59.285907465687));
#2086 = CARTESIAN_POINT('',(116.27283646992,-32.68647532873,
    57.818156824181));
#2087 = CARTESIAN_POINT('',(116.26263646992,-32.94824365065,
    56.350406182675));
#2088 = CARTESIAN_POINT('',(116.08539499924,-37.49689094018,
    30.845868703613));
#2089 = CARTESIAN_POINT('',(115.91835352857,-41.78376990779,
    6.809081866058));
#2090 = CARTESIAN_POINT('',(115.75131205789,-46.0706488754,
    -17.22770497149));
#2091 = CARTESIAN_POINT('',(115.58427058721,-50.35752784301,
    -41.26449180905));
#2092 = CARTESIAN_POINT('',(115.41722911654,-54.64440681062,
    -65.30127864661));
#2093 = CARTESIAN_POINT('',(115.23998764586,-59.19305410015,
    -90.80581612567));
#2094 = CARTESIAN_POINT('',(115.22978764586,-59.45482242206,
    -92.27356676717));
#2095 = CARTESIAN_POINT('',(115.21958764586,-59.71659074398,
    -93.74131740868));
#2096 = CARTESIAN_POINT('',(115.20938764586,-59.9783590659,
    -95.20906805018));
#2097 = CARTESIAN_POINT('',(115.19918764586,-60.24012738782,
    -96.67681869169));
#2098 = CARTESIAN_POINT('',(115.18898764586,-60.50189570974,
    -98.1445693332));
#2099 = ADVANCED_FACE('',(#2100),#2133,.T.);
#2100 = FACE_BOUND('',#2101,.T.);
#2101 = EDGE_LOOP('',(#2102,#2103,#2104,#2105,#2127));
#2102 = ORIENTED_EDGE('',*,*,#1997,.F.);
#2103 = ORIENTED_EDGE('',*,*,#32,.F.);
#2104 = ORIENTED_EDGE('',*,*,#98,.F.);
#2105 = ORIENTED_EDGE('',*,*,#2106,.T.);
#2106 = EDGE_CURVE('',#99,#2107,#2109,.T.);
#2107 = VERTEX_POINT('',#2108);
#2108 = CARTESIAN_POINT('',(113.25281177045,-58.87357294492,
    -89.01446617507));
#2109 = B_SPLINE_CURVE_WITH_KNOTS('',6,(#2110,#2111,#2112,#2113,#2114,
    #2115,#2116,#2117,#2118,#2119,#2120,#2121,#2122,#2123,#2124,#2125,
    #2126),.UNSPECIFIED.,.F.,.F.,(7,5,5,7),(-9.000422918949,
    -5.474960499469E-02,146.55481105679,155.50048437074),.UNSPECIFIED.);
#2110 = CARTESIAN_POINT('',(114.31401177045,-31.63940204106,
    63.689159390204));
#2111 = CARTESIAN_POINT('',(114.30381177045,-31.90117036298,
    62.221408748698));
#2112 = CARTESIAN_POINT('',(114.29361177045,-32.1629386849,
    60.753658107192));
#2113 = CARTESIAN_POINT('',(114.28341177045,-32.42470700681,
    59.285907465687));
#2114 = CARTESIAN_POINT('',(114.27321177045,-32.68647532873,
    57.818156824181));
#2115 = CARTESIAN_POINT('',(114.26301177045,-32.94824365065,
    56.350406182675));
#2116 = CARTESIAN_POINT('',(114.08564520106,-37.50010141857,
    30.827867359208));
#2117 = CARTESIAN_POINT('',(113.91847863168,-41.79019086457,
    6.773079177248));
#2118 = CARTESIAN_POINT('',(113.75131206229,-46.08028031057,
    -17.28170900471));
#2119 = CARTESIAN_POINT('',(113.5841454929,-50.37036975657,
    -41.33649718667));
#2120 = CARTESIAN_POINT('',(113.41697892352,-54.66045920257,
    -65.39128536863));
#2121 = CARTESIAN_POINT('',(113.23961235413,-59.21231697049,
    -90.9138241921));
#2122 = CARTESIAN_POINT('',(113.22941235413,-59.47408529241,
    -92.3815748336));
#2123 = CARTESIAN_POINT('',(113.21921235413,-59.73585361432,
    -93.84932547511));
#2124 = CARTESIAN_POINT('',(113.20901235413,-59.99762193624,
    -95.31707611662));
#2125 = CARTESIAN_POINT('',(113.19881235413,-60.25939025816,
    -96.78482675812));
#2126 = CARTESIAN_POINT('',(113.18861235413,-60.52115858008,
    -98.25257739963));
#2127 = ORIENTED_EDGE('',*,*,#2128,.F.);
#2128 = EDGE_CURVE('',#1998,#2107,#2129,.T.);
#2129 = LINE('',#2130,#2131);
#2130 = CARTESIAN_POINT('',(123.25,-58.87357294492,-89.01446617507));
#2131 = VECTOR('',#2132,1.);
#2132 = DIRECTION('',(-1.,0.,2.22044604925E-16));
#2133 = B_SPLINE_SURFACE_WITH_KNOTS('',1,1,(
    (#2134,#2135)
    ,(#2136,#2137
    )),.UNSPECIFIED.,.F.,.F.,.F.,(2,2),(2,2),(0.,18.),(0.,1.),
  .PIECEWISE_BEZIER_KNOTS.);
#2134 = CARTESIAN_POINT('',(124.25,-33.21001197257,54.88265554117));
#2135 = CARTESIAN_POINT('',(123.25,-58.87357294492,-89.01446617507));
#2136 = CARTESIAN_POINT('',(106.25,-33.21001197257,54.88265554117));
#2137 = CARTESIAN_POINT('',(105.25,-58.87357294492,-89.01446617507));
#2138 = ADVANCED_FACE('',(#2139),#2237,.T.);
#2139 = FACE_BOUND('',#2140,.T.);
#2140 = EDGE_LOOP('',(#2141,#2165,#2206,#2207,#2208));
#2141 = ORIENTED_EDGE('',*,*,#2142,.F.);
#2142 = EDGE_CURVE('',#2143,#2145,#2147,.T.);
#2143 = VERTEX_POINT('',#2144);
#2144 = CARTESIAN_POINT('',(106.25,-54.69635125374,76.463662209317));
#2145 = VERTEX_POINT('',#2146);
#2146 = CARTESIAN_POINT('',(105.25,-189.2749921413,19.42341837347));
#2147 = B_SPLINE_CURVE_WITH_KNOTS('',6,(#2148,#2149,#2150,#2151,#2152,
    #2153,#2154,#2155,#2156,#2157,#2158,#2159,#2160,#2161,#2162,#2163,
    #2164),.UNSPECIFIED.,.F.,.F.,(7,5,5,7),(-9.00042291895,
    -5.474960499495E-02,146.55481105679,155.50048437074),.UNSPECIFIED.);
#2148 = CARTESIAN_POINT('',(106.31419941632,-46.05648105939,
    80.125612570428));
#2149 = CARTESIAN_POINT('',(106.30399941632,-47.42918319644,
    79.543802083302));
#2150 = CARTESIAN_POINT('',(106.29379941632,-48.80188533349,
    78.961991596177));
#2151 = CARTESIAN_POINT('',(106.28359941632,-50.17458747055,
    78.380181109051));
#2152 = CARTESIAN_POINT('',(106.27339941632,-51.5472896076,
    77.798370621925));
#2153 = CARTESIAN_POINT('',(106.26319941632,-52.91999174465,
    77.2165601348));
#2154 = CARTESIAN_POINT('',(106.08583284693,-76.78974359164,
    67.09952776864));
#2155 = CARTESIAN_POINT('',(105.91866627754,-99.28679330158,
    57.564305889606));
#2156 = CARTESIAN_POINT('',(105.75149970816,-121.7838430115,
    48.029084010572));
#2157 = CARTESIAN_POINT('',(105.58433313877,-144.2808927214,
    38.493862131538));
#2158 = CARTESIAN_POINT('',(105.41716656938,-166.7779424313,
    28.958640252504));
#2159 = CARTESIAN_POINT('',(105.2398,-190.6476942783,18.841607886345));
#2160 = CARTESIAN_POINT('',(105.2296,-192.0203964154,18.259797399219));
#2161 = CARTESIAN_POINT('',(105.2194,-193.3930985524,17.677986912094));
#2162 = CARTESIAN_POINT('',(105.2092,-194.7658006895,17.096176424968));
#2163 = CARTESIAN_POINT('',(105.199,-196.1385028265,16.514365937842));
#2164 = CARTESIAN_POINT('',(105.1888,-197.5112049636,15.932555450717));
#2165 = ORIENTED_EDGE('',*,*,#2166,.F.);
#2166 = EDGE_CURVE('',#228,#2143,#2167,.T.);
#2167 = B_SPLINE_CURVE_WITH_KNOTS('',7,(#2168,#2169,#2170,#2171,#2172,
    #2173,#2174,#2175,#2176,#2177,#2178,#2179,#2180,#2181,#2182,#2183,
    #2184,#2185,#2186,#2187,#2188,#2189,#2190,#2191,#2192,#2193,#2194,
    #2195,#2196,#2197,#2198,#2199,#2200,#2201,#2202,#2203,#2204,#2205),
  .UNSPECIFIED.,.F.,.F.,(8,6,6,6,6,6,8),(0.,0.242439669756,
    0.498605761485,0.638261506869,0.771527331608,0.879093325361,1.),
  .UNSPECIFIED.);
#2168 = CARTESIAN_POINT('',(106.25,-70.,68.489580210422));
#2169 = CARTESIAN_POINT('',(106.25,-69.34389594279,68.798712493544));
#2170 = CARTESIAN_POINT('',(106.25,-68.68988272554,69.107653065502));
#2171 = CARTESIAN_POINT('',(106.25,-68.03815952733,69.416369748804));
#2172 = CARTESIAN_POINT('',(106.25,-67.38898180869,69.724814081199));
#2173 = CARTESIAN_POINT('',(106.25,-66.74266606038,70.032920760685));
#2174 = CARTESIAN_POINT('',(106.25,-66.09960445264,70.340605820532));
#2175 = CARTESIAN_POINT('',(106.25,-64.78477764812,70.972311869007));
#2176 = CARTESIAN_POINT('',(106.25,-64.11352991623,71.29623242865));
#2177 = CARTESIAN_POINT('',(106.25,-63.44704424535,71.619440125559));
#2178 = CARTESIAN_POINT('',(106.25,-62.78606846155,71.941763160863));
#2179 = CARTESIAN_POINT('',(106.25,-62.13165468259,72.262932668581));
#2180 = CARTESIAN_POINT('',(106.25,-61.48519397665,72.582576696327));
#2181 = CARTESIAN_POINT('',(106.25,-60.50164107147,73.073321907229));
#2182 = CARTESIAN_POINT('',(106.25,-60.15760869337,73.245841894461));
#2183 = CARTESIAN_POINT('',(106.25,-59.81687767132,73.417654205233));
#2184 = CARTESIAN_POINT('',(106.25,-59.47986182691,73.588640853086));
#2185 = CARTESIAN_POINT('',(106.25,-59.14708289071,73.758645111939));
#2186 = CARTESIAN_POINT('',(106.25,-58.81919372265,73.927466052653));
#2187 = CARTESIAN_POINT('',(106.25,-58.18958483031,74.254573317176));
#2188 = CARTESIAN_POINT('',(106.25,-57.88743895395,74.412944199034));
#2189 = CARTESIAN_POINT('',(106.25,-57.59121992341,74.569779522806));
#2190 = CARTESIAN_POINT('',(106.25,-57.30185574555,74.724778221868));
#2191 = CARTESIAN_POINT('',(106.25,-57.02059400453,74.877511463297));
#2192 = CARTESIAN_POINT('',(106.25,-56.74902785385,75.027415344143));
#2193 = CARTESIAN_POINT('',(106.25,-56.27952241101,75.291872587032));
#2194 = CARTESIAN_POINT('',(106.25,-56.07758665777,75.407610335647));
#2195 = CARTESIAN_POINT('',(106.25,-55.8844424624,75.520612411294));
#2196 = CARTESIAN_POINT('',(106.25,-55.70151376899,75.630340267613));
#2197 = CARTESIAN_POINT('',(106.25,-55.53062068188,75.736072460319));
#2198 = CARTESIAN_POINT('',(106.25,-55.37392886752,75.836921444019));
#2199 = CARTESIAN_POINT('',(106.25,-55.07639903188,76.03858758533));
#2200 = CARTESIAN_POINT('',(106.25,-54.93972899635,76.137990555422));
#2201 = CARTESIAN_POINT('',(106.25,-54.82780593873,76.228291967696));
#2202 = CARTESIAN_POINT('',(106.25,-54.74472587623,76.307562497133));
#2203 = CARTESIAN_POINT('',(106.25,-54.69415064926,76.373949039274));
#2204 = CARTESIAN_POINT('',(106.25,-54.67825755868,76.426090264366));
#2205 = CARTESIAN_POINT('',(106.25,-54.69635125374,76.463662209317));
#2206 = ORIENTED_EDGE('',*,*,#236,.F.);
#2207 = ORIENTED_EDGE('',*,*,#361,.T.);
#2208 = ORIENTED_EDGE('',*,*,#2209,.F.);
#2209 = EDGE_CURVE('',#2145,#362,#2210,.T.);
#2210 = B_SPLINE_CURVE_WITH_KNOTS('',7,(#2211,#2212,#2213,#2214,#2215,
    #2216,#2217,#2218,#2219,#2220,#2221,#2222,#2223,#2224,#2225,#2226,
    #2227,#2228,#2229,#2230,#2231,#2232,#2233,#2234,#2235,#2236),
  .UNSPECIFIED.,.F.,.F.,(8,6,6,6,8),(0.,0.249928743902,0.50000257361,
    0.75007469467,1.),.UNSPECIFIED.);
#2211 = CARTESIAN_POINT('',(105.25,-189.2749921413,19.42341837347));
#2212 = CARTESIAN_POINT('',(105.25,-189.0993744773,19.058744536528));
#2213 = CARTESIAN_POINT('',(105.27383819558,-188.9194887539,
    18.685207983036));
#2214 = CARTESIAN_POINT('',(105.32359432234,-188.7362474198,
    18.304703432004));
#2215 = CARTESIAN_POINT('',(105.40114205148,-188.5507877453,
    17.91959244976));
#2216 = CARTESIAN_POINT('',(105.50793494098,-188.3644744073,
    17.532708816946));
#2217 = CARTESIAN_POINT('',(105.64482565966,-188.1788494636,
    17.147254649545));
#2218 = CARTESIAN_POINT('',(105.9791083073,-187.8121035523,
    16.385698917618));
#2219 = CARTESIAN_POINT('',(106.17653673398,-187.6309846811,
    16.009601706398));
#2220 = CARTESIAN_POINT('',(106.40431197659,-187.4537934288,
    15.641660279584));
#2221 = CARTESIAN_POINT('',(106.66181077775,-187.2822241629,
    15.285393027926));
#2222 = CARTESIAN_POINT('',(106.94756177427,-187.1179469259,
    14.944267830435));
#2223 = CARTESIAN_POINT('',(107.25928974598,-186.9624634225,
    14.621403008764));
#2224 = CARTESIAN_POINT('',(107.9289651319,-186.671575217,
    14.017367426092));
#2225 = CARTESIAN_POINT('',(108.28691352628,-186.5361698149,
    13.736195211336));
#2226 = CARTESIAN_POINT('',(108.66510742327,-186.412047647,
    13.478452873868));
#2227 = CARTESIAN_POINT('',(109.06008979761,-186.3001971297,
    13.246192881429));
#2228 = CARTESIAN_POINT('',(109.4680159137,-186.2012575328,
    13.04074269164));
#2229 = CARTESIAN_POINT('',(109.88498488427,-186.1154997104,
    12.862664738428));
#2230 = CARTESIAN_POINT('',(110.72929958832,-185.9702964209,
    12.561147000921));
#2231 = CARTESIAN_POINT('',(111.15664044095,-185.9108349149,
    12.43767391145));
#2232 = CARTESIAN_POINT('',(111.58556643202,-185.8644470268,
    12.341348469361));
#2233 = CARTESIAN_POINT('',(112.01252727248,-185.8307624328,
    12.271401689173));
#2234 = CARTESIAN_POINT('',(112.43438105457,-185.8091497609,
    12.226522513467));
#2235 = CARTESIAN_POINT('',(112.84850945184,-185.7987951259,
    12.205020892249));
#2236 = CARTESIAN_POINT('',(113.25281177045,-185.7987951259,
    12.205020892249));
#2237 = ( BOUNDED_SURFACE() B_SPLINE_SURFACE(2,6,(
    (#2238,#2239,#2240,#2241,#2242,#2243,#2244,#2245,#2246,#2247,#2248
      ,#2249,#2250,#2251,#2252,#2253,#2254)
    ,(#2255,#2256,#2257,#2258,#2259,#2260,#2261,#2262,#2263,#2264,#2265
      ,#2266,#2267,#2268,#2269,#2270,#2271)
    ,(#2272,#2273,#2274,#2275,#2276,#2277,#2278,#2279,#2280,#2281,#2282
      ,#2283,#2284,#2285,#2286,#2287,#2288
)),.UNSPECIFIED.,.F.,.F.,.F.) B_SPLINE_SURFACE_WITH_KNOTS((3,3),(7,5,5,7
    ),(0.,146.60956066178),(-9.00042291895,-5.474960499495E-02,
    146.55481105679,155.50048437074),.UNSPECIFIED.) 
GEOMETRIC_REPRESENTATION_ITEM() RATIONAL_B_SPLINE_SURFACE((
    (1.,1.,1.,1.,1.,1.,1.,1.,1.,1.,1.,1.,1.,1.,1.,1.,1.)
    ,(0.706990803572,0.706990803572,0.706990803572,0.706990803572
      ,0.706990803572,0.706990803572,0.706990803572,0.706990803572
      ,0.706990803572,0.706990803572,0.706990803572,0.706990803572
      ,0.706990803572,0.706990803572,0.706990803572,0.706990803572
      ,0.706990803572)
    ,(1.,1.,1.,1.,1.,1.,1.,1.,1.,1.,1.,1.,1.,1.,1.,1.,1.
))) REPRESENTATION_ITEM('') SURFACE() );
#2238 = CARTESIAN_POINT('',(106.31419941632,-46.05648105939,
    80.125612570428));
#2239 = CARTESIAN_POINT('',(106.30399941632,-47.42918319644,
    79.543802083302));
#2240 = CARTESIAN_POINT('',(106.29379941632,-48.80188533349,
    78.961991596177));
#2241 = CARTESIAN_POINT('',(106.28359941632,-50.17458747055,
    78.380181109051));
#2242 = CARTESIAN_POINT('',(106.27339941632,-51.5472896076,
    77.798370621925));
#2243 = CARTESIAN_POINT('',(106.26319941632,-52.91999174465,
    77.2165601348));
#2244 = CARTESIAN_POINT('',(106.08583284693,-76.78974359164,
    67.09952776864));
#2245 = CARTESIAN_POINT('',(105.91866627754,-99.28679330158,
    57.564305889606));
#2246 = CARTESIAN_POINT('',(105.75149970816,-121.7838430115,
    48.029084010572));
#2247 = CARTESIAN_POINT('',(105.58433313877,-144.2808927214,
    38.493862131538));
#2248 = CARTESIAN_POINT('',(105.41716656938,-166.7779424313,
    28.958640252504));
#2249 = CARTESIAN_POINT('',(105.2398,-190.6476942783,18.841607886345));
#2250 = CARTESIAN_POINT('',(105.2296,-192.0203964154,18.259797399219));
#2251 = CARTESIAN_POINT('',(105.2194,-193.3930985524,17.677986912094));
#2252 = CARTESIAN_POINT('',(105.2092,-194.7658006895,17.096176424968));
#2253 = CARTESIAN_POINT('',(105.199,-196.1385028265,16.514365937842));
#2254 = CARTESIAN_POINT('',(105.1888,-197.5112049636,15.932555450717));
#2255 = CARTESIAN_POINT('',(106.31157455825,-42.93353387452,
    72.757492545296));
#2256 = CARTESIAN_POINT('',(106.30137455825,-44.30623601157,
    72.175682058171));
#2257 = CARTESIAN_POINT('',(106.29117455825,-45.67893814862,
    71.593871571045));
#2258 = CARTESIAN_POINT('',(106.28097455825,-47.05164028568,
    71.012061083919));
#2259 = CARTESIAN_POINT('',(106.27077455825,-48.42434242273,
    70.430250596794));
#2260 = CARTESIAN_POINT('',(106.26057455825,-49.79704455978,
    69.848440109668));
#2261 = CARTESIAN_POINT('',(106.08320798887,-73.66679640677,
    59.731407743508));
#2262 = CARTESIAN_POINT('',(105.91604141948,-96.16384611671,
    50.196185864474));
#2263 = CARTESIAN_POINT('',(105.74887485009,-118.6608958266,
    40.660963985441));
#2264 = CARTESIAN_POINT('',(105.58170828071,-141.1579455365,
    31.125742106406));
#2265 = CARTESIAN_POINT('',(105.41454171132,-163.6549952465,
    21.590520227373));
#2266 = CARTESIAN_POINT('',(105.23717514193,-187.5247470935,
    11.473487861213));
#2267 = CARTESIAN_POINT('',(105.22697514193,-188.8974492305,
    10.891677374087));
#2268 = CARTESIAN_POINT('',(105.21677514193,-190.2701513676,
    10.309866886962));
#2269 = CARTESIAN_POINT('',(105.20657514193,-191.6428535046,
    9.728056399836));
#2270 = CARTESIAN_POINT('',(105.19637514193,-193.0155556417,
    9.146245912711));
#2271 = CARTESIAN_POINT('',(105.18617514193,-194.3882577787,
    8.564435425585));
#2272 = CARTESIAN_POINT('',(114.31401177045,-42.983941416,
    72.736127650849));
#2273 = CARTESIAN_POINT('',(114.30381177045,-44.35664355306,
    72.154317163723));
#2274 = CARTESIAN_POINT('',(114.29361177045,-45.72934569011,
    71.572506676598));
#2275 = CARTESIAN_POINT('',(114.28341177045,-47.10204782716,
    70.990696189472));
#2276 = CARTESIAN_POINT('',(114.27321177045,-48.47474996421,
    70.408885702346));
#2277 = CARTESIAN_POINT('',(114.26301177045,-49.84745210127,
    69.827075215221));
#2278 = CARTESIAN_POINT('',(114.08564520106,-73.71720394826,
    59.710042849061));
#2279 = CARTESIAN_POINT('',(113.91847863168,-96.21425365819,
    50.174820970027));
#2280 = CARTESIAN_POINT('',(113.75131206229,-118.7113033681,
    40.639599090994));
#2281 = CARTESIAN_POINT('',(113.5841454929,-141.208353078,
    31.104377211959));
#2282 = CARTESIAN_POINT('',(113.41697892352,-163.705402788,
    21.569155332925));
#2283 = CARTESIAN_POINT('',(113.23961235413,-187.5751546349,
    11.452122966766));
#2284 = CARTESIAN_POINT('',(113.22941235413,-188.947856772,
    10.87031247964));
#2285 = CARTESIAN_POINT('',(113.21921235413,-190.320558909,
    10.288501992515));
#2286 = CARTESIAN_POINT('',(113.20901235413,-191.6932610461,
    9.706691505389));
#2287 = CARTESIAN_POINT('',(113.19881235413,-193.0659631832,
    9.124881018263));
#2288 = CARTESIAN_POINT('',(113.18861235413,-194.4386653202,
    8.543070531138));
#2289 = ADVANCED_FACE('',(#2290,#2818,#2829,#2840,#2851,#2862,#2873),
  #2884,.F.);
#2290 = FACE_BOUND('',#2291,.F.);
#2291 = EDGE_LOOP('',(#2292,#2303,#2312,#2349,#2357,#2406,#2415,#2436,
    #2444,#2465,#2474,#2523,#2531,#2568,#2577,#2594,#2602,#2633,#2642,
    #2685,#2693,#2720,#2729,#2756,#2762,#2763,#2764,#2795,#2803));
#2292 = ORIENTED_EDGE('',*,*,#2293,.T.);
#2293 = EDGE_CURVE('',#2294,#2296,#2298,.T.);
#2294 = VERTEX_POINT('',#2295);
#2295 = CARTESIAN_POINT('',(106.25,-4.233153353569,45.128114289901));
#2296 = VERTEX_POINT('',#2297);
#2297 = CARTESIAN_POINT('',(106.25,0.,45.));
#2298 = CIRCLE('',#2299,70.);
#2299 = AXIS2_PLACEMENT_3D('',#2300,#2301,#2302);
#2300 = CARTESIAN_POINT('',(106.25,0.,115.));
#2301 = DIRECTION('',(1.,0.,-2.22044604925E-16));
#2302 = DIRECTION('',(-2.22044604925E-16,0.,-1.));
#2303 = ORIENTED_EDGE('',*,*,#2304,.T.);
#2304 = EDGE_CURVE('',#2296,#2305,#2307,.T.);
#2305 = VERTEX_POINT('',#2306);
#2306 = CARTESIAN_POINT('',(106.25,34.130214415714,53.884302638869));
#2307 = CIRCLE('',#2308,70.);
#2308 = AXIS2_PLACEMENT_3D('',#2309,#2310,#2311);
#2309 = CARTESIAN_POINT('',(106.25,0.,115.));
#2310 = DIRECTION('',(1.,0.,-2.22044604925E-16));
#2311 = DIRECTION('',(-2.22044604925E-16,0.,-1.));
#2312 = ORIENTED_EDGE('',*,*,#2313,.T.);
#2313 = EDGE_CURVE('',#2305,#2314,#2316,.T.);
#2314 = VERTEX_POINT('',#2315);
#2315 = CARTESIAN_POINT('',(106.25,32.559419334962,56.54810196956));
#2316 = B_SPLINE_CURVE_WITH_KNOTS('',7,(#2317,#2318,#2319,#2320,#2321,
    #2322,#2323,#2324,#2325,#2326,#2327,#2328,#2329,#2330,#2331,#2332,
    #2333,#2334,#2335,#2336,#2337,#2338,#2339,#2340,#2341,#2342,#2343,
    #2344,#2345,#2346,#2347,#2348),.UNSPECIFIED.,.F.,.F.,(8,6,6,6,6,8),(
    0.,0.24464115016,0.505832742148,0.652410943821,0.786320112131,1.),
  .UNSPECIFIED.);
#2317 = CARTESIAN_POINT('',(106.25,41.047660368373,45.));
#2318 = CARTESIAN_POINT('',(106.25,40.657787405645,45.484339798319));
#2319 = CARTESIAN_POINT('',(106.25,40.269754616816,45.967503371444));
#2320 = CARTESIAN_POINT('',(106.25,39.883732923487,46.449365487262));
#2321 = CARTESIAN_POINT('',(106.25,39.499938902858,46.929758694996));
#2322 = CARTESIAN_POINT('',(106.25,39.118638846883,47.40847059978));
#2323 = CARTESIAN_POINT('',(106.25,38.740161390977,47.885235250291));
#2324 = CARTESIAN_POINT('',(106.25,37.964290148463,48.866301737577));
#2325 = CARTESIAN_POINT('',(106.25,37.567410650548,49.370206309715));
#2326 = CARTESIAN_POINT('',(106.25,37.174717749126,49.871106443934));
#2327 = CARTESIAN_POINT('',(106.25,36.786854046716,50.368466699282));
#2328 = CARTESIAN_POINT('',(106.25,36.404713556353,50.861506181026));
#2329 = CARTESIAN_POINT('',(106.25,36.02947043394,51.349176975136));
#2330 = CARTESIAN_POINT('',(106.25,35.457013442581,52.099836351136));
#2331 = CARTESIAN_POINT('',(106.25,35.253964615788,52.367473554051));
#2332 = CARTESIAN_POINT('',(106.25,35.053930079203,52.632662754597));
#2333 = CARTESIAN_POINT('',(106.25,34.857287402511,52.895055650188));
#2334 = CARTESIAN_POINT('',(106.25,34.664510656851,53.154202441609));
#2335 = CARTESIAN_POINT('',(106.25,34.476190530486,53.40953483195));
#2336 = CARTESIAN_POINT('',(106.25,34.125776326511,53.889460066609));
#2337 = CARTESIAN_POINT('',(106.25,33.96287328901,54.114732648564));
#2338 = CARTESIAN_POINT('',(106.25,33.804883106009,54.335664845582));
#2339 = CARTESIAN_POINT('',(106.25,33.652531594754,54.551535249404));
#2340 = CARTESIAN_POINT('',(106.25,33.506751856649,54.761386379575));
#2341 = CARTESIAN_POINT('',(106.25,33.368704706364,54.964005777695));
#2342 = CARTESIAN_POINT('',(106.25,33.034146085302,55.467277275688));
#2343 = CARTESIAN_POINT('',(106.25,32.851026206053,55.75558260163));
#2344 = CARTESIAN_POINT('',(106.25,32.697210537888,56.015431824063));
#2345 = CARTESIAN_POINT('',(106.25,32.582180397532,56.235919358843));
#2346 = CARTESIAN_POINT('',(106.25,32.516621461721,56.404223633503));
#2347 = CARTESIAN_POINT('',(106.25,32.509730113008,56.50847613734));
#2348 = CARTESIAN_POINT('',(106.25,32.559419334961,56.548101969561));
#2349 = ORIENTED_EDGE('',*,*,#2350,.T.);
#2350 = EDGE_CURVE('',#2314,#2351,#2353,.T.);
#2351 = VERTEX_POINT('',#2352);
#2352 = CARTESIAN_POINT('',(106.25,49.74123451039,70.25014234466));
#2353 = LINE('',#2354,#2355);
#2354 = CARTESIAN_POINT('',(106.25,26.295528755784,51.552815921794));
#2355 = VECTOR('',#2356,1.);
#2356 = DIRECTION('',(1.384425467285E-16,0.781831482468,0.623489801859)
  );
#2357 = ORIENTED_EDGE('',*,*,#2358,.F.);
#2358 = EDGE_CURVE('',#2359,#2351,#2361,.T.);
#2359 = VERTEX_POINT('',#2360);
#2360 = CARTESIAN_POINT('',(106.25,51.988712041909,68.125979261179));
#2361 = B_SPLINE_CURVE_WITH_KNOTS('',7,(#2362,#2363,#2364,#2365,#2366,
    #2367,#2368,#2369,#2370,#2371,#2372,#2373,#2374,#2375,#2376,#2377,
    #2378,#2379,#2380,#2381,#2382,#2383,#2384,#2385,#2386,#2387,#2388,
    #2389,#2390,#2391,#2392,#2393,#2394,#2395,#2396,#2397,#2398,#2399,
    #2400,#2401,#2402,#2403,#2404,#2405),.UNSPECIFIED.,.F.,.F.,(8,6,6,6,
    6,6,6,8),(0.,0.244287368813,0.495141310613,0.617654021702,
    0.749863440819,0.824058091385,0.89183995688,1.),.UNSPECIFIED.);
#2362 = CARTESIAN_POINT('',(106.25,70.,45.369504175874));
#2363 = CARTESIAN_POINT('',(106.25,69.225707382399,46.379818595831));
#2364 = CARTESIAN_POINT('',(106.25,68.451812846349,47.388167841224));
#2365 = CARTESIAN_POINT('',(106.25,67.678370348844,48.394370294501));
#2366 = CARTESIAN_POINT('',(106.25,66.905457377325,49.398194991796));
#2367 = CARTESIAN_POINT('',(106.25,66.133176076673,50.399356937535));
#2368 = CARTESIAN_POINT('',(106.25,65.361656905466,51.397502552827));
#2369 = CARTESIAN_POINT('',(106.25,63.799758816913,53.413605556852));
#2370 = CARTESIAN_POINT('',(106.25,63.009477971877,54.431312890613));
#2371 = CARTESIAN_POINT('',(106.25,62.220353664859,55.444884366955));
#2372 = CARTESIAN_POINT('',(106.25,61.432626462628,56.453702442936));
#2373 = CARTESIAN_POINT('',(106.25,60.646662945633,57.456904835741));
#2374 = CARTESIAN_POINT('',(106.25,59.862965915198,58.453352073611));
#2375 = CARTESIAN_POINT('',(106.25,58.700959651143,59.923948348801));
#2376 = CARTESIAN_POINT('',(106.25,58.320397248756,60.404471851919));
#2377 = CARTESIAN_POINT('',(106.25,57.940643663454,60.882782273111));
#2378 = CARTESIAN_POINT('',(106.25,57.561811174685,61.358637430556));
#2379 = CARTESIAN_POINT('',(106.25,57.184043670621,61.831738697889));
#2380 = CARTESIAN_POINT('',(106.25,56.807521980673,62.30171742933));
#2381 = CARTESIAN_POINT('',(106.25,56.027739071022,63.271421564754));
#2382 = CARTESIAN_POINT('',(106.25,55.624782435112,63.770479781063));
#2383 = CARTESIAN_POINT('',(106.25,55.223823304232,64.264787817255));
#2384 = CARTESIAN_POINT('',(106.25,54.825240702186,64.753600035398));
#2385 = CARTESIAN_POINT('',(106.25,54.429597008448,65.235871071776));
#2386 = CARTESIAN_POINT('',(106.25,54.037652589373,65.710223026242));
#2387 = CARTESIAN_POINT('',(106.25,53.433197475537,66.435364751071));
#2388 = CARTESIAN_POINT('',(106.25,53.217453110654,66.6928776002));
#2389 = CARTESIAN_POINT('',(106.25,53.003424628936,66.946907001899));
#2390 = CARTESIAN_POINT('',(106.25,52.791367583139,67.197007348323));
#2391 = CARTESIAN_POINT('',(106.25,52.58161500432,67.442616364544));
#2392 = CARTESIAN_POINT('',(106.25,52.374589500495,67.683031714132));
#2393 = CARTESIAN_POINT('',(106.25,51.984671489405,68.131453713858));
#2394 = CARTESIAN_POINT('',(106.25,51.801296297456,68.340400297429));
#2395 = CARTESIAN_POINT('',(106.25,51.621059454963,68.543591375506));
#2396 = CARTESIAN_POINT('',(106.25,51.444502773437,68.740158800164));
#2397 = CARTESIAN_POINT('',(106.25,51.272352092704,68.928979805353));
#2398 = CARTESIAN_POINT('',(106.25,51.105531166739,69.108652883068));
#2399 = CARTESIAN_POINT('',(106.25,50.689324032762,69.546811864769));
#2400 = CARTESIAN_POINT('',(106.25,50.448995129823,69.789494516725));
#2401 = CARTESIAN_POINT('',(106.25,50.229888076064,69.997275596597));
#2402 = CARTESIAN_POINT('',(106.25,50.040525238371,70.158484783355));
#2403 = CARTESIAN_POINT('',(106.25,49.891028938901,70.259851244144));
#2404 = CARTESIAN_POINT('',(106.25,49.790923732343,70.289768176881));
#2405 = CARTESIAN_POINT('',(106.25,49.74123451039,70.25014234466));
#2406 = ORIENTED_EDGE('',*,*,#2407,.T.);
#2407 = EDGE_CURVE('',#2359,#2408,#2410,.T.);
#2408 = VERTEX_POINT('',#2409);
#2409 = CARTESIAN_POINT('',(106.25,69.06201689337,103.57906209544));
#2410 = CIRCLE('',#2411,70.);
#2411 = AXIS2_PLACEMENT_3D('',#2412,#2413,#2414);
#2412 = CARTESIAN_POINT('',(106.25,0.,115.));
#2413 = DIRECTION('',(1.,0.,-2.22044604925E-16));
#2414 = DIRECTION('',(-2.22044604925E-16,0.,-1.));
#2415 = ORIENTED_EDGE('',*,*,#2416,.T.);
#2416 = EDGE_CURVE('',#2408,#2417,#2419,.T.);
#2417 = VERTEX_POINT('',#2418);
#2418 = CARTESIAN_POINT('',(106.25,66.,104.01181676568));
#2419 = B_SPLINE_CURVE_WITH_KNOTS('',8,(#2420,#2421,#2422,#2423,#2424,
    #2425,#2426,#2427,#2428,#2429,#2430,#2431,#2432,#2433,#2434,#2435),
  .UNSPECIFIED.,.F.,.F.,(9,7,9),(0.,0.575685018863,1.),.UNSPECIFIED.);
#2420 = CARTESIAN_POINT('',(106.25,70.,103.54131887282));
#2421 = CARTESIAN_POINT('',(106.25,69.567444446287,103.55632801663));
#2422 = CARTESIAN_POINT('',(106.25,69.145230101874,103.57319869479));
#2423 = CARTESIAN_POINT('',(106.25,68.734235849498,103.59219383696));
#2424 = CARTESIAN_POINT('',(106.25,68.336612314184,103.61362501029));
#2425 = CARTESIAN_POINT('',(106.25,67.955795026756,103.63785444284));
#2426 = CARTESIAN_POINT('',(106.25,67.596603256476,103.66530866752));
#2427 = CARTESIAN_POINT('',(106.25,67.265268368674,103.69648281357));
#2428 = CARTESIAN_POINT('',(106.25,66.752085125421,103.75817708155));
#2429 = CARTESIAN_POINT('',(106.25,66.553636248102,103.78673809804));
#2430 = CARTESIAN_POINT('',(106.25,66.378537046835,103.81784838316));
#2431 = CARTESIAN_POINT('',(106.25,66.231337815396,103.85162702078));
#2432 = CARTESIAN_POINT('',(106.25,66.116705476402,103.88811554057));
#2433 = CARTESIAN_POINT('',(106.25,66.038748707731,103.92722647097));
#2434 = CARTESIAN_POINT('',(106.25,65.999999999999,103.9686648814));
#2435 = CARTESIAN_POINT('',(106.25,65.999999999999,104.01181676568));
#2436 = ORIENTED_EDGE('',*,*,#2437,.T.);
#2437 = EDGE_CURVE('',#2417,#2438,#2440,.T.);
#2438 = VERTEX_POINT('',#2439);
#2439 = CARTESIAN_POINT('',(106.25,66.,125.98818323431));
#2440 = LINE('',#2441,#2442);
#2441 = CARTESIAN_POINT('',(106.25,66.,96.));
#2442 = VECTOR('',#2443,1.);
#2443 = DIRECTION('',(2.22044604925E-16,0.,1.));
#2444 = ORIENTED_EDGE('',*,*,#2445,.F.);
#2445 = EDGE_CURVE('',#2446,#2438,#2448,.T.);
#2446 = VERTEX_POINT('',#2447);
#2447 = CARTESIAN_POINT('',(106.25,69.06201689337,126.42093790456));
#2448 = B_SPLINE_CURVE_WITH_KNOTS('',8,(#2449,#2450,#2451,#2452,#2453,
    #2454,#2455,#2456,#2457,#2458,#2459,#2460,#2461,#2462,#2463,#2464),
  .UNSPECIFIED.,.F.,.F.,(9,7,9),(0.,0.575685018864,1.),.UNSPECIFIED.);
#2449 = CARTESIAN_POINT('',(106.25,70.,126.45868112717));
#2450 = CARTESIAN_POINT('',(106.25,69.567444446287,126.44367198336));
#2451 = CARTESIAN_POINT('',(106.25,69.145230101877,126.4268013052));
#2452 = CARTESIAN_POINT('',(106.25,68.734235849488,126.40780616303));
#2453 = CARTESIAN_POINT('',(106.25,68.336612314198,126.3863749897));
#2454 = CARTESIAN_POINT('',(106.25,67.955795026747,126.36214555715));
#2455 = CARTESIAN_POINT('',(106.25,67.596603256479,126.33469133247));
#2456 = CARTESIAN_POINT('',(106.25,67.265268368673,126.30351718643));
#2457 = CARTESIAN_POINT('',(106.25,66.75208512542,126.24182291844));
#2458 = CARTESIAN_POINT('',(106.25,66.553636248107,126.21326190195));
#2459 = CARTESIAN_POINT('',(106.25,66.378537046832,126.18215161683));
#2460 = CARTESIAN_POINT('',(106.25,66.231337815395,126.14837297921));
#2461 = CARTESIAN_POINT('',(106.25,66.116705476405,126.11188445942));
#2462 = CARTESIAN_POINT('',(106.25,66.038748707729,126.07277352902));
#2463 = CARTESIAN_POINT('',(106.25,66.,126.0313351186));
#2464 = CARTESIAN_POINT('',(106.25,66.,125.98818323431));
#2465 = ORIENTED_EDGE('',*,*,#2466,.T.);
#2466 = EDGE_CURVE('',#2446,#2467,#2469,.T.);
#2467 = VERTEX_POINT('',#2468);
#2468 = CARTESIAN_POINT('',(106.25,51.98871204191,161.87402073882));
#2469 = CIRCLE('',#2470,70.);
#2470 = AXIS2_PLACEMENT_3D('',#2471,#2472,#2473);
#2471 = CARTESIAN_POINT('',(106.25,0.,115.));
#2472 = DIRECTION('',(1.,0.,-2.22044604925E-16));
#2473 = DIRECTION('',(-2.22044604925E-16,0.,-1.));
#2474 = ORIENTED_EDGE('',*,*,#2475,.T.);
#2475 = EDGE_CURVE('',#2467,#2476,#2478,.T.);
#2476 = VERTEX_POINT('',#2477);
#2477 = CARTESIAN_POINT('',(106.25,49.74123451039,159.74985765534));
#2478 = B_SPLINE_CURVE_WITH_KNOTS('',7,(#2479,#2480,#2481,#2482,#2483,
    #2484,#2485,#2486,#2487,#2488,#2489,#2490,#2491,#2492,#2493,#2494,
    #2495,#2496,#2497,#2498,#2499,#2500,#2501,#2502,#2503,#2504,#2505,
    #2506,#2507,#2508,#2509,#2510,#2511,#2512,#2513,#2514,#2515,#2516,
    #2517,#2518,#2519,#2520,#2521,#2522),.UNSPECIFIED.,.F.,.F.,(8,6,6,6,
    6,6,6,8),(0.,0.244287368813,0.495141310613,0.617654021702,
    0.749863440819,0.824058091385,0.89183995688,1.),.UNSPECIFIED.);
#2479 = CARTESIAN_POINT('',(106.25,70.,184.63049582412));
#2480 = CARTESIAN_POINT('',(106.25,69.2257073824,183.62018140416));
#2481 = CARTESIAN_POINT('',(106.25,68.451812846348,182.61183215877));
#2482 = CARTESIAN_POINT('',(106.25,67.678370348845,181.6056297055));
#2483 = CARTESIAN_POINT('',(106.25,66.905457377326,180.6018050082));
#2484 = CARTESIAN_POINT('',(106.25,66.133176076672,179.60064306246));
#2485 = CARTESIAN_POINT('',(106.25,65.361656905466,178.60249744717));
#2486 = CARTESIAN_POINT('',(106.25,63.799758816913,176.58639444314));
#2487 = CARTESIAN_POINT('',(106.25,63.009477971877,175.56868710938));
#2488 = CARTESIAN_POINT('',(106.25,62.22035366486,174.55511563304));
#2489 = CARTESIAN_POINT('',(106.25,61.432626462626,173.54629755706));
#2490 = CARTESIAN_POINT('',(106.25,60.646662945635,172.54309516426));
#2491 = CARTESIAN_POINT('',(106.25,59.862965915198,171.54664792638));
#2492 = CARTESIAN_POINT('',(106.25,58.700959651143,170.07605165119));
#2493 = CARTESIAN_POINT('',(106.25,58.320397248757,169.59552814808));
#2494 = CARTESIAN_POINT('',(106.25,57.940643663454,169.11721772688));
#2495 = CARTESIAN_POINT('',(106.25,57.561811174685,168.64136256944));
#2496 = CARTESIAN_POINT('',(106.25,57.184043670622,168.16826130211));
#2497 = CARTESIAN_POINT('',(106.25,56.807521980673,167.69828257067));
#2498 = CARTESIAN_POINT('',(106.25,56.027739071023,166.72857843524));
#2499 = CARTESIAN_POINT('',(106.25,55.624782435111,166.22952021893));
#2500 = CARTESIAN_POINT('',(106.25,55.223823304234,165.73521218274));
#2501 = CARTESIAN_POINT('',(106.25,54.825240702184,165.24639996459));
#2502 = CARTESIAN_POINT('',(106.25,54.42959700845,164.76412892822));
#2503 = CARTESIAN_POINT('',(106.25,54.037652589373,164.28977697375));
#2504 = CARTESIAN_POINT('',(106.25,53.433197475537,163.56463524892));
#2505 = CARTESIAN_POINT('',(106.25,53.217453110654,163.30712239979));
#2506 = CARTESIAN_POINT('',(106.25,53.003424628936,163.0530929981));
#2507 = CARTESIAN_POINT('',(106.25,52.79136758314,162.80299265167));
#2508 = CARTESIAN_POINT('',(106.25,52.581615004321,162.55738363545));
#2509 = CARTESIAN_POINT('',(106.25,52.374589500495,162.31696828586));
#2510 = CARTESIAN_POINT('',(106.25,51.984671489405,161.86854628614));
#2511 = CARTESIAN_POINT('',(106.25,51.801296297456,161.65959970257));
#2512 = CARTESIAN_POINT('',(106.25,51.621059454963,161.45640862449));
#2513 = CARTESIAN_POINT('',(106.25,51.444502773437,161.25984119983));
#2514 = CARTESIAN_POINT('',(106.25,51.272352092704,161.07102019464));
#2515 = CARTESIAN_POINT('',(106.25,51.105531166739,160.89134711693));
#2516 = CARTESIAN_POINT('',(106.25,50.689324032762,160.45318813523));
#2517 = CARTESIAN_POINT('',(106.25,50.448995129824,160.21050548327));
#2518 = CARTESIAN_POINT('',(106.25,50.229888076059,160.00272440339));
#2519 = CARTESIAN_POINT('',(106.25,50.040525238376,159.84151521665));
#2520 = CARTESIAN_POINT('',(106.25,49.891028938895,159.74014875584));
#2521 = CARTESIAN_POINT('',(106.25,49.790923732343,159.71023182311));
#2522 = CARTESIAN_POINT('',(106.25,49.74123451039,159.74985765533));
#2523 = ORIENTED_EDGE('',*,*,#2524,.T.);
#2524 = EDGE_CURVE('',#2476,#2525,#2527,.T.);
#2525 = VERTEX_POINT('',#2526);
#2526 = CARTESIAN_POINT('',(106.25,32.559419334962,173.45189803044));
#2527 = LINE('',#2528,#2529);
#2528 = CARTESIAN_POINT('',(106.25,56.005125089569,154.75457160757));
#2529 = VECTOR('',#2530,1.);
#2530 = DIRECTION('',(1.384425467285E-16,-0.781831482468,0.623489801859)
  );
#2531 = ORIENTED_EDGE('',*,*,#2532,.F.);
#2532 = EDGE_CURVE('',#2533,#2525,#2535,.T.);
#2533 = VERTEX_POINT('',#2534);
#2534 = CARTESIAN_POINT('',(106.25,34.130214415715,176.11569736113));
#2535 = B_SPLINE_CURVE_WITH_KNOTS('',7,(#2536,#2537,#2538,#2539,#2540,
    #2541,#2542,#2543,#2544,#2545,#2546,#2547,#2548,#2549,#2550,#2551,
    #2552,#2553,#2554,#2555,#2556,#2557,#2558,#2559,#2560,#2561,#2562,
    #2563,#2564,#2565,#2566,#2567),.UNSPECIFIED.,.F.,.F.,(8,6,6,6,6,8),(
    0.,0.24464115016,0.505832742148,0.652410943821,0.786320112131,1.),
  .UNSPECIFIED.);
#2536 = CARTESIAN_POINT('',(106.25,41.047660368373,185.));
#2537 = CARTESIAN_POINT('',(106.25,40.657787405645,184.51566020168));
#2538 = CARTESIAN_POINT('',(106.25,40.269754616816,184.03249662855));
#2539 = CARTESIAN_POINT('',(106.25,39.883732923487,183.55063451273));
#2540 = CARTESIAN_POINT('',(106.25,39.499938902858,183.070241305));
#2541 = CARTESIAN_POINT('',(106.25,39.118638846883,182.59152940022));
#2542 = CARTESIAN_POINT('',(106.25,38.740161390977,182.1147647497));
#2543 = CARTESIAN_POINT('',(106.25,37.964290148463,181.13369826242));
#2544 = CARTESIAN_POINT('',(106.25,37.567410650547,180.62979369028));
#2545 = CARTESIAN_POINT('',(106.25,37.174717749128,180.12889355606));
#2546 = CARTESIAN_POINT('',(106.25,36.786854046714,179.63153330071));
#2547 = CARTESIAN_POINT('',(106.25,36.404713556354,179.13849381897));
#2548 = CARTESIAN_POINT('',(106.25,36.02947043394,178.65082302486));
#2549 = CARTESIAN_POINT('',(106.25,35.457013442581,177.90016364886));
#2550 = CARTESIAN_POINT('',(106.25,35.25396461579,177.63252644595));
#2551 = CARTESIAN_POINT('',(106.25,35.053930079203,177.3673372454));
#2552 = CARTESIAN_POINT('',(106.25,34.85728740251,177.10494434981));
#2553 = CARTESIAN_POINT('',(106.25,34.664510656852,176.84579755839));
#2554 = CARTESIAN_POINT('',(106.25,34.476190530486,176.59046516804));
#2555 = CARTESIAN_POINT('',(106.25,34.12577632651,176.11053993339));
#2556 = CARTESIAN_POINT('',(106.25,33.962873289011,175.88526735143));
#2557 = CARTESIAN_POINT('',(106.25,33.80488310601,175.66433515441));
#2558 = CARTESIAN_POINT('',(106.25,33.652531594754,175.44846475059));
#2559 = CARTESIAN_POINT('',(106.25,33.506751856649,175.23861362042));
#2560 = CARTESIAN_POINT('',(106.25,33.368704706364,175.0359942223));
#2561 = CARTESIAN_POINT('',(106.25,33.034146085302,174.53272272431));
#2562 = CARTESIAN_POINT('',(106.25,32.851026206059,174.24441739837));
#2563 = CARTESIAN_POINT('',(106.25,32.697210537877,173.98456817592));
#2564 = CARTESIAN_POINT('',(106.25,32.58218039754,173.76408064116));
#2565 = CARTESIAN_POINT('',(106.25,32.51662146172,173.59577636649));
#2566 = CARTESIAN_POINT('',(106.25,32.509730113009,173.49152386266));
#2567 = CARTESIAN_POINT('',(106.25,32.559419334962,173.45189803043));
#2568 = ORIENTED_EDGE('',*,*,#2569,.T.);
#2569 = EDGE_CURVE('',#2533,#2570,#2572,.T.);
#2570 = VERTEX_POINT('',#2571);
#2571 = CARTESIAN_POINT('',(106.25,-4.233153353569,184.87188571009));
#2572 = CIRCLE('',#2573,70.);
#2573 = AXIS2_PLACEMENT_3D('',#2574,#2575,#2576);
#2574 = CARTESIAN_POINT('',(106.25,0.,115.));
#2575 = DIRECTION('',(1.,0.,-2.22044604925E-16));
#2576 = DIRECTION('',(-2.22044604925E-16,0.,-1.));
#2577 = ORIENTED_EDGE('',*,*,#2578,.T.);
#2578 = EDGE_CURVE('',#2570,#2579,#2581,.T.);
#2579 = VERTEX_POINT('',#2580);
#2580 = CARTESIAN_POINT('',(106.25,-3.973695101816,181.79034299978));
#2581 = B_SPLINE_CURVE_WITH_KNOTS('',6,(#2582,#2583,#2584,#2585,#2586,
    #2587,#2588,#2589,#2590,#2591,#2592,#2593),.UNSPECIFIED.,.F.,.F.,(7,
    5,7),(0.,0.546350914089,1.),.UNSPECIFIED.);
#2582 = CARTESIAN_POINT('',(106.25,-4.256313865805,185.));
#2583 = CARTESIAN_POINT('',(106.25,-4.175401956516,184.55488184711));
#2584 = CARTESIAN_POINT('',(106.25,-4.100935758818,184.12529059275));
#2585 = CARTESIAN_POINT('',(106.25,-4.034038831958,183.71380376402));
#2586 = CARTESIAN_POINT('',(106.25,-3.976729620161,183.32641509965));
#2587 = CARTESIAN_POINT('',(106.25,-3.931950410015,182.97261621847));
#2588 = CARTESIAN_POINT('',(106.25,-3.879988233274,182.41028003485));
#2589 = CARTESIAN_POINT('',(106.25,-3.867684060096,182.18694612691));
#2590 = CARTESIAN_POINT('',(106.25,-3.869056183183,182.00450177371));
#2591 = CARTESIAN_POINT('',(106.25,-3.886583230632,181.87328564216));
#2592 = CARTESIAN_POINT('',(106.25,-3.921980770045,181.80214645854));
#2593 = CARTESIAN_POINT('',(106.25,-3.973695101816,181.79034299978));
#2594 = ORIENTED_EDGE('',*,*,#2595,.T.);
#2595 = EDGE_CURVE('',#2579,#2596,#2598,.T.);
#2596 = VERTEX_POINT('',#2597);
#2597 = CARTESIAN_POINT('',(106.25,-25.39906818041,176.90014140821));
#2598 = LINE('',#2599,#2600);
#2599 = CARTESIAN_POINT('',(106.25,3.837248690338,183.57313994917));
#2600 = VECTOR('',#2601,1.);
#2601 = DIRECTION('',(-4.940957286788E-17,-0.974927912182,
    -0.222520933956));
#2602 = ORIENTED_EDGE('',*,*,#2603,.F.);
#2603 = EDGE_CURVE('',#2604,#2596,#2606,.T.);
#2604 = VERTEX_POINT('',#2605);
#2605 = CARTESIAN_POINT('',(106.25,-26.50233564647,179.78909017174));
#2606 = B_SPLINE_CURVE_WITH_KNOTS('',7,(#2607,#2608,#2609,#2610,#2611,
    #2612,#2613,#2614,#2615,#2616,#2617,#2618,#2619,#2620,#2621,#2622,
    #2623,#2624,#2625,#2626,#2627,#2628,#2629,#2630,#2631,#2632),
  .UNSPECIFIED.,.F.,.F.,(8,6,6,6,8),(0.,0.254455197407,0.526725997924,
    0.768799424868,1.),.UNSPECIFIED.);
#2607 = CARTESIAN_POINT('',(106.25,-27.81852201322,185.));
#2608 = CARTESIAN_POINT('',(106.25,-27.72364806208,184.60057138124));
#2609 = CARTESIAN_POINT('',(106.25,-27.62868232785,184.20364946322));
#2610 = CARTESIAN_POINT('',(106.25,-27.53362879854,183.80948374319));
#2611 = CARTESIAN_POINT('',(106.25,-27.43849983846,183.41839757452));
#2612 = CARTESIAN_POINT('',(106.25,-27.34331609351,183.03079324679));
#2613 = CARTESIAN_POINT('',(106.25,-27.24810629112,182.64716814668));
#2614 = CARTESIAN_POINT('',(106.25,-27.0510422247,181.8625784529));
#2615 = CARTESIAN_POINT('',(106.25,-26.9492153762,181.46238353996));
#2616 = CARTESIAN_POINT('',(106.25,-26.84744510542,181.06820946372));
#2617 = CARTESIAN_POINT('',(106.25,-26.74580233935,180.68104253587));
#2618 = CARTESIAN_POINT('',(106.25,-26.64441210582,180.30224998515));
#2619 = CARTESIAN_POINT('',(106.25,-26.54345451794,179.93361336438));
#2620 = CARTESIAN_POINT('',(106.25,-26.3540119986,179.26095103459));
#2621 = CARTESIAN_POINT('',(106.25,-26.26546500208,178.95457599271));
#2622 = CARTESIAN_POINT('',(106.25,-26.17763135709,178.65982514863));
#2623 = CARTESIAN_POINT('',(106.25,-26.09079717907,178.37905525548));
#2624 = CARTESIAN_POINT('',(106.25,-26.00543348188,178.11555361537));
#2625 = CARTESIAN_POINT('',(106.25,-25.92219717154,177.87354488726));
#2626 = CARTESIAN_POINT('',(106.25,-25.76525389311,177.45232290362));
#2627 = CARTESIAN_POINT('',(106.25,-25.69117912614,177.27048786261));
#2628 = CARTESIAN_POINT('',(106.25,-25.6207199745,177.1178826741));
#2629 = CARTESIAN_POINT('',(106.25,-25.55509722526,177.00028340735));
#2630 = CARTESIAN_POINT('',(106.25,-25.49560980933,176.92314921587));
#2631 = CARTESIAN_POINT('',(106.25,-25.4433947505,176.89002415785));
#2632 = CARTESIAN_POINT('',(106.25,-25.39906818041,176.90014140821));
#2633 = ORIENTED_EDGE('',*,*,#2634,.T.);
#2634 = EDGE_CURVE('',#2604,#2635,#2637,.T.);
#2635 = VERTEX_POINT('',#2636);
#2636 = CARTESIAN_POINT('',(106.25,-57.26736793321,155.25479561495));
#2637 = CIRCLE('',#2638,70.);
#2638 = AXIS2_PLACEMENT_3D('',#2639,#2640,#2641);
#2639 = CARTESIAN_POINT('',(106.25,0.,115.));
#2640 = DIRECTION('',(1.,0.,-2.22044604925E-16));
#2641 = DIRECTION('',(-2.22044604925E-16,0.,-1.));
#2642 = ORIENTED_EDGE('',*,*,#2643,.T.);
#2643 = EDGE_CURVE('',#2635,#2644,#2646,.T.);
#2644 = VERTEX_POINT('',#2645);
#2645 = CARTESIAN_POINT('',(106.25,-54.69635125374,153.53633779068));
#2646 = B_SPLINE_CURVE_WITH_KNOTS('',7,(#2647,#2648,#2649,#2650,#2651,
    #2652,#2653,#2654,#2655,#2656,#2657,#2658,#2659,#2660,#2661,#2662,
    #2663,#2664,#2665,#2666,#2667,#2668,#2669,#2670,#2671,#2672,#2673,
    #2674,#2675,#2676,#2677,#2678,#2679,#2680,#2681,#2682,#2683,#2684),
  .UNSPECIFIED.,.F.,.F.,(8,6,6,6,6,6,8),(0.,0.242439669756,
    0.498605761485,0.638261506869,0.771527331608,0.879093325361,1.),
  .UNSPECIFIED.);
#2647 = CARTESIAN_POINT('',(106.25,-70.,161.51041978957));
#2648 = CARTESIAN_POINT('',(106.25,-69.34389594279,161.20128750645));
#2649 = CARTESIAN_POINT('',(106.25,-68.68988272554,160.89234693449));
#2650 = CARTESIAN_POINT('',(106.25,-68.03815952733,160.58363025119));
#2651 = CARTESIAN_POINT('',(106.25,-67.38898180869,160.2751859188));
#2652 = CARTESIAN_POINT('',(106.25,-66.74266606038,159.96707923931));
#2653 = CARTESIAN_POINT('',(106.25,-66.09960445264,159.65939417946));
#2654 = CARTESIAN_POINT('',(106.25,-64.78477764812,159.02768813099));
#2655 = CARTESIAN_POINT('',(106.25,-64.11352991623,158.70376757135));
#2656 = CARTESIAN_POINT('',(106.25,-63.44704424534,158.38055987443));
#2657 = CARTESIAN_POINT('',(106.25,-62.78606846156,158.05823683914));
#2658 = CARTESIAN_POINT('',(106.25,-62.13165468258,157.73706733141));
#2659 = CARTESIAN_POINT('',(106.25,-61.48519397665,157.41742330367));
#2660 = CARTESIAN_POINT('',(106.25,-60.50164107147,156.92667809277));
#2661 = CARTESIAN_POINT('',(106.25,-60.15760869337,156.75415810553));
#2662 = CARTESIAN_POINT('',(106.25,-59.81687767132,156.58234579476));
#2663 = CARTESIAN_POINT('',(106.25,-59.47986182691,156.41135914691));
#2664 = CARTESIAN_POINT('',(106.25,-59.14708289071,156.24135488806));
#2665 = CARTESIAN_POINT('',(106.25,-58.81919372265,156.07253394734));
#2666 = CARTESIAN_POINT('',(106.25,-58.18958483032,155.74542668282));
#2667 = CARTESIAN_POINT('',(106.25,-57.88743895394,155.58705580096));
#2668 = CARTESIAN_POINT('',(106.25,-57.59121992342,155.43022047719));
#2669 = CARTESIAN_POINT('',(106.25,-57.30185574554,155.27522177812));
#2670 = CARTESIAN_POINT('',(106.25,-57.02059400454,155.1224885367));
#2671 = CARTESIAN_POINT('',(106.25,-56.74902785385,154.97258465585));
#2672 = CARTESIAN_POINT('',(106.25,-56.27952241101,154.70812741296));
#2673 = CARTESIAN_POINT('',(106.25,-56.07758665777,154.59238966435));
#2674 = CARTESIAN_POINT('',(106.25,-55.8844424624,154.4793875887));
#2675 = CARTESIAN_POINT('',(106.25,-55.70151376899,154.36965973238));
#2676 = CARTESIAN_POINT('',(106.25,-55.53062068188,154.26392753968));
#2677 = CARTESIAN_POINT('',(106.25,-55.37392886752,154.16307855598));
#2678 = CARTESIAN_POINT('',(106.25,-55.07639903188,153.96141241467));
#2679 = CARTESIAN_POINT('',(106.25,-54.93972899635,153.86200944457));
#2680 = CARTESIAN_POINT('',(106.25,-54.82780593874,153.7717080323));
#2681 = CARTESIAN_POINT('',(106.25,-54.74472587622,153.69243750286));
#2682 = CARTESIAN_POINT('',(106.25,-54.69415064927,153.62605096073));
#2683 = CARTESIAN_POINT('',(106.25,-54.67825755867,153.57390973563));
#2684 = CARTESIAN_POINT('',(106.25,-54.69635125374,153.53633779068));
#2685 = ORIENTED_EDGE('',*,*,#2686,.T.);
#2686 = EDGE_CURVE('',#2644,#2687,#2689,.T.);
#2687 = VERTEX_POINT('',#2688);
#2688 = CARTESIAN_POINT('',(106.25,-64.23153930937,133.73631577283));
#2689 = LINE('',#2690,#2691);
#2690 = CARTESIAN_POINT('',(106.25,-51.22015423832,160.7547352719));
#2691 = VECTOR('',#2692,1.);
#2692 = DIRECTION('',(-2.000552763231E-16,-0.433883739118,
    -0.900968867902));
#2693 = ORIENTED_EDGE('',*,*,#2694,.F.);
#2694 = EDGE_CURVE('',#2695,#2687,#2697,.T.);
#2695 = VERTEX_POINT('',#2696);
#2696 = CARTESIAN_POINT('',(106.25,-67.17808641773,134.67497662644));
#2697 = B_SPLINE_CURVE_WITH_KNOTS('',6,(#2698,#2699,#2700,#2701,#2702,
    #2703,#2704,#2705,#2706,#2707,#2708,#2709,#2710,#2711,#2712,#2713,
    #2714,#2715,#2716,#2717,#2718,#2719),.UNSPECIFIED.,.F.,.F.,(7,5,5,5,
    7),(0.,0.288845814999,0.566274367152,0.756419158127,1.),
  .UNSPECIFIED.);
#2698 = CARTESIAN_POINT('',(106.25,-70.,135.93050452852));
#2699 = CARTESIAN_POINT('',(106.25,-69.62180579158,135.75697269493));
#2700 = CARTESIAN_POINT('',(106.25,-69.24722977909,135.58634748842));
#2701 = CARTESIAN_POINT('',(106.25,-68.8767742154,135.41899749169));
#2702 = CARTESIAN_POINT('',(106.25,-68.51118806926,135.25543792606));
#2703 = CARTESIAN_POINT('',(106.25,-68.15148446348,135.09634422506));
#2704 = CARTESIAN_POINT('',(106.25,-67.46057523626,134.79502448811));
#2705 = CARTESIAN_POINT('',(106.25,-67.12894207236,134.65244015686));
#2706 = CARTESIAN_POINT('',(106.25,-66.80524809346,134.51564542601));
#2707 = CARTESIAN_POINT('',(106.25,-66.49132820424,134.38580235677));
#2708 = CARTESIAN_POINT('',(106.25,-66.18978471408,134.26449462259));
#2709 = CARTESIAN_POINT('',(106.25,-65.70853559254,134.07810622074));
#2710 = CARTESIAN_POINT('',(106.25,-65.52042328336,134.00737315662));
#2711 = CARTESIAN_POINT('',(106.25,-65.34106633848,133.94240206514));
#2712 = CARTESIAN_POINT('',(106.25,-65.17206057954,133.88410183009));
#2713 = CARTESIAN_POINT('',(106.25,-65.01540370729,133.83357122486));
#2714 = CARTESIAN_POINT('',(106.25,-64.69122753004,133.73866707373));
#2715 = CARTESIAN_POINT('',(106.25,-64.5327844221,133.69994334566));
#2716 = CARTESIAN_POINT('',(106.25,-64.40324321517,133.67845894238));
#2717 = CARTESIAN_POINT('',(106.25,-64.30793281158,133.6767409725));
#2718 = CARTESIAN_POINT('',(106.25,-64.25078275069,133.69635635518));
#2719 = CARTESIAN_POINT('',(106.25,-64.23153930937,133.73631577283));
#2720 = ORIENTED_EDGE('',*,*,#2721,.T.);
#2721 = EDGE_CURVE('',#2695,#2722,#2724,.T.);
#2722 = VERTEX_POINT('',#2723);
#2723 = CARTESIAN_POINT('',(106.25,-67.17808641773,95.32502337356));
#2724 = CIRCLE('',#2725,70.);
#2725 = AXIS2_PLACEMENT_3D('',#2726,#2727,#2728);
#2726 = CARTESIAN_POINT('',(106.25,0.,115.));
#2727 = DIRECTION('',(1.,0.,-2.22044604925E-16));
#2728 = DIRECTION('',(-2.22044604925E-16,0.,-1.));
#2729 = ORIENTED_EDGE('',*,*,#2730,.T.);
#2730 = EDGE_CURVE('',#2722,#2731,#2733,.T.);
#2731 = VERTEX_POINT('',#2732);
#2732 = CARTESIAN_POINT('',(106.25,-64.23153930937,96.263684227165));
#2733 = B_SPLINE_CURVE_WITH_KNOTS('',6,(#2734,#2735,#2736,#2737,#2738,
    #2739,#2740,#2741,#2742,#2743,#2744,#2745,#2746,#2747,#2748,#2749,
    #2750,#2751,#2752,#2753,#2754,#2755),.UNSPECIFIED.,.F.,.F.,(7,5,5,5,
    7),(0.,0.288845814999,0.566274367154,0.756419158129,1.),
  .UNSPECIFIED.);
#2734 = CARTESIAN_POINT('',(106.25,-70.,94.069495471472));
#2735 = CARTESIAN_POINT('',(106.25,-69.62180579158,94.243027305066));
#2736 = CARTESIAN_POINT('',(106.25,-69.24722977909,94.413652511571));
#2737 = CARTESIAN_POINT('',(106.25,-68.8767742154,94.581002508309));
#2738 = CARTESIAN_POINT('',(106.25,-68.51118806926,94.744562073936));
#2739 = CARTESIAN_POINT('',(106.25,-68.15148446348,94.903655774939));
#2740 = CARTESIAN_POINT('',(106.25,-67.46057523626,95.204975511886));
#2741 = CARTESIAN_POINT('',(106.25,-67.12894207236,95.34755984314));
#2742 = CARTESIAN_POINT('',(106.25,-66.80524809347,95.484354573986));
#2743 = CARTESIAN_POINT('',(106.25,-66.49132820424,95.614197643224));
#2744 = CARTESIAN_POINT('',(106.25,-66.18978471408,95.735505377402));
#2745 = CARTESIAN_POINT('',(106.25,-65.70853559254,95.921893779258));
#2746 = CARTESIAN_POINT('',(106.25,-65.52042328335,95.99262684338));
#2747 = CARTESIAN_POINT('',(106.25,-65.34106633848,96.057597934858));
#2748 = CARTESIAN_POINT('',(106.25,-65.17206057953,96.115898169905));
#2749 = CARTESIAN_POINT('',(106.25,-65.01540370729,96.166428775138));
#2750 = CARTESIAN_POINT('',(106.25,-64.69122753004,96.261332926268));
#2751 = CARTESIAN_POINT('',(106.25,-64.53278442209,96.30005665434));
#2752 = CARTESIAN_POINT('',(106.25,-64.40324321518,96.321541057612));
#2753 = CARTESIAN_POINT('',(106.25,-64.30793281157,96.323259027502));
#2754 = CARTESIAN_POINT('',(106.25,-64.25078275069,96.303643644812));
#2755 = CARTESIAN_POINT('',(106.25,-64.23153930937,96.263684227166));
#2756 = ORIENTED_EDGE('',*,*,#2757,.T.);
#2757 = EDGE_CURVE('',#2731,#2143,#2758,.T.);
#2758 = LINE('',#2759,#2760);
#2759 = CARTESIAN_POINT('',(106.25,-67.70773632479,103.48208170838));
#2760 = VECTOR('',#2761,1.);
#2761 = DIRECTION('',(-2.000552763231E-16,0.433883739118,-0.900968867902
    ));
#2762 = ORIENTED_EDGE('',*,*,#2166,.F.);
#2763 = ORIENTED_EDGE('',*,*,#227,.T.);
#2764 = ORIENTED_EDGE('',*,*,#2765,.T.);
#2765 = EDGE_CURVE('',#109,#2766,#2768,.T.);
#2766 = VERTEX_POINT('',#2767);
#2767 = CARTESIAN_POINT('',(106.25,-25.39906818041,53.099858591782));
#2768 = B_SPLINE_CURVE_WITH_KNOTS('',7,(#2769,#2770,#2771,#2772,#2773,
    #2774,#2775,#2776,#2777,#2778,#2779,#2780,#2781,#2782,#2783,#2784,
    #2785,#2786,#2787,#2788,#2789,#2790,#2791,#2792,#2793,#2794),
  .UNSPECIFIED.,.F.,.F.,(8,6,6,6,8),(0.,0.254455197407,0.526725997923,
    0.768799424867,1.),.UNSPECIFIED.);
#2769 = CARTESIAN_POINT('',(106.25,-27.81852201322,45.));
#2770 = CARTESIAN_POINT('',(106.25,-27.72364806208,45.399428618755));
#2771 = CARTESIAN_POINT('',(106.25,-27.62868232785,45.796350536775));
#2772 = CARTESIAN_POINT('',(106.25,-27.53362879854,46.19051625681));
#2773 = CARTESIAN_POINT('',(106.25,-27.43849983846,46.581602425472));
#2774 = CARTESIAN_POINT('',(106.25,-27.34331609351,46.969206753204));
#2775 = CARTESIAN_POINT('',(106.25,-27.24810629112,47.352831853321));
#2776 = CARTESIAN_POINT('',(106.25,-27.0510422247,48.137421547099));
#2777 = CARTESIAN_POINT('',(106.25,-26.9492153762,48.537616460042));
#2778 = CARTESIAN_POINT('',(106.25,-26.84744510542,48.931790536272));
#2779 = CARTESIAN_POINT('',(106.25,-26.74580233935,49.318957464126));
#2780 = CARTESIAN_POINT('',(106.25,-26.64441210582,49.697750014839));
#2781 = CARTESIAN_POINT('',(106.25,-26.54345451794,50.06638663562));
#2782 = CARTESIAN_POINT('',(106.25,-26.3540119986,50.739048965401));
#2783 = CARTESIAN_POINT('',(106.25,-26.26546500208,51.045424007282));
#2784 = CARTESIAN_POINT('',(106.25,-26.17763135709,51.340174851381));
#2785 = CARTESIAN_POINT('',(106.25,-26.09079717908,51.620944744489));
#2786 = CARTESIAN_POINT('',(106.25,-26.00543348188,51.884446384637));
#2787 = CARTESIAN_POINT('',(106.25,-25.92219717154,52.126455112734));
#2788 = CARTESIAN_POINT('',(106.25,-25.76525389311,52.547677096378));
#2789 = CARTESIAN_POINT('',(106.25,-25.69117912614,52.729512137385));
#2790 = CARTESIAN_POINT('',(106.25,-25.6207199745,52.882117325899));
#2791 = CARTESIAN_POINT('',(106.25,-25.55509722526,52.999716592645));
#2792 = CARTESIAN_POINT('',(106.25,-25.49560980933,53.076850784129));
#2793 = CARTESIAN_POINT('',(106.25,-25.4433947505,53.109975842147));
#2794 = CARTESIAN_POINT('',(106.25,-25.39906818041,53.099858591782));
#2795 = ORIENTED_EDGE('',*,*,#2796,.T.);
#2796 = EDGE_CURVE('',#2766,#2797,#2799,.T.);
#2797 = VERTEX_POINT('',#2798);
#2798 = CARTESIAN_POINT('',(106.25,-3.973695101816,48.209657000217));
#2799 = LINE('',#2800,#2801);
#2800 = CARTESIAN_POINT('',(106.25,-33.21001197257,54.88265554117));
#2801 = VECTOR('',#2802,1.);
#2802 = DIRECTION('',(-4.940957286788E-17,0.974927912182,-0.222520933956
    ));
#2803 = ORIENTED_EDGE('',*,*,#2804,.F.);
#2804 = EDGE_CURVE('',#2294,#2797,#2805,.T.);
#2805 = B_SPLINE_CURVE_WITH_KNOTS('',6,(#2806,#2807,#2808,#2809,#2810,
    #2811,#2812,#2813,#2814,#2815,#2816,#2817),.UNSPECIFIED.,.F.,.F.,(7,
    5,7),(0.,0.546350914089,1.),.UNSPECIFIED.);
#2806 = CARTESIAN_POINT('',(106.25,-4.256313865805,45.));
#2807 = CARTESIAN_POINT('',(106.25,-4.175401956517,45.445118152891));
#2808 = CARTESIAN_POINT('',(106.25,-4.100935758817,45.87470940725));
#2809 = CARTESIAN_POINT('',(106.25,-4.03403883196,46.286196235968));
#2810 = CARTESIAN_POINT('',(106.25,-3.97672962016,46.673584900345));
#2811 = CARTESIAN_POINT('',(106.25,-3.931950410015,47.027383781524));
#2812 = CARTESIAN_POINT('',(106.25,-3.879988233274,47.589719965142));
#2813 = CARTESIAN_POINT('',(106.25,-3.867684060098,47.813053873074));
#2814 = CARTESIAN_POINT('',(106.25,-3.86905618318,47.995498226298));
#2815 = CARTESIAN_POINT('',(106.25,-3.886583230634,48.126714357825));
#2816 = CARTESIAN_POINT('',(106.25,-3.921980770045,48.197853541459));
#2817 = CARTESIAN_POINT('',(106.25,-3.973695101815,48.209657000218));
#2818 = FACE_BOUND('',#2819,.F.);
#2819 = EDGE_LOOP('',(#2820));
#2820 = ORIENTED_EDGE('',*,*,#2821,.F.);
#2821 = EDGE_CURVE('',#2822,#2822,#2824,.T.);
#2822 = VERTEX_POINT('',#2823);
#2823 = CARTESIAN_POINT('',(106.25,-45.30495168499,140.41597412837));
#2824 = CIRCLE('',#2825,7.5);
#2825 = AXIS2_PLACEMENT_3D('',#2826,#2827,#2828);
#2826 = CARTESIAN_POINT('',(106.25,-45.30495168499,147.91597412837));
#2827 = DIRECTION('',(1.,0.,-2.22044604925E-16));
#2828 = DIRECTION('',(-2.22044604925E-16,0.,-1.));
#2829 = FACE_BOUND('',#2830,.F.);
#2830 = EDGE_LOOP('',(#2831));
#2831 = ORIENTED_EDGE('',*,*,#2832,.F.);
#2832 = EDGE_CURVE('',#2833,#2833,#2835,.T.);
#2833 = VERTEX_POINT('',#2834);
#2834 = CARTESIAN_POINT('',(106.25,-6.992733223131E-15,86.45));
#2835 = CIRCLE('',#2836,28.55);
#2836 = AXIS2_PLACEMENT_3D('',#2837,#2838,#2839);
#2837 = CARTESIAN_POINT('',(106.25,0.,115.));
#2838 = DIRECTION('',(1.,0.,-2.22044604925E-16));
#2839 = DIRECTION('',(-2.22044604925E-16,0.,-1.));
#2840 = FACE_BOUND('',#2841,.F.);
#2841 = EDGE_LOOP('',(#2842));
#2842 = ORIENTED_EDGE('',*,*,#2843,.F.);
#2843 = EDGE_CURVE('',#2844,#2844,#2846,.T.);
#2844 = VERTEX_POINT('',#2845);
#2845 = CARTESIAN_POINT('',(106.25,-45.30495168499,74.584025871622));
#2846 = CIRCLE('',#2847,7.5);
#2847 = AXIS2_PLACEMENT_3D('',#2848,#2849,#2850);
#2848 = CARTESIAN_POINT('',(106.25,-45.30495168499,82.084025871622));
#2849 = DIRECTION('',(1.,0.,-2.22044604925E-16));
#2850 = DIRECTION('',(-2.22044604925E-16,0.,-1.));
#2851 = FACE_BOUND('',#2852,.F.);
#2852 = EDGE_LOOP('',(#2853));
#2853 = ORIENTED_EDGE('',*,*,#2854,.F.);
#2854 = EDGE_CURVE('',#2855,#2855,#2857,.T.);
#2855 = VERTEX_POINT('',#2856);
#2856 = CARTESIAN_POINT('',(106.25,17.304951684997,160.75916491252));
#2857 = CIRCLE('',#2858,7.5);
#2858 = AXIS2_PLACEMENT_3D('',#2859,#2860,#2861);
#2859 = CARTESIAN_POINT('',(106.25,17.304951684997,168.25916491252));
#2860 = DIRECTION('',(1.,0.,-2.22044604925E-16));
#2861 = DIRECTION('',(-2.22044604925E-16,0.,-1.));
#2862 = FACE_BOUND('',#2863,.F.);
#2863 = EDGE_LOOP('',(#2864));
#2864 = ORIENTED_EDGE('',*,*,#2865,.F.);
#2865 = EDGE_CURVE('',#2866,#2866,#2868,.T.);
#2866 = VERTEX_POINT('',#2867);
#2867 = CARTESIAN_POINT('',(106.25,56.,107.5));
#2868 = CIRCLE('',#2869,7.5);
#2869 = AXIS2_PLACEMENT_3D('',#2870,#2871,#2872);
#2870 = CARTESIAN_POINT('',(106.25,56.,115.));
#2871 = DIRECTION('',(1.,0.,-2.22044604925E-16));
#2872 = DIRECTION('',(-2.22044604925E-16,0.,-1.));
#2873 = FACE_BOUND('',#2874,.F.);
#2874 = EDGE_LOOP('',(#2875));
#2875 = ORIENTED_EDGE('',*,*,#2876,.F.);
#2876 = EDGE_CURVE('',#2877,#2877,#2879,.T.);
#2877 = VERTEX_POINT('',#2878);
#2878 = CARTESIAN_POINT('',(106.25,17.304951684997,54.240835087471));
#2879 = CIRCLE('',#2880,7.5);
#2880 = AXIS2_PLACEMENT_3D('',#2881,#2882,#2883);
#2881 = CARTESIAN_POINT('',(106.25,17.304951684997,61.740835087471));
#2882 = DIRECTION('',(1.,0.,-2.22044604925E-16));
#2883 = DIRECTION('',(-2.22044604925E-16,0.,-1.));
#2884 = PLANE('',#2885);
#2885 = AXIS2_PLACEMENT_3D('',#2886,#2887,#2888);
#2886 = CARTESIAN_POINT('',(106.25,0.,115.));
#2887 = DIRECTION('',(1.,0.,-2.22044604925E-16));
#2888 = DIRECTION('',(-2.22044604925E-16,0.,-1.));
#2889 = ADVANCED_FACE('',(#2890),#2946,.F.);
#2890 = FACE_BOUND('',#2891,.F.);
#2891 = EDGE_LOOP('',(#2892,#2914,#2915,#2916,#2917));
#2892 = ORIENTED_EDGE('',*,*,#2893,.F.);
#2893 = EDGE_CURVE('',#2766,#2894,#2896,.T.);
#2894 = VERTEX_POINT('',#2895);
#2895 = CARTESIAN_POINT('',(105.25,-51.06262915276,-90.79726312445));
#2896 = B_SPLINE_CURVE_WITH_KNOTS('',6,(#2897,#2898,#2899,#2900,#2901,
    #2902,#2903,#2904,#2905,#2906,#2907,#2908,#2909,#2910,#2911,#2912,
    #2913),.UNSPECIFIED.,.F.,.F.,(7,5,5,7),(-9.000422918949,
    -5.474960499469E-02,146.55481105679,155.50048437074),.UNSPECIFIED.);
#2897 = CARTESIAN_POINT('',(106.31419941632,-23.75148254525,
    62.337969816343));
#2898 = CARTESIAN_POINT('',(106.30399941632,-24.01325086717,
    60.870219174837));
#2899 = CARTESIAN_POINT('',(106.29379941632,-24.27501918909,
    59.402468533332));
#2900 = CARTESIAN_POINT('',(106.28359941632,-24.53678751101,
    57.934717891826));
#2901 = CARTESIAN_POINT('',(106.27339941632,-24.79855583292,
    56.46696725032));
#2902 = CARTESIAN_POINT('',(106.26319941632,-25.06032415484,
    54.999216608815));
#2903 = CARTESIAN_POINT('',(106.08583284693,-29.61218192276,
    29.476677785348));
#2904 = CARTESIAN_POINT('',(105.91866627754,-33.90227136876,
    5.421889603387));
#2905 = CARTESIAN_POINT('',(105.75149970816,-38.19236081476,
    -18.63289857857));
#2906 = CARTESIAN_POINT('',(105.58433313877,-42.48245026076,
    -42.68768676053));
#2907 = CARTESIAN_POINT('',(105.41716656938,-46.77253970676,
    -66.74247494249));
#2908 = CARTESIAN_POINT('',(105.2398,-51.32439747468,-92.26501376596));
#2909 = CARTESIAN_POINT('',(105.2296,-51.5861657966,-93.73276440747));
#2910 = CARTESIAN_POINT('',(105.2194,-51.84793411852,-95.20051504897));
#2911 = CARTESIAN_POINT('',(105.2092,-52.10970244043,-96.66826569048));
#2912 = CARTESIAN_POINT('',(105.199,-52.37147076235,-98.13601633198));
#2913 = CARTESIAN_POINT('',(105.1888,-52.63323908427,-99.60376697349));
#2914 = ORIENTED_EDGE('',*,*,#2765,.F.);
#2915 = ORIENTED_EDGE('',*,*,#108,.F.);
#2916 = ORIENTED_EDGE('',*,*,#2106,.T.);
#2917 = ORIENTED_EDGE('',*,*,#2918,.F.);
#2918 = EDGE_CURVE('',#2894,#2107,#2919,.T.);
#2919 = B_SPLINE_CURVE_WITH_KNOTS('',7,(#2920,#2921,#2922,#2923,#2924,
    #2925,#2926,#2927,#2928,#2929,#2930,#2931,#2932,#2933,#2934,#2935,
    #2936,#2937,#2938,#2939,#2940,#2941,#2942,#2943,#2944,#2945),
  .UNSPECIFIED.,.F.,.F.,(8,6,6,6,8),(0.,0.249928743901,0.500002573608,
    0.75007469467,1.),.UNSPECIFIED.);
#2920 = CARTESIAN_POINT('',(105.25,-51.06262915276,-90.79726312445));
#2921 = CARTESIAN_POINT('',(105.25,-51.45723846186,-90.70719612472));
#2922 = CARTESIAN_POINT('',(105.27383819558,-51.86143801324,
    -90.61494021476));
#2923 = CARTESIAN_POINT('',(105.32359432234,-52.27317755356,
    -90.52096335154));
#2924 = CARTESIAN_POINT('',(105.40114205148,-52.68990165942,
    -90.42584879376));
#2925 = CARTESIAN_POINT('',(105.50793494098,-53.10854392979,
    -90.33029642744));
#2926 = CARTESIAN_POINT('',(105.64482565966,-53.5256393923,
    -90.23509710992));
#2927 = CARTESIAN_POINT('',(105.9791083073,-54.34970997475,
    -90.04700837704));
#2928 = CARTESIAN_POINT('',(106.17653673397,-54.75668038402,
    -89.95412003686));
#2929 = CARTESIAN_POINT('',(106.40431197659,-55.15482551404,
    -89.86324600907));
#2930 = CARTESIAN_POINT('',(106.66181077775,-55.54033815516,
    -89.77525526444));
#2931 = CARTESIAN_POINT('',(106.94756177427,-55.90946575594,
    -89.69100429834));
#2932 = CARTESIAN_POINT('',(107.25928974598,-56.25883401684,
    -89.61126327263));
#2933 = CARTESIAN_POINT('',(107.9289651319,-56.9124538815,
    -89.46207880379));
#2934 = CARTESIAN_POINT('',(108.28691352627,-57.21670705833,
    -89.39263500162));
#2935 = CARTESIAN_POINT('',(108.66510742329,-57.49560703803,
    -89.32897790124));
#2936 = CARTESIAN_POINT('',(109.06008979759,-57.7469328691,
    -89.27161442036));
#2937 = CARTESIAN_POINT('',(109.46801591372,-57.96924812519,
    -89.2208724139));
#2938 = CARTESIAN_POINT('',(109.88498488426,-58.16194420306,
    -89.17689079158));
#2939 = CARTESIAN_POINT('',(110.72929958832,-58.48821303297,
    -89.10242206026));
#2940 = CARTESIAN_POINT('',(111.15664044095,-58.62182182415,
    -89.07192672555));
#2941 = CARTESIAN_POINT('',(111.58556643202,-58.72605446247,
    -89.04813630604));
#2942 = CARTESIAN_POINT('',(112.01252727248,-58.80174305816,
    -89.03086087799));
#2943 = CARTESIAN_POINT('',(112.43438105457,-58.85030629117,
    -89.01977663695));
#2944 = CARTESIAN_POINT('',(112.84850945183,-58.87357294492,
    -89.01446617507));
#2945 = CARTESIAN_POINT('',(113.25281177045,-58.87357294492,
    -89.01446617507));
#2946 = ( BOUNDED_SURFACE() B_SPLINE_SURFACE(2,6,(
    (#2947,#2948,#2949,#2950,#2951,#2952,#2953,#2954,#2955,#2956,#2957
      ,#2958,#2959,#2960,#2961,#2962,#2963)
    ,(#2964,#2965,#2966,#2967,#2968,#2969,#2970,#2971,#2972,#2973,#2974
      ,#2975,#2976,#2977,#2978,#2979,#2980)
    ,(#2981,#2982,#2983,#2984,#2985,#2986,#2987,#2988,#2989,#2990,#2991
      ,#2992,#2993,#2994,#2995,#2996,#2997
)),.UNSPECIFIED.,.F.,.F.,.F.) B_SPLINE_SURFACE_WITH_KNOTS((3,3),(7,5,5,7
    ),(0.,146.60956066178),(-9.000422918949,-5.474960499469E-02,
    146.55481105679,155.50048437074),.UNSPECIFIED.) 
GEOMETRIC_REPRESENTATION_ITEM() RATIONAL_B_SPLINE_SURFACE((
    (1.,1.,1.,1.,1.,1.,1.,1.,1.,1.,1.,1.,1.,1.,1.,1.,1.)
    ,(0.706990803572,0.706990803572,0.706990803572,0.706990803572
      ,0.706990803572,0.706990803572,0.706990803572,0.706990803572
      ,0.706990803572,0.706990803572,0.706990803572,0.706990803572
      ,0.706990803572,0.706990803572,0.706990803572,0.706990803572
      ,0.706990803572)
    ,(1.,1.,1.,1.,1.,1.,1.,1.,1.,1.,1.,1.,1.,1.,1.,1.,1.
))) REPRESENTATION_ITEM('') SURFACE() );
#2947 = CARTESIAN_POINT('',(106.31419941632,-23.75148254525,
    62.337969816343));
#2948 = CARTESIAN_POINT('',(106.30399941632,-24.01325086717,
    60.870219174837));
#2949 = CARTESIAN_POINT('',(106.29379941632,-24.27501918909,
    59.402468533332));
#2950 = CARTESIAN_POINT('',(106.28359941632,-24.53678751101,
    57.934717891826));
#2951 = CARTESIAN_POINT('',(106.27339941632,-24.79855583292,
    56.46696725032));
#2952 = CARTESIAN_POINT('',(106.26319941632,-25.06032415484,
    54.999216608815));
#2953 = CARTESIAN_POINT('',(106.08583284693,-29.61218192276,
    29.476677785348));
#2954 = CARTESIAN_POINT('',(105.91866627754,-33.90227136876,
    5.421889603387));
#2955 = CARTESIAN_POINT('',(105.75149970816,-38.19236081476,
    -18.63289857857));
#2956 = CARTESIAN_POINT('',(105.58433313877,-42.48245026076,
    -42.68768676053));
#2957 = CARTESIAN_POINT('',(105.41716656938,-46.77253970676,
    -66.74247494249));
#2958 = CARTESIAN_POINT('',(105.2398,-51.32439747468,-92.26501376596));
#2959 = CARTESIAN_POINT('',(105.2296,-51.5861657966,-93.73276440747));
#2960 = CARTESIAN_POINT('',(105.2194,-51.84793411852,-95.20051504897));
#2961 = CARTESIAN_POINT('',(105.2092,-52.10970244043,-96.66826569048));
#2962 = CARTESIAN_POINT('',(105.199,-52.37147076235,-98.13601633198));
#2963 = CARTESIAN_POINT('',(105.1888,-52.63323908427,-99.60376697349));
#2964 = CARTESIAN_POINT('',(106.31157455825,-31.62978954233,
    63.743057245647));
#2965 = CARTESIAN_POINT('',(106.30137455825,-31.89155786425,
    62.275306604141));
#2966 = CARTESIAN_POINT('',(106.29117455825,-32.15332618617,
    60.807555962636));
#2967 = CARTESIAN_POINT('',(106.28097455825,-32.41509450809,
    59.33980532113));
#2968 = CARTESIAN_POINT('',(106.27077455825,-32.67686283,57.872054679624
    ));
#2969 = CARTESIAN_POINT('',(106.26057455825,-32.93863115192,
    56.404304038119));
#2970 = CARTESIAN_POINT('',(106.08320798887,-37.49048891984,
    30.881765214652));
#2971 = CARTESIAN_POINT('',(105.91604141948,-41.78057836584,
    6.826977032691));
#2972 = CARTESIAN_POINT('',(105.74887485009,-46.07066781184,
    -17.22781114927));
#2973 = CARTESIAN_POINT('',(105.58170828071,-50.36075725784,
    -41.28259933123));
#2974 = CARTESIAN_POINT('',(105.41454171132,-54.65084670384,
    -65.33738751319));
#2975 = CARTESIAN_POINT('',(105.23717514193,-59.20270447176,
    -90.85992633666));
#2976 = CARTESIAN_POINT('',(105.22697514193,-59.46447279368,
    -92.32767697816));
#2977 = CARTESIAN_POINT('',(105.21677514193,-59.7262411156,
    -93.79542761967));
#2978 = CARTESIAN_POINT('',(105.20657514193,-59.98800943751,
    -95.26317826117));
#2979 = CARTESIAN_POINT('',(105.19637514193,-60.24977775943,
    -96.73092890268));
#2980 = CARTESIAN_POINT('',(105.18617514193,-60.51154608135,
    -98.19867954418));
#2981 = CARTESIAN_POINT('',(114.31401177045,-31.63940204106,
    63.689159390204));
#2982 = CARTESIAN_POINT('',(114.30381177045,-31.90117036298,
    62.221408748698));
#2983 = CARTESIAN_POINT('',(114.29361177045,-32.1629386849,
    60.753658107192));
#2984 = CARTESIAN_POINT('',(114.28341177045,-32.42470700681,
    59.285907465687));
#2985 = CARTESIAN_POINT('',(114.27321177045,-32.68647532873,
    57.818156824181));
#2986 = CARTESIAN_POINT('',(114.26301177045,-32.94824365065,
    56.350406182675));
#2987 = CARTESIAN_POINT('',(114.08564520106,-37.50010141857,
    30.827867359208));
#2988 = CARTESIAN_POINT('',(113.91847863168,-41.79019086457,
    6.773079177248));
#2989 = CARTESIAN_POINT('',(113.75131206229,-46.08028031057,
    -17.28170900471));
#2990 = CARTESIAN_POINT('',(113.5841454929,-50.37036975657,
    -41.33649718667));
#2991 = CARTESIAN_POINT('',(113.41697892352,-54.66045920257,
    -65.39128536863));
#2992 = CARTESIAN_POINT('',(113.23961235413,-59.21231697049,
    -90.9138241921));
#2993 = CARTESIAN_POINT('',(113.22941235413,-59.47408529241,
    -92.3815748336));
#2994 = CARTESIAN_POINT('',(113.21921235413,-59.73585361432,
    -93.84932547511));
#2995 = CARTESIAN_POINT('',(113.20901235413,-59.99762193624,
    -95.31707611662));
#2996 = CARTESIAN_POINT('',(113.19881235413,-60.25939025816,
    -96.78482675812));
#2997 = CARTESIAN_POINT('',(113.18861235413,-60.52115858008,
    -98.25257739963));
#2998 = ADVANCED_FACE('',(#2999),#3088,.F.);
#2999 = FACE_BOUND('',#3000,.F.);
#3000 = EDGE_LOOP('',(#3001,#3009,#3040,#3048,#3079,#3085,#3086,#3087));
#3001 = ORIENTED_EDGE('',*,*,#3002,.F.);
#3002 = EDGE_CURVE('',#3003,#2145,#3005,.T.);
#3003 = VERTEX_POINT('',#3004);
#3004 = CARTESIAN_POINT('',(105.25,-192.7358078493,26.609876240685));
#3005 = LINE('',#3006,#3007);
#3006 = CARTESIAN_POINT('',(105.25,-196.2120048647,33.828273721907));
#3007 = VECTOR('',#3008,1.);
#3008 = DIRECTION('',(-2.000552763231E-16,0.433883739118,-0.900968867902
    ));
#3009 = ORIENTED_EDGE('',*,*,#3010,.T.);
#3010 = EDGE_CURVE('',#3003,#3011,#3013,.T.);
#3011 = VERTEX_POINT('',#3012);
#3012 = CARTESIAN_POINT('',(113.25281177045,-196.2120048647,
    33.828273721907));
#3013 = B_SPLINE_CURVE_WITH_KNOTS('',7,(#3014,#3015,#3016,#3017,#3018,
    #3019,#3020,#3021,#3022,#3023,#3024,#3025,#3026,#3027,#3028,#3029,
    #3030,#3031,#3032,#3033,#3034,#3035,#3036,#3037,#3038,#3039),
  .UNSPECIFIED.,.F.,.F.,(8,6,6,6,8),(0.,0.249928743901,0.500002573608,
    0.750074694671,1.),.UNSPECIFIED.);
#3014 = CARTESIAN_POINT('',(105.25,-192.7358078493,26.609876240685));
#3015 = CARTESIAN_POINT('',(105.25,-192.9114255133,26.974550077627));
#3016 = CARTESIAN_POINT('',(105.27383819558,-193.0913112366,
    27.348086631119));
#3017 = CARTESIAN_POINT('',(105.32359432234,-193.2745525707,
    27.728591182151));
#3018 = CARTESIAN_POINT('',(105.40114205148,-193.4600122452,
    28.113702164395));
#3019 = CARTESIAN_POINT('',(105.50793494098,-193.6463255832,
    28.500585797209));
#3020 = CARTESIAN_POINT('',(105.64482565966,-193.8319505269,
    28.88603996461));
#3021 = CARTESIAN_POINT('',(105.9791083073,-194.1986964383,
    29.647595696538));
#3022 = CARTESIAN_POINT('',(106.17653673398,-194.3798153094,
    30.023692907757));
#3023 = CARTESIAN_POINT('',(106.40431197659,-194.5570065617,
    30.391634334571));
#3024 = CARTESIAN_POINT('',(106.66181077775,-194.7285758277,
    30.74790158623));
#3025 = CARTESIAN_POINT('',(106.94756177427,-194.8928530646,
    31.08902678372));
#3026 = CARTESIAN_POINT('',(107.25928974598,-195.048336568,
    31.411891605391));
#3027 = CARTESIAN_POINT('',(107.9289651319,-195.3392247735,
    32.015927188067));
#3028 = CARTESIAN_POINT('',(108.28691352626,-195.4746301756,
    32.297099402805));
#3029 = CARTESIAN_POINT('',(108.6651074233,-195.5987523436,
    32.55484174031));
#3030 = CARTESIAN_POINT('',(109.06008979757,-195.7106028609,
    32.787101732707));
#3031 = CARTESIAN_POINT('',(109.46801591373,-195.8095424577,
    32.992551922525));
#3032 = CARTESIAN_POINT('',(109.88498488426,-195.8953002801,
    33.170629875725));
#3033 = CARTESIAN_POINT('',(110.72929958832,-196.0405035696,
    33.472147613234));
#3034 = CARTESIAN_POINT('',(111.15664044095,-196.0999650756,
    33.595620702705));
#3035 = CARTESIAN_POINT('',(111.58556643202,-196.1463529637,
    33.691946144794));
#3036 = CARTESIAN_POINT('',(112.01252727248,-196.1800375577,
    33.761892924982));
#3037 = CARTESIAN_POINT('',(112.43438105457,-196.2016502296,
    33.806772100688));
#3038 = CARTESIAN_POINT('',(112.84850945184,-196.2120048647,
    33.828273721907));
#3039 = CARTESIAN_POINT('',(113.25281177045,-196.2120048647,
    33.828273721907));
#3040 = ORIENTED_EDGE('',*,*,#3041,.F.);
#3041 = EDGE_CURVE('',#3042,#3011,#3044,.T.);
#3042 = VERTEX_POINT('',#3043);
#3043 = CARTESIAN_POINT('',(115.25243646992,-196.2120048647,
    33.828273721907));
#3044 = LINE('',#3045,#3046);
#3045 = CARTESIAN_POINT('',(123.25,-196.2120048647,33.828273721907));
#3046 = VECTOR('',#3047,1.);
#3047 = DIRECTION('',(-1.,0.,2.22044604925E-16));
#3048 = ORIENTED_EDGE('',*,*,#3049,.F.);
#3049 = EDGE_CURVE('',#3050,#3042,#3052,.T.);
#3050 = VERTEX_POINT('',#3051);
#3051 = CARTESIAN_POINT('',(123.25,-192.7380875377,26.614610062524));
#3052 = B_SPLINE_CURVE_WITH_KNOTS('',7,(#3053,#3054,#3055,#3056,#3057,
    #3058,#3059,#3060,#3061,#3062,#3063,#3064,#3065,#3066,#3067,#3068,
    #3069,#3070,#3071,#3072,#3073,#3074,#3075,#3076,#3077,#3078),
  .UNSPECIFIED.,.F.,.F.,(8,6,6,6,8),(0.,0.25065980494,0.502734274596,
    0.752805088042,1.),.UNSPECIFIED.);
#3053 = CARTESIAN_POINT('',(123.25,-192.7380875377,26.614610062524));
#3054 = CARTESIAN_POINT('',(123.25,-192.9141605638,26.980229468639));
#3055 = CARTESIAN_POINT('',(123.22603801306,-193.0945150567,
    27.354739432058));
#3056 = CARTESIAN_POINT('',(123.17601907213,-193.2782307008,
    27.736228897951));
#3057 = CARTESIAN_POINT('',(123.09805650432,-193.4641601599,
    28.122315398083));
#3058 = CARTESIAN_POINT('',(122.99068891484,-193.6509265859,
    28.510139877662));
#3059 = CARTESIAN_POINT('',(122.85306307356,-193.8369745135,
    28.896472380087));
#3060 = CARTESIAN_POINT('',(122.51615429351,-194.2054105281,
    29.661537647833));
#3061 = CARTESIAN_POINT('',(122.31652628709,-194.3877726356,
    30.040216465992));
#3062 = CARTESIAN_POINT('',(122.08609691525,-194.5661021685,
    30.410521556674));
#3063 = CARTESIAN_POINT('',(121.82551914155,-194.7386656794,
    30.768853379357));
#3064 = CARTESIAN_POINT('',(121.53632127625,-194.9037570181,
    31.111669076512));
#3065 = CARTESIAN_POINT('',(121.22085794447,-195.059847197,
    31.435793672664));
#3066 = CARTESIAN_POINT('',(120.54600670009,-195.3503429075,
    32.039014231217));
#3067 = CARTESIAN_POINT('',(120.18698654738,-195.4849115094,
    32.318448812363));
#3068 = CARTESIAN_POINT('',(119.80791257538,-195.6081488006,
    32.57435368449));
#3069 = CARTESIAN_POINT('',(119.41225503843,-195.7190822564,
    32.804709379012));
#3070 = CARTESIAN_POINT('',(119.00386196159,-195.8170895308,
    33.00822358119));
#3071 = CARTESIAN_POINT('',(118.5866283164,-195.9019156155,
    33.184366761054));
#3072 = CARTESIAN_POINT('',(117.74677309069,-196.044502151,
    33.480450752981));
#3073 = CARTESIAN_POINT('',(117.32426732956,-196.102563232,
    33.601015830076));
#3074 = CARTESIAN_POINT('',(116.90034441995,-196.147861571,
    33.695078800047));
#3075 = CARTESIAN_POINT('',(116.47842282526,-196.18076323,
    33.763399799065));
#3076 = CARTESIAN_POINT('',(116.06152895947,-196.2018819654,
    33.807253305017));
#3077 = CARTESIAN_POINT('',(115.65218943791,-196.2120048647,
    33.828273721907));
#3078 = CARTESIAN_POINT('',(115.25243646992,-196.2120048647,
    33.828273721907));
#3079 = ORIENTED_EDGE('',*,*,#3080,.F.);
#3080 = EDGE_CURVE('',#487,#3050,#3081,.T.);
#3081 = LINE('',#3082,#3083);
#3082 = CARTESIAN_POINT('',(123.25,-185.7987951259,12.205020892249));
#3083 = VECTOR('',#3084,1.);
#3084 = DIRECTION('',(2.000552763231E-16,-0.433883739118,0.900968867902)
  );
#3085 = ORIENTED_EDGE('',*,*,#508,.F.);
#3086 = ORIENTED_EDGE('',*,*,#407,.F.);
#3087 = ORIENTED_EDGE('',*,*,#2209,.F.);
#3088 = PLANE('',#3089);
#3089 = AXIS2_PLACEMENT_3D('',#3090,#3091,#3092);
#3090 = CARTESIAN_POINT('',(105.25,-196.2120048647,33.828273721907));
#3091 = DIRECTION('',(9.634154343575E-17,0.900968867902,0.433883739118)
  );
#3092 = DIRECTION('',(0.6,0.347106991294,-0.720775094322));
#3093 = ADVANCED_FACE('',(#3094),#3119,.T.);
#3094 = FACE_BOUND('',#3095,.T.);
#3095 = EDGE_LOOP('',(#3096,#3097,#3098,#3118));
#3096 = ORIENTED_EDGE('',*,*,#486,.F.);
#3097 = ORIENTED_EDGE('',*,*,#1805,.T.);
#3098 = ORIENTED_EDGE('',*,*,#3099,.T.);
#3099 = EDGE_CURVE('',#1722,#3050,#3100,.T.);
#3100 = B_SPLINE_CURVE_WITH_KNOTS('',6,(#3101,#3102,#3103,#3104,#3105,
    #3106,#3107,#3108,#3109,#3110,#3111,#3112,#3113,#3114,#3115,#3116,
    #3117),.UNSPECIFIED.,.F.,.F.,(7,5,5,7),(-8.890959613726,
    5.471370022882E-02,146.55455944062,155.50023275457),.UNSPECIFIED.);
#3101 = CARTESIAN_POINT('',(124.31344882405,-56.08037427261,
    100.68787025686));
#3102 = CARTESIAN_POINT('',(124.30324882405,-57.39111781172,
    99.977401415399));
#3103 = CARTESIAN_POINT('',(124.29304882405,-58.70186135083,
    99.266932573937));
#3104 = CARTESIAN_POINT('',(124.28284882405,-60.01260488993,
    98.556463732475));
#3105 = CARTESIAN_POINT('',(124.27264882405,-61.32334842904,
    97.845994891013));
#3106 = CARTESIAN_POINT('',(124.26244882405,-62.63409196815,
    97.135526049551));
#3107 = CARTESIAN_POINT('',(124.08520735338,-85.41037751234,
    84.789982683828));
#3108 = CARTESIAN_POINT('',(123.9181658827,-106.8759195174,
    73.154908159567));
#3109 = CARTESIAN_POINT('',(123.75112441202,-128.3414615225,
    61.519833635306));
#3110 = CARTESIAN_POINT('',(123.58408294135,-149.8070035275,
    49.884759111046));
#3111 = CARTESIAN_POINT('',(123.41704147067,-171.2725455326,
    38.249684586785));
#3112 = CARTESIAN_POINT('',(123.2398,-194.0488310768,25.904141221062));
#3113 = CARTESIAN_POINT('',(123.2296,-195.3595746159,25.1936723796));
#3114 = CARTESIAN_POINT('',(123.2194,-196.670318155,24.483203538138));
#3115 = CARTESIAN_POINT('',(123.2092,-197.9810616941,23.772734696676));
#3116 = CARTESIAN_POINT('',(123.199,-199.2918052332,23.062265855214));
#3117 = CARTESIAN_POINT('',(123.1888,-200.6025487723,22.351797013751));
#3118 = ORIENTED_EDGE('',*,*,#3080,.F.);
#3119 = B_SPLINE_SURFACE_WITH_KNOTS('',1,1,(
    (#3120,#3121)
    ,(#3122,#3123
    )),.UNSPECIFIED.,.F.,.F.,.F.,(2,2),(2,2),(0.,38.),(0.,1.),
  .PIECEWISE_BEZIER_KNOTS.);
#3120 = CARTESIAN_POINT('',(124.25,-51.22015423832,69.245264728095));
#3121 = CARTESIAN_POINT('',(123.25,-185.7987951259,12.205020892249));
#3122 = CARTESIAN_POINT('',(124.25,-67.70773632479,103.48208170838));
#3123 = CARTESIAN_POINT('',(123.25,-196.2120048647,33.828273721907));
#3124 = ADVANCED_FACE('',(#3125),#3212,.T.);
#3125 = FACE_BOUND('',#3126,.T.);
#3126 = EDGE_LOOP('',(#3127,#3151,#3159,#3160,#3161,#3183));
#3127 = ORIENTED_EDGE('',*,*,#3128,.F.);
#3128 = EDGE_CURVE('',#3129,#3131,#3133,.T.);
#3129 = VERTEX_POINT('',#3130);
#3130 = CARTESIAN_POINT('',(116.18554208667,1.207459787736,
    37.009346451892));
#3131 = VERTEX_POINT('',#3132);
#3132 = CARTESIAN_POINT('',(115.25243646992,-35.47530305255,
    -94.35496859002));
#3133 = B_SPLINE_CURVE_WITH_KNOTS('',6,(#3134,#3135,#3136,#3137,#3138,
    #3139,#3140,#3141,#3142,#3143,#3144,#3145,#3146,#3147,#3148,#3149,
    #3150),.UNSPECIFIED.,.F.,.F.,(7,5,5,7),(-8.890959613726,
    5.471370022838E-02,146.55455944062,155.50023275457),.UNSPECIFIED.);
#3134 = CARTESIAN_POINT('',(116.31363646992,6.243176857003,
    55.04270796365));
#3135 = CARTESIAN_POINT('',(116.30343646992,5.842188829225,
    53.606733311513));
#3136 = CARTESIAN_POINT('',(116.29323646992,5.441200801448,
    52.170758659376));
#3137 = CARTESIAN_POINT('',(116.28303646992,5.04021277367,50.73478400724
    ));
#3138 = CARTESIAN_POINT('',(116.27283646992,4.639224745893,
    49.298809355103));
#3139 = CARTESIAN_POINT('',(116.26263646992,4.238236718115,
    47.862834702966));
#3140 = CARTESIAN_POINT('',(116.08539499924,-2.72957776883,
    22.910456350174));
#3141 = CARTESIAN_POINT('',(115.91835352857,-9.296404227998,
    -0.605947350481));
#3142 = CARTESIAN_POINT('',(115.75131205789,-15.86323068716,
    -24.12235105113));
#3143 = CARTESIAN_POINT('',(115.58427058721,-22.43005714633,
    -47.63875475179));
#3144 = CARTESIAN_POINT('',(115.41722911654,-28.9968836055,
    -71.15515845244));
#3145 = CARTESIAN_POINT('',(115.23998764586,-35.96469809244,
    -96.10753680524));
#3146 = CARTESIAN_POINT('',(115.22978764586,-36.36568612022,
    -97.54351145737));
#3147 = CARTESIAN_POINT('',(115.21958764586,-36.766674148,
    -98.97948610951));
#3148 = CARTESIAN_POINT('',(115.20938764586,-37.16766217578,
    -100.4154607616));
#3149 = CARTESIAN_POINT('',(115.19918764586,-37.56865020355,
    -101.8514354137));
#3150 = CARTESIAN_POINT('',(115.18898764586,-37.96963823133,
    -103.2874100659));
#3151 = ORIENTED_EDGE('',*,*,#3152,.F.);
#3152 = EDGE_CURVE('',#673,#3129,#3153,.T.);
#3153 = B_SPLINE_CURVE_WITH_KNOTS('',4,(#3154,#3155,#3156,#3157,#3158),
  .UNSPECIFIED.,.F.,.F.,(5,5),(0.,1.),.PIECEWISE_BEZIER_KNOTS.);
#3154 = CARTESIAN_POINT('',(116.2500006,1.207189005181,37.009342260077)
  );
#3155 = CARTESIAN_POINT('',(116.23386005506,1.207324617445,
    37.00934435917));
#3156 = CARTESIAN_POINT('',(116.2177366414,1.207414805023,
    37.009345755465));
#3157 = CARTESIAN_POINT('',(116.20163057992,1.207459787736,
    37.009346451892));
#3158 = CARTESIAN_POINT('',(116.18554208667,1.207459787736,
    37.009346451892));
#3159 = ORIENTED_EDGE('',*,*,#672,.T.);
#3160 = ORIENTED_EDGE('',*,*,#592,.T.);
#3161 = ORIENTED_EDGE('',*,*,#3162,.T.);
#3162 = EDGE_CURVE('',#595,#3163,#3165,.T.);
#3163 = VERTEX_POINT('',#3164);
#3164 = CARTESIAN_POINT('',(123.25,-43.28112443126,-92.57334079807));
#3165 = B_SPLINE_CURVE_WITH_KNOTS('',6,(#3166,#3167,#3168,#3169,#3170,
    #3171,#3172,#3173,#3174,#3175,#3176,#3177,#3178,#3179,#3180,#3181,
    #3182),.UNSPECIFIED.,.F.,.F.,(7,5,5,7),(-8.890959613726,
    5.471370022838E-02,146.55455944062,155.50023275457),.UNSPECIFIED.);
#3166 = CARTESIAN_POINT('',(124.31344882405,-1.474237509592,
    57.140929318677));
#3167 = CARTESIAN_POINT('',(124.30324882405,-1.875225537369,
    55.70495466654));
#3168 = CARTESIAN_POINT('',(124.29304882405,-2.276213565147,
    54.268980014403));
#3169 = CARTESIAN_POINT('',(124.28284882405,-2.677201592924,
    52.833005362267));
#3170 = CARTESIAN_POINT('',(124.27264882405,-3.078189620702,
    51.39703071013));
#3171 = CARTESIAN_POINT('',(124.26244882405,-3.479177648479,
    49.961056057993));
#3172 = CARTESIAN_POINT('',(124.08520735338,-10.44699213542,
    25.008677705201));
#3173 = CARTESIAN_POINT('',(123.9181658827,-17.01381859459,
    1.492274004546));
#3174 = CARTESIAN_POINT('',(123.75112441202,-23.58064505376,
    -22.02412969611));
#3175 = CARTESIAN_POINT('',(123.58408294135,-30.14747151292,
    -45.54053339676));
#3176 = CARTESIAN_POINT('',(123.41704147067,-36.71429797209,
    -69.05693709742));
#3177 = CARTESIAN_POINT('',(123.2398,-43.68211245904,-94.00931545021));
#3178 = CARTESIAN_POINT('',(123.2296,-44.08310048682,-95.44529010235));
#3179 = CARTESIAN_POINT('',(123.2194,-44.48408851459,-96.88126475448));
#3180 = CARTESIAN_POINT('',(123.2092,-44.88507654237,-98.31723940662));
#3181 = CARTESIAN_POINT('',(123.199,-45.28606457015,-99.75321405876));
#3182 = CARTESIAN_POINT('',(123.1888,-45.68705259793,-101.1891887108));
#3183 = ORIENTED_EDGE('',*,*,#3184,.F.);
#3184 = EDGE_CURVE('',#3131,#3163,#3185,.T.);
#3185 = B_SPLINE_CURVE_WITH_KNOTS('',7,(#3186,#3187,#3188,#3189,#3190,
    #3191,#3192,#3193,#3194,#3195,#3196,#3197,#3198,#3199,#3200,#3201,
    #3202,#3203,#3204,#3205,#3206,#3207,#3208,#3209,#3210,#3211),
  .UNSPECIFIED.,.F.,.F.,(8,6,6,6,8),(0.,0.246925498661,0.497996622871,
    0.749070781754,1.),.UNSPECIFIED.);
#3186 = CARTESIAN_POINT('',(115.25243646992,-35.47530305255,
    -94.35496859002));
#3187 = CARTESIAN_POINT('',(115.6517537518,-35.47530305255,
    -94.35496859002));
#3188 = CARTESIAN_POINT('',(116.06063670095,-35.49799944365,
    -94.34978828686));
#3189 = CARTESIAN_POINT('',(116.47705974607,-35.54534730515,
    -94.33898144644));
#3190 = CARTESIAN_POINT('',(116.89850506259,-35.61910961577,
    -94.32214568039));
#3191 = CARTESIAN_POINT('',(117.32195720698,-35.72066182219,
    -94.29896705196));
#3192 = CARTESIAN_POINT('',(117.74401015744,-35.85082561393,
    -94.2692580159));
#3193 = CARTESIAN_POINT('',(118.58516565279,-36.17130606874,
    -94.19611044342));
#3194 = CARTESIAN_POINT('',(119.00410108161,-36.36259730526,
    -94.15244946697));
#3195 = CARTESIAN_POINT('',(119.41413104009,-36.58374672287,
    -94.10197355554));
#3196 = CARTESIAN_POINT('',(119.81131294646,-36.83417503055,
    -94.04481492851));
#3197 = CARTESIAN_POINT('',(120.19175186804,-37.11246378507,
    -93.98129733629));
#3198 = CARTESIAN_POINT('',(120.551938471,-37.41639510302,
    -93.91192699631));
#3199 = CARTESIAN_POINT('',(121.22598116321,-38.06993148115,
    -93.76276158272));
#3200 = CARTESIAN_POINT('',(121.53983801679,-38.41953837962,
    -93.68296608955));
#3201 = CARTESIAN_POINT('',(121.82761354319,-38.78917396442,
    -93.59859917941));
#3202 = CARTESIAN_POINT('',(122.08698746533,-39.17544058235,
    -93.5104363445));
#3203 = CARTESIAN_POINT('',(122.31645289302,-39.57455049115,
    -93.41934211225));
#3204 = CARTESIAN_POINT('',(122.51536398735,-39.98265553751,
    -93.32619479855));
#3205 = CARTESIAN_POINT('',(122.85217501518,-40.80925188868,
    -93.13752957544));
#3206 = CARTESIAN_POINT('',(122.99011075315,-41.22773836302,
    -93.04201276855));
#3207 = CARTESIAN_POINT('',(123.0977231605,-41.6478579176,
    -92.94612322176));
#3208 = CARTESIAN_POINT('',(123.17585567216,-42.06610260546,
    -92.85066160105));
#3209 = CARTESIAN_POINT('',(123.22598727738,-42.47936792385,
    -92.75633648894));
#3210 = CARTESIAN_POINT('',(123.25,-42.88506670028,-92.66373839065));
#3211 = CARTESIAN_POINT('',(123.25,-43.28112443126,-92.57334079807));
#3212 = ( BOUNDED_SURFACE() B_SPLINE_SURFACE(2,6,(
    (#3213,#3214,#3215,#3216,#3217,#3218,#3219,#3220,#3221,#3222,#3223
      ,#3224,#3225,#3226,#3227,#3228,#3229)
    ,(#3230,#3231,#3232,#3233,#3234,#3235,#3236,#3237,#3238,#3239,#3240
      ,#3241,#3242,#3243,#3244,#3245,#3246)
    ,(#3247,#3248,#3249,#3250,#3251,#3252,#3253,#3254,#3255,#3256,#3257
      ,#3258,#3259,#3260,#3261,#3262,#3263
)),.UNSPECIFIED.,.F.,.F.,.F.) B_SPLINE_SURFACE_WITH_KNOTS((3,3),(7,5,5,7
    ),(0.,146.49984574039),(-8.890959613726,5.471370022838E-02,
    146.55455944062,155.50023275457),.UNSPECIFIED.) 
GEOMETRIC_REPRESENTATION_ITEM() RATIONAL_B_SPLINE_SURFACE((
    (1.,1.,1.,1.,1.,1.,1.,1.,1.,1.,1.,1.,1.,1.,1.,1.,1.)
    ,(0.707222739782,0.707222739782,0.707222739782,0.707222739782
      ,0.707222739782,0.707222739782,0.707222739782,0.707222739782
      ,0.707222739782,0.707222739782,0.707222739782,0.707222739782
      ,0.707222739782,0.707222739782,0.707222739782,0.707222739782
      ,0.707222739782)
    ,(1.,1.,1.,1.,1.,1.,1.,1.,1.,1.,1.,1.,1.,1.,1.,1.,1.
))) REPRESENTATION_ITEM('') SURFACE() );
#3213 = CARTESIAN_POINT('',(116.31363646992,6.243176857003,
    55.04270796365));
#3214 = CARTESIAN_POINT('',(116.30343646992,5.842188829225,
    53.606733311513));
#3215 = CARTESIAN_POINT('',(116.29323646992,5.441200801448,
    52.170758659376));
#3216 = CARTESIAN_POINT('',(116.28303646992,5.04021277367,50.73478400724
    ));
#3217 = CARTESIAN_POINT('',(116.27283646992,4.639224745893,
    49.298809355103));
#3218 = CARTESIAN_POINT('',(116.26263646992,4.238236718115,
    47.862834702966));
#3219 = CARTESIAN_POINT('',(116.08539499924,-2.72957776883,
    22.910456350174));
#3220 = CARTESIAN_POINT('',(115.91835352857,-9.296404227998,
    -0.605947350481));
#3221 = CARTESIAN_POINT('',(115.75131205789,-15.86323068716,
    -24.12235105113));
#3222 = CARTESIAN_POINT('',(115.58427058721,-22.43005714633,
    -47.63875475179));
#3223 = CARTESIAN_POINT('',(115.41722911654,-28.9968836055,
    -71.15515845244));
#3224 = CARTESIAN_POINT('',(115.23998764586,-35.96469809244,
    -96.10753680524));
#3225 = CARTESIAN_POINT('',(115.22978764586,-36.36568612022,
    -97.54351145737));
#3226 = CARTESIAN_POINT('',(115.21958764586,-36.766674148,
    -98.97948610951));
#3227 = CARTESIAN_POINT('',(115.20938764586,-37.16766217578,
    -100.4154607616));
#3228 = CARTESIAN_POINT('',(115.19918764586,-37.56865020355,
    -101.8514354137));
#3229 = CARTESIAN_POINT('',(115.18898764586,-37.96963823133,
    -103.2874100659));
#3230 = CARTESIAN_POINT('',(124.31082568737,6.228461672594,
    54.990011547922));
#3231 = CARTESIAN_POINT('',(124.30062568737,5.827473644816,
    53.554036895785));
#3232 = CARTESIAN_POINT('',(124.29042568737,5.426485617038,
    52.118062243649));
#3233 = CARTESIAN_POINT('',(124.28022568737,5.025497589261,
    50.682087591512));
#3234 = CARTESIAN_POINT('',(124.27002568737,4.624509561483,
    49.246112939375));
#3235 = CARTESIAN_POINT('',(124.25982568737,4.223521533706,
    47.810138287239));
#3236 = CARTESIAN_POINT('',(124.0825842167,-2.74429295324,
    22.857759934446));
#3237 = CARTESIAN_POINT('',(123.91554274602,-9.311119412408,
    -0.658643766209));
#3238 = CARTESIAN_POINT('',(123.74850127534,-15.87794587157,
    -24.17504746686));
#3239 = CARTESIAN_POINT('',(123.58145980467,-22.44477233074,
    -47.69145116752));
#3240 = CARTESIAN_POINT('',(123.41441833399,-29.01159878991,
    -71.20785486817));
#3241 = CARTESIAN_POINT('',(123.23717686331,-35.97941327685,
    -96.16023322096));
#3242 = CARTESIAN_POINT('',(123.22697686331,-36.38040130463,
    -97.5962078731));
#3243 = CARTESIAN_POINT('',(123.21677686331,-36.78138933241,
    -99.03218252524));
#3244 = CARTESIAN_POINT('',(123.20657686331,-37.18237736019,
    -100.4681571773));
#3245 = CARTESIAN_POINT('',(123.19637686331,-37.58336538796,
    -101.9041318295));
#3246 = CARTESIAN_POINT('',(123.18617686331,-37.98435341574,
    -103.3401064816));
#3247 = CARTESIAN_POINT('',(124.31344882405,-1.474237509592,
    57.140929318677));
#3248 = CARTESIAN_POINT('',(124.30324882405,-1.875225537369,
    55.70495466654));
#3249 = CARTESIAN_POINT('',(124.29304882405,-2.276213565147,
    54.268980014403));
#3250 = CARTESIAN_POINT('',(124.28284882405,-2.677201592924,
    52.833005362267));
#3251 = CARTESIAN_POINT('',(124.27264882405,-3.078189620702,
    51.39703071013));
#3252 = CARTESIAN_POINT('',(124.26244882405,-3.479177648479,
    49.961056057993));
#3253 = CARTESIAN_POINT('',(124.08520735338,-10.44699213542,
    25.008677705201));
#3254 = CARTESIAN_POINT('',(123.9181658827,-17.01381859459,
    1.492274004546));
#3255 = CARTESIAN_POINT('',(123.75112441202,-23.58064505376,
    -22.02412969611));
#3256 = CARTESIAN_POINT('',(123.58408294135,-30.14747151292,
    -45.54053339676));
#3257 = CARTESIAN_POINT('',(123.41704147067,-36.71429797209,
    -69.05693709742));
#3258 = CARTESIAN_POINT('',(123.2398,-43.68211245904,-94.00931545021));
#3259 = CARTESIAN_POINT('',(123.2296,-44.08310048682,-95.44529010235));
#3260 = CARTESIAN_POINT('',(123.2194,-44.48408851459,-96.88126475448));
#3261 = CARTESIAN_POINT('',(123.2092,-44.88507654237,-98.31723940662));
#3262 = CARTESIAN_POINT('',(123.199,-45.28606457015,-99.75321405876));
#3263 = CARTESIAN_POINT('',(123.1888,-45.68705259793,-101.1891887108));
#3264 = ADVANCED_FACE('',(#3265),#3276,.T.);
#3265 = FACE_BOUND('',#3266,.T.);
#3266 = EDGE_LOOP('',(#3267,#3268,#3269,#3270));
#3267 = ORIENTED_EDGE('',*,*,#3162,.F.);
#3268 = ORIENTED_EDGE('',*,*,#1928,.T.);
#3269 = ORIENTED_EDGE('',*,*,#1973,.T.);
#3270 = ORIENTED_EDGE('',*,*,#3271,.F.);
#3271 = EDGE_CURVE('',#3163,#1974,#3272,.T.);
#3272 = LINE('',#3273,#3274);
#3273 = CARTESIAN_POINT('',(123.25,-35.47530305255,-94.35496859002));
#3274 = VECTOR('',#3275,1.);
#3275 = DIRECTION('',(4.940957286788E-17,-0.974927912182,0.222520933956)
  );
#3276 = B_SPLINE_SURFACE_WITH_KNOTS('',1,1,(
    (#3277,#3278)
    ,(#3279,#3280
    )),.UNSPECIFIED.,.F.,.F.,.F.,(2,2),(2,2),(0.,38.),(0.,1.),
  .PIECEWISE_BEZIER_KNOTS.);
#3277 = CARTESIAN_POINT('',(124.25,3.837248690338,46.42686005083));
#3278 = CARTESIAN_POINT('',(123.25,-35.47530305255,-94.35496859002));
#3279 = CARTESIAN_POINT('',(124.25,-33.21001197257,54.88265554117));
#3280 = CARTESIAN_POINT('',(123.25,-58.87357294492,-89.01446617507));
#3281 = ADVANCED_FACE('',(#3282),#3317,.T.);
#3282 = FACE_BOUND('',#3283,.T.);
#3283 = EDGE_LOOP('',(#3284,#3285,#3286,#3296,#3316));
#3284 = ORIENTED_EDGE('',*,*,#3099,.F.);
#3285 = ORIENTED_EDGE('',*,*,#1721,.T.);
#3286 = ORIENTED_EDGE('',*,*,#3287,.F.);
#3287 = EDGE_CURVE('',#3288,#1713,#3290,.T.);
#3288 = VERTEX_POINT('',#3289);
#3289 = CARTESIAN_POINT('',(116.18554208667,-76.30395011303,
    98.822633182513));
#3290 = B_SPLINE_CURVE_WITH_KNOTS('',4,(#3291,#3292,#3293,#3294,#3295),
  .UNSPECIFIED.,.F.,.F.,(5,5),(0.,1.),.PIECEWISE_BEZIER_KNOTS.);
#3291 = CARTESIAN_POINT('',(116.18554208667,-76.30395011303,
    98.822633182513));
#3292 = CARTESIAN_POINT('',(116.20163057992,-76.30395011303,
    98.822633182513));
#3293 = CARTESIAN_POINT('',(116.2177366414,-76.3039407824,
    98.822589172641));
#3294 = CARTESIAN_POINT('',(116.23386005506,-76.30392207506,
    98.822500935549));
#3295 = CARTESIAN_POINT('',(116.2500006,-76.30389394496,98.822368256275)
  );
#3296 = ORIENTED_EDGE('',*,*,#3297,.T.);
#3297 = EDGE_CURVE('',#3288,#3042,#3298,.T.);
#3298 = B_SPLINE_CURVE_WITH_KNOTS('',6,(#3299,#3300,#3301,#3302,#3303,
    #3304,#3305,#3306,#3307,#3308,#3309,#3310,#3311,#3312,#3313,#3314,
    #3315),.UNSPECIFIED.,.F.,.F.,(7,5,5,7),(-8.890959613726,
    5.471370022882E-02,146.55455944062,155.50023275457),.UNSPECIFIED.);
#3299 = CARTESIAN_POINT('',(116.31363646992,-59.84327509015,
    107.74489475716));
#3300 = CARTESIAN_POINT('',(116.30343646992,-61.15401862925,
    107.03442591569));
#3301 = CARTESIAN_POINT('',(116.29323646992,-62.46476216836,
    106.32395707423));
#3302 = CARTESIAN_POINT('',(116.28303646992,-63.77550570747,
    105.61348823277));
#3303 = CARTESIAN_POINT('',(116.27283646992,-65.08624924657,
    104.90301939131));
#3304 = CARTESIAN_POINT('',(116.26263646992,-66.39699278568,
    104.19255054984));
#3305 = CARTESIAN_POINT('',(116.08539499924,-89.17327832987,
    91.847007184126));
#3306 = CARTESIAN_POINT('',(115.91835352857,-110.6388203349,
    80.211932659866));
#3307 = CARTESIAN_POINT('',(115.75131205789,-132.10436234,
    68.576858135605));
#3308 = CARTESIAN_POINT('',(115.58427058721,-153.5699043451,
    56.941783611344));
#3309 = CARTESIAN_POINT('',(115.41722911654,-175.0354463502,
    45.306709087083));
#3310 = CARTESIAN_POINT('',(115.23998764586,-197.8117318943,
    32.96116572136));
#3311 = CARTESIAN_POINT('',(115.22978764586,-199.1224754334,
    32.250696879898));
#3312 = CARTESIAN_POINT('',(115.21958764586,-200.4332189726,
    31.540228038436));
#3313 = CARTESIAN_POINT('',(115.20938764586,-201.7439625117,
    30.829759196974));
#3314 = CARTESIAN_POINT('',(115.19918764586,-203.0547060508,
    30.119290355512));
#3315 = CARTESIAN_POINT('',(115.18898764586,-204.3654495899,
    29.40882151405));
#3316 = ORIENTED_EDGE('',*,*,#3049,.F.);
#3317 = ( BOUNDED_SURFACE() B_SPLINE_SURFACE(2,6,(
    (#3318,#3319,#3320,#3321,#3322,#3323,#3324,#3325,#3326,#3327,#3328
      ,#3329,#3330,#3331,#3332,#3333,#3334)
    ,(#3335,#3336,#3337,#3338,#3339,#3340,#3341,#3342,#3343,#3344,#3345
      ,#3346,#3347,#3348,#3349,#3350,#3351)
    ,(#3352,#3353,#3354,#3355,#3356,#3357,#3358,#3359,#3360,#3361,#3362
      ,#3363,#3364,#3365,#3366,#3367,#3368
)),.UNSPECIFIED.,.F.,.F.,.F.) B_SPLINE_SURFACE_WITH_KNOTS((3,3),(7,5,5,7
    ),(0.,146.49984574039),(-8.890959613726,5.471370022882E-02,
    146.55455944062,155.50023275457),.UNSPECIFIED.) 
GEOMETRIC_REPRESENTATION_ITEM() RATIONAL_B_SPLINE_SURFACE((
    (1.,1.,1.,1.,1.,1.,1.,1.,1.,1.,1.,1.,1.,1.,1.,1.,1.)
    ,(0.707222739782,0.707222739782,0.707222739782,0.707222739782
      ,0.707222739782,0.707222739782,0.707222739782,0.707222739782
      ,0.707222739782,0.707222739782,0.707222739782,0.707222739782
      ,0.707222739782,0.707222739782,0.707222739782,0.707222739782
      ,0.707222739782)
    ,(1.,1.,1.,1.,1.,1.,1.,1.,1.,1.,1.,1.,1.,1.,1.,1.,1.
))) REPRESENTATION_ITEM('') SURFACE() );
#3318 = CARTESIAN_POINT('',(124.31344882405,-56.08037427261,
    100.68787025686));
#3319 = CARTESIAN_POINT('',(124.30324882405,-57.39111781172,
    99.977401415399));
#3320 = CARTESIAN_POINT('',(124.29304882405,-58.70186135083,
    99.266932573937));
#3321 = CARTESIAN_POINT('',(124.28284882405,-60.01260488993,
    98.556463732475));
#3322 = CARTESIAN_POINT('',(124.27264882405,-61.32334842904,
    97.845994891013));
#3323 = CARTESIAN_POINT('',(124.26244882405,-62.63409196815,
    97.135526049551));
#3324 = CARTESIAN_POINT('',(124.08520735338,-85.41037751234,
    84.789982683828));
#3325 = CARTESIAN_POINT('',(123.9181658827,-106.8759195174,
    73.154908159567));
#3326 = CARTESIAN_POINT('',(123.75112441202,-128.3414615225,
    61.519833635306));
#3327 = CARTESIAN_POINT('',(123.58408294135,-149.8070035275,
    49.884759111046));
#3328 = CARTESIAN_POINT('',(123.41704147067,-171.2725455326,
    38.249684586785));
#3329 = CARTESIAN_POINT('',(123.2398,-194.0488310768,25.904141221062));
#3330 = CARTESIAN_POINT('',(123.2296,-195.3595746159,25.1936723796));
#3331 = CARTESIAN_POINT('',(123.2194,-196.670318155,24.483203538138));
#3332 = CARTESIAN_POINT('',(123.2092,-197.9810616941,23.772734696676));
#3333 = CARTESIAN_POINT('',(123.199,-199.2918052332,23.062265855214));
#3334 = CARTESIAN_POINT('',(123.1888,-200.6025487723,22.351797013751));
#3335 = CARTESIAN_POINT('',(124.31082568737,-59.89137586013,
    107.7188224575));
#3336 = CARTESIAN_POINT('',(124.30062568737,-61.20211939924,
    107.00835361604));
#3337 = CARTESIAN_POINT('',(124.29042568737,-62.51286293835,
    106.29788477457));
#3338 = CARTESIAN_POINT('',(124.28022568737,-63.82360647745,
    105.58741593311));
#3339 = CARTESIAN_POINT('',(124.27002568737,-65.13435001656,
    104.87694709165));
#3340 = CARTESIAN_POINT('',(124.25982568737,-66.44509355567,
    104.16647825019));
#3341 = CARTESIAN_POINT('',(124.0825842167,-89.22137909986,
    91.820934884469));
#3342 = CARTESIAN_POINT('',(123.91554274602,-110.6869211049,
    80.185860360208));
#3343 = CARTESIAN_POINT('',(123.74850127534,-132.15246311,
    68.550785835947));
#3344 = CARTESIAN_POINT('',(123.58145980467,-153.6180051151,
    56.915711311686));
#3345 = CARTESIAN_POINT('',(123.41441833399,-175.0835471201,
    45.280636787426));
#3346 = CARTESIAN_POINT('',(123.23717686331,-197.8598326643,
    32.935093421703));
#3347 = CARTESIAN_POINT('',(123.22697686331,-199.1705762034,
    32.224624580241));
#3348 = CARTESIAN_POINT('',(123.21677686331,-200.4813197425,
    31.514155738779));
#3349 = CARTESIAN_POINT('',(123.20657686331,-201.7920632817,
    30.803686897317));
#3350 = CARTESIAN_POINT('',(123.19637686331,-203.1028068208,
    30.093218055854));
#3351 = CARTESIAN_POINT('',(123.18617686331,-204.4135503599,
    29.382749214392));
#3352 = CARTESIAN_POINT('',(116.31363646992,-59.84327509015,
    107.74489475716));
#3353 = CARTESIAN_POINT('',(116.30343646992,-61.15401862925,
    107.03442591569));
#3354 = CARTESIAN_POINT('',(116.29323646992,-62.46476216836,
    106.32395707423));
#3355 = CARTESIAN_POINT('',(116.28303646992,-63.77550570747,
    105.61348823277));
#3356 = CARTESIAN_POINT('',(116.27283646992,-65.08624924657,
    104.90301939131));
#3357 = CARTESIAN_POINT('',(116.26263646992,-66.39699278568,
    104.19255054984));
#3358 = CARTESIAN_POINT('',(116.08539499924,-89.17327832987,
    91.847007184126));
#3359 = CARTESIAN_POINT('',(115.91835352857,-110.6388203349,
    80.211932659866));
#3360 = CARTESIAN_POINT('',(115.75131205789,-132.10436234,
    68.576858135605));
#3361 = CARTESIAN_POINT('',(115.58427058721,-153.5699043451,
    56.941783611344));
#3362 = CARTESIAN_POINT('',(115.41722911654,-175.0354463502,
    45.306709087083));
#3363 = CARTESIAN_POINT('',(115.23998764586,-197.8117318943,
    32.96116572136));
#3364 = CARTESIAN_POINT('',(115.22978764586,-199.1224754334,
    32.250696879898));
#3365 = CARTESIAN_POINT('',(115.21958764586,-200.4332189726,
    31.540228038436));
#3366 = CARTESIAN_POINT('',(115.20938764586,-201.7439625117,
    30.829759196974));
#3367 = CARTESIAN_POINT('',(115.19918764586,-203.0547060508,
    30.119290355512));
#3368 = CARTESIAN_POINT('',(115.18898764586,-204.3654495899,
    29.40882151405));
#3369 = ADVANCED_FACE('',(#3370),#3411,.T.);
#3370 = FACE_BOUND('',#3371,.T.);
#3371 = EDGE_LOOP('',(#3372,#3383,#3391,#3392,#3393,#3403));
#3372 = ORIENTED_EDGE('',*,*,#3373,.T.);
#3373 = EDGE_CURVE('',#3374,#3376,#3378,.T.);
#3374 = VERTEX_POINT('',#3375);
#3375 = CARTESIAN_POINT('',(114.25,-76.30395011303,131.17736681748));
#3376 = VERTEX_POINT('',#3377);
#3377 = CARTESIAN_POINT('',(114.25,-76.30395011303,98.822633182513));
#3378 = CIRCLE('',#3379,78.);
#3379 = AXIS2_PLACEMENT_3D('',#3380,#3381,#3382);
#3380 = CARTESIAN_POINT('',(114.25,0.,115.));
#3381 = DIRECTION('',(1.,0.,-2.22044604925E-16));
#3382 = DIRECTION('',(-2.22044604925E-16,0.,-1.));
#3383 = ORIENTED_EDGE('',*,*,#3384,.T.);
#3384 = EDGE_CURVE('',#3376,#3288,#3385,.T.);
#3385 = B_SPLINE_CURVE_WITH_KNOTS('',4,(#3386,#3387,#3388,#3389,#3390),
  .UNSPECIFIED.,.F.,.F.,(5,5),(0.,1.),.PIECEWISE_BEZIER_KNOTS.);
#3386 = CARTESIAN_POINT('',(114.2499994,-76.30395011303,98.822633182513)
  );
#3387 = CARTESIAN_POINT('',(114.73388522167,-76.30395011303,
    98.822633182513));
#3388 = CARTESIAN_POINT('',(115.21777104333,-76.30395011303,
    98.822633182513));
#3389 = CARTESIAN_POINT('',(115.701656865,-76.30395011303,
    98.822633182513));
#3390 = CARTESIAN_POINT('',(116.18554268667,-76.30395011303,
    98.822633182513));
#3391 = ORIENTED_EDGE('',*,*,#3287,.T.);
#3392 = ORIENTED_EDGE('',*,*,#1712,.F.);
#3393 = ORIENTED_EDGE('',*,*,#3394,.T.);
#3394 = EDGE_CURVE('',#1650,#3395,#3397,.T.);
#3395 = VERTEX_POINT('',#3396);
#3396 = CARTESIAN_POINT('',(116.18554208667,-76.30395011303,
    131.17736681748));
#3397 = B_SPLINE_CURVE_WITH_KNOTS('',4,(#3398,#3399,#3400,#3401,#3402),
  .UNSPECIFIED.,.F.,.F.,(5,5),(0.,1.),.PIECEWISE_BEZIER_KNOTS.);
#3398 = CARTESIAN_POINT('',(116.2500006,-76.30389394496,131.17763174372)
  );
#3399 = CARTESIAN_POINT('',(116.23386005506,-76.30392207506,
    131.17749906445));
#3400 = CARTESIAN_POINT('',(116.2177366414,-76.3039407824,
    131.17741082735));
#3401 = CARTESIAN_POINT('',(116.20163057992,-76.30395011303,
    131.17736681748));
#3402 = CARTESIAN_POINT('',(116.18554208667,-76.30395011303,
    131.17736681748));
#3403 = ORIENTED_EDGE('',*,*,#3404,.T.);
#3404 = EDGE_CURVE('',#3395,#3374,#3405,.T.);
#3405 = B_SPLINE_CURVE_WITH_KNOTS('',4,(#3406,#3407,#3408,#3409,#3410),
  .UNSPECIFIED.,.F.,.F.,(5,5),(0.,1.),.PIECEWISE_BEZIER_KNOTS.);
#3406 = CARTESIAN_POINT('',(116.18554268667,-76.30395011303,
    131.17736681748));
#3407 = CARTESIAN_POINT('',(115.701656865,-76.30395011303,
    131.17736681748));
#3408 = CARTESIAN_POINT('',(115.21777104333,-76.30395011303,
    131.17736681748));
#3409 = CARTESIAN_POINT('',(114.73388522167,-76.30395011303,
    131.17736681748));
#3410 = CARTESIAN_POINT('',(114.2499994,-76.30395011303,131.17736681748)
  );
#3411 = CYLINDRICAL_SURFACE('',#3412,78.);
#3412 = AXIS2_PLACEMENT_3D('',#3413,#3414,#3415);
#3413 = CARTESIAN_POINT('',(106.25,0.,115.));
#3414 = DIRECTION('',(1.,0.,-2.22044604925E-16));
#3415 = DIRECTION('',(-2.22044604925E-16,0.,-1.));
#3416 = ADVANCED_FACE('',(#3417),#3494,.T.);
#3417 = FACE_BOUND('',#3418,.T.);
#3418 = EDGE_LOOP('',(#3419,#3441,#3442,#3443,#3465));
#3419 = ORIENTED_EDGE('',*,*,#3420,.F.);
#3420 = EDGE_CURVE('',#3395,#3421,#3423,.T.);
#3421 = VERTEX_POINT('',#3422);
#3422 = CARTESIAN_POINT('',(115.25243646992,-196.2120048647,
    196.17172627809));
#3423 = B_SPLINE_CURVE_WITH_KNOTS('',6,(#3424,#3425,#3426,#3427,#3428,
    #3429,#3430,#3431,#3432,#3433,#3434,#3435,#3436,#3437,#3438,#3439,
    #3440),.UNSPECIFIED.,.F.,.F.,(7,5,5,7),(-8.890959613726,
    5.471370022866E-02,146.55455944062,155.50023275457),.UNSPECIFIED.);
#3424 = CARTESIAN_POINT('',(116.31363646992,-59.84327509015,
    122.25510524284));
#3425 = CARTESIAN_POINT('',(116.30343646992,-61.15401862925,
    122.9655740843));
#3426 = CARTESIAN_POINT('',(116.29323646992,-62.46476216836,
    123.67604292576));
#3427 = CARTESIAN_POINT('',(116.28303646992,-63.77550570747,
    124.38651176722));
#3428 = CARTESIAN_POINT('',(116.27283646992,-65.08624924657,
    125.09698060868));
#3429 = CARTESIAN_POINT('',(116.26263646992,-66.39699278568,
    125.80744945015));
#3430 = CARTESIAN_POINT('',(116.08539499924,-89.17327832987,
    138.15299281587));
#3431 = CARTESIAN_POINT('',(115.91835352857,-110.6388203349,
    149.78806734013));
#3432 = CARTESIAN_POINT('',(115.75131205789,-132.10436234,
    161.42314186439));
#3433 = CARTESIAN_POINT('',(115.58427058721,-153.5699043451,
    173.05821638865));
#3434 = CARTESIAN_POINT('',(115.41722911654,-175.0354463502,
    184.69329091291));
#3435 = CARTESIAN_POINT('',(115.23998764586,-197.8117318943,
    197.03883427864));
#3436 = CARTESIAN_POINT('',(115.22978764586,-199.1224754334,
    197.7493031201));
#3437 = CARTESIAN_POINT('',(115.21958764586,-200.4332189726,
    198.45977196156));
#3438 = CARTESIAN_POINT('',(115.20938764586,-201.7439625117,
    199.17024080302));
#3439 = CARTESIAN_POINT('',(115.19918764586,-203.0547060508,
    199.88070964448));
#3440 = CARTESIAN_POINT('',(115.18898764586,-204.3654495899,
    200.59117848595));
#3441 = ORIENTED_EDGE('',*,*,#3394,.F.);
#3442 = ORIENTED_EDGE('',*,*,#1649,.T.);
#3443 = ORIENTED_EDGE('',*,*,#3444,.T.);
#3444 = EDGE_CURVE('',#1611,#3445,#3447,.T.);
#3445 = VERTEX_POINT('',#3446);
#3446 = CARTESIAN_POINT('',(123.25,-192.7380875377,203.38538993747));
#3447 = B_SPLINE_CURVE_WITH_KNOTS('',6,(#3448,#3449,#3450,#3451,#3452,
    #3453,#3454,#3455,#3456,#3457,#3458,#3459,#3460,#3461,#3462,#3463,
    #3464),.UNSPECIFIED.,.F.,.F.,(7,5,5,7),(-8.890959613726,
    5.471370022866E-02,146.55455944062,155.50023275457),.UNSPECIFIED.);
#3448 = CARTESIAN_POINT('',(124.31344882405,-56.08037427261,
    129.31212974313));
#3449 = CARTESIAN_POINT('',(124.30324882405,-57.39111781172,
    130.0225985846));
#3450 = CARTESIAN_POINT('',(124.29304882405,-58.70186135083,
    130.73306742606));
#3451 = CARTESIAN_POINT('',(124.28284882405,-60.01260488993,
    131.44353626752));
#3452 = CARTESIAN_POINT('',(124.27264882405,-61.32334842904,
    132.15400510898));
#3453 = CARTESIAN_POINT('',(124.26244882405,-62.63409196815,
    132.86447395044));
#3454 = CARTESIAN_POINT('',(124.08520735338,-85.41037751234,
    145.21001731617));
#3455 = CARTESIAN_POINT('',(123.9181658827,-106.8759195174,
    156.84509184043));
#3456 = CARTESIAN_POINT('',(123.75112441202,-128.3414615225,
    168.48016636469));
#3457 = CARTESIAN_POINT('',(123.58408294135,-149.8070035275,
    180.11524088895));
#3458 = CARTESIAN_POINT('',(123.41704147067,-171.2725455326,
    191.75031541321));
#3459 = CARTESIAN_POINT('',(123.2398,-194.0488310768,204.09585877893));
#3460 = CARTESIAN_POINT('',(123.2296,-195.3595746159,204.8063276204));
#3461 = CARTESIAN_POINT('',(123.2194,-196.670318155,205.51679646186));
#3462 = CARTESIAN_POINT('',(123.2092,-197.9810616941,206.22726530332));
#3463 = CARTESIAN_POINT('',(123.199,-199.2918052332,206.93773414478));
#3464 = CARTESIAN_POINT('',(123.1888,-200.6025487723,207.64820298624));
#3465 = ORIENTED_EDGE('',*,*,#3466,.F.);
#3466 = EDGE_CURVE('',#3421,#3445,#3467,.T.);
#3467 = B_SPLINE_CURVE_WITH_KNOTS('',7,(#3468,#3469,#3470,#3471,#3472,
    #3473,#3474,#3475,#3476,#3477,#3478,#3479,#3480,#3481,#3482,#3483,
    #3484,#3485,#3486,#3487,#3488,#3489,#3490,#3491,#3492,#3493),
  .UNSPECIFIED.,.F.,.F.,(8,6,6,6,8),(0.,0.246925498661,0.497996622871,
    0.749070781753,1.),.UNSPECIFIED.);
#3468 = CARTESIAN_POINT('',(115.25243646992,-196.2120048647,
    196.17172627809));
#3469 = CARTESIAN_POINT('',(115.6517537518,-196.2120048647,
    196.17172627809));
#3470 = CARTESIAN_POINT('',(116.06063670095,-196.2019040204,
    196.19270089738));
#3471 = CARTESIAN_POINT('',(116.47705974607,-196.1808322397,
    196.23645690091));
#3472 = CARTESIAN_POINT('',(116.89850506259,-196.1480049232,
    196.30462352602));
#3473 = CARTESIAN_POINT('',(117.32195720698,-196.1028099395,
    196.39847187656));
#3474 = CARTESIAN_POINT('',(117.74401015744,-196.0448816025,
    196.51876130782));
#3475 = CARTESIAN_POINT('',(118.58516565279,-195.9022543823,
    196.81492978239));
#3476 = CARTESIAN_POINT('',(119.00410108161,-195.8171217731,
    196.99170946697));
#3477 = CARTESIAN_POINT('',(119.41413104009,-195.7187010232,197.19608226
    ));
#3478 = CARTESIAN_POINT('',(119.81131294646,-195.6072499413,
    197.42751281609));
#3479 = CARTESIAN_POINT('',(120.19175186804,-195.4833997942,
    197.68469029657));
#3480 = CARTESIAN_POINT('',(120.551938471,-195.3481376327,
    197.96556506899));
#3481 = CARTESIAN_POINT('',(121.22598116321,-195.0572865823,
    198.56952349851));
#3482 = CARTESIAN_POINT('',(121.5398380168,-194.9016968751,
    198.89260885446));
#3483 = CARTESIAN_POINT('',(121.82761354318,-194.737193564,
    199.23420349976));
#3484 = CARTESIAN_POINT('',(122.08698746534,-194.5652887469,
    199.59116753079));
#3485 = CARTESIAN_POINT('',(122.31645289301,-194.3876681276,
    199.96000054724));
#3486 = CARTESIAN_POINT('',(122.51536398735,-194.2060442954,
    200.33714632081));
#3487 = CARTESIAN_POINT('',(122.85217501519,-193.8381743113,
    201.10103621403));
#3488 = CARTESIAN_POINT('',(122.99011075315,-193.6519303091,
    201.48777586964));
#3489 = CARTESIAN_POINT('',(123.0977231605,-193.4649595177,
    201.87602471836));
#3490 = CARTESIAN_POINT('',(123.17585567216,-193.2788231206,
    202.26254092966));
#3491 = CARTESIAN_POINT('',(123.22598727739,-193.0949027514,
    202.64445551167));
#3492 = CARTESIAN_POINT('',(123.25,-192.9143498101,203.01937755743));
#3493 = CARTESIAN_POINT('',(123.25,-192.7380875377,203.38538993747));
#3494 = ( BOUNDED_SURFACE() B_SPLINE_SURFACE(2,6,(
    (#3495,#3496,#3497,#3498,#3499,#3500,#3501,#3502,#3503,#3504,#3505
      ,#3506,#3507,#3508,#3509,#3510,#3511)
    ,(#3512,#3513,#3514,#3515,#3516,#3517,#3518,#3519,#3520,#3521,#3522
      ,#3523,#3524,#3525,#3526,#3527,#3528)
    ,(#3529,#3530,#3531,#3532,#3533,#3534,#3535,#3536,#3537,#3538,#3539
      ,#3540,#3541,#3542,#3543,#3544,#3545
)),.UNSPECIFIED.,.F.,.F.,.F.) B_SPLINE_SURFACE_WITH_KNOTS((3,3),(7,5,5,7
    ),(0.,146.49984574039),(-8.890959613726,5.471370022866E-02,
    146.55455944062,155.50023275457),.UNSPECIFIED.) 
GEOMETRIC_REPRESENTATION_ITEM() RATIONAL_B_SPLINE_SURFACE((
    (1.,1.,1.,1.,1.,1.,1.,1.,1.,1.,1.,1.,1.,1.,1.,1.,1.)
    ,(0.707222739782,0.707222739782,0.707222739782,0.707222739782
      ,0.707222739782,0.707222739782,0.707222739782,0.707222739782
      ,0.707222739782,0.707222739782,0.707222739782,0.707222739782
      ,0.707222739782,0.707222739782,0.707222739782,0.707222739782
      ,0.707222739782)
    ,(1.,1.,1.,1.,1.,1.,1.,1.,1.,1.,1.,1.,1.,1.,1.,1.,1.
))) REPRESENTATION_ITEM('') SURFACE() );
#3495 = CARTESIAN_POINT('',(116.31363646992,-59.84327509015,
    122.25510524284));
#3496 = CARTESIAN_POINT('',(116.30343646992,-61.15401862925,
    122.9655740843));
#3497 = CARTESIAN_POINT('',(116.29323646992,-62.46476216836,
    123.67604292576));
#3498 = CARTESIAN_POINT('',(116.28303646992,-63.77550570747,
    124.38651176722));
#3499 = CARTESIAN_POINT('',(116.27283646992,-65.08624924657,
    125.09698060868));
#3500 = CARTESIAN_POINT('',(116.26263646992,-66.39699278568,
    125.80744945015));
#3501 = CARTESIAN_POINT('',(116.08539499924,-89.17327832987,
    138.15299281587));
#3502 = CARTESIAN_POINT('',(115.91835352857,-110.6388203349,
    149.78806734013));
#3503 = CARTESIAN_POINT('',(115.75131205789,-132.10436234,
    161.42314186439));
#3504 = CARTESIAN_POINT('',(115.58427058721,-153.5699043451,
    173.05821638865));
#3505 = CARTESIAN_POINT('',(115.41722911654,-175.0354463502,
    184.69329091291));
#3506 = CARTESIAN_POINT('',(115.23998764586,-197.8117318943,
    197.03883427864));
#3507 = CARTESIAN_POINT('',(115.22978764586,-199.1224754334,
    197.7493031201));
#3508 = CARTESIAN_POINT('',(115.21958764586,-200.4332189726,
    198.45977196156));
#3509 = CARTESIAN_POINT('',(115.20938764586,-201.7439625117,
    199.17024080302));
#3510 = CARTESIAN_POINT('',(115.19918764586,-203.0547060508,
    199.88070964448));
#3511 = CARTESIAN_POINT('',(115.18898764586,-204.3654495899,
    200.59117848595));
#3512 = CARTESIAN_POINT('',(124.31082568737,-59.89137586013,
    122.28117754249));
#3513 = CARTESIAN_POINT('',(124.30062568737,-61.20211939924,
    122.99164638396));
#3514 = CARTESIAN_POINT('',(124.29042568737,-62.51286293835,
    123.70211522542));
#3515 = CARTESIAN_POINT('',(124.28022568737,-63.82360647745,
    124.41258406688));
#3516 = CARTESIAN_POINT('',(124.27002568737,-65.13435001656,
    125.12305290834));
#3517 = CARTESIAN_POINT('',(124.25982568737,-66.44509355567,
    125.8335217498));
#3518 = CARTESIAN_POINT('',(124.0825842167,-89.22137909986,
    138.17906511553));
#3519 = CARTESIAN_POINT('',(123.91554274602,-110.6869211049,
    149.81413963979));
#3520 = CARTESIAN_POINT('',(123.74850127534,-132.15246311,
    161.44921416405));
#3521 = CARTESIAN_POINT('',(123.58145980467,-153.6180051151,
    173.08428868831));
#3522 = CARTESIAN_POINT('',(123.41441833399,-175.0835471201,
    184.71936321257));
#3523 = CARTESIAN_POINT('',(123.23717686331,-197.8598326643,
    197.06490657829));
#3524 = CARTESIAN_POINT('',(123.22697686331,-199.1705762034,
    197.77537541975));
#3525 = CARTESIAN_POINT('',(123.21677686331,-200.4813197425,
    198.48584426122));
#3526 = CARTESIAN_POINT('',(123.20657686331,-201.7920632817,
    199.19631310268));
#3527 = CARTESIAN_POINT('',(123.19637686331,-203.1028068208,
    199.90678194414));
#3528 = CARTESIAN_POINT('',(123.18617686331,-204.4135503599,
    200.6172507856));
#3529 = CARTESIAN_POINT('',(124.31344882405,-56.08037427261,
    129.31212974313));
#3530 = CARTESIAN_POINT('',(124.30324882405,-57.39111781172,
    130.0225985846));
#3531 = CARTESIAN_POINT('',(124.29304882405,-58.70186135083,
    130.73306742606));
#3532 = CARTESIAN_POINT('',(124.28284882405,-60.01260488993,
    131.44353626752));
#3533 = CARTESIAN_POINT('',(124.27264882405,-61.32334842904,
    132.15400510898));
#3534 = CARTESIAN_POINT('',(124.26244882405,-62.63409196815,
    132.86447395044));
#3535 = CARTESIAN_POINT('',(124.08520735338,-85.41037751234,
    145.21001731617));
#3536 = CARTESIAN_POINT('',(123.9181658827,-106.8759195174,
    156.84509184043));
#3537 = CARTESIAN_POINT('',(123.75112441202,-128.3414615225,
    168.48016636469));
#3538 = CARTESIAN_POINT('',(123.58408294135,-149.8070035275,
    180.11524088895));
#3539 = CARTESIAN_POINT('',(123.41704147067,-171.2725455326,
    191.75031541321));
#3540 = CARTESIAN_POINT('',(123.2398,-194.0488310768,204.09585877893));
#3541 = CARTESIAN_POINT('',(123.2296,-195.3595746159,204.8063276204));
#3542 = CARTESIAN_POINT('',(123.2194,-196.670318155,205.51679646186));
#3543 = CARTESIAN_POINT('',(123.2092,-197.9810616941,206.22726530332));
#3544 = CARTESIAN_POINT('',(123.199,-199.2918052332,206.93773414478));
#3545 = CARTESIAN_POINT('',(123.1888,-200.6025487723,207.64820298624));
#3546 = ADVANCED_FACE('',(#3547),#3579,.T.);
#3547 = FACE_BOUND('',#3548,.T.);
#3548 = EDGE_LOOP('',(#3549,#3550,#3551,#3573));
#3549 = ORIENTED_EDGE('',*,*,#3444,.F.);
#3550 = ORIENTED_EDGE('',*,*,#1610,.T.);
#3551 = ORIENTED_EDGE('',*,*,#3552,.T.);
#3552 = EDGE_CURVE('',#1527,#3553,#3555,.T.);
#3553 = VERTEX_POINT('',#3554);
#3554 = CARTESIAN_POINT('',(123.25,-189.2727124528,210.58131544836));
#3555 = B_SPLINE_CURVE_WITH_KNOTS('',6,(#3556,#3557,#3558,#3559,#3560,
    #3561,#3562,#3563,#3564,#3565,#3566,#3567,#3568,#3569,#3570,#3571,
    #3572),.UNSPECIFIED.,.F.,.F.,(7,5,5,7),(-8.890959613726,
    5.471370022853E-02,146.55455944062,155.50023275457),.UNSPECIFIED.);
#3556 = CARTESIAN_POINT('',(124.31344882405,-46.15521505774,
    149.92193521719));
#3557 = CARTESIAN_POINT('',(124.30324882405,-47.5279171948,
    150.50374570432));
#3558 = CARTESIAN_POINT('',(124.29304882405,-48.90061933185,
    151.08555619144));
#3559 = CARTESIAN_POINT('',(124.28284882405,-50.2733214689,
    151.66736667857));
#3560 = CARTESIAN_POINT('',(124.27264882405,-51.64602360596,
    152.24917716569));
#3561 = CARTESIAN_POINT('',(124.26244882405,-53.01872574301,
    152.83098765282));
#3562 = CARTESIAN_POINT('',(124.08520735338,-76.87164197553,
    162.94088435801));
#3563 = CARTESIAN_POINT('',(123.9181658827,-99.351856071,172.46897057608
    ));
#3564 = CARTESIAN_POINT('',(123.75112441202,-121.8320701664,
    181.99705679415));
#3565 = CARTESIAN_POINT('',(123.58408294135,-144.3122842619,
    191.52514301222));
#3566 = CARTESIAN_POINT('',(123.41704147067,-166.7924983574,
    201.05322923029));
#3567 = CARTESIAN_POINT('',(123.2398,-190.6454145899,211.16312593549));
#3568 = CARTESIAN_POINT('',(123.2296,-192.0181167269,211.74493642262));
#3569 = CARTESIAN_POINT('',(123.2194,-193.390818864,212.32674690974));
#3570 = CARTESIAN_POINT('',(123.2092,-194.763521001,212.90855739687));
#3571 = CARTESIAN_POINT('',(123.199,-196.1362231381,213.49036788399));
#3572 = CARTESIAN_POINT('',(123.1888,-197.5089252751,214.07217837112));
#3573 = ORIENTED_EDGE('',*,*,#3574,.F.);
#3574 = EDGE_CURVE('',#3445,#3553,#3575,.T.);
#3575 = LINE('',#3576,#3577);
#3576 = CARTESIAN_POINT('',(123.25,-196.2120048647,196.17172627809));
#3577 = VECTOR('',#3578,1.);
#3578 = DIRECTION('',(2.000552763231E-16,0.433883739118,0.900968867902)
  );
#3579 = B_SPLINE_SURFACE_WITH_KNOTS('',1,1,(
    (#3580,#3581)
    ,(#3582,#3583
    )),.UNSPECIFIED.,.F.,.F.,.F.,(2,2),(2,2),(0.,38.),(0.,1.),
  .PIECEWISE_BEZIER_KNOTS.);
#3580 = CARTESIAN_POINT('',(124.25,-67.70773632479,126.51791829161));
#3581 = CARTESIAN_POINT('',(123.25,-196.2120048647,196.17172627809));
#3582 = CARTESIAN_POINT('',(124.25,-51.22015423832,160.7547352719));
#3583 = CARTESIAN_POINT('',(123.25,-185.7987951259,217.79497910775));
#3584 = ADVANCED_FACE('',(#3585),#3650,.T.);
#3585 = FACE_BOUND('',#3586,.T.);
#3586 = EDGE_LOOP('',(#3587,#3588,#3589,#3599,#3621));
#3587 = ORIENTED_EDGE('',*,*,#3552,.F.);
#3588 = ORIENTED_EDGE('',*,*,#1526,.T.);
#3589 = ORIENTED_EDGE('',*,*,#3590,.F.);
#3590 = EDGE_CURVE('',#3591,#1518,#3593,.T.);
#3591 = VERTEX_POINT('',#3592);
#3592 = CARTESIAN_POINT('',(116.18554208667,-60.22270941836,
    164.57040720341));
#3593 = B_SPLINE_CURVE_WITH_KNOTS('',4,(#3594,#3595,#3596,#3597,#3598),
  .UNSPECIFIED.,.F.,.F.,(5,5),(0.,1.),.PIECEWISE_BEZIER_KNOTS.);
#3594 = CARTESIAN_POINT('',(116.18554208667,-60.22270941836,
    164.57040720341));
#3595 = CARTESIAN_POINT('',(116.20163057992,-60.22270941836,
    164.57040720341));
#3596 = CARTESIAN_POINT('',(116.2177366414,-60.22273800911,
    164.57037246872));
#3597 = CARTESIAN_POINT('',(116.23386005506,-60.22279533181,
    164.57030282781));
#3598 = CARTESIAN_POINT('',(116.2500006,-60.22288152581,164.57019811063)
  );
#3599 = ORIENTED_EDGE('',*,*,#3600,.T.);
#3600 = EDGE_CURVE('',#3591,#3601,#3603,.T.);
#3601 = VERTEX_POINT('',#3602);
#3602 = CARTESIAN_POINT('',(115.25243646992,-185.7987951259,
    217.79497910775));
#3603 = B_SPLINE_CURVE_WITH_KNOTS('',6,(#3604,#3605,#3606,#3607,#3608,
    #3609,#3610,#3611,#3612,#3613,#3614,#3615,#3616,#3617,#3618,#3619,
    #3620),.UNSPECIFIED.,.F.,.F.,(7,5,5,7),(-8.890959613726,
    5.471370022853E-02,146.55455944062,155.50023275457),.UNSPECIFIED.);
#3604 = CARTESIAN_POINT('',(116.31363646992,-42.983941416,
    157.26387234915));
#3605 = CARTESIAN_POINT('',(116.30343646992,-44.35664355306,
    157.84568283627));
#3606 = CARTESIAN_POINT('',(116.29323646992,-45.72934569011,
    158.4274933234));
#3607 = CARTESIAN_POINT('',(116.28303646992,-47.10204782716,
    159.00930381052));
#3608 = CARTESIAN_POINT('',(116.27283646992,-48.47474996422,
    159.59111429765));
#3609 = CARTESIAN_POINT('',(116.26263646992,-49.84745210127,
    160.17292478477));
#3610 = CARTESIAN_POINT('',(116.08539499924,-73.70036833379,
    170.28282148997));
#3611 = CARTESIAN_POINT('',(115.91835352857,-96.18058242926,
    179.81090770804));
#3612 = CARTESIAN_POINT('',(115.75131205789,-118.6607965247,
    189.33899392611));
#3613 = CARTESIAN_POINT('',(115.58427058721,-141.1410106201,
    198.86708014418));
#3614 = CARTESIAN_POINT('',(115.41722911654,-163.6212247156,
    208.39516636225));
#3615 = CARTESIAN_POINT('',(115.23998764586,-187.4741409481,
    218.50506306745));
#3616 = CARTESIAN_POINT('',(115.22978764586,-188.8468430852,
    219.08687355457));
#3617 = CARTESIAN_POINT('',(115.21958764586,-190.2195452222,
    219.6686840417));
#3618 = CARTESIAN_POINT('',(115.20938764586,-191.5922473593,
    220.25049452882));
#3619 = CARTESIAN_POINT('',(115.19918764586,-192.9649494963,
    220.83230501595));
#3620 = CARTESIAN_POINT('',(115.18898764586,-194.3376516334,
    221.41411550307));
#3621 = ORIENTED_EDGE('',*,*,#3622,.F.);
#3622 = EDGE_CURVE('',#3553,#3601,#3623,.T.);
#3623 = B_SPLINE_CURVE_WITH_KNOTS('',7,(#3624,#3625,#3626,#3627,#3628,
    #3629,#3630,#3631,#3632,#3633,#3634,#3635,#3636,#3637,#3638,#3639,
    #3640,#3641,#3642,#3643,#3644,#3645,#3646,#3647,#3648,#3649),
  .UNSPECIFIED.,.F.,.F.,(8,6,6,6,8),(0.,0.250659812333,0.502734281993,
    0.752805095436,1.),.UNSPECIFIED.);
#3624 = CARTESIAN_POINT('',(123.25,-189.2727124528,210.58131544836));
#3625 = CARTESIAN_POINT('',(123.25,-189.0966394215,210.94693486526));
#3626 = CARTESIAN_POINT('',(123.22603801165,-188.9162849232,
    211.32144483999));
#3627 = CARTESIAN_POINT('',(123.1760190677,-188.7325692735,
    211.70293431755));
#3628 = CARTESIAN_POINT('',(123.09805649512,-188.5466398086,
    212.08902082947));
#3629 = CARTESIAN_POINT('',(122.99068889901,-188.3598733771,
    212.4768453207));
#3630 = CARTESIAN_POINT('',(122.85306304921,-188.1738254441,
    212.8631778343));
#3631 = CARTESIAN_POINT('',(122.51615425343,-187.8053894249,
    213.62824311157));
#3632 = CARTESIAN_POINT('',(122.31652624158,-187.623027318,
    214.00692192836));
#3633 = CARTESIAN_POINT('',(122.0860968644,-187.4446977861,
    214.37722701715));
#3634 = CARTESIAN_POINT('',(121.82551908552,-187.2721342763,
    214.73555883741));
#3635 = CARTESIAN_POINT('',(121.53632121532,-187.107042939,
    215.07837453165));
#3636 = CARTESIAN_POINT('',(121.220857879,-186.9509527618,
    215.40249912444));
#3637 = CARTESIAN_POINT('',(120.54600662645,-186.6604570549,
    216.00571967552));
#3638 = CARTESIAN_POINT('',(120.18698647009,-186.525888455,
    216.28515425257));
#3639 = CARTESIAN_POINT('',(119.80791249496,-186.4026511658,
    216.54105912027));
#3640 = CARTESIAN_POINT('',(119.4122549554,-186.2917177123,
    216.77141481015));
#3641 = CARTESIAN_POINT('',(119.00386187655,-186.1937104403,
    216.97492900753));
#3642 = CARTESIAN_POINT('',(118.5866282299,-186.1088843579,
    217.15107218254));
#3643 = CARTESIAN_POINT('',(117.74677301487,-185.9662978291,
    217.44715616046));
#3644 = CARTESIAN_POINT('',(117.32426726617,-185.9082367517,
    217.56772122998));
#3645 = CARTESIAN_POINT('',(116.90034436947,-185.8629384156,
    217.66178419406));
#3646 = CARTESIAN_POINT('',(116.47842278786,-185.8300367586,
    217.73010518884));
#3647 = CARTESIAN_POINT('',(116.06152893499,-185.8089180245,
    217.77395869211));
#3648 = CARTESIAN_POINT('',(115.65218942596,-185.7987951259,
    217.79497910775));
#3649 = CARTESIAN_POINT('',(115.25243646992,-185.7987951259,
    217.79497910775));
#3650 = ( BOUNDED_SURFACE() B_SPLINE_SURFACE(2,6,(
    (#3651,#3652,#3653,#3654,#3655,#3656,#3657,#3658,#3659,#3660,#3661
      ,#3662,#3663,#3664,#3665,#3666,#3667)
    ,(#3668,#3669,#3670,#3671,#3672,#3673,#3674,#3675,#3676,#3677,#3678
      ,#3679,#3680,#3681,#3682,#3683,#3684)
    ,(#3685,#3686,#3687,#3688,#3689,#3690,#3691,#3692,#3693,#3694,#3695
      ,#3696,#3697,#3698,#3699,#3700,#3701
)),.UNSPECIFIED.,.F.,.F.,.F.) B_SPLINE_SURFACE_WITH_KNOTS((3,3),(7,5,5,7
    ),(0.,146.49984574039),(-8.890959613726,5.471370022853E-02,
    146.55455944062,155.50023275457),.UNSPECIFIED.) 
GEOMETRIC_REPRESENTATION_ITEM() RATIONAL_B_SPLINE_SURFACE((
    (1.,1.,1.,1.,1.,1.,1.,1.,1.,1.,1.,1.,1.,1.,1.,1.,1.)
    ,(0.707222739782,0.707222739782,0.707222739782,0.707222739782
      ,0.707222739782,0.707222739782,0.707222739782,0.707222739782
      ,0.707222739782,0.707222739782,0.707222739782,0.707222739782
      ,0.707222739782,0.707222739782,0.707222739782,0.707222739782
      ,0.707222739782)
    ,(1.,1.,1.,1.,1.,1.,1.,1.,1.,1.,1.,1.,1.,1.,1.,1.,1.
))) REPRESENTATION_ITEM('') SURFACE() );
#3651 = CARTESIAN_POINT('',(124.31344882405,-46.15521505774,
    149.92193521719));
#3652 = CARTESIAN_POINT('',(124.30324882405,-47.5279171948,
    150.50374570432));
#3653 = CARTESIAN_POINT('',(124.29304882405,-48.90061933185,
    151.08555619144));
#3654 = CARTESIAN_POINT('',(124.28284882405,-50.2733214689,
    151.66736667857));
#3655 = CARTESIAN_POINT('',(124.27264882405,-51.64602360596,
    152.24917716569));
#3656 = CARTESIAN_POINT('',(124.26244882405,-53.01872574301,
    152.83098765282));
#3657 = CARTESIAN_POINT('',(124.08520735338,-76.87164197553,
    162.94088435801));
#3658 = CARTESIAN_POINT('',(123.9181658827,-99.351856071,172.46897057608
    ));
#3659 = CARTESIAN_POINT('',(123.75112441202,-121.8320701664,
    181.99705679415));
#3660 = CARTESIAN_POINT('',(123.58408294135,-144.3122842619,
    191.52514301222));
#3661 = CARTESIAN_POINT('',(123.41704147067,-166.7924983574,
    201.05322923029));
#3662 = CARTESIAN_POINT('',(123.2398,-190.6454145899,211.16312593549));
#3663 = CARTESIAN_POINT('',(123.2296,-192.0181167269,211.74493642262));
#3664 = CARTESIAN_POINT('',(123.2194,-193.390818864,212.32674690974));
#3665 = CARTESIAN_POINT('',(123.2092,-194.763521001,212.90855739687));
#3666 = CARTESIAN_POINT('',(123.199,-196.1362231381,213.49036788399));
#3667 = CARTESIAN_POINT('',(123.1888,-197.5089252751,214.07217837112));
#3668 = CARTESIAN_POINT('',(124.31082568737,-43.03431590024,
    157.28522323251));
#3669 = CARTESIAN_POINT('',(124.30062568737,-44.4070180373,
    157.86703371963));
#3670 = CARTESIAN_POINT('',(124.29042568737,-45.77972017435,
    158.44884420676));
#3671 = CARTESIAN_POINT('',(124.28022568737,-47.1524223114,
    159.03065469388));
#3672 = CARTESIAN_POINT('',(124.27002568737,-48.52512444846,
    159.61246518101));
#3673 = CARTESIAN_POINT('',(124.25982568737,-49.89782658551,
    160.19427566813));
#3674 = CARTESIAN_POINT('',(124.0825842167,-73.75074281803,
    170.30417237333));
#3675 = CARTESIAN_POINT('',(123.91554274602,-96.2309569135,
    179.8322585914));
#3676 = CARTESIAN_POINT('',(123.74850127534,-118.7111710089,
    189.36034480947));
#3677 = CARTESIAN_POINT('',(123.58145980467,-141.1913851044,
    198.88843102754));
#3678 = CARTESIAN_POINT('',(123.41441833399,-163.6715991999,
    208.41651724561));
#3679 = CARTESIAN_POINT('',(123.23717686331,-187.5245154324,
    218.52641395081));
#3680 = CARTESIAN_POINT('',(123.22697686331,-188.8972175694,
    219.10822443793));
#3681 = CARTESIAN_POINT('',(123.21677686331,-190.2699197065,
    219.69003492506));
#3682 = CARTESIAN_POINT('',(123.20657686331,-191.6426218435,
    220.27184541218));
#3683 = CARTESIAN_POINT('',(123.19637686331,-193.0153239806,
    220.85365589931));
#3684 = CARTESIAN_POINT('',(123.18617686331,-194.3880261176,
    221.43546638643));
#3685 = CARTESIAN_POINT('',(116.31363646992,-42.983941416,
    157.26387234915));
#3686 = CARTESIAN_POINT('',(116.30343646992,-44.35664355306,
    157.84568283627));
#3687 = CARTESIAN_POINT('',(116.29323646992,-45.72934569011,
    158.4274933234));
#3688 = CARTESIAN_POINT('',(116.28303646992,-47.10204782716,
    159.00930381052));
#3689 = CARTESIAN_POINT('',(116.27283646992,-48.47474996422,
    159.59111429765));
#3690 = CARTESIAN_POINT('',(116.26263646992,-49.84745210127,
    160.17292478477));
#3691 = CARTESIAN_POINT('',(116.08539499924,-73.70036833379,
    170.28282148997));
#3692 = CARTESIAN_POINT('',(115.91835352857,-96.18058242926,
    179.81090770804));
#3693 = CARTESIAN_POINT('',(115.75131205789,-118.6607965247,
    189.33899392611));
#3694 = CARTESIAN_POINT('',(115.58427058721,-141.1410106201,
    198.86708014418));
#3695 = CARTESIAN_POINT('',(115.41722911654,-163.6212247156,
    208.39516636225));
#3696 = CARTESIAN_POINT('',(115.23998764586,-187.4741409481,
    218.50506306745));
#3697 = CARTESIAN_POINT('',(115.22978764586,-188.8468430852,
    219.08687355457));
#3698 = CARTESIAN_POINT('',(115.21958764586,-190.2195452222,
    219.6686840417));
#3699 = CARTESIAN_POINT('',(115.20938764586,-191.5922473593,
    220.25049452882));
#3700 = CARTESIAN_POINT('',(115.19918764586,-192.9649494963,
    220.83230501595));
#3701 = CARTESIAN_POINT('',(115.18898764586,-194.3376516334,
    221.41411550307));
#3702 = ADVANCED_FACE('',(#3703),#3744,.T.);
#3703 = FACE_BOUND('',#3704,.T.);
#3704 = EDGE_LOOP('',(#3705,#3716,#3724,#3725,#3726,#3736));
#3705 = ORIENTED_EDGE('',*,*,#3706,.T.);
#3706 = EDGE_CURVE('',#3707,#3709,#3711,.T.);
#3707 = VERTEX_POINT('',#3708);
#3708 = CARTESIAN_POINT('',(114.25,-34.92676005567,184.74325366667));
#3709 = VERTEX_POINT('',#3710);
#3710 = CARTESIAN_POINT('',(114.25,-60.22270941836,164.57040720341));
#3711 = CIRCLE('',#3712,78.);
#3712 = AXIS2_PLACEMENT_3D('',#3713,#3714,#3715);
#3713 = CARTESIAN_POINT('',(114.25,0.,115.));
#3714 = DIRECTION('',(1.,0.,-2.22044604925E-16));
#3715 = DIRECTION('',(-2.22044604925E-16,0.,-1.));
#3716 = ORIENTED_EDGE('',*,*,#3717,.T.);
#3717 = EDGE_CURVE('',#3709,#3591,#3718,.T.);
#3718 = B_SPLINE_CURVE_WITH_KNOTS('',4,(#3719,#3720,#3721,#3722,#3723),
  .UNSPECIFIED.,.F.,.F.,(5,5),(0.,1.),.PIECEWISE_BEZIER_KNOTS.);
#3719 = CARTESIAN_POINT('',(114.2499994,-60.22270941836,164.57040720341)
  );
#3720 = CARTESIAN_POINT('',(114.73388522167,-60.22270941836,
    164.57040720341));
#3721 = CARTESIAN_POINT('',(115.21777104333,-60.22270941836,
    164.5704072034));
#3722 = CARTESIAN_POINT('',(115.701656865,-60.22270941836,
    164.57040720341));
#3723 = CARTESIAN_POINT('',(116.18554268667,-60.22270941836,
    164.57040720341));
#3724 = ORIENTED_EDGE('',*,*,#3590,.T.);
#3725 = ORIENTED_EDGE('',*,*,#1517,.F.);
#3726 = ORIENTED_EDGE('',*,*,#3727,.T.);
#3727 = EDGE_CURVE('',#1455,#3728,#3730,.T.);
#3728 = VERTEX_POINT('',#3729);
#3729 = CARTESIAN_POINT('',(116.18554208667,-34.92676005567,
    184.74325366667));
#3730 = B_SPLINE_CURVE_WITH_KNOTS('',4,(#3731,#3732,#3733,#3734,#3735),
  .UNSPECIFIED.,.F.,.F.,(5,5),(0.,1.),.PIECEWISE_BEZIER_KNOTS.);
#3731 = CARTESIAN_POINT('',(116.2500006,-34.92651790777,184.74337493151)
  );
#3732 = CARTESIAN_POINT('',(116.23386005506,-34.92663917944,
    184.74331420034));
#3733 = CARTESIAN_POINT('',(116.2177366414,-34.92671982981,
    184.74327381139));
#3734 = CARTESIAN_POINT('',(116.20163057992,-34.92676005567,
    184.74325366667));
#3735 = CARTESIAN_POINT('',(116.18554208667,-34.92676005567,
    184.74325366667));
#3736 = ORIENTED_EDGE('',*,*,#3737,.T.);
#3737 = EDGE_CURVE('',#3728,#3707,#3738,.T.);
#3738 = B_SPLINE_CURVE_WITH_KNOTS('',4,(#3739,#3740,#3741,#3742,#3743),
  .UNSPECIFIED.,.F.,.F.,(5,5),(0.,1.),.PIECEWISE_BEZIER_KNOTS.);
#3739 = CARTESIAN_POINT('',(116.18554268667,-34.92676005567,
    184.74325366667));
#3740 = CARTESIAN_POINT('',(115.701656865,-34.92676005567,
    184.74325366667));
#3741 = CARTESIAN_POINT('',(115.21777104333,-34.92676005567,
    184.74325366667));
#3742 = CARTESIAN_POINT('',(114.73388522167,-34.92676005567,
    184.74325366667));
#3743 = CARTESIAN_POINT('',(114.2499994,-34.92676005567,184.74325366667)
  );
#3744 = CYLINDRICAL_SURFACE('',#3745,78.);
#3745 = AXIS2_PLACEMENT_3D('',#3746,#3747,#3748);
#3746 = CARTESIAN_POINT('',(106.25,0.,115.));
#3747 = DIRECTION('',(1.,0.,-2.22044604925E-16));
#3748 = DIRECTION('',(-2.22044604925E-16,0.,-1.));
#3749 = ADVANCED_FACE('',(#3750),#3827,.T.);
#3750 = FACE_BOUND('',#3751,.T.);
#3751 = EDGE_LOOP('',(#3752,#3774,#3775,#3776,#3798));
#3752 = ORIENTED_EDGE('',*,*,#3753,.F.);
#3753 = EDGE_CURVE('',#3728,#3754,#3756,.T.);
#3754 = VERTEX_POINT('',#3755);
#3755 = CARTESIAN_POINT('',(115.25243646992,-58.87357294492,
    319.01446617507));
#3756 = B_SPLINE_CURVE_WITH_KNOTS('',6,(#3757,#3758,#3759,#3760,#3761,
    #3762,#3763,#3764,#3765,#3766,#3767,#3768,#3769,#3770,#3771,#3772,
    #3773),.UNSPECIFIED.,.F.,.F.,(7,5,5,7),(-8.890959613726,
    5.471370022866E-02,146.55455944062,155.50023275457),.UNSPECIFIED.);
#3757 = CARTESIAN_POINT('',(116.31363646992,-31.63940204106,
    166.31084060979));
#3758 = CARTESIAN_POINT('',(116.30343646992,-31.90117036298,
    167.7785912513));
#3759 = CARTESIAN_POINT('',(116.29323646992,-32.1629386849,
    169.2463418928));
#3760 = CARTESIAN_POINT('',(116.28303646992,-32.42470700681,
    170.71409253431));
#3761 = CARTESIAN_POINT('',(116.27283646992,-32.68647532873,
    172.18184317581));
#3762 = CARTESIAN_POINT('',(116.26263646992,-32.94824365065,
    173.64959381732));
#3763 = CARTESIAN_POINT('',(116.08539499924,-37.49689094018,
    199.15413129638));
#3764 = CARTESIAN_POINT('',(115.91835352857,-41.78376990779,
    223.19091813394));
#3765 = CARTESIAN_POINT('',(115.75131205789,-46.0706488754,
    247.22770497149));
#3766 = CARTESIAN_POINT('',(115.58427058721,-50.35752784301,
    271.26449180905));
#3767 = CARTESIAN_POINT('',(115.41722911654,-54.64440681062,
    295.30127864661));
#3768 = CARTESIAN_POINT('',(115.23998764586,-59.19305410015,
    320.80581612567));
#3769 = CARTESIAN_POINT('',(115.22978764586,-59.45482242206,
    322.27356676717));
#3770 = CARTESIAN_POINT('',(115.21958764586,-59.71659074398,
    323.74131740868));
#3771 = CARTESIAN_POINT('',(115.20938764586,-59.9783590659,
    325.20906805018));
#3772 = CARTESIAN_POINT('',(115.19918764586,-60.24012738782,
    326.67681869169));
#3773 = CARTESIAN_POINT('',(115.18898764586,-60.50189570973,
    328.1445693332));
#3774 = ORIENTED_EDGE('',*,*,#3727,.F.);
#3775 = ORIENTED_EDGE('',*,*,#1454,.T.);
#3776 = ORIENTED_EDGE('',*,*,#3777,.T.);
#3777 = EDGE_CURVE('',#1416,#3778,#3780,.T.);
#3778 = VERTEX_POINT('',#3779);
#3779 = CARTESIAN_POINT('',(123.25,-51.06775156621,320.79609396701));
#3780 = B_SPLINE_CURVE_WITH_KNOTS('',6,(#3781,#3782,#3783,#3784,#3785,
    #3786,#3787,#3788,#3789,#3790,#3791,#3792,#3793,#3794,#3795,#3796,
    #3797),.UNSPECIFIED.,.F.,.F.,(7,5,5,7),(-8.890959613726,
    5.471370022866E-02,146.55455944062,155.50023275457),.UNSPECIFIED.);
#3781 = CARTESIAN_POINT('',(124.31344882405,-23.77586782904,
    167.76886909264));
#3782 = CARTESIAN_POINT('',(124.30324882405,-24.03763615096,
    169.23661973415));
#3783 = CARTESIAN_POINT('',(124.29304882405,-24.29940447287,
    170.70437037565));
#3784 = CARTESIAN_POINT('',(124.28284882405,-24.56117279479,
    172.17212101716));
#3785 = CARTESIAN_POINT('',(124.27264882405,-24.82294111671,
    173.63987165866));
#3786 = CARTESIAN_POINT('',(124.26244882405,-25.08470943863,
    175.10762230017));
#3787 = CARTESIAN_POINT('',(124.08520735338,-29.63335672816,
    200.61215977923));
#3788 = CARTESIAN_POINT('',(123.9181658827,-33.92023569577,
    224.64894661679));
#3789 = CARTESIAN_POINT('',(123.75112441202,-38.20711466338,
    248.68573345434));
#3790 = CARTESIAN_POINT('',(123.58408294135,-42.49399363099,
    272.7225202919));
#3791 = CARTESIAN_POINT('',(123.41704147067,-46.7808725986,
    296.75930712946));
#3792 = CARTESIAN_POINT('',(123.2398,-51.32951988813,322.26384460852));
#3793 = CARTESIAN_POINT('',(123.2296,-51.59128821004,323.73159525002));
#3794 = CARTESIAN_POINT('',(123.2194,-51.85305653196,325.19934589153));
#3795 = CARTESIAN_POINT('',(123.2092,-52.11482485388,326.66709653303));
#3796 = CARTESIAN_POINT('',(123.199,-52.3765931758,328.13484717454));
#3797 = CARTESIAN_POINT('',(123.1888,-52.63836149771,329.60259781605));
#3798 = ORIENTED_EDGE('',*,*,#3799,.F.);
#3799 = EDGE_CURVE('',#3754,#3778,#3800,.T.);
#3800 = B_SPLINE_CURVE_WITH_KNOTS('',7,(#3801,#3802,#3803,#3804,#3805,
    #3806,#3807,#3808,#3809,#3810,#3811,#3812,#3813,#3814,#3815,#3816,
    #3817,#3818,#3819,#3820,#3821,#3822,#3823,#3824,#3825,#3826),
  .UNSPECIFIED.,.F.,.F.,(8,6,6,6,8),(0.,0.246925498661,0.497996622871,
    0.749070781753,1.),.UNSPECIFIED.);
#3801 = CARTESIAN_POINT('',(115.25243646992,-58.87357294492,
    319.01446617507));
#3802 = CARTESIAN_POINT('',(115.6517537518,-58.87357294492,
    319.01446617507));
#3803 = CARTESIAN_POINT('',(116.06063670095,-58.85087655382,
    319.01964647823));
#3804 = CARTESIAN_POINT('',(116.47705974607,-58.80352869232,
    319.03045331864));
#3805 = CARTESIAN_POINT('',(116.89850506259,-58.7297663817,
    319.0472890847));
#3806 = CARTESIAN_POINT('',(117.32195720698,-58.62821417528,
    319.07046771312));
#3807 = CARTESIAN_POINT('',(117.74401015744,-58.49805038354,
    319.10017674919));
#3808 = CARTESIAN_POINT('',(118.58516565279,-58.17756992873,
    319.17332432167));
#3809 = CARTESIAN_POINT('',(119.00410108161,-57.9862786922,
    319.21698529811));
#3810 = CARTESIAN_POINT('',(119.4141310401,-57.7651292746,
    319.26746120955));
#3811 = CARTESIAN_POINT('',(119.81131294645,-57.51470096692,
    319.32461983658));
#3812 = CARTESIAN_POINT('',(120.19175186804,-57.2364122124,
    319.38813742879));
#3813 = CARTESIAN_POINT('',(120.551938471,-56.93248089445,
    319.45750776878));
#3814 = CARTESIAN_POINT('',(121.22598116321,-56.27894451632,
    319.60667318236));
#3815 = CARTESIAN_POINT('',(121.5398380168,-55.92933761784,
    319.68646867554));
#3816 = CARTESIAN_POINT('',(121.82761354318,-55.55970203306,
    319.77083558567));
#3817 = CARTESIAN_POINT('',(122.08698746534,-55.1734354151,
    319.85899842059));
#3818 = CARTESIAN_POINT('',(122.31645289301,-54.77432550633,
    319.95009265283));
#3819 = CARTESIAN_POINT('',(122.51536398735,-54.36622045995,
    320.04323996654));
#3820 = CARTESIAN_POINT('',(122.85217501518,-53.53962410879,
    320.23190518964));
#3821 = CARTESIAN_POINT('',(122.99011075315,-53.12113763445,
    320.32742199653));
#3822 = CARTESIAN_POINT('',(123.0977231605,-52.70101807987,
    320.42331154333));
#3823 = CARTESIAN_POINT('',(123.17585567216,-52.28277339201,
    320.51877316403));
#3824 = CARTESIAN_POINT('',(123.22598727738,-51.86950807362,
    320.61309827614));
#3825 = CARTESIAN_POINT('',(123.25,-51.46380929719,320.70569637443));
#3826 = CARTESIAN_POINT('',(123.25,-51.06775156621,320.79609396701));
#3827 = ( BOUNDED_SURFACE() B_SPLINE_SURFACE(2,6,(
    (#3828,#3829,#3830,#3831,#3832,#3833,#3834,#3835,#3836,#3837,#3838
      ,#3839,#3840,#3841,#3842,#3843,#3844)
    ,(#3845,#3846,#3847,#3848,#3849,#3850,#3851,#3852,#3853,#3854,#3855
      ,#3856,#3857,#3858,#3859,#3860,#3861)
    ,(#3862,#3863,#3864,#3865,#3866,#3867,#3868,#3869,#3870,#3871,#3872
      ,#3873,#3874,#3875,#3876,#3877,#3878
)),.UNSPECIFIED.,.F.,.F.,.F.) B_SPLINE_SURFACE_WITH_KNOTS((3,3),(7,5,5,7
    ),(0.,146.49984574039),(-8.890959613726,5.471370022866E-02,
    146.55455944062,155.50023275457),.UNSPECIFIED.) 
GEOMETRIC_REPRESENTATION_ITEM() RATIONAL_B_SPLINE_SURFACE((
    (1.,1.,1.,1.,1.,1.,1.,1.,1.,1.,1.,1.,1.,1.,1.,1.,1.)
    ,(0.707222739782,0.707222739782,0.707222739782,0.707222739782
      ,0.707222739782,0.707222739782,0.707222739782,0.707222739782
      ,0.707222739782,0.707222739782,0.707222739782,0.707222739782
      ,0.707222739782,0.707222739782,0.707222739782,0.707222739782
      ,0.707222739782)
    ,(1.,1.,1.,1.,1.,1.,1.,1.,1.,1.,1.,1.,1.,1.,1.,1.,1.
))) REPRESENTATION_ITEM('') SURFACE() );
#3828 = CARTESIAN_POINT('',(116.31363646992,-31.63940204106,
    166.31084060979));
#3829 = CARTESIAN_POINT('',(116.30343646992,-31.90117036298,
    167.7785912513));
#3830 = CARTESIAN_POINT('',(116.29323646992,-32.1629386849,
    169.2463418928));
#3831 = CARTESIAN_POINT('',(116.28303646992,-32.42470700681,
    170.71409253431));
#3832 = CARTESIAN_POINT('',(116.27283646992,-32.68647532873,
    172.18184317581));
#3833 = CARTESIAN_POINT('',(116.26263646992,-32.94824365065,
    173.64959381732));
#3834 = CARTESIAN_POINT('',(116.08539499924,-37.49689094018,
    199.15413129638));
#3835 = CARTESIAN_POINT('',(115.91835352857,-41.78376990779,
    223.19091813394));
#3836 = CARTESIAN_POINT('',(115.75131205789,-46.0706488754,
    247.22770497149));
#3837 = CARTESIAN_POINT('',(115.58427058721,-50.35752784301,
    271.26449180905));
#3838 = CARTESIAN_POINT('',(115.41722911654,-54.64440681062,
    295.30127864661));
#3839 = CARTESIAN_POINT('',(115.23998764586,-59.19305410015,
    320.80581612567));
#3840 = CARTESIAN_POINT('',(115.22978764586,-59.45482242206,
    322.27356676717));
#3841 = CARTESIAN_POINT('',(115.21958764586,-59.71659074398,
    323.74131740868));
#3842 = CARTESIAN_POINT('',(115.20938764586,-59.9783590659,
    325.20906805018));
#3843 = CARTESIAN_POINT('',(115.19918764586,-60.24012738782,
    326.67681869169));
#3844 = CARTESIAN_POINT('',(115.18898764586,-60.50189570973,
    328.1445693332));
#3845 = CARTESIAN_POINT('',(124.31082568737,-31.64900823591,
    166.36470311905));
#3846 = CARTESIAN_POINT('',(124.30062568737,-31.91077655783,
    167.83245376055));
#3847 = CARTESIAN_POINT('',(124.29042568737,-32.17254487975,
    169.30020440206));
#3848 = CARTESIAN_POINT('',(124.28022568737,-32.43431320167,
    170.76795504356));
#3849 = CARTESIAN_POINT('',(124.27002568737,-32.69608152359,
    172.23570568507));
#3850 = CARTESIAN_POINT('',(124.25982568737,-32.9578498455,
    173.70345632657));
#3851 = CARTESIAN_POINT('',(124.0825842167,-37.50649713503,
    199.20799380564));
#3852 = CARTESIAN_POINT('',(123.91554274602,-41.79337610264,
    223.24478064319));
#3853 = CARTESIAN_POINT('',(123.74850127534,-46.08025507025,
    247.28156748075));
#3854 = CARTESIAN_POINT('',(123.58145980467,-50.36713403786,
    271.3183543183));
#3855 = CARTESIAN_POINT('',(123.41441833399,-54.65401300547,
    295.35514115586));
#3856 = CARTESIAN_POINT('',(123.23717686331,-59.202660295,
    320.85967863492));
#3857 = CARTESIAN_POINT('',(123.22697686331,-59.46442861692,
    322.32742927643));
#3858 = CARTESIAN_POINT('',(123.21677686331,-59.72619693884,
    323.79517991793));
#3859 = CARTESIAN_POINT('',(123.20657686331,-59.98796526075,
    325.26293055944));
#3860 = CARTESIAN_POINT('',(123.19637686331,-60.24973358267,
    326.73068120094));
#3861 = CARTESIAN_POINT('',(123.18617686331,-60.51150190459,
    328.19843184245));
#3862 = CARTESIAN_POINT('',(124.31344882405,-23.77586782904,
    167.76886909264));
#3863 = CARTESIAN_POINT('',(124.30324882405,-24.03763615096,
    169.23661973415));
#3864 = CARTESIAN_POINT('',(124.29304882405,-24.29940447287,
    170.70437037565));
#3865 = CARTESIAN_POINT('',(124.28284882405,-24.56117279479,
    172.17212101716));
#3866 = CARTESIAN_POINT('',(124.27264882405,-24.82294111671,
    173.63987165866));
#3867 = CARTESIAN_POINT('',(124.26244882405,-25.08470943863,
    175.10762230017));
#3868 = CARTESIAN_POINT('',(124.08520735338,-29.63335672816,
    200.61215977923));
#3869 = CARTESIAN_POINT('',(123.9181658827,-33.92023569577,
    224.64894661679));
#3870 = CARTESIAN_POINT('',(123.75112441202,-38.20711466338,
    248.68573345434));
#3871 = CARTESIAN_POINT('',(123.58408294135,-42.49399363099,
    272.7225202919));
#3872 = CARTESIAN_POINT('',(123.41704147067,-46.7808725986,
    296.75930712946));
#3873 = CARTESIAN_POINT('',(123.2398,-51.32951988813,322.26384460852));
#3874 = CARTESIAN_POINT('',(123.2296,-51.59128821004,323.73159525002));
#3875 = CARTESIAN_POINT('',(123.2194,-51.85305653196,325.19934589153));
#3876 = CARTESIAN_POINT('',(123.2092,-52.11482485388,326.66709653303));
#3877 = CARTESIAN_POINT('',(123.199,-52.3765931758,328.13484717454));
#3878 = CARTESIAN_POINT('',(123.1888,-52.63836149771,329.60259781605));
#3879 = ADVANCED_FACE('',(#3880),#3912,.T.);
#3880 = FACE_BOUND('',#3881,.T.);
#3881 = EDGE_LOOP('',(#3882,#3883,#3884,#3906));
#3882 = ORIENTED_EDGE('',*,*,#3777,.F.);
#3883 = ORIENTED_EDGE('',*,*,#1415,.T.);
#3884 = ORIENTED_EDGE('',*,*,#3885,.T.);
#3885 = EDGE_CURVE('',#1332,#3886,#3888,.T.);
#3886 = VERTEX_POINT('',#3887);
#3887 = CARTESIAN_POINT('',(123.25,-43.28112443126,322.57334079807));
#3888 = B_SPLINE_CURVE_WITH_KNOTS('',6,(#3889,#3890,#3891,#3892,#3893,
    #3894,#3895,#3896,#3897,#3898,#3899,#3900,#3901,#3902,#3903,#3904,
    #3905),.UNSPECIFIED.,.F.,.F.,(7,5,5,7),(-8.890959613726,
    5.471370022857E-02,146.55455944062,155.50023275457),.UNSPECIFIED.);
#3889 = CARTESIAN_POINT('',(124.31344882405,-1.474237509592,
    172.85907068132));
#3890 = CARTESIAN_POINT('',(124.30324882405,-1.875225537369,
    174.29504533346));
#3891 = CARTESIAN_POINT('',(124.29304882405,-2.276213565147,
    175.73101998559));
#3892 = CARTESIAN_POINT('',(124.28284882405,-2.677201592924,
    177.16699463773));
#3893 = CARTESIAN_POINT('',(124.27264882405,-3.078189620702,
    178.60296928987));
#3894 = CARTESIAN_POINT('',(124.26244882405,-3.479177648479,
    180.038943942));
#3895 = CARTESIAN_POINT('',(124.08520735338,-10.44699213542,
    204.99132229479));
#3896 = CARTESIAN_POINT('',(123.9181658827,-17.01381859459,
    228.50772599545));
#3897 = CARTESIAN_POINT('',(123.75112441202,-23.58064505376,
    252.02412969611));
#3898 = CARTESIAN_POINT('',(123.58408294135,-30.14747151292,
    275.54053339676));
#3899 = CARTESIAN_POINT('',(123.41704147067,-36.71429797209,
    299.05693709742));
#3900 = CARTESIAN_POINT('',(123.2398,-43.68211245904,324.00931545021));
#3901 = CARTESIAN_POINT('',(123.2296,-44.08310048682,325.44529010235));
#3902 = CARTESIAN_POINT('',(123.2194,-44.48408851459,326.88126475448));
#3903 = CARTESIAN_POINT('',(123.2092,-44.88507654237,328.31723940662));
#3904 = CARTESIAN_POINT('',(123.199,-45.28606457015,329.75321405876));
#3905 = CARTESIAN_POINT('',(123.1888,-45.68705259793,331.18918871089));
#3906 = ORIENTED_EDGE('',*,*,#3907,.F.);
#3907 = EDGE_CURVE('',#3778,#3886,#3908,.T.);
#3908 = LINE('',#3909,#3910);
#3909 = CARTESIAN_POINT('',(123.25,-58.87357294492,319.01446617507));
#3910 = VECTOR('',#3911,1.);
#3911 = DIRECTION('',(4.940957286788E-17,0.974927912182,0.222520933956)
  );
#3912 = B_SPLINE_SURFACE_WITH_KNOTS('',1,1,(
    (#3913,#3914)
    ,(#3915,#3916
    )),.UNSPECIFIED.,.F.,.F.,.F.,(2,2),(2,2),(0.,38.),(0.,1.),
  .PIECEWISE_BEZIER_KNOTS.);
#3913 = CARTESIAN_POINT('',(124.25,-33.21001197257,175.11734445883));
#3914 = CARTESIAN_POINT('',(123.25,-58.87357294492,319.01446617507));
#3915 = CARTESIAN_POINT('',(124.25,3.837248690338,183.57313994917));
#3916 = CARTESIAN_POINT('',(123.25,-35.47530305255,324.35496859002));
#3917 = ADVANCED_FACE('',(#3918),#3983,.T.);
#3918 = FACE_BOUND('',#3919,.T.);
#3919 = EDGE_LOOP('',(#3920,#3921,#3922,#3932,#3954));
#3920 = ORIENTED_EDGE('',*,*,#3885,.F.);
#3921 = ORIENTED_EDGE('',*,*,#1331,.T.);
#3922 = ORIENTED_EDGE('',*,*,#3923,.F.);
#3923 = EDGE_CURVE('',#3924,#1323,#3926,.T.);
#3924 = VERTEX_POINT('',#3925);
#3925 = CARTESIAN_POINT('',(116.18554208667,1.207459787736,
    192.9906535481));
#3926 = B_SPLINE_CURVE_WITH_KNOTS('',4,(#3927,#3928,#3929,#3930,#3931),
  .UNSPECIFIED.,.F.,.F.,(5,5),(0.,1.),.PIECEWISE_BEZIER_KNOTS.);
#3927 = CARTESIAN_POINT('',(116.18554208667,1.207459787736,
    192.9906535481));
#3928 = CARTESIAN_POINT('',(116.20163057992,1.207459787736,
    192.9906535481));
#3929 = CARTESIAN_POINT('',(116.2177366414,1.207414805023,
    192.99065424453));
#3930 = CARTESIAN_POINT('',(116.23386005506,1.207324617445,
    192.99065564083));
#3931 = CARTESIAN_POINT('',(116.2500006,1.207189005181,192.99065773992)
  );
#3932 = ORIENTED_EDGE('',*,*,#3933,.T.);
#3933 = EDGE_CURVE('',#3924,#3934,#3936,.T.);
#3934 = VERTEX_POINT('',#3935);
#3935 = CARTESIAN_POINT('',(115.25243646992,-35.47530305255,
    324.35496859002));
#3936 = B_SPLINE_CURVE_WITH_KNOTS('',6,(#3937,#3938,#3939,#3940,#3941,
    #3942,#3943,#3944,#3945,#3946,#3947,#3948,#3949,#3950,#3951,#3952,
    #3953),.UNSPECIFIED.,.F.,.F.,(7,5,5,7),(-8.890959613726,
    5.471370022857E-02,146.55455944062,155.50023275457),.UNSPECIFIED.);
#3937 = CARTESIAN_POINT('',(116.31363646992,6.243176857003,
    174.95729203635));
#3938 = CARTESIAN_POINT('',(116.30343646992,5.842188829226,
    176.39326668848));
#3939 = CARTESIAN_POINT('',(116.29323646992,5.441200801448,
    177.82924134062));
#3940 = CARTESIAN_POINT('',(116.28303646992,5.04021277367,
    179.26521599276));
#3941 = CARTESIAN_POINT('',(116.27283646992,4.639224745893,
    180.70119064489));
#3942 = CARTESIAN_POINT('',(116.26263646992,4.238236718115,
    182.13716529703));
#3943 = CARTESIAN_POINT('',(116.08539499924,-2.72957776883,
    207.08954364982));
#3944 = CARTESIAN_POINT('',(115.91835352857,-9.296404227998,
    230.60594735048));
#3945 = CARTESIAN_POINT('',(115.75131205789,-15.86323068716,
    254.12235105113));
#3946 = CARTESIAN_POINT('',(115.58427058721,-22.43005714633,
    277.63875475179));
#3947 = CARTESIAN_POINT('',(115.41722911654,-28.9968836055,
    301.15515845244));
#3948 = CARTESIAN_POINT('',(115.23998764586,-35.96469809244,
    326.10753680524));
#3949 = CARTESIAN_POINT('',(115.22978764586,-36.36568612022,
    327.54351145737));
#3950 = CARTESIAN_POINT('',(115.21958764586,-36.766674148,
    328.97948610951));
#3951 = CARTESIAN_POINT('',(115.20938764586,-37.16766217578,
    330.41546076165));
#3952 = CARTESIAN_POINT('',(115.19918764586,-37.56865020355,
    331.85143541378));
#3953 = CARTESIAN_POINT('',(115.18898764586,-37.96963823133,
    333.28741006592));
#3954 = ORIENTED_EDGE('',*,*,#3955,.F.);
#3955 = EDGE_CURVE('',#3886,#3934,#3956,.T.);
#3956 = B_SPLINE_CURVE_WITH_KNOTS('',7,(#3957,#3958,#3959,#3960,#3961,
    #3962,#3963,#3964,#3965,#3966,#3967,#3968,#3969,#3970,#3971,#3972,
    #3973,#3974,#3975,#3976,#3977,#3978,#3979,#3980,#3981,#3982),
  .UNSPECIFIED.,.F.,.F.,(8,6,6,6,8),(0.,0.250659805483,0.50273427514,
    0.752805088586,1.),.UNSPECIFIED.);
#3957 = CARTESIAN_POINT('',(123.25,-43.28112443126,322.57334079807));
#3958 = CARTESIAN_POINT('',(123.25,-42.88549193193,322.6636413343));
#3959 = CARTESIAN_POINT('',(123.22603801296,-42.4802390641,
    322.75613765686));
#3960 = CARTESIAN_POINT('',(123.1760190718,-42.06743375796,
    322.85035777418));
#3961 = CARTESIAN_POINT('',(123.09805650364,-41.64965405463,
    322.9457132652));
#3962 = CARTESIAN_POINT('',(122.99068891368,-41.22999370401,
    323.04149800169));
#3963 = CARTESIAN_POINT('',(122.85306307177,-40.81194780452,
    323.13691425024));
#3964 = CARTESIAN_POINT('',(122.51615429057,-39.9840795935,
    323.32586976706));
#3965 = CARTESIAN_POINT('',(122.31652628374,-39.57431565756,
    323.41939571148));
#3966 = CARTESIAN_POINT('',(122.08609691151,-39.17361283457,
    323.510853516));
#3967 = CARTESIAN_POINT('',(121.82551913743,-38.78586614539,
    323.59935416752));
#3968 = CARTESIAN_POINT('',(121.53632127177,-38.41490927486,
    323.6840226525));
#3969 = CARTESIAN_POINT('',(121.22085793965,-38.06417782694,
    323.76407481675));
#3970 = CARTESIAN_POINT('',(120.54600669468,-37.41143989098,
    323.91305799112));
#3971 = CARTESIAN_POINT('',(120.18698654169,-37.10906698754,
    323.98207263316));
#3972 = CARTESIAN_POINT('',(119.80791256948,-36.83215530805,
    324.04527591699));
#3973 = CARTESIAN_POINT('',(119.41225503232,-36.5828900959,
    324.10216907505));
#3974 = CARTESIAN_POINT('',(119.00386195535,-36.36266974984,
    324.15243293197));
#3975 = CARTESIAN_POINT('',(118.58662831004,-36.17206726805,
    324.19593670464));
#3976 = CARTESIAN_POINT('',(117.74677308511,-35.85167823202,
    324.26906341138));
#3977 = CARTESIAN_POINT('',(117.3242673249,-35.72121616775,
    324.29884052621));
#3978 = CARTESIAN_POINT('',(116.90034441624,-35.61943172461,
    324.32207216115));
#3979 = CARTESIAN_POINT('',(116.47842282251,-35.54550236811,
    324.33894605433));
#3980 = CARTESIAN_POINT('',(116.06152895767,-35.4980490006,
    324.34977697581));
#3981 = CARTESIAN_POINT('',(115.65218943704,-35.47530305255,
    324.35496859002));
#3982 = CARTESIAN_POINT('',(115.25243646992,-35.47530305255,
    324.35496859002));
#3983 = ( BOUNDED_SURFACE() B_SPLINE_SURFACE(2,6,(
    (#3984,#3985,#3986,#3987,#3988,#3989,#3990,#3991,#3992,#3993,#3994
      ,#3995,#3996,#3997,#3998,#3999,#4000)
    ,(#4001,#4002,#4003,#4004,#4005,#4006,#4007,#4008,#4009,#4010,#4011
      ,#4012,#4013,#4014,#4015,#4016,#4017)
    ,(#4018,#4019,#4020,#4021,#4022,#4023,#4024,#4025,#4026,#4027,#4028
      ,#4029,#4030,#4031,#4032,#4033,#4034
)),.UNSPECIFIED.,.F.,.F.,.F.) B_SPLINE_SURFACE_WITH_KNOTS((3,3),(7,5,5,7
    ),(0.,146.49984574039),(-8.890959613726,5.471370022857E-02,
    146.55455944062,155.50023275457),.UNSPECIFIED.) 
GEOMETRIC_REPRESENTATION_ITEM() RATIONAL_B_SPLINE_SURFACE((
    (1.,1.,1.,1.,1.,1.,1.,1.,1.,1.,1.,1.,1.,1.,1.,1.,1.)
    ,(0.707222739782,0.707222739782,0.707222739782,0.707222739782
      ,0.707222739782,0.707222739782,0.707222739782,0.707222739782
      ,0.707222739782,0.707222739782,0.707222739782,0.707222739782
      ,0.707222739782,0.707222739782,0.707222739782,0.707222739782
      ,0.707222739782)
    ,(1.,1.,1.,1.,1.,1.,1.,1.,1.,1.,1.,1.,1.,1.,1.,1.,1.
))) REPRESENTATION_ITEM('') SURFACE() );
#3984 = CARTESIAN_POINT('',(124.31344882405,-1.474237509592,
    172.85907068132));
#3985 = CARTESIAN_POINT('',(124.30324882405,-1.875225537369,
    174.29504533346));
#3986 = CARTESIAN_POINT('',(124.29304882405,-2.276213565147,
    175.73101998559));
#3987 = CARTESIAN_POINT('',(124.28284882405,-2.677201592924,
    177.16699463773));
#3988 = CARTESIAN_POINT('',(124.27264882405,-3.078189620702,
    178.60296928987));
#3989 = CARTESIAN_POINT('',(124.26244882405,-3.479177648479,
    180.038943942));
#3990 = CARTESIAN_POINT('',(124.08520735338,-10.44699213542,
    204.99132229479));
#3991 = CARTESIAN_POINT('',(123.9181658827,-17.01381859459,
    228.50772599545));
#3992 = CARTESIAN_POINT('',(123.75112441202,-23.58064505376,
    252.02412969611));
#3993 = CARTESIAN_POINT('',(123.58408294135,-30.14747151292,
    275.54053339676));
#3994 = CARTESIAN_POINT('',(123.41704147067,-36.71429797209,
    299.05693709742));
#3995 = CARTESIAN_POINT('',(123.2398,-43.68211245904,324.00931545021));
#3996 = CARTESIAN_POINT('',(123.2296,-44.08310048682,325.44529010235));
#3997 = CARTESIAN_POINT('',(123.2194,-44.48408851459,326.88126475448));
#3998 = CARTESIAN_POINT('',(123.2092,-44.88507654237,328.31723940662));
#3999 = CARTESIAN_POINT('',(123.199,-45.28606457015,329.75321405876));
#4000 = CARTESIAN_POINT('',(123.1888,-45.68705259793,331.18918871089));
#4001 = CARTESIAN_POINT('',(124.31082568737,6.228461672594,
    175.00998845207));
#4002 = CARTESIAN_POINT('',(124.30062568737,5.827473644816,
    176.44596310421));
#4003 = CARTESIAN_POINT('',(124.29042568737,5.426485617039,
    177.88193775635));
#4004 = CARTESIAN_POINT('',(124.28022568737,5.025497589261,
    179.31791240848));
#4005 = CARTESIAN_POINT('',(124.27002568737,4.624509561483,
    180.75388706062));
#4006 = CARTESIAN_POINT('',(124.25982568737,4.223521533706,
    182.18986171276));
#4007 = CARTESIAN_POINT('',(124.0825842167,-2.74429295324,
    207.14224006555));
#4008 = CARTESIAN_POINT('',(123.91554274602,-9.311119412408,
    230.6586437662));
#4009 = CARTESIAN_POINT('',(123.74850127534,-15.87794587157,
    254.17504746686));
#4010 = CARTESIAN_POINT('',(123.58145980467,-22.44477233074,
    277.69145116752));
#4011 = CARTESIAN_POINT('',(123.41441833399,-29.01159878991,
    301.20785486817));
#4012 = CARTESIAN_POINT('',(123.23717686331,-35.97941327685,
    326.16023322096));
#4013 = CARTESIAN_POINT('',(123.22697686331,-36.38040130463,
    327.5962078731));
#4014 = CARTESIAN_POINT('',(123.21677686331,-36.78138933241,
    329.03218252524));
#4015 = CARTESIAN_POINT('',(123.20657686331,-37.18237736019,
    330.46815717737));
#4016 = CARTESIAN_POINT('',(123.19637686331,-37.58336538796,
    331.90413182951));
#4017 = CARTESIAN_POINT('',(123.18617686331,-37.98435341574,
    333.34010648165));
#4018 = CARTESIAN_POINT('',(116.31363646992,6.243176857003,
    174.95729203635));
#4019 = CARTESIAN_POINT('',(116.30343646992,5.842188829226,
    176.39326668848));
#4020 = CARTESIAN_POINT('',(116.29323646992,5.441200801448,
    177.82924134062));
#4021 = CARTESIAN_POINT('',(116.28303646992,5.04021277367,
    179.26521599276));
#4022 = CARTESIAN_POINT('',(116.27283646992,4.639224745893,
    180.70119064489));
#4023 = CARTESIAN_POINT('',(116.26263646992,4.238236718115,
    182.13716529703));
#4024 = CARTESIAN_POINT('',(116.08539499924,-2.72957776883,
    207.08954364982));
#4025 = CARTESIAN_POINT('',(115.91835352857,-9.296404227998,
    230.60594735048));
#4026 = CARTESIAN_POINT('',(115.75131205789,-15.86323068716,
    254.12235105113));
#4027 = CARTESIAN_POINT('',(115.58427058721,-22.43005714633,
    277.63875475179));
#4028 = CARTESIAN_POINT('',(115.41722911654,-28.9968836055,
    301.15515845244));
#4029 = CARTESIAN_POINT('',(115.23998764586,-35.96469809244,
    326.10753680524));
#4030 = CARTESIAN_POINT('',(115.22978764586,-36.36568612022,
    327.54351145737));
#4031 = CARTESIAN_POINT('',(115.21958764586,-36.766674148,
    328.97948610951));
#4032 = CARTESIAN_POINT('',(115.20938764586,-37.16766217578,
    330.41546076165));
#4033 = CARTESIAN_POINT('',(115.19918764586,-37.56865020355,
    331.85143541378));
#4034 = CARTESIAN_POINT('',(115.18898764586,-37.96963823133,
    333.28741006592));
#4035 = ADVANCED_FACE('',(#4036),#4077,.T.);
#4036 = FACE_BOUND('',#4037,.T.);
#4037 = EDGE_LOOP('',(#4038,#4050,#4059,#4067,#4068,#4069));
#4038 = ORIENTED_EDGE('',*,*,#4039,.T.);
#4039 = EDGE_CURVE('',#4040,#4042,#4044,.T.);
#4040 = VERTEX_POINT('',#4041);
#4041 = CARTESIAN_POINT('',(116.18554208667,32.750992699681,
    185.79104800174));
#4042 = VERTEX_POINT('',#4043);
#4043 = CARTESIAN_POINT('',(114.25,32.750992699681,185.79104800174));
#4044 = B_SPLINE_CURVE_WITH_KNOTS('',4,(#4045,#4046,#4047,#4048,#4049),
  .UNSPECIFIED.,.F.,.F.,(5,5),(0.,1.),.PIECEWISE_BEZIER_KNOTS.);
#4045 = CARTESIAN_POINT('',(116.18554268667,32.750992699681,
    185.79104800174));
#4046 = CARTESIAN_POINT('',(115.701656865,32.750992699681,
    185.79104800174));
#4047 = CARTESIAN_POINT('',(115.21777104333,32.750992699681,
    185.79104800174));
#4048 = CARTESIAN_POINT('',(114.73388522167,32.750992699681,
    185.79104800174));
#4049 = CARTESIAN_POINT('',(114.2499994,32.750992699681,185.79104800174)
  );
#4050 = ORIENTED_EDGE('',*,*,#4051,.T.);
#4051 = EDGE_CURVE('',#4042,#4052,#4054,.T.);
#4052 = VERTEX_POINT('',#4053);
#4053 = CARTESIAN_POINT('',(114.25,1.207459787736,192.9906535481));
#4054 = CIRCLE('',#4055,78.);
#4055 = AXIS2_PLACEMENT_3D('',#4056,#4057,#4058);
#4056 = CARTESIAN_POINT('',(114.25,0.,115.));
#4057 = DIRECTION('',(1.,0.,-2.22044604925E-16));
#4058 = DIRECTION('',(-2.22044604925E-16,0.,-1.));
#4059 = ORIENTED_EDGE('',*,*,#4060,.T.);
#4060 = EDGE_CURVE('',#4052,#3924,#4061,.T.);
#4061 = B_SPLINE_CURVE_WITH_KNOTS('',4,(#4062,#4063,#4064,#4065,#4066),
  .UNSPECIFIED.,.F.,.F.,(5,5),(0.,1.),.PIECEWISE_BEZIER_KNOTS.);
#4062 = CARTESIAN_POINT('',(114.2499994,1.207459787736,192.9906535481));
#4063 = CARTESIAN_POINT('',(114.73388522167,1.207459787736,
    192.9906535481));
#4064 = CARTESIAN_POINT('',(115.21777104333,1.207459787736,
    192.9906535481));
#4065 = CARTESIAN_POINT('',(115.701656865,1.207459787736,192.9906535481)
  );
#4066 = CARTESIAN_POINT('',(116.18554268667,1.207459787736,
    192.9906535481));
#4067 = ORIENTED_EDGE('',*,*,#3923,.T.);
#4068 = ORIENTED_EDGE('',*,*,#1322,.F.);
#4069 = ORIENTED_EDGE('',*,*,#4070,.T.);
#4070 = EDGE_CURVE('',#1246,#4040,#4071,.T.);
#4071 = B_SPLINE_CURVE_WITH_KNOTS('',4,(#4072,#4073,#4074,#4075,#4076),
  .UNSPECIFIED.,.F.,.F.,(5,5),(0.,1.),.PIECEWISE_BEZIER_KNOTS.);
#4072 = CARTESIAN_POINT('',(116.2500006,32.751238485093,185.79093429029)
  );
#4073 = CARTESIAN_POINT('',(116.23386005506,32.751115391903,
    185.79099123903));
#4074 = CARTESIAN_POINT('',(116.2177366414,32.751033529873,
    185.79102911193));
#4075 = CARTESIAN_POINT('',(116.20163057992,32.750992699681,
    185.79104800174));
#4076 = CARTESIAN_POINT('',(116.18554208667,32.750992699681,
    185.79104800174));
#4077 = CYLINDRICAL_SURFACE('',#4078,78.);
#4078 = AXIS2_PLACEMENT_3D('',#4079,#4080,#4081);
#4079 = CARTESIAN_POINT('',(106.25,0.,115.));
#4080 = DIRECTION('',(1.,0.,-2.22044604925E-16));
#4081 = DIRECTION('',(-2.22044604925E-16,0.,-1.));
#4082 = ADVANCED_FACE('',(#4083),#4160,.T.);
#4083 = FACE_BOUND('',#4084,.T.);
#4084 = EDGE_LOOP('',(#4085,#4107,#4108,#4109,#4131));
#4085 = ORIENTED_EDGE('',*,*,#4086,.F.);
#4086 = EDGE_CURVE('',#4040,#4087,#4089,.T.);
#4087 = VERTEX_POINT('',#4088);
#4088 = CARTESIAN_POINT('',(115.25243646992,122.79786020443,
    288.23015190552));
#4089 = B_SPLINE_CURVE_WITH_KNOTS('',6,(#4090,#4091,#4092,#4093,#4094,
    #4095,#4096,#4097,#4098,#4099,#4100,#4101,#4102,#4103,#4104,#4105,
    #4106),.UNSPECIFIED.,.F.,.F.,(7,5,5,7),(-8.890959613726,
    5.471370022844E-02,146.55455944062,155.50023275457),.UNSPECIFIED.);
#4090 = CARTESIAN_POINT('',(116.31363646992,20.389586071126,
    171.72846644717));
#4091 = CARTESIAN_POINT('',(116.30343646992,21.373909851903,
    172.84825271901));
#4092 = CARTESIAN_POINT('',(116.29323646992,22.358233632679,
    173.96803899085));
#4093 = CARTESIAN_POINT('',(116.28303646992,23.342557413455,
    175.08782526269));
#4094 = CARTESIAN_POINT('',(116.27283646992,24.326881194231,
    176.20761153452));
#4095 = CARTESIAN_POINT('',(116.26263646992,25.311204975008,
    177.32739780636));
#4096 = CARTESIAN_POINT('',(116.08539499924,42.41542012465,
    196.78549247928));
#4097 = CARTESIAN_POINT('',(115.91835352857,58.535311493518,
    215.12380088035));
#4098 = CARTESIAN_POINT('',(115.75131205789,74.655202862384,
    233.46210928143));
#4099 = CARTESIAN_POINT('',(115.58427058721,90.775094231251,
    251.80041768251));
#4100 = CARTESIAN_POINT('',(115.41722911654,106.89498560011,
    270.13872608358));
#4101 = CARTESIAN_POINT('',(115.23998764586,123.99920074976,
    289.5968207565));
#4102 = CARTESIAN_POINT('',(115.22978764586,124.98352453053,
    290.71660702833));
#4103 = CARTESIAN_POINT('',(115.21958764586,125.96784831131,
    291.83639330017));
#4104 = CARTESIAN_POINT('',(115.20938764586,126.95217209209,
    292.95617957201));
#4105 = CARTESIAN_POINT('',(115.19918764586,127.93649587286,
    294.07596584385));
#4106 = CARTESIAN_POINT('',(115.18898764586,128.92081965364,
    295.19575211569));
#4107 = ORIENTED_EDGE('',*,*,#4070,.F.);
#4108 = ORIENTED_EDGE('',*,*,#1245,.T.);
#4109 = ORIENTED_EDGE('',*,*,#4110,.T.);
#4110 = EDGE_CURVE('',#1207,#4111,#4113,.T.);
#4111 = VERTEX_POINT('',#4112);
#4112 = CARTESIAN_POINT('',(123.25,129.05764292697,283.23814176411));
#4113 = B_SPLINE_CURVE_WITH_KNOTS('',6,(#4114,#4115,#4116,#4117,#4118,
    #4119,#4120,#4121,#4122,#4123,#4124,#4125,#4126,#4127,#4128,#4129,
    #4130),.UNSPECIFIED.,.F.,.F.,(7,5,5,7),(-8.890959613726,
    5.471370022844E-02,146.55455944062,155.50023275457),.UNSPECIFIED.);
#4114 = CARTESIAN_POINT('',(124.31344882405,26.432352029116,
    166.48957372662));
#4115 = CARTESIAN_POINT('',(124.30324882405,27.416675809892,
    167.60935999846));
#4116 = CARTESIAN_POINT('',(124.29304882405,28.400999590668,
    168.7291462703));
#4117 = CARTESIAN_POINT('',(124.28284882405,29.385323371444,
    169.84893254214));
#4118 = CARTESIAN_POINT('',(124.27264882405,30.369647152221,
    170.96871881398));
#4119 = CARTESIAN_POINT('',(124.26244882405,31.353970932997,
    172.08850508582));
#4120 = CARTESIAN_POINT('',(124.08520735338,48.45818608264,
    191.54659975873));
#4121 = CARTESIAN_POINT('',(123.9181658827,64.578077451507,
    209.88490815981));
#4122 = CARTESIAN_POINT('',(123.75112441202,80.697968820373,
    228.22321656088));
#4123 = CARTESIAN_POINT('',(123.58408294135,96.817860189241,
    246.56152496196));
#4124 = CARTESIAN_POINT('',(123.41704147067,112.9377515581,
    264.89983336304));
#4125 = CARTESIAN_POINT('',(123.2398,130.04196670775,284.35792803595));
#4126 = CARTESIAN_POINT('',(123.2296,131.02629048852,285.47771430779));
#4127 = CARTESIAN_POINT('',(123.2194,132.0106142693,286.59750057963));
#4128 = CARTESIAN_POINT('',(123.2092,132.99493805007,287.71728685147));
#4129 = CARTESIAN_POINT('',(123.199,133.97926183085,288.83707312331));
#4130 = CARTESIAN_POINT('',(123.1888,134.96358561163,289.95685939514));
#4131 = ORIENTED_EDGE('',*,*,#4132,.F.);
#4132 = EDGE_CURVE('',#4087,#4111,#4133,.T.);
#4133 = B_SPLINE_CURVE_WITH_KNOTS('',7,(#4134,#4135,#4136,#4137,#4138,
    #4139,#4140,#4141,#4142,#4143,#4144,#4145,#4146,#4147,#4148,#4149,
    #4150,#4151,#4152,#4153,#4154,#4155,#4156,#4157,#4158,#4159),
  .UNSPECIFIED.,.F.,.F.,(8,6,6,6,8),(0.,0.246925498661,0.497996622872,
    0.749070781753,1.),.UNSPECIFIED.);
#4134 = CARTESIAN_POINT('',(115.25243646992,122.79786020443,
    288.23015190552));
#4135 = CARTESIAN_POINT('',(115.6517537518,122.79786020443,
    288.23015190552));
#4136 = CARTESIAN_POINT('',(116.06063670095,122.81606129692,
    288.21563701861));
#4137 = CARTESIAN_POINT('',(116.47705974607,122.85403133376,
    288.18535692466));
#4138 = CARTESIAN_POINT('',(116.89850506259,122.91318411413,
    288.13818415644));
#4139 = CARTESIAN_POINT('',(117.32195720698,122.99462266061,
    288.07323908279));
#4140 = CARTESIAN_POINT('',(117.74401015744,123.09900591704,
    287.98999621354));
#4141 = CARTESIAN_POINT('',(118.58516565279,123.35601128735,
    287.78504126992));
#4142 = CARTESIAN_POINT('',(119.00410108161,123.50941494844,
    287.66270593244));
#4143 = CARTESIAN_POINT('',(119.41413104009,123.68676301167,
    287.52127557145));
#4144 = CARTESIAN_POINT('',(119.81131294646,123.88759092171,
    287.36112065744));
#4145 = CARTESIAN_POINT('',(120.19175186804,124.11076117541,
    287.18314831893));
#4146 = CARTESIAN_POINT('',(120.551938471,124.35449516837,
    286.98877694558));
#4147 = CARTESIAN_POINT('',(121.22598116321,124.87859065171,
    286.57082474438));
#4148 = CARTESIAN_POINT('',(121.5398380168,125.1589536163,
    286.34724274089));
#4149 = CARTESIAN_POINT('',(121.82761354318,125.45537834023,
    286.11085191175));
#4150 = CARTESIAN_POINT('',(122.08698746534,125.76514011726,
    285.86382513768));
#4151 = CARTESIAN_POINT('',(122.31645289301,126.08520141383,
    285.60858477085));
#4152 = CARTESIAN_POINT('',(122.51536398735,126.4124762507,
    285.3475917976));
#4153 = CARTESIAN_POINT('',(122.85217501519,127.07535505698,
    284.81896358953));
#4154 = CARTESIAN_POINT('',(122.99011075315,127.41095515267,
    284.55133144392));
#4155 = CARTESIAN_POINT('',(123.0977231605,127.74786487704,
    284.28265490427));
#4156 = CARTESIAN_POINT('',(123.17585567216,128.08327107502,
    284.01517738691));
#4157 = CARTESIAN_POINT('',(123.22598727739,128.41468412875,
    283.75088429584));
#4158 = CARTESIAN_POINT('',(123.25,128.74002928693,283.49143018999));
#4159 = CARTESIAN_POINT('',(123.25,129.05764292697,283.23814176411));
#4160 = ( BOUNDED_SURFACE() B_SPLINE_SURFACE(2,6,(
    (#4161,#4162,#4163,#4164,#4165,#4166,#4167,#4168,#4169,#4170,#4171
      ,#4172,#4173,#4174,#4175,#4176,#4177)
    ,(#4178,#4179,#4180,#4181,#4182,#4183,#4184,#4185,#4186,#4187,#4188
      ,#4189,#4190,#4191,#4192,#4193,#4194)
    ,(#4195,#4196,#4197,#4198,#4199,#4200,#4201,#4202,#4203,#4204,#4205
      ,#4206,#4207,#4208,#4209,#4210,#4211
)),.UNSPECIFIED.,.F.,.F.,.F.) B_SPLINE_SURFACE_WITH_KNOTS((3,3),(7,5,5,7
    ),(0.,146.49984574039),(-8.890959613726,5.471370022844E-02,
    146.55455944062,155.50023275457),.UNSPECIFIED.) 
GEOMETRIC_REPRESENTATION_ITEM() RATIONAL_B_SPLINE_SURFACE((
    (1.,1.,1.,1.,1.,1.,1.,1.,1.,1.,1.,1.,1.,1.,1.,1.,1.)
    ,(0.707222739782,0.707222739782,0.707222739782,0.707222739782
      ,0.707222739782,0.707222739782,0.707222739782,0.707222739782
      ,0.707222739782,0.707222739782,0.707222739782,0.707222739782
      ,0.707222739782,0.707222739782,0.707222739782,0.707222739782
      ,0.707222739782)
    ,(1.,1.,1.,1.,1.,1.,1.,1.,1.,1.,1.,1.,1.,1.,1.,1.,1.
))) REPRESENTATION_ITEM('') SURFACE() );
#4161 = CARTESIAN_POINT('',(116.31363646992,20.389586071126,
    171.72846644717));
#4162 = CARTESIAN_POINT('',(116.30343646992,21.373909851903,
    172.84825271901));
#4163 = CARTESIAN_POINT('',(116.29323646992,22.358233632679,
    173.96803899085));
#4164 = CARTESIAN_POINT('',(116.28303646992,23.342557413455,
    175.08782526269));
#4165 = CARTESIAN_POINT('',(116.27283646992,24.326881194231,
    176.20761153452));
#4166 = CARTESIAN_POINT('',(116.26263646992,25.311204975008,
    177.32739780636));
#4167 = CARTESIAN_POINT('',(116.08539499924,42.41542012465,
    196.78549247928));
#4168 = CARTESIAN_POINT('',(115.91835352857,58.535311493518,
    215.12380088035));
#4169 = CARTESIAN_POINT('',(115.75131205789,74.655202862384,
    233.46210928143));
#4170 = CARTESIAN_POINT('',(115.58427058721,90.775094231251,
    251.80041768251));
#4171 = CARTESIAN_POINT('',(115.41722911654,106.89498560011,
    270.13872608358));
#4172 = CARTESIAN_POINT('',(115.23998764586,123.99920074976,
    289.5968207565));
#4173 = CARTESIAN_POINT('',(115.22978764586,124.98352453053,
    290.71660702833));
#4174 = CARTESIAN_POINT('',(115.21958764586,125.96784831131,
    291.83639330017));
#4175 = CARTESIAN_POINT('',(115.20938764586,126.95217209209,
    292.95617957201));
#4176 = CARTESIAN_POINT('',(115.19918764586,127.93649587286,
    294.07596584385));
#4177 = CARTESIAN_POINT('',(115.18898764586,128.92081965364,
    295.19575211569));
#4178 = CARTESIAN_POINT('',(124.31082568737,20.425708112059,
    171.76955959796));
#4179 = CARTESIAN_POINT('',(124.30062568737,21.410031892835,
    172.8893458698));
#4180 = CARTESIAN_POINT('',(124.29042568737,22.394355673611,
    174.00913214163));
#4181 = CARTESIAN_POINT('',(124.28022568737,23.378679454388,
    175.12891841347));
#4182 = CARTESIAN_POINT('',(124.27002568737,24.363003235164,
    176.24870468531));
#4183 = CARTESIAN_POINT('',(124.25982568737,25.34732701594,
    177.36849095715));
#4184 = CARTESIAN_POINT('',(124.0825842167,42.451542165583,
    196.82658563006));
#4185 = CARTESIAN_POINT('',(123.91554274602,58.57143353445,
    215.16489403114));
#4186 = CARTESIAN_POINT('',(123.74850127534,74.691324903317,
    233.50320243222));
#4187 = CARTESIAN_POINT('',(123.58145980467,90.811216272183,
    251.84151083329));
#4188 = CARTESIAN_POINT('',(123.41441833399,106.93110764105,
    270.17981923437));
#4189 = CARTESIAN_POINT('',(123.23717686331,124.03532279069,
    289.63791390728));
#4190 = CARTESIAN_POINT('',(123.22697686331,125.01964657147,
    290.75770017912));
#4191 = CARTESIAN_POINT('',(123.21677686331,126.00397035224,
    291.87748645096));
#4192 = CARTESIAN_POINT('',(123.20657686331,126.98829413302,
    292.9972727228));
#4193 = CARTESIAN_POINT('',(123.19637686331,127.97261791379,
    294.11705899464));
#4194 = CARTESIAN_POINT('',(123.18617686331,128.95694169457,
    295.23684526648));
#4195 = CARTESIAN_POINT('',(124.31344882405,26.432352029116,
    166.48957372662));
#4196 = CARTESIAN_POINT('',(124.30324882405,27.416675809892,
    167.60935999846));
#4197 = CARTESIAN_POINT('',(124.29304882405,28.400999590668,
    168.7291462703));
#4198 = CARTESIAN_POINT('',(124.28284882405,29.385323371444,
    169.84893254214));
#4199 = CARTESIAN_POINT('',(124.27264882405,30.369647152221,
    170.96871881398));
#4200 = CARTESIAN_POINT('',(124.26244882405,31.353970932997,
    172.08850508582));
#4201 = CARTESIAN_POINT('',(124.08520735338,48.45818608264,
    191.54659975873));
#4202 = CARTESIAN_POINT('',(123.9181658827,64.578077451507,
    209.88490815981));
#4203 = CARTESIAN_POINT('',(123.75112441202,80.697968820373,
    228.22321656088));
#4204 = CARTESIAN_POINT('',(123.58408294135,96.817860189241,
    246.56152496196));
#4205 = CARTESIAN_POINT('',(123.41704147067,112.9377515581,
    264.89983336304));
#4206 = CARTESIAN_POINT('',(123.2398,130.04196670775,284.35792803595));
#4207 = CARTESIAN_POINT('',(123.2296,131.02629048852,285.47771430779));
#4208 = CARTESIAN_POINT('',(123.2194,132.0106142693,286.59750057963));
#4209 = CARTESIAN_POINT('',(123.2092,132.99493805007,287.71728685147));
#4210 = CARTESIAN_POINT('',(123.199,133.97926183085,288.83707312331));
#4211 = CARTESIAN_POINT('',(123.1888,134.96358561163,289.95685939514));
#4212 = ADVANCED_FACE('',(#4213),#4245,.T.);
#4213 = FACE_BOUND('',#4214,.T.);
#4214 = EDGE_LOOP('',(#4215,#4216,#4217,#4239));
#4215 = ORIENTED_EDGE('',*,*,#4110,.F.);
#4216 = ORIENTED_EDGE('',*,*,#1206,.T.);
#4217 = ORIENTED_EDGE('',*,*,#4218,.T.);
#4218 = EDGE_CURVE('',#1123,#4219,#4221,.T.);
#4219 = VERTEX_POINT('',#4220);
#4220 = CARTESIAN_POINT('',(123.25,135.30203306112,278.25840680232));
#4221 = B_SPLINE_CURVE_WITH_KNOTS('',6,(#4222,#4223,#4224,#4225,#4226,
    #4227,#4228,#4229,#4230,#4231,#4232,#4233,#4234,#4235,#4236,#4237,
    #4238),.UNSPECIFIED.,.F.,.F.,(7,5,5,7),(-8.890959613727,
    5.471370022772E-02,146.55455944062,155.50023275457),.UNSPECIFIED.);
#4222 = CARTESIAN_POINT('',(124.31344882405,44.316870952253,
    152.22714581246));
#4223 = CARTESIAN_POINT('',(124.30324882405,45.189549197333,
    153.435966428));
#4224 = CARTESIAN_POINT('',(124.29304882405,46.062227442413,
    154.64478704355));
#4225 = CARTESIAN_POINT('',(124.28284882405,46.934905687493,
    155.85360765909));
#4226 = CARTESIAN_POINT('',(124.27264882405,47.807583932573,
    157.06242827463));
#4227 = CARTESIAN_POINT('',(124.26244882405,48.680262177653,
    158.27124889018));
#4228 = CARTESIAN_POINT('',(124.08520735338,63.844455862465,
    179.27645905516));
#4229 = CARTESIAN_POINT('',(123.9181658827,78.135971302198,
    199.07284860459));
#4230 = CARTESIAN_POINT('',(123.75112441202,92.427486741931,
    218.86923815402));
#4231 = CARTESIAN_POINT('',(123.58408294135,106.71900218166,
    238.66562770346));
#4232 = CARTESIAN_POINT('',(123.41704147067,121.01051762139,
    258.46201725289));
#4233 = CARTESIAN_POINT('',(123.2398,136.1747113062,279.46722741787));
#4234 = CARTESIAN_POINT('',(123.2296,137.04738955128,280.67604803341));
#4235 = CARTESIAN_POINT('',(123.2194,137.92006779636,281.88486864896));
#4236 = CARTESIAN_POINT('',(123.2092,138.79274604144,283.0936892645));
#4237 = CARTESIAN_POINT('',(123.199,139.66542428652,284.30250988004));
#4238 = CARTESIAN_POINT('',(123.1888,140.5381025316,285.51133049559));
#4239 = ORIENTED_EDGE('',*,*,#4240,.F.);
#4240 = EDGE_CURVE('',#4111,#4219,#4241,.T.);
#4241 = LINE('',#4242,#4243);
#4242 = CARTESIAN_POINT('',(123.25,122.79786020443,288.23015190552));
#4243 = VECTOR('',#4244,1.);
#4244 = DIRECTION('',(-1.384425467285E-16,0.781831482468,-0.623489801859
    ));
#4245 = B_SPLINE_SURFACE_WITH_KNOTS('',1,1,(
    (#4246,#4247)
    ,(#4248,#4249
    )),.UNSPECIFIED.,.F.,.F.,.F.,(2,2),(2,2),(0.,38.),(0.,1.),
  .PIECEWISE_BEZIER_KNOTS.);
#4246 = CARTESIAN_POINT('',(124.25,26.295528755784,178.4471840782));
#4247 = CARTESIAN_POINT('',(123.25,122.79786020443,288.23015190552));
#4248 = CARTESIAN_POINT('',(124.25,56.005125089569,154.75457160757));
#4249 = CARTESIAN_POINT('',(123.25,141.56181578366,273.26639666091));
#4250 = ADVANCED_FACE('',(#4251),#4316,.T.);
#4251 = FACE_BOUND('',#4252,.T.);
#4252 = EDGE_LOOP('',(#4253,#4254,#4255,#4265,#4287));
#4253 = ORIENTED_EDGE('',*,*,#4218,.F.);
#4254 = ORIENTED_EDGE('',*,*,#1122,.T.);
#4255 = ORIENTED_EDGE('',*,*,#4256,.F.);
#4256 = EDGE_CURVE('',#4257,#1114,#4259,.T.);
#4257 = VERTEX_POINT('',#4258);
#4258 = CARTESIAN_POINT('',(116.18554208667,61.728387145976,
    162.68234705167));
#4259 = B_SPLINE_CURVE_WITH_KNOTS('',4,(#4260,#4261,#4262,#4263,#4264),
  .UNSPECIFIED.,.F.,.F.,(5,5),(0.,1.),.PIECEWISE_BEZIER_KNOTS.);
#4260 = CARTESIAN_POINT('',(116.18554208667,61.728387145976,
    162.68234705167));
#4261 = CARTESIAN_POINT('',(116.20163057992,61.728387145976,
    162.68234705167));
#4262 = CARTESIAN_POINT('',(116.2177366414,61.728359644202,
    162.68238265479));
#4263 = CARTESIAN_POINT('',(116.23386005506,61.728304504834,
    162.68245403685));
#4264 = CARTESIAN_POINT('',(116.2500006,61.728221593107,162.68256137155)
  );
#4265 = ORIENTED_EDGE('',*,*,#4266,.T.);
#4266 = EDGE_CURVE('',#4257,#4267,#4269,.T.);
#4267 = VERTEX_POINT('',#4268);
#4268 = CARTESIAN_POINT('',(115.25243646992,141.56181578366,
    273.26639666091));
#4269 = B_SPLINE_CURVE_WITH_KNOTS('',6,(#4270,#4271,#4272,#4273,#4274,
    #4275,#4276,#4277,#4278,#4279,#4280,#4281,#4282,#4283,#4284,#4285,
    #4286),.UNSPECIFIED.,.F.,.F.,(7,5,5,7),(-8.890959613727,
    5.471370022772E-02,146.55455944062,155.50023275457),.UNSPECIFIED.);
#4270 = CARTESIAN_POINT('',(116.31363646992,50.76905561909,
    147.5016479143));
#4271 = CARTESIAN_POINT('',(116.30343646992,51.64173386417,
    148.71046852985));
#4272 = CARTESIAN_POINT('',(116.29323646992,52.51441210925,
    149.91928914539));
#4273 = CARTESIAN_POINT('',(116.28303646992,53.38709035433,
    151.12810976094));
#4274 = CARTESIAN_POINT('',(116.27283646992,54.259768599409,
    152.33693037648));
#4275 = CARTESIAN_POINT('',(116.26263646992,55.132446844489,
    153.54575099203));
#4276 = CARTESIAN_POINT('',(116.08539499924,70.296640529302,
    174.550961157));
#4277 = CARTESIAN_POINT('',(115.91835352857,84.588155969034,
    194.34735070644));
#4278 = CARTESIAN_POINT('',(115.75131205789,98.879671408767,
    214.14374025587));
#4279 = CARTESIAN_POINT('',(115.58427058721,113.1711868485,
    233.9401298053));
#4280 = CARTESIAN_POINT('',(115.41722911654,127.46270228823,
    253.73651935474));
#4281 = CARTESIAN_POINT('',(115.23998764586,142.62689597304,
    274.74172951971));
#4282 = CARTESIAN_POINT('',(115.22978764586,143.49957421812,
    275.95055013526));
#4283 = CARTESIAN_POINT('',(115.21958764586,144.3722524632,
    277.1593707508));
#4284 = CARTESIAN_POINT('',(115.20938764586,145.24493070828,
    278.36819136635));
#4285 = CARTESIAN_POINT('',(115.19918764586,146.11760895336,
    279.57701198189));
#4286 = CARTESIAN_POINT('',(115.18898764586,146.99028719844,
    280.78583259743));
#4287 = ORIENTED_EDGE('',*,*,#4288,.F.);
#4288 = EDGE_CURVE('',#4219,#4267,#4289,.T.);
#4289 = B_SPLINE_CURVE_WITH_KNOTS('',7,(#4290,#4291,#4292,#4293,#4294,
    #4295,#4296,#4297,#4298,#4299,#4300,#4301,#4302,#4303,#4304,#4305,
    #4306,#4307,#4308,#4309,#4310,#4311,#4312,#4313,#4314,#4315),
  .UNSPECIFIED.,.F.,.F.,(8,6,6,6,8),(0.,0.250659807383,0.502734277041,
    0.752805090485,1.),.UNSPECIFIED.);
#4290 = CARTESIAN_POINT('',(123.25,135.30203306112,278.25840680232));
#4291 = CARTESIAN_POINT('',(123.25,135.61930569426,278.00539032038));
#4292 = CARTESIAN_POINT('',(123.22603801259,135.94429326403,
    277.74622138177));
#4293 = CARTESIAN_POINT('',(123.17601907067,136.27533741916,
    277.4822224775));
#4294 = CARTESIAN_POINT('',(123.09805650128,136.61037073115,
    277.21504232681));
#4295 = CARTESIAN_POINT('',(122.99068890961,136.94691220513,
    276.94665945705));
#4296 = CARTESIAN_POINT('',(122.85306306552,137.28215898972,
    276.67930906763));
#4297 = CARTESIAN_POINT('',(122.51615428027,137.94605775053,
    276.14986747297));
#4298 = CARTESIAN_POINT('',(122.31652627206,138.27466291323,
    275.88781360027));
#4299 = CARTESIAN_POINT('',(122.08609689844,138.59600162742,
    275.63155452689));
#4300 = CARTESIAN_POINT('',(121.82551912304,138.90695032885,
    275.38358121219));
#4301 = CARTESIAN_POINT('',(121.5363212561,139.20443464105,
    275.1463453896));
#4302 = CARTESIAN_POINT('',(121.22085792283,139.48569942351,
    274.92204421036));
#4303 = CARTESIAN_POINT('',(120.54600667576,140.00915460428,
    274.50460263342));
#4304 = CARTESIAN_POINT('',(120.18698652183,140.25163884492,
    274.31122790428));
#4305 = CARTESIAN_POINT('',(119.80791254881,140.47370476921,
    274.13413623909));
#4306 = CARTESIAN_POINT('',(119.41225501099,140.67359994801,
    273.97472515343));
#4307 = CARTESIAN_POINT('',(119.00386193349,140.85020295264,
    273.83388895684));
#4308 = CARTESIAN_POINT('',(118.58662828782,141.00305427425,
    273.7119940954));
#4309 = CARTESIAN_POINT('',(117.74677306563,141.25998632925,
    273.50709761879));
#4310 = CARTESIAN_POINT('',(117.32426730861,141.36460877999,
    273.42366399844));
#4311 = CARTESIAN_POINT('',(116.90034440327,141.44623356455,
    273.35857040488));
#4312 = CARTESIAN_POINT('',(116.4784228129,141.50552030437,
    273.31129080757));
#4313 = CARTESIAN_POINT('',(116.06152895138,141.54357494987,
    273.28094324046));
#4314 = CARTESIAN_POINT('',(115.65218943396,141.56181578366,
    273.26639666091));
#4315 = CARTESIAN_POINT('',(115.25243646992,141.56181578366,
    273.26639666091));
#4316 = ( BOUNDED_SURFACE() B_SPLINE_SURFACE(2,6,(
    (#4317,#4318,#4319,#4320,#4321,#4322,#4323,#4324,#4325,#4326,#4327
      ,#4328,#4329,#4330,#4331,#4332,#4333)
    ,(#4334,#4335,#4336,#4337,#4338,#4339,#4340,#4341,#4342,#4343,#4344
      ,#4345,#4346,#4347,#4348,#4349,#4350)
    ,(#4351,#4352,#4353,#4354,#4355,#4356,#4357,#4358,#4359,#4360,#4361
      ,#4362,#4363,#4364,#4365,#4366,#4367
)),.UNSPECIFIED.,.F.,.F.,.F.) B_SPLINE_SURFACE_WITH_KNOTS((3,3),(7,5,5,7
    ),(0.,146.49984574039),(-8.890959613727,5.471370022772E-02,
    146.55455944062,155.50023275457),.UNSPECIFIED.) 
GEOMETRIC_REPRESENTATION_ITEM() RATIONAL_B_SPLINE_SURFACE((
    (1.,1.,1.,1.,1.,1.,1.,1.,1.,1.,1.,1.,1.,1.,1.,1.,1.)
    ,(0.707222739782,0.707222739782,0.707222739782,0.707222739782
      ,0.707222739782,0.707222739782,0.707222739782,0.707222739782
      ,0.707222739782,0.707222739782,0.707222739782,0.707222739782
      ,0.707222739782,0.707222739782,0.707222739782,0.707222739782
      ,0.707222739782)
    ,(1.,1.,1.,1.,1.,1.,1.,1.,1.,1.,1.,1.,1.,1.,1.,1.,1.
))) REPRESENTATION_ITEM('') SURFACE() );
#4317 = CARTESIAN_POINT('',(124.31344882405,44.316870952253,
    152.22714581246));
#4318 = CARTESIAN_POINT('',(124.30324882405,45.189549197333,
    153.435966428));
#4319 = CARTESIAN_POINT('',(124.29304882405,46.062227442413,
    154.64478704355));
#4320 = CARTESIAN_POINT('',(124.28284882405,46.934905687493,
    155.85360765909));
#4321 = CARTESIAN_POINT('',(124.27264882405,47.807583932573,
    157.06242827463));
#4322 = CARTESIAN_POINT('',(124.26244882405,48.680262177653,
    158.27124889018));
#4323 = CARTESIAN_POINT('',(124.08520735338,63.844455862465,
    179.27645905516));
#4324 = CARTESIAN_POINT('',(123.9181658827,78.135971302198,
    199.07284860459));
#4325 = CARTESIAN_POINT('',(123.75112441202,92.427486741931,
    218.86923815402));
#4326 = CARTESIAN_POINT('',(123.58408294135,106.71900218166,
    238.66562770346));
#4327 = CARTESIAN_POINT('',(123.41704147067,121.01051762139,
    258.46201725289));
#4328 = CARTESIAN_POINT('',(123.2398,136.1747113062,279.46722741787));
#4329 = CARTESIAN_POINT('',(123.2296,137.04738955128,280.67604803341));
#4330 = CARTESIAN_POINT('',(123.2194,137.92006779636,281.88486864896));
#4331 = CARTESIAN_POINT('',(123.2092,138.79274604144,283.0936892645));
#4332 = CARTESIAN_POINT('',(123.199,139.66542428652,284.30250988004));
#4333 = CARTESIAN_POINT('',(123.1888,140.5381025316,285.51133049559));
#4334 = CARTESIAN_POINT('',(124.31082568737,50.801080568507,
    147.54600838655));
#4335 = CARTESIAN_POINT('',(124.30062568737,51.673758813587,
    148.75482900209));
#4336 = CARTESIAN_POINT('',(124.29042568737,52.546437058667,
    149.96364961764));
#4337 = CARTESIAN_POINT('',(124.28022568737,53.419115303747,
    151.17247023318));
#4338 = CARTESIAN_POINT('',(124.27002568737,54.291793548827,
    152.38129084872));
#4339 = CARTESIAN_POINT('',(124.25982568737,55.164471793906,
    153.59011146427));
#4340 = CARTESIAN_POINT('',(124.0825842167,70.328665478719,
    174.59532162925));
#4341 = CARTESIAN_POINT('',(123.91554274602,84.620180918452,
    194.39171117868));
#4342 = CARTESIAN_POINT('',(123.74850127534,98.911696358184,
    214.18810072811));
#4343 = CARTESIAN_POINT('',(123.58145980467,113.20321179791,
    233.98449027755));
#4344 = CARTESIAN_POINT('',(123.41441833399,127.49472723765,
    253.78087982698));
#4345 = CARTESIAN_POINT('',(123.23717686331,142.65892092246,
    274.78608999196));
#4346 = CARTESIAN_POINT('',(123.22697686331,143.53159916754,
    275.9949106075));
#4347 = CARTESIAN_POINT('',(123.21677686331,144.40427741262,
    277.20373122304));
#4348 = CARTESIAN_POINT('',(123.20657686331,145.2769556577,
    278.41255183859));
#4349 = CARTESIAN_POINT('',(123.19637686331,146.14963390278,
    279.62137245413));
#4350 = CARTESIAN_POINT('',(123.18617686331,147.02231214786,
    280.83019306968));
#4351 = CARTESIAN_POINT('',(116.31363646992,50.76905561909,
    147.5016479143));
#4352 = CARTESIAN_POINT('',(116.30343646992,51.64173386417,
    148.71046852985));
#4353 = CARTESIAN_POINT('',(116.29323646992,52.51441210925,
    149.91928914539));
#4354 = CARTESIAN_POINT('',(116.28303646992,53.38709035433,
    151.12810976094));
#4355 = CARTESIAN_POINT('',(116.27283646992,54.259768599409,
    152.33693037648));
#4356 = CARTESIAN_POINT('',(116.26263646992,55.132446844489,
    153.54575099203));
#4357 = CARTESIAN_POINT('',(116.08539499924,70.296640529302,
    174.550961157));
#4358 = CARTESIAN_POINT('',(115.91835352857,84.588155969034,
    194.34735070644));
#4359 = CARTESIAN_POINT('',(115.75131205789,98.879671408767,
    214.14374025587));
#4360 = CARTESIAN_POINT('',(115.58427058721,113.1711868485,
    233.9401298053));
#4361 = CARTESIAN_POINT('',(115.41722911654,127.46270228823,
    253.73651935474));
#4362 = CARTESIAN_POINT('',(115.23998764586,142.62689597304,
    274.74172951971));
#4363 = CARTESIAN_POINT('',(115.22978764586,143.49957421812,
    275.95055013526));
#4364 = CARTESIAN_POINT('',(115.21958764586,144.3722524632,
    277.1593707508));
#4365 = CARTESIAN_POINT('',(115.20938764586,145.24493070828,
    278.36819136635));
#4366 = CARTESIAN_POINT('',(115.19918764586,146.11760895336,
    279.57701198189));
#4367 = CARTESIAN_POINT('',(115.18898764586,146.99028719844,
    280.78583259743));
#4368 = ADVANCED_FACE('',(#4369),#4410,.T.);
#4369 = FACE_BOUND('',#4370,.T.);
#4370 = EDGE_LOOP('',(#4371,#4383,#4392,#4400,#4401,#4402));
#4371 = ORIENTED_EDGE('',*,*,#4372,.T.);
#4372 = EDGE_CURVE('',#4373,#4375,#4377,.T.);
#4373 = VERTEX_POINT('',#4374);
#4374 = CARTESIAN_POINT('',(116.18554208667,75.766579953671,
    133.53173931729));
#4375 = VERTEX_POINT('',#4376);
#4376 = CARTESIAN_POINT('',(114.25,75.766579953671,133.53173931729));
#4377 = B_SPLINE_CURVE_WITH_KNOTS('',4,(#4378,#4379,#4380,#4381,#4382),
  .UNSPECIFIED.,.F.,.F.,(5,5),(0.,1.),.PIECEWISE_BEZIER_KNOTS.);
#4378 = CARTESIAN_POINT('',(116.18554268667,75.766579953671,
    133.53173931729));
#4379 = CARTESIAN_POINT('',(115.701656865,75.766579953671,
    133.53173931729));
#4380 = CARTESIAN_POINT('',(115.21777104333,75.766579953671,
    133.53173931729));
#4381 = CARTESIAN_POINT('',(114.73388522167,75.766579953671,
    133.53173931729));
#4382 = CARTESIAN_POINT('',(114.2499994,75.766579953671,133.53173931729)
  );
#4383 = ORIENTED_EDGE('',*,*,#4384,.T.);
#4384 = EDGE_CURVE('',#4375,#4385,#4387,.T.);
#4385 = VERTEX_POINT('',#4386);
#4386 = CARTESIAN_POINT('',(114.25,61.728387145976,162.68234705167));
#4387 = CIRCLE('',#4388,78.);
#4388 = AXIS2_PLACEMENT_3D('',#4389,#4390,#4391);
#4389 = CARTESIAN_POINT('',(114.25,0.,115.));
#4390 = DIRECTION('',(1.,0.,-2.22044604925E-16));
#4391 = DIRECTION('',(-2.22044604925E-16,0.,-1.));
#4392 = ORIENTED_EDGE('',*,*,#4393,.T.);
#4393 = EDGE_CURVE('',#4385,#4257,#4394,.T.);
#4394 = B_SPLINE_CURVE_WITH_KNOTS('',4,(#4395,#4396,#4397,#4398,#4399),
  .UNSPECIFIED.,.F.,.F.,(5,5),(0.,1.),.PIECEWISE_BEZIER_KNOTS.);
#4395 = CARTESIAN_POINT('',(114.2499994,61.728387145976,162.68234705167)
  );
#4396 = CARTESIAN_POINT('',(114.73388522167,61.728387145976,
    162.68234705167));
#4397 = CARTESIAN_POINT('',(115.21777104333,61.728387145976,
    162.68234705167));
#4398 = CARTESIAN_POINT('',(115.701656865,61.728387145976,
    162.68234705167));
#4399 = CARTESIAN_POINT('',(116.18554268667,61.728387145976,
    162.68234705167));
#4400 = ORIENTED_EDGE('',*,*,#4256,.T.);
#4401 = ORIENTED_EDGE('',*,*,#1113,.F.);
#4402 = ORIENTED_EDGE('',*,*,#4403,.T.);
#4403 = EDGE_CURVE('',#1037,#4373,#4404,.T.);
#4404 = B_SPLINE_CURVE_WITH_KNOTS('',4,(#4405,#4406,#4407,#4408,#4409),
  .UNSPECIFIED.,.F.,.F.,(5,5),(0.,1.),.PIECEWISE_BEZIER_KNOTS.);
#4405 = CARTESIAN_POINT('',(116.2500006,75.766644295175,133.53147625658)
  );
#4406 = CARTESIAN_POINT('',(116.23386005506,75.766612072143,
    133.53160800167));
#4407 = CARTESIAN_POINT('',(116.2177366414,75.766590642232,
    133.53169561735));
#4408 = CARTESIAN_POINT('',(116.20163057992,75.766579953671,
    133.53173931729));
#4409 = CARTESIAN_POINT('',(116.18554208667,75.766579953671,
    133.53173931729));
#4410 = CYLINDRICAL_SURFACE('',#4411,78.);
#4411 = AXIS2_PLACEMENT_3D('',#4412,#4413,#4414);
#4412 = CARTESIAN_POINT('',(106.25,0.,115.));
#4413 = DIRECTION('',(1.,0.,-2.22044604925E-16));
#4414 = DIRECTION('',(-2.22044604925E-16,0.,-1.));
#4415 = ADVANCED_FACE('',(#4416),#4493,.T.);
#4416 = FACE_BOUND('',#4417,.T.);
#4417 = EDGE_LOOP('',(#4418,#4440,#4441,#4442,#4464));
#4418 = ORIENTED_EDGE('',*,*,#4419,.F.);
#4419 = EDGE_CURVE('',#4373,#4420,#4422,.T.);
#4420 = VERTEX_POINT('',#4421);
#4421 = CARTESIAN_POINT('',(115.25243646992,212.,127.));
#4422 = B_SPLINE_CURVE_WITH_KNOTS('',6,(#4423,#4424,#4425,#4426,#4427,
    #4428,#4429,#4430,#4431,#4432,#4433,#4434,#4435,#4436,#4437,#4438,
    #4439),.UNSPECIFIED.,.F.,.F.,(7,5,5,7),(-8.890959613726,
    5.471370022836E-02,146.55455944062,155.50023275457),.UNSPECIFIED.);
#4423 = CARTESIAN_POINT('',(116.31363646992,57.0648,134.4284));
#4424 = CARTESIAN_POINT('',(116.30343646992,58.554,134.357));
#4425 = CARTESIAN_POINT('',(116.29323646992,60.0432,134.2856));
#4426 = CARTESIAN_POINT('',(116.28303646992,61.5324,134.2142));
#4427 = CARTESIAN_POINT('',(116.27283646992,63.0216,134.1428));
#4428 = CARTESIAN_POINT('',(116.26263646992,64.5108,134.0714));
#4429 = CARTESIAN_POINT('',(116.08539499924,90.388054718728,
    132.83070970526));
#4430 = CARTESIAN_POINT('',(115.91835352857,114.77610943745,
    131.66141941053));
#4431 = CARTESIAN_POINT('',(115.75131205789,139.16416415618,
    130.49212911579));
#4432 = CARTESIAN_POINT('',(115.58427058721,163.55221887491,
    129.32283882106));
#4433 = CARTESIAN_POINT('',(115.41722911654,187.94027359364,
    128.15354852633));
#4434 = CARTESIAN_POINT('',(115.23998764586,213.81752831236,
    126.91285823159));
#4435 = CARTESIAN_POINT('',(115.22978764586,215.30672831236,
    126.84145823159));
#4436 = CARTESIAN_POINT('',(115.21958764586,216.79592831236,
    126.77005823159));
#4437 = CARTESIAN_POINT('',(115.20938764586,218.28512831236,
    126.69865823159));
#4438 = CARTESIAN_POINT('',(115.19918764586,219.77432831236,
    126.62725823159));
#4439 = CARTESIAN_POINT('',(115.18898764586,221.26352831236,
    126.55585823159));
#4440 = ORIENTED_EDGE('',*,*,#4403,.F.);
#4441 = ORIENTED_EDGE('',*,*,#1036,.T.);
#4442 = ORIENTED_EDGE('',*,*,#4443,.T.);
#4443 = EDGE_CURVE('',#998,#4444,#4446,.T.);
#4444 = VERTEX_POINT('',#4445);
#4445 = CARTESIAN_POINT('',(123.25,212.,118.99343738016));
#4446 = B_SPLINE_CURVE_WITH_KNOTS('',6,(#4447,#4448,#4449,#4450,#4451,
    #4452,#4453,#4454,#4455,#4456,#4457,#4458,#4459,#4460,#4461,#4462,
    #4463),.UNSPECIFIED.,.F.,.F.,(7,5,5,7),(-8.890959613726,
    5.471370022836E-02,146.55455944062,155.50023275457),.UNSPECIFIED.);
#4447 = CARTESIAN_POINT('',(124.31344882405,56.736471687631,
    126.43757914856));
#4448 = CARTESIAN_POINT('',(124.30324882405,58.225671687631,
    126.36617914856));
#4449 = CARTESIAN_POINT('',(124.29304882405,59.714871687631,
    126.29477914856));
#4450 = CARTESIAN_POINT('',(124.28284882405,61.204071687631,
    126.22337914856));
#4451 = CARTESIAN_POINT('',(124.27264882405,62.693271687631,
    126.15197914856));
#4452 = CARTESIAN_POINT('',(124.26244882405,64.182471687631,
    126.08057914856));
#4453 = CARTESIAN_POINT('',(124.08520735338,90.059726406359,
    124.83988885383));
#4454 = CARTESIAN_POINT('',(123.9181658827,114.44778112508,
    123.67059855909));
#4455 = CARTESIAN_POINT('',(123.75112441202,138.83583584381,
    122.50130826436));
#4456 = CARTESIAN_POINT('',(123.58408294135,163.22389056254,
    121.33201796963));
#4457 = CARTESIAN_POINT('',(123.41704147067,187.61194528127,
    120.16272767489));
#4458 = CARTESIAN_POINT('',(123.2398,213.4892,118.92203738016));
#4459 = CARTESIAN_POINT('',(123.2296,214.9784,118.85063738016));
#4460 = CARTESIAN_POINT('',(123.2194,216.4676,118.77923738016));
#4461 = CARTESIAN_POINT('',(123.2092,217.9568,118.70783738016));
#4462 = CARTESIAN_POINT('',(123.199,219.446,118.63643738016));
#4463 = CARTESIAN_POINT('',(123.1888,220.9352,118.56503738016));
#4464 = ORIENTED_EDGE('',*,*,#4465,.F.);
#4465 = EDGE_CURVE('',#4420,#4444,#4466,.T.);
#4466 = B_SPLINE_CURVE_WITH_KNOTS('',7,(#4467,#4468,#4469,#4470,#4471,
    #4472,#4473,#4474,#4475,#4476,#4477,#4478,#4479,#4480,#4481,#4482,
    #4483,#4484,#4485,#4486,#4487,#4488,#4489,#4490,#4491,#4492),
  .UNSPECIFIED.,.F.,.F.,(8,6,6,6,8),(0.,0.246925498661,0.497996622871,
    0.749070781752,1.),.UNSPECIFIED.);
#4467 = CARTESIAN_POINT('',(115.25243646992,212.,127.));
#4468 = CARTESIAN_POINT('',(115.6517537518,212.,127.));
#4469 = CARTESIAN_POINT('',(116.06063670095,212.,126.97671992891));
#4470 = CARTESIAN_POINT('',(116.47705974607,212.,126.92815442893));
#4471 = CARTESIAN_POINT('',(116.89850506259,212.,126.85249518306));
#4472 = CARTESIAN_POINT('',(117.32195720698,212.,126.74833137243));
#4473 = CARTESIAN_POINT('',(117.74401015744,212.,126.61482017625));
#4474 = CARTESIAN_POINT('',(118.58516565279,212.,126.2860979694));
#4475 = CARTESIAN_POINT('',(119.00410108161,212.,126.0898873223));
#4476 = CARTESIAN_POINT('',(119.4141310401,212.,125.86305063537));
#4477 = CARTESIAN_POINT('',(119.81131294645,212.,125.60618209714));
#4478 = CARTESIAN_POINT('',(120.19175186804,212.,125.32073662877));
#4479 = CARTESIAN_POINT('',(120.551938471,212.,125.00898915067));
#4480 = CARTESIAN_POINT('',(121.22598116321,212.,124.33864586686));
#4481 = CARTESIAN_POINT('',(121.5398380168,212.,123.98004817557));
#4482 = CARTESIAN_POINT('',(121.82761354318,212.,123.600906723));
#4483 = CARTESIAN_POINT('',(122.08698746534,212.,123.20470653923));
#4484 = CARTESIAN_POINT('',(122.31645289301,212.,122.79533277552));
#4485 = CARTESIAN_POINT('',(122.51536398735,212.,122.37673254746));
#4486 = CARTESIAN_POINT('',(122.85217501519,212.,121.52887873094));
#4487 = CARTESIAN_POINT('',(122.99011075315,212.,121.09963009718));
#4488 = CARTESIAN_POINT('',(123.0977231605,212.,120.66870638542));
#4489 = CARTESIAN_POINT('',(123.17585567215,212.,120.23970575615));
#4490 = CARTESIAN_POINT('',(123.22598727739,212.,119.81581255004));
#4491 = CARTESIAN_POINT('',(123.25,212.,119.39968047366));
#4492 = CARTESIAN_POINT('',(123.25,212.,118.99343738016));
#4493 = ( BOUNDED_SURFACE() B_SPLINE_SURFACE(2,6,(
    (#4494,#4495,#4496,#4497,#4498,#4499,#4500,#4501,#4502,#4503,#4504
      ,#4505,#4506,#4507,#4508,#4509,#4510)
    ,(#4511,#4512,#4513,#4514,#4515,#4516,#4517,#4518,#4519,#4520,#4521
      ,#4522,#4523,#4524,#4525,#4526,#4527)
    ,(#4528,#4529,#4530,#4531,#4532,#4533,#4534,#4535,#4536,#4537,#4538
      ,#4539,#4540,#4541,#4542,#4543,#4544
)),.UNSPECIFIED.,.F.,.F.,.F.) B_SPLINE_SURFACE_WITH_KNOTS((3,3),(7,5,5,7
    ),(0.,146.49984574039),(-8.890959613726,5.471370022836E-02,
    146.55455944062,155.50023275457),.UNSPECIFIED.) 
GEOMETRIC_REPRESENTATION_ITEM() RATIONAL_B_SPLINE_SURFACE((
    (1.,1.,1.,1.,1.,1.,1.,1.,1.,1.,1.,1.,1.,1.,1.,1.,1.)
    ,(0.707222739782,0.707222739782,0.707222739782,0.707222739782
      ,0.707222739782,0.707222739782,0.707222739782,0.707222739782
      ,0.707222739782,0.707222739782,0.707222739782,0.707222739782
      ,0.707222739782,0.707222739782,0.707222739782,0.707222739782
      ,0.707222739782)
    ,(1.,1.,1.,1.,1.,1.,1.,1.,1.,1.,1.,1.,1.,1.,1.,1.,1.
))) REPRESENTATION_ITEM('') SURFACE() );
#4494 = CARTESIAN_POINT('',(116.31363646992,57.0648,134.4284));
#4495 = CARTESIAN_POINT('',(116.30343646992,58.554,134.357));
#4496 = CARTESIAN_POINT('',(116.29323646992,60.0432,134.2856));
#4497 = CARTESIAN_POINT('',(116.28303646992,61.5324,134.2142));
#4498 = CARTESIAN_POINT('',(116.27283646992,63.0216,134.1428));
#4499 = CARTESIAN_POINT('',(116.26263646992,64.5108,134.0714));
#4500 = CARTESIAN_POINT('',(116.08539499924,90.388054718728,
    132.83070970526));
#4501 = CARTESIAN_POINT('',(115.91835352857,114.77610943745,
    131.66141941053));
#4502 = CARTESIAN_POINT('',(115.75131205789,139.16416415618,
    130.49212911579));
#4503 = CARTESIAN_POINT('',(115.58427058721,163.55221887491,
    129.32283882106));
#4504 = CARTESIAN_POINT('',(115.41722911654,187.94027359364,
    128.15354852633));
#4505 = CARTESIAN_POINT('',(115.23998764586,213.81752831236,
    126.91285823159));
#4506 = CARTESIAN_POINT('',(115.22978764586,215.30672831236,
    126.84145823159));
#4507 = CARTESIAN_POINT('',(115.21958764586,216.79592831236,
    126.77005823159));
#4508 = CARTESIAN_POINT('',(115.20938764586,218.28512831236,
    126.69865823159));
#4509 = CARTESIAN_POINT('',(115.19918764586,219.77432831236,
    126.62725823159));
#4510 = CARTESIAN_POINT('',(115.18898764586,221.26352831236,
    126.55585823159));
#4511 = CARTESIAN_POINT('',(124.31082568737,57.119449643143,
    134.42577981163));
#4512 = CARTESIAN_POINT('',(124.30062568737,58.608649643143,
    134.35437981163));
#4513 = CARTESIAN_POINT('',(124.29042568737,60.097849643143,
    134.28297981163));
#4514 = CARTESIAN_POINT('',(124.28022568737,61.587049643143,
    134.21157981163));
#4515 = CARTESIAN_POINT('',(124.27002568737,63.076249643143,
    134.14017981163));
#4516 = CARTESIAN_POINT('',(124.25982568737,64.565449643143,
    134.06877981163));
#4517 = CARTESIAN_POINT('',(124.0825842167,90.442704361871,
    132.82808951689));
#4518 = CARTESIAN_POINT('',(123.91554274602,114.83075908059,
    131.65879922216));
#4519 = CARTESIAN_POINT('',(123.74850127534,139.21881379932,
    130.48950892742));
#4520 = CARTESIAN_POINT('',(123.58145980467,163.60686851805,
    129.32021863269));
#4521 = CARTESIAN_POINT('',(123.41441833399,187.99492323678,
    128.15092833796));
#4522 = CARTESIAN_POINT('',(123.23717686331,213.87217795551,
    126.91023804322));
#4523 = CARTESIAN_POINT('',(123.22697686331,215.36137795551,
    126.83883804322));
#4524 = CARTESIAN_POINT('',(123.21677686331,216.85057795551,
    126.76743804322));
#4525 = CARTESIAN_POINT('',(123.20657686331,218.33977795551,
    126.69603804322));
#4526 = CARTESIAN_POINT('',(123.19637686331,219.82897795551,
    126.62463804322));
#4527 = CARTESIAN_POINT('',(123.18617686331,221.31817795551,
    126.55323804322));
#4528 = CARTESIAN_POINT('',(124.31344882405,56.736471687631,
    126.43757914856));
#4529 = CARTESIAN_POINT('',(124.30324882405,58.225671687631,
    126.36617914856));
#4530 = CARTESIAN_POINT('',(124.29304882405,59.714871687631,
    126.29477914856));
#4531 = CARTESIAN_POINT('',(124.28284882405,61.204071687631,
    126.22337914856));
#4532 = CARTESIAN_POINT('',(124.27264882405,62.693271687631,
    126.15197914856));
#4533 = CARTESIAN_POINT('',(124.26244882405,64.182471687631,
    126.08057914856));
#4534 = CARTESIAN_POINT('',(124.08520735338,90.059726406359,
    124.83988885383));
#4535 = CARTESIAN_POINT('',(123.9181658827,114.44778112508,
    123.67059855909));
#4536 = CARTESIAN_POINT('',(123.75112441202,138.83583584381,
    122.50130826436));
#4537 = CARTESIAN_POINT('',(123.58408294135,163.22389056254,
    121.33201796963));
#4538 = CARTESIAN_POINT('',(123.41704147067,187.61194528127,
    120.16272767489));
#4539 = CARTESIAN_POINT('',(123.2398,213.4892,118.92203738016));
#4540 = CARTESIAN_POINT('',(123.2296,214.9784,118.85063738016));
#4541 = CARTESIAN_POINT('',(123.2194,216.4676,118.77923738016));
#4542 = CARTESIAN_POINT('',(123.2092,217.9568,118.70783738016));
#4543 = CARTESIAN_POINT('',(123.199,219.446,118.63643738016));
#4544 = CARTESIAN_POINT('',(123.1888,220.9352,118.56503738016));
#4545 = ADVANCED_FACE('',(#4546),#4578,.T.);
#4546 = FACE_BOUND('',#4547,.T.);
#4547 = EDGE_LOOP('',(#4548,#4549,#4550,#4572));
#4548 = ORIENTED_EDGE('',*,*,#4443,.F.);
#4549 = ORIENTED_EDGE('',*,*,#997,.T.);
#4550 = ORIENTED_EDGE('',*,*,#4551,.T.);
#4551 = EDGE_CURVE('',#914,#4552,#4554,.T.);
#4552 = VERTEX_POINT('',#4553);
#4553 = CARTESIAN_POINT('',(123.25,212.,111.00656261983));
#4554 = B_SPLINE_CURVE_WITH_KNOTS('',6,(#4555,#4556,#4557,#4558,#4559,
    #4560,#4561,#4562,#4563,#4564,#4565,#4566,#4567,#4568,#4569,#4570,
    #4571),.UNSPECIFIED.,.F.,.F.,(7,5,5,7),(-8.890959613726,
    5.471370022837E-02,146.55455944062,155.50023275457),.UNSPECIFIED.);
#4555 = CARTESIAN_POINT('',(124.31344882405,56.736471687631,
    103.56242085143));
#4556 = CARTESIAN_POINT('',(124.30324882405,58.225671687631,
    103.63382085143));
#4557 = CARTESIAN_POINT('',(124.29304882405,59.714871687631,
    103.70522085143));
#4558 = CARTESIAN_POINT('',(124.28284882405,61.204071687631,
    103.77662085143));
#4559 = CARTESIAN_POINT('',(124.27264882405,62.693271687631,
    103.84802085143));
#4560 = CARTESIAN_POINT('',(124.26244882405,64.182471687631,
    103.91942085143));
#4561 = CARTESIAN_POINT('',(124.08520735338,90.059726406359,
    105.16011114616));
#4562 = CARTESIAN_POINT('',(123.9181658827,114.44778112508,
    106.3294014409));
#4563 = CARTESIAN_POINT('',(123.75112441202,138.83583584381,
    107.49869173563));
#4564 = CARTESIAN_POINT('',(123.58408294135,163.22389056254,
    108.66798203036));
#4565 = CARTESIAN_POINT('',(123.41704147067,187.61194528127,
    109.8372723251));
#4566 = CARTESIAN_POINT('',(123.2398,213.4892,111.07796261983));
#4567 = CARTESIAN_POINT('',(123.2296,214.9784,111.14936261983));
#4568 = CARTESIAN_POINT('',(123.2194,216.4676,111.22076261983));
#4569 = CARTESIAN_POINT('',(123.2092,217.9568,111.29216261983));
#4570 = CARTESIAN_POINT('',(123.199,219.446,111.36356261983));
#4571 = CARTESIAN_POINT('',(123.1888,220.9352,111.43496261983));
#4572 = ORIENTED_EDGE('',*,*,#4573,.F.);
#4573 = EDGE_CURVE('',#4444,#4552,#4574,.T.);
#4574 = LINE('',#4575,#4576);
#4575 = CARTESIAN_POINT('',(123.25,212.,127.));
#4576 = VECTOR('',#4577,1.);
#4577 = DIRECTION('',(-2.22044604925E-16,0.,-1.));
#4578 = B_SPLINE_SURFACE_WITH_KNOTS('',1,1,(
    (#4579,#4580)
    ,(#4581,#4582
    )),.UNSPECIFIED.,.F.,.F.,.F.,(2,2),(2,2),(0.,38.),(0.,1.),
  .PIECEWISE_BEZIER_KNOTS.);
#4579 = CARTESIAN_POINT('',(124.25,66.,134.));
#4580 = CARTESIAN_POINT('',(123.25,212.,127.));
#4581 = CARTESIAN_POINT('',(124.25,66.,96.));
#4582 = CARTESIAN_POINT('',(123.25,212.,103.));
#4583 = ADVANCED_FACE('',(#4584),#4649,.T.);
#4584 = FACE_BOUND('',#4585,.T.);
#4585 = EDGE_LOOP('',(#4586,#4587,#4588,#4598,#4620));
#4586 = ORIENTED_EDGE('',*,*,#4551,.F.);
#4587 = ORIENTED_EDGE('',*,*,#913,.T.);
#4588 = ORIENTED_EDGE('',*,*,#4589,.F.);
#4589 = EDGE_CURVE('',#4590,#905,#4592,.T.);
#4590 = VERTEX_POINT('',#4591);
#4591 = CARTESIAN_POINT('',(116.18554208667,75.766579953671,
    96.46826068271));
#4592 = B_SPLINE_CURVE_WITH_KNOTS('',4,(#4593,#4594,#4595,#4596,#4597),
  .UNSPECIFIED.,.F.,.F.,(5,5),(0.,1.),.PIECEWISE_BEZIER_KNOTS.);
#4593 = CARTESIAN_POINT('',(116.18554208667,75.766579953671,
    96.46826068271));
#4594 = CARTESIAN_POINT('',(116.20163057992,75.766579953671,
    96.46826068271));
#4595 = CARTESIAN_POINT('',(116.2177366414,75.766590642232,
    96.468304382643));
#4596 = CARTESIAN_POINT('',(116.23386005506,75.766612072143,
    96.468391998326));
#4597 = CARTESIAN_POINT('',(116.2500006,75.766644295175,96.468523743415)
  );
#4598 = ORIENTED_EDGE('',*,*,#4599,.T.);
#4599 = EDGE_CURVE('',#4590,#4600,#4602,.T.);
#4600 = VERTEX_POINT('',#4601);
#4601 = CARTESIAN_POINT('',(115.25243646992,212.,103.));
#4602 = B_SPLINE_CURVE_WITH_KNOTS('',6,(#4603,#4604,#4605,#4606,#4607,
    #4608,#4609,#4610,#4611,#4612,#4613,#4614,#4615,#4616,#4617,#4618,
    #4619),.UNSPECIFIED.,.F.,.F.,(7,5,5,7),(-8.890959613726,
    5.471370022837E-02,146.55455944062,155.50023275457),.UNSPECIFIED.);
#4603 = CARTESIAN_POINT('',(116.31363646992,57.0648,95.5716));
#4604 = CARTESIAN_POINT('',(116.30343646992,58.554,95.643));
#4605 = CARTESIAN_POINT('',(116.29323646992,60.0432,95.7144));
#4606 = CARTESIAN_POINT('',(116.28303646992,61.5324,95.7858));
#4607 = CARTESIAN_POINT('',(116.27283646992,63.0216,95.8572));
#4608 = CARTESIAN_POINT('',(116.26263646992,64.5108,95.9286));
#4609 = CARTESIAN_POINT('',(116.08539499924,90.388054718728,
    97.169290294734));
#4610 = CARTESIAN_POINT('',(115.91835352857,114.77610943745,
    98.338580589467));
#4611 = CARTESIAN_POINT('',(115.75131205789,139.16416415618,
    99.507870884201));
#4612 = CARTESIAN_POINT('',(115.58427058721,163.55221887491,
    100.67716117893));
#4613 = CARTESIAN_POINT('',(115.41722911654,187.94027359364,
    101.84645147366));
#4614 = CARTESIAN_POINT('',(115.23998764586,213.81752831236,
    103.0871417684));
#4615 = CARTESIAN_POINT('',(115.22978764586,215.30672831236,
    103.1585417684));
#4616 = CARTESIAN_POINT('',(115.21958764586,216.79592831236,
    103.2299417684));
#4617 = CARTESIAN_POINT('',(115.20938764586,218.28512831236,
    103.3013417684));
#4618 = CARTESIAN_POINT('',(115.19918764586,219.77432831236,
    103.3727417684));
#4619 = CARTESIAN_POINT('',(115.18898764586,221.26352831236,
    103.4441417684));
#4620 = ORIENTED_EDGE('',*,*,#4621,.F.);
#4621 = EDGE_CURVE('',#4552,#4600,#4622,.T.);
#4622 = B_SPLINE_CURVE_WITH_KNOTS('',7,(#4623,#4624,#4625,#4626,#4627,
    #4628,#4629,#4630,#4631,#4632,#4633,#4634,#4635,#4636,#4637,#4638,
    #4639,#4640,#4641,#4642,#4643,#4644,#4645,#4646,#4647,#4648),
  .UNSPECIFIED.,.F.,.F.,(8,6,6,6,8),(0.,0.250659804322,0.502734273979,
    0.752805087424,1.),.UNSPECIFIED.);
#4623 = CARTESIAN_POINT('',(123.25,212.,111.00656261983));
#4624 = CARTESIAN_POINT('',(123.25,212.,110.60075569549));
#4625 = CARTESIAN_POINT('',(123.22603801318,212.,110.18508099704));
#4626 = CARTESIAN_POINT('',(123.1760190725,212.,109.76165963532));
#4627 = CARTESIAN_POINT('',(123.09805650509,212.,109.33313595054));
#4628 = CARTESIAN_POINT('',(122.99068891616,212.,108.90268325409));
#4629 = CARTESIAN_POINT('',(122.8530630756,212.,108.4738865273));
#4630 = CARTESIAN_POINT('',(122.51615429686,212.,107.62472814436));
#4631 = CARTESIAN_POINT('',(122.31652629089,212.,107.20442636506));
#4632 = CARTESIAN_POINT('',(122.0860969195,212.,106.79341872203));
#4633 = CARTESIAN_POINT('',(121.82551914623,212.,106.39570040383));
#4634 = CARTESIAN_POINT('',(121.53632128134,212.,106.01520368568));
#4635 = CARTESIAN_POINT('',(121.22085794994,212.,105.65545252448));
#4636 = CARTESIAN_POINT('',(120.54600670625,212.,104.98592821497));
#4637 = CARTESIAN_POINT('',(120.18698655383,212.,104.67577922819));
#4638 = CARTESIAN_POINT('',(119.80791258211,212.,104.39174624814));
#4639 = CARTESIAN_POINT('',(119.41225504536,212.,104.1360707158));
#4640 = CARTESIAN_POINT('',(119.00386196871,212.,103.91018699238));
#4641 = CARTESIAN_POINT('',(118.58662832363,212.,103.71468281177));
#4642 = CARTESIAN_POINT('',(117.74677309702,212.,103.38605437227));
#4643 = CARTESIAN_POINT('',(117.32426733486,212.,103.25223723161));
#4644 = CARTESIAN_POINT('',(116.90034442417,212.,103.14783521083));
#4645 = CARTESIAN_POINT('',(116.47842282838,212.,103.07200462244));
#4646 = CARTESIAN_POINT('',(116.06152896152,212.,103.0233309027));
#4647 = CARTESIAN_POINT('',(115.65218943891,212.,103.));
#4648 = CARTESIAN_POINT('',(115.25243646992,212.,103.));
#4649 = ( BOUNDED_SURFACE() B_SPLINE_SURFACE(2,6,(
    (#4650,#4651,#4652,#4653,#4654,#4655,#4656,#4657,#4658,#4659,#4660
      ,#4661,#4662,#4663,#4664,#4665,#4666)
    ,(#4667,#4668,#4669,#4670,#4671,#4672,#4673,#4674,#4675,#4676,#4677
      ,#4678,#4679,#4680,#4681,#4682,#4683)
    ,(#4684,#4685,#4686,#4687,#4688,#4689,#4690,#4691,#4692,#4693,#4694
      ,#4695,#4696,#4697,#4698,#4699,#4700
)),.UNSPECIFIED.,.F.,.F.,.F.) B_SPLINE_SURFACE_WITH_KNOTS((3,3),(7,5,5,7
    ),(0.,146.49984574039),(-8.890959613726,5.471370022837E-02,
    146.55455944062,155.50023275457),.UNSPECIFIED.) 
GEOMETRIC_REPRESENTATION_ITEM() RATIONAL_B_SPLINE_SURFACE((
    (1.,1.,1.,1.,1.,1.,1.,1.,1.,1.,1.,1.,1.,1.,1.,1.,1.)
    ,(0.707222739782,0.707222739782,0.707222739782,0.707222739782
      ,0.707222739782,0.707222739782,0.707222739782,0.707222739782
      ,0.707222739782,0.707222739782,0.707222739782,0.707222739782
      ,0.707222739782,0.707222739782,0.707222739782,0.707222739782
      ,0.707222739782)
    ,(1.,1.,1.,1.,1.,1.,1.,1.,1.,1.,1.,1.,1.,1.,1.,1.,1.
))) REPRESENTATION_ITEM('') SURFACE() );
#4650 = CARTESIAN_POINT('',(124.31344882405,56.736471687631,
    103.56242085143));
#4651 = CARTESIAN_POINT('',(124.30324882405,58.225671687631,
    103.63382085143));
#4652 = CARTESIAN_POINT('',(124.29304882405,59.714871687631,
    103.70522085143));
#4653 = CARTESIAN_POINT('',(124.28284882405,61.204071687631,
    103.77662085143));
#4654 = CARTESIAN_POINT('',(124.27264882405,62.693271687631,
    103.84802085143));
#4655 = CARTESIAN_POINT('',(124.26244882405,64.182471687631,
    103.91942085143));
#4656 = CARTESIAN_POINT('',(124.08520735338,90.059726406359,
    105.16011114616));
#4657 = CARTESIAN_POINT('',(123.9181658827,114.44778112508,
    106.3294014409));
#4658 = CARTESIAN_POINT('',(123.75112441202,138.83583584381,
    107.49869173563));
#4659 = CARTESIAN_POINT('',(123.58408294135,163.22389056254,
    108.66798203036));
#4660 = CARTESIAN_POINT('',(123.41704147067,187.61194528127,
    109.8372723251));
#4661 = CARTESIAN_POINT('',(123.2398,213.4892,111.07796261983));
#4662 = CARTESIAN_POINT('',(123.2296,214.9784,111.14936261983));
#4663 = CARTESIAN_POINT('',(123.2194,216.4676,111.22076261983));
#4664 = CARTESIAN_POINT('',(123.2092,217.9568,111.29216261983));
#4665 = CARTESIAN_POINT('',(123.199,219.446,111.36356261983));
#4666 = CARTESIAN_POINT('',(123.1888,220.9352,111.43496261983));
#4667 = CARTESIAN_POINT('',(124.31082568737,57.119449643143,
    95.57422018837));
#4668 = CARTESIAN_POINT('',(124.30062568737,58.608649643143,
    95.64562018837));
#4669 = CARTESIAN_POINT('',(124.29042568737,60.097849643143,
    95.71702018837));
#4670 = CARTESIAN_POINT('',(124.28022568737,61.587049643143,
    95.78842018837));
#4671 = CARTESIAN_POINT('',(124.27002568737,63.076249643143,
    95.85982018837));
#4672 = CARTESIAN_POINT('',(124.25982568737,64.565449643143,
    95.93122018837));
#4673 = CARTESIAN_POINT('',(124.0825842167,90.442704361871,
    97.171910483103));
#4674 = CARTESIAN_POINT('',(123.91554274602,114.83075908059,
    98.341200777837));
#4675 = CARTESIAN_POINT('',(123.74850127534,139.21881379932,
    99.51049107257));
#4676 = CARTESIAN_POINT('',(123.58145980467,163.60686851805,
    100.6797813673));
#4677 = CARTESIAN_POINT('',(123.41441833399,187.99492323678,
    101.84907166203));
#4678 = CARTESIAN_POINT('',(123.23717686331,213.87217795551,
    103.08976195677));
#4679 = CARTESIAN_POINT('',(123.22697686331,215.36137795551,
    103.16116195677));
#4680 = CARTESIAN_POINT('',(123.21677686331,216.85057795551,
    103.23256195677));
#4681 = CARTESIAN_POINT('',(123.20657686331,218.33977795551,
    103.30396195677));
#4682 = CARTESIAN_POINT('',(123.19637686331,219.82897795551,
    103.37536195677));
#4683 = CARTESIAN_POINT('',(123.18617686331,221.31817795551,
    103.44676195677));
#4684 = CARTESIAN_POINT('',(116.31363646992,57.0648,95.5716));
#4685 = CARTESIAN_POINT('',(116.30343646992,58.554,95.643));
#4686 = CARTESIAN_POINT('',(116.29323646992,60.0432,95.7144));
#4687 = CARTESIAN_POINT('',(116.28303646992,61.5324,95.7858));
#4688 = CARTESIAN_POINT('',(116.27283646992,63.0216,95.8572));
#4689 = CARTESIAN_POINT('',(116.26263646992,64.5108,95.9286));
#4690 = CARTESIAN_POINT('',(116.08539499924,90.388054718728,
    97.169290294734));
#4691 = CARTESIAN_POINT('',(115.91835352857,114.77610943745,
    98.338580589467));
#4692 = CARTESIAN_POINT('',(115.75131205789,139.16416415618,
    99.507870884201));
#4693 = CARTESIAN_POINT('',(115.58427058721,163.55221887491,
    100.67716117893));
#4694 = CARTESIAN_POINT('',(115.41722911654,187.94027359364,
    101.84645147366));
#4695 = CARTESIAN_POINT('',(115.23998764586,213.81752831236,
    103.0871417684));
#4696 = CARTESIAN_POINT('',(115.22978764586,215.30672831236,
    103.1585417684));
#4697 = CARTESIAN_POINT('',(115.21958764586,216.79592831236,
    103.2299417684));
#4698 = CARTESIAN_POINT('',(115.20938764586,218.28512831236,
    103.3013417684));
#4699 = CARTESIAN_POINT('',(115.19918764586,219.77432831236,
    103.3727417684));
#4700 = CARTESIAN_POINT('',(115.18898764586,221.26352831236,
    103.4441417684));
#4701 = ADVANCED_FACE('',(#4702),#4743,.T.);
#4702 = FACE_BOUND('',#4703,.T.);
#4703 = EDGE_LOOP('',(#4704,#4716,#4725,#4733,#4734,#4735));
#4704 = ORIENTED_EDGE('',*,*,#4705,.T.);
#4705 = EDGE_CURVE('',#4706,#4708,#4710,.T.);
#4706 = VERTEX_POINT('',#4707);
#4707 = CARTESIAN_POINT('',(116.18554208667,61.728387145976,
    67.317652948324));
#4708 = VERTEX_POINT('',#4709);
#4709 = CARTESIAN_POINT('',(114.25,61.728387145976,67.317652948324));
#4710 = B_SPLINE_CURVE_WITH_KNOTS('',4,(#4711,#4712,#4713,#4714,#4715),
  .UNSPECIFIED.,.F.,.F.,(5,5),(0.,1.),.PIECEWISE_BEZIER_KNOTS.);
#4711 = CARTESIAN_POINT('',(116.18554268667,61.728387145976,
    67.317652948324));
#4712 = CARTESIAN_POINT('',(115.701656865,61.728387145976,
    67.317652948324));
#4713 = CARTESIAN_POINT('',(115.21777104333,61.728387145976,
    67.317652948324));
#4714 = CARTESIAN_POINT('',(114.73388522167,61.728387145976,
    67.317652948324));
#4715 = CARTESIAN_POINT('',(114.2499994,61.728387145976,67.317652948324)
  );
#4716 = ORIENTED_EDGE('',*,*,#4717,.T.);
#4717 = EDGE_CURVE('',#4708,#4718,#4720,.T.);
#4718 = VERTEX_POINT('',#4719);
#4719 = CARTESIAN_POINT('',(114.25,75.766579953671,96.46826068271));
#4720 = CIRCLE('',#4721,78.);
#4721 = AXIS2_PLACEMENT_3D('',#4722,#4723,#4724);
#4722 = CARTESIAN_POINT('',(114.25,0.,115.));
#4723 = DIRECTION('',(1.,0.,-2.22044604925E-16));
#4724 = DIRECTION('',(-2.22044604925E-16,0.,-1.));
#4725 = ORIENTED_EDGE('',*,*,#4726,.T.);
#4726 = EDGE_CURVE('',#4718,#4590,#4727,.T.);
#4727 = B_SPLINE_CURVE_WITH_KNOTS('',4,(#4728,#4729,#4730,#4731,#4732),
  .UNSPECIFIED.,.F.,.F.,(5,5),(0.,1.),.PIECEWISE_BEZIER_KNOTS.);
#4728 = CARTESIAN_POINT('',(114.2499994,75.766579953671,96.46826068271)
  );
#4729 = CARTESIAN_POINT('',(114.73388522167,75.766579953671,
    96.46826068271));
#4730 = CARTESIAN_POINT('',(115.21777104333,75.766579953671,
    96.46826068271));
#4731 = CARTESIAN_POINT('',(115.701656865,75.766579953671,96.46826068271
    ));
#4732 = CARTESIAN_POINT('',(116.18554268667,75.766579953671,
    96.46826068271));
#4733 = ORIENTED_EDGE('',*,*,#4589,.T.);
#4734 = ORIENTED_EDGE('',*,*,#904,.F.);
#4735 = ORIENTED_EDGE('',*,*,#4736,.T.);
#4736 = EDGE_CURVE('',#828,#4706,#4737,.T.);
#4737 = B_SPLINE_CURVE_WITH_KNOTS('',4,(#4738,#4739,#4740,#4741,#4742),
  .UNSPECIFIED.,.F.,.F.,(5,5),(0.,1.),.PIECEWISE_BEZIER_KNOTS.);
#4738 = CARTESIAN_POINT('',(116.2500006,61.728221593107,67.317438628443)
  );
#4739 = CARTESIAN_POINT('',(116.23386005506,61.728304504834,
    67.317545963144));
#4740 = CARTESIAN_POINT('',(116.2177366414,61.728359644202,
    67.317617345207));
#4741 = CARTESIAN_POINT('',(116.20163057992,61.728387145976,
    67.317652948324));
#4742 = CARTESIAN_POINT('',(116.18554208667,61.728387145976,
    67.317652948324));
#4743 = CYLINDRICAL_SURFACE('',#4744,78.);
#4744 = AXIS2_PLACEMENT_3D('',#4745,#4746,#4747);
#4745 = CARTESIAN_POINT('',(106.25,0.,115.));
#4746 = DIRECTION('',(1.,0.,-2.22044604925E-16));
#4747 = DIRECTION('',(-2.22044604925E-16,0.,-1.));
#4748 = ADVANCED_FACE('',(#4749),#4826,.T.);
#4749 = FACE_BOUND('',#4750,.T.);
#4750 = EDGE_LOOP('',(#4751,#4773,#4774,#4775,#4797));
#4751 = ORIENTED_EDGE('',*,*,#4752,.F.);
#4752 = EDGE_CURVE('',#4706,#4753,#4755,.T.);
#4753 = VERTEX_POINT('',#4754);
#4754 = CARTESIAN_POINT('',(115.25243646992,141.56181578366,
    -43.26639666091));
#4755 = B_SPLINE_CURVE_WITH_KNOTS('',6,(#4756,#4757,#4758,#4759,#4760,
    #4761,#4762,#4763,#4764,#4765,#4766,#4767,#4768,#4769,#4770,#4771,
    #4772),.UNSPECIFIED.,.F.,.F.,(7,5,5,7),(-8.890959613727,
    5.471370022795E-02,146.55455944062,155.50023275457),.UNSPECIFIED.);
#4756 = CARTESIAN_POINT('',(116.31363646992,50.76905561909,
    82.498352085691));
#4757 = CARTESIAN_POINT('',(116.30343646992,51.64173386417,
    81.289531470146));
#4758 = CARTESIAN_POINT('',(116.29323646992,52.51441210925,
    80.080710854602));
#4759 = CARTESIAN_POINT('',(116.28303646992,53.38709035433,
    78.871890239058));
#4760 = CARTESIAN_POINT('',(116.27283646992,54.259768599409,
    77.663069623514));
#4761 = CARTESIAN_POINT('',(116.26263646992,55.132446844489,
    76.45424900797));
#4762 = CARTESIAN_POINT('',(116.08539499924,70.296640529302,
    55.449038842992));
#4763 = CARTESIAN_POINT('',(115.91835352857,84.588155969034,
    35.652649293559));
#4764 = CARTESIAN_POINT('',(115.75131205789,98.879671408768,
    15.856259744125));
#4765 = CARTESIAN_POINT('',(115.58427058721,113.1711868485,
    -3.940129805307));
#4766 = CARTESIAN_POINT('',(115.41722911654,127.46270228823,
    -23.73651935474));
#4767 = CARTESIAN_POINT('',(115.23998764586,142.62689597304,
    -44.74172951971));
#4768 = CARTESIAN_POINT('',(115.22978764586,143.49957421812,
    -45.95055013526));
#4769 = CARTESIAN_POINT('',(115.21958764586,144.3722524632,
    -47.1593707508));
#4770 = CARTESIAN_POINT('',(115.20938764586,145.24493070828,
    -48.36819136635));
#4771 = CARTESIAN_POINT('',(115.19918764586,146.11760895336,
    -49.57701198189));
#4772 = CARTESIAN_POINT('',(115.18898764586,146.99028719844,
    -50.78583259743));
#4773 = ORIENTED_EDGE('',*,*,#4736,.F.);
#4774 = ORIENTED_EDGE('',*,*,#827,.T.);
#4775 = ORIENTED_EDGE('',*,*,#4776,.T.);
#4776 = EDGE_CURVE('',#789,#4777,#4779,.T.);
#4777 = VERTEX_POINT('',#4778);
#4778 = CARTESIAN_POINT('',(123.25,135.30203306112,-48.25840680232));
#4779 = B_SPLINE_CURVE_WITH_KNOTS('',6,(#4780,#4781,#4782,#4783,#4784,
    #4785,#4786,#4787,#4788,#4789,#4790,#4791,#4792,#4793,#4794,#4795,
    #4796),.UNSPECIFIED.,.F.,.F.,(7,5,5,7),(-8.890959613727,
    5.471370022795E-02,146.55455944062,155.50023275457),.UNSPECIFIED.);
#4780 = CARTESIAN_POINT('',(124.31344882405,44.316870952253,
    77.772854187537));
#4781 = CARTESIAN_POINT('',(124.30324882405,45.189549197333,
    76.564033571993));
#4782 = CARTESIAN_POINT('',(124.29304882405,46.062227442413,
    75.355212956449));
#4783 = CARTESIAN_POINT('',(124.28284882405,46.934905687493,
    74.146392340905));
#4784 = CARTESIAN_POINT('',(124.27264882405,47.807583932573,
    72.937571725361));
#4785 = CARTESIAN_POINT('',(124.26244882405,48.680262177653,
    71.728751109817));
#4786 = CARTESIAN_POINT('',(124.08520735338,63.844455862465,
    50.723540944839));
#4787 = CARTESIAN_POINT('',(123.9181658827,78.135971302198,
    30.927151395406));
#4788 = CARTESIAN_POINT('',(123.75112441202,92.427486741931,
    11.130761845972));
#4789 = CARTESIAN_POINT('',(123.58408294135,106.71900218166,
    -8.665627703461));
#4790 = CARTESIAN_POINT('',(123.41704147067,121.01051762139,
    -28.46201725289));
#4791 = CARTESIAN_POINT('',(123.2398,136.1747113062,-49.46722741787));
#4792 = CARTESIAN_POINT('',(123.2296,137.04738955128,-50.67604803341));
#4793 = CARTESIAN_POINT('',(123.2194,137.92006779636,-51.88486864896));
#4794 = CARTESIAN_POINT('',(123.2092,138.79274604144,-53.0936892645));
#4795 = CARTESIAN_POINT('',(123.199,139.66542428652,-54.30250988004));
#4796 = CARTESIAN_POINT('',(123.1888,140.5381025316,-55.51133049559));
#4797 = ORIENTED_EDGE('',*,*,#4798,.F.);
#4798 = EDGE_CURVE('',#4753,#4777,#4799,.T.);
#4799 = B_SPLINE_CURVE_WITH_KNOTS('',7,(#4800,#4801,#4802,#4803,#4804,
    #4805,#4806,#4807,#4808,#4809,#4810,#4811,#4812,#4813,#4814,#4815,
    #4816,#4817,#4818,#4819,#4820,#4821,#4822,#4823,#4824,#4825),
  .UNSPECIFIED.,.F.,.F.,(8,6,6,6,8),(0.,0.24692549866,0.497996622869,
    0.749070781751,1.),.UNSPECIFIED.);
#4800 = CARTESIAN_POINT('',(115.25243646992,141.56181578366,
    -43.26639666091));
#4801 = CARTESIAN_POINT('',(115.6517537518,141.56181578366,
    -43.26639666091));
#4802 = CARTESIAN_POINT('',(116.06063670095,141.54361469118,
    -43.28091154782));
#4803 = CARTESIAN_POINT('',(116.47705974607,141.50564465433,
    -43.31119164178));
#4804 = CARTESIAN_POINT('',(116.89850506259,141.44649187396,-43.35836441
    ));
#4805 = CARTESIAN_POINT('',(117.32195720698,141.36505332748,
    -43.42330948365));
#4806 = CARTESIAN_POINT('',(117.74401015744,141.26067007105,
    -43.5065523529));
#4807 = CARTESIAN_POINT('',(118.58516565279,141.00366470075,
    -43.71150729651));
#4808 = CARTESIAN_POINT('',(119.00410108161,140.85026103965,
    -43.833842634));
#4809 = CARTESIAN_POINT('',(119.41413104009,140.67291297642,
    -43.97527299499));
#4810 = CARTESIAN_POINT('',(119.81131294646,140.47208506638,
    -44.13542790899));
#4811 = CARTESIAN_POINT('',(120.19175186804,140.24891481268,
    -44.31340024751));
#4812 = CARTESIAN_POINT('',(120.551938471,140.00518081972,
    -44.50777162086));
#4813 = CARTESIAN_POINT('',(121.22598116321,139.48108533638,
    -44.92572382206));
#4814 = CARTESIAN_POINT('',(121.53983801679,139.2007223718,
    -45.14930582554));
#4815 = CARTESIAN_POINT('',(121.82761354319,138.90429764786,
    -45.38569665469));
#4816 = CARTESIAN_POINT('',(122.08698746533,138.59453587084,
    -45.63272342875));
#4817 = CARTESIAN_POINT('',(122.31645289301,138.27447457426,
    -45.88796379559));
#4818 = CARTESIAN_POINT('',(122.51536398735,137.9471997374,
    -46.14895676884));
#4819 = CARTESIAN_POINT('',(122.85217501519,137.28432093111,
    -46.6775849769));
#4820 = CARTESIAN_POINT('',(122.99011075314,136.94872083544,
    -46.94521712251));
#4821 = CARTESIAN_POINT('',(123.0977231605,136.61181111103,
    -47.21389366218));
#4822 = CARTESIAN_POINT('',(123.17585567215,136.27640491309,
    -47.4813711795));
#4823 = CARTESIAN_POINT('',(123.22598727739,135.94499185933,
    -47.74566427061));
#4824 = CARTESIAN_POINT('',(123.25,135.61964670116,-48.00511837645));
#4825 = CARTESIAN_POINT('',(123.25,135.30203306112,-48.25840680232));
#4826 = ( BOUNDED_SURFACE() B_SPLINE_SURFACE(2,6,(
    (#4827,#4828,#4829,#4830,#4831,#4832,#4833,#4834,#4835,#4836,#4837
      ,#4838,#4839,#4840,#4841,#4842,#4843)
    ,(#4844,#4845,#4846,#4847,#4848,#4849,#4850,#4851,#4852,#4853,#4854
      ,#4855,#4856,#4857,#4858,#4859,#4860)
    ,(#4861,#4862,#4863,#4864,#4865,#4866,#4867,#4868,#4869,#4870,#4871
      ,#4872,#4873,#4874,#4875,#4876,#4877
)),.UNSPECIFIED.,.F.,.F.,.F.) B_SPLINE_SURFACE_WITH_KNOTS((3,3),(7,5,5,7
    ),(0.,146.49984574039),(-8.890959613727,5.471370022795E-02,
    146.55455944062,155.50023275457),.UNSPECIFIED.) 
GEOMETRIC_REPRESENTATION_ITEM() RATIONAL_B_SPLINE_SURFACE((
    (1.,1.,1.,1.,1.,1.,1.,1.,1.,1.,1.,1.,1.,1.,1.,1.,1.)
    ,(0.707222739782,0.707222739782,0.707222739782,0.707222739782
      ,0.707222739782,0.707222739782,0.707222739782,0.707222739782
      ,0.707222739782,0.707222739782,0.707222739782,0.707222739782
      ,0.707222739782,0.707222739782,0.707222739782,0.707222739782
      ,0.707222739782)
    ,(1.,1.,1.,1.,1.,1.,1.,1.,1.,1.,1.,1.,1.,1.,1.,1.,1.
))) REPRESENTATION_ITEM('') SURFACE() );
#4827 = CARTESIAN_POINT('',(116.31363646992,50.76905561909,
    82.498352085691));
#4828 = CARTESIAN_POINT('',(116.30343646992,51.64173386417,
    81.289531470146));
#4829 = CARTESIAN_POINT('',(116.29323646992,52.51441210925,
    80.080710854602));
#4830 = CARTESIAN_POINT('',(116.28303646992,53.38709035433,
    78.871890239058));
#4831 = CARTESIAN_POINT('',(116.27283646992,54.259768599409,
    77.663069623514));
#4832 = CARTESIAN_POINT('',(116.26263646992,55.132446844489,
    76.45424900797));
#4833 = CARTESIAN_POINT('',(116.08539499924,70.296640529302,
    55.449038842992));
#4834 = CARTESIAN_POINT('',(115.91835352857,84.588155969034,
    35.652649293559));
#4835 = CARTESIAN_POINT('',(115.75131205789,98.879671408768,
    15.856259744125));
#4836 = CARTESIAN_POINT('',(115.58427058721,113.1711868485,
    -3.940129805307));
#4837 = CARTESIAN_POINT('',(115.41722911654,127.46270228823,
    -23.73651935474));
#4838 = CARTESIAN_POINT('',(115.23998764586,142.62689597304,
    -44.74172951971));
#4839 = CARTESIAN_POINT('',(115.22978764586,143.49957421812,
    -45.95055013526));
#4840 = CARTESIAN_POINT('',(115.21958764586,144.3722524632,
    -47.1593707508));
#4841 = CARTESIAN_POINT('',(115.20938764586,145.24493070828,
    -48.36819136635));
#4842 = CARTESIAN_POINT('',(115.19918764586,146.11760895336,
    -49.57701198189));
#4843 = CARTESIAN_POINT('',(115.18898764586,146.99028719844,
    -50.78583259743));
#4844 = CARTESIAN_POINT('',(124.31082568737,50.801080568507,
    82.453991613448));
#4845 = CARTESIAN_POINT('',(124.30062568737,51.673758813587,
    81.245170997904));
#4846 = CARTESIAN_POINT('',(124.29042568737,52.546437058667,
    80.03635038236));
#4847 = CARTESIAN_POINT('',(124.28022568737,53.419115303747,
    78.827529766816));
#4848 = CARTESIAN_POINT('',(124.27002568737,54.291793548827,
    77.618709151272));
#4849 = CARTESIAN_POINT('',(124.25982568737,55.164471793906,
    76.409888535728));
#4850 = CARTESIAN_POINT('',(124.0825842167,70.328665478719,
    55.40467837075));
#4851 = CARTESIAN_POINT('',(123.91554274602,84.620180918452,
    35.608288821317));
#4852 = CARTESIAN_POINT('',(123.74850127534,98.911696358185,
    15.811899271883));
#4853 = CARTESIAN_POINT('',(123.58145980467,113.20321179791,
    -3.98449027755));
#4854 = CARTESIAN_POINT('',(123.41441833399,127.49472723765,
    -23.78087982698));
#4855 = CARTESIAN_POINT('',(123.23717686331,142.65892092246,
    -44.78608999196));
#4856 = CARTESIAN_POINT('',(123.22697686331,143.53159916754,
    -45.9949106075));
#4857 = CARTESIAN_POINT('',(123.21677686331,144.40427741262,
    -47.20373122304));
#4858 = CARTESIAN_POINT('',(123.20657686331,145.2769556577,
    -48.41255183859));
#4859 = CARTESIAN_POINT('',(123.19637686331,146.14963390278,
    -49.62137245413));
#4860 = CARTESIAN_POINT('',(123.18617686331,147.02231214786,
    -50.83019306968));
#4861 = CARTESIAN_POINT('',(124.31344882405,44.316870952253,
    77.772854187537));
#4862 = CARTESIAN_POINT('',(124.30324882405,45.189549197333,
    76.564033571993));
#4863 = CARTESIAN_POINT('',(124.29304882405,46.062227442413,
    75.355212956449));
#4864 = CARTESIAN_POINT('',(124.28284882405,46.934905687493,
    74.146392340905));
#4865 = CARTESIAN_POINT('',(124.27264882405,47.807583932573,
    72.937571725361));
#4866 = CARTESIAN_POINT('',(124.26244882405,48.680262177653,
    71.728751109817));
#4867 = CARTESIAN_POINT('',(124.08520735338,63.844455862465,
    50.723540944839));
#4868 = CARTESIAN_POINT('',(123.9181658827,78.135971302198,
    30.927151395406));
#4869 = CARTESIAN_POINT('',(123.75112441202,92.427486741931,
    11.130761845972));
#4870 = CARTESIAN_POINT('',(123.58408294135,106.71900218166,
    -8.665627703461));
#4871 = CARTESIAN_POINT('',(123.41704147067,121.01051762139,
    -28.46201725289));
#4872 = CARTESIAN_POINT('',(123.2398,136.1747113062,-49.46722741787));
#4873 = CARTESIAN_POINT('',(123.2296,137.04738955128,-50.67604803341));
#4874 = CARTESIAN_POINT('',(123.2194,137.92006779636,-51.88486864896));
#4875 = CARTESIAN_POINT('',(123.2092,138.79274604144,-53.0936892645));
#4876 = CARTESIAN_POINT('',(123.199,139.66542428652,-54.30250988004));
#4877 = CARTESIAN_POINT('',(123.1888,140.5381025316,-55.51133049559));
#4878 = ADVANCED_FACE('',(#4879),#4911,.T.);
#4879 = FACE_BOUND('',#4880,.T.);
#4880 = EDGE_LOOP('',(#4881,#4882,#4883,#4905));
#4881 = ORIENTED_EDGE('',*,*,#4776,.F.);
#4882 = ORIENTED_EDGE('',*,*,#788,.T.);
#4883 = ORIENTED_EDGE('',*,*,#4884,.T.);
#4884 = EDGE_CURVE('',#705,#4885,#4887,.T.);
#4885 = VERTEX_POINT('',#4886);
#4886 = CARTESIAN_POINT('',(123.25,129.05764292697,-53.23814176411));
#4887 = B_SPLINE_CURVE_WITH_KNOTS('',6,(#4888,#4889,#4890,#4891,#4892,
    #4893,#4894,#4895,#4896,#4897,#4898,#4899,#4900,#4901,#4902,#4903,
    #4904),.UNSPECIFIED.,.F.,.F.,(7,5,5,7),(-8.890959613726,
    5.471370022866E-02,146.55455944062,155.50023275457),.UNSPECIFIED.);
#4888 = CARTESIAN_POINT('',(124.31344882405,26.432352029116,
    63.510426273371));
#4889 = CARTESIAN_POINT('',(124.30324882405,27.416675809892,
    62.390640001532));
#4890 = CARTESIAN_POINT('',(124.29304882405,28.400999590668,
    61.270853729694));
#4891 = CARTESIAN_POINT('',(124.28284882405,29.385323371444,
    60.151067457855));
#4892 = CARTESIAN_POINT('',(124.27264882405,30.369647152221,
    59.031281186016));
#4893 = CARTESIAN_POINT('',(124.26244882405,31.353970932997,
    57.911494914178));
#4894 = CARTESIAN_POINT('',(124.08520735338,48.45818608264,
    38.453400241263));
#4895 = CARTESIAN_POINT('',(123.9181658827,64.578077451506,
    20.115091840188));
#4896 = CARTESIAN_POINT('',(123.75112441202,80.697968820374,
    1.776783439111));
#4897 = CARTESIAN_POINT('',(123.58408294135,96.81786018924,
    -16.56152496196));
#4898 = CARTESIAN_POINT('',(123.41704147067,112.9377515581,
    -34.89983336304));
#4899 = CARTESIAN_POINT('',(123.2398,130.04196670775,-54.35792803595));
#4900 = CARTESIAN_POINT('',(123.2296,131.02629048852,-55.47771430779));
#4901 = CARTESIAN_POINT('',(123.2194,132.0106142693,-56.59750057963));
#4902 = CARTESIAN_POINT('',(123.2092,132.99493805007,-57.71728685147));
#4903 = CARTESIAN_POINT('',(123.199,133.97926183085,-58.83707312331));
#4904 = CARTESIAN_POINT('',(123.1888,134.96358561163,-59.95685939514));
#4905 = ORIENTED_EDGE('',*,*,#4906,.F.);
#4906 = EDGE_CURVE('',#4777,#4885,#4907,.T.);
#4907 = LINE('',#4908,#4909);
#4908 = CARTESIAN_POINT('',(123.25,141.56181578366,-43.26639666091));
#4909 = VECTOR('',#4910,1.);
#4910 = DIRECTION('',(-1.384425467285E-16,-0.781831482468,
    -0.623489801859));
#4911 = B_SPLINE_SURFACE_WITH_KNOTS('',1,1,(
    (#4912,#4913)
    ,(#4914,#4915
    )),.UNSPECIFIED.,.F.,.F.,.F.,(2,2),(2,2),(0.,38.),(0.,1.),
  .PIECEWISE_BEZIER_KNOTS.);
#4912 = CARTESIAN_POINT('',(124.25,56.005125089569,75.245428392426));
#4913 = CARTESIAN_POINT('',(123.25,141.56181578366,-43.26639666091));
#4914 = CARTESIAN_POINT('',(124.25,26.295528755784,51.552815921794));
#4915 = CARTESIAN_POINT('',(123.25,122.79786020443,-58.23015190552));
#4916 = ADVANCED_FACE('',(#4917),#4982,.T.);
#4917 = FACE_BOUND('',#4918,.T.);
#4918 = EDGE_LOOP('',(#4919,#4920,#4921,#4931,#4953));
#4919 = ORIENTED_EDGE('',*,*,#4884,.F.);
#4920 = ORIENTED_EDGE('',*,*,#704,.T.);
#4921 = ORIENTED_EDGE('',*,*,#4922,.F.);
#4922 = EDGE_CURVE('',#4923,#696,#4925,.T.);
#4923 = VERTEX_POINT('',#4924);
#4924 = CARTESIAN_POINT('',(116.18554208667,32.75099269968,
    44.208951998254));
#4925 = B_SPLINE_CURVE_WITH_KNOTS('',4,(#4926,#4927,#4928,#4929,#4930),
  .UNSPECIFIED.,.F.,.F.,(5,5),(0.,1.),.PIECEWISE_BEZIER_KNOTS.);
#4926 = CARTESIAN_POINT('',(116.18554208667,32.75099269968,
    44.208951998254));
#4927 = CARTESIAN_POINT('',(116.20163057992,32.75099269968,
    44.208951998254));
#4928 = CARTESIAN_POINT('',(116.2177366414,32.751033529873,
    44.208970888063));
#4929 = CARTESIAN_POINT('',(116.23386005506,32.751115391903,
    44.209008760968));
#4930 = CARTESIAN_POINT('',(116.2500006,32.751238485093,44.209065709707)
  );
#4931 = ORIENTED_EDGE('',*,*,#4932,.T.);
#4932 = EDGE_CURVE('',#4923,#4933,#4935,.T.);
#4933 = VERTEX_POINT('',#4934);
#4934 = CARTESIAN_POINT('',(115.25243646992,122.79786020443,
    -58.23015190552));
#4935 = B_SPLINE_CURVE_WITH_KNOTS('',6,(#4936,#4937,#4938,#4939,#4940,
    #4941,#4942,#4943,#4944,#4945,#4946,#4947,#4948,#4949,#4950,#4951,
    #4952),.UNSPECIFIED.,.F.,.F.,(7,5,5,7),(-8.890959613726,
    5.471370022866E-02,146.55455944062,155.50023275457),.UNSPECIFIED.);
#4936 = CARTESIAN_POINT('',(116.31363646992,20.389586071126,
    58.271533552826));
#4937 = CARTESIAN_POINT('',(116.30343646992,21.373909851903,
    57.151747280987));
#4938 = CARTESIAN_POINT('',(116.29323646992,22.358233632679,
    56.031961009149));
#4939 = CARTESIAN_POINT('',(116.28303646992,23.342557413455,
    54.91217473731));
#4940 = CARTESIAN_POINT('',(116.27283646992,24.326881194231,
    53.792388465471));
#4941 = CARTESIAN_POINT('',(116.26263646992,25.311204975008,
    52.672602193633));
#4942 = CARTESIAN_POINT('',(116.08539499924,42.415420124651,
    33.214507520718));
#4943 = CARTESIAN_POINT('',(115.91835352857,58.535311493517,
    14.876199119643));
#4944 = CARTESIAN_POINT('',(115.75131205789,74.655202862385,
    -3.462109281435));
#4945 = CARTESIAN_POINT('',(115.58427058721,90.775094231251,
    -21.8004176825));
#4946 = CARTESIAN_POINT('',(115.41722911654,106.89498560011,
    -40.13872608358));
#4947 = CARTESIAN_POINT('',(115.23998764586,123.99920074976,
    -59.5968207565));
#4948 = CARTESIAN_POINT('',(115.22978764586,124.98352453053,
    -60.71660702833));
#4949 = CARTESIAN_POINT('',(115.21958764586,125.96784831131,
    -61.83639330017));
#4950 = CARTESIAN_POINT('',(115.20938764586,126.95217209209,
    -62.95617957201));
#4951 = CARTESIAN_POINT('',(115.19918764586,127.93649587286,
    -64.07596584385));
#4952 = CARTESIAN_POINT('',(115.18898764586,128.92081965364,
    -65.19575211569));
#4953 = ORIENTED_EDGE('',*,*,#4954,.F.);
#4954 = EDGE_CURVE('',#4885,#4933,#4955,.T.);
#4955 = B_SPLINE_CURVE_WITH_KNOTS('',7,(#4956,#4957,#4958,#4959,#4960,
    #4961,#4962,#4963,#4964,#4965,#4966,#4967,#4968,#4969,#4970,#4971,
    #4972,#4973,#4974,#4975,#4976,#4977,#4978,#4979,#4980,#4981),
  .UNSPECIFIED.,.F.,.F.,(8,6,6,6,8),(0.,0.250659808959,0.502734278618,
    0.752805092061,1.),.UNSPECIFIED.);
#4956 = CARTESIAN_POINT('',(123.25,129.05764292697,-53.23814176411));
#4957 = CARTESIAN_POINT('',(123.25,128.74037029184,-53.49115824764));
#4958 = CARTESIAN_POINT('',(123.22603801229,128.41538271998,
    -53.75032718792));
#4959 = CARTESIAN_POINT('',(123.17601906972,128.08433856269,
    -54.01432609391));
#4960 = CARTESIAN_POINT('',(123.09805649932,127.74930524852,
    -54.28150624634));
#4961 = CARTESIAN_POINT('',(122.99068890623,127.41276377239,
    -54.54988911782));
#4962 = CARTESIAN_POINT('',(122.85306306033,127.07751698573,
    -54.81723950889));
#4963 = CARTESIAN_POINT('',(122.51615427172,126.41361822316,
    -55.34668110495));
#4964 = CARTESIAN_POINT('',(122.31652626235,126.08501306071,
    -55.60873497745));
#4965 = CARTESIAN_POINT('',(122.08609688761,125.76367434689,
    -55.86499405054));
#4966 = CARTESIAN_POINT('',(121.82551911109,125.45272564588,
    -56.1129673649));
#4967 = CARTESIAN_POINT('',(121.53632124313,125.15524133424,
    -56.35020318705));
#4968 = CARTESIAN_POINT('',(121.22085790888,124.87397655239,
    -56.5745043658));
#4969 = CARTESIAN_POINT('',(120.54600666007,124.350521373,
    -56.99194594164));
#4970 = CARTESIAN_POINT('',(120.18698650535,124.10803713311,
    -57.18532067017));
#4971 = CARTESIAN_POINT('',(119.80791253168,123.88597120966,
    -57.3624123347));
#4972 = CARTESIAN_POINT('',(119.41225499328,123.6860760317,
    -57.52182341969));
#4973 = CARTESIAN_POINT('',(119.00386191538,123.50947302797,
    -57.66265961557));
#4974 = CARTESIAN_POINT('',(118.58662826938,123.35662170725,
    -57.78455447629));
#4975 = CARTESIAN_POINT('',(117.74677304947,123.09968965484,
    -57.98945095084));
#4976 = CARTESIAN_POINT('',(117.3242672951,122.9950672055,
    -58.07288457007));
#4977 = CARTESIAN_POINT('',(116.90034439251,122.91344242203,
    -58.13797816276));
#4978 = CARTESIAN_POINT('',(116.47842280493,122.854155683,
    -58.18525775945));
#4979 = CARTESIAN_POINT('',(116.06152894616,122.81610103799,
    -58.21560532617));
#4980 = CARTESIAN_POINT('',(115.65218943142,122.79786020443,
    -58.23015190552));
#4981 = CARTESIAN_POINT('',(115.25243646992,122.79786020443,
    -58.23015190552));
#4982 = ( BOUNDED_SURFACE() B_SPLINE_SURFACE(2,6,(
    (#4983,#4984,#4985,#4986,#4987,#4988,#4989,#4990,#4991,#4992,#4993
      ,#4994,#4995,#4996,#4997,#4998,#4999)
    ,(#5000,#5001,#5002,#5003,#5004,#5005,#5006,#5007,#5008,#5009,#5010
      ,#5011,#5012,#5013,#5014,#5015,#5016)
    ,(#5017,#5018,#5019,#5020,#5021,#5022,#5023,#5024,#5025,#5026,#5027
      ,#5028,#5029,#5030,#5031,#5032,#5033
)),.UNSPECIFIED.,.F.,.F.,.F.) B_SPLINE_SURFACE_WITH_KNOTS((3,3),(7,5,5,7
    ),(0.,146.49984574039),(-8.890959613726,5.471370022866E-02,
    146.55455944062,155.50023275457),.UNSPECIFIED.) 
GEOMETRIC_REPRESENTATION_ITEM() RATIONAL_B_SPLINE_SURFACE((
    (1.,1.,1.,1.,1.,1.,1.,1.,1.,1.,1.,1.,1.,1.,1.,1.,1.)
    ,(0.707222739782,0.707222739782,0.707222739782,0.707222739782
      ,0.707222739782,0.707222739782,0.707222739782,0.707222739782
      ,0.707222739782,0.707222739782,0.707222739782,0.707222739782
      ,0.707222739782,0.707222739782,0.707222739782,0.707222739782
      ,0.707222739782)
    ,(1.,1.,1.,1.,1.,1.,1.,1.,1.,1.,1.,1.,1.,1.,1.,1.,1.
))) REPRESENTATION_ITEM('') SURFACE() );
#4983 = CARTESIAN_POINT('',(124.31344882405,26.432352029116,
    63.510426273371));
#4984 = CARTESIAN_POINT('',(124.30324882405,27.416675809892,
    62.390640001532));
#4985 = CARTESIAN_POINT('',(124.29304882405,28.400999590668,
    61.270853729694));
#4986 = CARTESIAN_POINT('',(124.28284882405,29.385323371444,
    60.151067457855));
#4987 = CARTESIAN_POINT('',(124.27264882405,30.369647152221,
    59.031281186016));
#4988 = CARTESIAN_POINT('',(124.26244882405,31.353970932997,
    57.911494914178));
#4989 = CARTESIAN_POINT('',(124.08520735338,48.45818608264,
    38.453400241263));
#4990 = CARTESIAN_POINT('',(123.9181658827,64.578077451506,
    20.115091840188));
#4991 = CARTESIAN_POINT('',(123.75112441202,80.697968820374,
    1.776783439111));
#4992 = CARTESIAN_POINT('',(123.58408294135,96.81786018924,
    -16.56152496196));
#4993 = CARTESIAN_POINT('',(123.41704147067,112.9377515581,
    -34.89983336304));
#4994 = CARTESIAN_POINT('',(123.2398,130.04196670775,-54.35792803595));
#4995 = CARTESIAN_POINT('',(123.2296,131.02629048852,-55.47771430779));
#4996 = CARTESIAN_POINT('',(123.2194,132.0106142693,-56.59750057963));
#4997 = CARTESIAN_POINT('',(123.2092,132.99493805007,-57.71728685147));
#4998 = CARTESIAN_POINT('',(123.199,133.97926183085,-58.83707312331));
#4999 = CARTESIAN_POINT('',(123.1888,134.96358561163,-59.95685939514));
#5000 = CARTESIAN_POINT('',(124.31082568737,20.425708112059,
    58.230440402039));
#5001 = CARTESIAN_POINT('',(124.30062568737,21.410031892835,
    57.1106541302));
#5002 = CARTESIAN_POINT('',(124.29042568737,22.394355673611,
    55.990867858362));
#5003 = CARTESIAN_POINT('',(124.28022568737,23.378679454387,
    54.871081586523));
#5004 = CARTESIAN_POINT('',(124.27002568737,24.363003235164,
    53.751295314684));
#5005 = CARTESIAN_POINT('',(124.25982568737,25.34732701594,
    52.631509042846));
#5006 = CARTESIAN_POINT('',(124.08258421669,42.451542165583,
    33.173414369931));
#5007 = CARTESIAN_POINT('',(123.91554274602,58.57143353445,
    14.835105968855));
#5008 = CARTESIAN_POINT('',(123.74850127534,74.691324903317,
    -3.503202432221));
#5009 = CARTESIAN_POINT('',(123.58145980467,90.811216272183,
    -21.84151083329));
#5010 = CARTESIAN_POINT('',(123.41441833399,106.93110764105,
    -40.17981923437));
#5011 = CARTESIAN_POINT('',(123.23717686331,124.03532279069,
    -59.63791390728));
#5012 = CARTESIAN_POINT('',(123.22697686331,125.01964657146,
    -60.75770017912));
#5013 = CARTESIAN_POINT('',(123.21677686331,126.00397035224,
    -61.87748645096));
#5014 = CARTESIAN_POINT('',(123.20657686331,126.98829413302,
    -62.9972727228));
#5015 = CARTESIAN_POINT('',(123.19637686331,127.97261791379,
    -64.11705899464));
#5016 = CARTESIAN_POINT('',(123.18617686331,128.95694169457,
    -65.23684526648));
#5017 = CARTESIAN_POINT('',(116.31363646992,20.389586071126,
    58.271533552826));
#5018 = CARTESIAN_POINT('',(116.30343646992,21.373909851903,
    57.151747280987));
#5019 = CARTESIAN_POINT('',(116.29323646992,22.358233632679,
    56.031961009149));
#5020 = CARTESIAN_POINT('',(116.28303646992,23.342557413455,
    54.91217473731));
#5021 = CARTESIAN_POINT('',(116.27283646992,24.326881194231,
    53.792388465471));
#5022 = CARTESIAN_POINT('',(116.26263646992,25.311204975008,
    52.672602193633));
#5023 = CARTESIAN_POINT('',(116.08539499924,42.415420124651,
    33.214507520718));
#5024 = CARTESIAN_POINT('',(115.91835352857,58.535311493517,
    14.876199119643));
#5025 = CARTESIAN_POINT('',(115.75131205789,74.655202862385,
    -3.462109281435));
#5026 = CARTESIAN_POINT('',(115.58427058721,90.775094231251,
    -21.8004176825));
#5027 = CARTESIAN_POINT('',(115.41722911654,106.89498560011,
    -40.13872608358));
#5028 = CARTESIAN_POINT('',(115.23998764586,123.99920074976,
    -59.5968207565));
#5029 = CARTESIAN_POINT('',(115.22978764586,124.98352453053,
    -60.71660702833));
#5030 = CARTESIAN_POINT('',(115.21958764586,125.96784831131,
    -61.83639330017));
#5031 = CARTESIAN_POINT('',(115.20938764586,126.95217209209,
    -62.95617957201));
#5032 = CARTESIAN_POINT('',(115.19918764586,127.93649587286,
    -64.07596584385));
#5033 = CARTESIAN_POINT('',(115.18898764586,128.92081965364,
    -65.19575211569));
#5034 = ADVANCED_FACE('',(#5035),#5067,.T.);
#5035 = FACE_BOUND('',#5036,.T.);
#5036 = EDGE_LOOP('',(#5037,#5047,#5056,#5064,#5065,#5066));
#5037 = ORIENTED_EDGE('',*,*,#5038,.T.);
#5038 = EDGE_CURVE('',#3129,#5039,#5041,.T.);
#5039 = VERTEX_POINT('',#5040);
#5040 = CARTESIAN_POINT('',(114.25,1.207459787736,37.009346451892));
#5041 = B_SPLINE_CURVE_WITH_KNOTS('',4,(#5042,#5043,#5044,#5045,#5046),
  .UNSPECIFIED.,.F.,.F.,(5,5),(0.,1.),.PIECEWISE_BEZIER_KNOTS.);
#5042 = CARTESIAN_POINT('',(116.18554268667,1.207459787736,
    37.009346451892));
#5043 = CARTESIAN_POINT('',(115.701656865,1.207459787736,37.009346451892
    ));
#5044 = CARTESIAN_POINT('',(115.21777104333,1.207459787736,
    37.009346451892));
#5045 = CARTESIAN_POINT('',(114.73388522167,1.207459787736,
    37.009346451892));
#5046 = CARTESIAN_POINT('',(114.2499994,1.207459787736,37.009346451892)
  );
#5047 = ORIENTED_EDGE('',*,*,#5048,.T.);
#5048 = EDGE_CURVE('',#5039,#5049,#5051,.T.);
#5049 = VERTEX_POINT('',#5050);
#5050 = CARTESIAN_POINT('',(114.25,32.75099269968,44.208951998254));
#5051 = CIRCLE('',#5052,78.);
#5052 = AXIS2_PLACEMENT_3D('',#5053,#5054,#5055);
#5053 = CARTESIAN_POINT('',(114.25,0.,115.));
#5054 = DIRECTION('',(1.,0.,-2.22044604925E-16));
#5055 = DIRECTION('',(-2.22044604925E-16,0.,-1.));
#5056 = ORIENTED_EDGE('',*,*,#5057,.T.);
#5057 = EDGE_CURVE('',#5049,#4923,#5058,.T.);
#5058 = B_SPLINE_CURVE_WITH_KNOTS('',4,(#5059,#5060,#5061,#5062,#5063),
  .UNSPECIFIED.,.F.,.F.,(5,5),(0.,1.),.PIECEWISE_BEZIER_KNOTS.);
#5059 = CARTESIAN_POINT('',(114.2499994,32.75099269968,44.208951998254)
  );
#5060 = CARTESIAN_POINT('',(114.73388522167,32.75099269968,
    44.208951998254));
#5061 = CARTESIAN_POINT('',(115.21777104333,32.75099269968,
    44.208951998254));
#5062 = CARTESIAN_POINT('',(115.701656865,32.75099269968,44.208951998254
    ));
#5063 = CARTESIAN_POINT('',(116.18554268667,32.75099269968,
    44.208951998254));
#5064 = ORIENTED_EDGE('',*,*,#4922,.T.);
#5065 = ORIENTED_EDGE('',*,*,#695,.F.);
#5066 = ORIENTED_EDGE('',*,*,#3152,.T.);
#5067 = CYLINDRICAL_SURFACE('',#5068,78.);
#5068 = AXIS2_PLACEMENT_3D('',#5069,#5070,#5071);
#5069 = CARTESIAN_POINT('',(106.25,0.,115.));
#5070 = DIRECTION('',(1.,0.,-2.22044604925E-16));
#5071 = DIRECTION('',(-2.22044604925E-16,0.,-1.));
#5072 = ADVANCED_FACE('',(#5073,#5076,#5096,#5116,#5127,#5138,#5149),
  #5178,.T.);
#5073 = FACE_BOUND('',#5074,.T.);
#5074 = EDGE_LOOP('',(#5075));
#5075 = ORIENTED_EDGE('',*,*,#664,.T.);
#5076 = FACE_BOUND('',#5077,.T.);
#5077 = EDGE_LOOP('',(#5078,#5089));
#5078 = ORIENTED_EDGE('',*,*,#5079,.F.);
#5079 = EDGE_CURVE('',#5080,#5082,#5084,.T.);
#5080 = VERTEX_POINT('',#5081);
#5081 = CARTESIAN_POINT('',(124.25,-45.30495168499,134.91597412837));
#5082 = VERTEX_POINT('',#5083);
#5083 = CARTESIAN_POINT('',(124.25,-58.19934410459,146.26229818386));
#5084 = CIRCLE('',#5085,13.);
#5085 = AXIS2_PLACEMENT_3D('',#5086,#5087,#5088);
#5086 = CARTESIAN_POINT('',(124.25,-45.30495168499,147.91597412837));
#5087 = DIRECTION('',(1.,0.,-2.22044604925E-16));
#5088 = DIRECTION('',(-2.22044604925E-16,0.,-1.));
#5089 = ORIENTED_EDGE('',*,*,#5090,.F.);
#5090 = EDGE_CURVE('',#5082,#5080,#5091,.T.);
#5091 = CIRCLE('',#5092,13.);
#5092 = AXIS2_PLACEMENT_3D('',#5093,#5094,#5095);
#5093 = CARTESIAN_POINT('',(124.25,-45.30495168499,147.91597412837));
#5094 = DIRECTION('',(1.,0.,-2.22044604925E-16));
#5095 = DIRECTION('',(-2.22044604925E-16,0.,-1.));
#5096 = FACE_BOUND('',#5097,.T.);
#5097 = EDGE_LOOP('',(#5098,#5109));
#5098 = ORIENTED_EDGE('',*,*,#5099,.F.);
#5099 = EDGE_CURVE('',#5100,#5102,#5104,.T.);
#5100 = VERTEX_POINT('',#5101);
#5101 = CARTESIAN_POINT('',(124.25,-45.30495168499,69.084025871621));
#5102 = VERTEX_POINT('',#5103);
#5103 = CARTESIAN_POINT('',(124.25,-58.19934410459,83.737701816139));
#5104 = CIRCLE('',#5105,13.);
#5105 = AXIS2_PLACEMENT_3D('',#5106,#5107,#5108);
#5106 = CARTESIAN_POINT('',(124.25,-45.30495168499,82.084025871621));
#5107 = DIRECTION('',(1.,0.,-2.22044604925E-16));
#5108 = DIRECTION('',(-2.22044604925E-16,0.,-1.));
#5109 = ORIENTED_EDGE('',*,*,#5110,.F.);
#5110 = EDGE_CURVE('',#5102,#5100,#5111,.T.);
#5111 = CIRCLE('',#5112,13.);
#5112 = AXIS2_PLACEMENT_3D('',#5113,#5114,#5115);
#5113 = CARTESIAN_POINT('',(124.25,-45.30495168499,82.084025871621));
#5114 = DIRECTION('',(1.,0.,-2.22044604925E-16));
#5115 = DIRECTION('',(-2.22044604925E-16,0.,-1.));
#5116 = FACE_BOUND('',#5117,.T.);
#5117 = EDGE_LOOP('',(#5118));
#5118 = ORIENTED_EDGE('',*,*,#5119,.F.);
#5119 = EDGE_CURVE('',#5120,#5120,#5122,.T.);
#5120 = VERTEX_POINT('',#5121);
#5121 = CARTESIAN_POINT('',(124.25,-6.992733223131E-15,86.45));
#5122 = CIRCLE('',#5123,28.55);
#5123 = AXIS2_PLACEMENT_3D('',#5124,#5125,#5126);
#5124 = CARTESIAN_POINT('',(124.25,0.,115.));
#5125 = DIRECTION('',(1.,0.,-2.22044604925E-16));
#5126 = DIRECTION('',(-2.22044604925E-16,0.,-1.));
#5127 = FACE_BOUND('',#5128,.T.);
#5128 = EDGE_LOOP('',(#5129));
#5129 = ORIENTED_EDGE('',*,*,#5130,.F.);
#5130 = EDGE_CURVE('',#5131,#5131,#5133,.T.);
#5131 = VERTEX_POINT('',#5132);
#5132 = CARTESIAN_POINT('',(124.25,17.304951684997,155.25916491252));
#5133 = CIRCLE('',#5134,13.);
#5134 = AXIS2_PLACEMENT_3D('',#5135,#5136,#5137);
#5135 = CARTESIAN_POINT('',(124.25,17.304951684997,168.25916491252));
#5136 = DIRECTION('',(1.,0.,-2.22044604925E-16));
#5137 = DIRECTION('',(-2.22044604925E-16,0.,-1.));
#5138 = FACE_BOUND('',#5139,.T.);
#5139 = EDGE_LOOP('',(#5140));
#5140 = ORIENTED_EDGE('',*,*,#5141,.F.);
#5141 = EDGE_CURVE('',#5142,#5142,#5144,.T.);
#5142 = VERTEX_POINT('',#5143);
#5143 = CARTESIAN_POINT('',(124.25,17.304951684997,48.740835087471));
#5144 = CIRCLE('',#5145,13.);
#5145 = AXIS2_PLACEMENT_3D('',#5146,#5147,#5148);
#5146 = CARTESIAN_POINT('',(124.25,17.304951684997,61.740835087471));
#5147 = DIRECTION('',(1.,0.,-2.22044604925E-16));
#5148 = DIRECTION('',(-2.22044604925E-16,0.,-1.));
#5149 = FACE_BOUND('',#5150,.T.);
#5150 = EDGE_LOOP('',(#5151,#5162,#5171));
#5151 = ORIENTED_EDGE('',*,*,#5152,.F.);
#5152 = EDGE_CURVE('',#5153,#5155,#5157,.T.);
#5153 = VERTEX_POINT('',#5154);
#5154 = CARTESIAN_POINT('',(124.25,66.,123.30662386291));
#5155 = VERTEX_POINT('',#5156);
#5156 = CARTESIAN_POINT('',(124.25,56.,102.));
#5157 = CIRCLE('',#5158,13.);
#5158 = AXIS2_PLACEMENT_3D('',#5159,#5160,#5161);
#5159 = CARTESIAN_POINT('',(124.25,56.,115.));
#5160 = DIRECTION('',(1.,0.,-2.22044604925E-16));
#5161 = DIRECTION('',(-2.22044604925E-16,0.,-1.));
#5162 = ORIENTED_EDGE('',*,*,#5163,.F.);
#5163 = EDGE_CURVE('',#5164,#5153,#5166,.T.);
#5164 = VERTEX_POINT('',#5165);
#5165 = CARTESIAN_POINT('',(124.25,66.,106.69337613708));
#5166 = CIRCLE('',#5167,13.);
#5167 = AXIS2_PLACEMENT_3D('',#5168,#5169,#5170);
#5168 = CARTESIAN_POINT('',(124.25,56.,115.));
#5169 = DIRECTION('',(1.,0.,-2.22044604925E-16));
#5170 = DIRECTION('',(-2.22044604925E-16,0.,-1.));
#5171 = ORIENTED_EDGE('',*,*,#5172,.F.);
#5172 = EDGE_CURVE('',#5155,#5164,#5173,.T.);
#5173 = CIRCLE('',#5174,13.);
#5174 = AXIS2_PLACEMENT_3D('',#5175,#5176,#5177);
#5175 = CARTESIAN_POINT('',(124.25,56.,115.));
#5176 = DIRECTION('',(1.,0.,-2.22044604925E-16));
#5177 = DIRECTION('',(-2.22044604925E-16,0.,-1.));
#5178 = PLANE('',#5179);
#5179 = AXIS2_PLACEMENT_3D('',#5180,#5181,#5182);
#5180 = CARTESIAN_POINT('',(124.25,0.,115.));
#5181 = DIRECTION('',(1.,0.,-2.22044604925E-16));
#5182 = DIRECTION('',(-2.22044604925E-16,0.,-1.));
#5183 = ADVANCED_FACE('',(#5184),#5236,.F.);
#5184 = FACE_BOUND('',#5185,.F.);
#5185 = EDGE_LOOP('',(#5186,#5194,#5195,#5196,#5197,#5198,#5199,#5207));
#5186 = ORIENTED_EDGE('',*,*,#5187,.F.);
#5187 = EDGE_CURVE('',#2894,#5188,#5190,.T.);
#5188 = VERTEX_POINT('',#5189);
#5189 = CARTESIAN_POINT('',(105.25,-43.28624684471,-92.57217164063));
#5190 = LINE('',#5191,#5192);
#5191 = CARTESIAN_POINT('',(105.25,-58.87357294492,-89.01446617507));
#5192 = VECTOR('',#5193,1.);
#5193 = DIRECTION('',(-4.940957286788E-17,0.974927912182,-0.222520933956
    ));
#5194 = ORIENTED_EDGE('',*,*,#2918,.T.);
#5195 = ORIENTED_EDGE('',*,*,#2128,.F.);
#5196 = ORIENTED_EDGE('',*,*,#2019,.F.);
#5197 = ORIENTED_EDGE('',*,*,#3271,.F.);
#5198 = ORIENTED_EDGE('',*,*,#3184,.F.);
#5199 = ORIENTED_EDGE('',*,*,#5200,.F.);
#5200 = EDGE_CURVE('',#5201,#3131,#5203,.T.);
#5201 = VERTEX_POINT('',#5202);
#5202 = CARTESIAN_POINT('',(113.25281177045,-35.47530305255,
    -94.35496859002));
#5203 = LINE('',#5204,#5205);
#5204 = CARTESIAN_POINT('',(105.25,-35.47530305255,-94.35496859002));
#5205 = VECTOR('',#5206,1.);
#5206 = DIRECTION('',(1.,0.,-2.22044604925E-16));
#5207 = ORIENTED_EDGE('',*,*,#5208,.F.);
#5208 = EDGE_CURVE('',#5188,#5201,#5209,.T.);
#5209 = B_SPLINE_CURVE_WITH_KNOTS('',7,(#5210,#5211,#5212,#5213,#5214,
    #5215,#5216,#5217,#5218,#5219,#5220,#5221,#5222,#5223,#5224,#5225,
    #5226,#5227,#5228,#5229,#5230,#5231,#5232,#5233,#5234,#5235),
  .UNSPECIFIED.,.F.,.F.,(8,6,6,6,8),(0.,0.249928743903,0.50000257361,
    0.75007469467,1.),.UNSPECIFIED.);
#5210 = CARTESIAN_POINT('',(105.25,-43.28624684471,-92.57217164063));
#5211 = CARTESIAN_POINT('',(105.25,-42.89163753561,-92.66223864036));
#5212 = CARTESIAN_POINT('',(105.27383819558,-42.48743798423,
    -92.75449455032));
#5213 = CARTESIAN_POINT('',(105.32359432234,-42.07569844391,
    -92.84847141355));
#5214 = CARTESIAN_POINT('',(105.40114205148,-41.65897433805,
    -92.94358597133));
#5215 = CARTESIAN_POINT('',(105.50793494098,-41.24033206768,
    -93.03913833765));
#5216 = CARTESIAN_POINT('',(105.64482565966,-40.82323660517,
    -93.13433765516));
#5217 = CARTESIAN_POINT('',(105.9791083073,-39.99916602272,
    -93.32242638804));
#5218 = CARTESIAN_POINT('',(106.17653673398,-39.59219561344,
    -93.41531472823));
#5219 = CARTESIAN_POINT('',(106.40431197658,-39.19405048344,
    -93.50618875601));
#5220 = CARTESIAN_POINT('',(106.66181077776,-38.8085378423,
    -93.59417950065));
#5221 = CARTESIAN_POINT('',(106.94756177427,-38.43941024153,
    -93.67843046674));
#5222 = CARTESIAN_POINT('',(107.25928974598,-38.09004198063,
    -93.75817149245));
#5223 = CARTESIAN_POINT('',(107.9289651319,-37.43642211597,
    -93.90735596129));
#5224 = CARTESIAN_POINT('',(108.28691352628,-37.13216893913,
    -93.97679976347));
#5225 = CARTESIAN_POINT('',(108.66510742327,-36.85326895945,
    -94.04045686384));
#5226 = CARTESIAN_POINT('',(109.06008979761,-36.60194312836,
    -94.09782034473));
#5227 = CARTESIAN_POINT('',(109.46801591371,-36.37962787228,
    -94.14856235119));
#5228 = CARTESIAN_POINT('',(109.88498488427,-36.18693179441,
    -94.1925439735));
#5229 = CARTESIAN_POINT('',(110.72929958832,-35.8606629645,
    -94.26701270482));
#5230 = CARTESIAN_POINT('',(111.15664044095,-35.72705417332,
    -94.29750803953));
#5231 = CARTESIAN_POINT('',(111.58556643202,-35.622821535,
    -94.32129845905));
#5232 = CARTESIAN_POINT('',(112.01252727248,-35.54713293931,
    -94.3385738871));
#5233 = CARTESIAN_POINT('',(112.43438105457,-35.4985697063,
    -94.34965812813));
#5234 = CARTESIAN_POINT('',(112.84850945184,-35.47530305255,
    -94.35496859002));
#5235 = CARTESIAN_POINT('',(113.25281177045,-35.47530305255,
    -94.35496859002));
#5236 = PLANE('',#5237);
#5237 = AXIS2_PLACEMENT_3D('',#5238,#5239,#5240);
#5238 = CARTESIAN_POINT('',(105.25,-58.87357294492,-89.01446617507));
#5239 = DIRECTION('',(2.164774830908E-16,0.222520933956,0.974927912182)
  );
#5240 = DIRECTION('',(0.6,0.779942329745,-0.178016747165));
#5241 = ADVANCED_FACE('',(#5242),#5267,.T.);
#5242 = FACE_BOUND('',#5243,.T.);
#5243 = EDGE_LOOP('',(#5244,#5245,#5246,#5247));
#5244 = ORIENTED_EDGE('',*,*,#2757,.T.);
#5245 = ORIENTED_EDGE('',*,*,#2142,.T.);
#5246 = ORIENTED_EDGE('',*,*,#3002,.F.);
#5247 = ORIENTED_EDGE('',*,*,#5248,.F.);
#5248 = EDGE_CURVE('',#2731,#3003,#5249,.T.);
#5249 = B_SPLINE_CURVE_WITH_KNOTS('',6,(#5250,#5251,#5252,#5253,#5254,
    #5255,#5256,#5257,#5258,#5259,#5260,#5261,#5262,#5263,#5264,#5265,
    #5266),.UNSPECIFIED.,.F.,.F.,(7,5,5,7),(-9.000422918949,
    -5.47496049944E-02,146.55481105679,155.50048437074),.UNSPECIFIED.);
#5250 = CARTESIAN_POINT('',(106.31419941632,-55.98164027425,
    100.73541804448));
#5251 = CARTESIAN_POINT('',(106.30399941632,-57.29238381336,
    100.02494920302));
#5252 = CARTESIAN_POINT('',(106.29379941632,-58.60312735247,
    99.31448036156));
#5253 = CARTESIAN_POINT('',(106.28359941632,-59.91387089157,
    98.604011520098));
#5254 = CARTESIAN_POINT('',(106.27339941632,-61.22461443068,
    97.893542678635));
#5255 = CARTESIAN_POINT('',(106.26319941632,-62.53535796979,
    97.183073837173));
#5256 = CARTESIAN_POINT('',(106.08583284693,-85.3277192323,
    84.828816869873));
#5257 = CARTESIAN_POINT('',(105.91866627754,-106.8093369557,
    73.185028744036));
#5258 = CARTESIAN_POINT('',(105.75149970816,-128.2909546791,
    61.541240618198));
#5259 = CARTESIAN_POINT('',(105.58433313877,-149.7725724025,
    49.89745249236));
#5260 = CARTESIAN_POINT('',(105.41716656938,-171.2541901259,
    38.253664366523));
#5261 = CARTESIAN_POINT('',(105.2398,-194.0465513884,25.899407399223));
#5262 = CARTESIAN_POINT('',(105.2296,-195.3572949275,25.188938557761));
#5263 = CARTESIAN_POINT('',(105.2194,-196.6680384666,24.478469716299));
#5264 = CARTESIAN_POINT('',(105.2092,-197.9787820057,23.768000874837));
#5265 = CARTESIAN_POINT('',(105.199,-199.2895255448,23.057532033374));
#5266 = CARTESIAN_POINT('',(105.1888,-200.6002690839,22.347063191912));
#5267 = B_SPLINE_SURFACE_WITH_KNOTS('',1,1,(
    (#5268,#5269)
    ,(#5270,#5271
    )),.UNSPECIFIED.,.F.,.F.,.F.,(2,2),(2,2),(0.,38.),(0.,1.),
  .PIECEWISE_BEZIER_KNOTS.);
#5268 = CARTESIAN_POINT('',(106.25,-67.70773632479,103.48208170838));
#5269 = CARTESIAN_POINT('',(105.25,-196.2120048647,33.828273721907));
#5270 = CARTESIAN_POINT('',(106.25,-51.22015423832,69.245264728095));
#5271 = CARTESIAN_POINT('',(105.25,-185.7987951259,12.205020892249));
#5272 = ADVANCED_FACE('',(#5273),#5362,.T.);
#5273 = FACE_BOUND('',#5274,.F.);
#5274 = EDGE_LOOP('',(#5275,#5354,#5361));
#5275 = ORIENTED_EDGE('',*,*,#5276,.F.);
#5276 = EDGE_CURVE('',#5277,#2294,#5279,.T.);
#5277 = VERTEX_POINT('',#5278);
#5278 = CARTESIAN_POINT('',(109.39049310837,0.,38.645065478678));
#5279 = B_SPLINE_CURVE_WITH_KNOTS('',7,(#5280,#5281,#5282,#5283,#5284,
    #5285,#5286,#5287,#5288,#5289,#5290,#5291,#5292,#5293,#5294,#5295,
    #5296,#5297,#5298,#5299,#5300,#5301,#5302,#5303,#5304,#5305,#5306,
    #5307,#5308,#5309,#5310,#5311,#5312,#5313,#5314,#5315,#5316,#5317,
    #5318,#5319,#5320,#5321,#5322,#5323,#5324,#5325,#5326,#5327,#5328,
    #5329,#5330,#5331,#5332,#5333,#5334,#5335,#5336,#5337,#5338,#5339,
    #5340,#5341,#5342,#5343,#5344,#5345,#5346,#5347,#5348,#5349,#5350,
    #5351,#5352,#5353),.UNSPECIFIED.,.F.,.F.,(8,6,6,6,6,6,6,6,6,6,6,6,8)
  ,(0.,0.229166596227,0.456965509749,0.68892869192,0.806159646911,
    0.863706816135,0.919704875378,0.955532829292,0.976360069948,
    0.987802728633,0.993844396248,0.995987686883,1.),.UNSPECIFIED.);
#5280 = CARTESIAN_POINT('',(109.39049310837,0.,38.645065478678));
#5281 = CARTESIAN_POINT('',(109.20574627476,-0.105164219692,
    38.786338139813));
#5282 = CARTESIAN_POINT('',(109.02533653204,-0.215268341271,
    38.934392966848));
#5283 = CARTESIAN_POINT('',(108.84968134509,-0.330124088121,
    39.089029594693));
#5284 = CARTESIAN_POINT('',(108.67917534733,-0.449508566358,
    39.250004745546));
#5285 = CARTESIAN_POINT('',(108.51418417104,-0.573168266872,
    39.417037638748));
#5286 = CARTESIAN_POINT('',(108.35503827751,-0.700823067361,
    39.589815400636));
#5287 = CARTESIAN_POINT('',(108.04992848067,-0.962733512063,
    39.94511813878));
#5288 = CARTESIAN_POINT('',(107.90389164981,-1.096945327021,
    40.127579080969));
#5289 = CARTESIAN_POINT('',(107.76420070462,-1.234508801077,
    40.315048411657));
#5290 = CARTESIAN_POINT('',(107.63110073628,-1.375105415798,
    40.507169607385));
#5291 = CARTESIAN_POINT('',(107.50479334208,-1.518400551213,
    40.703568975595));
#5292 = CARTESIAN_POINT('',(107.38543474561,-1.664047834397,
    40.903867542243));
#5293 = CARTESIAN_POINT('',(107.15878481038,-1.962035769964,
    41.31525530259));
#5294 = CARTESIAN_POINT('',(107.05175398948,-2.114450099285,
    41.526474588139));
#5295 = CARTESIAN_POINT('',(106.95216116341,-2.268560008211,
    41.74097073685));
#5296 = CARTESIAN_POINT('',(106.86007543448,-2.423982407723,
    41.958365553296));
#5297 = CARTESIAN_POINT('',(106.77551820137,-2.580321531322,
    42.178334327423));
#5298 = CARTESIAN_POINT('',(106.69846581945,-2.737180552105,
    42.400593332546));
#5299 = CARTESIAN_POINT('',(106.59367528328,-2.973412747575,
    42.738585601625));
#5300 = CARTESIAN_POINT('',(106.56039596157,-3.052736896206,
    42.852634275353));
#5301 = CARTESIAN_POINT('',(106.52900930692,-3.132019486565,
    42.967256340815));
#5302 = CARTESIAN_POINT('',(106.49950468681,-3.211196643831,
    43.082470087076));
#5303 = CARTESIAN_POINT('',(106.47186907576,-3.290200280087,
    43.198312686807));
#5304 = CARTESIAN_POINT('',(106.44608741322,-3.368950238969,
    43.314867809668));
#5305 = CARTESIAN_POINT('',(106.41038932279,-3.485816197097,
    43.489983607813));
#5306 = CARTESIAN_POINT('',(106.3990782059,-3.52420774344,
    43.547859533692));
#5307 = CARTESIAN_POINT('',(106.38820791814,-3.562498765253,
    43.605975605771));
#5308 = CARTESIAN_POINT('',(106.37777644116,-3.600674189918,
    43.664361871591));
#5309 = CARTESIAN_POINT('',(106.36778169915,-3.638716576832,
    43.723056781136));
#5310 = CARTESIAN_POINT('',(106.35822160807,-3.676604363403,
    43.782113220263));
#5311 = CARTESIAN_POINT('',(106.34021242084,-3.750997921952,
    43.899504499949));
#5312 = CARTESIAN_POINT('',(106.33174037438,-3.787513152696,
    43.957816465198));
#5313 = CARTESIAN_POINT('',(106.32367612458,-3.82382860834,
    44.016615165212));
#5314 = CARTESIAN_POINT('',(106.31601796435,-3.859908707129,
    44.076003719795));
#5315 = CARTESIAN_POINT('',(106.30876429044,-3.895710900411,
    44.136108850721));
#5316 = CARTESIAN_POINT('',(106.30191391383,-3.931173577859,
    44.197122278493));
#5317 = CARTESIAN_POINT('',(106.29134184137,-3.988592064204,
    44.299234928699));
#5318 = CARTESIAN_POINT('',(106.28738202637,-4.010811760422,
    44.339590968414));
#5319 = CARTESIAN_POINT('',(106.28358727635,-4.032819284401,
    44.380556222494));
#5320 = CARTESIAN_POINT('',(106.27995777028,-4.054578757331,
    44.422248168775));
#5321 = CARTESIAN_POINT('',(106.27649420318,-4.076035853821,
    44.464845555362));
#5322 = CARTESIAN_POINT('',(106.27319764292,-4.09712211402,
    44.508573848955));
#5323 = CARTESIAN_POINT('',(106.26825361974,-4.12965565638,
    44.580258071332));
#5324 = CARTESIAN_POINT('',(106.26649365227,-4.141441851857,
    44.607150983537));
#5325 = CARTESIAN_POINT('',(106.26479175082,-4.153026369464,
    44.634680802644));
#5326 = CARTESIAN_POINT('',(106.26314870798,-4.164374328318,
    44.66296392826));
#5327 = CARTESIAN_POINT('',(106.26156593025,-4.175430374785,
    44.692182813426));
#5328 = CARTESIAN_POINT('',(106.26004518129,-4.186126875077,
    44.722558667002));
#5329 = CARTESIAN_POINT('',(106.25779131368,-4.201910363438,
    44.772183972928));
#5330 = CARTESIAN_POINT('',(106.25701214224,-4.207352660534,
    44.790277504004));
#5331 = CARTESIAN_POINT('',(106.25625361292,-4.212615457576,
    44.808954197544));
#5332 = CARTESIAN_POINT('',(106.25551657722,-4.217667788574,
    44.828315998868));
#5333 = CARTESIAN_POINT('',(106.25480253006,-4.22245848883,
    44.848527210285));
#5334 = CARTESIAN_POINT('',(106.25411327065,-4.226927048946,
    44.869779156296));
#5335 = CARTESIAN_POINT('',(106.25310434354,-4.233045458322,
    44.904539160211));
#5336 = CARTESIAN_POINT('',(106.25276388233,-4.235029664796,
    44.916964145492));
#5337 = CARTESIAN_POINT('',(106.25243213419,-4.236862834487,
    44.92987509478));
#5338 = CARTESIAN_POINT('',(106.25210986892,-4.238519041123,
    44.943354812497));
#5339 = CARTESIAN_POINT('',(106.25179847693,-4.239954378444,
    44.957537810333));
#5340 = CARTESIAN_POINT('',(106.25149960752,-4.24111815004,
    44.972575290303));
#5341 = CARTESIAN_POINT('',(106.25111694004,-4.242160471862,
    44.994613329656));
#5342 = CARTESIAN_POINT('',(106.25102154762,-4.242376281991,
    45.000380781459));
#5343 = CARTESIAN_POINT('',(106.25093096714,-4.24253424925,
    45.006144813524));
#5344 = CARTESIAN_POINT('',(106.25084519869,-4.242633682812,
    45.011905376332));
#5345 = CARTESIAN_POINT('',(106.25076424237,-4.242673914501,
    45.017662422061));
#5346 = CARTESIAN_POINT('',(106.25068809824,-4.242654298792,
    45.023415904593));
#5347 = CARTESIAN_POINT('',(106.25048323067,-4.242424289126,
    45.039929741326));
#5348 = CARTESIAN_POINT('',(106.25035977031,-4.242061820096,
    45.051190523263));
#5349 = CARTESIAN_POINT('',(106.2502464278,-4.241410926599,
    45.063350317861));
#5350 = CARTESIAN_POINT('',(106.25014374409,-4.240421729396,
    45.076645308973));
#5351 = CARTESIAN_POINT('',(106.25005692374,-4.238967388758,
    45.091379058446));
#5352 = CARTESIAN_POINT('',(106.25,-4.236741144093,45.108155892798));
#5353 = CARTESIAN_POINT('',(106.25,-4.233153353569,45.128114289901));
#5354 = ORIENTED_EDGE('',*,*,#5355,.T.);
#5355 = EDGE_CURVE('',#5277,#2296,#5356,.T.);
#5356 = CIRCLE('',#5357,8.);
#5357 = AXIS2_PLACEMENT_3D('',#5358,#5359,#5360);
#5358 = CARTESIAN_POINT('',(114.25,0.,45.));
#5359 = DIRECTION('',(0.,1.,0.));
#5360 = DIRECTION('',(-2.22044604925E-16,0.,-1.));
#5361 = ORIENTED_EDGE('',*,*,#2293,.F.);
#5362 = TOROIDAL_SURFACE('',#5363,70.,8.);
#5363 = AXIS2_PLACEMENT_3D('',#5364,#5365,#5366);
#5364 = CARTESIAN_POINT('',(114.25,0.,115.));
#5365 = DIRECTION('',(-1.,-0.,2.22044604925E-16));
#5366 = DIRECTION('',(-2.22044604925E-16,0.,-1.));
#5367 = ADVANCED_FACE('',(#5368),#5436,.T.);
#5368 = FACE_BOUND('',#5369,.T.);
#5369 = EDGE_LOOP('',(#5370,#5390,#5391,#5392,#5415,#5435));
#5370 = ORIENTED_EDGE('',*,*,#5371,.F.);
#5371 = EDGE_CURVE('',#2797,#5188,#5372,.T.);
#5372 = B_SPLINE_CURVE_WITH_KNOTS('',6,(#5373,#5374,#5375,#5376,#5377,
    #5378,#5379,#5380,#5381,#5382,#5383,#5384,#5385,#5386,#5387,#5388,
    #5389),.UNSPECIFIED.,.F.,.F.,(7,5,5,7),(-9.000422918949,
    -5.474960499485E-02,146.55481105679,155.50048437074),.UNSPECIFIED.);
#5373 = CARTESIAN_POINT('',(106.31419941632,-1.449852225804,
    57.247768227667));
#5374 = CARTESIAN_POINT('',(106.30399941632,-1.850840253581,
    55.81179357553));
#5375 = CARTESIAN_POINT('',(106.29379941632,-2.251828281359,
    54.375818923393));
#5376 = CARTESIAN_POINT('',(106.28359941632,-2.652816309136,
    52.939844271257));
#5377 = CARTESIAN_POINT('',(106.27339941632,-3.053804336914,
    51.50386961912));
#5378 = CARTESIAN_POINT('',(106.26319941632,-3.454792364691,
    50.067894966983));
#5379 = CARTESIAN_POINT('',(106.08583284693,-10.42752480117,
    25.097904988933));
#5380 = CARTESIAN_POINT('',(105.91866627754,-16.99926920988,
    1.56388966302));
#5381 = CARTESIAN_POINT('',(105.75149970816,-23.57101361859,
    -21.97012566289));
#5382 = CARTESIAN_POINT('',(105.58433313877,-30.14275802729,
    -45.5041409888));
#5383 = CARTESIAN_POINT('',(105.41716656938,-36.714502436,
    -69.03815631472));
#5384 = CARTESIAN_POINT('',(105.2398,-43.68723487248,-94.00814629277));
#5385 = CARTESIAN_POINT('',(105.2296,-44.08822290026,-95.4441209449));
#5386 = CARTESIAN_POINT('',(105.2194,-44.48921092804,-96.88009559704));
#5387 = CARTESIAN_POINT('',(105.2092,-44.89019895582,-98.31607024918));
#5388 = CARTESIAN_POINT('',(105.199,-45.29118698359,-99.75204490131));
#5389 = CARTESIAN_POINT('',(105.1888,-45.69217501137,-101.1880195534));
#5390 = ORIENTED_EDGE('',*,*,#2804,.F.);
#5391 = ORIENTED_EDGE('',*,*,#5276,.F.);
#5392 = ORIENTED_EDGE('',*,*,#5393,.F.);
#5393 = EDGE_CURVE('',#5394,#5277,#5396,.T.);
#5394 = VERTEX_POINT('',#5395);
#5395 = CARTESIAN_POINT('',(114.18591921838,1.20753177588,
    37.009604247992));
#5396 = B_SPLINE_CURVE_WITH_KNOTS('',5,(#5397,#5398,#5399,#5400,#5401,
    #5402,#5403,#5404,#5405,#5406,#5407,#5408,#5409,#5410,#5411,#5412,
    #5413,#5414),.UNSPECIFIED.,.F.,.F.,(6,4,4,4,6),(0.,0.253466766462,
    0.50637399241,0.755210361759,1.),.UNSPECIFIED.);
#5397 = CARTESIAN_POINT('',(114.18591921838,1.20753177588,
    37.009604247992));
#5398 = CARTESIAN_POINT('',(113.94788074161,1.208066607854,
    37.011519530005));
#5399 = CARTESIAN_POINT('',(113.70624155388,1.201860347954,
    37.022214708477));
#5400 = CARTESIAN_POINT('',(113.46155352772,1.18849932152,
    37.042224975823));
#5401 = CARTESIAN_POINT('',(113.21448612158,1.167608307697,
    37.07204305502));
#5402 = CARTESIAN_POINT('',(112.7176886112,1.110239638889,
    37.152008207708));
#5403 = CARTESIAN_POINT('',(112.46796552032,1.073796529413,
    37.202110221453));
#5404 = CARTESIAN_POINT('',(112.21741079251,1.029269657308,
    37.262774238247));
#5405 = CARTESIAN_POINT('',(111.96689443336,0.97644623289,
    37.334306472095));
#5406 = CARTESIAN_POINT('',(111.47181731254,0.855000468056,
    37.498116192215));
#5407 = CARTESIAN_POINT('',(111.22722543046,0.786646122834,
    37.590041220325));
#5408 = CARTESIAN_POINT('',(110.98445764569,0.710075815583,
    37.692812710135));
#5409 = CARTESIAN_POINT('',(110.7444552767,0.625308278914,37.80646291508
    ));
#5410 = CARTESIAN_POINT('',(110.27569643979,0.441180623278,
    38.05325648288));
#5411 = CARTESIAN_POINT('',(110.04682035894,0.342080190928,
    38.186052829656));
#5412 = CARTESIAN_POINT('',(109.82241702767,0.235326485668,
    38.329146932844));
#5413 = CARTESIAN_POINT('',(109.60337006089,0.121176845977,
    38.482282209338));
#5414 = CARTESIAN_POINT('',(109.39049310837,-1.941448784186E-16,
    38.645065478678));
#5415 = ORIENTED_EDGE('',*,*,#5416,.T.);
#5416 = EDGE_CURVE('',#5394,#5201,#5417,.T.);
#5417 = B_SPLINE_CURVE_WITH_KNOTS('',6,(#5418,#5419,#5420,#5421,#5422,
    #5423,#5424,#5425,#5426,#5427,#5428,#5429,#5430,#5431,#5432,#5433,
    #5434),.UNSPECIFIED.,.F.,.F.,(7,5,5,7),(-9.000422918949,
    -5.474960499485E-02,146.55481105679,155.50048437074),.UNSPECIFIED.);
#5418 = CARTESIAN_POINT('',(114.31401177045,6.243176857003,
    55.04270796365));
#5419 = CARTESIAN_POINT('',(114.30381177045,5.842188829226,
    53.606733311513));
#5420 = CARTESIAN_POINT('',(114.29361177045,5.441200801448,
    52.170758659376));
#5421 = CARTESIAN_POINT('',(114.28341177045,5.04021277367,50.73478400724
    ));
#5422 = CARTESIAN_POINT('',(114.27321177045,4.639224745893,
    49.298809355103));
#5423 = CARTESIAN_POINT('',(114.26301177045,4.238236718115,
    47.862834702966));
#5424 = CARTESIAN_POINT('',(114.08564520106,-2.734495718369,
    22.892844724916));
#5425 = CARTESIAN_POINT('',(113.91847863168,-9.306240127076,
    -0.641170600997));
#5426 = CARTESIAN_POINT('',(113.75131206229,-15.87798453578,
    -24.17518592691));
#5427 = CARTESIAN_POINT('',(113.5841454929,-22.44972894449,
    -47.70920125282));
#5428 = CARTESIAN_POINT('',(113.41697892352,-29.02147335319,
    -71.24321657873));
#5429 = CARTESIAN_POINT('',(113.23961235413,-35.99420578968,
    -96.21320655678));
#5430 = CARTESIAN_POINT('',(113.22941235413,-36.39519381745,
    -97.64918120892));
#5431 = CARTESIAN_POINT('',(113.21921235413,-36.79618184523,
    -99.08515586106));
#5432 = CARTESIAN_POINT('',(113.20901235413,-37.19716987301,
    -100.5211305131));
#5433 = CARTESIAN_POINT('',(113.19881235413,-37.59815790079,
    -101.9571051653));
#5434 = CARTESIAN_POINT('',(113.18861235413,-37.99914592856,
    -103.3930798174));
#5435 = ORIENTED_EDGE('',*,*,#5208,.F.);
#5436 = ( BOUNDED_SURFACE() B_SPLINE_SURFACE(2,6,(
    (#5437,#5438,#5439,#5440,#5441,#5442,#5443,#5444,#5445,#5446,#5447
      ,#5448,#5449,#5450,#5451,#5452,#5453)
    ,(#5454,#5455,#5456,#5457,#5458,#5459,#5460,#5461,#5462,#5463,#5464
      ,#5465,#5466,#5467,#5468,#5469,#5470)
    ,(#5471,#5472,#5473,#5474,#5475,#5476,#5477,#5478,#5479,#5480,#5481
      ,#5482,#5483,#5484,#5485,#5486,#5487
)),.UNSPECIFIED.,.F.,.F.,.F.) B_SPLINE_SURFACE_WITH_KNOTS((3,3),(7,5,5,7
    ),(0.,146.60956066178),(-9.000422918949,-5.474960499485E-02,
    146.55481105679,155.50048437074),.UNSPECIFIED.) 
GEOMETRIC_REPRESENTATION_ITEM() RATIONAL_B_SPLINE_SURFACE((
    (1.,1.,1.,1.,1.,1.,1.,1.,1.,1.,1.,1.,1.,1.,1.,1.,1.)
    ,(0.706990803572,0.706990803572,0.706990803572,0.706990803572
      ,0.706990803572,0.706990803572,0.706990803572,0.706990803572
      ,0.706990803572,0.706990803572,0.706990803572,0.706990803572
      ,0.706990803572,0.706990803572,0.706990803572,0.706990803572
      ,0.706990803572)
    ,(1.,1.,1.,1.,1.,1.,1.,1.,1.,1.,1.,1.,1.,1.,1.,1.,1.
))) REPRESENTATION_ITEM('') SURFACE() );
#5437 = CARTESIAN_POINT('',(106.31419941632,-1.449852225804,
    57.247768227667));
#5438 = CARTESIAN_POINT('',(106.30399941632,-1.850840253581,
    55.81179357553));
#5439 = CARTESIAN_POINT('',(106.29379941632,-2.251828281359,
    54.375818923393));
#5440 = CARTESIAN_POINT('',(106.28359941632,-2.652816309136,
    52.939844271257));
#5441 = CARTESIAN_POINT('',(106.27339941632,-3.053804336914,
    51.50386961912));
#5442 = CARTESIAN_POINT('',(106.26319941632,-3.454792364691,
    50.067894966983));
#5443 = CARTESIAN_POINT('',(106.08583284693,-10.42752480117,
    25.097904988933));
#5444 = CARTESIAN_POINT('',(105.91866627754,-16.99926920988,
    1.56388966302));
#5445 = CARTESIAN_POINT('',(105.75149970816,-23.57101361859,
    -21.97012566289));
#5446 = CARTESIAN_POINT('',(105.58433313877,-30.14275802729,
    -45.5041409888));
#5447 = CARTESIAN_POINT('',(105.41716656938,-36.714502436,
    -69.03815631472));
#5448 = CARTESIAN_POINT('',(105.2398,-43.68723487248,-94.00814629277));
#5449 = CARTESIAN_POINT('',(105.2296,-44.08822290026,-95.4441209449));
#5450 = CARTESIAN_POINT('',(105.2194,-44.48921092804,-96.88009559704));
#5451 = CARTESIAN_POINT('',(105.2092,-44.89019895582,-98.31607024918));
#5452 = CARTESIAN_POINT('',(105.199,-45.29118698359,-99.75204490131));
#5453 = CARTESIAN_POINT('',(105.1888,-45.69217501137,-101.1880195534));
#5454 = CARTESIAN_POINT('',(106.31157455825,6.257901697957,
    55.095438960341));
#5455 = CARTESIAN_POINT('',(106.30137455825,5.856913670179,
    53.659464308205));
#5456 = CARTESIAN_POINT('',(106.29117455825,5.455925642402,
    52.223489656068));
#5457 = CARTESIAN_POINT('',(106.28097455825,5.054937614624,
    50.787515003931));
#5458 = CARTESIAN_POINT('',(106.27077455825,4.653949586847,
    49.351540351795));
#5459 = CARTESIAN_POINT('',(106.26057455825,4.252961559069,
    47.915565699658));
#5460 = CARTESIAN_POINT('',(106.08320798887,-2.719770877415,
    22.945575721608));
#5461 = CARTESIAN_POINT('',(105.91604141948,-9.291515286122,
    -0.588439604306));
#5462 = CARTESIAN_POINT('',(105.74887485009,-15.86325969482,
    -24.12245493022));
#5463 = CARTESIAN_POINT('',(105.58170828071,-22.43500410353,
    -47.65647025613));
#5464 = CARTESIAN_POINT('',(105.41454171132,-29.00674851224,
    -71.19048558204));
#5465 = CARTESIAN_POINT('',(105.23717514193,-35.97948094872,
    -96.16047556009));
#5466 = CARTESIAN_POINT('',(105.22697514193,-36.3804689765,
    -97.59645021223));
#5467 = CARTESIAN_POINT('',(105.21677514193,-36.78145700428,
    -99.03242486437));
#5468 = CARTESIAN_POINT('',(105.20657514193,-37.18244503206,
    -100.4683995165));
#5469 = CARTESIAN_POINT('',(105.19637514193,-37.58343305983,
    -101.9043741686));
#5470 = CARTESIAN_POINT('',(105.18617514193,-37.98442108761,
    -103.3403488207));
#5471 = CARTESIAN_POINT('',(114.31401177045,6.243176857003,
    55.04270796365));
#5472 = CARTESIAN_POINT('',(114.30381177045,5.842188829226,
    53.606733311513));
#5473 = CARTESIAN_POINT('',(114.29361177045,5.441200801448,
    52.170758659376));
#5474 = CARTESIAN_POINT('',(114.28341177045,5.04021277367,50.73478400724
    ));
#5475 = CARTESIAN_POINT('',(114.27321177045,4.639224745893,
    49.298809355103));
#5476 = CARTESIAN_POINT('',(114.26301177045,4.238236718115,
    47.862834702966));
#5477 = CARTESIAN_POINT('',(114.08564520106,-2.734495718369,
    22.892844724916));
#5478 = CARTESIAN_POINT('',(113.91847863168,-9.306240127076,
    -0.641170600997));
#5479 = CARTESIAN_POINT('',(113.75131206229,-15.87798453578,
    -24.17518592691));
#5480 = CARTESIAN_POINT('',(113.5841454929,-22.44972894449,
    -47.70920125282));
#5481 = CARTESIAN_POINT('',(113.41697892352,-29.02147335319,
    -71.24321657873));
#5482 = CARTESIAN_POINT('',(113.23961235413,-35.99420578968,
    -96.21320655678));
#5483 = CARTESIAN_POINT('',(113.22941235413,-36.39519381745,
    -97.64918120892));
#5484 = CARTESIAN_POINT('',(113.21921235413,-36.79618184523,
    -99.08515586106));
#5485 = CARTESIAN_POINT('',(113.20901235413,-37.19716987301,
    -100.5211305131));
#5486 = CARTESIAN_POINT('',(113.19881235413,-37.59815790079,
    -101.9571051653));
#5487 = CARTESIAN_POINT('',(113.18861235413,-37.99914592856,
    -103.3930798174));
#5488 = ADVANCED_FACE('',(#5489),#5630,.T.);
#5489 = FACE_BOUND('',#5490,.F.);
#5490 = EDGE_LOOP('',(#5491,#5610,#5611,#5612,#5613,#5621,#5622));
#5491 = ORIENTED_EDGE('',*,*,#5492,.T.);
#5492 = EDGE_CURVE('',#5493,#2305,#5495,.T.);
#5493 = VERTEX_POINT('',#5494);
#5494 = CARTESIAN_POINT('',(114.18591921838,32.750815987068,
    44.20915303003));
#5495 = B_SPLINE_CURVE_WITH_KNOTS('',8,(#5496,#5497,#5498,#5499,#5500,
    #5501,#5502,#5503,#5504,#5505,#5506,#5507,#5508,#5509,#5510,#5511,
    #5512,#5513,#5514,#5515,#5516,#5517,#5518,#5519,#5520,#5521,#5522,
    #5523,#5524,#5525,#5526,#5527,#5528,#5529,#5530,#5531,#5532,#5533,
    #5534,#5535,#5536,#5537,#5538,#5539,#5540,#5541,#5542,#5543,#5544,
    #5545,#5546,#5547,#5548,#5549,#5550,#5551,#5552,#5553,#5554,#5555,
    #5556,#5557,#5558,#5559,#5560,#5561,#5562,#5563,#5564,#5565,#5566,
    #5567,#5568,#5569,#5570,#5571,#5572,#5573,#5574,#5575,#5576,#5577,
    #5578,#5579,#5580,#5581,#5582,#5583,#5584,#5585,#5586,#5587,#5588,
    #5589,#5590,#5591,#5592,#5593,#5594,#5595,#5596,#5597,#5598,#5599,
    #5600,#5601,#5602,#5603,#5604,#5605,#5606,#5607,#5608,#5609),
  .UNSPECIFIED.,.F.,.F.,(9,7,7,7,7,7,7,7,7,7,7,7,7,7,7,7,9),(0.,
    0.106991883795,0.214175378111,0.319846282916,0.422847325799,
    0.52449744428,0.626023471327,0.728515848075,0.832679324343,
    0.890287816523,0.946887875191,0.970772527995,0.984448479132,
    0.992164730063,0.996269955091,0.998520299417,1.),.UNSPECIFIED.);
#5496 = CARTESIAN_POINT('',(114.18591921838,32.750815987068,
    44.20915303003));
#5497 = CARTESIAN_POINT('',(114.04168504442,32.750020478351,
    44.210058016537));
#5498 = CARTESIAN_POINT('',(113.89624218491,32.749984966509,
    44.214600171095));
#5499 = CARTESIAN_POINT('',(113.74968044809,32.750732312849,
    44.222887161673));
#5500 = CARTESIAN_POINT('',(113.60209705115,32.752284355255,
    44.235023187658));
#5501 = CARTESIAN_POINT('',(113.4535964203,32.754661660792,
    44.251108023095));
#5502 = CARTESIAN_POINT('',(113.30428999071,32.757883278307,
    44.271236059932));
#5503 = CARTESIAN_POINT('',(113.1542960066,32.761966491035,
    44.295495351268));
#5504 = CARTESIAN_POINT('',(112.85291300556,32.771895530308,
    44.352488946848));
#5505 = CARTESIAN_POINT('',(112.7015219513,32.777744495763,
    44.385238336865));
#5506 = CARTESIAN_POINT('',(112.54969149314,32.784488834664,
    44.422296049627));
#5507 = CARTESIAN_POINT('',(112.39755360384,32.792141863459,
    44.463735877243));
#5508 = CARTESIAN_POINT('',(112.24524626169,32.800714631564,
    44.509623285801));
#5509 = CARTESIAN_POINT('',(112.092912818,32.810215706978,
    44.560014522209));
#5510 = CARTESIAN_POINT('',(111.94070136457,32.820650961912,
    44.614955721036));
#5511 = CARTESIAN_POINT('',(111.63897099927,32.843235265924,
    44.733168257766));
#5512 = CARTESIAN_POINT('',(111.48944435389,32.855358050203,
    44.796311095449));
#5513 = CARTESIAN_POINT('',(111.34032985426,32.868394600747,
    44.863944350358));
#5514 = CARTESIAN_POINT('',(111.19177697159,32.882345040754,
    44.936091384434));
#5515 = CARTESIAN_POINT('',(111.04393802047,32.897206635975,
    45.012764613665));
#5516 = CARTESIAN_POINT('',(110.89696722016,32.912973703587,
    45.093965026156));
#5517 = CARTESIAN_POINT('',(110.75101975587,32.929637521061,
    45.17968170019));
#5518 = CARTESIAN_POINT('',(110.46513962943,32.96429156638,
    45.357821724429));
#5519 = CARTESIAN_POINT('',(110.32514810588,32.98223764936,
    45.450020926895));
#5520 = CARTESIAN_POINT('',(110.18641995373,33.001013569296,
    45.546467582336));
#5521 = CARTESIAN_POINT('',(110.04909874593,33.020605592058,
    45.647129156294));
#5522 = CARTESIAN_POINT('',(109.9133269976,33.040997214878,
    45.751962008953));
#5523 = CARTESIAN_POINT('',(109.77924521946,33.062169217167,
    45.86091147689));
#5524 = CARTESIAN_POINT('',(109.64699097138,33.084099711329,
    45.973911954827));
#5525 = CARTESIAN_POINT('',(109.38811373687,33.129131416677,
    46.206327797872));
#5526 = CARTESIAN_POINT('',(109.26143959357,33.152213512058,
    46.325639621692));
#5527 = CARTESIAN_POINT('',(109.13680401209,33.175986969643,
    46.448749212743));
#5528 = CARTESIAN_POINT('',(109.01433170081,33.200425830974,
    46.575573081441));
#5529 = CARTESIAN_POINT('',(108.89414279004,33.225501825855,
    46.70601809103));
#5530 = CARTESIAN_POINT('',(108.77635207164,33.251184508984,
    46.839982063898));
#5531 = CARTESIAN_POINT('',(108.6610682387,33.2774413966,46.977354387897
    ));
#5532 = CARTESIAN_POINT('',(108.43585556208,33.331002097015,
    47.258507141148));
#5533 = CARTESIAN_POINT('',(108.32592032391,33.358304614014,
    47.40227956583));
#5534 = CARTESIAN_POINT('',(108.21868901724,33.386111359187,
    47.549216146779));
#5535 = CARTESIAN_POINT('',(108.11425634881,33.414386230934,
    47.69919137667));
#5536 = CARTESIAN_POINT('',(108.01270969412,33.443091393585,
    47.852073095023));
#5537 = CARTESIAN_POINT('',(107.91412866585,33.472187350001,
    48.00772359244));
#5538 = CARTESIAN_POINT('',(107.81858468246,33.501633014188,
    48.166000714855));
#5539 = CARTESIAN_POINT('',(107.63281648469,33.561421747776,
    48.489047357285));
#5540 = CARTESIAN_POINT('',(107.54265155461,33.591770779109,
    48.653864266539));
#5541 = CARTESIAN_POINT('',(107.45571054535,33.622388661908,
    48.82106051022));
#5542 = CARTESIAN_POINT('',(107.37204928051,33.653230008087,
    48.990483110104));
#5543 = CARTESIAN_POINT('',(107.29171458953,33.684247630276,
    49.161977351847));
#5544 = CARTESIAN_POINT('',(107.21474428905,33.715391914647,
    49.335388841773));
#5545 = CARTESIAN_POINT('',(107.14116716411,33.746610193742,
    49.510565563661));
#5546 = CARTESIAN_POINT('',(106.99969473386,33.809591334818,
    49.867036872919));
#5547 = CARTESIAN_POINT('',(106.93191167711,33.841354414074,
    50.04838499802));
#5548 = CARTESIAN_POINT('',(106.86767458328,33.873076685914,
    50.231248882101));
#5549 = CARTESIAN_POINT('',(106.80699483178,33.90469220986,
    50.41548145791));
#5550 = CARTESIAN_POINT('',(106.74987456149,33.936129856816,
    50.60094312466));
#5551 = CARTESIAN_POINT('',(106.69630703573,33.967308986954,
    50.787507862498));
#5552 = CARTESIAN_POINT('',(106.64627718822,33.998128724746,
    50.975076356418));
#5553 = CARTESIAN_POINT('',(106.57403692484,34.045220728774,
    51.26785858587));
#5554 = CARTESIAN_POINT('',(106.54938665503,34.061838235637,
    51.37241218844));
#5555 = CARTESIAN_POINT('',(106.52580769997,34.078280072594,
    51.477247956647));
#5556 = CARTESIAN_POINT('',(106.50329552609,34.094518132814,
    51.582362753445));
#5557 = CARTESIAN_POINT('',(106.48184493092,34.110519642746,
    51.687759159744));
#5558 = CARTESIAN_POINT('',(106.46145009881,34.126244565841,
    51.793448413447));
#5559 = CARTESIAN_POINT('',(106.44210468829,34.141640249019,
    51.899456413258));
#5560 = CARTESIAN_POINT('',(106.40581960196,34.171363922056,
    52.110347048614));
#5561 = CARTESIAN_POINT('',(106.38884382876,34.18570555618,
    52.215216699382));
#5562 = CARTESIAN_POINT('',(106.37286812478,34.199589368486,
    52.320488529922));
#5563 = CARTESIAN_POINT('',(106.35788576237,34.212920223045,
    52.426238820921));
#5564 = CARTESIAN_POINT('',(106.3438896873,34.225585959543,
    52.532563104428));
#5565 = CARTESIAN_POINT('',(106.33087322151,34.237394601765,
    52.639645951177));
#5566 = CARTESIAN_POINT('',(106.31882964994,34.248110979387,
    52.747720338798));
#5567 = CARTESIAN_POINT('',(106.30308211847,34.26099715315,
    52.903659457492));
#5568 = CARTESIAN_POINT('',(106.29858152189,34.264526701704,
    52.950218332944));
#5569 = CARTESIAN_POINT('',(106.29425327473,34.267718674672,
    52.997105563327));
#5570 = CARTESIAN_POINT('',(106.29009719208,34.270521615052,
    53.044376243292));
#5571 = CARTESIAN_POINT('',(106.28611331036,34.27286502835,
    53.092106306101));
#5572 = CARTESIAN_POINT('',(106.2823018875,34.274658542063,
    53.140393462007));
#5573 = CARTESIAN_POINT('',(106.27866357217,34.275776125387,
    53.189374686828));
#5574 = CARTESIAN_POINT('',(106.27321685402,34.276129236888,
    53.267866908359));
#5575 = CARTESIAN_POINT('',(106.27129102725,34.275965092622,
    53.296750919149));
#5576 = CARTESIAN_POINT('',(106.26942282603,34.275466559164,
    53.325985772704));
#5577 = CARTESIAN_POINT('',(106.26761265568,34.274584280196,
    53.355625613282));
#5578 = CARTESIAN_POINT('',(106.26586116773,34.273250074307,
    53.38574485312));
#5579 = CARTESIAN_POINT('',(106.2641692491,34.271377065996,
    53.416438039105));
#5580 = CARTESIAN_POINT('',(106.26253819206,34.268844320977,
    53.447836789387));
#5581 = CARTESIAN_POINT('',(106.26008575739,34.263517984001,
    53.49841815623));
#5582 = CARTESIAN_POINT('',(106.25922134316,34.26131928183,
    53.51696016984));
#5583 = CARTESIAN_POINT('',(106.25837750337,34.258803714132,
    53.535843187203));
#5584 = CARTESIAN_POINT('',(106.25755474782,34.255925414033,
    53.555117415757));
#5585 = CARTESIAN_POINT('',(106.25675386161,34.252619239525,
    53.574853301245));
#5586 = CARTESIAN_POINT('',(106.25597587249,34.248802724701,
    53.595139419321));
#5587 = CARTESIAN_POINT('',(106.25522223043,34.244360601731,
    53.616099380361));
#5588 = CARTESIAN_POINT('',(106.25410900998,34.236270154001,
    53.649594627886));
#5589 = CARTESIAN_POINT('',(106.25373014023,34.233223811859,
    53.661479883515));
#5590 = CARTESIAN_POINT('',(106.25335934272,34.229907163347,
    53.673655885076));
#5591 = CARTESIAN_POINT('',(106.25299708983,34.226281788705,
    53.686164194319));
#5592 = CARTESIAN_POINT('',(106.25264412498,34.222292385212,
    53.699063380125));
#5593 = CARTESIAN_POINT('',(106.25230141959,34.217869529286,
    53.712426086432));
#5594 = CARTESIAN_POINT('',(106.25197033847,34.212916373752,
    53.726353338611));
#5595 = CARTESIAN_POINT('',(106.25147969634,34.204141517125,
    53.749089233546));
#5596 = CARTESIAN_POINT('',(106.25131033788,34.200821963189,
    53.757361969037));
#5597 = CARTESIAN_POINT('',(106.25114568729,34.197256687567,
    53.765894498235));
#5598 = CARTESIAN_POINT('',(106.25098621594,34.193409603394,
    53.774725335827));
#5599 = CARTESIAN_POINT('',(106.25083275249,34.189226150601,
    53.783910160192));
#5600 = CARTESIAN_POINT('',(106.25068638336,34.184639548946,
    53.793515395335));
#5601 = CARTESIAN_POINT('',(106.25054863863,34.179557141812,
    53.803632534937));
#5602 = CARTESIAN_POINT('',(106.2503396865,34.169989831625,
    53.821573359482));
#5603 = CARTESIAN_POINT('',(106.25026258383,34.165928793108,
    53.82893447282));
#5604 = CARTESIAN_POINT('',(106.25019121926,34.161527594,53.83664234189)
  );
#5605 = CARTESIAN_POINT('',(106.25012688039,34.156684815513,
    53.844806405927));
#5606 = CARTESIAN_POINT('',(106.25007086558,34.151328118863,
    53.8534958995));
#5607 = CARTESIAN_POINT('',(106.25002745784,34.14527031929,
    53.862868128691));
#5608 = CARTESIAN_POINT('',(106.25,34.138403704093,53.872991713561));
#5609 = CARTESIAN_POINT('',(106.25,34.130214415714,53.884302638869));
#5610 = ORIENTED_EDGE('',*,*,#2304,.F.);
#5611 = ORIENTED_EDGE('',*,*,#5355,.F.);
#5612 = ORIENTED_EDGE('',*,*,#5393,.F.);
#5613 = ORIENTED_EDGE('',*,*,#5614,.F.);
#5614 = EDGE_CURVE('',#5039,#5394,#5615,.T.);
#5615 = B_SPLINE_CURVE_WITH_KNOTS('',4,(#5616,#5617,#5618,#5619,#5620),
  .UNSPECIFIED.,.F.,.F.,(5,5),(0.,1.),.PIECEWISE_BEZIER_KNOTS.);
#5616 = CARTESIAN_POINT('',(114.25,1.207459787736,37.009346451892));
#5617 = CARTESIAN_POINT('',(114.23397933369,1.207459787736,
    37.009346451892));
#5618 = CARTESIAN_POINT('',(114.21795881882,1.207471786272,
    37.009389419739));
#5619 = CARTESIAN_POINT('',(114.20193854912,1.207495782832,
    37.009475353606));
#5620 = CARTESIAN_POINT('',(114.18591861842,1.207531777228,
    37.00960425282));
#5621 = ORIENTED_EDGE('',*,*,#5048,.T.);
#5622 = ORIENTED_EDGE('',*,*,#5623,.F.);
#5623 = EDGE_CURVE('',#5493,#5049,#5624,.T.);
#5624 = B_SPLINE_CURVE_WITH_KNOTS('',4,(#5625,#5626,#5627,#5628,#5629),
  .UNSPECIFIED.,.F.,.F.,(5,5),(0.,1.),.PIECEWISE_BEZIER_KNOTS.);
#5625 = CARTESIAN_POINT('',(114.18591861842,32.750815983759,
    44.209153033794));
#5626 = CARTESIAN_POINT('',(114.2019385491,32.750904340863,
    44.209052516999));
#5627 = CARTESIAN_POINT('',(114.21795881886,32.750963246324,
    44.208985504978));
#5628 = CARTESIAN_POINT('',(114.23397933356,32.75099269968,
    44.208951998254));
#5629 = CARTESIAN_POINT('',(114.25,32.75099269968,44.208951998254));
#5630 = TOROIDAL_SURFACE('',#5631,70.,8.);
#5631 = AXIS2_PLACEMENT_3D('',#5632,#5633,#5634);
#5632 = CARTESIAN_POINT('',(114.25,0.,115.));
#5633 = DIRECTION('',(-1.,-0.,2.22044604925E-16));
#5634 = DIRECTION('',(-2.22044604925E-16,0.,-1.));
#5635 = ADVANCED_FACE('',(#5636),#5642,.T.);
#5636 = FACE_BOUND('',#5637,.T.);
#5637 = EDGE_LOOP('',(#5638,#5639,#5640,#5641));
#5638 = ORIENTED_EDGE('',*,*,#2796,.T.);
#5639 = ORIENTED_EDGE('',*,*,#5371,.T.);
#5640 = ORIENTED_EDGE('',*,*,#5187,.F.);
#5641 = ORIENTED_EDGE('',*,*,#2893,.F.);
#5642 = B_SPLINE_SURFACE_WITH_KNOTS('',1,1,(
    (#5643,#5644)
    ,(#5645,#5646
    )),.UNSPECIFIED.,.F.,.F.,.F.,(2,2),(2,2),(0.,38.),(0.,1.),
  .PIECEWISE_BEZIER_KNOTS.);
#5643 = CARTESIAN_POINT('',(106.25,-33.21001197257,54.88265554117));
#5644 = CARTESIAN_POINT('',(105.25,-58.87357294492,-89.01446617507));
#5645 = CARTESIAN_POINT('',(106.25,3.837248690338,46.42686005083));
#5646 = CARTESIAN_POINT('',(105.25,-35.47530305255,-94.35496859002));
#5647 = ADVANCED_FACE('',(#5648),#5725,.F.);
#5648 = FACE_BOUND('',#5649,.F.);
#5649 = EDGE_LOOP('',(#5650,#5672,#5673,#5674,#5696));
#5650 = ORIENTED_EDGE('',*,*,#5651,.F.);
#5651 = EDGE_CURVE('',#2314,#5652,#5654,.T.);
#5652 = VERTEX_POINT('',#5653);
#5653 = CARTESIAN_POINT('',(105.25,129.06175078361,-53.23486585776));
#5654 = B_SPLINE_CURVE_WITH_KNOTS('',6,(#5655,#5656,#5657,#5658,#5659,
    #5660,#5661,#5662,#5663,#5664,#5665,#5666,#5667,#5668,#5669,#5670,
    #5671),.UNSPECIFIED.,.F.,.F.,(7,5,5,7),(-9.000422918949,
    -5.474960499456E-02,146.55481105679,155.50048437074),.UNSPECIFIED.);
#5655 = CARTESIAN_POINT('',(106.31419941632,26.364025982272,
    63.596104426142));
#5656 = CARTESIAN_POINT('',(106.30399941632,27.348349763048,
    62.476318154304));
#5657 = CARTESIAN_POINT('',(106.29379941632,28.332673543825,
    61.356531882465));
#5658 = CARTESIAN_POINT('',(106.28359941632,29.316997324601,
    60.236745610626));
#5659 = CARTESIAN_POINT('',(106.27339941632,30.301321105377,
    59.116959338788));
#5660 = CARTESIAN_POINT('',(106.26319941632,31.285644886153,
    57.997173066949));
#5661 = CARTESIAN_POINT('',(106.08583284693,48.401932353043,
    38.525344686298));
#5662 = CARTESIAN_POINT('',(105.91866627754,64.533896039158,
    20.173302577486));
#5663 = CARTESIAN_POINT('',(105.75149970816,80.665859725271,
    1.821260468675));
#5664 = CARTESIAN_POINT('',(105.58433313877,96.797823411386,
    -16.53078164013));
#5665 = CARTESIAN_POINT('',(105.41716656938,112.9297870975,
    -34.88282374894));
#5666 = CARTESIAN_POINT('',(105.2398,130.04607456439,-54.3546521296));
#5667 = CARTESIAN_POINT('',(105.2296,131.03039834516,-55.47443840143));
#5668 = CARTESIAN_POINT('',(105.2194,132.01472212594,-56.59422467327));
#5669 = CARTESIAN_POINT('',(105.2092,132.99904590671,-57.71401094511));
#5670 = CARTESIAN_POINT('',(105.199,133.98336968749,-58.83379721695));
#5671 = CARTESIAN_POINT('',(105.1888,134.96769346827,-59.95358348879));
#5672 = ORIENTED_EDGE('',*,*,#2313,.F.);
#5673 = ORIENTED_EDGE('',*,*,#5492,.F.);
#5674 = ORIENTED_EDGE('',*,*,#5675,.T.);
#5675 = EDGE_CURVE('',#5493,#5676,#5678,.T.);
#5676 = VERTEX_POINT('',#5677);
#5677 = CARTESIAN_POINT('',(113.25281177045,122.79786020443,
    -58.23015190552));
#5678 = B_SPLINE_CURVE_WITH_KNOTS('',6,(#5679,#5680,#5681,#5682,#5683,
    #5684,#5685,#5686,#5687,#5688,#5689,#5690,#5691,#5692,#5693,#5694,
    #5695),.UNSPECIFIED.,.F.,.F.,(7,5,5,7),(-9.000422918949,
    -5.474960499456E-02,146.55481105679,155.50048437074),.UNSPECIFIED.);
#5679 = CARTESIAN_POINT('',(114.31401177045,20.389586071126,
    58.271533552826));
#5680 = CARTESIAN_POINT('',(114.30381177045,21.373909851903,
    57.151747280987));
#5681 = CARTESIAN_POINT('',(114.29361177045,22.358233632679,
    56.031961009149));
#5682 = CARTESIAN_POINT('',(114.28341177045,23.342557413455,
    54.91217473731));
#5683 = CARTESIAN_POINT('',(114.27321177045,24.326881194231,
    53.792388465471));
#5684 = CARTESIAN_POINT('',(114.26301177045,25.311204975008,
    52.672602193633));
#5685 = CARTESIAN_POINT('',(114.08564520106,42.427492441898,
    33.200773812982));
#5686 = CARTESIAN_POINT('',(113.91847863168,58.559456128012,
    14.84873170417));
#5687 = CARTESIAN_POINT('',(113.75131206229,74.691419814126,
    -3.503310404641));
#5688 = CARTESIAN_POINT('',(113.5841454929,90.82338350024,
    -21.85535251345));
#5689 = CARTESIAN_POINT('',(113.41697892352,106.95534718635,
    -40.20739462226));
#5690 = CARTESIAN_POINT('',(113.23961235413,124.07163465324,
    -59.67922300291));
#5691 = CARTESIAN_POINT('',(113.22941235413,125.05595843402,
    -60.79900927475));
#5692 = CARTESIAN_POINT('',(113.21921235413,126.04028221479,
    -61.91879554659));
#5693 = CARTESIAN_POINT('',(113.20901235413,127.02460599557,
    -63.03858181843));
#5694 = CARTESIAN_POINT('',(113.19881235413,128.00892977634,
    -64.15836809027));
#5695 = CARTESIAN_POINT('',(113.18861235413,128.99325355712,
    -65.2781543621));
#5696 = ORIENTED_EDGE('',*,*,#5697,.F.);
#5697 = EDGE_CURVE('',#5652,#5676,#5698,.T.);
#5698 = B_SPLINE_CURVE_WITH_KNOTS('',7,(#5699,#5700,#5701,#5702,#5703,
    #5704,#5705,#5706,#5707,#5708,#5709,#5710,#5711,#5712,#5713,#5714,
    #5715,#5716,#5717,#5718,#5719,#5720,#5721,#5722,#5723,#5724),
  .UNSPECIFIED.,.F.,.F.,(8,6,6,6,8),(0.,0.249928743901,0.500002573608,
    0.75007469467,1.),.UNSPECIFIED.);
#5699 = CARTESIAN_POINT('',(105.25,129.06175078361,-53.23486585776));
#5700 = CARTESIAN_POINT('',(105.25,128.74529868775,-53.48722798306));
#5701 = CARTESIAN_POINT('',(105.27383819558,128.4211558147,
    -53.74572329852));
#5702 = CARTESIAN_POINT('',(105.32359432234,128.09096633999,
    -54.00904061788));
#5703 = CARTESIAN_POINT('',(105.40114205148,127.75677955409,
    -54.27554568656));
#5704 = CARTESIAN_POINT('',(105.50793494098,127.42105451967,
    -54.54327746749));
#5705 = CARTESIAN_POINT('',(105.64482565966,127.08656992885,
    -54.81002002766));
#5706 = CARTESIAN_POINT('',(105.9791083073,126.42571663182,-55.337032946
    ));
#5707 = CARTESIAN_POINT('',(106.17653673398,126.09935170327,
    -55.59730029158));
#5708 = CARTESIAN_POINT('',(106.40431197658,125.78006409918,
    -55.85192365924));
#5709 = CARTESIAN_POINT('',(106.66181077775,125.47090696463,
    -56.09846824702));
#5710 = CARTESIAN_POINT('',(106.94756177427,125.17488961225,
    -56.3345342082));
#5711 = CARTESIAN_POINT('',(107.25928974598,124.89471802013,
    -56.55796359723));
#5712 = CARTESIAN_POINT('',(107.9289651319,124.37055558579,
    -56.97596919007));
#5713 = CARTESIAN_POINT('',(108.28691352626,124.12656348205,
    -57.1705463999));
#5714 = CARTESIAN_POINT('',(108.6651074233,123.90290306381,
    -57.3489096316));
#5715 = CARTESIAN_POINT('',(109.06008979757,123.70135539591,
    -57.50963853334));
#5716 = CARTESIAN_POINT('',(109.46801591372,123.52307240279,
    -57.65181447604));
#5717 = CARTESIAN_POINT('',(109.88498488426,123.36854214641,
    -57.77504824328));
#5718 = CARTESIAN_POINT('',(110.72929958832,123.10689485969,
    -57.98370499171));
#5719 = CARTESIAN_POINT('',(111.15664044095,122.99974892821,
    -58.0691510208));
#5720 = CARTESIAN_POINT('',(111.58556643202,122.91616084224,
    -58.13581029499));
#5721 = CARTESIAN_POINT('',(112.01252727248,122.85546330118,
    -58.18421496875));
#5722 = CARTESIAN_POINT('',(112.43438105457,122.81651861205,
    -58.21527232196));
#5723 = CARTESIAN_POINT('',(112.84850945184,122.79786020443,
    -58.23015190552));
#5724 = CARTESIAN_POINT('',(113.25281177045,122.79786020443,
    -58.23015190552));
#5725 = ( BOUNDED_SURFACE() B_SPLINE_SURFACE(2,6,(
    (#5726,#5727,#5728,#5729,#5730,#5731,#5732,#5733,#5734,#5735,#5736
      ,#5737,#5738,#5739,#5740,#5741,#5742)
    ,(#5743,#5744,#5745,#5746,#5747,#5748,#5749,#5750,#5751,#5752,#5753
      ,#5754,#5755,#5756,#5757,#5758,#5759)
    ,(#5760,#5761,#5762,#5763,#5764,#5765,#5766,#5767,#5768,#5769,#5770
      ,#5771,#5772,#5773,#5774,#5775,#5776
)),.UNSPECIFIED.,.F.,.F.,.F.) B_SPLINE_SURFACE_WITH_KNOTS((3,3),(7,5,5,7
    ),(0.,146.60956066178),(-9.000422918949,-5.474960499456E-02,
    146.55481105679,155.50048437074),.UNSPECIFIED.) 
GEOMETRIC_REPRESENTATION_ITEM() RATIONAL_B_SPLINE_SURFACE((
    (1.,1.,1.,1.,1.,1.,1.,1.,1.,1.,1.,1.,1.,1.,1.,1.,1.)
    ,(0.706990803572,0.706990803572,0.706990803572,0.706990803572
      ,0.706990803572,0.706990803572,0.706990803572,0.706990803572
      ,0.706990803572,0.706990803572,0.706990803572,0.706990803572
      ,0.706990803572,0.706990803572,0.706990803572,0.706990803572
      ,0.706990803572)
    ,(1.,1.,1.,1.,1.,1.,1.,1.,1.,1.,1.,1.,1.,1.,1.,1.,1.
))) REPRESENTATION_ITEM('') SURFACE() );
#5726 = CARTESIAN_POINT('',(106.31419941632,26.364025982272,
    63.596104426142));
#5727 = CARTESIAN_POINT('',(106.30399941632,27.348349763048,
    62.476318154304));
#5728 = CARTESIAN_POINT('',(106.29379941632,28.332673543825,
    61.356531882465));
#5729 = CARTESIAN_POINT('',(106.28359941632,29.316997324601,
    60.236745610626));
#5730 = CARTESIAN_POINT('',(106.27339941632,30.301321105377,
    59.116959338788));
#5731 = CARTESIAN_POINT('',(106.26319941632,31.285644886153,
    57.997173066949));
#5732 = CARTESIAN_POINT('',(106.08583284693,48.401932353043,
    38.525344686298));
#5733 = CARTESIAN_POINT('',(105.91866627754,64.533896039158,
    20.173302577486));
#5734 = CARTESIAN_POINT('',(105.75149970816,80.665859725271,
    1.821260468675));
#5735 = CARTESIAN_POINT('',(105.58433313877,96.797823411386,
    -16.53078164013));
#5736 = CARTESIAN_POINT('',(105.41716656938,112.9297870975,
    -34.88282374894));
#5737 = CARTESIAN_POINT('',(105.2398,130.04607456439,-54.3546521296));
#5738 = CARTESIAN_POINT('',(105.2296,131.03039834516,-55.47443840143));
#5739 = CARTESIAN_POINT('',(105.2194,132.01472212594,-56.59422467327));
#5740 = CARTESIAN_POINT('',(105.2092,132.99904590671,-57.71401094511));
#5741 = CARTESIAN_POINT('',(105.199,133.98336968749,-58.83379721695));
#5742 = CARTESIAN_POINT('',(105.1888,134.96769346827,-59.95358348879));
#5743 = CARTESIAN_POINT('',(106.31157455825,20.35344032583,
    58.312653670168));
#5744 = CARTESIAN_POINT('',(106.30137455825,21.337764106607,
    57.192867398329));
#5745 = CARTESIAN_POINT('',(106.29117455825,22.322087887383,
    56.073081126491));
#5746 = CARTESIAN_POINT('',(106.28097455825,23.306411668159,
    54.953294854652));
#5747 = CARTESIAN_POINT('',(106.27077455825,24.290735448935,
    53.833508582813));
#5748 = CARTESIAN_POINT('',(106.26057455825,25.275059229712,
    52.713722310975));
#5749 = CARTESIAN_POINT('',(106.08320798887,42.391346696602,
    33.241893930324));
#5750 = CARTESIAN_POINT('',(105.91604141948,58.523310382716,
    14.889851821512));
#5751 = CARTESIAN_POINT('',(105.74887485009,74.65527406883,-3.4621902873
    ));
#5752 = CARTESIAN_POINT('',(105.58170828071,90.787237754944,
    -21.81423239611));
#5753 = CARTESIAN_POINT('',(105.41454171132,106.91920144105,
    -40.16627450492));
#5754 = CARTESIAN_POINT('',(105.23717514193,124.03548890794,
    -59.63810288557));
#5755 = CARTESIAN_POINT('',(105.22697514193,125.01981268872,
    -60.75788915741));
#5756 = CARTESIAN_POINT('',(105.21677514193,126.0041364695,
    -61.87767542925));
#5757 = CARTESIAN_POINT('',(105.20657514193,126.98846025027,
    -62.99746170109));
#5758 = CARTESIAN_POINT('',(105.19637514193,127.97278403105,
    -64.11724797292));
#5759 = CARTESIAN_POINT('',(105.18617514193,128.95710781183,
    -65.23703424476));
#5760 = CARTESIAN_POINT('',(114.31401177045,20.389586071126,
    58.271533552826));
#5761 = CARTESIAN_POINT('',(114.30381177045,21.373909851903,
    57.151747280987));
#5762 = CARTESIAN_POINT('',(114.29361177045,22.358233632679,
    56.031961009149));
#5763 = CARTESIAN_POINT('',(114.28341177045,23.342557413455,
    54.91217473731));
#5764 = CARTESIAN_POINT('',(114.27321177045,24.326881194231,
    53.792388465471));
#5765 = CARTESIAN_POINT('',(114.26301177045,25.311204975008,
    52.672602193633));
#5766 = CARTESIAN_POINT('',(114.08564520106,42.427492441898,
    33.200773812982));
#5767 = CARTESIAN_POINT('',(113.91847863168,58.559456128012,
    14.84873170417));
#5768 = CARTESIAN_POINT('',(113.75131206229,74.691419814126,
    -3.503310404641));
#5769 = CARTESIAN_POINT('',(113.5841454929,90.82338350024,
    -21.85535251345));
#5770 = CARTESIAN_POINT('',(113.41697892352,106.95534718635,
    -40.20739462226));
#5771 = CARTESIAN_POINT('',(113.23961235413,124.07163465324,
    -59.67922300291));
#5772 = CARTESIAN_POINT('',(113.22941235413,125.05595843402,
    -60.79900927475));
#5773 = CARTESIAN_POINT('',(113.21921235413,126.04028221479,
    -61.91879554659));
#5774 = CARTESIAN_POINT('',(113.20901235413,127.02460599557,
    -63.03858181843));
#5775 = CARTESIAN_POINT('',(113.19881235413,128.00892977634,
    -64.15836809027));
#5776 = CARTESIAN_POINT('',(113.18861235413,128.99325355712,
    -65.2781543621));
#5777 = ADVANCED_FACE('',(#5778),#5810,.T.);
#5778 = FACE_BOUND('',#5779,.T.);
#5779 = EDGE_LOOP('',(#5780,#5781,#5803,#5809));
#5780 = ORIENTED_EDGE('',*,*,#2350,.T.);
#5781 = ORIENTED_EDGE('',*,*,#5782,.T.);
#5782 = EDGE_CURVE('',#2351,#5783,#5785,.T.);
#5783 = VERTEX_POINT('',#5784);
#5784 = CARTESIAN_POINT('',(105.25,135.29792520448,-48.26168270868));
#5785 = B_SPLINE_CURVE_WITH_KNOTS('',6,(#5786,#5787,#5788,#5789,#5790,
    #5791,#5792,#5793,#5794,#5795,#5796,#5797,#5798,#5799,#5800,#5801,
    #5802),.UNSPECIFIED.,.F.,.F.,(7,5,5,7),(-9.00042291895,
    -5.474960499524E-02,146.55481105679,155.50048437074),.UNSPECIFIED.);
#5786 = CARTESIAN_POINT('',(106.31419941632,44.24854490541,
    77.858532340308));
#5787 = CARTESIAN_POINT('',(106.30399941632,45.12122315049,
    76.649711724764));
#5788 = CARTESIAN_POINT('',(106.29379941632,45.993901395569,
    75.44089110922));
#5789 = CARTESIAN_POINT('',(106.28359941632,46.866579640649,
    74.232070493676));
#5790 = CARTESIAN_POINT('',(106.27339941632,47.739257885729,
    73.023249878132));
#5791 = CARTESIAN_POINT('',(106.26319941632,48.611936130809,
    71.814429262588));
#5792 = CARTESIAN_POINT('',(106.08583284693,63.786832847322,
    50.794393421089));
#5793 = CARTESIAN_POINT('',(105.91866627754,78.089051318755,
    30.983178195136));
#5794 = CARTESIAN_POINT('',(105.75149970816,92.39126979019,
    11.171962969179));
#5795 = CARTESIAN_POINT('',(105.58433313877,106.69348826162,
    -8.639252256774));
#5796 = CARTESIAN_POINT('',(105.41716656938,120.99570673305,
    -28.45046748272));
#5797 = CARTESIAN_POINT('',(105.2398,136.17060344956,-49.47050332422));
#5798 = CARTESIAN_POINT('',(105.2296,137.04328169464,-50.67932393977));
#5799 = CARTESIAN_POINT('',(105.2194,137.91595993972,-51.88814455531));
#5800 = CARTESIAN_POINT('',(105.2092,138.7886381848,-53.09696517086));
#5801 = CARTESIAN_POINT('',(105.199,139.66131642988,-54.3057857864));
#5802 = CARTESIAN_POINT('',(105.1888,140.53399467496,-55.51460640194));
#5803 = ORIENTED_EDGE('',*,*,#5804,.F.);
#5804 = EDGE_CURVE('',#5652,#5783,#5805,.T.);
#5805 = LINE('',#5806,#5807);
#5806 = CARTESIAN_POINT('',(105.25,122.79786020443,-58.23015190552));
#5807 = VECTOR('',#5808,1.);
#5808 = DIRECTION('',(1.384425467285E-16,0.781831482468,0.623489801859)
  );
#5809 = ORIENTED_EDGE('',*,*,#5651,.F.);
#5810 = B_SPLINE_SURFACE_WITH_KNOTS('',1,1,(
    (#5811,#5812)
    ,(#5813,#5814
    )),.UNSPECIFIED.,.F.,.F.,.F.,(2,2),(2,2),(0.,38.),(0.,1.),
  .PIECEWISE_BEZIER_KNOTS.);
#5811 = CARTESIAN_POINT('',(106.25,26.295528755784,51.552815921794));
#5812 = CARTESIAN_POINT('',(105.25,122.79786020443,-58.23015190552));
#5813 = CARTESIAN_POINT('',(106.25,56.005125089569,75.245428392426));
#5814 = CARTESIAN_POINT('',(105.25,141.56181578366,-43.26639666091));
#5815 = ADVANCED_FACE('',(#5816),#5990,.T.);
#5816 = FACE_BOUND('',#5817,.T.);
#5817 = EDGE_LOOP('',(#5818,#5819,#5820,#5939,#5961));
#5818 = ORIENTED_EDGE('',*,*,#5782,.F.);
#5819 = ORIENTED_EDGE('',*,*,#2358,.F.);
#5820 = ORIENTED_EDGE('',*,*,#5821,.F.);
#5821 = EDGE_CURVE('',#5822,#2359,#5824,.T.);
#5822 = VERTEX_POINT('',#5823);
#5823 = CARTESIAN_POINT('',(114.18591921838,61.728230476742,
    67.31786996416));
#5824 = B_SPLINE_CURVE_WITH_KNOTS('',8,(#5825,#5826,#5827,#5828,#5829,
    #5830,#5831,#5832,#5833,#5834,#5835,#5836,#5837,#5838,#5839,#5840,
    #5841,#5842,#5843,#5844,#5845,#5846,#5847,#5848,#5849,#5850,#5851,
    #5852,#5853,#5854,#5855,#5856,#5857,#5858,#5859,#5860,#5861,#5862,
    #5863,#5864,#5865,#5866,#5867,#5868,#5869,#5870,#5871,#5872,#5873,
    #5874,#5875,#5876,#5877,#5878,#5879,#5880,#5881,#5882,#5883,#5884,
    #5885,#5886,#5887,#5888,#5889,#5890,#5891,#5892,#5893,#5894,#5895,
    #5896,#5897,#5898,#5899,#5900,#5901,#5902,#5903,#5904,#5905,#5906,
    #5907,#5908,#5909,#5910,#5911,#5912,#5913,#5914,#5915,#5916,#5917,
    #5918,#5919,#5920,#5921,#5922,#5923,#5924,#5925,#5926,#5927,#5928,
    #5929,#5930,#5931,#5932,#5933,#5934,#5935,#5936,#5937,#5938),
  .UNSPECIFIED.,.F.,.F.,(9,7,7,7,7,7,7,7,7,7,7,7,7,7,7,7,9),(0.,
    0.106991883795,0.214175378111,0.319846282916,0.422847325799,
    0.52449744428,0.626023471326,0.728515848074,0.832679324342,
    0.890287816522,0.946887875191,0.970772527995,0.984448479132,
    0.992164730063,0.996269955091,0.998520299417,1.),.UNSPECIFIED.);
#5825 = CARTESIAN_POINT('',(114.18591921838,61.728230476742,
    67.31786996416));
#5826 = CARTESIAN_POINT('',(114.04168504442,61.727525197479,
    67.318846906256));
#5827 = CARTESIAN_POINT('',(113.89624218491,61.723104826348,
    67.319892252216));
#5828 = CARTESIAN_POINT('',(113.74968044809,61.714859307719,
    67.321007672293));
#5829 = CARTESIAN_POINT('',(113.60209705115,61.702682195318,
    67.322195062667));
#5830 = CARTESIAN_POINT('',(113.4535964203,61.686471640039,
    67.323456573747));
#5831 = CARTESIAN_POINT('',(113.30428999071,61.666131377771,
    67.324794638465));
#5832 = CARTESIAN_POINT('',(113.1542960066,61.641571717207,
    67.326212000571));
#5833 = CARTESIAN_POINT('',(112.85291300556,61.583797650969,
    67.32921417116));
#5834 = CARTESIAN_POINT('',(112.7015219513,61.550567839278,
    67.330799276333));
#5835 = CARTESIAN_POINT('',(112.54969149314,61.512938484155,
    67.332470148943));
#5836 = CARTESIAN_POINT('',(112.39755360384,61.47083468042,
    67.334230226702));
#5837 = CARTESIAN_POINT('',(112.24524626169,61.424190144634,
    67.336083304802));
#5838 = CARTESIAN_POINT('',(112.092912818,61.372948133556,
    67.338033546173));
#5839 = CARTESIAN_POINT('',(111.94070136457,61.317062362617,
    67.340085491743));
#5840 = CARTESIAN_POINT('',(111.63897099927,61.196788180567,
    67.344372187463));
#5841 = CARTESIAN_POINT('',(111.48944435389,61.132530892376,
    67.34660394991));
#5842 = CARTESIAN_POINT('',(111.34032985426,61.06369243897,
    67.348944067955));
#5843 = CARTESIAN_POINT('',(111.19177697159,60.99025001673,
    67.35139762001));
#5844 = CARTESIAN_POINT('',(111.04393802047,60.912192129387,
    67.353970034587));
#5845 = CARTESIAN_POINT('',(110.89696722017,60.829519078157,
    67.356667071904));
#5846 = CARTESIAN_POINT('',(110.75101975587,60.742243451875,
    67.359494805486));
#5847 = CARTESIAN_POINT('',(110.46513962943,60.560858519438,
    67.365349494004));
#5848 = CARTESIAN_POINT('',(110.32514810588,60.466977564327,
    67.368369609435));
#5849 = CARTESIAN_POINT('',(110.18641995373,60.368770992661,
    67.371525840859));
#5850 = CARTESIAN_POINT('',(110.04909874593,60.266273579322,
    67.374824338463));
#5851 = CARTESIAN_POINT('',(109.9133269976,60.159531542197,
    67.378271480484));
#5852 = CARTESIAN_POINT('',(109.77924521946,60.048602451164,
    67.381873841854));
#5853 = CARTESIAN_POINT('',(109.64699097138,59.93355513709,
    67.385638162856));
#5854 = CARTESIAN_POINT('',(109.38811373687,59.696945947341,
    67.39345288684));
#5855 = CARTESIAN_POINT('',(109.26143959357,59.575489270624,
    67.39749888625));
#5856 = CARTESIAN_POINT('',(109.13680401209,59.450176202066,
    67.401715940061));
#5857 = CARTESIAN_POINT('',(109.01433170081,59.321093914293,
    67.406110777717));
#5858 = CARTESIAN_POINT('',(108.89414279004,59.18833949964,
    67.410690235746));
#5859 = CARTESIAN_POINT('',(108.77635207164,59.052019348627,
    67.415461259463));
#5860 = CARTESIAN_POINT('',(108.6610682387,58.912248528444,
    67.420430904675));
#5861 = CARTESIAN_POINT('',(108.43585556208,58.626226484633,
    67.430775456082));
#5862 = CARTESIAN_POINT('',(108.32592032391,58.479983353226,
    67.436149844405));
#5863 = CARTESIAN_POINT('',(108.21868901724,58.330543196233,
    67.441736737614));
#5864 = CARTESIAN_POINT('',(108.11425634881,58.178036407607,
    67.447543404159));
#5865 = CARTESIAN_POINT('',(108.01270969412,58.022600253521,
    67.453577322621));
#5866 = CARTESIAN_POINT('',(107.91412866585,57.864377779647,
    67.459846356635));
#5867 = CARTESIAN_POINT('',(107.81858468246,57.70351671845,
    67.46635892983));
#5868 = CARTESIAN_POINT('',(107.63281648469,57.37526528497,
    67.479953865206));
#5869 = CARTESIAN_POINT('',(107.54265155461,57.207827384942,
    67.487040960031));
#5870 = CARTESIAN_POINT('',(107.45571054535,57.038009980289,
    67.494395395776));
#5871 = CARTESIAN_POINT('',(107.37204928051,56.865972313552,
    67.502027381696));
#5872 = CARTESIAN_POINT('',(107.29171458953,56.691875720239,
    67.509948494896));
#5873 = CARTESIAN_POINT('',(107.21474428905,56.515881763171,
    67.518172749454));
#5874 = CARTESIAN_POINT('',(107.14116716411,56.338150366817,
    67.526717665556));
#5875 = CARTESIAN_POINT('',(106.99969473386,55.976601915196,
    67.544637921845));
#5876 = CARTESIAN_POINT('',(106.93191167711,55.792732616153,
    67.55402496347));
#5877 = CARTESIAN_POINT('',(106.86767458328,55.607394641874,
    67.563789077488));
#5878 = CARTESIAN_POINT('',(106.80699483178,55.420746045469,
    67.573961825569));
#5879 = CARTESIAN_POINT('',(106.74987456149,55.232938755352,
    67.584581489356));
#5880 = CARTESIAN_POINT('',(106.69630703573,55.044113575848,
    67.595698644815));
#5881 = CARTESIAN_POINT('',(106.64627718822,54.854389778841,
    67.607389538642));
#5882 = CARTESIAN_POINT('',(106.57403692484,54.558469254439,
    67.626628404618));
#5883 = CARTESIAN_POINT('',(106.54938665503,54.452839285828,
    67.63369289864));
#5884 = CARTESIAN_POINT('',(106.52580769997,54.346973316292,
    67.640991445916));
#5885 = CARTESIAN_POINT('',(106.50329552609,54.240880658584,
    67.648550750524));
#5886 = CARTESIAN_POINT('',(106.48184493092,54.134566089305,
    67.65640333862));
#5887 = CARTESIAN_POINT('',(106.46145009881,54.028027561278,
    67.664590743621));
#5888 = CARTESIAN_POINT('',(106.44210468829,53.921251541548,
    67.673170061488));
#5889 = CARTESIAN_POINT('',(106.40581960196,53.709034235238,
    67.691119204134));
#5890 = CARTESIAN_POINT('',(106.38884382876,53.603602571745,
    67.700472837352));
#5891 = CARTESIAN_POINT('',(106.37286812478,53.497880686901,
    67.71036230726));
#5892 = CARTESIAN_POINT('',(106.35788576237,53.391815382281,
    67.720897338573));
#5893 = CARTESIAN_POINT('',(106.3438896873,53.285338479029,
    67.732208537405));
#5894 = CARTESIAN_POINT('',(106.33087322151,53.178312752724,
    67.744524137564));
#5895 = CARTESIAN_POINT('',(106.31882964994,53.070563397283,
    67.758125255575));
#5896 = CARTESIAN_POINT('',(106.30308211847,52.915666554446,
    67.780261883423));
#5897 = CARTESIAN_POINT('',(106.29858152189,52.869489608767,
    67.78718115247));
#5898 = CARTESIAN_POINT('',(106.29425327473,52.823067658336,
    67.794502599225));
#5899 = CARTESIAN_POINT('',(106.29009719208,52.776358440098,
    67.802288650266));
#5900 = CARTESIAN_POINT('',(106.28611331036,52.7293036111,
    67.810624929387));
#5901 = CARTESIAN_POINT('',(106.2823018875,52.681828020662,
    67.819621285837));
#5902 = CARTESIAN_POINT('',(106.27866357217,52.633826171725,
    67.829431070554));
#5903 = CARTESIAN_POINT('',(106.27321685402,52.557223339365,
    67.846552974739));
#5904 = CARTESIAN_POINT('',(106.27129102725,52.529100036565,
    67.853140300622));
#5905 = CARTESIAN_POINT('',(106.26942282603,52.500709095955,
    67.860131701723));
#5906 = CARTESIAN_POINT('',(106.26761265568,52.472008713604,
    67.867587345123));
#5907 = CARTESIAN_POINT('',(106.26586116773,52.442941514733,
    67.875590261063));
#5908 = CARTESIAN_POINT('',(106.2641692491,52.41343465456,
    67.884246185558));
#5909 = CARTESIAN_POINT('',(106.26253819206,52.383386725291,
    67.893702308608));
#5910 = CARTESIAN_POINT('',(106.26008575739,52.335258760398,
    67.910150516187));
#5911 = CARTESIAN_POINT('',(106.25922134316,52.317670891041,
    67.91642007849));
#5912 = CARTESIAN_POINT('',(106.25837750337,52.299821076822,
    67.923074442313));
#5913 = CARTESIAN_POINT('',(106.25755474782,52.281670575445,
    67.930169496758));
#5914 = CARTESIAN_POINT('',(106.25675386161,52.26316520285,
    67.937784426241));
#5915 = CARTESIAN_POINT('',(106.25597587249,52.244236954552,
    67.946019339009));
#5916 = CARTESIAN_POINT('',(106.25522223043,52.224790968848,
    67.955014118789));
#5917 = CARTESIAN_POINT('',(106.25410900998,52.193935811095,
    67.970355115865));
#5918 = CARTESIAN_POINT('',(106.25373014023,52.183026418538,
    67.975969798031));
#5919 = CARTESIAN_POINT('',(106.25335934272,52.17189371848,
    67.981912706482));
#5920 = CARTESIAN_POINT('',(106.25299708983,52.160505740417,
    67.988230546067));
#5921 = CARTESIAN_POINT('',(106.25264412498,52.148817689922,
    67.994990265756));
#5922 = CARTESIAN_POINT('',(106.25230141959,52.136774192591,
    68.002275713339));
#5923 = CARTESIAN_POINT('',(106.25197033847,52.124298306498,
    68.010203788085));
#5924 = CARTESIAN_POINT('',(106.25147969634,52.10408503721,
    68.023817853311));
#5925 = CARTESIAN_POINT('',(106.25131033788,52.096758386711,
    68.028895035927));
#5926 = CARTESIAN_POINT('',(106.25114568729,52.089233134296,
    68.034269589011));
#5927 = CARTESIAN_POINT('',(106.25098621594,52.081479761003,
    68.039985264981));
#5928 = CARTESIAN_POINT('',(106.25083275249,52.073456125183,
    68.046107645574));
#5929 = CARTESIAN_POINT('',(106.25068638336,52.065112328223,
    68.052716617444));
#5930 = CARTESIAN_POINT('',(106.25054863863,52.056379788417,
    68.059922873374));
#5931 = CARTESIAN_POINT('',(106.2503396865,52.041017704598,
    68.073242520154));
#5932 = CARTESIAN_POINT('',(106.25026258383,52.034744815822,
    68.078839741774));
#5933 = CARTESIAN_POINT('',(106.25019121926,52.028209558066,
    68.084845755841));
#5934 = CARTESIAN_POINT('',(106.25012688039,52.021327803737,
    68.091383790942));
#5935 = CARTESIAN_POINT('',(106.25007086558,52.014048151063,
    68.098539778224));
#5936 = CARTESIAN_POINT('',(106.25002745784,52.006258890442,
    68.106531213316));
#5937 = CARTESIAN_POINT('',(106.25,51.997917090606,68.115478377695));
#5938 = CARTESIAN_POINT('',(106.25,51.988712041909,68.125979261179));
#5939 = ORIENTED_EDGE('',*,*,#5940,.T.);
#5940 = EDGE_CURVE('',#5822,#5941,#5943,.T.);
#5941 = VERTEX_POINT('',#5942);
#5942 = CARTESIAN_POINT('',(113.25281177045,141.56181578366,
    -43.26639666091));
#5943 = B_SPLINE_CURVE_WITH_KNOTS('',6,(#5944,#5945,#5946,#5947,#5948,
    #5949,#5950,#5951,#5952,#5953,#5954,#5955,#5956,#5957,#5958,#5959,
    #5960),.UNSPECIFIED.,.F.,.F.,(7,5,5,7),(-9.00042291895,
    -5.474960499524E-02,146.55481105679,155.50048437074),.UNSPECIFIED.);
#5944 = CARTESIAN_POINT('',(114.31401177045,50.76905561909,
    82.498352085691));
#5945 = CARTESIAN_POINT('',(114.30381177045,51.64173386417,
    81.289531470146));
#5946 = CARTESIAN_POINT('',(114.29361177045,52.51441210925,
    80.080710854602));
#5947 = CARTESIAN_POINT('',(114.28341177045,53.38709035433,
    78.871890239058));
#5948 = CARTESIAN_POINT('',(114.27321177045,54.259768599409,
    77.663069623514));
#5949 = CARTESIAN_POINT('',(114.26301177045,55.132446844489,
    76.45424900797));
#5950 = CARTESIAN_POINT('',(114.08564520107,70.307343561003,
    55.434213166471));
#5951 = CARTESIAN_POINT('',(113.91847863168,84.609562032435,
    35.622997940517));
#5952 = CARTESIAN_POINT('',(113.75131206229,98.91178050387,
    15.811782714561));
#5953 = CARTESIAN_POINT('',(113.5841454929,113.2139989753,
    -3.999432511392));
#5954 = CARTESIAN_POINT('',(113.41697892352,127.51621744673,
    -23.81064773734));
#5955 = CARTESIAN_POINT('',(113.23961235413,142.69111416324,
    -44.83068357884));
#5956 = CARTESIAN_POINT('',(113.22941235413,143.56379240832,
    -46.03950419439));
#5957 = CARTESIAN_POINT('',(113.21921235413,144.4364706534,
    -47.24832480993));
#5958 = CARTESIAN_POINT('',(113.20901235413,145.30914889848,
    -48.45714542547));
#5959 = CARTESIAN_POINT('',(113.19881235413,146.18182714356,
    -49.66596604102));
#5960 = CARTESIAN_POINT('',(113.18861235413,147.05450538864,
    -50.87478665656));
#5961 = ORIENTED_EDGE('',*,*,#5962,.F.);
#5962 = EDGE_CURVE('',#5783,#5941,#5963,.T.);
#5963 = B_SPLINE_CURVE_WITH_KNOTS('',7,(#5964,#5965,#5966,#5967,#5968,
    #5969,#5970,#5971,#5972,#5973,#5974,#5975,#5976,#5977,#5978,#5979,
    #5980,#5981,#5982,#5983,#5984,#5985,#5986,#5987,#5988,#5989),
  .UNSPECIFIED.,.F.,.F.,(8,6,6,6,8),(0.,0.249928743902,0.500002573608,
    0.75007469467,1.),.UNSPECIFIED.);
#5964 = CARTESIAN_POINT('',(105.25,135.29792520448,-48.26168270868));
#5965 = CARTESIAN_POINT('',(105.25,135.61437730035,-48.00932058337));
#5966 = CARTESIAN_POINT('',(105.27383819558,135.9385201734,
    -47.75082526792));
#5967 = CARTESIAN_POINT('',(105.32359432234,136.26870964811,
    -47.48750794855));
#5968 = CARTESIAN_POINT('',(105.40114205148,136.60289643401,
    -47.22100287988));
#5969 = CARTESIAN_POINT('',(105.50793494098,136.93862146843,
    -46.95327109895));
#5970 = CARTESIAN_POINT('',(105.64482565966,137.27310605925,
    -46.68652853878));
#5971 = CARTESIAN_POINT('',(105.9791083073,137.93395935628,
    -46.15951562044));
#5972 = CARTESIAN_POINT('',(106.17653673398,138.26032428483,
    -45.89924827485));
#5973 = CARTESIAN_POINT('',(106.40431197658,138.57961188891,
    -45.6446249072));
#5974 = CARTESIAN_POINT('',(106.66181077775,138.88876902346,
    -45.39808031941));
#5975 = CARTESIAN_POINT('',(106.94756177427,139.18478637585,
    -45.16201435824));
#5976 = CARTESIAN_POINT('',(107.25928974598,139.46495796796,
    -44.9385849692));
#5977 = CARTESIAN_POINT('',(107.9289651319,139.9891204023,
    -44.52057937637));
#5978 = CARTESIAN_POINT('',(108.28691352627,140.23311250604,
    -44.32600216653));
#5979 = CARTESIAN_POINT('',(108.66510742328,140.45677292428,
    -44.14763893485));
#5980 = CARTESIAN_POINT('',(109.06008979759,140.6583205922,
    -43.98691003309));
#5981 = CARTESIAN_POINT('',(109.46801591371,140.8366035853,
    -43.8447340904));
#5982 = CARTESIAN_POINT('',(109.88498488427,140.99113384169,
    -43.72150032316));
#5983 = CARTESIAN_POINT('',(110.72929958832,141.25278112841,
    -43.51284357472));
#5984 = CARTESIAN_POINT('',(111.15664044095,141.35992705989,
    -43.42739754564));
#5985 = CARTESIAN_POINT('',(111.58556643202,141.44351514586,
    -43.36073827145));
#5986 = CARTESIAN_POINT('',(112.01252727248,141.50421268691,
    -43.31233359769));
#5987 = CARTESIAN_POINT('',(112.43438105457,141.54315737604,
    -43.28127624447));
#5988 = CARTESIAN_POINT('',(112.84850945184,141.56181578366,
    -43.26639666091));
#5989 = CARTESIAN_POINT('',(113.25281177045,141.56181578366,
    -43.26639666091));
#5990 = ( BOUNDED_SURFACE() B_SPLINE_SURFACE(2,6,(
    (#5991,#5992,#5993,#5994,#5995,#5996,#5997,#5998,#5999,#6000,#6001
      ,#6002,#6003,#6004,#6005,#6006,#6007)
    ,(#6008,#6009,#6010,#6011,#6012,#6013,#6014,#6015,#6016,#6017,#6018
      ,#6019,#6020,#6021,#6022,#6023,#6024)
    ,(#6025,#6026,#6027,#6028,#6029,#6030,#6031,#6032,#6033,#6034,#6035
      ,#6036,#6037,#6038,#6039,#6040,#6041
)),.UNSPECIFIED.,.F.,.F.,.F.) B_SPLINE_SURFACE_WITH_KNOTS((3,3),(7,5,5,7
    ),(0.,146.60956066178),(-9.00042291895,-5.474960499524E-02,
    146.55481105679,155.50048437074),.UNSPECIFIED.) 
GEOMETRIC_REPRESENTATION_ITEM() RATIONAL_B_SPLINE_SURFACE((
    (1.,1.,1.,1.,1.,1.,1.,1.,1.,1.,1.,1.,1.,1.,1.,1.,1.)
    ,(0.706990803572,0.706990803572,0.706990803572,0.706990803572
      ,0.706990803572,0.706990803572,0.706990803572,0.706990803572
      ,0.706990803572,0.706990803572,0.706990803572,0.706990803572
      ,0.706990803572,0.706990803572,0.706990803572,0.706990803572
      ,0.706990803572)
    ,(1.,1.,1.,1.,1.,1.,1.,1.,1.,1.,1.,1.,1.,1.,1.,1.,1.
))) REPRESENTATION_ITEM('') SURFACE() );
#5991 = CARTESIAN_POINT('',(106.31419941632,44.24854490541,
    77.858532340308));
#5992 = CARTESIAN_POINT('',(106.30399941632,45.12122315049,
    76.649711724764));
#5993 = CARTESIAN_POINT('',(106.29379941632,45.993901395569,
    75.44089110922));
#5994 = CARTESIAN_POINT('',(106.28359941632,46.866579640649,
    74.232070493676));
#5995 = CARTESIAN_POINT('',(106.27339941632,47.739257885729,
    73.023249878132));
#5996 = CARTESIAN_POINT('',(106.26319941632,48.611936130809,
    71.814429262588));
#5997 = CARTESIAN_POINT('',(106.08583284693,63.786832847322,
    50.794393421089));
#5998 = CARTESIAN_POINT('',(105.91866627754,78.089051318755,
    30.983178195136));
#5999 = CARTESIAN_POINT('',(105.75149970816,92.39126979019,
    11.171962969179));
#6000 = CARTESIAN_POINT('',(105.58433313877,106.69348826162,
    -8.639252256774));
#6001 = CARTESIAN_POINT('',(105.41716656938,120.99570673305,
    -28.45046748272));
#6002 = CARTESIAN_POINT('',(105.2398,136.17060344956,-49.47050332422));
#6003 = CARTESIAN_POINT('',(105.2296,137.04328169464,-50.67932393977));
#6004 = CARTESIAN_POINT('',(105.2194,137.91595993972,-51.88814455531));
#6005 = CARTESIAN_POINT('',(105.2092,138.7886381848,-53.09696517086));
#6006 = CARTESIAN_POINT('',(105.199,139.66131642988,-54.3057857864));
#6007 = CARTESIAN_POINT('',(105.1888,140.53399467496,-55.51460640194));
#6008 = CARTESIAN_POINT('',(106.31157455825,50.737009653943,
    82.542741668602));
#6009 = CARTESIAN_POINT('',(106.30137455825,51.609687899023,
    81.333921053057));
#6010 = CARTESIAN_POINT('',(106.29117455825,52.482366144103,
    80.125100437513));
#6011 = CARTESIAN_POINT('',(106.28097455825,53.355044389183,
    78.916279821969));
#6012 = CARTESIAN_POINT('',(106.27077455825,54.227722634262,
    77.707459206425));
#6013 = CARTESIAN_POINT('',(106.26057455825,55.100400879342,
    76.498638590881));
#6014 = CARTESIAN_POINT('',(106.08320798887,70.275297595856,
    55.478602749382));
#6015 = CARTESIAN_POINT('',(105.91604141948,84.577516067289,
    35.667387523428));
#6016 = CARTESIAN_POINT('',(105.74887485009,98.879734538723,
    15.856172297473));
#6017 = CARTESIAN_POINT('',(105.58170828071,113.18195301015,
    -3.955042928482));
#6018 = CARTESIAN_POINT('',(105.41454171132,127.48417148158,
    -23.76625815443));
#6019 = CARTESIAN_POINT('',(105.23717514193,142.6590681981,
    -44.78629399593));
#6020 = CARTESIAN_POINT('',(105.22697514193,143.53174644318,
    -45.99511461147));
#6021 = CARTESIAN_POINT('',(105.21677514193,144.40442468826,
    -47.20393522702));
#6022 = CARTESIAN_POINT('',(105.20657514193,145.27710293334,
    -48.41275584256));
#6023 = CARTESIAN_POINT('',(105.19637514193,146.14978117842,
    -49.62157645811));
#6024 = CARTESIAN_POINT('',(105.18617514193,147.0224594235,
    -50.83039707365));
#6025 = CARTESIAN_POINT('',(114.31401177045,50.76905561909,
    82.498352085691));
#6026 = CARTESIAN_POINT('',(114.30381177045,51.64173386417,
    81.289531470146));
#6027 = CARTESIAN_POINT('',(114.29361177045,52.51441210925,
    80.080710854602));
#6028 = CARTESIAN_POINT('',(114.28341177045,53.38709035433,
    78.871890239058));
#6029 = CARTESIAN_POINT('',(114.27321177045,54.259768599409,
    77.663069623514));
#6030 = CARTESIAN_POINT('',(114.26301177045,55.132446844489,
    76.45424900797));
#6031 = CARTESIAN_POINT('',(114.08564520107,70.307343561003,
    55.434213166471));
#6032 = CARTESIAN_POINT('',(113.91847863168,84.609562032435,
    35.622997940517));
#6033 = CARTESIAN_POINT('',(113.75131206229,98.91178050387,
    15.811782714561));
#6034 = CARTESIAN_POINT('',(113.5841454929,113.2139989753,
    -3.999432511392));
#6035 = CARTESIAN_POINT('',(113.41697892352,127.51621744673,
    -23.81064773734));
#6036 = CARTESIAN_POINT('',(113.23961235413,142.69111416324,
    -44.83068357884));
#6037 = CARTESIAN_POINT('',(113.22941235413,143.56379240832,
    -46.03950419439));
#6038 = CARTESIAN_POINT('',(113.21921235413,144.4364706534,
    -47.24832480993));
#6039 = CARTESIAN_POINT('',(113.20901235413,145.30914889848,
    -48.45714542547));
#6040 = CARTESIAN_POINT('',(113.19881235413,146.18182714356,
    -49.66596604102));
#6041 = CARTESIAN_POINT('',(113.18861235413,147.05450538864,
    -50.87478665656));
#6042 = ADVANCED_FACE('',(#6043),#6183,.T.);
#6043 = FACE_BOUND('',#6044,.F.);
#6044 = EDGE_LOOP('',(#6045,#6053,#6054,#6064,#6181,#6182));
#6045 = ORIENTED_EDGE('',*,*,#6046,.F.);
#6046 = EDGE_CURVE('',#4708,#5822,#6047,.T.);
#6047 = B_SPLINE_CURVE_WITH_KNOTS('',4,(#6048,#6049,#6050,#6051,#6052),
  .UNSPECIFIED.,.F.,.F.,(5,5),(0.,1.),.PIECEWISE_BEZIER_KNOTS.);
#6048 = CARTESIAN_POINT('',(114.25,61.728387145976,67.317652948324));
#6049 = CARTESIAN_POINT('',(114.23397933368,61.728387145976,
    67.317652948324));
#6050 = CARTESIAN_POINT('',(114.21795881882,61.728361033325,
    67.31768911917));
#6051 = CARTESIAN_POINT('',(114.20193854914,61.728308809132,
    67.317761459326));
#6052 = CARTESIAN_POINT('',(114.18591861842,61.728230473809,
    67.317869968224));
#6053 = ORIENTED_EDGE('',*,*,#4717,.T.);
#6054 = ORIENTED_EDGE('',*,*,#6055,.F.);
#6055 = EDGE_CURVE('',#6056,#4718,#6058,.T.);
#6056 = VERTEX_POINT('',#6057);
#6057 = CARTESIAN_POINT('',(114.18591921838,75.766312602188,
    96.468247864488));
#6058 = B_SPLINE_CURVE_WITH_KNOTS('',4,(#6059,#6060,#6061,#6062,#6063),
  .UNSPECIFIED.,.F.,.F.,(5,5),(0.,1.),.PIECEWISE_BEZIER_KNOTS.);
#6059 = CARTESIAN_POINT('',(114.18591861842,75.766312597182,
    96.468247864248));
#6060 = CARTESIAN_POINT('',(114.20193854909,75.76644627413,
    96.468254273417));
#6061 = CARTESIAN_POINT('',(114.21795881886,75.766535393192,
    96.468258546249));
#6062 = CARTESIAN_POINT('',(114.23397933358,75.766579953671,
    96.46826068271));
#6063 = CARTESIAN_POINT('',(114.25,75.766579953671,96.46826068271));
#6064 = ORIENTED_EDGE('',*,*,#6065,.T.);
#6065 = EDGE_CURVE('',#6056,#2408,#6066,.T.);
#6066 = B_SPLINE_CURVE_WITH_KNOTS('',8,(#6067,#6068,#6069,#6070,#6071,
    #6072,#6073,#6074,#6075,#6076,#6077,#6078,#6079,#6080,#6081,#6082,
    #6083,#6084,#6085,#6086,#6087,#6088,#6089,#6090,#6091,#6092,#6093,
    #6094,#6095,#6096,#6097,#6098,#6099,#6100,#6101,#6102,#6103,#6104,
    #6105,#6106,#6107,#6108,#6109,#6110,#6111,#6112,#6113,#6114,#6115,
    #6116,#6117,#6118,#6119,#6120,#6121,#6122,#6123,#6124,#6125,#6126,
    #6127,#6128,#6129,#6130,#6131,#6132,#6133,#6134,#6135,#6136,#6137,
    #6138,#6139,#6140,#6141,#6142,#6143,#6144,#6145,#6146,#6147,#6148,
    #6149,#6150,#6151,#6152,#6153,#6154,#6155,#6156,#6157,#6158,#6159,
    #6160,#6161,#6162,#6163,#6164,#6165,#6166,#6167,#6168,#6169,#6170,
    #6171,#6172,#6173,#6174,#6175,#6176,#6177,#6178,#6179,#6180),
  .UNSPECIFIED.,.F.,.F.,(9,7,7,7,7,7,7,7,7,7,7,7,7,7,7,7,9),(0.,
    0.106991883795,0.214175378111,0.319846282916,0.422847325799,
    0.52449744428,0.626023471327,0.728515848075,0.832679324343,
    0.890287816523,0.946887875191,0.970772527995,0.984448479132,
    0.992164730063,0.996269955091,0.998520299417,1.),.UNSPECIFIED.);
#6067 = CARTESIAN_POINT('',(114.18591921838,75.766312602188,
    96.468247864488));
#6068 = CARTESIAN_POINT('',(114.04168504442,75.765109063673,
    96.468190160587));
#6069 = CARTESIAN_POINT('',(113.89624218491,75.76153572297,
    96.470994383356));
#6070 = CARTESIAN_POINT('',(113.74968044809,75.755522655663,
    96.476745536366));
#6071 = CARTESIAN_POINT('',(113.60209705115,75.747002011088,
    96.485525660418));
#6072 = CARTESIAN_POINT('',(113.4535964203,75.735908606111,
    96.49741304359));
#6073 = CARTESIAN_POINT('',(113.30428999071,75.722180518898,
    96.512481431287));
#6074 = CARTESIAN_POINT('',(113.1542960066,75.705759682683,
    96.530799236296));
#6075 = CARTESIAN_POINT('',(112.85291300556,75.667390950089,
    96.574096997405));
#6076 = CARTESIAN_POINT('',(112.7015219513,75.645433216255,
    96.599088813431));
#6077 = CARTESIAN_POINT('',(112.54969149314,75.620665356275,
    96.627466855899));
#6078 = CARTESIAN_POINT('',(112.39755360384,75.593037979823,
    96.659287544657));
#6079 = CARTESIAN_POINT('',(112.24524626169,75.56250679265,
    96.694600335923));
#6080 = CARTESIAN_POINT('',(112.092912818,75.529033161214,
    96.733446997803));
#6081 = CARTESIAN_POINT('',(111.94070136457,75.492584677318,
    96.775860885808));
#6082 = CARTESIAN_POINT('',(111.63897099927,75.414243477713,
    96.867222316798));
#6083 = CARTESIAN_POINT('',(111.48944435389,75.372434851688,
    96.916069206558));
#6084 = CARTESIAN_POINT('',(111.34032985426,75.327685200054,
    96.968430236898));
#6085 = CARTESIAN_POINT('',(111.19177697159,75.279976334523,
    97.02432007007));
#6086 = CARTESIAN_POINT('',(111.04393802047,75.229296843107,
    97.083744309595));
#6087 = CARTESIAN_POINT('',(110.89696722017,75.175642410093,
    97.146699128535));
#6088 = CARTESIAN_POINT('',(110.75101975587,75.119016136017,
    97.213170897764));
#6089 = CARTESIAN_POINT('',(110.46513962943,75.001347100628,
    97.351333009805));
#6090 = CARTESIAN_POINT('',(110.32514810588,74.940452061203,
    97.422849084943));
#6091 = CARTESIAN_POINT('',(110.18641995373,74.876753624201,
    97.497662196352));
#6092 = CARTESIAN_POINT('',(110.04909874593,74.810268662996,
    97.575741321354));
#6093 = CARTESIAN_POINT('',(109.9133269976,74.741021007262,
    97.657046348586));
#6094 = CARTESIAN_POINT('',(109.77924521946,74.669041410743,
    97.741528168699));
#6095 = CARTESIAN_POINT('',(109.64699097138,74.594367519017,
    97.829128765061));
#6096 = CARTESIAN_POINT('',(109.38811373687,74.440734304945,
    98.009244877939));
#6097 = CARTESIAN_POINT('',(109.26143959357,74.361844015928,
    98.101680892182));
#6098 = CARTESIAN_POINT('',(109.13680401209,74.280415570209,
    98.197025304301));
#6099 = CARTESIAN_POINT('',(109.01433170081,74.196498057742,
    98.295205764251));
#6100 = CARTESIAN_POINT('',(108.89414279004,74.110146669594,
    98.396142099684));
#6101 = CARTESIAN_POINT('',(108.77635207164,74.021422309105,
    98.499746800809));
#6102 = CARTESIAN_POINT('',(108.6610682387,73.930391203039,
    98.60592550525));
#6103 = CARTESIAN_POINT('',(108.43585556208,73.743971679655,
    98.823096821474));
#6104 = CARTESIAN_POINT('',(108.32592032391,73.648588712641,
    98.934083429392));
#6105 = CARTESIAN_POINT('',(108.21868901724,73.551046289768,
    99.047437077935));
#6106 = CARTESIAN_POINT('',(108.11425634881,73.451420027632,
    99.163051289198));
#6107 = CARTESIAN_POINT('',(108.01270969412,73.349789663303,
    99.280814081351));
#6108 = CARTESIAN_POINT('',(107.91412866585,73.246238236261,
    99.400608713884));
#6109 = CARTESIAN_POINT('',(107.81858468246,73.140851270332,
    99.522314432861));
#6110 = CARTESIAN_POINT('',(107.63281648469,72.925560900633,
    99.770475434157));
#6111 = CARTESIAN_POINT('',(107.54265155461,72.815624163667,
    99.896964924408));
#6112 = CARTESIAN_POINT('',(107.45571054535,72.703994814287,
    100.02514810195));
#6113 = CARTESIAN_POINT('',(107.37204928051,72.590764156674,
    100.15489410058));
#6114 = CARTESIAN_POINT('',(107.29171458953,72.47602373053,
    100.28606956493));
#6115 = CARTESIAN_POINT('',(107.21474428905,72.359863311976,
    100.41853944244));
#6116 = CARTESIAN_POINT('',(107.14116716411,72.242368914456,
    100.55216777549));
#6117 = CARTESIAN_POINT('',(106.99969473386,72.002936521452,
    100.82366464036));
#6118 = CARTESIAN_POINT('',(106.93191167711,71.880956803953,
    100.96156672229));
#6119 = CARTESIAN_POINT('',(106.86767458328,71.757766575356,
    101.10038195996));
#6120 = CARTESIAN_POINT('',(106.80699483178,71.633439704253,
    101.2399671041));
#6121 = CARTESIAN_POINT('',(106.74987456149,71.508040986668,
    101.38017950408));
#6122 = CARTESIAN_POINT('',(106.69630703573,71.38161867078,
    101.52087754105));
#6123 = CARTESIAN_POINT('',(106.64627718822,71.254187509324,
    101.66192042545));
#6124 = CARTESIAN_POINT('',(106.57403692484,71.054642529092,
    101.881285171));
#6125 = CARTESIAN_POINT('',(106.54938665503,70.983260077058,
    101.95946536597));
#6126 = CARTESIAN_POINT('',(106.52580769997,70.911547490652,
    102.03768414408));
#6127 = CARTESIAN_POINT('',(106.50329552609,70.839489698191,
    102.1159175746));
#6128 = CARTESIAN_POINT('',(106.48184493092,70.767064247864,
    102.19414164331));
#6129 = CARTESIAN_POINT('',(106.46145009881,70.694237391145,
    102.2723320551));
#6130 = CARTESIAN_POINT('',(106.44210468829,70.620956050954,
    102.3504637917));
#6131 = CARTESIAN_POINT('',(106.40581960196,70.474607519887,
    102.50519085551));
#6132 = CARTESIAN_POINT('',(106.38884382876,70.40155898798,
    102.58178875435));
#6133 = CARTESIAN_POINT('',(106.37286812478,70.327910572031,
    102.65827946868));
#6134 = CARTESIAN_POINT('',(106.35788576237,70.253543317115,
    102.73463617844));
#6135 = CARTESIAN_POINT('',(106.3438896873,70.178312602457,
    102.81083075644));
#6136 = CARTESIAN_POINT('',(106.33087322151,70.101954429637,
    102.8868281876));
#6137 = CARTESIAN_POINT('',(106.31882964994,70.024140023106,
    102.96258986752));
#6138 = CARTESIAN_POINT('',(106.30308211847,69.910256308689,
    103.06989113408));
#6139 = CARTESIAN_POINT('',(106.29858152189,69.876055751601,
    103.10167963028));
#6140 = CARTESIAN_POINT('',(106.29425327473,69.841388001355,
    103.13340892522));
#6141 = CARTESIAN_POINT('',(106.29009719208,69.806177900303,
    103.16507313914));
#6142 = CARTESIAN_POINT('',(106.28611331036,69.770322128831,
    103.19666450084));
#6143 = CARTESIAN_POINT('',(106.2823018875,69.733687947655,
    103.22817327559));
#6144 = CARTESIAN_POINT('',(106.27866357217,69.696089685845,
    103.25958633158));
#6145 = CARTESIAN_POINT('',(106.27321685402,69.634942157343,
    103.30880150491));
#6146 = CARTESIAN_POINT('',(106.27129102725,69.612257386092,
    103.32668205792));
#6147 = CARTESIAN_POINT('',(106.26942282603,69.589089826669,
    103.34451992182));
#6148 = CARTESIAN_POINT('',(106.26761265568,69.565366374232,
    103.36231026668));
#6149 = CARTESIAN_POINT('',(106.26586116773,69.540986340534,
    103.38004618139));
#6150 = CARTESIAN_POINT('',(106.2641692491,69.515821639851,
    103.39771869297));
#6151 = CARTESIAN_POINT('',(106.26253819206,69.489693967682,
    103.41531531377));
#6152 = CARTESIAN_POINT('',(106.26008575739,69.446826945872,
    103.44268798223));
#6153 = CARTESIAN_POINT('',(106.25922134316,69.430959347501,
    103.45252972404));
#6154 = CARTESIAN_POINT('',(106.25837750337,69.414627579238,
    103.46233634277));
#6155 = CARTESIAN_POINT('',(106.25755474782,69.397763789796,
    103.47210328208));
#6156 = CARTESIAN_POINT('',(106.25675386161,69.380272287097,
    103.4818235341));
#6157 = CARTESIAN_POINT('',(106.25597587249,69.362032403259,
    103.49148785039));
#6158 = CARTESIAN_POINT('',(106.25522223043,69.342875627475,
    103.50108318076));
#6159 = CARTESIAN_POINT('',(106.25410900998,69.311643676795,
    103.51564175926));
#6160 = CARTESIAN_POINT('',(106.25373014023,69.300452046508,
    103.52067036875));
#6161 = CARTESIAN_POINT('',(106.25335934272,69.288864568635,
    103.52566892132));
#6162 = CARTESIAN_POINT('',(106.25299708983,69.276824794558,
    103.53063329254));
#6163 = CARTESIAN_POINT('',(106.25264412498,69.264252452603,
    103.5355567621));
#6164 = CARTESIAN_POINT('',(106.25230141959,69.251047462557,
    103.5404303452));
#6165 = CARTESIAN_POINT('',(106.25197033847,69.237070456376,
    103.54524131197));
#6166 = CARTESIAN_POINT('',(106.25147969634,69.213823784314,
    103.55255645143));
#6167 = CARTESIAN_POINT('',(106.25131033788,69.205286191235,
    103.55511908587));
#6168 = CARTESIAN_POINT('',(106.25114568729,69.196392278292,
    103.55765158608));
#6169 = CARTESIAN_POINT('',(106.25098621594,69.187089433697,
    103.56014975174));
#6170 = CARTESIAN_POINT('',(106.25083275249,69.177300108695,
    103.56260564097));
#6171 = CARTESIAN_POINT('',(106.25068638336,69.166930734107,
    103.56500845755));
#6172 = CARTESIAN_POINT('',(106.25054863863,69.155852006836,
    103.56734280501));
#6173 = CARTESIAN_POINT('',(106.2503396865,69.135860185052,
    103.57104870185));
#6174 = CARTESIAN_POINT('',(106.25026258383,69.127573018799,
    103.57246323318));
#6175 = CARTESIAN_POINT('',(106.25019121926,69.118802661343,
    103.57382801492));
#6176 = CARTESIAN_POINT('',(106.25012688039,69.109400316038,
    103.5751319889));
#6177 = CARTESIAN_POINT('',(106.25007086558,69.09926675068,
    103.57636176545));
#6178 = CARTESIAN_POINT('',(106.25002745784,69.088162270577,
    103.57746907634));
#6179 = CARTESIAN_POINT('',(106.25,69.07596606866,103.57841249233));
#6180 = CARTESIAN_POINT('',(106.25,69.06201689337,103.57906209544));
#6181 = ORIENTED_EDGE('',*,*,#2407,.F.);
#6182 = ORIENTED_EDGE('',*,*,#5821,.F.);
#6183 = TOROIDAL_SURFACE('',#6184,70.,8.);
#6184 = AXIS2_PLACEMENT_3D('',#6185,#6186,#6187);
#6185 = CARTESIAN_POINT('',(114.25,0.,115.));
#6186 = DIRECTION('',(-1.,-0.,2.22044604925E-16));
#6187 = DIRECTION('',(-2.22044604925E-16,0.,-1.));
#6188 = ADVANCED_FACE('',(#6189),#6266,.F.);
#6189 = FACE_BOUND('',#6190,.F.);
#6190 = EDGE_LOOP('',(#6191,#6213,#6214,#6215,#6237));
#6191 = ORIENTED_EDGE('',*,*,#6192,.F.);
#6192 = EDGE_CURVE('',#2417,#6193,#6195,.T.);
#6193 = VERTEX_POINT('',#6194);
#6194 = CARTESIAN_POINT('',(105.25,212.,111.01181676568));
#6195 = B_SPLINE_CURVE_WITH_KNOTS('',6,(#6196,#6197,#6198,#6199,#6200,
    #6201,#6202,#6203,#6204,#6205,#6206,#6207,#6208,#6209,#6210,#6211,
    #6212),.UNSPECIFIED.,.F.,.F.,(7,5,5,7),(-9.000422918949,
    -5.474960499488E-02,146.55481105679,155.50048437074),.UNSPECIFIED.);
#6196 = CARTESIAN_POINT('',(106.31419941632,56.626885217026,
    103.56242085143));
#6197 = CARTESIAN_POINT('',(106.30399941632,58.116085217026,
    103.63382085143));
#6198 = CARTESIAN_POINT('',(106.29379941632,59.605285217026,
    103.70522085143));
#6199 = CARTESIAN_POINT('',(106.28359941632,61.094485217026,
    103.77662085143));
#6200 = CARTESIAN_POINT('',(106.27339941632,62.583685217026,
    103.84802085143));
#6201 = CARTESIAN_POINT('',(106.26319941632,64.072885217026,
    103.91942085143));
#6202 = CARTESIAN_POINT('',(106.08583284693,89.968404347522,
    105.16098683714));
#6203 = CARTESIAN_POINT('',(105.91866627754,114.37472347801,
    106.33115282285));
#6204 = CARTESIAN_POINT('',(105.75149970816,138.78104260851,
    107.50131880856));
#6205 = CARTESIAN_POINT('',(105.58433313877,163.187361739,
    108.67148479426));
#6206 = CARTESIAN_POINT('',(105.41716656938,187.5936808695,
    109.84165077997));
#6207 = CARTESIAN_POINT('',(105.2398,213.4892,111.08321676568));
#6208 = CARTESIAN_POINT('',(105.2296,214.9784,111.15461676568));
#6209 = CARTESIAN_POINT('',(105.2194,216.4676,111.22601676568));
#6210 = CARTESIAN_POINT('',(105.2092,217.9568,111.29741676568));
#6211 = CARTESIAN_POINT('',(105.199,219.446,111.36881676568));
#6212 = CARTESIAN_POINT('',(105.1888,220.9352,111.44021676568));
#6213 = ORIENTED_EDGE('',*,*,#2416,.F.);
#6214 = ORIENTED_EDGE('',*,*,#6065,.F.);
#6215 = ORIENTED_EDGE('',*,*,#6216,.T.);
#6216 = EDGE_CURVE('',#6056,#6217,#6219,.T.);
#6217 = VERTEX_POINT('',#6218);
#6218 = CARTESIAN_POINT('',(113.25281177045,212.,103.));
#6219 = B_SPLINE_CURVE_WITH_KNOTS('',6,(#6220,#6221,#6222,#6223,#6224,
    #6225,#6226,#6227,#6228,#6229,#6230,#6231,#6232,#6233,#6234,#6235,
    #6236),.UNSPECIFIED.,.F.,.F.,(7,5,5,7),(-9.000422918949,
    -5.474960499488E-02,146.55481105679,155.50048437074),.UNSPECIFIED.);
#6220 = CARTESIAN_POINT('',(114.31401177045,57.0648,95.5716));
#6221 = CARTESIAN_POINT('',(114.30381177045,58.554,95.643));
#6222 = CARTESIAN_POINT('',(114.29361177045,60.0432,95.7144));
#6223 = CARTESIAN_POINT('',(114.28341177045,61.5324,95.7858));
#6224 = CARTESIAN_POINT('',(114.27321177045,63.0216,95.8572));
#6225 = CARTESIAN_POINT('',(114.26301177045,64.5108,95.9286));
#6226 = CARTESIAN_POINT('',(114.08564520106,90.406319130496,
    97.170165985709));
#6227 = CARTESIAN_POINT('',(113.91847863168,114.81263826099,
    98.340331971417));
#6228 = CARTESIAN_POINT('',(113.75131206229,139.21895739148,
    99.510497957126));
#6229 = CARTESIAN_POINT('',(113.5841454929,163.62527652198,
    100.68066394283));
#6230 = CARTESIAN_POINT('',(113.41697892352,188.03159565247,
    101.85082992854));
#6231 = CARTESIAN_POINT('',(113.23961235413,213.92711478297,
    103.09239591425));
#6232 = CARTESIAN_POINT('',(113.22941235413,215.41631478297,
    103.16379591425));
#6233 = CARTESIAN_POINT('',(113.21921235413,216.90551478297,
    103.23519591425));
#6234 = CARTESIAN_POINT('',(113.20901235413,218.39471478297,
    103.30659591425));
#6235 = CARTESIAN_POINT('',(113.19881235413,219.88391478297,
    103.37799591425));
#6236 = CARTESIAN_POINT('',(113.18861235413,221.37311478297,
    103.44939591425));
#6237 = ORIENTED_EDGE('',*,*,#6238,.F.);
#6238 = EDGE_CURVE('',#6193,#6217,#6239,.T.);
#6239 = B_SPLINE_CURVE_WITH_KNOTS('',7,(#6240,#6241,#6242,#6243,#6244,
    #6245,#6246,#6247,#6248,#6249,#6250,#6251,#6252,#6253,#6254,#6255,
    #6256,#6257,#6258,#6259,#6260,#6261,#6262,#6263,#6264,#6265),
  .UNSPECIFIED.,.F.,.F.,(8,6,6,6,8),(0.,0.249928743901,0.500002573609,
    0.75007469467,1.),.UNSPECIFIED.);
#6240 = CARTESIAN_POINT('',(105.25,212.,111.01181676568));
#6241 = CARTESIAN_POINT('',(105.25,212.,110.60705934294));
#6242 = CARTESIAN_POINT('',(105.27383819558,212.,110.19246504696));
#6243 = CARTESIAN_POINT('',(105.32359432234,212.,109.77013685717));
#6244 = CARTESIAN_POINT('',(105.40114205148,212.,109.34269591447));
#6245 = CARTESIAN_POINT('',(105.50793494098,212.,108.91328747806));
#6246 = CARTESIAN_POINT('',(105.64482565966,212.,108.48546562857));
#6247 = CARTESIAN_POINT('',(105.9791083073,212.,107.64020253563));
#6248 = CARTESIAN_POINT('',(106.17653673397,212.,107.22276612399));
#6249 = CARTESIAN_POINT('',(106.40431197659,212.,106.8143819501));
#6250 = CARTESIAN_POINT('',(106.66181077775,212.,106.4189551331));
#6251 = CARTESIAN_POINT('',(106.94756177427,212.,106.04033472828));
#6252 = CARTESIAN_POINT('',(107.25928974598,212.,105.68198181158));
#6253 = CARTESIAN_POINT('',(107.9289651319,212.,105.01155289423));
#6254 = CARTESIAN_POINT('',(108.28691352627,212.,104.69947528004));
#6255 = CARTESIAN_POINT('',(108.66510742328,212.,104.41340286771));
#6256 = CARTESIAN_POINT('',(109.06008979759,212.,104.1556137246));
#6257 = CARTESIAN_POINT('',(109.46801591371,212.,103.92758121746));
#6258 = CARTESIAN_POINT('',(109.88498488427,212.,103.72992960091));
#6259 = CARTESIAN_POINT('',(110.72929958832,212.,103.39527016011));
#6260 = CARTESIAN_POINT('',(111.15664044095,212.,103.25822536992));
#6261 = CARTESIAN_POINT('',(111.58556643202,212.,103.15131219509));
#6262 = CARTESIAN_POINT('',(112.01252727248,212.,103.07367712613));
#6263 = CARTESIAN_POINT('',(112.43438105457,212.,103.02386499909));
#6264 = CARTESIAN_POINT('',(112.84850945184,212.,103.));
#6265 = CARTESIAN_POINT('',(113.25281177045,212.,103.));
#6266 = ( BOUNDED_SURFACE() B_SPLINE_SURFACE(2,6,(
    (#6267,#6268,#6269,#6270,#6271,#6272,#6273,#6274,#6275,#6276,#6277
      ,#6278,#6279,#6280,#6281,#6282,#6283)
    ,(#6284,#6285,#6286,#6287,#6288,#6289,#6290,#6291,#6292,#6293,#6294
      ,#6295,#6296,#6297,#6298,#6299,#6300)
    ,(#6301,#6302,#6303,#6304,#6305,#6306,#6307,#6308,#6309,#6310,#6311
      ,#6312,#6313,#6314,#6315,#6316,#6317
)),.UNSPECIFIED.,.F.,.F.,.F.) B_SPLINE_SURFACE_WITH_KNOTS((3,3),(7,5,5,7
    ),(0.,146.60956066178),(-9.000422918949,-5.474960499488E-02,
    146.55481105679,155.50048437074),.UNSPECIFIED.) 
GEOMETRIC_REPRESENTATION_ITEM() RATIONAL_B_SPLINE_SURFACE((
    (1.,1.,1.,1.,1.,1.,1.,1.,1.,1.,1.,1.,1.,1.,1.,1.,1.)
    ,(0.706990803572,0.706990803572,0.706990803572,0.706990803572
      ,0.706990803572,0.706990803572,0.706990803572,0.706990803572
      ,0.706990803572,0.706990803572,0.706990803572,0.706990803572
      ,0.706990803572,0.706990803572,0.706990803572,0.706990803572
      ,0.706990803572)
    ,(1.,1.,1.,1.,1.,1.,1.,1.,1.,1.,1.,1.,1.,1.,1.,1.,1.
))) REPRESENTATION_ITEM('') SURFACE() );
#6267 = CARTESIAN_POINT('',(106.31419941632,56.626885217026,
    103.56242085143));
#6268 = CARTESIAN_POINT('',(106.30399941632,58.116085217026,
    103.63382085143));
#6269 = CARTESIAN_POINT('',(106.29379941632,59.605285217026,
    103.70522085143));
#6270 = CARTESIAN_POINT('',(106.28359941632,61.094485217026,
    103.77662085143));
#6271 = CARTESIAN_POINT('',(106.27339941632,62.583685217026,
    103.84802085143));
#6272 = CARTESIAN_POINT('',(106.26319941632,64.072885217026,
    103.91942085143));
#6273 = CARTESIAN_POINT('',(106.08583284693,89.968404347522,
    105.16098683714));
#6274 = CARTESIAN_POINT('',(105.91866627754,114.37472347801,
    106.33115282285));
#6275 = CARTESIAN_POINT('',(105.75149970816,138.78104260851,
    107.50131880856));
#6276 = CARTESIAN_POINT('',(105.58433313877,163.187361739,
    108.67148479426));
#6277 = CARTESIAN_POINT('',(105.41716656938,187.5936808695,
    109.84165077997));
#6278 = CARTESIAN_POINT('',(105.2398,213.4892,111.08321676568));
#6279 = CARTESIAN_POINT('',(105.2296,214.9784,111.15461676568));
#6280 = CARTESIAN_POINT('',(105.2194,216.4676,111.22601676568));
#6281 = CARTESIAN_POINT('',(105.2092,217.9568,111.29741676568));
#6282 = CARTESIAN_POINT('',(105.199,219.446,111.36881676568));
#6283 = CARTESIAN_POINT('',(105.1888,220.9352,111.44021676568));
#6284 = CARTESIAN_POINT('',(106.31157455825,57.010114494127,
    95.568978092184));
#6285 = CARTESIAN_POINT('',(106.30137455825,58.499314494127,
    95.640378092184));
#6286 = CARTESIAN_POINT('',(106.29117455825,59.988514494127,
    95.711778092184));
#6287 = CARTESIAN_POINT('',(106.28097455825,61.477714494127,
    95.783178092184));
#6288 = CARTESIAN_POINT('',(106.27077455825,62.966914494127,
    95.854578092184));
#6289 = CARTESIAN_POINT('',(106.26057455825,64.456114494127,
    95.925978092184));
#6290 = CARTESIAN_POINT('',(106.08320798887,90.351633624622,
    97.167544077893));
#6291 = CARTESIAN_POINT('',(105.91604141948,114.75795275511,
    98.337710063602));
#6292 = CARTESIAN_POINT('',(105.74887485009,139.16427188561,
    99.50787604931));
#6293 = CARTESIAN_POINT('',(105.58170828071,163.5705910161,
    100.67804203501));
#6294 = CARTESIAN_POINT('',(105.41454171132,187.9769101466,
    101.84820802072));
#6295 = CARTESIAN_POINT('',(105.23717514193,213.8724292771,
    103.08977400643));
#6296 = CARTESIAN_POINT('',(105.22697514193,215.3616292771,
    103.16117400643));
#6297 = CARTESIAN_POINT('',(105.21677514193,216.8508292771,
    103.23257400643));
#6298 = CARTESIAN_POINT('',(105.20657514193,218.3400292771,
    103.30397400643));
#6299 = CARTESIAN_POINT('',(105.19637514193,219.8292292771,
    103.37537400643));
#6300 = CARTESIAN_POINT('',(105.18617514193,221.3184292771,
    103.44677400643));
#6301 = CARTESIAN_POINT('',(114.31401177045,57.0648,95.5716));
#6302 = CARTESIAN_POINT('',(114.30381177045,58.554,95.643));
#6303 = CARTESIAN_POINT('',(114.29361177045,60.0432,95.7144));
#6304 = CARTESIAN_POINT('',(114.28341177045,61.5324,95.7858));
#6305 = CARTESIAN_POINT('',(114.27321177045,63.0216,95.8572));
#6306 = CARTESIAN_POINT('',(114.26301177045,64.5108,95.9286));
#6307 = CARTESIAN_POINT('',(114.08564520106,90.406319130496,
    97.170165985709));
#6308 = CARTESIAN_POINT('',(113.91847863168,114.81263826099,
    98.340331971417));
#6309 = CARTESIAN_POINT('',(113.75131206229,139.21895739148,
    99.510497957126));
#6310 = CARTESIAN_POINT('',(113.5841454929,163.62527652198,
    100.68066394283));
#6311 = CARTESIAN_POINT('',(113.41697892352,188.03159565247,
    101.85082992854));
#6312 = CARTESIAN_POINT('',(113.23961235413,213.92711478297,
    103.09239591425));
#6313 = CARTESIAN_POINT('',(113.22941235413,215.41631478297,
    103.16379591425));
#6314 = CARTESIAN_POINT('',(113.21921235413,216.90551478297,
    103.23519591425));
#6315 = CARTESIAN_POINT('',(113.20901235413,218.39471478297,
    103.30659591425));
#6316 = CARTESIAN_POINT('',(113.19881235413,219.88391478297,
    103.37799591425));
#6317 = CARTESIAN_POINT('',(113.18861235413,221.37311478297,
    103.44939591425));
#6318 = ADVANCED_FACE('',(#6319),#6463,.F.);
#6319 = FACE_BOUND('',#6320,.F.);
#6320 = EDGE_LOOP('',(#6321,#6322,#6323,#6442,#6462));
#6321 = ORIENTED_EDGE('',*,*,#5248,.F.);
#6322 = ORIENTED_EDGE('',*,*,#2730,.F.);
#6323 = ORIENTED_EDGE('',*,*,#6324,.F.);
#6324 = EDGE_CURVE('',#6325,#2722,#6327,.T.);
#6325 = VERTEX_POINT('',#6326);
#6326 = CARTESIAN_POINT('',(114.18591921838,-76.30371479929,
    98.822760730793));
#6327 = B_SPLINE_CURVE_WITH_KNOTS('',8,(#6328,#6329,#6330,#6331,#6332,
    #6333,#6334,#6335,#6336,#6337,#6338,#6339,#6340,#6341,#6342,#6343,
    #6344,#6345,#6346,#6347,#6348,#6349,#6350,#6351,#6352,#6353,#6354,
    #6355,#6356,#6357,#6358,#6359,#6360,#6361,#6362,#6363,#6364,#6365,
    #6366,#6367,#6368,#6369,#6370,#6371,#6372,#6373,#6374,#6375,#6376,
    #6377,#6378,#6379,#6380,#6381,#6382,#6383,#6384,#6385,#6386,#6387,
    #6388,#6389,#6390,#6391,#6392,#6393,#6394,#6395,#6396,#6397,#6398,
    #6399,#6400,#6401,#6402,#6403,#6404,#6405,#6406,#6407,#6408,#6409,
    #6410,#6411,#6412,#6413,#6414,#6415,#6416,#6417,#6418,#6419,#6420,
    #6421,#6422,#6423,#6424,#6425,#6426,#6427,#6428,#6429,#6430,#6431,
    #6432,#6433,#6434,#6435,#6436,#6437,#6438,#6439,#6440,#6441),
  .UNSPECIFIED.,.F.,.F.,(9,7,7,7,7,7,7,7,7,7,7,7,7,7,7,7,9),(0.,
    0.106991883795,0.214175378111,0.319846282916,0.422847325798,
    0.52449744428,0.626023471326,0.728515848074,0.832679324342,
    0.890287816522,0.946887875191,0.970772527995,0.984448479132,
    0.992164730063,0.996269955091,0.998520299417,1.),.UNSPECIFIED.);
#6328 = CARTESIAN_POINT('',(114.18591921838,-76.30371479929,
    98.822760730793));
#6329 = CARTESIAN_POINT('',(114.04168504442,-76.30265548534,
    98.823334916003));
#6330 = CARTESIAN_POINT('',(113.89624218491,-76.29821930995,
    98.822358813015));
#6331 = CARTESIAN_POINT('',(113.74968044809,-76.29030639173,
    98.819786175325));
#6332 = CARTESIAN_POINT('',(113.60209705115,-76.27882000318,
    98.815572526025));
#6333 = CARTESIAN_POINT('',(113.4535964203,-76.2636674484,
    98.809675611898));
#6334 = CARTESIAN_POINT('',(113.30428999071,-76.24476094081,
    98.802055857504));
#6335 = CARTESIAN_POINT('',(113.1542960066,-76.22201848086,
    98.792676819279));
#6336 = CARTESIAN_POINT('',(112.85291300556,-76.16866325281,
    98.770314453633));
#6337 = CARTESIAN_POINT('',(112.7015219513,-76.13803647563,98.7573247091
    ));
#6338 = CARTESIAN_POINT('',(112.54969149314,-76.10340863369,
    98.742503348002));
#6339 = CARTESIAN_POINT('',(112.39755360384,-76.06471074819,
    98.725820967473));
#6340 = CARTESIAN_POINT('',(112.24524626169,-76.02188145313,
    98.707252227554));
#6341 = CARTESIAN_POINT('',(112.092912818,-75.9748678184,98.686776258948
    ));
#6342 = CARTESIAN_POINT('',(111.94070136457,-75.92362617281,
    98.664377070766));
#6343 = CARTESIAN_POINT('',(111.63897099927,-75.8134029516,
    98.616054238329));
#6344 = CARTESIAN_POINT('',(111.48944435389,-75.75454080997,
    98.590184794348));
#6345 = CARTESIAN_POINT('',(111.34032985426,-75.69150416737,
    98.562425282295));
#6346 = CARTESIAN_POINT('',(111.19177697159,-75.62427027501,
    98.532770383541));
#6347 = CARTESIAN_POINT('',(111.04393802047,-75.55282641976,
    98.501220000962));
#6348 = CARTESIAN_POINT('',(110.89696722016,-75.47717037376,
    98.467779455029));
#6349 = CARTESIAN_POINT('',(110.75101975587,-75.39731084393,
    98.432459679888));
#6350 = CARTESIAN_POINT('',(110.46513962943,-75.23134841255,
    98.359034599268));
#6351 = CARTESIAN_POINT('',(110.32514810588,-75.14545421573,
    98.321022209414));
#6352 = CARTESIAN_POINT('',(110.18641995373,-75.05560371455,
    98.281255641146));
#6353 = CARTESIAN_POINT('',(110.04909874593,-74.96182557161,
    98.239755523849));
#6354 = CARTESIAN_POINT('',(109.9133269976,-74.8641586604,
    98.196547657304));
#6355 = CARTESIAN_POINT('',(109.77924521946,-74.76265199681,
    98.151662943956));
#6356 = CARTESIAN_POINT('',(109.64699097138,-74.65736467082,
    98.105137321181));
#6357 = CARTESIAN_POINT('',(109.38811373687,-74.44079647534,
    98.009517264244));
#6358 = CARTESIAN_POINT('',(109.26143959357,-74.32961229746,
    97.960464506717));
#6359 = CARTESIAN_POINT('',(109.13680401209,-74.21487941288,
    97.909892638168));
#6360 = CARTESIAN_POINT('',(109.01433170081,-74.0966734416,
    97.857845544404));
#6361 = CARTESIAN_POINT('',(108.89414279004,-73.97507889455,
    97.804371511706));
#6362 = CARTESIAN_POINT('',(108.77635207164,-73.85018861281,
    97.749522958704));
#6363 = CARTESIAN_POINT('',(108.6610682387,-73.72210320693,
    97.693356168244));
#6364 = CARTESIAN_POINT('',(108.43585556208,-73.45991791728,
    97.578575973176));
#6365 = CARTESIAN_POINT('',(108.32592032391,-73.32582554904,
    97.519965613064));
#6366 = CARTESIAN_POINT('',(108.21868901724,-73.18876055786,
    97.460159575822));
#6367 = CARTESIAN_POINT('',(108.11425634881,-73.04883727097,
    97.399220985916));
#6368 = CARTESIAN_POINT('',(108.01270969412,-72.90617611609,
    97.337216138872));
#6369 = CARTESIAN_POINT('',(107.91412866585,-72.76090256101,
    97.274214184774));
#6370 = CARTESIAN_POINT('',(107.81858468246,-72.6131460532,
    97.210286811762));
#6371 = CARTESIAN_POINT('',(107.63281648469,-72.3115031094,
    97.080112465968));
#6372 = CARTESIAN_POINT('',(107.54265155461,-72.15757179896,
    97.013849135635));
#6373 = CARTESIAN_POINT('',(107.45571054535,-72.00138063406,
    96.946794242785));
#6374 = CARTESIAN_POINT('',(107.37204928051,-71.84306865764,
    96.879026078386));
#6375 = CARTESIAN_POINT('',(107.29171458953,-71.68277620484,
    96.810625073904));
#6376 = CARTESIAN_POINT('',(107.21474428905,-71.52064275827,
    96.741673955068));
#6377 = CARTESIAN_POINT('',(107.14116716411,-71.35680480315,
    96.672257895646));
#6378 = CARTESIAN_POINT('',(106.99969473386,-71.0232855962,
    96.531533494605));
#6379 = CARTESIAN_POINT('',(106.93191167711,-70.85355219728,
    96.460213027893));
#6380 = CARTESIAN_POINT('',(106.86767458328,-70.68233196212,
    96.388595057366));
#6381 = CARTESIAN_POINT('',(106.80699483178,-70.50975359754,
    96.316776595779));
#6382 = CARTESIAN_POINT('',(106.74987456149,-70.33593737655,
    96.244858052969));
#6383 = CARTESIAN_POINT('',(106.69630703573,-70.16098821536,
    96.172946089014));
#6384 = CARTESIAN_POINT('',(106.64627718822,-69.98498049203,
    96.101161149945));
#6385 = CARTESIAN_POINT('',(106.57403692484,-69.71001788107,
    95.990099665635));
#6386 = CARTESIAN_POINT('',(106.54938665503,-69.61178339875,
    95.950633429071));
#6387 = CARTESIAN_POINT('',(106.52580769997,-69.51323473504,
    95.91127567024));
#6388 = CARTESIAN_POINT('',(106.50329552609,-69.41436869399,
    95.872054489337));
#6389 = CARTESIAN_POINT('',(106.48184493092,-69.31517546658,
    95.833001263901));
#6390 = CARTESIAN_POINT('',(106.46145009881,-69.2156351877,
    95.794152526016));
#6391 = CARTESIAN_POINT('',(106.44210468829,-69.11571089157,
    95.755553845634));
#6392 = CARTESIAN_POINT('',(106.40581960196,-68.91672186423,
    95.679647825996));
#6393 = CARTESIAN_POINT('',(106.38884382876,-68.81767282837,
    95.642330073949));
#6394 = CARTESIAN_POINT('',(106.37286812478,-68.7181298213,
    95.605369171755));
#6395 = CARTESIAN_POINT('',(106.35788576237,-68.61799730508,
    95.568840896029));
#6396 = CARTESIAN_POINT('',(106.3438896873,-68.51715718487,
    95.532833337125));
#6397 = CARTESIAN_POINT('',(106.33087322151,-68.41538679875,
    95.497492587146));
#6398 = CARTESIAN_POINT('',(106.31882964994,-68.31240668002,
    95.462996077815));
#6399 = CARTESIAN_POINT('',(106.30308211847,-68.16324472403,95.415733269
    ));
#6400 = CARTESIAN_POINT('',(106.29858152189,-68.11863857523,
    95.401931889148));
#6401 = CARTESIAN_POINT('',(106.29425327473,-68.07363718641,
    95.388386555312));
#6402 = CARTESIAN_POINT('',(106.29009719208,-68.028175394,
    95.375135174644));
#6403 = CARTESIAN_POINT('',(106.28611331036,-67.98216348203,
    95.362229577456));
#6404 = CARTESIAN_POINT('',(106.2823018875,-67.93548608028,
    95.349736127847));
#6405 = CARTESIAN_POINT('',(106.27866357217,-67.88798160272,
    95.337747216776));
#6406 = CARTESIAN_POINT('',(106.27321685402,-67.81153591976,
    95.319936796074));
#6407 = CARTESIAN_POINT('',(106.27129102725,-67.78333956589,
    95.313669527843));
#6408 = CARTESIAN_POINT('',(106.26942282603,-67.75472675702,
    95.307650195109));
#6409 = CARTESIAN_POINT('',(106.26761265568,-67.72563372359,
    95.301914868493));
#6410 = CARTESIAN_POINT('',(106.26586116773,-67.69597274723,
    95.296513461676));
#6411 = CARTESIAN_POINT('',(106.2641692491,-67.66563231994,
    95.291509633347));
#6412 = CARTESIAN_POINT('',(106.26253819206,-67.6344572131,
    95.286991997923));
#6413 = CARTESIAN_POINT('',(106.26008575739,-67.58395880525,
    95.28092937952));
#6414 = CARTESIAN_POINT('',(106.25922134316,-67.56539242137,
    95.278946969451));
#6415 = CARTESIAN_POINT('',(106.25837750337,-67.54642307421,
    95.277197599955));
#6416 = CARTESIAN_POINT('',(106.25755474782,-67.52699160878,
    95.275714815722));
#6417 = CARTESIAN_POINT('',(106.25675386161,-67.5070148501,
    95.274546449862));
#6418 = CARTESIAN_POINT('',(106.25597587249,-67.48638809292,
    95.273753190749));
#6419 = CARTESIAN_POINT('',(106.25522223043,-67.46496517651,
    95.273419910317));
#6420 = CARTESIAN_POINT('',(106.25410900998,-67.43050943079,
    95.273854119868));
#6421 = CARTESIAN_POINT('',(106.25373014023,-67.41824428843,
    95.274179365669));
#6422 = CARTESIAN_POINT('',(106.25335934272,-67.40563554093,
    95.27470344364));
#6423 = CARTESIAN_POINT('',(106.25299708983,-67.39263411936,
    95.275454561915));
#6424 = CARTESIAN_POINT('',(106.25264412498,-67.37917061728,
    95.27647360386));
#6425 = CARTESIAN_POINT('',(106.25230141959,-67.36515876389,
    95.277812087667));
#6426 = CARTESIAN_POINT('',(106.25197033847,-67.35047851621,
    95.279541952088));
#6427 = CARTESIAN_POINT('',(106.25147969634,-67.32636006833,
    95.283037592164));
#6428 = CARTESIAN_POINT('',(106.25131033788,-67.31755607735,
    95.284433061123));
#6429 = CARTESIAN_POINT('',(106.25114568729,-67.30844412801,
    95.286010281478));
#6430 = CARTESIAN_POINT('',(106.25098621594,-67.29897864119,
    95.287795864989));
#6431 = CARTESIAN_POINT('',(106.25083275249,-67.28909319373,
    95.289830614188));
#6432 = CARTESIAN_POINT('',(106.25068638336,-67.278708167,
    95.292164854271));
#6433 = CARTESIAN_POINT('',(106.25054863863,-67.26771374323,
    95.294868559494));
#6434 = CARTESIAN_POINT('',(106.2503396865,-67.24809380581,
    95.300203788206));
#6435 = CARTESIAN_POINT('',(106.25026258383,-67.24001358487,
    95.302525006194));
#6436 = CARTESIAN_POINT('',(106.25019121926,-67.23151960925,
    95.305100695821));
#6437 = CARTESIAN_POINT('',(106.25012688039,-67.22248261572,
    95.308005380601));
#6438 = CARTESIAN_POINT('',(106.25007086558,-67.21281900878,
    95.31129417944));
#6439 = CARTESIAN_POINT('',(106.25002745784,-67.20233377371,
    95.315114580147));
#6440 = CARTESIAN_POINT('',(106.25,-67.19093604263,95.319556325402));
#6441 = CARTESIAN_POINT('',(106.25,-67.17808641773,95.32502337356));
#6442 = ORIENTED_EDGE('',*,*,#6443,.T.);
#6443 = EDGE_CURVE('',#6325,#3011,#6444,.T.);
#6444 = B_SPLINE_CURVE_WITH_KNOTS('',6,(#6445,#6446,#6447,#6448,#6449,
    #6450,#6451,#6452,#6453,#6454,#6455,#6456,#6457,#6458,#6459,#6460,
    #6461),.UNSPECIFIED.,.F.,.F.,(7,5,5,7),(-9.000422918949,
    -5.47496049944E-02,146.55481105679,155.50048437074),.UNSPECIFIED.);
#6445 = CARTESIAN_POINT('',(114.31401177045,-59.84327509015,
    107.74489475716));
#6446 = CARTESIAN_POINT('',(114.30381177045,-61.15401862925,
    107.03442591569));
#6447 = CARTESIAN_POINT('',(114.29361177045,-62.46476216836,
    106.32395707423));
#6448 = CARTESIAN_POINT('',(114.28341177045,-63.77550570747,
    105.61348823277));
#6449 = CARTESIAN_POINT('',(114.27321177045,-65.08624924657,
    104.90301939131));
#6450 = CARTESIAN_POINT('',(114.26301177045,-66.39699278568,
    104.19255054984));
#6451 = CARTESIAN_POINT('',(114.08564520106,-89.18935404819,
    91.838293582549));
#6452 = CARTESIAN_POINT('',(113.91847863168,-110.6709717715,
    80.194505456712));
#6453 = CARTESIAN_POINT('',(113.75131206229,-132.1525894949,
    68.550717330874));
#6454 = CARTESIAN_POINT('',(113.5841454929,-153.6342072183,
    56.906929205036));
#6455 = CARTESIAN_POINT('',(113.41697892352,-175.1158249417,
    45.263141079199));
#6456 = CARTESIAN_POINT('',(113.23961235413,-197.9081862043,
    32.908884111899));
#6457 = CARTESIAN_POINT('',(113.22941235413,-199.2189297434,
    32.198415270437));
#6458 = CARTESIAN_POINT('',(113.21921235413,-200.5296732825,
    31.487946428975));
#6459 = CARTESIAN_POINT('',(113.20901235413,-201.8404168216,
    30.777477587512));
#6460 = CARTESIAN_POINT('',(113.19881235413,-203.1511603607,
    30.06700874605));
#6461 = CARTESIAN_POINT('',(113.18861235413,-204.4619038998,
    29.356539904588));
#6462 = ORIENTED_EDGE('',*,*,#3010,.F.);
#6463 = ( BOUNDED_SURFACE() B_SPLINE_SURFACE(2,6,(
    (#6464,#6465,#6466,#6467,#6468,#6469,#6470,#6471,#6472,#6473,#6474
      ,#6475,#6476,#6477,#6478,#6479,#6480)
    ,(#6481,#6482,#6483,#6484,#6485,#6486,#6487,#6488,#6489,#6490,#6491
      ,#6492,#6493,#6494,#6495,#6496,#6497)
    ,(#6498,#6499,#6500,#6501,#6502,#6503,#6504,#6505,#6506,#6507,#6508
      ,#6509,#6510,#6511,#6512,#6513,#6514
)),.UNSPECIFIED.,.F.,.F.,.F.) B_SPLINE_SURFACE_WITH_KNOTS((3,3),(7,5,5,7
    ),(0.,146.60956066178),(-9.000422918949,-5.47496049944E-02,
    146.55481105679,155.50048437074),.UNSPECIFIED.) 
GEOMETRIC_REPRESENTATION_ITEM() RATIONAL_B_SPLINE_SURFACE((
    (1.,1.,1.,1.,1.,1.,1.,1.,1.,1.,1.,1.,1.,1.,1.,1.,1.)
    ,(0.706990803572,0.706990803572,0.706990803572,0.706990803572
      ,0.706990803572,0.706990803572,0.706990803572,0.706990803572
      ,0.706990803572,0.706990803572,0.706990803572,0.706990803572
      ,0.706990803572,0.706990803572,0.706990803572,0.706990803572
      ,0.706990803572)
    ,(1.,1.,1.,1.,1.,1.,1.,1.,1.,1.,1.,1.,1.,1.,1.,1.,1.
))) REPRESENTATION_ITEM('') SURFACE() );
#6464 = CARTESIAN_POINT('',(106.31419941632,-55.98164027425,
    100.73541804448));
#6465 = CARTESIAN_POINT('',(106.30399941632,-57.29238381336,
    100.02494920302));
#6466 = CARTESIAN_POINT('',(106.29379941632,-58.60312735247,
    99.31448036156));
#6467 = CARTESIAN_POINT('',(106.28359941632,-59.91387089157,
    98.604011520098));
#6468 = CARTESIAN_POINT('',(106.27339941632,-61.22461443068,
    97.893542678635));
#6469 = CARTESIAN_POINT('',(106.26319941632,-62.53535796979,
    97.183073837173));
#6470 = CARTESIAN_POINT('',(106.08583284693,-85.3277192323,
    84.828816869873));
#6471 = CARTESIAN_POINT('',(105.91866627754,-106.8093369557,
    73.185028744036));
#6472 = CARTESIAN_POINT('',(105.75149970816,-128.2909546791,
    61.541240618198));
#6473 = CARTESIAN_POINT('',(105.58433313877,-149.7725724025,
    49.89745249236));
#6474 = CARTESIAN_POINT('',(105.41716656938,-171.2541901259,
    38.253664366523));
#6475 = CARTESIAN_POINT('',(105.2398,-194.0465513884,25.899407399223));
#6476 = CARTESIAN_POINT('',(105.2296,-195.3572949275,25.188938557761));
#6477 = CARTESIAN_POINT('',(105.2194,-196.6680384666,24.478469716299));
#6478 = CARTESIAN_POINT('',(105.2092,-197.9787820057,23.768000874837));
#6479 = CARTESIAN_POINT('',(105.199,-199.2895255448,23.057532033374));
#6480 = CARTESIAN_POINT('',(105.1888,-200.6002690839,22.347063191912));
#6481 = CARTESIAN_POINT('',(106.31157455825,-59.79514275499,
    107.77098416624));
#6482 = CARTESIAN_POINT('',(106.30137455825,-61.1058862941,
    107.06051532477));
#6483 = CARTESIAN_POINT('',(106.29117455825,-62.41662983321,
    106.35004648331));
#6484 = CARTESIAN_POINT('',(106.28097455825,-63.72737337232,
    105.63957764185));
#6485 = CARTESIAN_POINT('',(106.27077455825,-65.03811691142,
    104.92910880039));
#6486 = CARTESIAN_POINT('',(106.26057455825,-66.34886045053,
    104.21863995893));
#6487 = CARTESIAN_POINT('',(106.08320798887,-89.14122171304,
    91.86438299163));
#6488 = CARTESIAN_POINT('',(105.91604141948,-110.6228394364,
    80.220594865792));
#6489 = CARTESIAN_POINT('',(105.74887485009,-132.1044571598,
    68.576806739955));
#6490 = CARTESIAN_POINT('',(105.58170828071,-153.5860748832,
    56.933018614117));
#6491 = CARTESIAN_POINT('',(105.41454171132,-175.0676926066,
    45.289230488279));
#6492 = CARTESIAN_POINT('',(105.23717514193,-197.8600538691,
    32.934973520979));
#6493 = CARTESIAN_POINT('',(105.22697514193,-199.1707974082,
    32.224504679517));
#6494 = CARTESIAN_POINT('',(105.21677514193,-200.4815409473,
    31.514035838055));
#6495 = CARTESIAN_POINT('',(105.20657514193,-201.7922844864,
    30.803566996593));
#6496 = CARTESIAN_POINT('',(105.19637514193,-203.1030280255,
    30.093098155131));
#6497 = CARTESIAN_POINT('',(105.18617514193,-204.4137715646,
    29.382629313669));
#6498 = CARTESIAN_POINT('',(114.31401177045,-59.84327509015,
    107.74489475716));
#6499 = CARTESIAN_POINT('',(114.30381177045,-61.15401862925,
    107.03442591569));
#6500 = CARTESIAN_POINT('',(114.29361177045,-62.46476216836,
    106.32395707423));
#6501 = CARTESIAN_POINT('',(114.28341177045,-63.77550570747,
    105.61348823277));
#6502 = CARTESIAN_POINT('',(114.27321177045,-65.08624924657,
    104.90301939131));
#6503 = CARTESIAN_POINT('',(114.26301177045,-66.39699278568,
    104.19255054984));
#6504 = CARTESIAN_POINT('',(114.08564520106,-89.18935404819,
    91.838293582549));
#6505 = CARTESIAN_POINT('',(113.91847863168,-110.6709717715,
    80.194505456712));
#6506 = CARTESIAN_POINT('',(113.75131206229,-132.1525894949,
    68.550717330874));
#6507 = CARTESIAN_POINT('',(113.5841454929,-153.6342072183,
    56.906929205036));
#6508 = CARTESIAN_POINT('',(113.41697892352,-175.1158249417,
    45.263141079199));
#6509 = CARTESIAN_POINT('',(113.23961235413,-197.9081862043,
    32.908884111899));
#6510 = CARTESIAN_POINT('',(113.22941235413,-199.2189297434,
    32.198415270437));
#6511 = CARTESIAN_POINT('',(113.21921235413,-200.5296732825,
    31.487946428975));
#6512 = CARTESIAN_POINT('',(113.20901235413,-201.8404168216,
    30.777477587512));
#6513 = CARTESIAN_POINT('',(113.19881235413,-203.1511603607,
    30.06700874605));
#6514 = CARTESIAN_POINT('',(113.18861235413,-204.4619038998,
    29.356539904588));
#6515 = ADVANCED_FACE('',(#6516),#6548,.T.);
#6516 = FACE_BOUND('',#6517,.T.);
#6517 = EDGE_LOOP('',(#6518,#6519,#6541,#6547));
#6518 = ORIENTED_EDGE('',*,*,#2437,.T.);
#6519 = ORIENTED_EDGE('',*,*,#6520,.T.);
#6520 = EDGE_CURVE('',#2438,#6521,#6523,.T.);
#6521 = VERTEX_POINT('',#6522);
#6522 = CARTESIAN_POINT('',(105.25,212.,118.98818323431));
#6523 = B_SPLINE_CURVE_WITH_KNOTS('',6,(#6524,#6525,#6526,#6527,#6528,
    #6529,#6530,#6531,#6532,#6533,#6534,#6535,#6536,#6537,#6538,#6539,
    #6540),.UNSPECIFIED.,.F.,.F.,(7,5,5,7),(-9.000422918949,
    -5.474960499486E-02,146.55481105679,155.50048437074),.UNSPECIFIED.);
#6524 = CARTESIAN_POINT('',(106.31419941632,56.626885217026,
    126.43757914856));
#6525 = CARTESIAN_POINT('',(106.30399941632,58.116085217026,
    126.36617914856));
#6526 = CARTESIAN_POINT('',(106.29379941632,59.605285217026,
    126.29477914856));
#6527 = CARTESIAN_POINT('',(106.28359941632,61.094485217026,
    126.22337914856));
#6528 = CARTESIAN_POINT('',(106.27339941632,62.583685217026,
    126.15197914856));
#6529 = CARTESIAN_POINT('',(106.26319941632,64.072885217026,
    126.08057914856));
#6530 = CARTESIAN_POINT('',(106.08583284693,89.968404347522,
    124.83901316285));
#6531 = CARTESIAN_POINT('',(105.91866627754,114.37472347801,
    123.66884717714));
#6532 = CARTESIAN_POINT('',(105.75149970816,138.78104260851,
    122.49868119144));
#6533 = CARTESIAN_POINT('',(105.58433313877,163.187361739,
    121.32851520573));
#6534 = CARTESIAN_POINT('',(105.41716656938,187.5936808695,
    120.15834922002));
#6535 = CARTESIAN_POINT('',(105.2398,213.4892,118.91678323431));
#6536 = CARTESIAN_POINT('',(105.2296,214.9784,118.84538323431));
#6537 = CARTESIAN_POINT('',(105.2194,216.4676,118.77398323431));
#6538 = CARTESIAN_POINT('',(105.2092,217.9568,118.70258323431));
#6539 = CARTESIAN_POINT('',(105.199,219.446,118.63118323431));
#6540 = CARTESIAN_POINT('',(105.1888,220.9352,118.55978323431));
#6541 = ORIENTED_EDGE('',*,*,#6542,.F.);
#6542 = EDGE_CURVE('',#6193,#6521,#6543,.T.);
#6543 = LINE('',#6544,#6545);
#6544 = CARTESIAN_POINT('',(105.25,212.,103.));
#6545 = VECTOR('',#6546,1.);
#6546 = DIRECTION('',(2.22044604925E-16,0.,1.));
#6547 = ORIENTED_EDGE('',*,*,#6192,.F.);
#6548 = B_SPLINE_SURFACE_WITH_KNOTS('',1,1,(
    (#6549,#6550)
    ,(#6551,#6552
    )),.UNSPECIFIED.,.F.,.F.,.F.,(2,2),(2,2),(0.,38.),(0.,1.),
  .PIECEWISE_BEZIER_KNOTS.);
#6549 = CARTESIAN_POINT('',(106.25,66.,96.));
#6550 = CARTESIAN_POINT('',(105.25,212.,103.));
#6551 = CARTESIAN_POINT('',(106.25,66.,134.));
#6552 = CARTESIAN_POINT('',(105.25,212.,127.));
#6553 = ADVANCED_FACE('',(#6554),#6694,.T.);
#6554 = FACE_BOUND('',#6555,.F.);
#6555 = EDGE_LOOP('',(#6556,#6566,#6567,#6575,#6576,#6577));
#6556 = ORIENTED_EDGE('',*,*,#6557,.F.);
#6557 = EDGE_CURVE('',#3374,#6558,#6560,.T.);
#6558 = VERTEX_POINT('',#6559);
#6559 = CARTESIAN_POINT('',(114.18591921838,-76.30371479929,
    131.1772392692));
#6560 = B_SPLINE_CURVE_WITH_KNOTS('',4,(#6561,#6562,#6563,#6564,#6565),
  .UNSPECIFIED.,.F.,.F.,(5,5),(0.,1.),.PIECEWISE_BEZIER_KNOTS.);
#6561 = CARTESIAN_POINT('',(114.25,-76.30395011303,131.17736681748));
#6562 = CARTESIAN_POINT('',(114.23397933368,-76.30395011303,
    131.17736681748));
#6563 = CARTESIAN_POINT('',(114.21795881882,-76.3039108924,
    131.17734555853));
#6564 = CARTESIAN_POINT('',(114.20193854913,-76.30383245281,
    131.17730304153));
#6565 = CARTESIAN_POINT('',(114.18591861842,-76.30371479488,
    131.17723926681));
#6566 = ORIENTED_EDGE('',*,*,#3373,.T.);
#6567 = ORIENTED_EDGE('',*,*,#6568,.F.);
#6568 = EDGE_CURVE('',#6325,#3376,#6569,.T.);
#6569 = B_SPLINE_CURVE_WITH_KNOTS('',4,(#6570,#6571,#6572,#6573,#6574),
  .UNSPECIFIED.,.F.,.F.,(5,5),(0.,1.),.PIECEWISE_BEZIER_KNOTS.);
#6570 = CARTESIAN_POINT('',(114.18591861842,-76.30371479488,
    98.822760733181));
#6571 = CARTESIAN_POINT('',(114.2019385491,-76.30383245281,
    98.822696958466));
#6572 = CARTESIAN_POINT('',(114.21795881886,-76.3039108924,
    98.822654441465));
#6573 = CARTESIAN_POINT('',(114.23397933357,-76.30395011303,
    98.822633182513));
#6574 = CARTESIAN_POINT('',(114.25,-76.30395011303,98.822633182513));
#6575 = ORIENTED_EDGE('',*,*,#6324,.T.);
#6576 = ORIENTED_EDGE('',*,*,#2721,.F.);
#6577 = ORIENTED_EDGE('',*,*,#6578,.F.);
#6578 = EDGE_CURVE('',#6558,#2695,#6579,.T.);
#6579 = B_SPLINE_CURVE_WITH_KNOTS('',8,(#6580,#6581,#6582,#6583,#6584,
    #6585,#6586,#6587,#6588,#6589,#6590,#6591,#6592,#6593,#6594,#6595,
    #6596,#6597,#6598,#6599,#6600,#6601,#6602,#6603,#6604,#6605,#6606,
    #6607,#6608,#6609,#6610,#6611,#6612,#6613,#6614,#6615,#6616,#6617,
    #6618,#6619,#6620,#6621,#6622,#6623,#6624,#6625,#6626,#6627,#6628,
    #6629,#6630,#6631,#6632,#6633,#6634,#6635,#6636,#6637,#6638,#6639,
    #6640,#6641,#6642,#6643,#6644,#6645,#6646,#6647,#6648,#6649,#6650,
    #6651,#6652,#6653,#6654,#6655,#6656,#6657,#6658,#6659,#6660,#6661,
    #6662,#6663,#6664,#6665,#6666,#6667,#6668,#6669,#6670,#6671,#6672,
    #6673,#6674,#6675,#6676,#6677,#6678,#6679,#6680,#6681,#6682,#6683,
    #6684,#6685,#6686,#6687,#6688,#6689,#6690,#6691,#6692,#6693),
  .UNSPECIFIED.,.F.,.F.,(9,7,7,7,7,7,7,7,7,7,7,7,7,7,7,7,9),(0.,
    0.106991883795,0.214175378111,0.319846282916,0.422847325798,
    0.524497444279,0.626023471326,0.728515848074,0.832679324342,
    0.890287816522,0.946887875191,0.970772527995,0.984448479132,
    0.992164730063,0.996269955091,0.998520299417,1.),.UNSPECIFIED.);
#6580 = CARTESIAN_POINT('',(114.18591921838,-76.30371479929,
    131.1772392692));
#6581 = CARTESIAN_POINT('',(114.04168504442,-76.30265548534,
    131.17666508399));
#6582 = CARTESIAN_POINT('',(113.89624218491,-76.29821930995,
    131.17764118698));
#6583 = CARTESIAN_POINT('',(113.74968044809,-76.29030639173,
    131.18021382467));
#6584 = CARTESIAN_POINT('',(113.60209705115,-76.27882000318,
    131.18442747397));
#6585 = CARTESIAN_POINT('',(113.4535964203,-76.2636674484,131.1903243881
    ));
#6586 = CARTESIAN_POINT('',(113.30428999071,-76.24476094081,
    131.19794414249));
#6587 = CARTESIAN_POINT('',(113.1542960066,-76.22201848086,
    131.20732318072));
#6588 = CARTESIAN_POINT('',(112.85291300556,-76.16866325281,
    131.22968554636));
#6589 = CARTESIAN_POINT('',(112.7015219513,-76.13803647563,
    131.2426752909));
#6590 = CARTESIAN_POINT('',(112.54969149314,-76.10340863369,
    131.25749665199));
#6591 = CARTESIAN_POINT('',(112.39755360384,-76.06471074819,
    131.27417903252));
#6592 = CARTESIAN_POINT('',(112.24524626169,-76.02188145313,
    131.29274777244));
#6593 = CARTESIAN_POINT('',(112.092912818,-75.9748678184,131.31322374105
    ));
#6594 = CARTESIAN_POINT('',(111.94070136457,-75.92362617281,
    131.33562292923));
#6595 = CARTESIAN_POINT('',(111.63897099927,-75.8134029516,
    131.38394576167));
#6596 = CARTESIAN_POINT('',(111.48944435389,-75.75454080997,
    131.40981520565));
#6597 = CARTESIAN_POINT('',(111.34032985426,-75.69150416737,
    131.4375747177));
#6598 = CARTESIAN_POINT('',(111.19177697159,-75.62427027501,
    131.46722961645));
#6599 = CARTESIAN_POINT('',(111.04393802047,-75.55282641976,
    131.49877999903));
#6600 = CARTESIAN_POINT('',(110.89696722017,-75.47717037376,
    131.53222054497));
#6601 = CARTESIAN_POINT('',(110.75101975587,-75.39731084393,
    131.56754032011));
#6602 = CARTESIAN_POINT('',(110.46513962943,-75.23134841255,
    131.64096540073));
#6603 = CARTESIAN_POINT('',(110.32514810588,-75.14545421573,
    131.67897779058));
#6604 = CARTESIAN_POINT('',(110.18641995373,-75.05560371455,
    131.71874435885));
#6605 = CARTESIAN_POINT('',(110.04909874593,-74.96182557161,
    131.76024447615));
#6606 = CARTESIAN_POINT('',(109.9133269976,-74.8641586604,
    131.80345234269));
#6607 = CARTESIAN_POINT('',(109.77924521946,-74.76265199681,
    131.84833705604));
#6608 = CARTESIAN_POINT('',(109.64699097138,-74.65736467082,
    131.89486267881));
#6609 = CARTESIAN_POINT('',(109.38811373687,-74.44079647534,
    131.99048273575));
#6610 = CARTESIAN_POINT('',(109.26143959358,-74.32961229746,
    132.03953549328));
#6611 = CARTESIAN_POINT('',(109.13680401209,-74.21487941288,
    132.09010736183));
#6612 = CARTESIAN_POINT('',(109.01433170081,-74.0966734416,
    132.14215445559));
#6613 = CARTESIAN_POINT('',(108.89414279004,-73.97507889455,
    132.19562848829));
#6614 = CARTESIAN_POINT('',(108.77635207164,-73.85018861281,
    132.25047704129));
#6615 = CARTESIAN_POINT('',(108.6610682387,-73.72210320694,
    132.30664383175));
#6616 = CARTESIAN_POINT('',(108.43585556208,-73.45991791728,
    132.42142402682));
#6617 = CARTESIAN_POINT('',(108.32592032391,-73.32582554904,
    132.48003438693));
#6618 = CARTESIAN_POINT('',(108.21868901724,-73.18876055786,
    132.53984042417));
#6619 = CARTESIAN_POINT('',(108.11425634881,-73.04883727097,
    132.60077901408));
#6620 = CARTESIAN_POINT('',(108.01270969412,-72.90617611609,
    132.66278386112));
#6621 = CARTESIAN_POINT('',(107.91412866585,-72.76090256101,
    132.72578581522));
#6622 = CARTESIAN_POINT('',(107.81858468246,-72.6131460532,
    132.78971318823));
#6623 = CARTESIAN_POINT('',(107.63281648469,-72.3115031094,
    132.91988753403));
#6624 = CARTESIAN_POINT('',(107.54265155461,-72.15757179897,
    132.98615086436));
#6625 = CARTESIAN_POINT('',(107.45571054535,-72.00138063407,
    133.05320575721));
#6626 = CARTESIAN_POINT('',(107.37204928051,-71.84306865764,
    133.12097392161));
#6627 = CARTESIAN_POINT('',(107.29171458953,-71.68277620484,
    133.18937492609));
#6628 = CARTESIAN_POINT('',(107.21474428905,-71.52064275827,
    133.25832604493));
#6629 = CARTESIAN_POINT('',(107.14116716411,-71.35680480316,
    133.32774210435));
#6630 = CARTESIAN_POINT('',(106.99969473386,-71.0232855962,
    133.46846650539));
#6631 = CARTESIAN_POINT('',(106.93191167711,-70.85355219728,
    133.5397869721));
#6632 = CARTESIAN_POINT('',(106.86767458328,-70.68233196212,
    133.61140494263));
#6633 = CARTESIAN_POINT('',(106.80699483178,-70.50975359754,
    133.68322340422));
#6634 = CARTESIAN_POINT('',(106.74987456149,-70.33593737655,
    133.75514194703));
#6635 = CARTESIAN_POINT('',(106.69630703573,-70.16098821536,
    133.82705391098));
#6636 = CARTESIAN_POINT('',(106.64627718822,-69.98498049203,
    133.89883885005));
#6637 = CARTESIAN_POINT('',(106.57403692484,-69.71001788107,
    134.00990033436));
#6638 = CARTESIAN_POINT('',(106.54938665503,-69.61178339875,
    134.04936657092));
#6639 = CARTESIAN_POINT('',(106.52580769997,-69.51323473504,
    134.08872432975));
#6640 = CARTESIAN_POINT('',(106.50329552609,-69.41436869399,
    134.12794551066));
#6641 = CARTESIAN_POINT('',(106.48184493092,-69.31517546658,
    134.16699873609));
#6642 = CARTESIAN_POINT('',(106.46145009881,-69.2156351877,
    134.20584747398));
#6643 = CARTESIAN_POINT('',(106.44210468829,-69.11571089157,
    134.24444615436));
#6644 = CARTESIAN_POINT('',(106.40581960196,-68.91672186423,
    134.320352174));
#6645 = CARTESIAN_POINT('',(106.38884382876,-68.81767282837,
    134.35766992605));
#6646 = CARTESIAN_POINT('',(106.37286812478,-68.7181298213,
    134.39463082824));
#6647 = CARTESIAN_POINT('',(106.35788576237,-68.61799730507,
    134.43115910396));
#6648 = CARTESIAN_POINT('',(106.3438896873,-68.51715718487,
    134.46716666287));
#6649 = CARTESIAN_POINT('',(106.33087322151,-68.41538679875,
    134.50250741285));
#6650 = CARTESIAN_POINT('',(106.31882964994,-68.31240668002,
    134.53700392218));
#6651 = CARTESIAN_POINT('',(106.30308211847,-68.16324472403,
    134.584266731));
#6652 = CARTESIAN_POINT('',(106.29858152189,-68.11863857523,
    134.59806811085));
#6653 = CARTESIAN_POINT('',(106.29425327473,-68.07363718641,
    134.61161344468));
#6654 = CARTESIAN_POINT('',(106.29009719208,-68.028175394,
    134.62486482535));
#6655 = CARTESIAN_POINT('',(106.28611331036,-67.98216348203,
    134.63777042254));
#6656 = CARTESIAN_POINT('',(106.2823018875,-67.93548608028,
    134.65026387215));
#6657 = CARTESIAN_POINT('',(106.27866357217,-67.88798160272,
    134.66225278322));
#6658 = CARTESIAN_POINT('',(106.27321685402,-67.81153591976,
    134.68006320392));
#6659 = CARTESIAN_POINT('',(106.27129102725,-67.78333956589,
    134.68633047215));
#6660 = CARTESIAN_POINT('',(106.26942282603,-67.75472675702,
    134.69234980489));
#6661 = CARTESIAN_POINT('',(106.26761265568,-67.72563372359,
    134.6980851315));
#6662 = CARTESIAN_POINT('',(106.26586116773,-67.69597274724,
    134.70348653832));
#6663 = CARTESIAN_POINT('',(106.2641692491,-67.66563231995,
    134.70849036665));
#6664 = CARTESIAN_POINT('',(106.26253819206,-67.6344572131,
    134.71300800207));
#6665 = CARTESIAN_POINT('',(106.26008575739,-67.58395880525,
    134.71907062048));
#6666 = CARTESIAN_POINT('',(106.25922134316,-67.56539242137,
    134.72105303054));
#6667 = CARTESIAN_POINT('',(106.25837750337,-67.54642307421,
    134.72280240004));
#6668 = CARTESIAN_POINT('',(106.25755474782,-67.52699160878,
    134.72428518427));
#6669 = CARTESIAN_POINT('',(106.25675386161,-67.5070148501,
    134.72545355013));
#6670 = CARTESIAN_POINT('',(106.25597587249,-67.48638809292,
    134.72624680925));
#6671 = CARTESIAN_POINT('',(106.25522223043,-67.46496517651,
    134.72658008968));
#6672 = CARTESIAN_POINT('',(106.25410900998,-67.43050943079,
    134.72614588013));
#6673 = CARTESIAN_POINT('',(106.25373014023,-67.41824428843,
    134.72582063433));
#6674 = CARTESIAN_POINT('',(106.25335934272,-67.40563554093,
    134.72529655636));
#6675 = CARTESIAN_POINT('',(106.25299708983,-67.39263411936,
    134.72454543808));
#6676 = CARTESIAN_POINT('',(106.25264412498,-67.37917061729,
    134.72352639614));
#6677 = CARTESIAN_POINT('',(106.25230141959,-67.36515876389,
    134.72218791233));
#6678 = CARTESIAN_POINT('',(106.25197033847,-67.35047851621,
    134.72045804791));
#6679 = CARTESIAN_POINT('',(106.25147969634,-67.32636006834,
    134.71696240783));
#6680 = CARTESIAN_POINT('',(106.25131033788,-67.31755607735,
    134.71556693887));
#6681 = CARTESIAN_POINT('',(106.25114568729,-67.30844412801,
    134.71398971852));
#6682 = CARTESIAN_POINT('',(106.25098621594,-67.29897864119,
    134.71220413501));
#6683 = CARTESIAN_POINT('',(106.25083275249,-67.28909319373,
    134.71016938581));
#6684 = CARTESIAN_POINT('',(106.25068638336,-67.278708167,
    134.70783514573));
#6685 = CARTESIAN_POINT('',(106.25054863863,-67.26771374323,
    134.7051314405));
#6686 = CARTESIAN_POINT('',(106.2503396865,-67.24809380582,
    134.69979621179));
#6687 = CARTESIAN_POINT('',(106.25026258383,-67.24001358487,
    134.6974749938));
#6688 = CARTESIAN_POINT('',(106.25019121926,-67.23151960925,
    134.69489930418));
#6689 = CARTESIAN_POINT('',(106.25012688039,-67.22248261572,
    134.69199461939));
#6690 = CARTESIAN_POINT('',(106.25007086558,-67.21281900878,
    134.68870582056));
#6691 = CARTESIAN_POINT('',(106.25002745784,-67.20233377371,
    134.68488541985));
#6692 = CARTESIAN_POINT('',(106.25,-67.19093604263,134.68044367459));
#6693 = CARTESIAN_POINT('',(106.25,-67.17808641773,134.67497662644));
#6694 = TOROIDAL_SURFACE('',#6695,70.,8.);
#6695 = AXIS2_PLACEMENT_3D('',#6696,#6697,#6698);
#6696 = CARTESIAN_POINT('',(114.25,0.,115.));
#6697 = DIRECTION('',(-1.,-0.,2.22044604925E-16));
#6698 = DIRECTION('',(-2.22044604925E-16,0.,-1.));
#6699 = ADVANCED_FACE('',(#6700),#6874,.T.);
#6700 = FACE_BOUND('',#6701,.T.);
#6701 = EDGE_LOOP('',(#6702,#6703,#6704,#6823,#6845));
#6702 = ORIENTED_EDGE('',*,*,#6520,.F.);
#6703 = ORIENTED_EDGE('',*,*,#2445,.F.);
#6704 = ORIENTED_EDGE('',*,*,#6705,.F.);
#6705 = EDGE_CURVE('',#6706,#2446,#6708,.T.);
#6706 = VERTEX_POINT('',#6707);
#6707 = CARTESIAN_POINT('',(114.18591921838,75.766312602188,
    133.53175213551));
#6708 = B_SPLINE_CURVE_WITH_KNOTS('',8,(#6709,#6710,#6711,#6712,#6713,
    #6714,#6715,#6716,#6717,#6718,#6719,#6720,#6721,#6722,#6723,#6724,
    #6725,#6726,#6727,#6728,#6729,#6730,#6731,#6732,#6733,#6734,#6735,
    #6736,#6737,#6738,#6739,#6740,#6741,#6742,#6743,#6744,#6745,#6746,
    #6747,#6748,#6749,#6750,#6751,#6752,#6753,#6754,#6755,#6756,#6757,
    #6758,#6759,#6760,#6761,#6762,#6763,#6764,#6765,#6766,#6767,#6768,
    #6769,#6770,#6771,#6772,#6773,#6774,#6775,#6776,#6777,#6778,#6779,
    #6780,#6781,#6782,#6783,#6784,#6785,#6786,#6787,#6788,#6789,#6790,
    #6791,#6792,#6793,#6794,#6795,#6796,#6797,#6798,#6799,#6800,#6801,
    #6802,#6803,#6804,#6805,#6806,#6807,#6808,#6809,#6810,#6811,#6812,
    #6813,#6814,#6815,#6816,#6817,#6818,#6819,#6820,#6821,#6822),
  .UNSPECIFIED.,.F.,.F.,(9,7,7,7,7,7,7,7,7,7,7,7,7,7,7,7,9),(0.,
    0.106991883795,0.214175378111,0.319846282916,0.422847325799,
    0.52449744428,0.626023471326,0.728515848074,0.832679324342,
    0.890287816522,0.946887875191,0.970772527995,0.984448479132,
    0.992164730063,0.996269955091,0.998520299417,1.),.UNSPECIFIED.);
#6709 = CARTESIAN_POINT('',(114.18591921838,75.766312602188,
    133.53175213551));
#6710 = CARTESIAN_POINT('',(114.04168504442,75.765109063673,
    133.53180983941));
#6711 = CARTESIAN_POINT('',(113.89624218491,75.76153572297,
    133.52900561664));
#6712 = CARTESIAN_POINT('',(113.74968044809,75.755522655663,
    133.52325446363));
#6713 = CARTESIAN_POINT('',(113.60209705115,75.747002011088,
    133.51447433958));
#6714 = CARTESIAN_POINT('',(113.4535964203,75.735908606111,
    133.50258695641));
#6715 = CARTESIAN_POINT('',(113.30428999071,75.722180518898,
    133.48751856871));
#6716 = CARTESIAN_POINT('',(113.1542960066,75.705759682683,
    133.4692007637));
#6717 = CARTESIAN_POINT('',(112.85291300556,75.667390950089,
    133.42590300259));
#6718 = CARTESIAN_POINT('',(112.7015219513,75.645433216255,
    133.40091118656));
#6719 = CARTESIAN_POINT('',(112.54969149314,75.620665356275,
    133.3725331441));
#6720 = CARTESIAN_POINT('',(112.39755360384,75.593037979823,
    133.34071245534));
#6721 = CARTESIAN_POINT('',(112.24524626169,75.56250679265,
    133.30539966407));
#6722 = CARTESIAN_POINT('',(112.092912818,75.529033161214,
    133.26655300219));
#6723 = CARTESIAN_POINT('',(111.94070136457,75.492584677318,
    133.22413911419));
#6724 = CARTESIAN_POINT('',(111.63897099927,75.414243477713,
    133.1327776832));
#6725 = CARTESIAN_POINT('',(111.48944435389,75.372434851688,
    133.08393079344));
#6726 = CARTESIAN_POINT('',(111.34032985426,75.327685200054,
    133.0315697631));
#6727 = CARTESIAN_POINT('',(111.19177697159,75.279976334523,
    132.97567992993));
#6728 = CARTESIAN_POINT('',(111.04393802047,75.229296843107,
    132.9162556904));
#6729 = CARTESIAN_POINT('',(110.89696722017,75.175642410093,
    132.85330087146));
#6730 = CARTESIAN_POINT('',(110.75101975587,75.119016136017,
    132.78682910223));
#6731 = CARTESIAN_POINT('',(110.46513962943,75.001347100629,
    132.64866699019));
#6732 = CARTESIAN_POINT('',(110.32514810588,74.940452061203,
    132.57715091505));
#6733 = CARTESIAN_POINT('',(110.18641995373,74.876753624201,
    132.50233780364));
#6734 = CARTESIAN_POINT('',(110.04909874593,74.810268662996,
    132.42425867864));
#6735 = CARTESIAN_POINT('',(109.9133269976,74.741021007262,
    132.34295365141));
#6736 = CARTESIAN_POINT('',(109.77924521946,74.669041410743,
    132.2584718313));
#6737 = CARTESIAN_POINT('',(109.64699097138,74.594367519017,
    132.17087123493));
#6738 = CARTESIAN_POINT('',(109.38811373687,74.440734304945,
    131.99075512206));
#6739 = CARTESIAN_POINT('',(109.26143959357,74.361844015928,
    131.89831910781));
#6740 = CARTESIAN_POINT('',(109.13680401209,74.280415570209,
    131.80297469569));
#6741 = CARTESIAN_POINT('',(109.01433170081,74.196498057742,
    131.70479423574));
#6742 = CARTESIAN_POINT('',(108.89414279004,74.110146669594,
    131.60385790031));
#6743 = CARTESIAN_POINT('',(108.77635207164,74.021422309104,
    131.50025319919));
#6744 = CARTESIAN_POINT('',(108.6610682387,73.93039120304,
    131.39407449475));
#6745 = CARTESIAN_POINT('',(108.43585556208,73.743971679655,
    131.17690317852));
#6746 = CARTESIAN_POINT('',(108.32592032391,73.648588712641,
    131.0659165706));
#6747 = CARTESIAN_POINT('',(108.21868901724,73.551046289768,
    130.95256292206));
#6748 = CARTESIAN_POINT('',(108.11425634881,73.451420027632,
    130.8369487108));
#6749 = CARTESIAN_POINT('',(108.01270969412,73.349789663303,
    130.71918591864));
#6750 = CARTESIAN_POINT('',(107.91412866585,73.246238236261,
    130.59939128611));
#6751 = CARTESIAN_POINT('',(107.81858468246,73.140851270332,
    130.47768556713));
#6752 = CARTESIAN_POINT('',(107.63281648469,72.925560900633,
    130.22952456584));
#6753 = CARTESIAN_POINT('',(107.54265155461,72.815624163667,
    130.10303507559));
#6754 = CARTESIAN_POINT('',(107.45571054535,72.703994814287,
    129.97485189804));
#6755 = CARTESIAN_POINT('',(107.37204928051,72.590764156674,
    129.84510589941));
#6756 = CARTESIAN_POINT('',(107.29171458953,72.47602373053,
    129.71393043506));
#6757 = CARTESIAN_POINT('',(107.21474428905,72.359863311976,
    129.58146055755));
#6758 = CARTESIAN_POINT('',(107.14116716411,72.242368914456,
    129.4478322245));
#6759 = CARTESIAN_POINT('',(106.99969473386,72.002936521452,
    129.17633535963));
#6760 = CARTESIAN_POINT('',(106.93191167711,71.880956803953,
    129.0384332777));
#6761 = CARTESIAN_POINT('',(106.86767458328,71.757766575356,
    128.89961804003));
#6762 = CARTESIAN_POINT('',(106.80699483178,71.633439704253,
    128.76003289589));
#6763 = CARTESIAN_POINT('',(106.74987456149,71.508040986668,
    128.61982049591));
#6764 = CARTESIAN_POINT('',(106.69630703573,71.38161867078,
    128.47912245894));
#6765 = CARTESIAN_POINT('',(106.64627718822,71.254187509324,
    128.33807957455));
#6766 = CARTESIAN_POINT('',(106.57403692484,71.054642529092,
    128.118714829));
#6767 = CARTESIAN_POINT('',(106.54938665503,70.983260077058,
    128.04053463402));
#6768 = CARTESIAN_POINT('',(106.52580769997,70.911547490652,
    127.96231585591));
#6769 = CARTESIAN_POINT('',(106.50329552609,70.83948969819,
    127.88408242539));
#6770 = CARTESIAN_POINT('',(106.48184493092,70.767064247864,
    127.80585835668));
#6771 = CARTESIAN_POINT('',(106.46145009881,70.694237391145,
    127.72766794489));
#6772 = CARTESIAN_POINT('',(106.44210468829,70.620956050954,
    127.64953620829));
#6773 = CARTESIAN_POINT('',(106.40581960196,70.474607519887,
    127.49480914448));
#6774 = CARTESIAN_POINT('',(106.38884382876,70.401558987981,
    127.41821124564));
#6775 = CARTESIAN_POINT('',(106.37286812477,70.327910572027,
    127.34172053131));
#6776 = CARTESIAN_POINT('',(106.35788576237,70.253543317119,
    127.26536382155));
#6777 = CARTESIAN_POINT('',(106.3438896873,70.178312602454,
    127.18916924355));
#6778 = CARTESIAN_POINT('',(106.33087322151,70.101954429638,
    127.1131718124));
#6779 = CARTESIAN_POINT('',(106.31882964994,70.024140023105,
    127.03741013247));
#6780 = CARTESIAN_POINT('',(106.30308211847,69.910256308689,
    126.93010886592));
#6781 = CARTESIAN_POINT('',(106.29858152189,69.876055751601,
    126.89832036971));
#6782 = CARTESIAN_POINT('',(106.29425327473,69.841388001355,
    126.86659107477));
#6783 = CARTESIAN_POINT('',(106.29009719208,69.806177900302,
    126.83492686085));
#6784 = CARTESIAN_POINT('',(106.28611331036,69.77032212883,
    126.80333549915));
#6785 = CARTESIAN_POINT('',(106.2823018875,69.733687947656,
    126.7718267244));
#6786 = CARTESIAN_POINT('',(106.27866357217,69.696089685845,
    126.74041366842));
#6787 = CARTESIAN_POINT('',(106.27321685402,69.634942157343,
    126.69119849508));
#6788 = CARTESIAN_POINT('',(106.27129102725,69.612257386093,
    126.67331794207));
#6789 = CARTESIAN_POINT('',(106.26942282603,69.589089826669,
    126.65548007817));
#6790 = CARTESIAN_POINT('',(106.26761265568,69.565366374232,
    126.63768973331));
#6791 = CARTESIAN_POINT('',(106.26586116773,69.540986340534,
    126.6199538186));
#6792 = CARTESIAN_POINT('',(106.2641692491,69.515821639851,
    126.60228130702));
#6793 = CARTESIAN_POINT('',(106.26253819206,69.489693967682,
    126.58468468622));
#6794 = CARTESIAN_POINT('',(106.26008575739,69.446826945872,
    126.55731201776));
#6795 = CARTESIAN_POINT('',(106.25922134316,69.430959347501,
    126.54747027595));
#6796 = CARTESIAN_POINT('',(106.25837750337,69.414627579238,
    126.53766365722));
#6797 = CARTESIAN_POINT('',(106.25755474782,69.397763789796,
    126.52789671791));
#6798 = CARTESIAN_POINT('',(106.25675386161,69.380272287097,
    126.5181764659));
#6799 = CARTESIAN_POINT('',(106.25597587249,69.362032403259,
    126.5085121496));
#6800 = CARTESIAN_POINT('',(106.25522223043,69.342875627475,
    126.49891681923));
#6801 = CARTESIAN_POINT('',(106.25410900998,69.311643676795,
    126.48435824073));
#6802 = CARTESIAN_POINT('',(106.25373014023,69.30045204651,
    126.47932963124));
#6803 = CARTESIAN_POINT('',(106.25335934272,69.288864568632,
    126.47433107867));
#6804 = CARTESIAN_POINT('',(106.25299708983,69.276824794557,
    126.46936670745));
#6805 = CARTESIAN_POINT('',(106.25264412498,69.264252452605,
    126.46444323789));
#6806 = CARTESIAN_POINT('',(106.25230141959,69.251047462556,
    126.45956965479));
#6807 = CARTESIAN_POINT('',(106.25197033847,69.237070456376,
    126.45475868802));
#6808 = CARTESIAN_POINT('',(106.25147969634,69.213823784314,
    126.44744354856));
#6809 = CARTESIAN_POINT('',(106.25131033788,69.205286191237,
    126.44488091412));
#6810 = CARTESIAN_POINT('',(106.25114568729,69.196392278291,
    126.44234841391));
#6811 = CARTESIAN_POINT('',(106.25098621594,69.187089433697,
    126.43985024825));
#6812 = CARTESIAN_POINT('',(106.25083275249,69.177300108696,
    126.43739435902));
#6813 = CARTESIAN_POINT('',(106.25068638336,69.166930734105,
    126.43499154244));
#6814 = CARTESIAN_POINT('',(106.25054863863,69.155852006836,
    126.43265719498));
#6815 = CARTESIAN_POINT('',(106.2503396865,69.135860185052,
    126.42895129814));
#6816 = CARTESIAN_POINT('',(106.25026258383,69.127573018793,
    126.42753676681));
#6817 = CARTESIAN_POINT('',(106.25019121926,69.118802661351,
    126.42617198507));
#6818 = CARTESIAN_POINT('',(106.25012688039,69.10940031603,
    126.42486801109));
#6819 = CARTESIAN_POINT('',(106.25007086558,69.099266750687,
    126.42363823454));
#6820 = CARTESIAN_POINT('',(106.25002745784,69.088162270573,
    126.42253092365));
#6821 = CARTESIAN_POINT('',(106.25,69.07596606866,126.42158750766));
#6822 = CARTESIAN_POINT('',(106.25,69.06201689337,126.42093790456));
#6823 = ORIENTED_EDGE('',*,*,#6824,.T.);
#6824 = EDGE_CURVE('',#6706,#6825,#6827,.T.);
#6825 = VERTEX_POINT('',#6826);
#6826 = CARTESIAN_POINT('',(113.25281177045,212.,127.));
#6827 = B_SPLINE_CURVE_WITH_KNOTS('',6,(#6828,#6829,#6830,#6831,#6832,
    #6833,#6834,#6835,#6836,#6837,#6838,#6839,#6840,#6841,#6842,#6843,
    #6844),.UNSPECIFIED.,.F.,.F.,(7,5,5,7),(-9.000422918949,
    -5.474960499486E-02,146.55481105679,155.50048437074),.UNSPECIFIED.);
#6828 = CARTESIAN_POINT('',(114.31401177045,57.0648,134.4284));
#6829 = CARTESIAN_POINT('',(114.30381177045,58.554,134.357));
#6830 = CARTESIAN_POINT('',(114.29361177045,60.0432,134.2856));
#6831 = CARTESIAN_POINT('',(114.28341177045,61.5324,134.2142));
#6832 = CARTESIAN_POINT('',(114.27321177045,63.0216,134.1428));
#6833 = CARTESIAN_POINT('',(114.26301177045,64.5108,134.0714));
#6834 = CARTESIAN_POINT('',(114.08564520106,90.406319130496,
    132.82983401429));
#6835 = CARTESIAN_POINT('',(113.91847863168,114.81263826099,
    131.65966802858));
#6836 = CARTESIAN_POINT('',(113.75131206229,139.21895739148,
    130.48950204287));
#6837 = CARTESIAN_POINT('',(113.5841454929,163.62527652198,
    129.31933605716));
#6838 = CARTESIAN_POINT('',(113.41697892352,188.03159565247,
    128.14917007145));
#6839 = CARTESIAN_POINT('',(113.23961235413,213.92711478297,
    126.90760408574));
#6840 = CARTESIAN_POINT('',(113.22941235413,215.41631478297,
    126.83620408574));
#6841 = CARTESIAN_POINT('',(113.21921235413,216.90551478297,
    126.76480408574));
#6842 = CARTESIAN_POINT('',(113.20901235413,218.39471478297,
    126.69340408574));
#6843 = CARTESIAN_POINT('',(113.19881235413,219.88391478297,
    126.62200408574));
#6844 = CARTESIAN_POINT('',(113.18861235413,221.37311478297,
    126.55060408574));
#6845 = ORIENTED_EDGE('',*,*,#6846,.F.);
#6846 = EDGE_CURVE('',#6521,#6825,#6847,.T.);
#6847 = B_SPLINE_CURVE_WITH_KNOTS('',7,(#6848,#6849,#6850,#6851,#6852,
    #6853,#6854,#6855,#6856,#6857,#6858,#6859,#6860,#6861,#6862,#6863,
    #6864,#6865,#6866,#6867,#6868,#6869,#6870,#6871,#6872,#6873),
  .UNSPECIFIED.,.F.,.F.,(8,6,6,6,8),(0.,0.249928743901,0.500002573609,
    0.75007469467,1.),.UNSPECIFIED.);
#6848 = CARTESIAN_POINT('',(105.25,212.,118.98818323431));
#6849 = CARTESIAN_POINT('',(105.25,212.,119.39294065705));
#6850 = CARTESIAN_POINT('',(105.27383819558,212.,119.80753495304));
#6851 = CARTESIAN_POINT('',(105.32359432234,212.,120.22986314282));
#6852 = CARTESIAN_POINT('',(105.40114205148,212.,120.65730408552));
#6853 = CARTESIAN_POINT('',(105.50793494098,212.,121.08671252193));
#6854 = CARTESIAN_POINT('',(105.64482565966,212.,121.51453437142));
#6855 = CARTESIAN_POINT('',(105.9791083073,212.,122.35979746436));
#6856 = CARTESIAN_POINT('',(106.17653673397,212.,122.777233876));
#6857 = CARTESIAN_POINT('',(106.40431197659,212.,123.1856180499));
#6858 = CARTESIAN_POINT('',(106.66181077775,212.,123.58104486689));
#6859 = CARTESIAN_POINT('',(106.94756177427,212.,123.95966527171));
#6860 = CARTESIAN_POINT('',(107.25928974598,212.,124.31801818841));
#6861 = CARTESIAN_POINT('',(107.9289651319,212.,124.98844710576));
#6862 = CARTESIAN_POINT('',(108.28691352627,212.,125.30052471995));
#6863 = CARTESIAN_POINT('',(108.66510742328,212.,125.58659713229));
#6864 = CARTESIAN_POINT('',(109.06008979759,212.,125.84438627539));
#6865 = CARTESIAN_POINT('',(109.46801591371,212.,126.07241878253));
#6866 = CARTESIAN_POINT('',(109.88498488427,212.,126.27007039909));
#6867 = CARTESIAN_POINT('',(110.72929958832,212.,126.60472983988));
#6868 = CARTESIAN_POINT('',(111.15664044095,212.,126.74177463007));
#6869 = CARTESIAN_POINT('',(111.58556643202,212.,126.8486878049));
#6870 = CARTESIAN_POINT('',(112.01252727248,212.,126.92632287386));
#6871 = CARTESIAN_POINT('',(112.43438105457,212.,126.9761350009));
#6872 = CARTESIAN_POINT('',(112.84850945184,212.,127.));
#6873 = CARTESIAN_POINT('',(113.25281177045,212.,127.));
#6874 = ( BOUNDED_SURFACE() B_SPLINE_SURFACE(2,6,(
    (#6875,#6876,#6877,#6878,#6879,#6880,#6881,#6882,#6883,#6884,#6885
      ,#6886,#6887,#6888,#6889,#6890,#6891)
    ,(#6892,#6893,#6894,#6895,#6896,#6897,#6898,#6899,#6900,#6901,#6902
      ,#6903,#6904,#6905,#6906,#6907,#6908)
    ,(#6909,#6910,#6911,#6912,#6913,#6914,#6915,#6916,#6917,#6918,#6919
      ,#6920,#6921,#6922,#6923,#6924,#6925
)),.UNSPECIFIED.,.F.,.F.,.F.) B_SPLINE_SURFACE_WITH_KNOTS((3,3),(7,5,5,7
    ),(0.,146.60956066178),(-9.000422918949,-5.474960499486E-02,
    146.55481105679,155.50048437074),.UNSPECIFIED.) 
GEOMETRIC_REPRESENTATION_ITEM() RATIONAL_B_SPLINE_SURFACE((
    (1.,1.,1.,1.,1.,1.,1.,1.,1.,1.,1.,1.,1.,1.,1.,1.,1.)
    ,(0.706990803572,0.706990803572,0.706990803572,0.706990803572
      ,0.706990803572,0.706990803572,0.706990803572,0.706990803572
      ,0.706990803572,0.706990803572,0.706990803572,0.706990803572
      ,0.706990803572,0.706990803572,0.706990803572,0.706990803572
      ,0.706990803572)
    ,(1.,1.,1.,1.,1.,1.,1.,1.,1.,1.,1.,1.,1.,1.,1.,1.,1.
))) REPRESENTATION_ITEM('') SURFACE() );
#6875 = CARTESIAN_POINT('',(106.31419941632,56.626885217026,
    126.43757914856));
#6876 = CARTESIAN_POINT('',(106.30399941632,58.116085217026,
    126.36617914856));
#6877 = CARTESIAN_POINT('',(106.29379941632,59.605285217026,
    126.29477914856));
#6878 = CARTESIAN_POINT('',(106.28359941632,61.094485217026,
    126.22337914856));
#6879 = CARTESIAN_POINT('',(106.27339941632,62.583685217026,
    126.15197914856));
#6880 = CARTESIAN_POINT('',(106.26319941632,64.072885217026,
    126.08057914856));
#6881 = CARTESIAN_POINT('',(106.08583284693,89.968404347522,
    124.83901316285));
#6882 = CARTESIAN_POINT('',(105.91866627754,114.37472347801,
    123.66884717714));
#6883 = CARTESIAN_POINT('',(105.75149970816,138.78104260851,
    122.49868119144));
#6884 = CARTESIAN_POINT('',(105.58433313877,163.187361739,
    121.32851520573));
#6885 = CARTESIAN_POINT('',(105.41716656938,187.5936808695,
    120.15834922002));
#6886 = CARTESIAN_POINT('',(105.2398,213.4892,118.91678323431));
#6887 = CARTESIAN_POINT('',(105.2296,214.9784,118.84538323431));
#6888 = CARTESIAN_POINT('',(105.2194,216.4676,118.77398323431));
#6889 = CARTESIAN_POINT('',(105.2092,217.9568,118.70258323431));
#6890 = CARTESIAN_POINT('',(105.199,219.446,118.63118323431));
#6891 = CARTESIAN_POINT('',(105.1888,220.9352,118.55978323431));
#6892 = CARTESIAN_POINT('',(106.31157455825,57.010114494127,
    134.43102190781));
#6893 = CARTESIAN_POINT('',(106.30137455825,58.499314494127,
    134.35962190781));
#6894 = CARTESIAN_POINT('',(106.29117455825,59.988514494127,
    134.28822190781));
#6895 = CARTESIAN_POINT('',(106.28097455825,61.477714494127,
    134.21682190781));
#6896 = CARTESIAN_POINT('',(106.27077455825,62.966914494127,
    134.14542190781));
#6897 = CARTESIAN_POINT('',(106.26057455825,64.456114494127,
    134.07402190781));
#6898 = CARTESIAN_POINT('',(106.08320798887,90.351633624622,
    132.8324559221));
#6899 = CARTESIAN_POINT('',(105.91604141948,114.75795275511,
    131.66228993639));
#6900 = CARTESIAN_POINT('',(105.74887485009,139.16427188561,
    130.49212395069));
#6901 = CARTESIAN_POINT('',(105.58170828071,163.57059101611,
    129.32195796498));
#6902 = CARTESIAN_POINT('',(105.41454171132,187.9769101466,
    128.15179197927));
#6903 = CARTESIAN_POINT('',(105.23717514193,213.8724292771,
    126.91022599356));
#6904 = CARTESIAN_POINT('',(105.22697514193,215.3616292771,
    126.83882599356));
#6905 = CARTESIAN_POINT('',(105.21677514193,216.8508292771,
    126.76742599356));
#6906 = CARTESIAN_POINT('',(105.20657514193,218.3400292771,
    126.69602599356));
#6907 = CARTESIAN_POINT('',(105.19637514193,219.8292292771,
    126.62462599356));
#6908 = CARTESIAN_POINT('',(105.18617514193,221.3184292771,
    126.55322599356));
#6909 = CARTESIAN_POINT('',(114.31401177045,57.0648,134.4284));
#6910 = CARTESIAN_POINT('',(114.30381177045,58.554,134.357));
#6911 = CARTESIAN_POINT('',(114.29361177045,60.0432,134.2856));
#6912 = CARTESIAN_POINT('',(114.28341177045,61.5324,134.2142));
#6913 = CARTESIAN_POINT('',(114.27321177045,63.0216,134.1428));
#6914 = CARTESIAN_POINT('',(114.26301177045,64.5108,134.0714));
#6915 = CARTESIAN_POINT('',(114.08564520106,90.406319130496,
    132.82983401429));
#6916 = CARTESIAN_POINT('',(113.91847863168,114.81263826099,
    131.65966802858));
#6917 = CARTESIAN_POINT('',(113.75131206229,139.21895739148,
    130.48950204287));
#6918 = CARTESIAN_POINT('',(113.5841454929,163.62527652198,
    129.31933605716));
#6919 = CARTESIAN_POINT('',(113.41697892352,188.03159565247,
    128.14917007145));
#6920 = CARTESIAN_POINT('',(113.23961235413,213.92711478297,
    126.90760408574));
#6921 = CARTESIAN_POINT('',(113.22941235413,215.41631478297,
    126.83620408574));
#6922 = CARTESIAN_POINT('',(113.21921235413,216.90551478297,
    126.76480408574));
#6923 = CARTESIAN_POINT('',(113.20901235413,218.39471478297,
    126.69340408574));
#6924 = CARTESIAN_POINT('',(113.19881235413,219.88391478297,
    126.62200408574));
#6925 = CARTESIAN_POINT('',(113.18861235413,221.37311478297,
    126.55060408574));
#6926 = ADVANCED_FACE('',(#6927),#7004,.T.);
#6927 = FACE_BOUND('',#6928,.T.);
#6928 = EDGE_LOOP('',(#6929,#6951,#6952,#6953,#6975));
#6929 = ORIENTED_EDGE('',*,*,#6930,.F.);
#6930 = EDGE_CURVE('',#2687,#6931,#6933,.T.);
#6931 = VERTEX_POINT('',#6932);
#6932 = CARTESIAN_POINT('',(105.25,-192.7358078493,203.39012375931));
#6933 = B_SPLINE_CURVE_WITH_KNOTS('',6,(#6934,#6935,#6936,#6937,#6938,
    #6939,#6940,#6941,#6942,#6943,#6944,#6945,#6946,#6947,#6948,#6949,
    #6950),.UNSPECIFIED.,.F.,.F.,(7,5,5,7),(-9.000422918949,
    -5.474960499457E-02,146.55481105679,155.50048437074),.UNSPECIFIED.);
#6934 = CARTESIAN_POINT('',(106.31419941632,-55.98164027425,
    129.26458195551));
#6935 = CARTESIAN_POINT('',(106.30399941632,-57.29238381336,
    129.97505079697));
#6936 = CARTESIAN_POINT('',(106.29379941632,-58.60312735247,
    130.68551963844));
#6937 = CARTESIAN_POINT('',(106.28359941632,-59.91387089157,
    131.3959884799));
#6938 = CARTESIAN_POINT('',(106.27339941632,-61.22461443068,
    132.10645732136));
#6939 = CARTESIAN_POINT('',(106.26319941632,-62.53535796979,
    132.81692616282));
#6940 = CARTESIAN_POINT('',(106.08583284693,-85.3277192323,
    145.17118313012));
#6941 = CARTESIAN_POINT('',(105.91866627754,-106.8093369557,
    156.81497125596));
#6942 = CARTESIAN_POINT('',(105.75149970816,-128.2909546791,
    168.4587593818));
#6943 = CARTESIAN_POINT('',(105.58433313877,-149.7725724025,
    180.10254750764));
#6944 = CARTESIAN_POINT('',(105.41716656938,-171.2541901259,
    191.74633563347));
#6945 = CARTESIAN_POINT('',(105.2398,-194.0465513884,204.10059260077));
#6946 = CARTESIAN_POINT('',(105.2296,-195.3572949275,204.81106144223));
#6947 = CARTESIAN_POINT('',(105.2194,-196.6680384666,205.5215302837));
#6948 = CARTESIAN_POINT('',(105.2092,-197.9787820057,206.23199912516));
#6949 = CARTESIAN_POINT('',(105.199,-199.2895255448,206.94246796662));
#6950 = CARTESIAN_POINT('',(105.1888,-200.6002690839,207.65293680808));
#6951 = ORIENTED_EDGE('',*,*,#2694,.F.);
#6952 = ORIENTED_EDGE('',*,*,#6578,.F.);
#6953 = ORIENTED_EDGE('',*,*,#6954,.T.);
#6954 = EDGE_CURVE('',#6558,#6955,#6957,.T.);
#6955 = VERTEX_POINT('',#6956);
#6956 = CARTESIAN_POINT('',(113.25281177045,-196.2120048647,
    196.17172627809));
#6957 = B_SPLINE_CURVE_WITH_KNOTS('',6,(#6958,#6959,#6960,#6961,#6962,
    #6963,#6964,#6965,#6966,#6967,#6968,#6969,#6970,#6971,#6972,#6973,
    #6974),.UNSPECIFIED.,.F.,.F.,(7,5,5,7),(-9.000422918949,
    -5.474960499457E-02,146.55481105679,155.50048437074),.UNSPECIFIED.);
#6958 = CARTESIAN_POINT('',(114.31401177045,-59.84327509015,
    122.25510524284));
#6959 = CARTESIAN_POINT('',(114.30381177045,-61.15401862925,
    122.9655740843));
#6960 = CARTESIAN_POINT('',(114.29361177045,-62.46476216836,
    123.67604292576));
#6961 = CARTESIAN_POINT('',(114.28341177045,-63.77550570747,
    124.38651176722));
#6962 = CARTESIAN_POINT('',(114.27321177045,-65.08624924657,
    125.09698060868));
#6963 = CARTESIAN_POINT('',(114.26301177045,-66.39699278568,
    125.80744945015));
#6964 = CARTESIAN_POINT('',(114.08564520106,-89.18935404819,
    138.16170641745));
#6965 = CARTESIAN_POINT('',(113.91847863168,-110.6709717715,
    149.80549454328));
#6966 = CARTESIAN_POINT('',(113.75131206229,-132.1525894949,
    161.44928266912));
#6967 = CARTESIAN_POINT('',(113.5841454929,-153.6342072183,
    173.09307079496));
#6968 = CARTESIAN_POINT('',(113.41697892352,-175.1158249417,
    184.7368589208));
#6969 = CARTESIAN_POINT('',(113.23961235413,-197.9081862043,
    197.0911158881));
#6970 = CARTESIAN_POINT('',(113.22941235413,-199.2189297434,
    197.80158472956));
#6971 = CARTESIAN_POINT('',(113.21921235413,-200.5296732825,
    198.51205357102));
#6972 = CARTESIAN_POINT('',(113.20901235413,-201.8404168216,
    199.22252241248));
#6973 = CARTESIAN_POINT('',(113.19881235413,-203.1511603607,
    199.93299125395));
#6974 = CARTESIAN_POINT('',(113.18861235413,-204.4619038998,
    200.64346009541));
#6975 = ORIENTED_EDGE('',*,*,#6976,.F.);
#6976 = EDGE_CURVE('',#6931,#6955,#6977,.T.);
#6977 = B_SPLINE_CURVE_WITH_KNOTS('',7,(#6978,#6979,#6980,#6981,#6982,
    #6983,#6984,#6985,#6986,#6987,#6988,#6989,#6990,#6991,#6992,#6993,
    #6994,#6995,#6996,#6997,#6998,#6999,#7000,#7001,#7002,#7003),
  .UNSPECIFIED.,.F.,.F.,(8,6,6,6,8),(0.,0.249928743902,0.500002573609,
    0.750074694671,1.),.UNSPECIFIED.);
#6978 = CARTESIAN_POINT('',(105.25,-192.7358078493,203.39012375931));
#6979 = CARTESIAN_POINT('',(105.25,-192.9114255133,203.02544992237));
#6980 = CARTESIAN_POINT('',(105.27383819558,-193.0913112366,
    202.65191336888));
#6981 = CARTESIAN_POINT('',(105.32359432234,-193.2745525707,
    202.27140881784));
#6982 = CARTESIAN_POINT('',(105.40114205148,-193.4600122452,
    201.8862978356));
#6983 = CARTESIAN_POINT('',(105.50793494098,-193.6463255832,
    201.49941420279));
#6984 = CARTESIAN_POINT('',(105.64482565966,-193.8319505269,
    201.11396003539));
#6985 = CARTESIAN_POINT('',(105.9791083073,-194.1986964382,
    200.35240430346));
#6986 = CARTESIAN_POINT('',(106.17653673398,-194.3798153094,
    199.97630709224));
#6987 = CARTESIAN_POINT('',(106.40431197658,-194.5570065617,
    199.60836566543));
#6988 = CARTESIAN_POINT('',(106.66181077775,-194.7285758277,
    199.25209841376));
#6989 = CARTESIAN_POINT('',(106.94756177427,-194.8928530646,
    198.91097321628));
#6990 = CARTESIAN_POINT('',(107.25928974598,-195.048336568,
    198.5881083946));
#6991 = CARTESIAN_POINT('',(107.9289651319,-195.3392247735,
    197.98407281193));
#6992 = CARTESIAN_POINT('',(108.28691352627,-195.4746301756,
    197.70290059718));
#6993 = CARTESIAN_POINT('',(108.66510742329,-195.5987523436,
    197.4451582597));
#6994 = CARTESIAN_POINT('',(109.06008979759,-195.7106028609,
    197.21289826728));
#6995 = CARTESIAN_POINT('',(109.46801591371,-195.8095424577,
    197.00744807748));
#6996 = CARTESIAN_POINT('',(109.88498488427,-195.8953002801,
    196.82937012427));
#6997 = CARTESIAN_POINT('',(110.72929958832,-196.0405035696,
    196.52785238676));
#6998 = CARTESIAN_POINT('',(111.15664044096,-196.0999650756,
    196.40437929729));
#6999 = CARTESIAN_POINT('',(111.58556643202,-196.1463529637,
    196.3080538552));
#7000 = CARTESIAN_POINT('',(112.01252727248,-196.1800375577,
    196.23810707501));
#7001 = CARTESIAN_POINT('',(112.43438105457,-196.2016502296,
    196.19322789931));
#7002 = CARTESIAN_POINT('',(112.84850945183,-196.2120048647,
    196.17172627809));
#7003 = CARTESIAN_POINT('',(113.25281177045,-196.2120048647,
    196.17172627809));
#7004 = ( BOUNDED_SURFACE() B_SPLINE_SURFACE(2,6,(
    (#7005,#7006,#7007,#7008,#7009,#7010,#7011,#7012,#7013,#7014,#7015
      ,#7016,#7017,#7018,#7019,#7020,#7021)
    ,(#7022,#7023,#7024,#7025,#7026,#7027,#7028,#7029,#7030,#7031,#7032
      ,#7033,#7034,#7035,#7036,#7037,#7038)
    ,(#7039,#7040,#7041,#7042,#7043,#7044,#7045,#7046,#7047,#7048,#7049
      ,#7050,#7051,#7052,#7053,#7054,#7055
)),.UNSPECIFIED.,.F.,.F.,.F.) B_SPLINE_SURFACE_WITH_KNOTS((3,3),(7,5,5,7
    ),(0.,146.60956066178),(-9.000422918949,-5.474960499457E-02,
    146.55481105679,155.50048437074),.UNSPECIFIED.) 
GEOMETRIC_REPRESENTATION_ITEM() RATIONAL_B_SPLINE_SURFACE((
    (1.,1.,1.,1.,1.,1.,1.,1.,1.,1.,1.,1.,1.,1.,1.,1.,1.)
    ,(0.706990803572,0.706990803572,0.706990803572,0.706990803572
      ,0.706990803572,0.706990803572,0.706990803572,0.706990803572
      ,0.706990803572,0.706990803572,0.706990803572,0.706990803572
      ,0.706990803572,0.706990803572,0.706990803572,0.706990803572
      ,0.706990803572)
    ,(1.,1.,1.,1.,1.,1.,1.,1.,1.,1.,1.,1.,1.,1.,1.,1.,1.
))) REPRESENTATION_ITEM('') SURFACE() );
#7005 = CARTESIAN_POINT('',(106.31419941632,-55.98164027425,
    129.26458195551));
#7006 = CARTESIAN_POINT('',(106.30399941632,-57.29238381336,
    129.97505079697));
#7007 = CARTESIAN_POINT('',(106.29379941632,-58.60312735247,
    130.68551963844));
#7008 = CARTESIAN_POINT('',(106.28359941632,-59.91387089157,
    131.3959884799));
#7009 = CARTESIAN_POINT('',(106.27339941632,-61.22461443068,
    132.10645732136));
#7010 = CARTESIAN_POINT('',(106.26319941632,-62.53535796979,
    132.81692616282));
#7011 = CARTESIAN_POINT('',(106.08583284693,-85.3277192323,
    145.17118313012));
#7012 = CARTESIAN_POINT('',(105.91866627754,-106.8093369557,
    156.81497125596));
#7013 = CARTESIAN_POINT('',(105.75149970816,-128.2909546791,
    168.4587593818));
#7014 = CARTESIAN_POINT('',(105.58433313877,-149.7725724025,
    180.10254750764));
#7015 = CARTESIAN_POINT('',(105.41716656938,-171.2541901259,
    191.74633563347));
#7016 = CARTESIAN_POINT('',(105.2398,-194.0465513884,204.10059260077));
#7017 = CARTESIAN_POINT('',(105.2296,-195.3572949275,204.81106144223));
#7018 = CARTESIAN_POINT('',(105.2194,-196.6680384666,205.5215302837));
#7019 = CARTESIAN_POINT('',(105.2092,-197.9787820057,206.23199912516));
#7020 = CARTESIAN_POINT('',(105.199,-199.2895255448,206.94246796662));
#7021 = CARTESIAN_POINT('',(105.1888,-200.6002690839,207.65293680808));
#7022 = CARTESIAN_POINT('',(106.31157455825,-59.79514275499,
    122.22901583376));
#7023 = CARTESIAN_POINT('',(106.30137455825,-61.1058862941,
    122.93948467522));
#7024 = CARTESIAN_POINT('',(106.29117455825,-62.41662983321,
    123.64995351668));
#7025 = CARTESIAN_POINT('',(106.28097455825,-63.72737337232,
    124.36042235814));
#7026 = CARTESIAN_POINT('',(106.27077455825,-65.03811691142,
    125.0708911996));
#7027 = CARTESIAN_POINT('',(106.26057455825,-66.34886045053,
    125.78136004107));
#7028 = CARTESIAN_POINT('',(106.08320798887,-89.14122171304,
    138.13561700837));
#7029 = CARTESIAN_POINT('',(105.91604141948,-110.6228394364,
    149.7794051342));
#7030 = CARTESIAN_POINT('',(105.74887485009,-132.1044571598,
    161.42319326004));
#7031 = CARTESIAN_POINT('',(105.58170828071,-153.5860748832,
    173.06698138588));
#7032 = CARTESIAN_POINT('',(105.41454171132,-175.0676926066,
    184.71076951172));
#7033 = CARTESIAN_POINT('',(105.23717514193,-197.8600538691,
    197.06502647902));
#7034 = CARTESIAN_POINT('',(105.22697514193,-199.1707974082,
    197.77549532048));
#7035 = CARTESIAN_POINT('',(105.21677514193,-200.4815409473,
    198.48596416194));
#7036 = CARTESIAN_POINT('',(105.20657514193,-201.7922844864,
    199.1964330034));
#7037 = CARTESIAN_POINT('',(105.19637514193,-203.1030280255,
    199.90690184486));
#7038 = CARTESIAN_POINT('',(105.18617514193,-204.4137715646,
    200.61737068633));
#7039 = CARTESIAN_POINT('',(114.31401177045,-59.84327509015,
    122.25510524284));
#7040 = CARTESIAN_POINT('',(114.30381177045,-61.15401862925,
    122.9655740843));
#7041 = CARTESIAN_POINT('',(114.29361177045,-62.46476216836,
    123.67604292576));
#7042 = CARTESIAN_POINT('',(114.28341177045,-63.77550570747,
    124.38651176722));
#7043 = CARTESIAN_POINT('',(114.27321177045,-65.08624924657,
    125.09698060868));
#7044 = CARTESIAN_POINT('',(114.26301177045,-66.39699278568,
    125.80744945015));
#7045 = CARTESIAN_POINT('',(114.08564520106,-89.18935404819,
    138.16170641745));
#7046 = CARTESIAN_POINT('',(113.91847863168,-110.6709717715,
    149.80549454328));
#7047 = CARTESIAN_POINT('',(113.75131206229,-132.1525894949,
    161.44928266912));
#7048 = CARTESIAN_POINT('',(113.5841454929,-153.6342072183,
    173.09307079496));
#7049 = CARTESIAN_POINT('',(113.41697892352,-175.1158249417,
    184.7368589208));
#7050 = CARTESIAN_POINT('',(113.23961235413,-197.9081862043,
    197.0911158881));
#7051 = CARTESIAN_POINT('',(113.22941235413,-199.2189297434,
    197.80158472956));
#7052 = CARTESIAN_POINT('',(113.21921235413,-200.5296732825,
    198.51205357102));
#7053 = CARTESIAN_POINT('',(113.20901235413,-201.8404168216,
    199.22252241248));
#7054 = CARTESIAN_POINT('',(113.19881235413,-203.1511603607,
    199.93299125395));
#7055 = CARTESIAN_POINT('',(113.18861235413,-204.4619038998,
    200.64346009541));
#7056 = ADVANCED_FACE('',(#7057),#7197,.T.);
#7057 = FACE_BOUND('',#7058,.F.);
#7058 = EDGE_LOOP('',(#7059,#7067,#7068,#7078,#7195,#7196));
#7059 = ORIENTED_EDGE('',*,*,#7060,.F.);
#7060 = EDGE_CURVE('',#4375,#6706,#7061,.T.);
#7061 = B_SPLINE_CURVE_WITH_KNOTS('',4,(#7062,#7063,#7064,#7065,#7066),
  .UNSPECIFIED.,.F.,.F.,(5,5),(0.,1.),.PIECEWISE_BEZIER_KNOTS.);
#7062 = CARTESIAN_POINT('',(114.25,75.766579953671,133.53173931729));
#7063 = CARTESIAN_POINT('',(114.23397933369,75.766579953671,
    133.53173931729));
#7064 = CARTESIAN_POINT('',(114.21795881882,75.766535393192,
    133.53174145375));
#7065 = CARTESIAN_POINT('',(114.20193854912,75.76644627413,
    133.53174572658));
#7066 = CARTESIAN_POINT('',(114.18591861842,75.766312597182,
    133.53175213575));
#7067 = ORIENTED_EDGE('',*,*,#4384,.T.);
#7068 = ORIENTED_EDGE('',*,*,#7069,.F.);
#7069 = EDGE_CURVE('',#7070,#4385,#7072,.T.);
#7070 = VERTEX_POINT('',#7071);
#7071 = CARTESIAN_POINT('',(114.18591921838,61.728230476742,
    162.68213003584));
#7072 = B_SPLINE_CURVE_WITH_KNOTS('',4,(#7073,#7074,#7075,#7076,#7077),
  .UNSPECIFIED.,.F.,.F.,(5,5),(0.,1.),.PIECEWISE_BEZIER_KNOTS.);
#7073 = CARTESIAN_POINT('',(114.18591861842,61.728230473809,
    162.68213003177));
#7074 = CARTESIAN_POINT('',(114.2019385491,61.728308809132,
    162.68223854067));
#7075 = CARTESIAN_POINT('',(114.21795881886,61.728361033325,
    162.68231088082));
#7076 = CARTESIAN_POINT('',(114.23397933357,61.728387145976,
    162.68234705167));
#7077 = CARTESIAN_POINT('',(114.25,61.728387145976,162.68234705167));
#7078 = ORIENTED_EDGE('',*,*,#7079,.T.);
#7079 = EDGE_CURVE('',#7070,#2467,#7080,.T.);
#7080 = B_SPLINE_CURVE_WITH_KNOTS('',8,(#7081,#7082,#7083,#7084,#7085,
    #7086,#7087,#7088,#7089,#7090,#7091,#7092,#7093,#7094,#7095,#7096,
    #7097,#7098,#7099,#7100,#7101,#7102,#7103,#7104,#7105,#7106,#7107,
    #7108,#7109,#7110,#7111,#7112,#7113,#7114,#7115,#7116,#7117,#7118,
    #7119,#7120,#7121,#7122,#7123,#7124,#7125,#7126,#7127,#7128,#7129,
    #7130,#7131,#7132,#7133,#7134,#7135,#7136,#7137,#7138,#7139,#7140,
    #7141,#7142,#7143,#7144,#7145,#7146,#7147,#7148,#7149,#7150,#7151,
    #7152,#7153,#7154,#7155,#7156,#7157,#7158,#7159,#7160,#7161,#7162,
    #7163,#7164,#7165,#7166,#7167,#7168,#7169,#7170,#7171,#7172,#7173,
    #7174,#7175,#7176,#7177,#7178,#7179,#7180,#7181,#7182,#7183,#7184,
    #7185,#7186,#7187,#7188,#7189,#7190,#7191,#7192,#7193,#7194),
  .UNSPECIFIED.,.F.,.F.,(9,7,7,7,7,7,7,7,7,7,7,7,7,7,7,7,9),(0.,
    0.106991883794,0.214175378111,0.319846282916,0.422847325798,
    0.524497444279,0.626023471326,0.728515848074,0.832679324342,
    0.890287816522,0.946887875191,0.970772527996,0.984448479132,
    0.992164730063,0.996269955092,0.998520299417,1.),.UNSPECIFIED.);
#7081 = CARTESIAN_POINT('',(114.18591921838,61.728230476742,
    162.68213003584));
#7082 = CARTESIAN_POINT('',(114.04168504442,61.727525197479,
    162.68115309374));
#7083 = CARTESIAN_POINT('',(113.89624218491,61.723104826348,
    162.68010774778));
#7084 = CARTESIAN_POINT('',(113.74968044809,61.714859307719,
    162.6789923277));
#7085 = CARTESIAN_POINT('',(113.60209705115,61.702682195318,
    162.67780493733));
#7086 = CARTESIAN_POINT('',(113.4535964203,61.686471640039,
    162.67654342625));
#7087 = CARTESIAN_POINT('',(113.30428999071,61.666131377771,
    162.67520536153));
#7088 = CARTESIAN_POINT('',(113.1542960066,61.641571717207,
    162.67378799942));
#7089 = CARTESIAN_POINT('',(112.85291300556,61.583797650969,
    162.67078582884));
#7090 = CARTESIAN_POINT('',(112.7015219513,61.550567839278,
    162.66920072366));
#7091 = CARTESIAN_POINT('',(112.54969149314,61.512938484155,
    162.66752985105));
#7092 = CARTESIAN_POINT('',(112.39755360384,61.47083468042,
    162.66576977329));
#7093 = CARTESIAN_POINT('',(112.24524626169,61.424190144634,
    162.66391669519));
#7094 = CARTESIAN_POINT('',(112.092912818,61.372948133556,
    162.66196645382));
#7095 = CARTESIAN_POINT('',(111.94070136457,61.317062362617,
    162.65991450825));
#7096 = CARTESIAN_POINT('',(111.63897099927,61.196788180567,
    162.65562781253));
#7097 = CARTESIAN_POINT('',(111.48944435389,61.132530892376,
    162.65339605009));
#7098 = CARTESIAN_POINT('',(111.34032985426,61.06369243897,
    162.65105593204));
#7099 = CARTESIAN_POINT('',(111.19177697159,60.99025001673,
    162.64860237999));
#7100 = CARTESIAN_POINT('',(111.04393802047,60.912192129386,
    162.64602996541));
#7101 = CARTESIAN_POINT('',(110.89696722016,60.829519078157,
    162.64333292809));
#7102 = CARTESIAN_POINT('',(110.75101975587,60.742243451875,
    162.64050519451));
#7103 = CARTESIAN_POINT('',(110.46513962943,60.560858519438,
    162.63465050599));
#7104 = CARTESIAN_POINT('',(110.32514810588,60.466977564327,
    162.63163039056));
#7105 = CARTESIAN_POINT('',(110.18641995373,60.368770992661,
    162.62847415914));
#7106 = CARTESIAN_POINT('',(110.04909874593,60.266273579322,
    162.62517566153));
#7107 = CARTESIAN_POINT('',(109.9133269976,60.159531542197,
    162.62172851951));
#7108 = CARTESIAN_POINT('',(109.77924521946,60.048602451164,
    162.61812615814));
#7109 = CARTESIAN_POINT('',(109.64699097138,59.93355513709,
    162.61436183714));
#7110 = CARTESIAN_POINT('',(109.38811373687,59.696945947341,
    162.60654711316));
#7111 = CARTESIAN_POINT('',(109.26143959357,59.575489270624,
    162.60250111375));
#7112 = CARTESIAN_POINT('',(109.13680401209,59.450176202065,
    162.59828405993));
#7113 = CARTESIAN_POINT('',(109.01433170081,59.321093914293,
    162.59388922228));
#7114 = CARTESIAN_POINT('',(108.89414279004,59.188339499639,
    162.58930976425));
#7115 = CARTESIAN_POINT('',(108.77635207164,59.052019348627,
    162.58453874053));
#7116 = CARTESIAN_POINT('',(108.6610682387,58.912248528444,
    162.57956909532));
#7117 = CARTESIAN_POINT('',(108.43585556208,58.626226484633,
    162.56922454391));
#7118 = CARTESIAN_POINT('',(108.32592032391,58.479983353226,
    162.56385015559));
#7119 = CARTESIAN_POINT('',(108.21868901724,58.330543196232,
    162.55826326238));
#7120 = CARTESIAN_POINT('',(108.11425634881,58.178036407607,
    162.55245659584));
#7121 = CARTESIAN_POINT('',(108.01270969412,58.02260025352,
    162.54642267737));
#7122 = CARTESIAN_POINT('',(107.91412866585,57.864377779647,
    162.54015364336));
#7123 = CARTESIAN_POINT('',(107.81858468246,57.703516718449,
    162.53364107017));
#7124 = CARTESIAN_POINT('',(107.63281648469,57.375265284969,
    162.52004613479));
#7125 = CARTESIAN_POINT('',(107.54265155461,57.207827384941,
    162.51295903996));
#7126 = CARTESIAN_POINT('',(107.45571054535,57.038009980289,
    162.50560460422));
#7127 = CARTESIAN_POINT('',(107.37204928051,56.865972313551,
    162.4979726183));
#7128 = CARTESIAN_POINT('',(107.29171458953,56.691875720238,
    162.4900515051));
#7129 = CARTESIAN_POINT('',(107.21474428905,56.515881763171,
    162.48182725054));
#7130 = CARTESIAN_POINT('',(107.14116716411,56.338150366817,
    162.47328233444));
#7131 = CARTESIAN_POINT('',(106.99969473386,55.976601915195,
    162.45536207815));
#7132 = CARTESIAN_POINT('',(106.93191167711,55.792732616152,
    162.44597503653));
#7133 = CARTESIAN_POINT('',(106.86767458328,55.607394641874,
    162.43621092251));
#7134 = CARTESIAN_POINT('',(106.80699483178,55.420746045468,
    162.42603817443));
#7135 = CARTESIAN_POINT('',(106.74987456149,55.232938755352,
    162.41541851064));
#7136 = CARTESIAN_POINT('',(106.69630703573,55.044113575848,
    162.40430135518));
#7137 = CARTESIAN_POINT('',(106.64627718822,54.85438977884,
    162.39261046135));
#7138 = CARTESIAN_POINT('',(106.57403692484,54.558469254438,
    162.37337159538));
#7139 = CARTESIAN_POINT('',(106.54938665503,54.452839285827,
    162.36630710136));
#7140 = CARTESIAN_POINT('',(106.52580769997,54.346973316291,
    162.35900855408));
#7141 = CARTESIAN_POINT('',(106.50329552609,54.240880658583,
    162.35144924947));
#7142 = CARTESIAN_POINT('',(106.48184493092,54.134566089304,
    162.34359666138));
#7143 = CARTESIAN_POINT('',(106.46145009881,54.028027561278,
    162.33540925637));
#7144 = CARTESIAN_POINT('',(106.44210468829,53.921251541548,
    162.32682993851));
#7145 = CARTESIAN_POINT('',(106.40581960196,53.709034235238,
    162.30888079586));
#7146 = CARTESIAN_POINT('',(106.38884382876,53.603602571743,
    162.29952716264));
#7147 = CARTESIAN_POINT('',(106.37286812478,53.497880686903,
    162.28963769274));
#7148 = CARTESIAN_POINT('',(106.35788576237,53.391815382276,
    162.27910266142));
#7149 = CARTESIAN_POINT('',(106.3438896873,53.285338479033,
    162.26779146259));
#7150 = CARTESIAN_POINT('',(106.33087322151,53.178312752721,
    162.25547586243));
#7151 = CARTESIAN_POINT('',(106.31882964994,53.070563397283,
    162.24187474442));
#7152 = CARTESIAN_POINT('',(106.30308211847,52.915666554445,
    162.21973811657));
#7153 = CARTESIAN_POINT('',(106.29858152189,52.869489608767,
    162.21281884753));
#7154 = CARTESIAN_POINT('',(106.29425327473,52.823067658335,
    162.20549740077));
#7155 = CARTESIAN_POINT('',(106.29009719208,52.776358440098,
    162.19771134973));
#7156 = CARTESIAN_POINT('',(106.28611331036,52.7293036111,
    162.18937507061));
#7157 = CARTESIAN_POINT('',(106.2823018875,52.681828020661,
    162.18037871416));
#7158 = CARTESIAN_POINT('',(106.27866357217,52.633826171725,
    162.17056892944));
#7159 = CARTESIAN_POINT('',(106.27321685402,52.557223339364,
    162.15344702526));
#7160 = CARTESIAN_POINT('',(106.27129102725,52.529100036565,
    162.14685969937));
#7161 = CARTESIAN_POINT('',(106.26942282603,52.500709095955,
    162.13986829827));
#7162 = CARTESIAN_POINT('',(106.26761265568,52.472008713604,
    162.13241265487));
#7163 = CARTESIAN_POINT('',(106.26586116773,52.442941514733,
    162.12440973893));
#7164 = CARTESIAN_POINT('',(106.2641692491,52.41343465456,
    162.11575381444));
#7165 = CARTESIAN_POINT('',(106.26253819206,52.38338672529,
    162.10629769139));
#7166 = CARTESIAN_POINT('',(106.26008575739,52.335258760397,
    162.08984948381));
#7167 = CARTESIAN_POINT('',(106.25922134316,52.31767089104,
    162.0835799215));
#7168 = CARTESIAN_POINT('',(106.25837750337,52.299821076822,
    162.07692555768));
#7169 = CARTESIAN_POINT('',(106.25755474782,52.281670575445,
    162.06983050324));
#7170 = CARTESIAN_POINT('',(106.25675386161,52.26316520285,
    162.06221557375));
#7171 = CARTESIAN_POINT('',(106.25597587249,52.244236954552,
    162.05398066099));
#7172 = CARTESIAN_POINT('',(106.25522223043,52.224790968847,
    162.04498588121));
#7173 = CARTESIAN_POINT('',(106.25410900998,52.193935811095,
    162.02964488413));
#7174 = CARTESIAN_POINT('',(106.25373014023,52.183026418538,
    162.02403020196));
#7175 = CARTESIAN_POINT('',(106.25335934272,52.17189371848,
    162.01808729351));
#7176 = CARTESIAN_POINT('',(106.25299708983,52.160505740417,
    162.01176945393));
#7177 = CARTESIAN_POINT('',(106.25264412498,52.148817689922,
    162.00500973424));
#7178 = CARTESIAN_POINT('',(106.25230141959,52.136774192591,
    161.99772428666));
#7179 = CARTESIAN_POINT('',(106.25197033847,52.124298306498,
    161.98979621191));
#7180 = CARTESIAN_POINT('',(106.25147969634,52.10408503721,
    161.97618214668));
#7181 = CARTESIAN_POINT('',(106.25131033788,52.096758386711,
    161.97110496407));
#7182 = CARTESIAN_POINT('',(106.25114568729,52.089233134296,
    161.96573041098));
#7183 = CARTESIAN_POINT('',(106.25098621594,52.081479761003,
    161.96001473501));
#7184 = CARTESIAN_POINT('',(106.25083275249,52.073456125183,
    161.95389235442));
#7185 = CARTESIAN_POINT('',(106.25068638336,52.065112328224,
    161.94728338255));
#7186 = CARTESIAN_POINT('',(106.25054863863,52.056379788416,
    161.94007712662));
#7187 = CARTESIAN_POINT('',(106.2503396865,52.041017704598,
    161.92675747984));
#7188 = CARTESIAN_POINT('',(106.25026258383,52.034744815823,
    161.92116025822));
#7189 = CARTESIAN_POINT('',(106.25019121926,52.028209558065,
    161.91515424415));
#7190 = CARTESIAN_POINT('',(106.25012688039,52.021327803734,
    161.90861620905));
#7191 = CARTESIAN_POINT('',(106.25007086558,52.014048151068,
    161.90146022178));
#7192 = CARTESIAN_POINT('',(106.25002745784,52.006258890438,
    161.89346878667));
#7193 = CARTESIAN_POINT('',(106.25,51.997917090606,161.8845216223));
#7194 = CARTESIAN_POINT('',(106.25,51.98871204191,161.87402073882));
#7195 = ORIENTED_EDGE('',*,*,#2466,.F.);
#7196 = ORIENTED_EDGE('',*,*,#6705,.F.);
#7197 = TOROIDAL_SURFACE('',#7198,70.,8.);
#7198 = AXIS2_PLACEMENT_3D('',#7199,#7200,#7201);
#7199 = CARTESIAN_POINT('',(114.25,0.,115.));
#7200 = DIRECTION('',(-1.,-0.,2.22044604925E-16));
#7201 = DIRECTION('',(-2.22044604925E-16,0.,-1.));
#7202 = ADVANCED_FACE('',(#7203),#7235,.T.);
#7203 = FACE_BOUND('',#7204,.T.);
#7204 = EDGE_LOOP('',(#7205,#7206,#7207,#7215));
#7205 = ORIENTED_EDGE('',*,*,#2686,.T.);
#7206 = ORIENTED_EDGE('',*,*,#6930,.T.);
#7207 = ORIENTED_EDGE('',*,*,#7208,.F.);
#7208 = EDGE_CURVE('',#7209,#6931,#7211,.T.);
#7209 = VERTEX_POINT('',#7210);
#7210 = CARTESIAN_POINT('',(105.25,-189.2749921413,210.57658162653));
#7211 = LINE('',#7212,#7213);
#7212 = CARTESIAN_POINT('',(105.25,-185.7987951259,217.79497910775));
#7213 = VECTOR('',#7214,1.);
#7214 = DIRECTION('',(-2.000552763231E-16,-0.433883739118,
    -0.900968867902));
#7215 = ORIENTED_EDGE('',*,*,#7216,.F.);
#7216 = EDGE_CURVE('',#2644,#7209,#7217,.T.);
#7217 = B_SPLINE_CURVE_WITH_KNOTS('',6,(#7218,#7219,#7220,#7221,#7222,
    #7223,#7224,#7225,#7226,#7227,#7228,#7229,#7230,#7231,#7232,#7233,
    #7234),.UNSPECIFIED.,.F.,.F.,(7,5,5,7),(-9.000422918949,
    -5.47496049947E-02,146.55481105679,155.50048437074),.UNSPECIFIED.);
#7218 = CARTESIAN_POINT('',(106.31419941632,-46.05648105939,
    149.87438742957));
#7219 = CARTESIAN_POINT('',(106.30399941632,-47.42918319644,
    150.45619791669));
#7220 = CARTESIAN_POINT('',(106.29379941632,-48.80188533349,
    151.03800840382));
#7221 = CARTESIAN_POINT('',(106.28359941632,-50.17458747055,
    151.61981889094));
#7222 = CARTESIAN_POINT('',(106.27339941632,-51.5472896076,
    152.20162937807));
#7223 = CARTESIAN_POINT('',(106.26319941632,-52.91999174465,
    152.7834398652));
#7224 = CARTESIAN_POINT('',(106.08583284693,-76.78974359164,
    162.90047223136));
#7225 = CARTESIAN_POINT('',(105.91866627754,-99.28679330158,
    172.43569411039));
#7226 = CARTESIAN_POINT('',(105.75149970816,-121.7838430115,
    181.97091598942));
#7227 = CARTESIAN_POINT('',(105.58433313877,-144.2808927214,
    191.50613786846));
#7228 = CARTESIAN_POINT('',(105.41716656938,-166.7779424313,
    201.04135974749));
#7229 = CARTESIAN_POINT('',(105.2398,-190.6476942783,211.15839211365));
#7230 = CARTESIAN_POINT('',(105.2296,-192.0203964154,211.74020260078));
#7231 = CARTESIAN_POINT('',(105.2194,-193.3930985524,212.3220130879));
#7232 = CARTESIAN_POINT('',(105.2092,-194.7658006895,212.90382357503));
#7233 = CARTESIAN_POINT('',(105.199,-196.1385028265,213.48563406215));
#7234 = CARTESIAN_POINT('',(105.1888,-197.5112049636,214.06744454928));
#7235 = B_SPLINE_SURFACE_WITH_KNOTS('',1,1,(
    (#7236,#7237)
    ,(#7238,#7239
    )),.UNSPECIFIED.,.F.,.F.,.F.,(2,2),(2,2),(0.,38.),(0.,1.),
  .PIECEWISE_BEZIER_KNOTS.);
#7236 = CARTESIAN_POINT('',(106.25,-51.22015423832,160.7547352719));
#7237 = CARTESIAN_POINT('',(105.25,-185.7987951259,217.79497910775));
#7238 = CARTESIAN_POINT('',(106.25,-67.70773632479,126.51791829161));
#7239 = CARTESIAN_POINT('',(105.25,-196.2120048647,196.17172627809));
#7240 = ADVANCED_FACE('',(#7241),#7318,.F.);
#7241 = FACE_BOUND('',#7242,.F.);
#7242 = EDGE_LOOP('',(#7243,#7265,#7266,#7267,#7289));
#7243 = ORIENTED_EDGE('',*,*,#7244,.F.);
#7244 = EDGE_CURVE('',#2476,#7245,#7247,.T.);
#7245 = VERTEX_POINT('',#7246);
#7246 = CARTESIAN_POINT('',(105.25,135.29792520448,278.26168270868));
#7247 = B_SPLINE_CURVE_WITH_KNOTS('',6,(#7248,#7249,#7250,#7251,#7252,
    #7253,#7254,#7255,#7256,#7257,#7258,#7259,#7260,#7261,#7262,#7263,
    #7264),.UNSPECIFIED.,.F.,.F.,(7,5,5,7),(-9.00042291895,
    -5.474960499583E-02,146.55481105679,155.50048437074),.UNSPECIFIED.);
#7248 = CARTESIAN_POINT('',(106.31419941632,44.24854490541,
    152.14146765969));
#7249 = CARTESIAN_POINT('',(106.30399941632,45.12122315049,
    153.35028827523));
#7250 = CARTESIAN_POINT('',(106.29379941632,45.993901395569,
    154.55910889078));
#7251 = CARTESIAN_POINT('',(106.28359941632,46.866579640649,
    155.76792950632));
#7252 = CARTESIAN_POINT('',(106.27339941632,47.739257885729,
    156.97675012186));
#7253 = CARTESIAN_POINT('',(106.26319941632,48.611936130809,
    158.18557073741));
#7254 = CARTESIAN_POINT('',(106.08583284693,63.786832847322,
    179.20560657891));
#7255 = CARTESIAN_POINT('',(105.91866627754,78.089051318755,
    199.01682180486));
#7256 = CARTESIAN_POINT('',(105.75149970816,92.391269790189,
    218.82803703082));
#7257 = CARTESIAN_POINT('',(105.58433313877,106.69348826162,
    238.63925225677));
#7258 = CARTESIAN_POINT('',(105.41716656938,120.99570673305,
    258.45046748272));
#7259 = CARTESIAN_POINT('',(105.2398,136.17060344956,279.47050332422));
#7260 = CARTESIAN_POINT('',(105.2296,137.04328169464,280.67932393977));
#7261 = CARTESIAN_POINT('',(105.2194,137.91595993972,281.88814455531));
#7262 = CARTESIAN_POINT('',(105.2092,138.7886381848,283.09696517086));
#7263 = CARTESIAN_POINT('',(105.199,139.66131642988,284.3057857864));
#7264 = CARTESIAN_POINT('',(105.1888,140.53399467496,285.51460640194));
#7265 = ORIENTED_EDGE('',*,*,#2475,.F.);
#7266 = ORIENTED_EDGE('',*,*,#7079,.F.);
#7267 = ORIENTED_EDGE('',*,*,#7268,.T.);
#7268 = EDGE_CURVE('',#7070,#7269,#7271,.T.);
#7269 = VERTEX_POINT('',#7270);
#7270 = CARTESIAN_POINT('',(113.25281177045,141.56181578366,
    273.26639666091));
#7271 = B_SPLINE_CURVE_WITH_KNOTS('',6,(#7272,#7273,#7274,#7275,#7276,
    #7277,#7278,#7279,#7280,#7281,#7282,#7283,#7284,#7285,#7286,#7287,
    #7288),.UNSPECIFIED.,.F.,.F.,(7,5,5,7),(-9.00042291895,
    -5.474960499583E-02,146.55481105679,155.50048437074),.UNSPECIFIED.);
#7272 = CARTESIAN_POINT('',(114.31401177045,50.76905561909,
    147.5016479143));
#7273 = CARTESIAN_POINT('',(114.30381177045,51.64173386417,
    148.71046852985));
#7274 = CARTESIAN_POINT('',(114.29361177045,52.51441210925,
    149.91928914539));
#7275 = CARTESIAN_POINT('',(114.28341177045,53.38709035433,
    151.12810976094));
#7276 = CARTESIAN_POINT('',(114.27321177045,54.259768599409,
    152.33693037648));
#7277 = CARTESIAN_POINT('',(114.26301177045,55.132446844489,
    153.54575099203));
#7278 = CARTESIAN_POINT('',(114.08564520106,70.307343561003,
    174.56578683352));
#7279 = CARTESIAN_POINT('',(113.91847863168,84.609562032436,
    194.37700205948));
#7280 = CARTESIAN_POINT('',(113.75131206229,98.91178050387,
    214.18821728543));
#7281 = CARTESIAN_POINT('',(113.5841454929,113.2139989753,
    233.99943251139));
#7282 = CARTESIAN_POINT('',(113.41697892352,127.51621744673,
    253.81064773734));
#7283 = CARTESIAN_POINT('',(113.23961235413,142.69111416324,
    274.83068357884));
#7284 = CARTESIAN_POINT('',(113.22941235413,143.56379240832,
    276.03950419439));
#7285 = CARTESIAN_POINT('',(113.21921235413,144.4364706534,
    277.24832480993));
#7286 = CARTESIAN_POINT('',(113.20901235413,145.30914889848,
    278.45714542547));
#7287 = CARTESIAN_POINT('',(113.19881235413,146.18182714356,
    279.66596604102));
#7288 = CARTESIAN_POINT('',(113.18861235413,147.05450538864,
    280.87478665656));
#7289 = ORIENTED_EDGE('',*,*,#7290,.F.);
#7290 = EDGE_CURVE('',#7245,#7269,#7291,.T.);
#7291 = B_SPLINE_CURVE_WITH_KNOTS('',7,(#7292,#7293,#7294,#7295,#7296,
    #7297,#7298,#7299,#7300,#7301,#7302,#7303,#7304,#7305,#7306,#7307,
    #7308,#7309,#7310,#7311,#7312,#7313,#7314,#7315,#7316,#7317),
  .UNSPECIFIED.,.F.,.F.,(8,6,6,6,8),(0.,0.249928743902,0.500002573609,
    0.75007469467,1.),.UNSPECIFIED.);
#7292 = CARTESIAN_POINT('',(105.25,135.29792520448,278.26168270868));
#7293 = CARTESIAN_POINT('',(105.25,135.61437730035,278.00932058337));
#7294 = CARTESIAN_POINT('',(105.27383819558,135.9385201734,
    277.75082526792));
#7295 = CARTESIAN_POINT('',(105.32359432234,136.26870964811,
    277.48750794855));
#7296 = CARTESIAN_POINT('',(105.40114205148,136.60289643401,
    277.22100287988));
#7297 = CARTESIAN_POINT('',(105.50793494098,136.93862146843,
    276.95327109895));
#7298 = CARTESIAN_POINT('',(105.64482565966,137.27310605925,
    276.68652853878));
#7299 = CARTESIAN_POINT('',(105.9791083073,137.93395935628,
    276.15951562044));
#7300 = CARTESIAN_POINT('',(106.17653673398,138.26032428483,
    275.89924827486));
#7301 = CARTESIAN_POINT('',(106.40431197658,138.57961188891,
    275.6446249072));
#7302 = CARTESIAN_POINT('',(106.66181077775,138.88876902346,
    275.39808031941));
#7303 = CARTESIAN_POINT('',(106.94756177427,139.18478637585,
    275.16201435824));
#7304 = CARTESIAN_POINT('',(107.25928974598,139.46495796796,
    274.9385849692));
#7305 = CARTESIAN_POINT('',(107.9289651319,139.9891204023,
    274.52057937637));
#7306 = CARTESIAN_POINT('',(108.28691352627,140.23311250604,
    274.32600216654));
#7307 = CARTESIAN_POINT('',(108.66510742329,140.45677292428,
    274.14763893485));
#7308 = CARTESIAN_POINT('',(109.06008979759,140.65832059219,
    273.98691003309));
#7309 = CARTESIAN_POINT('',(109.46801591372,140.8366035853,
    273.8447340904));
#7310 = CARTESIAN_POINT('',(109.88498488426,140.99113384169,
    273.72150032316));
#7311 = CARTESIAN_POINT('',(110.72929958832,141.25278112841,
    273.51284357472));
#7312 = CARTESIAN_POINT('',(111.15664044095,141.35992705989,
    273.42739754564));
#7313 = CARTESIAN_POINT('',(111.58556643202,141.44351514586,
    273.36073827145));
#7314 = CARTESIAN_POINT('',(112.01252727248,141.50421268691,
    273.31233359769));
#7315 = CARTESIAN_POINT('',(112.43438105457,141.54315737604,
    273.28127624447));
#7316 = CARTESIAN_POINT('',(112.84850945184,141.56181578366,
    273.26639666091));
#7317 = CARTESIAN_POINT('',(113.25281177045,141.56181578366,
    273.26639666091));
#7318 = ( BOUNDED_SURFACE() B_SPLINE_SURFACE(2,6,(
    (#7319,#7320,#7321,#7322,#7323,#7324,#7325,#7326,#7327,#7328,#7329
      ,#7330,#7331,#7332,#7333,#7334,#7335)
    ,(#7336,#7337,#7338,#7339,#7340,#7341,#7342,#7343,#7344,#7345,#7346
      ,#7347,#7348,#7349,#7350,#7351,#7352)
    ,(#7353,#7354,#7355,#7356,#7357,#7358,#7359,#7360,#7361,#7362,#7363
      ,#7364,#7365,#7366,#7367,#7368,#7369
)),.UNSPECIFIED.,.F.,.F.,.F.) B_SPLINE_SURFACE_WITH_KNOTS((3,3),(7,5,5,7
    ),(0.,146.60956066178),(-9.00042291895,-5.474960499583E-02,
    146.55481105679,155.50048437074),.UNSPECIFIED.) 
GEOMETRIC_REPRESENTATION_ITEM() RATIONAL_B_SPLINE_SURFACE((
    (1.,1.,1.,1.,1.,1.,1.,1.,1.,1.,1.,1.,1.,1.,1.,1.,1.)
    ,(0.706990803572,0.706990803572,0.706990803572,0.706990803572
      ,0.706990803572,0.706990803572,0.706990803572,0.706990803572
      ,0.706990803572,0.706990803572,0.706990803572,0.706990803572
      ,0.706990803572,0.706990803572,0.706990803572,0.706990803572
      ,0.706990803572)
    ,(1.,1.,1.,1.,1.,1.,1.,1.,1.,1.,1.,1.,1.,1.,1.,1.,1.
))) REPRESENTATION_ITEM('') SURFACE() );
#7319 = CARTESIAN_POINT('',(106.31419941632,44.24854490541,
    152.14146765969));
#7320 = CARTESIAN_POINT('',(106.30399941632,45.12122315049,
    153.35028827523));
#7321 = CARTESIAN_POINT('',(106.29379941632,45.993901395569,
    154.55910889078));
#7322 = CARTESIAN_POINT('',(106.28359941632,46.866579640649,
    155.76792950632));
#7323 = CARTESIAN_POINT('',(106.27339941632,47.739257885729,
    156.97675012186));
#7324 = CARTESIAN_POINT('',(106.26319941632,48.611936130809,
    158.18557073741));
#7325 = CARTESIAN_POINT('',(106.08583284693,63.786832847322,
    179.20560657891));
#7326 = CARTESIAN_POINT('',(105.91866627754,78.089051318755,
    199.01682180486));
#7327 = CARTESIAN_POINT('',(105.75149970816,92.391269790189,
    218.82803703082));
#7328 = CARTESIAN_POINT('',(105.58433313877,106.69348826162,
    238.63925225677));
#7329 = CARTESIAN_POINT('',(105.41716656938,120.99570673305,
    258.45046748272));
#7330 = CARTESIAN_POINT('',(105.2398,136.17060344956,279.47050332422));
#7331 = CARTESIAN_POINT('',(105.2296,137.04328169464,280.67932393977));
#7332 = CARTESIAN_POINT('',(105.2194,137.91595993972,281.88814455531));
#7333 = CARTESIAN_POINT('',(105.2092,138.7886381848,283.09696517086));
#7334 = CARTESIAN_POINT('',(105.199,139.66131642988,284.3057857864));
#7335 = CARTESIAN_POINT('',(105.1888,140.53399467496,285.51460640194));
#7336 = CARTESIAN_POINT('',(106.31157455825,50.737009653943,
    147.45725833139));
#7337 = CARTESIAN_POINT('',(106.30137455825,51.609687899023,
    148.66607894694));
#7338 = CARTESIAN_POINT('',(106.29117455825,52.482366144103,
    149.87489956248));
#7339 = CARTESIAN_POINT('',(106.28097455825,53.355044389183,
    151.08372017803));
#7340 = CARTESIAN_POINT('',(106.27077455825,54.227722634263,
    152.29254079357));
#7341 = CARTESIAN_POINT('',(106.26057455825,55.100400879342,
    153.50136140911));
#7342 = CARTESIAN_POINT('',(106.08320798887,70.275297595856,
    174.52139725061));
#7343 = CARTESIAN_POINT('',(105.91604141948,84.577516067289,
    194.33261247657));
#7344 = CARTESIAN_POINT('',(105.74887485009,98.879734538722,
    214.14382770252));
#7345 = CARTESIAN_POINT('',(105.58170828071,113.18195301015,
    233.95504292848));
#7346 = CARTESIAN_POINT('',(105.41454171132,127.48417148158,
    253.76625815443));
#7347 = CARTESIAN_POINT('',(105.23717514193,142.6590681981,
    274.78629399593));
#7348 = CARTESIAN_POINT('',(105.22697514193,143.53174644318,
    275.99511461147));
#7349 = CARTESIAN_POINT('',(105.21677514193,144.40442468826,
    277.20393522702));
#7350 = CARTESIAN_POINT('',(105.20657514193,145.27710293334,
    278.41275584256));
#7351 = CARTESIAN_POINT('',(105.19637514193,146.14978117842,
    279.62157645811));
#7352 = CARTESIAN_POINT('',(105.18617514193,147.0224594235,
    280.83039707365));
#7353 = CARTESIAN_POINT('',(114.31401177045,50.76905561909,
    147.5016479143));
#7354 = CARTESIAN_POINT('',(114.30381177045,51.64173386417,
    148.71046852985));
#7355 = CARTESIAN_POINT('',(114.29361177045,52.51441210925,
    149.91928914539));
#7356 = CARTESIAN_POINT('',(114.28341177045,53.38709035433,
    151.12810976094));
#7357 = CARTESIAN_POINT('',(114.27321177045,54.259768599409,
    152.33693037648));
#7358 = CARTESIAN_POINT('',(114.26301177045,55.132446844489,
    153.54575099203));
#7359 = CARTESIAN_POINT('',(114.08564520106,70.307343561003,
    174.56578683352));
#7360 = CARTESIAN_POINT('',(113.91847863168,84.609562032436,
    194.37700205948));
#7361 = CARTESIAN_POINT('',(113.75131206229,98.91178050387,
    214.18821728543));
#7362 = CARTESIAN_POINT('',(113.5841454929,113.2139989753,
    233.99943251139));
#7363 = CARTESIAN_POINT('',(113.41697892352,127.51621744673,
    253.81064773734));
#7364 = CARTESIAN_POINT('',(113.23961235413,142.69111416324,
    274.83068357884));
#7365 = CARTESIAN_POINT('',(113.22941235413,143.56379240832,
    276.03950419439));
#7366 = CARTESIAN_POINT('',(113.21921235413,144.4364706534,
    277.24832480993));
#7367 = CARTESIAN_POINT('',(113.20901235413,145.30914889848,
    278.45714542547));
#7368 = CARTESIAN_POINT('',(113.19881235413,146.18182714356,
    279.66596604102));
#7369 = CARTESIAN_POINT('',(113.18861235413,147.05450538864,
    280.87478665656));
#7370 = ADVANCED_FACE('',(#7371),#7545,.F.);
#7371 = FACE_BOUND('',#7372,.F.);
#7372 = EDGE_LOOP('',(#7373,#7374,#7375,#7494,#7516));
#7373 = ORIENTED_EDGE('',*,*,#7216,.F.);
#7374 = ORIENTED_EDGE('',*,*,#2643,.F.);
#7375 = ORIENTED_EDGE('',*,*,#7376,.F.);
#7376 = EDGE_CURVE('',#7377,#2635,#7379,.T.);
#7377 = VERTEX_POINT('',#7378);
#7378 = CARTESIAN_POINT('',(114.18591921838,-60.22246298137,
    164.57030275276));
#7379 = B_SPLINE_CURVE_WITH_KNOTS('',8,(#7380,#7381,#7382,#7383,#7384,
    #7385,#7386,#7387,#7388,#7389,#7390,#7391,#7392,#7393,#7394,#7395,
    #7396,#7397,#7398,#7399,#7400,#7401,#7402,#7403,#7404,#7405,#7406,
    #7407,#7408,#7409,#7410,#7411,#7412,#7413,#7414,#7415,#7416,#7417,
    #7418,#7419,#7420,#7421,#7422,#7423,#7424,#7425,#7426,#7427,#7428,
    #7429,#7430,#7431,#7432,#7433,#7434,#7435,#7436,#7437,#7438,#7439,
    #7440,#7441,#7442,#7443,#7444,#7445,#7446,#7447,#7448,#7449,#7450,
    #7451,#7452,#7453,#7454,#7455,#7456,#7457,#7458,#7459,#7460,#7461,
    #7462,#7463,#7464,#7465,#7466,#7467,#7468,#7469,#7470,#7471,#7472,
    #7473,#7474,#7475,#7476,#7477,#7478,#7479,#7480,#7481,#7482,#7483,
    #7484,#7485,#7486,#7487,#7488,#7489,#7490,#7491,#7492,#7493),
  .UNSPECIFIED.,.F.,.F.,(9,7,7,7,7,7,7,7,7,7,7,7,7,7,7,7,9),(0.,
    0.106991883795,0.214175378111,0.319846282916,0.422847325799,
    0.52449744428,0.626023471327,0.728515848074,0.832679324342,
    0.890287816522,0.946887875191,0.970772527995,0.984448479132,
    0.992164730063,0.996269955091,0.998520299417,1.),.UNSPECIFIED.);
#7380 = CARTESIAN_POINT('',(114.18591921838,-60.22246298137,
    164.57030275276));
#7381 = CARTESIAN_POINT('',(114.04168504442,-60.22135359386,
    164.56983254639));
#7382 = CARTESIAN_POINT('',(113.89624218491,-60.21935083179,
    164.56575561455));
#7383 = CARTESIAN_POINT('',(113.74968044809,-60.21642857712,
    164.55796503261));
#7384 = CARTESIAN_POINT('',(113.60209705115,-60.21256129467,
    164.54635744505));
#7385 = CARTESIAN_POINT('',(113.4535964203,-60.20772422441,
    164.53083403486));
#7386 = CARTESIAN_POINT('',(113.30428999071,-60.20189357361,
    164.51130149285));
#7387 = CARTESIAN_POINT('',(113.1542960066,-60.19504670913,
    164.48767298699));
#7388 = CARTESIAN_POINT('',(112.85291300556,-60.17926387004,
    164.43201548302));
#7389 = CARTESIAN_POINT('',(112.7015219513,-60.17032417803,
    164.39997153117));
#7390 = CARTESIAN_POINT('',(112.54969149314,-60.16032187844,
    164.36365742667));
#7391 = CARTESIAN_POINT('',(112.39755360384,-60.14923695178,
    164.32300090735));
#7392 = CARTESIAN_POINT('',(112.24524626169,-60.13705094855,
    164.27793819613));
#7393 = CARTESIAN_POINT('',(112.092912818,-60.12374718364,
    164.22841489879));
#7394 = CARTESIAN_POINT('',(111.94070136457,-60.10931093068,
    164.17438690165));
#7395 = CARTESIAN_POINT('',(111.63897099927,-60.07836818805,
    164.05808212399));
#7396 = CARTESIAN_POINT('',(111.48944435389,-60.06189378877,
    163.99593251403));
#7397 = CARTESIAN_POINT('',(111.34032985426,-60.04429434542,
    163.92934070963));
#7398 = CARTESIAN_POINT('',(111.19177697159,-60.02555983265,
    163.85828560895));
#7399 = CARTESIAN_POINT('',(111.04393802047,-60.00568239989,
    163.7827572119));
#7400 = CARTESIAN_POINT('',(110.89696722017,-59.98465649835,
    163.70275709394));
#7401 = CARTESIAN_POINT('',(110.75101975587,-59.96247900808,
    163.61829887974));
#7402 = CARTESIAN_POINT('',(110.46513962943,-59.91640916426,
    163.44276443701));
#7403 = CARTESIAN_POINT('',(110.32514810588,-59.89257429161,
    163.35190931236));
#7404 = CARTESIAN_POINT('',(110.18641995373,-59.86764417546,
    163.25686731205));
#7405 = CARTESIAN_POINT('',(110.04909874593,-59.84162055793,
    163.15767370762));
#7406 = CARTESIAN_POINT('',(109.9133269976,-59.81450750516,
    163.05437497749));
#7407 = CARTESIAN_POINT('',(109.77924521946,-59.78631141757,
    162.94702871119));
#7408 = CARTESIAN_POINT('',(109.64699097138,-59.75704104018,
    162.8357035137));
#7409 = CARTESIAN_POINT('',(109.38811373687,-59.69677174976,
    162.60676555001));
#7410 = CARTESIAN_POINT('',(109.26143959357,-59.66580053886,
    162.48925436533));
#7411 = CARTESIAN_POINT('',(109.13680401209,-59.63380443434,
    162.36802153978));
#7412 = CARTESIAN_POINT('',(109.01433170081,-59.60079627321,
    162.24315355784));
#7413 = CARTESIAN_POINT('',(108.89414279004,-59.56679099542,
    162.11474659881));
#7414 = CARTESIAN_POINT('',(108.77635207164,-59.5318055039,
    161.98290593125));
#7415 = CARTESIAN_POINT('',(108.6610682387,-59.49585852463,
    161.84774530744));
#7416 = CARTESIAN_POINT('',(108.43585556208,-59.4221274404,
    161.57119631267));
#7417 = CARTESIAN_POINT('',(108.32592032391,-59.38434564103,
    161.4298157158));
#7418 = CARTESIAN_POINT('',(108.21868901724,-59.34564525959,
    161.28536553624));
#7419 = CARTESIAN_POINT('',(108.11425634881,-59.30604822526,
    161.13797451608));
#7420 = CARTESIAN_POINT('',(108.01270969412,-59.26557779155,
    160.98777814407));
#7421 = CARTESIAN_POINT('',(107.91412866585,-59.22425812265,
    160.83491762926));
#7422 = CARTESIAN_POINT('',(107.81858468246,-59.18211387969,
    160.67953887458));
#7423 = CARTESIAN_POINT('',(107.63281648469,-59.09581698218,
    160.36254254759));
#7424 = CARTESIAN_POINT('',(107.54265155461,-59.05164913772,
    160.20087969225));
#7425 = CARTESIAN_POINT('',(107.45571054535,-59.00669116555,
    160.03695648039));
#7426 = CARTESIAN_POINT('',(107.37204928051,-58.96096854717,
    159.87093043378));
#7427 = CARTESIAN_POINT('',(107.29171458953,-58.91450589628,
    159.70296141905));
#7428 = CARTESIAN_POINT('',(107.21474428905,-58.86732550125,
    159.53321006674));
#7429 = CARTESIAN_POINT('',(107.14116716411,-58.81944586773,
    159.36183619027));
#7430 = CARTESIAN_POINT('',(106.99969473386,-58.72152281055,
    159.01334014534));
#7431 = CARTESIAN_POINT('',(106.93191167711,-58.67145635351,
    158.83616964678));
#7432 = CARTESIAN_POINT('',(106.86767458328,-58.62069546708,
    158.65765120224));
#7433 = CARTESIAN_POINT('',(106.80699483178,-58.56924455104,
    158.47794592524));
#7434 = CARTESIAN_POINT('',(106.74987456149,-58.5171000908,
    158.2972104535));
#7435 = CARTESIAN_POINT('',(106.69630703573,-58.46424411034,
    158.11559331529));
#7436 = CARTESIAN_POINT('',(106.64627718822,-58.41062881512,
    157.9332277586));
#7437 = CARTESIAN_POINT('',(106.57403692484,-58.32602379622,157.64900763
    ));
#7438 = CARTESIAN_POINT('',(106.54938665503,-58.29563154454,
    157.54759802304));
#7439 = CARTESIAN_POINT('',(106.52580769997,-58.26495859267,
    157.44601041395));
#7440 = CARTESIAN_POINT('',(106.50329552609,-58.23398097833,
    157.34425982419));
#7441 = CARTESIAN_POINT('',(106.48184493092,-58.20266805377,
    157.24235814837));
#7442 = CARTESIAN_POINT('',(106.46145009881,-58.17097887134,
    157.14031263268));
#7443 = CARTESIAN_POINT('',(106.44210468829,-58.13885475525,
    157.03812278852));
#7444 = CARTESIAN_POINT('',(106.40581960196,-58.07413284188,
    156.83522027313));
#7445 = CARTESIAN_POINT('',(106.38884382876,-58.04155297155,
    156.73451338077));
#7446 = CARTESIAN_POINT('',(106.37286812477,-58.00838611874,
    156.63364277838));
#7447 = CARTESIAN_POINT('',(106.35788576237,-57.97451347202,
    156.53258101741));
#7448 = CARTESIAN_POINT('',(106.3438896873,-57.9397925286,
    156.43129069095));
#7449 = CARTESIAN_POINT('',(106.33087322151,-57.90397024168,
    156.3296888019));
#7450 = CARTESIAN_POINT('',(106.31882964994,-57.86673364488,
    156.22766748124));
#7451 = CARTESIAN_POINT('',(106.30308211847,-57.81068423838,
    156.08158008876));
#7452 = CARTESIAN_POINT('',(106.29858152189,-57.79366311277,
    156.03810057773));
#7453 = CARTESIAN_POINT('',(106.29425327473,-57.77619537421,
    155.99447169768));
#7454 = CARTESIAN_POINT('',(106.29009719208,-57.75821075686,
    155.95066613642));
#7455 = CARTESIAN_POINT('',(106.28611331036,-57.73961280116,
    155.90664606684));
#7456 = CARTESIAN_POINT('',(106.2823018875,-57.72027768943,
    155.86236266621));
#7457 = CARTESIAN_POINT('',(106.27866357217,-57.70003244024,
    155.81774720631));
#7458 = CARTESIAN_POINT('',(106.27321685402,-57.66629408414,
    155.746874949));
#7459 = CARTESIAN_POINT('',(106.27129102725,-57.65361389266,
    155.72092257402));
#7460 = CARTESIAN_POINT('',(106.26942282603,-57.64048020196,
    155.69479918667));
#7461 = CARTESIAN_POINT('',(106.26761265568,-57.62682505122,
    155.66847741956));
#7462 = CARTESIAN_POINT('',(106.26586116773,-57.61255472485,
    155.64191981238));
#7463 = CARTESIAN_POINT('',(106.2641692491,-57.59754992837,
    155.6150788752));
#7464 = CARTESIAN_POINT('',(106.26253819206,-57.58164459679,
    155.58788849558));
#7465 = CARTESIAN_POINT('',(106.26008575739,-57.55489930041,
    155.54462726977));
#7466 = CARTESIAN_POINT('',(106.25922134316,-57.54487326001,
    155.52887547387));
#7467 = CARTESIAN_POINT('',(106.25837750337,-57.53441377765,
    155.51295392702));
#7468 = CARTESIAN_POINT('',(106.25755474782,-57.52345774452,
    155.49683729475));
#7469 = CARTESIAN_POINT('',(106.25675386161,-57.51191590442,
    155.4804903717));
#7470 = CARTESIAN_POINT('',(106.25597587249,-57.49967552662,
    155.46386913458));
#7471 = CARTESIAN_POINT('',(106.25522223043,-57.48657912585,
    155.44691222714));
#7472 = CARTESIAN_POINT('',(106.25410900998,-57.46475684108,
    155.42024436561));
#7473 = CARTESIAN_POINT('',(106.25373014023,-57.45685536249,
    155.41085787862));
#7474 = CARTESIAN_POINT('',(106.25335934272,-57.44858419636,
    155.40132672013));
#7475 = CARTESIAN_POINT('',(106.25299708983,-57.43989069468,
    155.39163011402));
#7476 = CARTESIAN_POINT('',(106.25264412498,-57.43069961937,
    155.38173928649));
#7477 = CARTESIAN_POINT('',(106.25230141959,-57.42091690289,
    155.37161890939));
#7478 = CARTESIAN_POINT('',(106.25197033847,-57.41041145571,
    155.3612199824));
#7479 = CARTESIAN_POINT('',(106.25147969634,-57.39264084796,
    155.34454291648));
#7480 = CARTESIAN_POINT('',(106.25131033788,-57.3860606278,
    155.33852973983));
#7481 = CARTESIAN_POINT('',(106.25114568729,-57.37914629979,
    155.33238911177));
#7482 = CARTESIAN_POINT('',(106.25098621594,-57.37184863988,
    155.32610198929));
#7483 = CARTESIAN_POINT('',(106.25083275249,-57.36409433322,
    155.31964188062));
#7484 = CARTESIAN_POINT('',(106.25068638336,-57.35579439258,
    155.31297791466));
#7485 = CARTESIAN_POINT('',(106.25054863863,-57.34682563961,
    155.30606786066));
#7486 = CARTESIAN_POINT('',(106.2503396865,-57.33042155895,
    155.2940548366));
#7487 = CARTESIAN_POINT('',(106.25026258383,-57.3235688223,
    155.28918472123));
#7488 = CARTESIAN_POINT('',(106.25019121926,-57.31625915987,
    155.28414977988));
#7489 = CARTESIAN_POINT('',(106.25012688039,-57.30835371257,
    155.27889541518));
#7490 = CARTESIAN_POINT('',(106.25007086558,-57.29975726571,
    155.27339063557));
#7491 = CARTESIAN_POINT('',(106.25002745784,-57.29023291904,
    155.26757492958));
#7492 = CARTESIAN_POINT('',(106.25,-57.27965385366,155.26143320745));
#7493 = CARTESIAN_POINT('',(106.25,-57.26736793321,155.25479561495));
#7494 = ORIENTED_EDGE('',*,*,#7495,.T.);
#7495 = EDGE_CURVE('',#7377,#7496,#7498,.T.);
#7496 = VERTEX_POINT('',#7497);
#7497 = CARTESIAN_POINT('',(113.25281177045,-185.7987951259,
    217.79497910775));
#7498 = B_SPLINE_CURVE_WITH_KNOTS('',6,(#7499,#7500,#7501,#7502,#7503,
    #7504,#7505,#7506,#7507,#7508,#7509,#7510,#7511,#7512,#7513,#7514,
    #7515),.UNSPECIFIED.,.F.,.F.,(7,5,5,7),(-9.000422918949,
    -5.47496049947E-02,146.55481105679,155.50048437074),.UNSPECIFIED.);
#7499 = CARTESIAN_POINT('',(114.31401177045,-42.983941416,
    157.26387234915));
#7500 = CARTESIAN_POINT('',(114.30381177045,-44.35664355306,
    157.84568283627));
#7501 = CARTESIAN_POINT('',(114.29361177045,-45.72934569011,
    158.4274933234));
#7502 = CARTESIAN_POINT('',(114.28341177045,-47.10204782716,
    159.00930381052));
#7503 = CARTESIAN_POINT('',(114.27321177045,-48.47474996422,
    159.59111429765));
#7504 = CARTESIAN_POINT('',(114.26301177045,-49.84745210127,
    160.17292478477));
#7505 = CARTESIAN_POINT('',(114.08564520106,-73.71720394826,
    170.28995715093));
#7506 = CARTESIAN_POINT('',(113.91847863168,-96.21425365819,
    179.82517902997));
#7507 = CARTESIAN_POINT('',(113.75131206229,-118.7113033681,
    189.360400909));
#7508 = CARTESIAN_POINT('',(113.5841454929,-141.208353078,
    198.89562278804));
#7509 = CARTESIAN_POINT('',(113.41697892352,-163.705402788,
    208.43084466707));
#7510 = CARTESIAN_POINT('',(113.23961235413,-187.5751546349,
    218.54787703323));
#7511 = CARTESIAN_POINT('',(113.22941235413,-188.947856772,
    219.12968752036));
#7512 = CARTESIAN_POINT('',(113.21921235413,-190.320558909,
    219.71149800748));
#7513 = CARTESIAN_POINT('',(113.20901235413,-191.6932610461,
    220.29330849461));
#7514 = CARTESIAN_POINT('',(113.19881235413,-193.0659631832,
    220.87511898173));
#7515 = CARTESIAN_POINT('',(113.18861235413,-194.4386653202,
    221.45692946886));
#7516 = ORIENTED_EDGE('',*,*,#7517,.F.);
#7517 = EDGE_CURVE('',#7209,#7496,#7518,.T.);
#7518 = B_SPLINE_CURVE_WITH_KNOTS('',7,(#7519,#7520,#7521,#7522,#7523,
    #7524,#7525,#7526,#7527,#7528,#7529,#7530,#7531,#7532,#7533,#7534,
    #7535,#7536,#7537,#7538,#7539,#7540,#7541,#7542,#7543,#7544),
  .UNSPECIFIED.,.F.,.F.,(8,6,6,6,8),(0.,0.249928743902,0.500002573608,
    0.75007469467,1.),.UNSPECIFIED.);
#7519 = CARTESIAN_POINT('',(105.25,-189.2749921413,210.57658162653));
#7520 = CARTESIAN_POINT('',(105.25,-189.0993744773,210.94125546347));
#7521 = CARTESIAN_POINT('',(105.27383819558,-188.9194887539,
    211.31479201696));
#7522 = CARTESIAN_POINT('',(105.32359432234,-188.7362474198,
    211.69529656799));
#7523 = CARTESIAN_POINT('',(105.40114205148,-188.5507877453,
    212.08040755024));
#7524 = CARTESIAN_POINT('',(105.50793494098,-188.3644744073,
    212.46729118305));
#7525 = CARTESIAN_POINT('',(105.64482565966,-188.1788494636,
    212.85274535045));
#7526 = CARTESIAN_POINT('',(105.9791083073,-187.8121035523,
    213.61430108238));
#7527 = CARTESIAN_POINT('',(106.17653673398,-187.6309846811,
    213.9903982936));
#7528 = CARTESIAN_POINT('',(106.40431197658,-187.4537934288,
    214.3583397204));
#7529 = CARTESIAN_POINT('',(106.66181077776,-187.2822241629,
    214.71460697208));
#7530 = CARTESIAN_POINT('',(106.94756177426,-187.1179469259,
    215.05573216956));
#7531 = CARTESIAN_POINT('',(107.25928974599,-186.9624634225,
    215.37859699123));
#7532 = CARTESIAN_POINT('',(107.9289651319,-186.671575217,215.9826325739
    ));
#7533 = CARTESIAN_POINT('',(108.28691352627,-186.5361698149,
    216.26380478866));
#7534 = CARTESIAN_POINT('',(108.66510742328,-186.412047647,
    216.52154712613));
#7535 = CARTESIAN_POINT('',(109.06008979759,-186.3001971297,
    216.75380711856));
#7536 = CARTESIAN_POINT('',(109.46801591371,-186.2012575328,
    216.95925730836));
#7537 = CARTESIAN_POINT('',(109.88498488427,-186.1154997104,
    217.13733526157));
#7538 = CARTESIAN_POINT('',(110.72929958832,-185.9702964209,
    217.43885299907));
#7539 = CARTESIAN_POINT('',(111.15664044095,-185.9108349149,
    217.56232608854));
#7540 = CARTESIAN_POINT('',(111.58556643202,-185.8644470268,
    217.65865153063));
#7541 = CARTESIAN_POINT('',(112.01252727248,-185.8307624328,
    217.72859831082));
#7542 = CARTESIAN_POINT('',(112.43438105457,-185.8091497609,
    217.77347748653));
#7543 = CARTESIAN_POINT('',(112.84850945184,-185.7987951259,
    217.79497910775));
#7544 = CARTESIAN_POINT('',(113.25281177045,-185.7987951259,
    217.79497910775));
#7545 = ( BOUNDED_SURFACE() B_SPLINE_SURFACE(2,6,(
    (#7546,#7547,#7548,#7549,#7550,#7551,#7552,#7553,#7554,#7555,#7556
      ,#7557,#7558,#7559,#7560,#7561,#7562)
    ,(#7563,#7564,#7565,#7566,#7567,#7568,#7569,#7570,#7571,#7572,#7573
      ,#7574,#7575,#7576,#7577,#7578,#7579)
    ,(#7580,#7581,#7582,#7583,#7584,#7585,#7586,#7587,#7588,#7589,#7590
      ,#7591,#7592,#7593,#7594,#7595,#7596
)),.UNSPECIFIED.,.F.,.F.,.F.) B_SPLINE_SURFACE_WITH_KNOTS((3,3),(7,5,5,7
    ),(0.,146.60956066178),(-9.000422918949,-5.47496049947E-02,
    146.55481105679,155.50048437074),.UNSPECIFIED.) 
GEOMETRIC_REPRESENTATION_ITEM() RATIONAL_B_SPLINE_SURFACE((
    (1.,1.,1.,1.,1.,1.,1.,1.,1.,1.,1.,1.,1.,1.,1.,1.,1.)
    ,(0.706990803572,0.706990803572,0.706990803572,0.706990803572
      ,0.706990803572,0.706990803572,0.706990803572,0.706990803572
      ,0.706990803572,0.706990803572,0.706990803572,0.706990803572
      ,0.706990803572,0.706990803572,0.706990803572,0.706990803572
      ,0.706990803572)
    ,(1.,1.,1.,1.,1.,1.,1.,1.,1.,1.,1.,1.,1.,1.,1.,1.,1.
))) REPRESENTATION_ITEM('') SURFACE() );
#7546 = CARTESIAN_POINT('',(106.31419941632,-46.05648105939,
    149.87438742957));
#7547 = CARTESIAN_POINT('',(106.30399941632,-47.42918319644,
    150.45619791669));
#7548 = CARTESIAN_POINT('',(106.29379941632,-48.80188533349,
    151.03800840382));
#7549 = CARTESIAN_POINT('',(106.28359941632,-50.17458747055,
    151.61981889094));
#7550 = CARTESIAN_POINT('',(106.27339941632,-51.5472896076,
    152.20162937807));
#7551 = CARTESIAN_POINT('',(106.26319941632,-52.91999174465,
    152.7834398652));
#7552 = CARTESIAN_POINT('',(106.08583284693,-76.78974359164,
    162.90047223136));
#7553 = CARTESIAN_POINT('',(105.91866627754,-99.28679330158,
    172.43569411039));
#7554 = CARTESIAN_POINT('',(105.75149970816,-121.7838430115,
    181.97091598942));
#7555 = CARTESIAN_POINT('',(105.58433313877,-144.2808927214,
    191.50613786846));
#7556 = CARTESIAN_POINT('',(105.41716656938,-166.7779424313,
    201.04135974749));
#7557 = CARTESIAN_POINT('',(105.2398,-190.6476942783,211.15839211365));
#7558 = CARTESIAN_POINT('',(105.2296,-192.0203964154,211.74020260078));
#7559 = CARTESIAN_POINT('',(105.2194,-193.3930985524,212.3220130879));
#7560 = CARTESIAN_POINT('',(105.2092,-194.7658006895,212.90382357503));
#7561 = CARTESIAN_POINT('',(105.199,-196.1385028265,213.48563406215));
#7562 = CARTESIAN_POINT('',(105.1888,-197.5112049636,214.06744454928));
#7563 = CARTESIAN_POINT('',(106.31157455825,-42.93353387452,
    157.2425074547));
#7564 = CARTESIAN_POINT('',(106.30137455825,-44.30623601157,
    157.82431794182));
#7565 = CARTESIAN_POINT('',(106.29117455825,-45.67893814862,
    158.40612842895));
#7566 = CARTESIAN_POINT('',(106.28097455825,-47.05164028568,
    158.98793891608));
#7567 = CARTESIAN_POINT('',(106.27077455825,-48.42434242273,
    159.5697494032));
#7568 = CARTESIAN_POINT('',(106.26057455825,-49.79704455978,
    160.15155989033));
#7569 = CARTESIAN_POINT('',(106.08320798887,-73.66679640677,
    170.26859225649));
#7570 = CARTESIAN_POINT('',(105.91604141948,-96.16384611671,
    179.80381413552));
#7571 = CARTESIAN_POINT('',(105.74887485009,-118.6608958266,
    189.33903601455));
#7572 = CARTESIAN_POINT('',(105.58170828071,-141.1579455365,
    198.87425789359));
#7573 = CARTESIAN_POINT('',(105.41454171132,-163.6549952465,
    208.40947977262));
#7574 = CARTESIAN_POINT('',(105.23717514193,-187.5247470935,
    218.52651213878));
#7575 = CARTESIAN_POINT('',(105.22697514193,-188.8974492305,
    219.10832262591));
#7576 = CARTESIAN_POINT('',(105.21677514193,-190.2701513676,
    219.69013311303));
#7577 = CARTESIAN_POINT('',(105.20657514193,-191.6428535046,
    220.27194360016));
#7578 = CARTESIAN_POINT('',(105.19637514193,-193.0155556417,
    220.85375408729));
#7579 = CARTESIAN_POINT('',(105.18617514193,-194.3882577787,
    221.43556457441));
#7580 = CARTESIAN_POINT('',(114.31401177045,-42.983941416,
    157.26387234915));
#7581 = CARTESIAN_POINT('',(114.30381177045,-44.35664355306,
    157.84568283627));
#7582 = CARTESIAN_POINT('',(114.29361177045,-45.72934569011,
    158.4274933234));
#7583 = CARTESIAN_POINT('',(114.28341177045,-47.10204782716,
    159.00930381052));
#7584 = CARTESIAN_POINT('',(114.27321177045,-48.47474996422,
    159.59111429765));
#7585 = CARTESIAN_POINT('',(114.26301177045,-49.84745210127,
    160.17292478477));
#7586 = CARTESIAN_POINT('',(114.08564520106,-73.71720394826,
    170.28995715093));
#7587 = CARTESIAN_POINT('',(113.91847863168,-96.21425365819,
    179.82517902997));
#7588 = CARTESIAN_POINT('',(113.75131206229,-118.7113033681,
    189.360400909));
#7589 = CARTESIAN_POINT('',(113.5841454929,-141.208353078,
    198.89562278804));
#7590 = CARTESIAN_POINT('',(113.41697892352,-163.705402788,
    208.43084466707));
#7591 = CARTESIAN_POINT('',(113.23961235413,-187.5751546349,
    218.54787703323));
#7592 = CARTESIAN_POINT('',(113.22941235413,-188.947856772,
    219.12968752036));
#7593 = CARTESIAN_POINT('',(113.21921235413,-190.320558909,
    219.71149800748));
#7594 = CARTESIAN_POINT('',(113.20901235413,-191.6932610461,
    220.29330849461));
#7595 = CARTESIAN_POINT('',(113.19881235413,-193.0659631832,
    220.87511898173));
#7596 = CARTESIAN_POINT('',(113.18861235413,-194.4386653202,
    221.45692946886));
#7597 = ADVANCED_FACE('',(#7598),#7630,.T.);
#7598 = FACE_BOUND('',#7599,.T.);
#7599 = EDGE_LOOP('',(#7600,#7601,#7623,#7629));
#7600 = ORIENTED_EDGE('',*,*,#2524,.T.);
#7601 = ORIENTED_EDGE('',*,*,#7602,.T.);
#7602 = EDGE_CURVE('',#2525,#7603,#7605,.T.);
#7603 = VERTEX_POINT('',#7604);
#7604 = CARTESIAN_POINT('',(105.25,129.06175078361,283.23486585776));
#7605 = B_SPLINE_CURVE_WITH_KNOTS('',6,(#7606,#7607,#7608,#7609,#7610,
    #7611,#7612,#7613,#7614,#7615,#7616,#7617,#7618,#7619,#7620,#7621,
    #7622),.UNSPECIFIED.,.F.,.F.,(7,5,5,7),(-9.000422918949,
    -5.474960499478E-02,146.55481105679,155.50048437074),.UNSPECIFIED.);
#7606 = CARTESIAN_POINT('',(106.31419941632,26.364025982272,
    166.40389557385));
#7607 = CARTESIAN_POINT('',(106.30399941632,27.348349763048,
    167.52368184569));
#7608 = CARTESIAN_POINT('',(106.29379941632,28.332673543825,
    168.64346811753));
#7609 = CARTESIAN_POINT('',(106.28359941632,29.316997324601,
    169.76325438937));
#7610 = CARTESIAN_POINT('',(106.27339941632,30.301321105377,
    170.88304066121));
#7611 = CARTESIAN_POINT('',(106.26319941632,31.285644886153,
    172.00282693305));
#7612 = CARTESIAN_POINT('',(106.08583284693,48.401932353044,
    191.4746553137));
#7613 = CARTESIAN_POINT('',(105.91866627754,64.533896039157,
    209.82669742251));
#7614 = CARTESIAN_POINT('',(105.75149970816,80.665859725272,
    228.17873953132));
#7615 = CARTESIAN_POINT('',(105.58433313877,96.797823411385,
    246.53078164013));
#7616 = CARTESIAN_POINT('',(105.41716656938,112.9297870975,
    264.88282374894));
#7617 = CARTESIAN_POINT('',(105.2398,130.04607456439,284.3546521296));
#7618 = CARTESIAN_POINT('',(105.2296,131.03039834516,285.47443840143));
#7619 = CARTESIAN_POINT('',(105.2194,132.01472212594,286.59422467327));
#7620 = CARTESIAN_POINT('',(105.2092,132.99904590671,287.71401094511));
#7621 = CARTESIAN_POINT('',(105.199,133.98336968749,288.83379721695));
#7622 = CARTESIAN_POINT('',(105.1888,134.96769346827,289.95358348879));
#7623 = ORIENTED_EDGE('',*,*,#7624,.F.);
#7624 = EDGE_CURVE('',#7245,#7603,#7625,.T.);
#7625 = LINE('',#7626,#7627);
#7626 = CARTESIAN_POINT('',(105.25,141.56181578366,273.26639666091));
#7627 = VECTOR('',#7628,1.);
#7628 = DIRECTION('',(1.384425467285E-16,-0.781831482468,0.623489801859)
  );
#7629 = ORIENTED_EDGE('',*,*,#7244,.F.);
#7630 = B_SPLINE_SURFACE_WITH_KNOTS('',1,1,(
    (#7631,#7632)
    ,(#7633,#7634
    )),.UNSPECIFIED.,.F.,.F.,.F.,(2,2),(2,2),(0.,38.),(0.,1.),
  .PIECEWISE_BEZIER_KNOTS.);
#7631 = CARTESIAN_POINT('',(106.25,56.005125089569,154.75457160757));
#7632 = CARTESIAN_POINT('',(105.25,141.56181578366,273.26639666091));
#7633 = CARTESIAN_POINT('',(106.25,26.295528755784,178.4471840782));
#7634 = CARTESIAN_POINT('',(105.25,122.79786020443,288.23015190552));
#7635 = ADVANCED_FACE('',(#7636),#7776,.T.);
#7636 = FACE_BOUND('',#7637,.F.);
#7637 = EDGE_LOOP('',(#7638,#7648,#7649,#7657,#7658,#7659));
#7638 = ORIENTED_EDGE('',*,*,#7639,.F.);
#7639 = EDGE_CURVE('',#3707,#7640,#7642,.T.);
#7640 = VERTEX_POINT('',#7641);
#7641 = CARTESIAN_POINT('',(114.18591921838,-34.92671306121,
    184.74299016592));
#7642 = B_SPLINE_CURVE_WITH_KNOTS('',4,(#7643,#7644,#7645,#7646,#7647),
  .UNSPECIFIED.,.F.,.F.,(5,5),(0.,1.),.PIECEWISE_BEZIER_KNOTS.);
#7643 = CARTESIAN_POINT('',(114.25,-34.92676005567,184.74325366667));
#7644 = CARTESIAN_POINT('',(114.23397933369,-34.92676005567,
    184.74325366667));
#7645 = CARTESIAN_POINT('',(114.21795881882,-34.92675222292,
    184.74320974801));
#7646 = CARTESIAN_POINT('',(114.20193854912,-34.92673655777,
    184.74312191255));
#7647 = CARTESIAN_POINT('',(114.18591861842,-34.92671306033,
    184.74299016099));
#7648 = ORIENTED_EDGE('',*,*,#3706,.T.);
#7649 = ORIENTED_EDGE('',*,*,#7650,.F.);
#7650 = EDGE_CURVE('',#7377,#3709,#7651,.T.);
#7651 = B_SPLINE_CURVE_WITH_KNOTS('',4,(#7652,#7653,#7654,#7655,#7656),
  .UNSPECIFIED.,.F.,.F.,(5,5),(0.,1.),.PIECEWISE_BEZIER_KNOTS.);
#7652 = CARTESIAN_POINT('',(114.18591861842,-60.22246297676,
    164.57030275081));
#7653 = CARTESIAN_POINT('',(114.20193854909,-60.22258619636,
    164.5703549766));
#7654 = CARTESIAN_POINT('',(114.21795881886,-60.22266834378,
    164.57038979422));
#7655 = CARTESIAN_POINT('',(114.23397933358,-60.22270941836,
    164.57040720341));
#7656 = CARTESIAN_POINT('',(114.25,-60.22270941836,164.57040720341));
#7657 = ORIENTED_EDGE('',*,*,#7376,.T.);
#7658 = ORIENTED_EDGE('',*,*,#2634,.F.);
#7659 = ORIENTED_EDGE('',*,*,#7660,.F.);
#7660 = EDGE_CURVE('',#7640,#2604,#7661,.T.);
#7661 = B_SPLINE_CURVE_WITH_KNOTS('',8,(#7662,#7663,#7664,#7665,#7666,
    #7667,#7668,#7669,#7670,#7671,#7672,#7673,#7674,#7675,#7676,#7677,
    #7678,#7679,#7680,#7681,#7682,#7683,#7684,#7685,#7686,#7687,#7688,
    #7689,#7690,#7691,#7692,#7693,#7694,#7695,#7696,#7697,#7698,#7699,
    #7700,#7701,#7702,#7703,#7704,#7705,#7706,#7707,#7708,#7709,#7710,
    #7711,#7712,#7713,#7714,#7715,#7716,#7717,#7718,#7719,#7720,#7721,
    #7722,#7723,#7724,#7725,#7726,#7727,#7728,#7729,#7730,#7731,#7732,
    #7733,#7734,#7735,#7736,#7737,#7738,#7739,#7740,#7741,#7742,#7743,
    #7744,#7745,#7746,#7747,#7748,#7749,#7750,#7751,#7752,#7753,#7754,
    #7755,#7756,#7757,#7758,#7759,#7760,#7761,#7762,#7763,#7764,#7765,
    #7766,#7767,#7768,#7769,#7770,#7771,#7772,#7773,#7774,#7775),
  .UNSPECIFIED.,.F.,.F.,(9,7,7,7,7,7,7,7,7,7,7,7,7,7,7,7,9),(0.,
    0.106991883795,0.214175378111,0.319846282916,0.422847325799,
    0.52449744428,0.626023471327,0.728515848075,0.832679324343,
    0.890287816523,0.946887875191,0.970772527995,0.984448479132,
    0.992164730063,0.996269955091,0.998520299417,1.),.UNSPECIFIED.);
#7662 = CARTESIAN_POINT('',(114.18591921838,-34.92671306121,
    184.74299016592));
#7663 = CARTESIAN_POINT('',(114.04168504442,-34.92650150584,
    184.7418039623));
#7664 = CARTESIAN_POINT('',(113.89624218491,-34.92297244768,
    184.73894421098));
#7665 = CARTESIAN_POINT('',(113.74968044809,-34.91602745473,
    184.73436165577));
#7666 = CARTESIAN_POINT('',(113.60209705115,-34.90557144493,
    184.72800840294));
#7667 = CARTESIAN_POINT('',(113.4535964203,-34.89151358843,
    184.7198383244));
#7668 = CARTESIAN_POINT('',(113.30428999071,-34.87376820989,
    184.70980746069));
#7669 = CARTESIAN_POINT('',(113.1542960066,-34.85225569068,
    184.69787442421));
#7670 = CARTESIAN_POINT('',(112.85291300556,-34.80150564863,
    184.67010233409));
#7671 = CARTESIAN_POINT('',(112.7015219513,-34.77225437417,
    184.65425632873));
#7672 = CARTESIAN_POINT('',(112.54969149314,-34.73907646114,
    184.63642415922));
#7673 = CARTESIAN_POINT('',(112.39755360384,-34.70190591388,
    184.61657022816));
#7674 = CARTESIAN_POINT('',(112.24524626169,-34.66068465973,
    184.59466235688));
#7675 = CARTESIAN_POINT('',(112.092912818,-34.61536338104,
    184.57067217476));
#7676 = CARTESIAN_POINT('',(111.94070136457,-34.56590234708,
    184.54457550842));
#7677 = CARTESIAN_POINT('',(111.63897099927,-34.45939898101,
    184.48852831721));
#7678 = CARTESIAN_POINT('',(111.48944435389,-34.40247349025,
    184.45863737625));
#7679 = CARTESIAN_POINT('',(111.34032985426,-34.34146752598,
    184.42666111719));
#7680 = CARTESIAN_POINT('',(111.19177697159,-34.2763627463,
    184.3925850704));
#7681 = CARTESIAN_POINT('',(111.04393802047,-34.20715114876,
    184.35639935692));
#7682 = CARTESIAN_POINT('',(110.89696722017,-34.13383550403,
    184.31809891767));
#7683 = CARTESIAN_POINT('',(110.75101975587,-34.05642978944,
    184.27768374268));
#7684 = CARTESIAN_POINT('',(110.46513962943,-33.89554786635,
    184.19370887789));
#7685 = CARTESIAN_POINT('',(110.32514810588,-33.81227442748,
    184.15025442808));
#7686 = CARTESIAN_POINT('',(110.18641995373,-33.72516280128,
    184.1048005273));
#7687 = CARTESIAN_POINT('',(110.04909874593,-33.6342469873,
    184.0573567227));
#7688 = CARTESIAN_POINT('',(109.9133269976,-33.53957139382,
    184.00793732087));
#7689 = CARTESIAN_POINT('',(109.77924521946,-33.44119074228,
    183.95656137663));
#7690 = CARTESIAN_POINT('',(109.64699097138,-33.33916997163,
    183.90325268179));
#7691 = CARTESIAN_POINT('',(109.38811373687,-33.12938313947,
    183.79355097881));
#7692 = CARTESIAN_POINT('',(109.26143959357,-33.0217099483,
    183.73720758227));
#7693 = CARTESIAN_POINT('',(109.13680401209,-32.91063648586,
    183.67903684533));
#7694 = CARTESIAN_POINT('',(109.01433170081,-32.79624421178,
    183.61907052775));
#7695 = CARTESIAN_POINT('',(108.89414279004,-32.67862356947,
    183.55734459682));
#7696 = CARTESIAN_POINT('',(108.77635207164,-32.55787342695,
    183.49389895614));
#7697 = CARTESIAN_POINT('',(108.6610682387,-32.43410051757,
    183.42877717444));
#7698 = CARTESIAN_POINT('',(108.43585556208,-32.18089189321,
    183.29535674183));
#7699 = CARTESIAN_POINT('',(108.32592032391,-32.05146324437,
    183.22706206859));
#7700 = CARTESIAN_POINT('',(108.21868901724,-31.91924637742,
    183.15718879765));
#7701 = CARTESIAN_POINT('',(108.11425634881,-31.78436192691,
    183.08578695618));
#7702 = CARTESIAN_POINT('',(108.01270969412,-31.64693681024,
    183.01290936376));
#7703 = CARTESIAN_POINT('',(107.91412866585,-31.507103319,
    182.93861100071));
#7704 = CARTESIAN_POINT('',(107.81858468246,-31.36499821041,
    182.8629483763));
#7705 = CARTESIAN_POINT('',(107.63281648469,-31.07515250939,
    182.70827680344));
#7706 = CARTESIAN_POINT('',(107.54265155461,-30.92737114936,
    182.6292429695));
#7707 = CARTESIAN_POINT('',(107.45571054535,-30.77756192462,
    182.54893584136));
#7708 = CARTESIAN_POINT('',(107.37204928051,-30.62587273737,
    182.46741531353));
#7709 = CARTESIAN_POINT('',(107.29171458953,-30.472453969,
    182.38474095626));
#7710 = CARTESIAN_POINT('',(107.21474428905,-30.31745726307,
    182.30097024279));
#7711 = CARTESIAN_POINT('',(107.14116716411,-30.16103430825,
    182.21615677659));
#7712 = CARTESIAN_POINT('',(106.99969473386,-29.84306571691,
    182.04314118951));
#7713 = CARTESIAN_POINT('',(106.93191167711,-29.68147808742,
    181.95490585827));
#7714 = CARTESIAN_POINT('',(106.86767458328,-29.51873083286,
    181.86569356223));
#7715 = CARTESIAN_POINT('',(106.80699483178,-29.35498004824,
    181.775544442));
#7716 = CARTESIAN_POINT('',(106.74987456149,-29.19037922611,
    181.68448992627));
#7717 = CARTESIAN_POINT('',(106.69630703573,-29.02507717088,
    181.59254554038));
#7718 = CARTESIAN_POINT('',(106.64627718822,-28.859214425,
    181.49969433856));
#7719 = CARTESIAN_POINT('',(106.57403692484,-28.60094667625,
    181.35396561565));
#7720 = CARTESIAN_POINT('',(106.54938665503,-28.50884253209,
    181.30176960073));
#7721 = CARTESIAN_POINT('',(106.52580769997,-28.41662731035,
    181.24926031414));
#7722 = CARTESIAN_POINT('',(106.50329552609,-28.32432098799,
    181.19641773701));
#7723 = CARTESIAN_POINT('',(106.48184493092,-28.23194198115,
    181.14321463676));
#7724 = CARTESIAN_POINT('',(106.46145009881,-28.13950646606,
    181.08961270485));
#7725 = CARTESIAN_POINT('',(106.44210468829,-28.04702702296,
    181.03555462785));
#7726 = CARTESIAN_POINT('',(106.40581960196,-27.86361367787,
    180.92730537076));
#7727 = CARTESIAN_POINT('',(106.38884382876,-27.77268142073,
    180.87313295404));
#7728 = CARTESIAN_POINT('',(106.37286812478,-27.68172017402,
    180.81835184284));
#7729 = CARTESIAN_POINT('',(106.35788576237,-27.59072961536,
    180.76284009663));
#7730 = CARTESIAN_POINT('',(106.3438896873,-27.49970498563,
    180.70645046173));
#7731 = CARTESIAN_POINT('',(106.33087322151,-27.4086216768,
    180.64891776708));
#7732 = CARTESIAN_POINT('',(106.31882964994,-27.31744416595,
    180.58991288996));
#7733 = CARTESIAN_POINT('',(106.30308211847,-27.18749165568,
    180.50276125608));
#7734 = CARTESIAN_POINT('',(106.29858152189,-27.14888982354,
    180.47649178422));
#7735 = CARTESIAN_POINT('',(106.29425327473,-27.11024174811,
    180.4497536592));
#7736 = CARTESIAN_POINT('',(106.29009719208,-27.07153643757,
    180.42247229935));
#7737 = CARTESIAN_POINT('',(106.28611331036,-27.03275847751,
    180.39454524624));
#7738 = CARTESIAN_POINT('',(106.2823018875,-26.99388782132,
    180.36584092246));
#7739 = CARTESIAN_POINT('',(106.27866357217,-26.9548959559,
    180.33617539012));
#7740 = CARTESIAN_POINT('',(106.27321685402,-26.89330810456,
    180.28751236416));
#7741 = CARTESIAN_POINT('',(106.27129102725,-26.87082801786,
    180.26937514484));
#7742 = CARTESIAN_POINT('',(106.26942282603,-26.84828211949,
    180.25075774264));
#7743 = CARTESIAN_POINT('',(106.26761265568,-26.82565885093,
    180.23158781084));
#7744 = CARTESIAN_POINT('',(106.26586116773,-26.80294254476,
    180.21176564779));
#7745 = CARTESIAN_POINT('',(106.2641692491,-26.78011344724,
    180.19116438248));
#7746 = CARTESIAN_POINT('',(106.26253819206,-26.75714405645,
    180.16960740209));
#7747 = CARTESIAN_POINT('',(106.26008575739,-26.72091886821,
    180.13390613777));
#7748 = CARTESIAN_POINT('',(106.25922134316,-26.7077930066,
    180.1206263668));
#7749 = CARTESIAN_POINT('',(106.25837750337,-26.69459809995,
    180.10688624802));
#7750 = CARTESIAN_POINT('',(106.25755474782,-26.68132349203,
    180.09261861745));
#7751 = CARTESIAN_POINT('',(106.25675386161,-26.66795472151,
    180.0777286228));
#7752 = CARTESIAN_POINT('',(106.25597587249,-26.65447395381,
    180.06209656362));
#7753 = CARTESIAN_POINT('',(106.25522223043,-26.64085641477,
    180.04555525007));
#7754 = CARTESIAN_POINT('',(106.25410900998,-26.61971308739,
    180.01834593809));
#7755 = CARTESIAN_POINT('',(106.25373014023,-26.61232018362,
    180.00855387622));
#7756 = CARTESIAN_POINT('',(106.25335934272,-26.60486849879,
    179.99836920319));
#7757 = CARTESIAN_POINT('',(106.25299708983,-26.59734949295,
    179.98773596791));
#7758 = CARTESIAN_POINT('',(106.25264412498,-26.58975185578,
    179.97657441586));
#7759 = CARTESIAN_POINT('',(106.25230141959,-26.58206207687,
    179.96478497675));
#7760 = CARTESIAN_POINT('',(106.25197033847,-26.57426155461,
    179.95222894411));
#7761 = CARTESIAN_POINT('',(106.25147969634,-26.56195694979,
    179.93119288632));
#7762 = CARTESIAN_POINT('',(106.25131033788,-26.55755877276,
    179.92343958833));
#7763 = CARTESIAN_POINT('',(106.25114568729,-26.5531106858,
    179.91533219867));
#7764 = CARTESIAN_POINT('',(106.25098621594,-26.5486050767,
    179.90681848997));
#7765 = CARTESIAN_POINT('',(106.25083275249,-26.54403243201,
    179.89782109054));
#7766 = CARTESIAN_POINT('',(106.25068638336,-26.53938245613,
    179.88824637482));
#7767 = CARTESIAN_POINT('',(106.25054863863,-26.5346413869,
    179.87796485555));
#7768 = CARTESIAN_POINT('',(106.2503396865,-26.52657980578,
    179.8592989101));
#7769 = CARTESIAN_POINT('',(106.25026258383,-26.52335667172,
    179.85153428323));
#7770 = CARTESIAN_POINT('',(106.25019121926,-26.52007451979,
    179.84328750947));
#7771 = CARTESIAN_POINT('',(106.25012688039,-26.51671102049,
    179.83441106209));
#7772 = CARTESIAN_POINT('',(106.25007086558,-26.51325714659,
    179.8248052174));
#7773 = CARTESIAN_POINT('',(106.25002745784,-26.509706619,
    179.81422554965));
#7774 = CARTESIAN_POINT('',(106.25,-26.50607294618,179.80254506179));
#7775 = CARTESIAN_POINT('',(106.25,-26.50233564647,179.78909017174));
#7776 = TOROIDAL_SURFACE('',#7777,70.,8.);
#7777 = AXIS2_PLACEMENT_3D('',#7778,#7779,#7780);
#7778 = CARTESIAN_POINT('',(114.25,0.,115.));
#7779 = DIRECTION('',(-1.,-0.,2.22044604925E-16));
#7780 = DIRECTION('',(-2.22044604925E-16,0.,-1.));
#7781 = ADVANCED_FACE('',(#7782),#7956,.T.);
#7782 = FACE_BOUND('',#7783,.T.);
#7783 = EDGE_LOOP('',(#7784,#7785,#7786,#7905,#7927));
#7784 = ORIENTED_EDGE('',*,*,#7602,.F.);
#7785 = ORIENTED_EDGE('',*,*,#2532,.F.);
#7786 = ORIENTED_EDGE('',*,*,#7787,.F.);
#7787 = EDGE_CURVE('',#7788,#2533,#7790,.T.);
#7788 = VERTEX_POINT('',#7789);
#7789 = CARTESIAN_POINT('',(114.18591921838,32.750815987068,
    185.79084696997));
#7790 = B_SPLINE_CURVE_WITH_KNOTS('',8,(#7791,#7792,#7793,#7794,#7795,
    #7796,#7797,#7798,#7799,#7800,#7801,#7802,#7803,#7804,#7805,#7806,
    #7807,#7808,#7809,#7810,#7811,#7812,#7813,#7814,#7815,#7816,#7817,
    #7818,#7819,#7820,#7821,#7822,#7823,#7824,#7825,#7826,#7827,#7828,
    #7829,#7830,#7831,#7832,#7833,#7834,#7835,#7836,#7837,#7838,#7839,
    #7840,#7841,#7842,#7843,#7844,#7845,#7846,#7847,#7848,#7849,#7850,
    #7851,#7852,#7853,#7854,#7855,#7856,#7857,#7858,#7859,#7860,#7861,
    #7862,#7863,#7864,#7865,#7866,#7867,#7868,#7869,#7870,#7871,#7872,
    #7873,#7874,#7875,#7876,#7877,#7878,#7879,#7880,#7881,#7882,#7883,
    #7884,#7885,#7886,#7887,#7888,#7889,#7890,#7891,#7892,#7893,#7894,
    #7895,#7896,#7897,#7898,#7899,#7900,#7901,#7902,#7903,#7904),
  .UNSPECIFIED.,.F.,.F.,(9,7,7,7,7,7,7,7,7,7,7,7,7,7,7,7,9),(0.,
    0.106991883795,0.214175378111,0.319846282916,0.422847325798,
    0.524497444279,0.626023471326,0.728515848074,0.832679324342,
    0.890287816522,0.94688787519,0.970772527995,0.984448479132,
    0.992164730063,0.996269955091,0.998520299417,1.),.UNSPECIFIED.);
#7791 = CARTESIAN_POINT('',(114.18591921838,32.750815987068,
    185.79084696997));
#7792 = CARTESIAN_POINT('',(114.04168504442,32.750020478351,
    185.78994198346));
#7793 = CARTESIAN_POINT('',(113.89624218491,32.749984966509,
    185.7853998289));
#7794 = CARTESIAN_POINT('',(113.74968044809,32.750732312849,
    185.77711283832));
#7795 = CARTESIAN_POINT('',(113.60209705115,32.752284355255,
    185.76497681234));
#7796 = CARTESIAN_POINT('',(113.4535964203,32.754661660792,
    185.7488919769));
#7797 = CARTESIAN_POINT('',(113.30428999071,32.757883278307,
    185.72876394006));
#7798 = CARTESIAN_POINT('',(113.1542960066,32.761966491035,
    185.70450464873));
#7799 = CARTESIAN_POINT('',(112.85291300556,32.771895530308,
    185.64751105315));
#7800 = CARTESIAN_POINT('',(112.7015219513,32.777744495763,
    185.61476166313));
#7801 = CARTESIAN_POINT('',(112.54969149314,32.784488834664,
    185.57770395037));
#7802 = CARTESIAN_POINT('',(112.39755360384,32.792141863459,
    185.53626412275));
#7803 = CARTESIAN_POINT('',(112.24524626169,32.800714631564,
    185.49037671419));
#7804 = CARTESIAN_POINT('',(112.092912818,32.810215706979,
    185.43998547779));
#7805 = CARTESIAN_POINT('',(111.94070136457,32.820650961912,
    185.38504427896));
#7806 = CARTESIAN_POINT('',(111.63897099927,32.843235265925,
    185.26683174223));
#7807 = CARTESIAN_POINT('',(111.48944435389,32.855358050203,
    185.20368890455));
#7808 = CARTESIAN_POINT('',(111.34032985426,32.868394600747,
    185.13605564964));
#7809 = CARTESIAN_POINT('',(111.19177697159,32.882345040754,
    185.06390861556));
#7810 = CARTESIAN_POINT('',(111.04393802047,32.897206635975,
    184.98723538633));
#7811 = CARTESIAN_POINT('',(110.89696722016,32.912973703587,
    184.90603497384));
#7812 = CARTESIAN_POINT('',(110.75101975587,32.929637521061,
    184.82031829981));
#7813 = CARTESIAN_POINT('',(110.46513962943,32.96429156638,
    184.64217827557));
#7814 = CARTESIAN_POINT('',(110.32514810588,32.98223764936,
    184.5499790731));
#7815 = CARTESIAN_POINT('',(110.18641995373,33.001013569296,
    184.45353241766));
#7816 = CARTESIAN_POINT('',(110.04909874593,33.020605592058,
    184.3528708437));
#7817 = CARTESIAN_POINT('',(109.9133269976,33.040997214878,
    184.24803799104));
#7818 = CARTESIAN_POINT('',(109.77924521946,33.062169217167,
    184.13908852311));
#7819 = CARTESIAN_POINT('',(109.64699097138,33.084099711329,
    184.02608804517));
#7820 = CARTESIAN_POINT('',(109.38811373687,33.129131416677,
    183.79367220212));
#7821 = CARTESIAN_POINT('',(109.26143959357,33.152213512058,
    183.6743603783));
#7822 = CARTESIAN_POINT('',(109.13680401209,33.175986969643,
    183.55125078725));
#7823 = CARTESIAN_POINT('',(109.01433170081,33.200425830974,
    183.42442691855));
#7824 = CARTESIAN_POINT('',(108.89414279004,33.225501825855,
    183.29398190897));
#7825 = CARTESIAN_POINT('',(108.77635207164,33.251184508984,
    183.1600179361));
#7826 = CARTESIAN_POINT('',(108.6610682387,33.2774413966,183.0226456121)
  );
#7827 = CARTESIAN_POINT('',(108.43585556208,33.331002097015,
    182.74149285885));
#7828 = CARTESIAN_POINT('',(108.32592032391,33.358304614014,
    182.59772043416));
#7829 = CARTESIAN_POINT('',(108.21868901724,33.386111359187,
    182.45078385322));
#7830 = CARTESIAN_POINT('',(108.11425634881,33.414386230935,
    182.30080862333));
#7831 = CARTESIAN_POINT('',(108.01270969412,33.443091393585,
    182.14792690497));
#7832 = CARTESIAN_POINT('',(107.91412866585,33.472187350001,
    181.99227640756));
#7833 = CARTESIAN_POINT('',(107.81858468246,33.501633014188,
    181.83399928514));
#7834 = CARTESIAN_POINT('',(107.63281648469,33.561421747776,
    181.51095264271));
#7835 = CARTESIAN_POINT('',(107.54265155461,33.591770779109,
    181.34613573346));
#7836 = CARTESIAN_POINT('',(107.45571054535,33.622388661908,
    181.17893948978));
#7837 = CARTESIAN_POINT('',(107.37204928051,33.653230008087,
    181.00951688989));
#7838 = CARTESIAN_POINT('',(107.29171458953,33.684247630276,
    180.83802264815));
#7839 = CARTESIAN_POINT('',(107.21474428905,33.715391914647,
    180.66461115822));
#7840 = CARTESIAN_POINT('',(107.14116716411,33.746610193742,
    180.48943443633));
#7841 = CARTESIAN_POINT('',(106.99969473386,33.809591334819,
    180.13296312708));
#7842 = CARTESIAN_POINT('',(106.93191167711,33.841354414074,
    179.95161500198));
#7843 = CARTESIAN_POINT('',(106.86767458328,33.873076685914,
    179.76875111789));
#7844 = CARTESIAN_POINT('',(106.80699483178,33.90469220986,
    179.58451854209));
#7845 = CARTESIAN_POINT('',(106.74987456149,33.936129856816,
    179.39905687533));
#7846 = CARTESIAN_POINT('',(106.69630703573,33.967308986954,
    179.2124921375));
#7847 = CARTESIAN_POINT('',(106.64627718822,33.998128724747,
    179.02492364358));
#7848 = CARTESIAN_POINT('',(106.57403692484,34.045220728774,
    178.73214141413));
#7849 = CARTESIAN_POINT('',(106.54938665503,34.061838235637,
    178.62758781156));
#7850 = CARTESIAN_POINT('',(106.52580769997,34.078280072595,
    178.52275204335));
#7851 = CARTESIAN_POINT('',(106.50329552609,34.094518132814,
    178.41763724655));
#7852 = CARTESIAN_POINT('',(106.48184493092,34.110519642746,
    178.31224084025));
#7853 = CARTESIAN_POINT('',(106.46145009881,34.126244565841,
    178.20655158655));
#7854 = CARTESIAN_POINT('',(106.44210468829,34.141640249019,
    178.10054358674));
#7855 = CARTESIAN_POINT('',(106.40581960196,34.171363922056,
    177.88965295138));
#7856 = CARTESIAN_POINT('',(106.38884382876,34.18570555618,
    177.78478330062));
#7857 = CARTESIAN_POINT('',(106.37286812477,34.199589368487,
    177.67951147006));
#7858 = CARTESIAN_POINT('',(106.35788576237,34.212920223045,
    177.57376117908));
#7859 = CARTESIAN_POINT('',(106.3438896873,34.225585959543,
    177.46743689556));
#7860 = CARTESIAN_POINT('',(106.33087322151,34.237394601765,
    177.36035404882));
#7861 = CARTESIAN_POINT('',(106.31882964994,34.248110979387,
    177.2522796612));
#7862 = CARTESIAN_POINT('',(106.30308211847,34.26099715315,
    177.0963405425));
#7863 = CARTESIAN_POINT('',(106.29858152189,34.264526701704,
    177.04978166705));
#7864 = CARTESIAN_POINT('',(106.29425327473,34.267718674672,
    177.00289443667));
#7865 = CARTESIAN_POINT('',(106.29009719208,34.270521615052,
    176.9556237567));
#7866 = CARTESIAN_POINT('',(106.28611331036,34.27286502835,
    176.90789369389));
#7867 = CARTESIAN_POINT('',(106.2823018875,34.274658542063,
    176.85960653799));
#7868 = CARTESIAN_POINT('',(106.27866357217,34.275776125387,
    176.81062531317));
#7869 = CARTESIAN_POINT('',(106.27321685402,34.276129236888,
    176.73213309164));
#7870 = CARTESIAN_POINT('',(106.27129102725,34.275965092622,
    176.70324908085));
#7871 = CARTESIAN_POINT('',(106.26942282603,34.275466559164,
    176.67401422729));
#7872 = CARTESIAN_POINT('',(106.26761265568,34.274584280197,
    176.64437438671));
#7873 = CARTESIAN_POINT('',(106.26586116773,34.273250074308,
    176.61425514688));
#7874 = CARTESIAN_POINT('',(106.2641692491,34.271377065996,
    176.58356196089));
#7875 = CARTESIAN_POINT('',(106.26253819206,34.268844320977,
    176.55216321061));
#7876 = CARTESIAN_POINT('',(106.26008575739,34.263517984001,
    176.50158184377));
#7877 = CARTESIAN_POINT('',(106.25922134316,34.26131928183,
    176.48303983015));
#7878 = CARTESIAN_POINT('',(106.25837750337,34.258803714133,
    176.46415681279));
#7879 = CARTESIAN_POINT('',(106.25755474782,34.255925414033,
    176.44488258424));
#7880 = CARTESIAN_POINT('',(106.25675386161,34.252619239524,
    176.42514669875));
#7881 = CARTESIAN_POINT('',(106.25597587249,34.248802724702,
    176.40486058067));
#7882 = CARTESIAN_POINT('',(106.25522223043,34.244360601731,
    176.38390061963));
#7883 = CARTESIAN_POINT('',(106.25410900998,34.236270154001,
    176.35040537211));
#7884 = CARTESIAN_POINT('',(106.25373014023,34.23322381186,
    176.33852011648));
#7885 = CARTESIAN_POINT('',(106.25335934272,34.229907163347,
    176.32634411492));
#7886 = CARTESIAN_POINT('',(106.25299708983,34.226281788705,
    176.31383580568));
#7887 = CARTESIAN_POINT('',(106.25264412498,34.222292385213,
    176.30093661987));
#7888 = CARTESIAN_POINT('',(106.25230141959,34.217869529286,
    176.28757391356));
#7889 = CARTESIAN_POINT('',(106.25197033847,34.212916373752,
    176.27364666138));
#7890 = CARTESIAN_POINT('',(106.25147969634,34.204141517125,
    176.25091076645));
#7891 = CARTESIAN_POINT('',(106.25131033788,34.20082196319,
    176.24263803096));
#7892 = CARTESIAN_POINT('',(106.25114568729,34.197256687567,
    176.23410550176));
#7893 = CARTESIAN_POINT('',(106.25098621594,34.193409603394,
    176.22527466417));
#7894 = CARTESIAN_POINT('',(106.25083275249,34.189226150602,
    176.2160898398));
#7895 = CARTESIAN_POINT('',(106.25068638336,34.184639548947,
    176.20648460466));
#7896 = CARTESIAN_POINT('',(106.25054863863,34.179557141812,
    176.19636746506));
#7897 = CARTESIAN_POINT('',(106.2503396865,34.169989831625,
    176.17842664051));
#7898 = CARTESIAN_POINT('',(106.25026258383,34.165928793106,
    176.17106552717));
#7899 = CARTESIAN_POINT('',(106.25019121926,34.161527594007,
    176.16335765811));
#7900 = CARTESIAN_POINT('',(106.25012688039,34.156684815504,
    176.15519359406));
#7901 = CARTESIAN_POINT('',(106.25007086558,34.151328118869,
    176.1465041005));
#7902 = CARTESIAN_POINT('',(106.25002745784,34.14527031929,
    176.13713187131));
#7903 = CARTESIAN_POINT('',(106.25,34.138403704092,176.12700828643));
#7904 = CARTESIAN_POINT('',(106.25,34.130214415715,176.11569736113));
#7905 = ORIENTED_EDGE('',*,*,#7906,.T.);
#7906 = EDGE_CURVE('',#7788,#7907,#7909,.T.);
#7907 = VERTEX_POINT('',#7908);
#7908 = CARTESIAN_POINT('',(113.25281177045,122.79786020443,
    288.23015190552));
#7909 = B_SPLINE_CURVE_WITH_KNOTS('',6,(#7910,#7911,#7912,#7913,#7914,
    #7915,#7916,#7917,#7918,#7919,#7920,#7921,#7922,#7923,#7924,#7925,
    #7926),.UNSPECIFIED.,.F.,.F.,(7,5,5,7),(-9.000422918949,
    -5.474960499478E-02,146.55481105679,155.50048437074),.UNSPECIFIED.);
#7910 = CARTESIAN_POINT('',(114.31401177045,20.389586071126,
    171.72846644717));
#7911 = CARTESIAN_POINT('',(114.30381177045,21.373909851903,
    172.84825271901));
#7912 = CARTESIAN_POINT('',(114.29361177045,22.358233632679,
    173.96803899085));
#7913 = CARTESIAN_POINT('',(114.28341177045,23.342557413455,
    175.08782526269));
#7914 = CARTESIAN_POINT('',(114.27321177045,24.326881194231,
    176.20761153452));
#7915 = CARTESIAN_POINT('',(114.26301177045,25.311204975008,
    177.32739780636));
#7916 = CARTESIAN_POINT('',(114.08564520107,42.427492441898,
    196.79922618701));
#7917 = CARTESIAN_POINT('',(113.91847863168,58.559456128012,
    215.15126829582));
#7918 = CARTESIAN_POINT('',(113.75131206229,74.691419814126,
    233.50331040464));
#7919 = CARTESIAN_POINT('',(113.5841454929,90.82338350024,
    251.85535251345));
#7920 = CARTESIAN_POINT('',(113.41697892352,106.95534718635,
    270.20739462226));
#7921 = CARTESIAN_POINT('',(113.23961235413,124.07163465324,
    289.67922300291));
#7922 = CARTESIAN_POINT('',(113.22941235413,125.05595843402,
    290.79900927475));
#7923 = CARTESIAN_POINT('',(113.21921235413,126.04028221479,
    291.91879554659));
#7924 = CARTESIAN_POINT('',(113.20901235413,127.02460599557,
    293.03858181843));
#7925 = CARTESIAN_POINT('',(113.19881235413,128.00892977634,
    294.15836809027));
#7926 = CARTESIAN_POINT('',(113.18861235413,128.99325355712,
    295.2781543621));
#7927 = ORIENTED_EDGE('',*,*,#7928,.F.);
#7928 = EDGE_CURVE('',#7603,#7907,#7929,.T.);
#7929 = B_SPLINE_CURVE_WITH_KNOTS('',7,(#7930,#7931,#7932,#7933,#7934,
    #7935,#7936,#7937,#7938,#7939,#7940,#7941,#7942,#7943,#7944,#7945,
    #7946,#7947,#7948,#7949,#7950,#7951,#7952,#7953,#7954,#7955),
  .UNSPECIFIED.,.F.,.F.,(8,6,6,6,8),(0.,0.249928743901,0.500002573609,
    0.750074694671,1.),.UNSPECIFIED.);
#7930 = CARTESIAN_POINT('',(105.25,129.06175078361,283.23486585776));
#7931 = CARTESIAN_POINT('',(105.25,128.74529868775,283.48722798306));
#7932 = CARTESIAN_POINT('',(105.27383819558,128.4211558147,
    283.74572329852));
#7933 = CARTESIAN_POINT('',(105.32359432234,128.09096633999,
    284.00904061788));
#7934 = CARTESIAN_POINT('',(105.40114205148,127.75677955409,
    284.27554568656));
#7935 = CARTESIAN_POINT('',(105.50793494098,127.42105451967,
    284.54327746749));
#7936 = CARTESIAN_POINT('',(105.64482565966,127.08656992885,
    284.81002002766));
#7937 = CARTESIAN_POINT('',(105.9791083073,126.42571663182,285.337032946
    ));
#7938 = CARTESIAN_POINT('',(106.17653673397,126.09935170327,
    285.59730029158));
#7939 = CARTESIAN_POINT('',(106.40431197659,125.78006409918,
    285.85192365924));
#7940 = CARTESIAN_POINT('',(106.66181077775,125.47090696464,
    286.09846824702));
#7941 = CARTESIAN_POINT('',(106.94756177427,125.17488961224,
    286.3345342082));
#7942 = CARTESIAN_POINT('',(107.25928974598,124.89471802013,
    286.55796359723));
#7943 = CARTESIAN_POINT('',(107.9289651319,124.37055558579,
    286.97596919007));
#7944 = CARTESIAN_POINT('',(108.28691352626,124.12656348205,
    287.1705463999));
#7945 = CARTESIAN_POINT('',(108.6651074233,123.90290306381,
    287.34890963159));
#7946 = CARTESIAN_POINT('',(109.06008979758,123.7013553959,
    287.50963853334));
#7947 = CARTESIAN_POINT('',(109.46801591372,123.52307240279,
    287.65181447604));
#7948 = CARTESIAN_POINT('',(109.88498488426,123.36854214641,
    287.77504824328));
#7949 = CARTESIAN_POINT('',(110.72929958832,123.10689485969,
    287.98370499171));
#7950 = CARTESIAN_POINT('',(111.15664044095,122.99974892821,
    288.0691510208));
#7951 = CARTESIAN_POINT('',(111.58556643202,122.91616084224,
    288.13581029499));
#7952 = CARTESIAN_POINT('',(112.01252727248,122.85546330118,
    288.18421496875));
#7953 = CARTESIAN_POINT('',(112.43438105457,122.81651861205,
    288.21527232196));
#7954 = CARTESIAN_POINT('',(112.84850945184,122.79786020443,
    288.23015190552));
#7955 = CARTESIAN_POINT('',(113.25281177045,122.79786020443,
    288.23015190552));
#7956 = ( BOUNDED_SURFACE() B_SPLINE_SURFACE(2,6,(
    (#7957,#7958,#7959,#7960,#7961,#7962,#7963,#7964,#7965,#7966,#7967
      ,#7968,#7969,#7970,#7971,#7972,#7973)
    ,(#7974,#7975,#7976,#7977,#7978,#7979,#7980,#7981,#7982,#7983,#7984
      ,#7985,#7986,#7987,#7988,#7989,#7990)
    ,(#7991,#7992,#7993,#7994,#7995,#7996,#7997,#7998,#7999,#8000,#8001
      ,#8002,#8003,#8004,#8005,#8006,#8007
)),.UNSPECIFIED.,.F.,.F.,.F.) B_SPLINE_SURFACE_WITH_KNOTS((3,3),(7,5,5,7
    ),(0.,146.60956066178),(-9.000422918949,-5.474960499478E-02,
    146.55481105679,155.50048437074),.UNSPECIFIED.) 
GEOMETRIC_REPRESENTATION_ITEM() RATIONAL_B_SPLINE_SURFACE((
    (1.,1.,1.,1.,1.,1.,1.,1.,1.,1.,1.,1.,1.,1.,1.,1.,1.)
    ,(0.706990803572,0.706990803572,0.706990803572,0.706990803572
      ,0.706990803572,0.706990803572,0.706990803572,0.706990803572
      ,0.706990803572,0.706990803572,0.706990803572,0.706990803572
      ,0.706990803572,0.706990803572,0.706990803572,0.706990803572
      ,0.706990803572)
    ,(1.,1.,1.,1.,1.,1.,1.,1.,1.,1.,1.,1.,1.,1.,1.,1.,1.
))) REPRESENTATION_ITEM('') SURFACE() );
#7957 = CARTESIAN_POINT('',(106.31419941632,26.364025982272,
    166.40389557385));
#7958 = CARTESIAN_POINT('',(106.30399941632,27.348349763048,
    167.52368184569));
#7959 = CARTESIAN_POINT('',(106.29379941632,28.332673543825,
    168.64346811753));
#7960 = CARTESIAN_POINT('',(106.28359941632,29.316997324601,
    169.76325438937));
#7961 = CARTESIAN_POINT('',(106.27339941632,30.301321105377,
    170.88304066121));
#7962 = CARTESIAN_POINT('',(106.26319941632,31.285644886153,
    172.00282693305));
#7963 = CARTESIAN_POINT('',(106.08583284693,48.401932353044,
    191.4746553137));
#7964 = CARTESIAN_POINT('',(105.91866627754,64.533896039157,
    209.82669742251));
#7965 = CARTESIAN_POINT('',(105.75149970816,80.665859725272,
    228.17873953132));
#7966 = CARTESIAN_POINT('',(105.58433313877,96.797823411385,
    246.53078164013));
#7967 = CARTESIAN_POINT('',(105.41716656938,112.9297870975,
    264.88282374894));
#7968 = CARTESIAN_POINT('',(105.2398,130.04607456439,284.3546521296));
#7969 = CARTESIAN_POINT('',(105.2296,131.03039834516,285.47443840143));
#7970 = CARTESIAN_POINT('',(105.2194,132.01472212594,286.59422467327));
#7971 = CARTESIAN_POINT('',(105.2092,132.99904590671,287.71401094511));
#7972 = CARTESIAN_POINT('',(105.199,133.98336968749,288.83379721695));
#7973 = CARTESIAN_POINT('',(105.1888,134.96769346827,289.95358348879));
#7974 = CARTESIAN_POINT('',(106.31157455825,20.35344032583,
    171.68734632983));
#7975 = CARTESIAN_POINT('',(106.30137455825,21.337764106607,
    172.80713260167));
#7976 = CARTESIAN_POINT('',(106.29117455825,22.322087887383,
    173.9269188735));
#7977 = CARTESIAN_POINT('',(106.28097455825,23.306411668159,
    175.04670514534));
#7978 = CARTESIAN_POINT('',(106.27077455825,24.290735448935,
    176.16649141718));
#7979 = CARTESIAN_POINT('',(106.26057455825,25.275059229712,
    177.28627768902));
#7980 = CARTESIAN_POINT('',(106.08320798887,42.391346696602,
    196.75810606967));
#7981 = CARTESIAN_POINT('',(105.91604141948,58.523310382716,
    215.11014817848));
#7982 = CARTESIAN_POINT('',(105.74887485009,74.65527406883,
    233.4621902873));
#7983 = CARTESIAN_POINT('',(105.58170828071,90.787237754944,
    251.81423239611));
#7984 = CARTESIAN_POINT('',(105.41454171132,106.91920144105,
    270.16627450492));
#7985 = CARTESIAN_POINT('',(105.23717514193,124.03548890794,
    289.63810288557));
#7986 = CARTESIAN_POINT('',(105.22697514193,125.01981268872,
    290.75788915741));
#7987 = CARTESIAN_POINT('',(105.21677514193,126.0041364695,
    291.87767542925));
#7988 = CARTESIAN_POINT('',(105.20657514193,126.98846025027,
    292.99746170109));
#7989 = CARTESIAN_POINT('',(105.19637514193,127.97278403105,
    294.11724797292));
#7990 = CARTESIAN_POINT('',(105.18617514193,128.95710781183,
    295.23703424476));
#7991 = CARTESIAN_POINT('',(114.31401177045,20.389586071126,
    171.72846644717));
#7992 = CARTESIAN_POINT('',(114.30381177045,21.373909851903,
    172.84825271901));
#7993 = CARTESIAN_POINT('',(114.29361177045,22.358233632679,
    173.96803899085));
#7994 = CARTESIAN_POINT('',(114.28341177045,23.342557413455,
    175.08782526269));
#7995 = CARTESIAN_POINT('',(114.27321177045,24.326881194231,
    176.20761153452));
#7996 = CARTESIAN_POINT('',(114.26301177045,25.311204975008,
    177.32739780636));
#7997 = CARTESIAN_POINT('',(114.08564520107,42.427492441898,
    196.79922618701));
#7998 = CARTESIAN_POINT('',(113.91847863168,58.559456128012,
    215.15126829582));
#7999 = CARTESIAN_POINT('',(113.75131206229,74.691419814126,
    233.50331040464));
#8000 = CARTESIAN_POINT('',(113.5841454929,90.82338350024,
    251.85535251345));
#8001 = CARTESIAN_POINT('',(113.41697892352,106.95534718635,
    270.20739462226));
#8002 = CARTESIAN_POINT('',(113.23961235413,124.07163465324,
    289.67922300291));
#8003 = CARTESIAN_POINT('',(113.22941235413,125.05595843402,
    290.79900927475));
#8004 = CARTESIAN_POINT('',(113.21921235413,126.04028221479,
    291.91879554659));
#8005 = CARTESIAN_POINT('',(113.20901235413,127.02460599557,
    293.03858181843));
#8006 = CARTESIAN_POINT('',(113.19881235413,128.00892977634,
    294.15836809027));
#8007 = CARTESIAN_POINT('',(113.18861235413,128.99325355712,
    295.2781543621));
#8008 = ADVANCED_FACE('',(#8009),#8086,.T.);
#8009 = FACE_BOUND('',#8010,.T.);
#8010 = EDGE_LOOP('',(#8011,#8033,#8034,#8035,#8057));
#8011 = ORIENTED_EDGE('',*,*,#8012,.F.);
#8012 = EDGE_CURVE('',#2596,#8013,#8015,.T.);
#8013 = VERTEX_POINT('',#8014);
#8014 = CARTESIAN_POINT('',(105.25,-51.06262915276,320.79726312445));
#8015 = B_SPLINE_CURVE_WITH_KNOTS('',6,(#8016,#8017,#8018,#8019,#8020,
    #8021,#8022,#8023,#8024,#8025,#8026,#8027,#8028,#8029,#8030,#8031,
    #8032),.UNSPECIFIED.,.F.,.F.,(7,5,5,7),(-9.000422918949,
    -5.474960499457E-02,146.55481105679,155.50048437074),.UNSPECIFIED.);
#8016 = CARTESIAN_POINT('',(106.31419941632,-23.75148254525,
    167.66203018365));
#8017 = CARTESIAN_POINT('',(106.30399941632,-24.01325086717,
    169.12978082516));
#8018 = CARTESIAN_POINT('',(106.29379941632,-24.27501918909,
    170.59753146666));
#8019 = CARTESIAN_POINT('',(106.28359941632,-24.53678751101,
    172.06528210817));
#8020 = CARTESIAN_POINT('',(106.27339941632,-24.79855583292,
    173.53303274968));
#8021 = CARTESIAN_POINT('',(106.26319941632,-25.06032415484,
    175.00078339118));
#8022 = CARTESIAN_POINT('',(106.08583284693,-29.61218192276,
    200.52332221465));
#8023 = CARTESIAN_POINT('',(105.91866627754,-33.90227136876,
    224.57811039661));
#8024 = CARTESIAN_POINT('',(105.75149970816,-38.19236081476,
    248.63289857857));
#8025 = CARTESIAN_POINT('',(105.58433313877,-42.48245026076,
    272.68768676053));
#8026 = CARTESIAN_POINT('',(105.41716656938,-46.77253970676,
    296.74247494249));
#8027 = CARTESIAN_POINT('',(105.2398,-51.32439747468,322.26501376596));
#8028 = CARTESIAN_POINT('',(105.2296,-51.5861657966,323.73276440747));
#8029 = CARTESIAN_POINT('',(105.2194,-51.84793411852,325.20051504897));
#8030 = CARTESIAN_POINT('',(105.2092,-52.10970244043,326.66826569048));
#8031 = CARTESIAN_POINT('',(105.199,-52.37147076235,328.13601633198));
#8032 = CARTESIAN_POINT('',(105.1888,-52.63323908427,329.60376697349));
#8033 = ORIENTED_EDGE('',*,*,#2603,.F.);
#8034 = ORIENTED_EDGE('',*,*,#7660,.F.);
#8035 = ORIENTED_EDGE('',*,*,#8036,.T.);
#8036 = EDGE_CURVE('',#7640,#8037,#8039,.T.);
#8037 = VERTEX_POINT('',#8038);
#8038 = CARTESIAN_POINT('',(113.25281177045,-58.87357294492,
    319.01446617507));
#8039 = B_SPLINE_CURVE_WITH_KNOTS('',6,(#8040,#8041,#8042,#8043,#8044,
    #8045,#8046,#8047,#8048,#8049,#8050,#8051,#8052,#8053,#8054,#8055,
    #8056),.UNSPECIFIED.,.F.,.F.,(7,5,5,7),(-9.000422918949,
    -5.474960499457E-02,146.55481105679,155.50048437074),.UNSPECIFIED.);
#8040 = CARTESIAN_POINT('',(114.31401177045,-31.63940204106,
    166.31084060979));
#8041 = CARTESIAN_POINT('',(114.30381177045,-31.90117036298,
    167.7785912513));
#8042 = CARTESIAN_POINT('',(114.29361177045,-32.1629386849,
    169.2463418928));
#8043 = CARTESIAN_POINT('',(114.28341177045,-32.42470700681,
    170.71409253431));
#8044 = CARTESIAN_POINT('',(114.27321177045,-32.68647532873,
    172.18184317581));
#8045 = CARTESIAN_POINT('',(114.26301177045,-32.94824365065,
    173.64959381732));
#8046 = CARTESIAN_POINT('',(114.08564520107,-37.50010141857,
    199.17213264079));
#8047 = CARTESIAN_POINT('',(113.91847863168,-41.79019086457,
    223.22692082275));
#8048 = CARTESIAN_POINT('',(113.75131206229,-46.08028031057,
    247.28170900471));
#8049 = CARTESIAN_POINT('',(113.5841454929,-50.37036975657,
    271.33649718667));
#8050 = CARTESIAN_POINT('',(113.41697892352,-54.66045920257,
    295.39128536863));
#8051 = CARTESIAN_POINT('',(113.23961235413,-59.21231697049,
    320.9138241921));
#8052 = CARTESIAN_POINT('',(113.22941235413,-59.47408529241,
    322.3815748336));
#8053 = CARTESIAN_POINT('',(113.21921235413,-59.73585361432,
    323.84932547511));
#8054 = CARTESIAN_POINT('',(113.20901235413,-59.99762193624,
    325.31707611662));
#8055 = CARTESIAN_POINT('',(113.19881235413,-60.25939025816,
    326.78482675812));
#8056 = CARTESIAN_POINT('',(113.18861235413,-60.52115858008,
    328.25257739963));
#8057 = ORIENTED_EDGE('',*,*,#8058,.F.);
#8058 = EDGE_CURVE('',#8013,#8037,#8059,.T.);
#8059 = B_SPLINE_CURVE_WITH_KNOTS('',7,(#8060,#8061,#8062,#8063,#8064,
    #8065,#8066,#8067,#8068,#8069,#8070,#8071,#8072,#8073,#8074,#8075,
    #8076,#8077,#8078,#8079,#8080,#8081,#8082,#8083,#8084,#8085),
  .UNSPECIFIED.,.F.,.F.,(8,6,6,6,8),(0.,0.249928743902,0.50000257361,
    0.75007469467,1.),.UNSPECIFIED.);
#8060 = CARTESIAN_POINT('',(105.25,-51.06262915276,320.79726312445));
#8061 = CARTESIAN_POINT('',(105.25,-51.45723846186,320.70719612472));
#8062 = CARTESIAN_POINT('',(105.27383819558,-51.86143801324,
    320.61494021476));
#8063 = CARTESIAN_POINT('',(105.32359432234,-52.27317755356,
    320.52096335154));
#8064 = CARTESIAN_POINT('',(105.40114205148,-52.68990165942,
    320.42584879376));
#8065 = CARTESIAN_POINT('',(105.50793494098,-53.10854392979,
    320.33029642744));
#8066 = CARTESIAN_POINT('',(105.64482565966,-53.5256393923,
    320.23509710992));
#8067 = CARTESIAN_POINT('',(105.9791083073,-54.34970997475,
    320.04700837704));
#8068 = CARTESIAN_POINT('',(106.17653673397,-54.75668038402,
    319.95412003686));
#8069 = CARTESIAN_POINT('',(106.40431197659,-55.15482551404,
    319.86324600907));
#8070 = CARTESIAN_POINT('',(106.66181077775,-55.54033815516,
    319.77525526444));
#8071 = CARTESIAN_POINT('',(106.94756177427,-55.90946575594,
    319.69100429834));
#8072 = CARTESIAN_POINT('',(107.25928974598,-56.25883401684,
    319.61126327263));
#8073 = CARTESIAN_POINT('',(107.9289651319,-56.9124538815,
    319.46207880379));
#8074 = CARTESIAN_POINT('',(108.28691352628,-57.21670705834,
    319.39263500162));
#8075 = CARTESIAN_POINT('',(108.66510742327,-57.49560703802,
    319.32897790125));
#8076 = CARTESIAN_POINT('',(109.06008979761,-57.74693286911,
    319.27161442036));
#8077 = CARTESIAN_POINT('',(109.4680159137,-57.96924812519,
    319.2208724139));
#8078 = CARTESIAN_POINT('',(109.88498488427,-58.16194420306,
    319.17689079158));
#8079 = CARTESIAN_POINT('',(110.72929958832,-58.48821303297,
    319.10242206026));
#8080 = CARTESIAN_POINT('',(111.15664044095,-58.62182182415,
    319.07192672555));
#8081 = CARTESIAN_POINT('',(111.58556643202,-58.72605446247,
    319.04813630604));
#8082 = CARTESIAN_POINT('',(112.01252727248,-58.80174305816,
    319.03086087799));
#8083 = CARTESIAN_POINT('',(112.43438105457,-58.85030629117,
    319.01977663695));
#8084 = CARTESIAN_POINT('',(112.84850945184,-58.87357294492,
    319.01446617507));
#8085 = CARTESIAN_POINT('',(113.25281177045,-58.87357294492,
    319.01446617507));
#8086 = ( BOUNDED_SURFACE() B_SPLINE_SURFACE(2,6,(
    (#8087,#8088,#8089,#8090,#8091,#8092,#8093,#8094,#8095,#8096,#8097
      ,#8098,#8099,#8100,#8101,#8102,#8103)
    ,(#8104,#8105,#8106,#8107,#8108,#8109,#8110,#8111,#8112,#8113,#8114
      ,#8115,#8116,#8117,#8118,#8119,#8120)
    ,(#8121,#8122,#8123,#8124,#8125,#8126,#8127,#8128,#8129,#8130,#8131
      ,#8132,#8133,#8134,#8135,#8136,#8137
)),.UNSPECIFIED.,.F.,.F.,.F.) B_SPLINE_SURFACE_WITH_KNOTS((3,3),(7,5,5,7
    ),(0.,146.60956066178),(-9.000422918949,-5.474960499457E-02,
    146.55481105679,155.50048437074),.UNSPECIFIED.) 
GEOMETRIC_REPRESENTATION_ITEM() RATIONAL_B_SPLINE_SURFACE((
    (1.,1.,1.,1.,1.,1.,1.,1.,1.,1.,1.,1.,1.,1.,1.,1.,1.)
    ,(0.706990803572,0.706990803572,0.706990803572,0.706990803572
      ,0.706990803572,0.706990803572,0.706990803572,0.706990803572
      ,0.706990803572,0.706990803572,0.706990803572,0.706990803572
      ,0.706990803572,0.706990803572,0.706990803572,0.706990803572
      ,0.706990803572)
    ,(1.,1.,1.,1.,1.,1.,1.,1.,1.,1.,1.,1.,1.,1.,1.,1.,1.
))) REPRESENTATION_ITEM('') SURFACE() );
#8087 = CARTESIAN_POINT('',(106.31419941632,-23.75148254525,
    167.66203018365));
#8088 = CARTESIAN_POINT('',(106.30399941632,-24.01325086717,
    169.12978082516));
#8089 = CARTESIAN_POINT('',(106.29379941632,-24.27501918909,
    170.59753146666));
#8090 = CARTESIAN_POINT('',(106.28359941632,-24.53678751101,
    172.06528210817));
#8091 = CARTESIAN_POINT('',(106.27339941632,-24.79855583292,
    173.53303274968));
#8092 = CARTESIAN_POINT('',(106.26319941632,-25.06032415484,
    175.00078339118));
#8093 = CARTESIAN_POINT('',(106.08583284693,-29.61218192276,
    200.52332221465));
#8094 = CARTESIAN_POINT('',(105.91866627754,-33.90227136876,
    224.57811039661));
#8095 = CARTESIAN_POINT('',(105.75149970816,-38.19236081476,
    248.63289857857));
#8096 = CARTESIAN_POINT('',(105.58433313877,-42.48245026076,
    272.68768676053));
#8097 = CARTESIAN_POINT('',(105.41716656938,-46.77253970676,
    296.74247494249));
#8098 = CARTESIAN_POINT('',(105.2398,-51.32439747468,322.26501376596));
#8099 = CARTESIAN_POINT('',(105.2296,-51.5861657966,323.73276440747));
#8100 = CARTESIAN_POINT('',(105.2194,-51.84793411852,325.20051504897));
#8101 = CARTESIAN_POINT('',(105.2092,-52.10970244043,326.66826569048));
#8102 = CARTESIAN_POINT('',(105.199,-52.37147076235,328.13601633198));
#8103 = CARTESIAN_POINT('',(105.1888,-52.63323908427,329.60376697349));
#8104 = CARTESIAN_POINT('',(106.31157455825,-31.62978954233,
    166.25694275435));
#8105 = CARTESIAN_POINT('',(106.30137455825,-31.89155786425,
    167.72469339585));
#8106 = CARTESIAN_POINT('',(106.29117455825,-32.15332618617,
    169.19244403736));
#8107 = CARTESIAN_POINT('',(106.28097455825,-32.41509450809,
    170.66019467887));
#8108 = CARTESIAN_POINT('',(106.27077455825,-32.67686283,172.12794532037
    ));
#8109 = CARTESIAN_POINT('',(106.26057455825,-32.93863115192,
    173.59569596188));
#8110 = CARTESIAN_POINT('',(106.08320798887,-37.49048891984,
    199.11823478534));
#8111 = CARTESIAN_POINT('',(105.91604141948,-41.78057836584,
    223.17302296731));
#8112 = CARTESIAN_POINT('',(105.74887485009,-46.07066781184,
    247.22781114927));
#8113 = CARTESIAN_POINT('',(105.58170828071,-50.36075725784,
    271.28259933123));
#8114 = CARTESIAN_POINT('',(105.41454171132,-54.65084670384,
    295.33738751319));
#8115 = CARTESIAN_POINT('',(105.23717514193,-59.20270447176,
    320.85992633666));
#8116 = CARTESIAN_POINT('',(105.22697514193,-59.46447279368,
    322.32767697816));
#8117 = CARTESIAN_POINT('',(105.21677514193,-59.7262411156,
    323.79542761967));
#8118 = CARTESIAN_POINT('',(105.20657514193,-59.98800943751,
    325.26317826117));
#8119 = CARTESIAN_POINT('',(105.19637514193,-60.24977775943,
    326.73092890268));
#8120 = CARTESIAN_POINT('',(105.18617514193,-60.51154608135,
    328.19867954418));
#8121 = CARTESIAN_POINT('',(114.31401177045,-31.63940204106,
    166.31084060979));
#8122 = CARTESIAN_POINT('',(114.30381177045,-31.90117036298,
    167.7785912513));
#8123 = CARTESIAN_POINT('',(114.29361177045,-32.1629386849,
    169.2463418928));
#8124 = CARTESIAN_POINT('',(114.28341177045,-32.42470700681,
    170.71409253431));
#8125 = CARTESIAN_POINT('',(114.27321177045,-32.68647532873,
    172.18184317581));
#8126 = CARTESIAN_POINT('',(114.26301177045,-32.94824365065,
    173.64959381732));
#8127 = CARTESIAN_POINT('',(114.08564520107,-37.50010141857,
    199.17213264079));
#8128 = CARTESIAN_POINT('',(113.91847863168,-41.79019086457,
    223.22692082275));
#8129 = CARTESIAN_POINT('',(113.75131206229,-46.08028031057,
    247.28170900471));
#8130 = CARTESIAN_POINT('',(113.5841454929,-50.37036975657,
    271.33649718667));
#8131 = CARTESIAN_POINT('',(113.41697892352,-54.66045920257,
    295.39128536863));
#8132 = CARTESIAN_POINT('',(113.23961235413,-59.21231697049,
    320.9138241921));
#8133 = CARTESIAN_POINT('',(113.22941235413,-59.47408529241,
    322.3815748336));
#8134 = CARTESIAN_POINT('',(113.21921235413,-59.73585361432,
    323.84932547511));
#8135 = CARTESIAN_POINT('',(113.20901235413,-59.99762193624,
    325.31707611662));
#8136 = CARTESIAN_POINT('',(113.19881235413,-60.25939025816,
    326.78482675812));
#8137 = CARTESIAN_POINT('',(113.18861235413,-60.52115858008,
    328.25257739963));
#8138 = ADVANCED_FACE('',(#8139),#8279,.T.);
#8139 = FACE_BOUND('',#8140,.F.);
#8140 = EDGE_LOOP('',(#8141,#8149,#8150,#8160,#8277,#8278));
#8141 = ORIENTED_EDGE('',*,*,#8142,.F.);
#8142 = EDGE_CURVE('',#4042,#7788,#8143,.T.);
#8143 = B_SPLINE_CURVE_WITH_KNOTS('',4,(#8144,#8145,#8146,#8147,#8148),
  .UNSPECIFIED.,.F.,.F.,(5,5),(0.,1.),.PIECEWISE_BEZIER_KNOTS.);
#8144 = CARTESIAN_POINT('',(114.25,32.750992699681,185.79104800174));
#8145 = CARTESIAN_POINT('',(114.2339793337,32.750992699681,
    185.79104800174));
#8146 = CARTESIAN_POINT('',(114.21795881881,32.750963246324,
    185.79101449502));
#8147 = CARTESIAN_POINT('',(114.20193854914,32.750904340863,
    185.790947483));
#8148 = CARTESIAN_POINT('',(114.18591861842,32.750815983759,
    185.7908469662));
#8149 = ORIENTED_EDGE('',*,*,#4051,.T.);
#8150 = ORIENTED_EDGE('',*,*,#8151,.F.);
#8151 = EDGE_CURVE('',#8152,#4052,#8154,.T.);
#8152 = VERTEX_POINT('',#8153);
#8153 = CARTESIAN_POINT('',(114.18591921838,1.20753177588,192.990395752)
  );
#8154 = B_SPLINE_CURVE_WITH_KNOTS('',4,(#8155,#8156,#8157,#8158,#8159),
  .UNSPECIFIED.,.F.,.F.,(5,5),(0.,1.),.PIECEWISE_BEZIER_KNOTS.);
#8155 = CARTESIAN_POINT('',(114.18591861842,1.207531777228,
    192.99039574718));
#8156 = CARTESIAN_POINT('',(114.20193854909,1.207495782832,
    192.99052464639));
#8157 = CARTESIAN_POINT('',(114.21795881886,1.207471786272,
    192.99061058026));
#8158 = CARTESIAN_POINT('',(114.23397933358,1.207459787736,
    192.9906535481));
#8159 = CARTESIAN_POINT('',(114.25,1.207459787736,192.9906535481));
#8160 = ORIENTED_EDGE('',*,*,#8161,.T.);
#8161 = EDGE_CURVE('',#8152,#2570,#8162,.T.);
#8162 = B_SPLINE_CURVE_WITH_KNOTS('',8,(#8163,#8164,#8165,#8166,#8167,
    #8168,#8169,#8170,#8171,#8172,#8173,#8174,#8175,#8176,#8177,#8178,
    #8179,#8180,#8181,#8182,#8183,#8184,#8185,#8186,#8187,#8188,#8189,
    #8190,#8191,#8192,#8193,#8194,#8195,#8196,#8197,#8198,#8199,#8200,
    #8201,#8202,#8203,#8204,#8205,#8206,#8207,#8208,#8209,#8210,#8211,
    #8212,#8213,#8214,#8215,#8216,#8217,#8218,#8219,#8220,#8221,#8222,
    #8223,#8224,#8225,#8226,#8227,#8228,#8229,#8230,#8231,#8232,#8233,
    #8234,#8235,#8236,#8237,#8238,#8239,#8240,#8241,#8242,#8243,#8244,
    #8245,#8246,#8247,#8248,#8249,#8250,#8251,#8252,#8253,#8254,#8255,
    #8256,#8257,#8258,#8259,#8260,#8261,#8262,#8263,#8264,#8265,#8266,
    #8267,#8268,#8269,#8270,#8271,#8272,#8273,#8274,#8275,#8276),
  .UNSPECIFIED.,.F.,.F.,(9,7,7,7,7,7,7,7,7,7,7,7,7,7,7,7,9),(0.,
    0.106991883795,0.214175378111,0.319846282916,0.422847325798,
    0.524497444279,0.626023471326,0.728515848073,0.832679324341,
    0.890287816521,0.94688787519,0.970772527995,0.984448479132,
    0.992164730063,0.996269955091,0.998520299417,1.),.UNSPECIFIED.);
#8163 = CARTESIAN_POINT('',(114.18591921838,1.20753177588,192.990395752)
  );
#8164 = CARTESIAN_POINT('',(114.04168504442,1.207855845539,
    192.98923522904));
#8165 = CARTESIAN_POINT('',(113.89624218491,1.2059170736,192.98512748118
    ));
#8166 = CARTESIAN_POINT('',(113.74968044809,1.201648147356,
    192.97798542208));
#8167 = CARTESIAN_POINT('',(113.60209705115,1.194984181134,
    192.96772464645));
#8168 = CARTESIAN_POINT('',(113.4535964203,1.185863354313,
    192.95426418469));
#8169 = CARTESIAN_POINT('',(113.30428999071,1.174227549344,
    192.93752725758));
#8170 = CARTESIAN_POINT('',(113.1542960066,1.160022989762,
    192.91744203094));
#8171 = CARTESIAN_POINT('',(112.85291300556,1.126348640133,
    192.87040062434));
#8172 = CARTESIAN_POINT('',(112.7015219513,1.106869476554,
    192.84343221449));
#8173 = CARTESIAN_POINT('',(112.54969149314,1.084714298193,
    192.81297062796));
#8174 = CARTESIAN_POINT('',(112.39755360384,1.059839090149,
    192.77895515813));
#8175 = CARTESIAN_POINT('',(112.24524626169,1.032205492572,
    192.74133161627));
#8176 = CARTESIAN_POINT('',(112.092912818,1.00178138134,192.70005304318)
  );
#8177 = CARTESIAN_POINT('',(111.94070136457,0.968541448738,
    192.6550804209));
#8178 = CARTESIAN_POINT('',(111.63897099927,0.896903196472,
    192.55837356778));
#8179 = CARTESIAN_POINT('',(111.48944435389,0.858584294732,
    192.50674371577));
#8180 = CARTESIAN_POINT('',(111.34032985426,0.817493799018,
    192.45146460596));
#8181 = CARTESIAN_POINT('',(111.19177697159,0.773621461968,
    192.39251524342));
#8182 = CARTESIAN_POINT('',(111.04393802047,0.726964359957,
    192.32988325538));
#8183 = CARTESIAN_POINT('',(110.89696722016,0.677527184311,
    192.26356528592));
#8184 = CARTESIAN_POINT('',(110.75101975587,0.625322532512,
    192.19356739059));
#8185 = CARTESIAN_POINT('',(110.46513962943,0.51680825673,
    192.04810460138));
#8186 = CARTESIAN_POINT('',(110.32514810588,0.460635659954,
    191.9728225039));
#8187 = CARTESIAN_POINT('',(110.18641995373,0.401872505138,
    191.89407363628));
#8188 = CARTESIAN_POINT('',(110.04909874593,0.340545282476,
    191.81188135204));
#8189 = CARTESIAN_POINT('',(109.9133269976,0.276687795055,
    191.72627780902));
#8190 = CARTESIAN_POINT('',(109.77924521946,0.210341077597,
    191.63730391775));
#8191 = CARTESIAN_POINT('',(109.64699097138,0.14155331521,
    191.54500928988));
#8192 = CARTESIAN_POINT('',(109.38811373687,1.3969561309E-04,
    191.35514837558));
#8193 = CARTESIAN_POINT('',(109.26143959357,-7.242401397127E-02,
    191.2576670826));
#8194 = CARTESIAN_POINT('',(109.13680401209,-0.147258408824,
    191.15706409039));
#8195 = CARTESIAN_POINT('',(109.01433170081,-0.224303876411,
    191.05340335752));
#8196 = CARTESIAN_POINT('',(108.89414279004,-0.303494535639,
    190.94675653133));
#8197 = CARTESIAN_POINT('',(108.77635207164,-0.384758623038,
    190.83720246094));
#8198 = CARTESIAN_POINT('',(108.6610682387,-0.468018878936,
    190.72482671028));
#8199 = CARTESIAN_POINT('',(108.43585556208,-0.638263010397,
    190.49475594944));
#8200 = CARTESIAN_POINT('',(108.32592032391,-0.725242245431,
    190.3770675889));
#8201 = CARTESIAN_POINT('',(108.21868901724,-0.814048650305,
    190.25674719848));
#8202 = CARTESIAN_POINT('',(108.11425634881,-0.904595243014,
    190.13389219247));
#8203 = CARTESIAN_POINT('',(108.01270969412,-0.996790592511,
    190.00860522707));
#8204 = CARTESIAN_POINT('',(107.91412866585,-1.090539363239,
    189.88099323698));
#8205 = CARTESIAN_POINT('',(107.81858468246,-1.185742859656,
    189.75116647206));
#8206 = CARTESIAN_POINT('',(107.63281648469,-1.379775332398,
    189.48605286364));
#8207 = CARTESIAN_POINT('',(107.54265155461,-1.478630241656,
    189.35072591069));
#8208 = CARTESIAN_POINT('',(107.45571054535,-1.578759732234,
    189.21337190178));
#8209 = CARTESIAN_POINT('',(107.37204928051,-1.680056536114,
    189.07410897236));
#8210 = CARTESIAN_POINT('',(107.29171458953,-1.782411010907,
    188.93305604142));
#8211 = CARTESIAN_POINT('',(107.21474428905,-1.885711467194,
    188.79033068622));
#8212 = CARTESIAN_POINT('',(107.14116716411,-1.989844495867,
    188.64604701708));
#8213 = CARTESIAN_POINT('',(106.99969473386,-2.201255647791,
    188.35220395812));
#8214 = CARTESIAN_POINT('',(106.93191167711,-2.308557195949,
    188.20259642674));
#8215 = CARTESIAN_POINT('',(106.86767458328,-2.416479641071,
    188.05160553804));
#8216 = CARTESIAN_POINT('',(106.80699483178,-2.524899762748,
    187.89933518453));
#8217 = CARTESIAN_POINT('',(106.74987456149,-2.633692905369,
    187.74588028041));
#8218 = CARTESIAN_POINT('',(106.69630703573,-2.742731736991,
    187.59131937734));
#8219 = CARTESIAN_POINT('',(106.64627718822,-2.851882280742,
    187.43569818679));
#8220 = CARTESIAN_POINT('',(106.57403692484,-3.02134415876,
    187.19234296776));
#8221 = CARTESIAN_POINT('',(106.54938665503,-3.081680123127,
    187.10535349283));
#8222 = CARTESIAN_POINT('',(106.52580769997,-3.14198024146,
    187.01803357513));
#8223 = CARTESIAN_POINT('',(106.50329552609,-3.202217829264,
    186.93037384595));
#8224 = CARTESIAN_POINT('',(106.48184493092,-3.262364478407,
    186.84235776004));
#8225 = CARTESIAN_POINT('',(106.46145009881,-3.322388993146,
    186.75395782121));
#8226 = CARTESIAN_POINT('',(106.44210468829,-3.382255171725,
    186.66512785022));
#8227 = CARTESIAN_POINT('',(106.40581960196,-3.500537293184,
    186.48801857163));
#8228 = CARTESIAN_POINT('',(106.38884382876,-3.558959895237,
    186.39975688295));
#8229 = CARTESIAN_POINT('',(106.37286812477,-3.617144513357,
    186.31093420133));
#8230 = CARTESIAN_POINT('',(106.35788576237,-3.675038529961,
    186.22144052244));
#8231 = CARTESIAN_POINT('',(106.3438896873,-3.732582341928,
    186.13114111016));
#8232 = CARTESIAN_POINT('',(106.33087322151,-3.789683066881,
    186.03978637682));
#8233 = CARTESIAN_POINT('',(106.31882964994,-3.846229908901,
    185.94706438014));
#8234 = CARTESIAN_POINT('',(106.30308211847,-3.925499398181,
    185.81215919017));
#8235 = CARTESIAN_POINT('',(106.29858152189,-3.948880550516,
    185.77174250658));
#8236 = CARTESIAN_POINT('',(106.29425327473,-3.972100025623,
    185.73088351687));
#8237 = CARTESIAN_POINT('',(106.29009719208,-3.995135367018,
    185.68951025611));
#8238 = CARTESIAN_POINT('',(106.28611331036,-4.017956007564,
    185.64752372438));
#8239 = CARTESIAN_POINT('',(106.2823018875,-4.040522919339,
    185.60479667663));
#8240 = CARTESIAN_POINT('',(106.27866357217,-4.062781984093,
    185.56115101918));
#8241 = CARTESIAN_POINT('',(106.27321685402,-4.097156625132,
    185.49058518055));
#8242 = CARTESIAN_POINT('',(106.27129102725,-4.109541038861,
    185.46449036652));
#8243 = CARTESIAN_POINT('',(106.26942282603,-4.12177640331,
    185.43793436805));
#8244 = CARTESIAN_POINT('',(106.26761265568,-4.133841742283,
    185.41084698794));
#8245 = CARTESIAN_POINT('',(106.26586116773,-4.145707912714,
    185.38313160028));
#8246 = CARTESIAN_POINT('',(106.2641692491,-4.157337664837,
    185.3546653274));
#8247 = CARTESIAN_POINT('',(106.26253819206,-4.1686791476,
    185.32527711403));
#8248 = CARTESIAN_POINT('',(106.26008575739,-4.18582671638,
    185.2773938662));
#8249 = CARTESIAN_POINT('',(106.25922134316,-4.191890832371,
    185.25973410808));
#8250 = CARTESIAN_POINT('',(106.25837750337,-4.197817418369,
    185.24162963338));
#8251 = CARTESIAN_POINT('',(106.25755474782,-4.203586933941,
    185.22301530589));
#8252 = CARTESIAN_POINT('',(106.25675386161,-4.209171253427,
    185.20379939213));
#8253 = CARTESIAN_POINT('',(106.25597587249,-4.21453450915,
    185.18386630757));
#8254 = CARTESIAN_POINT('',(106.25522223043,-4.219626480914,
    185.16305467028));
#8255 = CARTESIAN_POINT('',(106.25410900998,-4.226870282621,
    185.12936618132));
#8256 = CARTESIAN_POINT('',(106.25373014023,-4.229282442344,
    185.11733617769));
#8257 = CARTESIAN_POINT('',(106.25335934272,-4.231577214372,
    185.10492693949));
#8258 = CARTESIAN_POINT('',(106.25299708983,-4.23373801667,
    185.09208435117));
#8259 = CARTESIAN_POINT('',(106.25264412498,-4.235740435291,
    185.07873164903));
#8260 = CARTESIAN_POINT('',(106.25230141959,-4.237553440771,
    185.06477326139));
#8261 = CARTESIAN_POINT('',(106.25197033847,-4.239133610088,
    185.05007614712));
#8262 = CARTESIAN_POINT('',(106.25147969634,-4.241092472554,
    185.025784546));
#8263 = CARTESIAN_POINT('',(106.25131033788,-4.241691063209,
    185.01689076839));
#8264 = CARTESIAN_POINT('',(106.25114568729,-4.242180986542,
    185.0076563101));
#8265 = CARTESIAN_POINT('',(106.25098621594,-4.242546440303,
    184.99803081309));
#8266 = CARTESIAN_POINT('',(106.25083275249,-4.242762425515,
    184.98794044014));
#8267 = CARTESIAN_POINT('',(106.25068638336,-4.242797595554,
    184.97729637043));
#8268 = CARTESIAN_POINT('',(106.25054863863,-4.242608167311,
    184.96597596881));
#8269 = CARTESIAN_POINT('',(106.2503396865,-4.241772550719,
    184.94566074411));
#8270 = CARTESIAN_POINT('',(106.25026258383,-4.241307548821,
    184.93726659157));
#8271 = CARTESIAN_POINT('',(106.25019121926,-4.240686524506,
    184.92841243281));
#8272 = CARTESIAN_POINT('',(106.25012688039,-4.239865586468,
    184.91895566238));
#8273 = CARTESIAN_POINT('',(106.25007086558,-4.238809599531,
    184.90880251568));
#8274 = CARTESIAN_POINT('',(106.25002745784,-4.237418168545,
    184.8977300482));
#8275 = CARTESIAN_POINT('',(106.25,-4.235624020882,184.88562970073));
#8276 = CARTESIAN_POINT('',(106.25,-4.233153353569,184.87188571009));
#8277 = ORIENTED_EDGE('',*,*,#2569,.F.);
#8278 = ORIENTED_EDGE('',*,*,#7787,.F.);
#8279 = TOROIDAL_SURFACE('',#8280,70.,8.);
#8280 = AXIS2_PLACEMENT_3D('',#8281,#8282,#8283);
#8281 = CARTESIAN_POINT('',(114.25,0.,115.));
#8282 = DIRECTION('',(-1.,-0.,2.22044604925E-16));
#8283 = DIRECTION('',(-2.22044604925E-16,0.,-1.));
#8284 = ADVANCED_FACE('',(#8285),#8317,.T.);
#8285 = FACE_BOUND('',#8286,.T.);
#8286 = EDGE_LOOP('',(#8287,#8288,#8289,#8297));
#8287 = ORIENTED_EDGE('',*,*,#2595,.T.);
#8288 = ORIENTED_EDGE('',*,*,#8012,.T.);
#8289 = ORIENTED_EDGE('',*,*,#8290,.F.);
#8290 = EDGE_CURVE('',#8291,#8013,#8293,.T.);
#8291 = VERTEX_POINT('',#8292);
#8292 = CARTESIAN_POINT('',(105.25,-43.28624684471,322.57217164063));
#8293 = LINE('',#8294,#8295);
#8294 = CARTESIAN_POINT('',(105.25,-35.47530305255,324.35496859002));
#8295 = VECTOR('',#8296,1.);
#8296 = DIRECTION('',(-4.940957286788E-17,-0.974927912182,
    -0.222520933956));
#8297 = ORIENTED_EDGE('',*,*,#8298,.F.);
#8298 = EDGE_CURVE('',#2579,#8291,#8299,.T.);
#8299 = B_SPLINE_CURVE_WITH_KNOTS('',6,(#8300,#8301,#8302,#8303,#8304,
    #8305,#8306,#8307,#8308,#8309,#8310,#8311,#8312,#8313,#8314,#8315,
    #8316),.UNSPECIFIED.,.F.,.F.,(7,5,5,7),(-9.000422918949,
    -5.474960499463E-02,146.55481105679,155.50048437074),.UNSPECIFIED.);
#8300 = CARTESIAN_POINT('',(106.31419941632,-1.449852225804,
    172.75223177233));
#8301 = CARTESIAN_POINT('',(106.30399941632,-1.850840253581,
    174.18820642447));
#8302 = CARTESIAN_POINT('',(106.29379941632,-2.251828281359,
    175.6241810766));
#8303 = CARTESIAN_POINT('',(106.28359941632,-2.652816309136,
    177.06015572874));
#8304 = CARTESIAN_POINT('',(106.27339941632,-3.053804336914,
    178.49613038088));
#8305 = CARTESIAN_POINT('',(106.26319941632,-3.454792364691,
    179.93210503301));
#8306 = CARTESIAN_POINT('',(106.08583284693,-10.42752480117,
    204.90209501106));
#8307 = CARTESIAN_POINT('',(105.91866627754,-16.99926920988,
    228.43611033698));
#8308 = CARTESIAN_POINT('',(105.75149970816,-23.57101361859,
    251.97012566289));
#8309 = CARTESIAN_POINT('',(105.58433313877,-30.14275802729,
    275.5041409888));
#8310 = CARTESIAN_POINT('',(105.41716656938,-36.714502436,
    299.03815631472));
#8311 = CARTESIAN_POINT('',(105.2398,-43.68723487248,324.00814629277));
#8312 = CARTESIAN_POINT('',(105.2296,-44.08822290026,325.4441209449));
#8313 = CARTESIAN_POINT('',(105.2194,-44.48921092804,326.88009559704));
#8314 = CARTESIAN_POINT('',(105.2092,-44.89019895582,328.31607024918));
#8315 = CARTESIAN_POINT('',(105.199,-45.29118698359,329.75204490131));
#8316 = CARTESIAN_POINT('',(105.1888,-45.69217501137,331.18801955345));
#8317 = B_SPLINE_SURFACE_WITH_KNOTS('',1,1,(
    (#8318,#8319)
    ,(#8320,#8321
    )),.UNSPECIFIED.,.F.,.F.,.F.,(2,2),(2,2),(0.,38.),(0.,1.),
  .PIECEWISE_BEZIER_KNOTS.);
#8318 = CARTESIAN_POINT('',(106.25,3.837248690338,183.57313994917));
#8319 = CARTESIAN_POINT('',(105.25,-35.47530305255,324.35496859002));
#8320 = CARTESIAN_POINT('',(106.25,-33.21001197257,175.11734445883));
#8321 = CARTESIAN_POINT('',(105.25,-58.87357294492,319.01446617507));
#8322 = ADVANCED_FACE('',(#8323),#8379,.F.);
#8323 = FACE_BOUND('',#8324,.F.);
#8324 = EDGE_LOOP('',(#8325,#8326,#8327,#8328,#8350));
#8325 = ORIENTED_EDGE('',*,*,#8298,.F.);
#8326 = ORIENTED_EDGE('',*,*,#2578,.F.);
#8327 = ORIENTED_EDGE('',*,*,#8161,.F.);
#8328 = ORIENTED_EDGE('',*,*,#8329,.T.);
#8329 = EDGE_CURVE('',#8152,#8330,#8332,.T.);
#8330 = VERTEX_POINT('',#8331);
#8331 = CARTESIAN_POINT('',(113.25281177045,-35.47530305255,
    324.35496859002));
#8332 = B_SPLINE_CURVE_WITH_KNOTS('',6,(#8333,#8334,#8335,#8336,#8337,
    #8338,#8339,#8340,#8341,#8342,#8343,#8344,#8345,#8346,#8347,#8348,
    #8349),.UNSPECIFIED.,.F.,.F.,(7,5,5,7),(-9.000422918949,
    -5.474960499463E-02,146.55481105679,155.50048437074),.UNSPECIFIED.);
#8333 = CARTESIAN_POINT('',(114.31401177045,6.243176857003,
    174.95729203635));
#8334 = CARTESIAN_POINT('',(114.30381177045,5.842188829226,
    176.39326668848));
#8335 = CARTESIAN_POINT('',(114.29361177045,5.441200801448,
    177.82924134062));
#8336 = CARTESIAN_POINT('',(114.28341177045,5.04021277367,
    179.26521599276));
#8337 = CARTESIAN_POINT('',(114.27321177045,4.639224745893,
    180.70119064489));
#8338 = CARTESIAN_POINT('',(114.26301177045,4.238236718115,
    182.13716529703));
#8339 = CARTESIAN_POINT('',(114.08564520106,-2.734495718369,
    207.10715527508));
#8340 = CARTESIAN_POINT('',(113.91847863168,-9.306240127076,
    230.64117060099));
#8341 = CARTESIAN_POINT('',(113.75131206229,-15.87798453578,
    254.17518592691));
#8342 = CARTESIAN_POINT('',(113.5841454929,-22.44972894449,
    277.70920125282));
#8343 = CARTESIAN_POINT('',(113.41697892352,-29.02147335319,
    301.24321657873));
#8344 = CARTESIAN_POINT('',(113.23961235413,-35.99420578968,
    326.21320655678));
#8345 = CARTESIAN_POINT('',(113.22941235413,-36.39519381745,
    327.64918120892));
#8346 = CARTESIAN_POINT('',(113.21921235413,-36.79618184523,
    329.08515586106));
#8347 = CARTESIAN_POINT('',(113.20901235413,-37.19716987301,
    330.52113051319));
#8348 = CARTESIAN_POINT('',(113.19881235413,-37.59815790079,
    331.95710516533));
#8349 = CARTESIAN_POINT('',(113.18861235413,-37.99914592856,
    333.39307981747));
#8350 = ORIENTED_EDGE('',*,*,#8351,.F.);
#8351 = EDGE_CURVE('',#8291,#8330,#8352,.T.);
#8352 = B_SPLINE_CURVE_WITH_KNOTS('',7,(#8353,#8354,#8355,#8356,#8357,
    #8358,#8359,#8360,#8361,#8362,#8363,#8364,#8365,#8366,#8367,#8368,
    #8369,#8370,#8371,#8372,#8373,#8374,#8375,#8376,#8377,#8378),
  .UNSPECIFIED.,.F.,.F.,(8,6,6,6,8),(0.,0.249928743901,0.500002573608,
    0.75007469467,1.),.UNSPECIFIED.);
#8353 = CARTESIAN_POINT('',(105.25,-43.28624684471,322.57217164063));
#8354 = CARTESIAN_POINT('',(105.25,-42.89163753561,322.66223864036));
#8355 = CARTESIAN_POINT('',(105.27383819558,-42.48743798423,
    322.75449455032));
#8356 = CARTESIAN_POINT('',(105.32359432234,-42.0756984439,
    322.84847141355));
#8357 = CARTESIAN_POINT('',(105.40114205148,-41.65897433805,
    322.94358597133));
#8358 = CARTESIAN_POINT('',(105.50793494098,-41.24033206768,
    323.03913833765));
#8359 = CARTESIAN_POINT('',(105.64482565966,-40.82323660517,
    323.13433765516));
#8360 = CARTESIAN_POINT('',(105.9791083073,-39.99916602272,
    323.32242638804));
#8361 = CARTESIAN_POINT('',(106.17653673397,-39.59219561345,
    323.41531472823));
#8362 = CARTESIAN_POINT('',(106.40431197659,-39.19405048343,
    323.50618875601));
#8363 = CARTESIAN_POINT('',(106.66181077775,-38.80853784231,
    323.59417950065));
#8364 = CARTESIAN_POINT('',(106.94756177427,-38.43941024153,
    323.67843046674));
#8365 = CARTESIAN_POINT('',(107.25928974598,-38.09004198063,
    323.75817149245));
#8366 = CARTESIAN_POINT('',(107.9289651319,-37.43642211597,
    323.90735596129));
#8367 = CARTESIAN_POINT('',(108.28691352626,-37.13216893914,
    323.97679976347));
#8368 = CARTESIAN_POINT('',(108.66510742329,-36.85326895944,
    324.04045686384));
#8369 = CARTESIAN_POINT('',(109.06008979759,-36.60194312837,
    324.09782034473));
#8370 = CARTESIAN_POINT('',(109.46801591372,-36.37962787227,
    324.14856235119));
#8371 = CARTESIAN_POINT('',(109.88498488426,-36.18693179441,
    324.1925439735));
#8372 = CARTESIAN_POINT('',(110.72929958832,-35.8606629645,
    324.26701270482));
#8373 = CARTESIAN_POINT('',(111.15664044095,-35.72705417332,
    324.29750803953));
#8374 = CARTESIAN_POINT('',(111.58556643202,-35.622821535,
    324.32129845905));
#8375 = CARTESIAN_POINT('',(112.01252727248,-35.54713293931,
    324.3385738871));
#8376 = CARTESIAN_POINT('',(112.43438105457,-35.4985697063,
    324.34965812813));
#8377 = CARTESIAN_POINT('',(112.84850945184,-35.47530305255,
    324.35496859002));
#8378 = CARTESIAN_POINT('',(113.25281177045,-35.47530305255,
    324.35496859002));
#8379 = ( BOUNDED_SURFACE() B_SPLINE_SURFACE(2,6,(
    (#8380,#8381,#8382,#8383,#8384,#8385,#8386,#8387,#8388,#8389,#8390
      ,#8391,#8392,#8393,#8394,#8395,#8396)
    ,(#8397,#8398,#8399,#8400,#8401,#8402,#8403,#8404,#8405,#8406,#8407
      ,#8408,#8409,#8410,#8411,#8412,#8413)
    ,(#8414,#8415,#8416,#8417,#8418,#8419,#8420,#8421,#8422,#8423,#8424
      ,#8425,#8426,#8427,#8428,#8429,#8430
)),.UNSPECIFIED.,.F.,.F.,.F.) B_SPLINE_SURFACE_WITH_KNOTS((3,3),(7,5,5,7
    ),(0.,146.60956066178),(-9.000422918949,-5.474960499463E-02,
    146.55481105679,155.50048437074),.UNSPECIFIED.) 
GEOMETRIC_REPRESENTATION_ITEM() RATIONAL_B_SPLINE_SURFACE((
    (1.,1.,1.,1.,1.,1.,1.,1.,1.,1.,1.,1.,1.,1.,1.,1.,1.)
    ,(0.706990803572,0.706990803572,0.706990803572,0.706990803572
      ,0.706990803572,0.706990803572,0.706990803572,0.706990803572
      ,0.706990803572,0.706990803572,0.706990803572,0.706990803572
      ,0.706990803572,0.706990803572,0.706990803572,0.706990803572
      ,0.706990803572)
    ,(1.,1.,1.,1.,1.,1.,1.,1.,1.,1.,1.,1.,1.,1.,1.,1.,1.
))) REPRESENTATION_ITEM('') SURFACE() );
#8380 = CARTESIAN_POINT('',(106.31419941632,-1.449852225804,
    172.75223177233));
#8381 = CARTESIAN_POINT('',(106.30399941632,-1.850840253581,
    174.18820642447));
#8382 = CARTESIAN_POINT('',(106.29379941632,-2.251828281359,
    175.6241810766));
#8383 = CARTESIAN_POINT('',(106.28359941632,-2.652816309136,
    177.06015572874));
#8384 = CARTESIAN_POINT('',(106.27339941632,-3.053804336914,
    178.49613038088));
#8385 = CARTESIAN_POINT('',(106.26319941632,-3.454792364691,
    179.93210503301));
#8386 = CARTESIAN_POINT('',(106.08583284693,-10.42752480117,
    204.90209501106));
#8387 = CARTESIAN_POINT('',(105.91866627754,-16.99926920988,
    228.43611033698));
#8388 = CARTESIAN_POINT('',(105.75149970816,-23.57101361859,
    251.97012566289));
#8389 = CARTESIAN_POINT('',(105.58433313877,-30.14275802729,
    275.5041409888));
#8390 = CARTESIAN_POINT('',(105.41716656938,-36.714502436,
    299.03815631472));
#8391 = CARTESIAN_POINT('',(105.2398,-43.68723487248,324.00814629277));
#8392 = CARTESIAN_POINT('',(105.2296,-44.08822290026,325.4441209449));
#8393 = CARTESIAN_POINT('',(105.2194,-44.48921092804,326.88009559704));
#8394 = CARTESIAN_POINT('',(105.2092,-44.89019895582,328.31607024918));
#8395 = CARTESIAN_POINT('',(105.199,-45.29118698359,329.75204490131));
#8396 = CARTESIAN_POINT('',(105.1888,-45.69217501137,331.18801955345));
#8397 = CARTESIAN_POINT('',(106.31157455825,6.257901697957,
    174.90456103965));
#8398 = CARTESIAN_POINT('',(106.30137455825,5.856913670179,
    176.34053569179));
#8399 = CARTESIAN_POINT('',(106.29117455825,5.455925642402,
    177.77651034393));
#8400 = CARTESIAN_POINT('',(106.28097455825,5.054937614624,
    179.21248499606));
#8401 = CARTESIAN_POINT('',(106.27077455825,4.653949586847,
    180.6484596482));
#8402 = CARTESIAN_POINT('',(106.26057455825,4.252961559069,
    182.08443430034));
#8403 = CARTESIAN_POINT('',(106.08320798887,-2.719770877415,
    207.05442427839));
#8404 = CARTESIAN_POINT('',(105.91604141948,-9.291515286122,
    230.5884396043));
#8405 = CARTESIAN_POINT('',(105.74887485009,-15.86325969482,
    254.12245493022));
#8406 = CARTESIAN_POINT('',(105.58170828071,-22.43500410353,
    277.65647025613));
#8407 = CARTESIAN_POINT('',(105.41454171132,-29.00674851224,
    301.19048558204));
#8408 = CARTESIAN_POINT('',(105.23717514193,-35.97948094872,
    326.16047556009));
#8409 = CARTESIAN_POINT('',(105.22697514193,-36.3804689765,
    327.59645021223));
#8410 = CARTESIAN_POINT('',(105.21677514193,-36.78145700428,
    329.03242486437));
#8411 = CARTESIAN_POINT('',(105.20657514193,-37.18244503206,
    330.4683995165));
#8412 = CARTESIAN_POINT('',(105.19637514193,-37.58343305983,
    331.90437416864));
#8413 = CARTESIAN_POINT('',(105.18617514193,-37.98442108761,
    333.34034882078));
#8414 = CARTESIAN_POINT('',(114.31401177045,6.243176857003,
    174.95729203635));
#8415 = CARTESIAN_POINT('',(114.30381177045,5.842188829226,
    176.39326668848));
#8416 = CARTESIAN_POINT('',(114.29361177045,5.441200801448,
    177.82924134062));
#8417 = CARTESIAN_POINT('',(114.28341177045,5.04021277367,
    179.26521599276));
#8418 = CARTESIAN_POINT('',(114.27321177045,4.639224745893,
    180.70119064489));
#8419 = CARTESIAN_POINT('',(114.26301177045,4.238236718115,
    182.13716529703));
#8420 = CARTESIAN_POINT('',(114.08564520106,-2.734495718369,
    207.10715527508));
#8421 = CARTESIAN_POINT('',(113.91847863168,-9.306240127076,
    230.64117060099));
#8422 = CARTESIAN_POINT('',(113.75131206229,-15.87798453578,
    254.17518592691));
#8423 = CARTESIAN_POINT('',(113.5841454929,-22.44972894449,
    277.70920125282));
#8424 = CARTESIAN_POINT('',(113.41697892352,-29.02147335319,
    301.24321657873));
#8425 = CARTESIAN_POINT('',(113.23961235413,-35.99420578968,
    326.21320655678));
#8426 = CARTESIAN_POINT('',(113.22941235413,-36.39519381745,
    327.64918120892));
#8427 = CARTESIAN_POINT('',(113.21921235413,-36.79618184523,
    329.08515586106));
#8428 = CARTESIAN_POINT('',(113.20901235413,-37.19716987301,
    330.52113051319));
#8429 = CARTESIAN_POINT('',(113.19881235413,-37.59815790079,
    331.95710516533));
#8430 = CARTESIAN_POINT('',(113.18861235413,-37.99914592856,
    333.39307981747));
#8431 = ADVANCED_FACE('',(#8432),#8451,.F.);
#8432 = FACE_BOUND('',#8433,.F.);
#8433 = EDGE_LOOP('',(#8434,#8442,#8449,#8450));
#8434 = ORIENTED_EDGE('',*,*,#8435,.T.);
#8435 = EDGE_CURVE('',#2822,#8436,#8438,.T.);
#8436 = VERTEX_POINT('',#8437);
#8437 = CARTESIAN_POINT('',(114.25,-45.30495168499,140.41597412837));
#8438 = LINE('',#8439,#8440);
#8439 = CARTESIAN_POINT('',(96.25,-45.30495168499,140.41597412837));
#8440 = VECTOR('',#8441,1.);
#8441 = DIRECTION('',(1.,0.,-2.22044604925E-16));
#8442 = ORIENTED_EDGE('',*,*,#8443,.F.);
#8443 = EDGE_CURVE('',#8436,#8436,#8444,.T.);
#8444 = CIRCLE('',#8445,7.5);
#8445 = AXIS2_PLACEMENT_3D('',#8446,#8447,#8448);
#8446 = CARTESIAN_POINT('',(114.25,-45.30495168499,147.91597412837));
#8447 = DIRECTION('',(1.,0.,-2.22044604925E-16));
#8448 = DIRECTION('',(-2.22044604925E-16,0.,-1.));
#8449 = ORIENTED_EDGE('',*,*,#8435,.F.);
#8450 = ORIENTED_EDGE('',*,*,#2821,.T.);
#8451 = CYLINDRICAL_SURFACE('',#8452,7.5);
#8452 = AXIS2_PLACEMENT_3D('',#8453,#8454,#8455);
#8453 = CARTESIAN_POINT('',(96.25,-45.30495168499,147.91597412837));
#8454 = DIRECTION('',(1.,0.,-2.22044604925E-16));
#8455 = DIRECTION('',(-2.22044604925E-16,0.,-1.));
#8456 = ADVANCED_FACE('',(#8457),#8468,.F.);
#8457 = FACE_BOUND('',#8458,.F.);
#8458 = EDGE_LOOP('',(#8459,#8460,#8466,#8467));
#8459 = ORIENTED_EDGE('',*,*,#5119,.F.);
#8460 = ORIENTED_EDGE('',*,*,#8461,.F.);
#8461 = EDGE_CURVE('',#2833,#5120,#8462,.T.);
#8462 = LINE('',#8463,#8464);
#8463 = CARTESIAN_POINT('',(76.25,-6.992733223131E-15,86.45));
#8464 = VECTOR('',#8465,1.);
#8465 = DIRECTION('',(1.,0.,-2.22044604925E-16));
#8466 = ORIENTED_EDGE('',*,*,#2832,.T.);
#8467 = ORIENTED_EDGE('',*,*,#8461,.T.);
#8468 = CYLINDRICAL_SURFACE('',#8469,28.55);
#8469 = AXIS2_PLACEMENT_3D('',#8470,#8471,#8472);
#8470 = CARTESIAN_POINT('',(76.25,0.,115.));
#8471 = DIRECTION('',(1.,0.,-2.22044604925E-16));
#8472 = DIRECTION('',(-2.22044604925E-16,0.,-1.));
#8473 = ADVANCED_FACE('',(#8474),#8493,.F.);
#8474 = FACE_BOUND('',#8475,.F.);
#8475 = EDGE_LOOP('',(#8476,#8484,#8491,#8492));
#8476 = ORIENTED_EDGE('',*,*,#8477,.T.);
#8477 = EDGE_CURVE('',#2844,#8478,#8480,.T.);
#8478 = VERTEX_POINT('',#8479);
#8479 = CARTESIAN_POINT('',(114.25,-45.30495168499,74.584025871622));
#8480 = LINE('',#8481,#8482);
#8481 = CARTESIAN_POINT('',(96.25,-45.30495168499,74.584025871622));
#8482 = VECTOR('',#8483,1.);
#8483 = DIRECTION('',(1.,0.,-2.22044604925E-16));
#8484 = ORIENTED_EDGE('',*,*,#8485,.F.);
#8485 = EDGE_CURVE('',#8478,#8478,#8486,.T.);
#8486 = CIRCLE('',#8487,7.5);
#8487 = AXIS2_PLACEMENT_3D('',#8488,#8489,#8490);
#8488 = CARTESIAN_POINT('',(114.25,-45.30495168499,82.084025871622));
#8489 = DIRECTION('',(1.,0.,-2.22044604925E-16));
#8490 = DIRECTION('',(-2.22044604925E-16,0.,-1.));
#8491 = ORIENTED_EDGE('',*,*,#8477,.F.);
#8492 = ORIENTED_EDGE('',*,*,#2843,.T.);
#8493 = CYLINDRICAL_SURFACE('',#8494,7.5);
#8494 = AXIS2_PLACEMENT_3D('',#8495,#8496,#8497);
#8495 = CARTESIAN_POINT('',(96.25,-45.30495168499,82.084025871622));
#8496 = DIRECTION('',(1.,0.,-2.22044604925E-16));
#8497 = DIRECTION('',(-2.22044604925E-16,0.,-1.));
#8498 = ADVANCED_FACE('',(#8499),#8518,.F.);
#8499 = FACE_BOUND('',#8500,.F.);
#8500 = EDGE_LOOP('',(#8501,#8509,#8516,#8517));
#8501 = ORIENTED_EDGE('',*,*,#8502,.T.);
#8502 = EDGE_CURVE('',#2855,#8503,#8505,.T.);
#8503 = VERTEX_POINT('',#8504);
#8504 = CARTESIAN_POINT('',(114.25,17.304951684997,160.75916491252));
#8505 = LINE('',#8506,#8507);
#8506 = CARTESIAN_POINT('',(96.25,17.304951684997,160.75916491252));
#8507 = VECTOR('',#8508,1.);
#8508 = DIRECTION('',(1.,0.,-2.22044604925E-16));
#8509 = ORIENTED_EDGE('',*,*,#8510,.F.);
#8510 = EDGE_CURVE('',#8503,#8503,#8511,.T.);
#8511 = CIRCLE('',#8512,7.5);
#8512 = AXIS2_PLACEMENT_3D('',#8513,#8514,#8515);
#8513 = CARTESIAN_POINT('',(114.25,17.304951684997,168.25916491252));
#8514 = DIRECTION('',(1.,0.,-2.22044604925E-16));
#8515 = DIRECTION('',(-2.22044604925E-16,0.,-1.));
#8516 = ORIENTED_EDGE('',*,*,#8502,.F.);
#8517 = ORIENTED_EDGE('',*,*,#2854,.T.);
#8518 = CYLINDRICAL_SURFACE('',#8519,7.5);
#8519 = AXIS2_PLACEMENT_3D('',#8520,#8521,#8522);
#8520 = CARTESIAN_POINT('',(96.25,17.304951684997,168.25916491252));
#8521 = DIRECTION('',(1.,0.,-2.22044604925E-16));
#8522 = DIRECTION('',(-2.22044604925E-16,0.,-1.));
#8523 = ADVANCED_FACE('',(#8524),#8543,.F.);
#8524 = FACE_BOUND('',#8525,.F.);
#8525 = EDGE_LOOP('',(#8526,#8534,#8541,#8542));
#8526 = ORIENTED_EDGE('',*,*,#8527,.T.);
#8527 = EDGE_CURVE('',#2866,#8528,#8530,.T.);
#8528 = VERTEX_POINT('',#8529);
#8529 = CARTESIAN_POINT('',(114.25,56.,107.5));
#8530 = LINE('',#8531,#8532);
#8531 = CARTESIAN_POINT('',(96.25,56.,107.5));
#8532 = VECTOR('',#8533,1.);
#8533 = DIRECTION('',(1.,0.,-2.22044604925E-16));
#8534 = ORIENTED_EDGE('',*,*,#8535,.F.);
#8535 = EDGE_CURVE('',#8528,#8528,#8536,.T.);
#8536 = CIRCLE('',#8537,7.5);
#8537 = AXIS2_PLACEMENT_3D('',#8538,#8539,#8540);
#8538 = CARTESIAN_POINT('',(114.25,56.,115.));
#8539 = DIRECTION('',(1.,0.,-2.22044604925E-16));
#8540 = DIRECTION('',(-2.22044604925E-16,0.,-1.));
#8541 = ORIENTED_EDGE('',*,*,#8527,.F.);
#8542 = ORIENTED_EDGE('',*,*,#2865,.T.);
#8543 = CYLINDRICAL_SURFACE('',#8544,7.5);
#8544 = AXIS2_PLACEMENT_3D('',#8545,#8546,#8547);
#8545 = CARTESIAN_POINT('',(96.25,56.,115.));
#8546 = DIRECTION('',(1.,0.,-2.22044604925E-16));
#8547 = DIRECTION('',(-2.22044604925E-16,0.,-1.));
#8548 = ADVANCED_FACE('',(#8549),#8568,.F.);
#8549 = FACE_BOUND('',#8550,.F.);
#8550 = EDGE_LOOP('',(#8551,#8559,#8566,#8567));
#8551 = ORIENTED_EDGE('',*,*,#8552,.T.);
#8552 = EDGE_CURVE('',#2877,#8553,#8555,.T.);
#8553 = VERTEX_POINT('',#8554);
#8554 = CARTESIAN_POINT('',(114.25,17.304951684997,54.240835087471));
#8555 = LINE('',#8556,#8557);
#8556 = CARTESIAN_POINT('',(96.25,17.304951684997,54.240835087471));
#8557 = VECTOR('',#8558,1.);
#8558 = DIRECTION('',(1.,0.,-2.22044604925E-16));
#8559 = ORIENTED_EDGE('',*,*,#8560,.F.);
#8560 = EDGE_CURVE('',#8553,#8553,#8561,.T.);
#8561 = CIRCLE('',#8562,7.5);
#8562 = AXIS2_PLACEMENT_3D('',#8563,#8564,#8565);
#8563 = CARTESIAN_POINT('',(114.25,17.304951684997,61.740835087471));
#8564 = DIRECTION('',(1.,0.,-2.22044604925E-16));
#8565 = DIRECTION('',(-2.22044604925E-16,0.,-1.));
#8566 = ORIENTED_EDGE('',*,*,#8552,.F.);
#8567 = ORIENTED_EDGE('',*,*,#2876,.T.);
#8568 = CYLINDRICAL_SURFACE('',#8569,7.5);
#8569 = AXIS2_PLACEMENT_3D('',#8570,#8571,#8572);
#8570 = CARTESIAN_POINT('',(96.25,17.304951684997,61.740835087471));
#8571 = DIRECTION('',(1.,0.,-2.22044604925E-16));
#8572 = DIRECTION('',(-2.22044604925E-16,0.,-1.));
#8573 = ADVANCED_FACE('',(#8574),#8581,.T.);
#8574 = FACE_BOUND('',#8575,.T.);
#8575 = EDGE_LOOP('',(#8576,#8577,#8578,#8579,#8580));
#8576 = ORIENTED_EDGE('',*,*,#3297,.F.);
#8577 = ORIENTED_EDGE('',*,*,#3384,.F.);
#8578 = ORIENTED_EDGE('',*,*,#6568,.F.);
#8579 = ORIENTED_EDGE('',*,*,#6443,.T.);
#8580 = ORIENTED_EDGE('',*,*,#3041,.F.);
#8581 = B_SPLINE_SURFACE_WITH_KNOTS('',1,1,(
    (#8582,#8583)
    ,(#8584,#8585
    )),.UNSPECIFIED.,.F.,.F.,.F.,(2,2),(2,2),(0.,18.),(0.,1.),
  .PIECEWISE_BEZIER_KNOTS.);
#8582 = CARTESIAN_POINT('',(124.25,-67.70773632479,103.48208170838));
#8583 = CARTESIAN_POINT('',(123.25,-196.2120048647,33.828273721907));
#8584 = CARTESIAN_POINT('',(106.25,-67.70773632479,103.48208170838));
#8585 = CARTESIAN_POINT('',(105.25,-196.2120048647,33.828273721907));
#8586 = ADVANCED_FACE('',(#8587),#8594,.T.);
#8587 = FACE_BOUND('',#8588,.T.);
#8588 = EDGE_LOOP('',(#8589,#8590,#8591,#8592,#8593));
#8589 = ORIENTED_EDGE('',*,*,#5416,.F.);
#8590 = ORIENTED_EDGE('',*,*,#5614,.F.);
#8591 = ORIENTED_EDGE('',*,*,#5038,.F.);
#8592 = ORIENTED_EDGE('',*,*,#3128,.T.);
#8593 = ORIENTED_EDGE('',*,*,#5200,.F.);
#8594 = B_SPLINE_SURFACE_WITH_KNOTS('',1,1,(
    (#8595,#8596)
    ,(#8597,#8598
    )),.UNSPECIFIED.,.F.,.F.,.F.,(2,2),(2,2),(0.,18.),(0.,1.),
  .PIECEWISE_BEZIER_KNOTS.);
#8595 = CARTESIAN_POINT('',(106.25,3.837248690338,46.42686005083));
#8596 = CARTESIAN_POINT('',(105.25,-35.47530305255,-94.35496859002));
#8597 = CARTESIAN_POINT('',(124.25,3.837248690338,46.42686005083));
#8598 = CARTESIAN_POINT('',(123.25,-35.47530305255,-94.35496859002));
#8599 = ADVANCED_FACE('',(#8600),#8612,.T.);
#8600 = FACE_BOUND('',#8601,.T.);
#8601 = EDGE_LOOP('',(#8602,#8603,#8604,#8605,#8606));
#8602 = ORIENTED_EDGE('',*,*,#6954,.F.);
#8603 = ORIENTED_EDGE('',*,*,#6557,.F.);
#8604 = ORIENTED_EDGE('',*,*,#3404,.F.);
#8605 = ORIENTED_EDGE('',*,*,#3420,.T.);
#8606 = ORIENTED_EDGE('',*,*,#8607,.F.);
#8607 = EDGE_CURVE('',#6955,#3421,#8608,.T.);
#8608 = LINE('',#8609,#8610);
#8609 = CARTESIAN_POINT('',(105.25,-196.2120048647,196.17172627809));
#8610 = VECTOR('',#8611,1.);
#8611 = DIRECTION('',(1.,0.,-2.22044604925E-16));
#8612 = B_SPLINE_SURFACE_WITH_KNOTS('',1,1,(
    (#8613,#8614)
    ,(#8615,#8616
    )),.UNSPECIFIED.,.F.,.F.,.F.,(2,2),(2,2),(0.,18.),(0.,1.),
  .PIECEWISE_BEZIER_KNOTS.);
#8613 = CARTESIAN_POINT('',(106.25,-67.70773632479,126.51791829161));
#8614 = CARTESIAN_POINT('',(105.25,-196.2120048647,196.17172627809));
#8615 = CARTESIAN_POINT('',(124.25,-67.70773632479,126.51791829161));
#8616 = CARTESIAN_POINT('',(123.25,-196.2120048647,196.17172627809));
#8617 = ADVANCED_FACE('',(#8618),#8633,.F.);
#8618 = FACE_BOUND('',#8619,.F.);
#8619 = EDGE_LOOP('',(#8620,#8621,#8622,#8628,#8629,#8630,#8631,#8632));
#8620 = ORIENTED_EDGE('',*,*,#7208,.F.);
#8621 = ORIENTED_EDGE('',*,*,#7517,.T.);
#8622 = ORIENTED_EDGE('',*,*,#8623,.F.);
#8623 = EDGE_CURVE('',#3601,#7496,#8624,.T.);
#8624 = LINE('',#8625,#8626);
#8625 = CARTESIAN_POINT('',(123.25,-185.7987951259,217.79497910775));
#8626 = VECTOR('',#8627,1.);
#8627 = DIRECTION('',(-1.,0.,2.22044604925E-16));
#8628 = ORIENTED_EDGE('',*,*,#3622,.F.);
#8629 = ORIENTED_EDGE('',*,*,#3574,.F.);
#8630 = ORIENTED_EDGE('',*,*,#3466,.F.);
#8631 = ORIENTED_EDGE('',*,*,#8607,.F.);
#8632 = ORIENTED_EDGE('',*,*,#6976,.F.);
#8633 = PLANE('',#8634);
#8634 = AXIS2_PLACEMENT_3D('',#8635,#8636,#8637);
#8635 = CARTESIAN_POINT('',(105.25,-185.7987951259,217.79497910775));
#8636 = DIRECTION('',(-9.634154343575E-17,0.900968867902,-0.433883739118
    ));
#8637 = DIRECTION('',(0.6,-0.347106991294,-0.720775094322));
#8638 = ADVANCED_FACE('',(#8639),#8646,.T.);
#8639 = FACE_BOUND('',#8640,.T.);
#8640 = EDGE_LOOP('',(#8641,#8642,#8643,#8644,#8645));
#8641 = ORIENTED_EDGE('',*,*,#3600,.F.);
#8642 = ORIENTED_EDGE('',*,*,#3717,.F.);
#8643 = ORIENTED_EDGE('',*,*,#7650,.F.);
#8644 = ORIENTED_EDGE('',*,*,#7495,.T.);
#8645 = ORIENTED_EDGE('',*,*,#8623,.F.);
#8646 = B_SPLINE_SURFACE_WITH_KNOTS('',1,1,(
    (#8647,#8648)
    ,(#8649,#8650
    )),.UNSPECIFIED.,.F.,.F.,.F.,(2,2),(2,2),(0.,18.),(0.,1.),
  .PIECEWISE_BEZIER_KNOTS.);
#8647 = CARTESIAN_POINT('',(124.25,-51.22015423832,160.7547352719));
#8648 = CARTESIAN_POINT('',(123.25,-185.7987951259,217.79497910775));
#8649 = CARTESIAN_POINT('',(106.25,-51.22015423832,160.7547352719));
#8650 = CARTESIAN_POINT('',(105.25,-185.7987951259,217.79497910775));
#8651 = ADVANCED_FACE('',(#8652),#8664,.T.);
#8652 = FACE_BOUND('',#8653,.T.);
#8653 = EDGE_LOOP('',(#8654,#8655,#8656,#8657,#8658));
#8654 = ORIENTED_EDGE('',*,*,#8036,.F.);
#8655 = ORIENTED_EDGE('',*,*,#7639,.F.);
#8656 = ORIENTED_EDGE('',*,*,#3737,.F.);
#8657 = ORIENTED_EDGE('',*,*,#3753,.T.);
#8658 = ORIENTED_EDGE('',*,*,#8659,.F.);
#8659 = EDGE_CURVE('',#8037,#3754,#8660,.T.);
#8660 = LINE('',#8661,#8662);
#8661 = CARTESIAN_POINT('',(105.25,-58.87357294492,319.01446617507));
#8662 = VECTOR('',#8663,1.);
#8663 = DIRECTION('',(1.,0.,-2.22044604925E-16));
#8664 = B_SPLINE_SURFACE_WITH_KNOTS('',1,1,(
    (#8665,#8666)
    ,(#8667,#8668
    )),.UNSPECIFIED.,.F.,.F.,.F.,(2,2),(2,2),(0.,18.),(0.,1.),
  .PIECEWISE_BEZIER_KNOTS.);
#8665 = CARTESIAN_POINT('',(106.25,-33.21001197257,175.11734445883));
#8666 = CARTESIAN_POINT('',(105.25,-58.87357294492,319.01446617507));
#8667 = CARTESIAN_POINT('',(124.25,-33.21001197257,175.11734445883));
#8668 = CARTESIAN_POINT('',(123.25,-58.87357294492,319.01446617507));
#8669 = ADVANCED_FACE('',(#8670),#8685,.F.);
#8670 = FACE_BOUND('',#8671,.F.);
#8671 = EDGE_LOOP('',(#8672,#8673,#8674,#8680,#8681,#8682,#8683,#8684));
#8672 = ORIENTED_EDGE('',*,*,#8290,.F.);
#8673 = ORIENTED_EDGE('',*,*,#8351,.T.);
#8674 = ORIENTED_EDGE('',*,*,#8675,.F.);
#8675 = EDGE_CURVE('',#3934,#8330,#8676,.T.);
#8676 = LINE('',#8677,#8678);
#8677 = CARTESIAN_POINT('',(123.25,-35.47530305255,324.35496859002));
#8678 = VECTOR('',#8679,1.);
#8679 = DIRECTION('',(-1.,0.,2.22044604925E-16));
#8680 = ORIENTED_EDGE('',*,*,#3955,.F.);
#8681 = ORIENTED_EDGE('',*,*,#3907,.F.);
#8682 = ORIENTED_EDGE('',*,*,#3799,.F.);
#8683 = ORIENTED_EDGE('',*,*,#8659,.F.);
#8684 = ORIENTED_EDGE('',*,*,#8058,.F.);
#8685 = PLANE('',#8686);
#8686 = AXIS2_PLACEMENT_3D('',#8687,#8688,#8689);
#8687 = CARTESIAN_POINT('',(105.25,-35.47530305255,324.35496859002));
#8688 = DIRECTION('',(-1.702181903981E-16,0.222520933956,-0.974927912182
    ));
#8689 = DIRECTION('',(0.6,-0.779942329745,-0.178016747165));
#8690 = ADVANCED_FACE('',(#8691),#8698,.T.);
#8691 = FACE_BOUND('',#8692,.T.);
#8692 = EDGE_LOOP('',(#8693,#8694,#8695,#8696,#8697));
#8693 = ORIENTED_EDGE('',*,*,#3933,.F.);
#8694 = ORIENTED_EDGE('',*,*,#4060,.F.);
#8695 = ORIENTED_EDGE('',*,*,#8151,.F.);
#8696 = ORIENTED_EDGE('',*,*,#8329,.T.);
#8697 = ORIENTED_EDGE('',*,*,#8675,.F.);
#8698 = B_SPLINE_SURFACE_WITH_KNOTS('',1,1,(
    (#8699,#8700)
    ,(#8701,#8702
    )),.UNSPECIFIED.,.F.,.F.,.F.,(2,2),(2,2),(0.,18.),(0.,1.),
  .PIECEWISE_BEZIER_KNOTS.);
#8699 = CARTESIAN_POINT('',(124.25,3.837248690338,183.57313994917));
#8700 = CARTESIAN_POINT('',(123.25,-35.47530305255,324.35496859002));
#8701 = CARTESIAN_POINT('',(106.25,3.837248690338,183.57313994917));
#8702 = CARTESIAN_POINT('',(105.25,-35.47530305255,324.35496859002));
#8703 = ADVANCED_FACE('',(#8704),#8716,.T.);
#8704 = FACE_BOUND('',#8705,.T.);
#8705 = EDGE_LOOP('',(#8706,#8707,#8708,#8709,#8710));
#8706 = ORIENTED_EDGE('',*,*,#7906,.F.);
#8707 = ORIENTED_EDGE('',*,*,#8142,.F.);
#8708 = ORIENTED_EDGE('',*,*,#4039,.F.);
#8709 = ORIENTED_EDGE('',*,*,#4086,.T.);
#8710 = ORIENTED_EDGE('',*,*,#8711,.F.);
#8711 = EDGE_CURVE('',#7907,#4087,#8712,.T.);
#8712 = LINE('',#8713,#8714);
#8713 = CARTESIAN_POINT('',(105.25,122.79786020443,288.23015190552));
#8714 = VECTOR('',#8715,1.);
#8715 = DIRECTION('',(1.,0.,-2.22044604925E-16));
#8716 = B_SPLINE_SURFACE_WITH_KNOTS('',1,1,(
    (#8717,#8718)
    ,(#8719,#8720
    )),.UNSPECIFIED.,.F.,.F.,.F.,(2,2),(2,2),(0.,18.),(0.,1.),
  .PIECEWISE_BEZIER_KNOTS.);
#8717 = CARTESIAN_POINT('',(106.25,26.295528755784,178.4471840782));
#8718 = CARTESIAN_POINT('',(105.25,122.79786020443,288.23015190552));
#8719 = CARTESIAN_POINT('',(124.25,26.295528755784,178.4471840782));
#8720 = CARTESIAN_POINT('',(123.25,122.79786020443,288.23015190552));
#8721 = ADVANCED_FACE('',(#8722),#8737,.F.);
#8722 = FACE_BOUND('',#8723,.F.);
#8723 = EDGE_LOOP('',(#8724,#8725,#8726,#8732,#8733,#8734,#8735,#8736));
#8724 = ORIENTED_EDGE('',*,*,#7624,.F.);
#8725 = ORIENTED_EDGE('',*,*,#7290,.T.);
#8726 = ORIENTED_EDGE('',*,*,#8727,.F.);
#8727 = EDGE_CURVE('',#4267,#7269,#8728,.T.);
#8728 = LINE('',#8729,#8730);
#8729 = CARTESIAN_POINT('',(123.25,141.56181578366,273.26639666091));
#8730 = VECTOR('',#8731,1.);
#8731 = DIRECTION('',(-1.,0.,2.22044604925E-16));
#8732 = ORIENTED_EDGE('',*,*,#4288,.F.);
#8733 = ORIENTED_EDGE('',*,*,#4240,.F.);
#8734 = ORIENTED_EDGE('',*,*,#4132,.F.);
#8735 = ORIENTED_EDGE('',*,*,#8711,.F.);
#8736 = ORIENTED_EDGE('',*,*,#7928,.F.);
#8737 = PLANE('',#8738);
#8738 = AXIS2_PLACEMENT_3D('',#8739,#8740,#8741);
#8739 = CARTESIAN_POINT('',(105.25,141.56181578366,273.26639666091));
#8740 = DIRECTION('',(-2.66120048028E-16,-0.623489801859,-0.781831482468
    ));
#8741 = DIRECTION('',(0.6,-0.625465185974,0.498791841487));
#8742 = ADVANCED_FACE('',(#8743),#8750,.T.);
#8743 = FACE_BOUND('',#8744,.T.);
#8744 = EDGE_LOOP('',(#8745,#8746,#8747,#8748,#8749));
#8745 = ORIENTED_EDGE('',*,*,#4266,.F.);
#8746 = ORIENTED_EDGE('',*,*,#4393,.F.);
#8747 = ORIENTED_EDGE('',*,*,#7069,.F.);
#8748 = ORIENTED_EDGE('',*,*,#7268,.T.);
#8749 = ORIENTED_EDGE('',*,*,#8727,.F.);
#8750 = B_SPLINE_SURFACE_WITH_KNOTS('',1,1,(
    (#8751,#8752)
    ,(#8753,#8754
    )),.UNSPECIFIED.,.F.,.F.,.F.,(2,2),(2,2),(0.,18.),(0.,1.),
  .PIECEWISE_BEZIER_KNOTS.);
#8751 = CARTESIAN_POINT('',(124.25,56.005125089569,154.75457160757));
#8752 = CARTESIAN_POINT('',(123.25,141.56181578366,273.26639666091));
#8753 = CARTESIAN_POINT('',(106.25,56.005125089569,154.75457160757));
#8754 = CARTESIAN_POINT('',(105.25,141.56181578366,273.26639666091));
#8755 = ADVANCED_FACE('',(#8756),#8768,.T.);
#8756 = FACE_BOUND('',#8757,.T.);
#8757 = EDGE_LOOP('',(#8758,#8759,#8760,#8761,#8762));
#8758 = ORIENTED_EDGE('',*,*,#6824,.F.);
#8759 = ORIENTED_EDGE('',*,*,#7060,.F.);
#8760 = ORIENTED_EDGE('',*,*,#4372,.F.);
#8761 = ORIENTED_EDGE('',*,*,#4419,.T.);
#8762 = ORIENTED_EDGE('',*,*,#8763,.F.);
#8763 = EDGE_CURVE('',#6825,#4420,#8764,.T.);
#8764 = LINE('',#8765,#8766);
#8765 = CARTESIAN_POINT('',(105.25,212.,127.));
#8766 = VECTOR('',#8767,1.);
#8767 = DIRECTION('',(1.,0.,-2.22044604925E-16));
#8768 = B_SPLINE_SURFACE_WITH_KNOTS('',1,1,(
    (#8769,#8770)
    ,(#8771,#8772
    )),.UNSPECIFIED.,.F.,.F.,.F.,(2,2),(2,2),(0.,18.),(0.,1.),
  .PIECEWISE_BEZIER_KNOTS.);
#8769 = CARTESIAN_POINT('',(106.25,66.,134.));
#8770 = CARTESIAN_POINT('',(105.25,212.,127.));
#8771 = CARTESIAN_POINT('',(124.25,66.,134.));
#8772 = CARTESIAN_POINT('',(123.25,212.,127.));
#8773 = ADVANCED_FACE('',(#8774),#8789,.F.);
#8774 = FACE_BOUND('',#8775,.F.);
#8775 = EDGE_LOOP('',(#8776,#8777,#8778,#8784,#8785,#8786,#8787,#8788));
#8776 = ORIENTED_EDGE('',*,*,#6542,.F.);
#8777 = ORIENTED_EDGE('',*,*,#6238,.T.);
#8778 = ORIENTED_EDGE('',*,*,#8779,.F.);
#8779 = EDGE_CURVE('',#4600,#6217,#8780,.T.);
#8780 = LINE('',#8781,#8782);
#8781 = CARTESIAN_POINT('',(123.25,212.,103.));
#8782 = VECTOR('',#8783,1.);
#8783 = DIRECTION('',(-1.,0.,2.22044604925E-16));
#8784 = ORIENTED_EDGE('',*,*,#4621,.F.);
#8785 = ORIENTED_EDGE('',*,*,#4573,.F.);
#8786 = ORIENTED_EDGE('',*,*,#4465,.F.);
#8787 = ORIENTED_EDGE('',*,*,#8763,.F.);
#8788 = ORIENTED_EDGE('',*,*,#6846,.F.);
#8789 = PLANE('',#8790);
#8790 = AXIS2_PLACEMENT_3D('',#8791,#8792,#8793);
#8791 = CARTESIAN_POINT('',(105.25,212.,103.));
#8792 = DIRECTION('',(0.,-1.,-0.));
#8793 = DIRECTION('',(0.6,0.,0.8));
#8794 = ADVANCED_FACE('',(#8795),#8802,.T.);
#8795 = FACE_BOUND('',#8796,.T.);
#8796 = EDGE_LOOP('',(#8797,#8798,#8799,#8800,#8801));
#8797 = ORIENTED_EDGE('',*,*,#4599,.F.);
#8798 = ORIENTED_EDGE('',*,*,#4726,.F.);
#8799 = ORIENTED_EDGE('',*,*,#6055,.F.);
#8800 = ORIENTED_EDGE('',*,*,#6216,.T.);
#8801 = ORIENTED_EDGE('',*,*,#8779,.F.);
#8802 = B_SPLINE_SURFACE_WITH_KNOTS('',1,1,(
    (#8803,#8804)
    ,(#8805,#8806
    )),.UNSPECIFIED.,.F.,.F.,.F.,(2,2),(2,2),(0.,18.),(0.,1.),
  .PIECEWISE_BEZIER_KNOTS.);
#8803 = CARTESIAN_POINT('',(124.25,66.,96.));
#8804 = CARTESIAN_POINT('',(123.25,212.,103.));
#8805 = CARTESIAN_POINT('',(106.25,66.,96.));
#8806 = CARTESIAN_POINT('',(105.25,212.,103.));
#8807 = ADVANCED_FACE('',(#8808),#8820,.T.);
#8808 = FACE_BOUND('',#8809,.T.);
#8809 = EDGE_LOOP('',(#8810,#8811,#8812,#8813,#8814));
#8810 = ORIENTED_EDGE('',*,*,#5940,.F.);
#8811 = ORIENTED_EDGE('',*,*,#6046,.F.);
#8812 = ORIENTED_EDGE('',*,*,#4705,.F.);
#8813 = ORIENTED_EDGE('',*,*,#4752,.T.);
#8814 = ORIENTED_EDGE('',*,*,#8815,.F.);
#8815 = EDGE_CURVE('',#5941,#4753,#8816,.T.);
#8816 = LINE('',#8817,#8818);
#8817 = CARTESIAN_POINT('',(105.25,141.56181578366,-43.26639666091));
#8818 = VECTOR('',#8819,1.);
#8819 = DIRECTION('',(1.,0.,-2.22044604925E-16));
#8820 = B_SPLINE_SURFACE_WITH_KNOTS('',1,1,(
    (#8821,#8822)
    ,(#8823,#8824
    )),.UNSPECIFIED.,.F.,.F.,.F.,(2,2),(2,2),(0.,18.),(0.,1.),
  .PIECEWISE_BEZIER_KNOTS.);
#8821 = CARTESIAN_POINT('',(106.25,56.005125089569,75.245428392426));
#8822 = CARTESIAN_POINT('',(105.25,141.56181578366,-43.26639666091));
#8823 = CARTESIAN_POINT('',(124.25,56.005125089569,75.245428392426));
#8824 = CARTESIAN_POINT('',(123.25,141.56181578366,-43.26639666091));
#8825 = ADVANCED_FACE('',(#8826),#8841,.F.);
#8826 = FACE_BOUND('',#8827,.F.);
#8827 = EDGE_LOOP('',(#8828,#8829,#8830,#8836,#8837,#8838,#8839,#8840));
#8828 = ORIENTED_EDGE('',*,*,#5804,.F.);
#8829 = ORIENTED_EDGE('',*,*,#5697,.T.);
#8830 = ORIENTED_EDGE('',*,*,#8831,.F.);
#8831 = EDGE_CURVE('',#4933,#5676,#8832,.T.);
#8832 = LINE('',#8833,#8834);
#8833 = CARTESIAN_POINT('',(123.25,122.79786020443,-58.23015190552));
#8834 = VECTOR('',#8835,1.);
#8835 = DIRECTION('',(-1.,0.,2.22044604925E-16));
#8836 = ORIENTED_EDGE('',*,*,#4954,.F.);
#8837 = ORIENTED_EDGE('',*,*,#4906,.F.);
#8838 = ORIENTED_EDGE('',*,*,#4798,.F.);
#8839 = ORIENTED_EDGE('',*,*,#8815,.F.);
#8840 = ORIENTED_EDGE('',*,*,#5962,.F.);
#8841 = PLANE('',#8842);
#8842 = AXIS2_PLACEMENT_3D('',#8843,#8844,#8845);
#8843 = CARTESIAN_POINT('',(105.25,122.79786020443,-58.23015190552));
#8844 = DIRECTION('',(2.66120048028E-16,-0.623489801859,0.781831482468)
  );
#8845 = DIRECTION('',(0.6,0.625465185974,0.498791841487));
#8846 = ADVANCED_FACE('',(#8847),#8854,.T.);
#8847 = FACE_BOUND('',#8848,.T.);
#8848 = EDGE_LOOP('',(#8849,#8850,#8851,#8852,#8853));
#8849 = ORIENTED_EDGE('',*,*,#4932,.F.);
#8850 = ORIENTED_EDGE('',*,*,#5057,.F.);
#8851 = ORIENTED_EDGE('',*,*,#5623,.F.);
#8852 = ORIENTED_EDGE('',*,*,#5675,.T.);
#8853 = ORIENTED_EDGE('',*,*,#8831,.F.);
#8854 = B_SPLINE_SURFACE_WITH_KNOTS('',1,1,(
    (#8855,#8856)
    ,(#8857,#8858
    )),.UNSPECIFIED.,.F.,.F.,.F.,(2,2),(2,2),(0.,18.),(0.,1.),
  .PIECEWISE_BEZIER_KNOTS.);
#8855 = CARTESIAN_POINT('',(124.25,26.295528755784,51.552815921794));
#8856 = CARTESIAN_POINT('',(123.25,122.79786020443,-58.23015190552));
#8857 = CARTESIAN_POINT('',(106.25,26.295528755784,51.552815921794));
#8858 = CARTESIAN_POINT('',(105.25,122.79786020443,-58.23015190552));
#8859 = ADVANCED_FACE('',(#8860),#8879,.F.);
#8860 = FACE_BOUND('',#8861,.F.);
#8861 = EDGE_LOOP('',(#8862,#8863,#8870,#8877,#8878));
#8862 = ORIENTED_EDGE('',*,*,#5079,.F.);
#8863 = ORIENTED_EDGE('',*,*,#8864,.F.);
#8864 = EDGE_CURVE('',#8865,#5080,#8867,.T.);
#8865 = VERTEX_POINT('',#8866);
#8866 = CARTESIAN_POINT('',(114.25,-45.30495168499,134.91597412837));
#8867 = B_SPLINE_CURVE_WITH_KNOTS('',1,(#8868,#8869),.UNSPECIFIED.,.F.,
  .F.,(2,2),(0.,14.392304845413),.PIECEWISE_BEZIER_KNOTS.);
#8868 = CARTESIAN_POINT('',(114.25,-45.30495168499,134.91597412837));
#8869 = CARTESIAN_POINT('',(128.64230484541,-45.30495168499,
    134.91597412837));
#8870 = ORIENTED_EDGE('',*,*,#8871,.T.);
#8871 = EDGE_CURVE('',#8865,#8865,#8872,.T.);
#8872 = CIRCLE('',#8873,13.);
#8873 = AXIS2_PLACEMENT_3D('',#8874,#8875,#8876);
#8874 = CARTESIAN_POINT('',(114.25,-45.30495168499,147.91597412837));
#8875 = DIRECTION('',(1.,0.,-2.22044604925E-16));
#8876 = DIRECTION('',(-2.22044604925E-16,0.,-1.));
#8877 = ORIENTED_EDGE('',*,*,#8864,.T.);
#8878 = ORIENTED_EDGE('',*,*,#5090,.F.);
#8879 = CYLINDRICAL_SURFACE('',#8880,13.);
#8880 = AXIS2_PLACEMENT_3D('',#8881,#8882,#8883);
#8881 = CARTESIAN_POINT('',(114.25,-45.30495168499,147.91597412837));
#8882 = DIRECTION('',(1.,0.,-2.22044604925E-16));
#8883 = DIRECTION('',(-2.22044604925E-16,0.,-1.));
#8884 = ADVANCED_FACE('',(#8885),#8904,.F.);
#8885 = FACE_BOUND('',#8886,.F.);
#8886 = EDGE_LOOP('',(#8887,#8888,#8895,#8902,#8903));
#8887 = ORIENTED_EDGE('',*,*,#5099,.F.);
#8888 = ORIENTED_EDGE('',*,*,#8889,.F.);
#8889 = EDGE_CURVE('',#8890,#5100,#8892,.T.);
#8890 = VERTEX_POINT('',#8891);
#8891 = CARTESIAN_POINT('',(114.25,-45.30495168499,69.084025871622));
#8892 = B_SPLINE_CURVE_WITH_KNOTS('',1,(#8893,#8894),.UNSPECIFIED.,.F.,
  .F.,(2,2),(0.,14.392304845413),.PIECEWISE_BEZIER_KNOTS.);
#8893 = CARTESIAN_POINT('',(114.25,-45.30495168499,69.084025871622));
#8894 = CARTESIAN_POINT('',(128.64230484541,-45.30495168499,
    69.084025871621));
#8895 = ORIENTED_EDGE('',*,*,#8896,.T.);
#8896 = EDGE_CURVE('',#8890,#8890,#8897,.T.);
#8897 = CIRCLE('',#8898,13.);
#8898 = AXIS2_PLACEMENT_3D('',#8899,#8900,#8901);
#8899 = CARTESIAN_POINT('',(114.25,-45.30495168499,82.084025871622));
#8900 = DIRECTION('',(1.,0.,-2.22044604925E-16));
#8901 = DIRECTION('',(-2.22044604925E-16,0.,-1.));
#8902 = ORIENTED_EDGE('',*,*,#8889,.T.);
#8903 = ORIENTED_EDGE('',*,*,#5110,.F.);
#8904 = CYLINDRICAL_SURFACE('',#8905,13.);
#8905 = AXIS2_PLACEMENT_3D('',#8906,#8907,#8908);
#8906 = CARTESIAN_POINT('',(114.25,-45.30495168499,82.084025871622));
#8907 = DIRECTION('',(1.,0.,-2.22044604925E-16));
#8908 = DIRECTION('',(-2.22044604925E-16,0.,-1.));
#8909 = ADVANCED_FACE('',(#8910),#8928,.F.);
#8910 = FACE_BOUND('',#8911,.F.);
#8911 = EDGE_LOOP('',(#8912,#8913,#8920,#8927));
#8912 = ORIENTED_EDGE('',*,*,#5130,.F.);
#8913 = ORIENTED_EDGE('',*,*,#8914,.F.);
#8914 = EDGE_CURVE('',#8915,#5131,#8917,.T.);
#8915 = VERTEX_POINT('',#8916);
#8916 = CARTESIAN_POINT('',(114.25,17.304951684997,155.25916491252));
#8917 = B_SPLINE_CURVE_WITH_KNOTS('',1,(#8918,#8919),.UNSPECIFIED.,.F.,
  .F.,(2,2),(0.,14.392304845413),.PIECEWISE_BEZIER_KNOTS.);
#8918 = CARTESIAN_POINT('',(114.25,17.304951684997,155.25916491252));
#8919 = CARTESIAN_POINT('',(128.64230484541,17.304951684997,
    155.25916491252));
#8920 = ORIENTED_EDGE('',*,*,#8921,.T.);
#8921 = EDGE_CURVE('',#8915,#8915,#8922,.T.);
#8922 = CIRCLE('',#8923,13.);
#8923 = AXIS2_PLACEMENT_3D('',#8924,#8925,#8926);
#8924 = CARTESIAN_POINT('',(114.25,17.304951684997,168.25916491252));
#8925 = DIRECTION('',(1.,0.,-2.22044604925E-16));
#8926 = DIRECTION('',(-2.22044604925E-16,0.,-1.));
#8927 = ORIENTED_EDGE('',*,*,#8914,.T.);
#8928 = CYLINDRICAL_SURFACE('',#8929,13.);
#8929 = AXIS2_PLACEMENT_3D('',#8930,#8931,#8932);
#8930 = CARTESIAN_POINT('',(114.25,17.304951684997,168.25916491252));
#8931 = DIRECTION('',(1.,0.,-2.22044604925E-16));
#8932 = DIRECTION('',(-2.22044604925E-16,0.,-1.));
#8933 = ADVANCED_FACE('',(#8934),#8952,.F.);
#8934 = FACE_BOUND('',#8935,.F.);
#8935 = EDGE_LOOP('',(#8936,#8937,#8944,#8951));
#8936 = ORIENTED_EDGE('',*,*,#5141,.F.);
#8937 = ORIENTED_EDGE('',*,*,#8938,.F.);
#8938 = EDGE_CURVE('',#8939,#5142,#8941,.T.);
#8939 = VERTEX_POINT('',#8940);
#8940 = CARTESIAN_POINT('',(114.25,17.304951684997,48.740835087471));
#8941 = B_SPLINE_CURVE_WITH_KNOTS('',1,(#8942,#8943),.UNSPECIFIED.,.F.,
  .F.,(2,2),(0.,14.392304845413),.PIECEWISE_BEZIER_KNOTS.);
#8942 = CARTESIAN_POINT('',(114.25,17.304951684997,48.740835087471));
#8943 = CARTESIAN_POINT('',(128.64230484541,17.304951684997,
    48.740835087471));
#8944 = ORIENTED_EDGE('',*,*,#8945,.T.);
#8945 = EDGE_CURVE('',#8939,#8939,#8946,.T.);
#8946 = CIRCLE('',#8947,13.);
#8947 = AXIS2_PLACEMENT_3D('',#8948,#8949,#8950);
#8948 = CARTESIAN_POINT('',(114.25,17.304951684997,61.740835087471));
#8949 = DIRECTION('',(1.,0.,-2.22044604925E-16));
#8950 = DIRECTION('',(-2.22044604925E-16,0.,-1.));
#8951 = ORIENTED_EDGE('',*,*,#8938,.T.);
#8952 = CYLINDRICAL_SURFACE('',#8953,13.);
#8953 = AXIS2_PLACEMENT_3D('',#8954,#8955,#8956);
#8954 = CARTESIAN_POINT('',(114.25,17.304951684997,61.740835087471));
#8955 = DIRECTION('',(1.,0.,-2.22044604925E-16));
#8956 = DIRECTION('',(-2.22044604925E-16,0.,-1.));
#8957 = ADVANCED_FACE('',(#8958),#8978,.F.);
#8958 = FACE_BOUND('',#8959,.F.);
#8959 = EDGE_LOOP('',(#8960,#8961,#8968,#8975,#8976,#8977));
#8960 = ORIENTED_EDGE('',*,*,#5172,.F.);
#8961 = ORIENTED_EDGE('',*,*,#8962,.F.);
#8962 = EDGE_CURVE('',#8963,#5155,#8965,.T.);
#8963 = VERTEX_POINT('',#8964);
#8964 = CARTESIAN_POINT('',(114.25,56.,102.));
#8965 = B_SPLINE_CURVE_WITH_KNOTS('',1,(#8966,#8967),.UNSPECIFIED.,.F.,
  .F.,(2,2),(0.,14.392304845413),.PIECEWISE_BEZIER_KNOTS.);
#8966 = CARTESIAN_POINT('',(114.25,56.,102.));
#8967 = CARTESIAN_POINT('',(128.64230484541,56.,102.));
#8968 = ORIENTED_EDGE('',*,*,#8969,.T.);
#8969 = EDGE_CURVE('',#8963,#8963,#8970,.T.);
#8970 = CIRCLE('',#8971,13.);
#8971 = AXIS2_PLACEMENT_3D('',#8972,#8973,#8974);
#8972 = CARTESIAN_POINT('',(114.25,56.,115.));
#8973 = DIRECTION('',(1.,0.,-2.22044604925E-16));
#8974 = DIRECTION('',(-2.22044604925E-16,0.,-1.));
#8975 = ORIENTED_EDGE('',*,*,#8962,.T.);
#8976 = ORIENTED_EDGE('',*,*,#5152,.F.);
#8977 = ORIENTED_EDGE('',*,*,#5163,.F.);
#8978 = CYLINDRICAL_SURFACE('',#8979,13.);
#8979 = AXIS2_PLACEMENT_3D('',#8980,#8981,#8982);
#8980 = CARTESIAN_POINT('',(114.25,56.,115.));
#8981 = DIRECTION('',(1.,0.,-2.22044604925E-16));
#8982 = DIRECTION('',(-2.22044604925E-16,0.,-1.));
#8983 = ADVANCED_FACE('',(#8984,#8987),#8990,.T.);
#8984 = FACE_BOUND('',#8985,.F.);
#8985 = EDGE_LOOP('',(#8986));
#8986 = ORIENTED_EDGE('',*,*,#8871,.F.);
#8987 = FACE_BOUND('',#8988,.T.);
#8988 = EDGE_LOOP('',(#8989));
#8989 = ORIENTED_EDGE('',*,*,#8443,.F.);
#8990 = PLANE('',#8991);
#8991 = AXIS2_PLACEMENT_3D('',#8992,#8993,#8994);
#8992 = CARTESIAN_POINT('',(114.25,-45.30495168499,147.91597412837));
#8993 = DIRECTION('',(1.,0.,-2.22044604925E-16));
#8994 = DIRECTION('',(-2.22044604925E-16,0.,-1.));
#8995 = ADVANCED_FACE('',(#8996,#8999),#9002,.T.);
#8996 = FACE_BOUND('',#8997,.F.);
#8997 = EDGE_LOOP('',(#8998));
#8998 = ORIENTED_EDGE('',*,*,#8896,.F.);
#8999 = FACE_BOUND('',#9000,.T.);
#9000 = EDGE_LOOP('',(#9001));
#9001 = ORIENTED_EDGE('',*,*,#8485,.F.);
#9002 = PLANE('',#9003);
#9003 = AXIS2_PLACEMENT_3D('',#9004,#9005,#9006);
#9004 = CARTESIAN_POINT('',(114.25,-45.30495168499,82.084025871622));
#9005 = DIRECTION('',(1.,0.,-2.22044604925E-16));
#9006 = DIRECTION('',(-2.22044604925E-16,0.,-1.));
#9007 = ADVANCED_FACE('',(#9008,#9011),#9014,.T.);
#9008 = FACE_BOUND('',#9009,.F.);
#9009 = EDGE_LOOP('',(#9010));
#9010 = ORIENTED_EDGE('',*,*,#8921,.F.);
#9011 = FACE_BOUND('',#9012,.T.);
#9012 = EDGE_LOOP('',(#9013));
#9013 = ORIENTED_EDGE('',*,*,#8510,.F.);
#9014 = PLANE('',#9015);
#9015 = AXIS2_PLACEMENT_3D('',#9016,#9017,#9018);
#9016 = CARTESIAN_POINT('',(114.25,17.304951684997,168.25916491252));
#9017 = DIRECTION('',(1.,0.,-2.22044604925E-16));
#9018 = DIRECTION('',(-2.22044604925E-16,0.,-1.));
#9019 = ADVANCED_FACE('',(#9020,#9023),#9026,.T.);
#9020 = FACE_BOUND('',#9021,.F.);
#9021 = EDGE_LOOP('',(#9022));
#9022 = ORIENTED_EDGE('',*,*,#8969,.F.);
#9023 = FACE_BOUND('',#9024,.T.);
#9024 = EDGE_LOOP('',(#9025));
#9025 = ORIENTED_EDGE('',*,*,#8535,.F.);
#9026 = PLANE('',#9027);
#9027 = AXIS2_PLACEMENT_3D('',#9028,#9029,#9030);
#9028 = CARTESIAN_POINT('',(114.25,56.,115.));
#9029 = DIRECTION('',(1.,0.,-2.22044604925E-16));
#9030 = DIRECTION('',(-2.22044604925E-16,0.,-1.));
#9031 = ADVANCED_FACE('',(#9032,#9035),#9038,.T.);
#9032 = FACE_BOUND('',#9033,.F.);
#9033 = EDGE_LOOP('',(#9034));
#9034 = ORIENTED_EDGE('',*,*,#8945,.F.);
#9035 = FACE_BOUND('',#9036,.T.);
#9036 = EDGE_LOOP('',(#9037));
#9037 = ORIENTED_EDGE('',*,*,#8560,.F.);
#9038 = PLANE('',#9039);
#9039 = AXIS2_PLACEMENT_3D('',#9040,#9041,#9042);
#9040 = CARTESIAN_POINT('',(114.25,17.304951684997,61.740835087471));
#9041 = DIRECTION('',(1.,0.,-2.22044604925E-16));
#9042 = DIRECTION('',(-2.22044604925E-16,0.,-1.));
#9043 = ( GEOMETRIC_REPRESENTATION_CONTEXT(3) 
GLOBAL_UNCERTAINTY_ASSIGNED_CONTEXT((#9047)) 
GLOBAL_UNIT_ASSIGNED_CONTEXT((#9044,#9045,#9046)) REPRESENTATION_CONTEXT
('Context #1','3D Context with UNIT and UNCERTAINTY') );
#9044 = ( LENGTH_UNIT() NAMED_UNIT(*) SI_UNIT(.MILLI.,.METRE.) );
#9045 = ( NAMED_UNIT(*) PLANE_ANGLE_UNIT() SI_UNIT($,.RADIAN.) );
#9046 = ( NAMED_UNIT(*) SI_UNIT($,.STERADIAN.) SOLID_ANGLE_UNIT() );
#9047 = UNCERTAINTY_MEASURE_WITH_UNIT(LENGTH_MEASURE(1.E-05),#9044,
  'distance_accuracy_value','confusion accuracy');
#9048 = PRODUCT_RELATED_PRODUCT_CATEGORY('part',$,(#7));
ENDSEC;
END-ISO-10303-21;
