ISO-10303-21;
HEADER;
FILE_DESCRIPTION(('FreeCAD Model'),'2;1');
FILE_NAME('Open CASCADE Shape Model','2026-09-26T21:45:07',('FreeCAD'),(
    'FreeCAD'),'Open CASCADE STEP processor 7.8','FreeCAD','Unknown');
FILE_SCHEMA(('AUTOMOTIVE_DESIGN { 1 0 10303 214 1 1 1 1 }'));
ENDSEC;
DATA;
#1 = APPLICATION_PROTOCOL_DEFINITION('international standard',
  'automotive_design',2000,#2);
#2 = APPLICATION_CONTEXT(
  'core data for automotive mechanical design processes');
#3 = SHAPE_DEFINITION_REPRESENTATION(#4,#10);
#4 = PRODUCT_DEFINITION_SHAPE('','',#5);
#5 = PRODUCT_DEFINITION('design','',#6,#9);
#6 = PRODUCT_DEFINITION_FORMATION('','',#7);
#7 = PRODUCT('Open CASCADE STEP translator 7.8 13',
  'Open CASCADE STEP translator 7.8 13','',(#8));
#8 = PRODUCT_CONTEXT('',#2,'mechanical');
#9 = PRODUCT_DEFINITION_CONTEXT('part definition',#2,'design');
#10 = SHAPE_REPRESENTATION('',(#11,#15,#287,#9315,#9840,#9893,#9946,
    #9999,#10288,#10577,#11219,#11525,#11765,#11908,#12051,#12338),
  #12989);
#11 = AXIS2_PLACEMENT_3D('',#12,#13,#14);
#12 = CARTESIAN_POINT('',(0.,0.,0.));
#13 = DIRECTION('',(0.,0.,1.));
#14 = DIRECTION('',(1.,0.,-0.));
#15 = MANIFOLD_SOLID_BREP('',#16);
#16 = CLOSED_SHELL('',(#17,#50,#70,#90,#115,#140,#160,#180,#205,#230,
    #250,#270));
#17 = ADVANCED_FACE('',(#18),#45,.T.);
#18 = FACE_BOUND('',#19,.T.);
#19 = EDGE_LOOP('',(#20,#29,#37,#44));
#20 = ORIENTED_EDGE('',*,*,#21,.F.);
#21 = EDGE_CURVE('',#22,#22,#24,.T.);
#22 = VERTEX_POINT('',#23);
#23 = CARTESIAN_POINT('',(163.5,-5.288024878718E-14,-100.9));
#24 = CIRCLE('',#25,215.9);
#25 = AXIS2_PLACEMENT_3D('',#26,#27,#28);
#26 = CARTESIAN_POINT('',(163.5,0.,115.));
#27 = DIRECTION('',(1.,0.,-2.22044604925E-16));
#28 = DIRECTION('',(-2.22044604925E-16,0.,-1.));
#29 = ORIENTED_EDGE('',*,*,#30,.F.);
#30 = EDGE_CURVE('',#31,#22,#33,.T.);
#31 = VERTEX_POINT('',#32);
#32 = CARTESIAN_POINT('',(-21.,-5.288024878718E-14,-100.9));
#33 = LINE('',#34,#35);
#34 = CARTESIAN_POINT('',(-24.,-5.288024878718E-14,-100.9));
#35 = VECTOR('',#36,1.);
#36 = DIRECTION('',(1.,0.,-2.22044604925E-16));
#37 = ORIENTED_EDGE('',*,*,#38,.T.);
#38 = EDGE_CURVE('',#31,#31,#39,.T.);
#39 = CIRCLE('',#40,215.9);
#40 = AXIS2_PLACEMENT_3D('',#41,#42,#43);
#41 = CARTESIAN_POINT('',(-21.,0.,115.));
#42 = DIRECTION('',(1.,0.,-2.22044604925E-16));
#43 = DIRECTION('',(-2.22044604925E-16,0.,-1.));
#44 = ORIENTED_EDGE('',*,*,#30,.T.);
#45 = CYLINDRICAL_SURFACE('',#46,215.9);
#46 = AXIS2_PLACEMENT_3D('',#47,#48,#49);
#47 = CARTESIAN_POINT('',(-24.,0.,115.));
#48 = DIRECTION('',(1.,0.,-2.22044604925E-16));
#49 = DIRECTION('',(-2.22044604925E-16,0.,-1.));
#50 = ADVANCED_FACE('',(#51,#62),#65,.F.);
#51 = FACE_BOUND('',#52,.F.);
#52 = EDGE_LOOP('',(#53));
#53 = ORIENTED_EDGE('',*,*,#54,.T.);
#54 = EDGE_CURVE('',#55,#55,#57,.T.);
#55 = VERTEX_POINT('',#56);
#56 = CARTESIAN_POINT('',(163.5,-5.557447174531E-14,-111.9));
#57 = CIRCLE('',#58,226.9);
#58 = AXIS2_PLACEMENT_3D('',#59,#60,#61);
#59 = CARTESIAN_POINT('',(163.5,0.,115.));
#60 = DIRECTION('',(1.,0.,-2.22044604925E-16));
#61 = DIRECTION('',(-2.22044604925E-16,0.,-1.));
#62 = FACE_BOUND('',#63,.F.);
#63 = EDGE_LOOP('',(#64));
#64 = ORIENTED_EDGE('',*,*,#21,.F.);
#65 = PLANE('',#66);
#66 = AXIS2_PLACEMENT_3D('',#67,#68,#69);
#67 = CARTESIAN_POINT('',(163.5,0.,115.));
#68 = DIRECTION('',(1.,0.,-2.22044604925E-16));
#69 = DIRECTION('',(-2.22044604925E-16,0.,-1.));
#70 = ADVANCED_FACE('',(#71,#82),#85,.T.);
#71 = FACE_BOUND('',#72,.T.);
#72 = EDGE_LOOP('',(#73));
#73 = ORIENTED_EDGE('',*,*,#74,.T.);
#74 = EDGE_CURVE('',#75,#75,#77,.T.);
#75 = VERTEX_POINT('',#76);
#76 = CARTESIAN_POINT('',(-21.,-5.557447174531E-14,-111.9));
#77 = CIRCLE('',#78,226.9);
#78 = AXIS2_PLACEMENT_3D('',#79,#80,#81);
#79 = CARTESIAN_POINT('',(-21.,0.,115.));
#80 = DIRECTION('',(1.,0.,-2.22044604925E-16));
#81 = DIRECTION('',(-2.22044604925E-16,0.,-1.));
#82 = FACE_BOUND('',#83,.T.);
#83 = EDGE_LOOP('',(#84));
#84 = ORIENTED_EDGE('',*,*,#38,.F.);
#85 = PLANE('',#86);
#86 = AXIS2_PLACEMENT_3D('',#87,#88,#89);
#87 = CARTESIAN_POINT('',(-21.,0.,115.));
#88 = DIRECTION('',(1.,0.,-2.22044604925E-16));
#89 = DIRECTION('',(-2.22044604925E-16,0.,-1.));
#90 = ADVANCED_FACE('',(#91),#110,.T.);
#91 = FACE_BOUND('',#92,.T.);
#92 = EDGE_LOOP('',(#93,#102,#108,#109));
#93 = ORIENTED_EDGE('',*,*,#94,.F.);
#94 = EDGE_CURVE('',#95,#95,#97,.T.);
#95 = VERTEX_POINT('',#96);
#96 = CARTESIAN_POINT('',(177.5,-5.557447174531E-14,-111.9));
#97 = CIRCLE('',#98,226.9);
#98 = AXIS2_PLACEMENT_3D('',#99,#100,#101);
#99 = CARTESIAN_POINT('',(177.5,0.,115.));
#100 = DIRECTION('',(1.,0.,-2.22044604925E-16));
#101 = DIRECTION('',(-2.22044604925E-16,0.,-1.));
#102 = ORIENTED_EDGE('',*,*,#103,.F.);
#103 = EDGE_CURVE('',#55,#95,#104,.T.);
#104 = LINE('',#105,#106);
#105 = CARTESIAN_POINT('',(163.5,-5.557447174531E-14,-111.9));
#106 = VECTOR('',#107,1.);
#107 = DIRECTION('',(1.,0.,-2.22044604925E-16));
#108 = ORIENTED_EDGE('',*,*,#54,.T.);
#109 = ORIENTED_EDGE('',*,*,#103,.T.);
#110 = CYLINDRICAL_SURFACE('',#111,226.9);
#111 = AXIS2_PLACEMENT_3D('',#112,#113,#114);
#112 = CARTESIAN_POINT('',(163.5,0.,115.));
#113 = DIRECTION('',(1.,0.,-2.22044604925E-16));
#114 = DIRECTION('',(-2.22044604925E-16,0.,-1.));
#115 = ADVANCED_FACE('',(#116),#135,.T.);
#116 = FACE_BOUND('',#117,.T.);
#117 = EDGE_LOOP('',(#118,#119,#127,#134));
#118 = ORIENTED_EDGE('',*,*,#74,.F.);
#119 = ORIENTED_EDGE('',*,*,#120,.F.);
#120 = EDGE_CURVE('',#121,#75,#123,.T.);
#121 = VERTEX_POINT('',#122);
#122 = CARTESIAN_POINT('',(-35.,-5.557447174531E-14,-111.9));
#123 = LINE('',#124,#125);
#124 = CARTESIAN_POINT('',(-35.,-5.557447174531E-14,-111.9));
#125 = VECTOR('',#126,1.);
#126 = DIRECTION('',(1.,0.,-2.22044604925E-16));
#127 = ORIENTED_EDGE('',*,*,#128,.T.);
#128 = EDGE_CURVE('',#121,#121,#129,.T.);
#129 = CIRCLE('',#130,226.9);
#130 = AXIS2_PLACEMENT_3D('',#131,#132,#133);
#131 = CARTESIAN_POINT('',(-35.,0.,115.));
#132 = DIRECTION('',(1.,0.,-2.22044604925E-16));
#133 = DIRECTION('',(-2.22044604925E-16,0.,-1.));
#134 = ORIENTED_EDGE('',*,*,#120,.T.);
#135 = CYLINDRICAL_SURFACE('',#136,226.9);
#136 = AXIS2_PLACEMENT_3D('',#137,#138,#139);
#137 = CARTESIAN_POINT('',(-35.,0.,115.));
#138 = DIRECTION('',(1.,0.,-2.22044604925E-16));
#139 = DIRECTION('',(-2.22044604925E-16,0.,-1.));
#140 = ADVANCED_FACE('',(#141,#144),#155,.T.);
#141 = FACE_BOUND('',#142,.T.);
#142 = EDGE_LOOP('',(#143));
#143 = ORIENTED_EDGE('',*,*,#94,.T.);
#144 = FACE_BOUND('',#145,.T.);
#145 = EDGE_LOOP('',(#146));
#146 = ORIENTED_EDGE('',*,*,#147,.F.);
#147 = EDGE_CURVE('',#148,#148,#150,.T.);
#148 = VERTEX_POINT('',#149);
#149 = CARTESIAN_POINT('',(177.5,-5.14131219218E-14,-94.91));
#150 = CIRCLE('',#151,209.91);
#151 = AXIS2_PLACEMENT_3D('',#152,#153,#154);
#152 = CARTESIAN_POINT('',(177.5,0.,115.));
#153 = DIRECTION('',(1.,0.,-2.22044604925E-16));
#154 = DIRECTION('',(-2.22044604925E-16,0.,-1.));
#155 = PLANE('',#156);
#156 = AXIS2_PLACEMENT_3D('',#157,#158,#159);
#157 = CARTESIAN_POINT('',(177.5,0.,115.));
#158 = DIRECTION('',(1.,0.,-2.22044604925E-16));
#159 = DIRECTION('',(-2.22044604925E-16,0.,-1.));
#160 = ADVANCED_FACE('',(#161,#164),#175,.F.);
#161 = FACE_BOUND('',#162,.F.);
#162 = EDGE_LOOP('',(#163));
#163 = ORIENTED_EDGE('',*,*,#128,.T.);
#164 = FACE_BOUND('',#165,.F.);
#165 = EDGE_LOOP('',(#166));
#166 = ORIENTED_EDGE('',*,*,#167,.F.);
#167 = EDGE_CURVE('',#168,#168,#170,.T.);
#168 = VERTEX_POINT('',#169);
#169 = CARTESIAN_POINT('',(-35.,-5.14131219218E-14,-94.91));
#170 = CIRCLE('',#171,209.91);
#171 = AXIS2_PLACEMENT_3D('',#172,#173,#174);
#172 = CARTESIAN_POINT('',(-35.,0.,115.));
#173 = DIRECTION('',(1.,0.,-2.22044604925E-16));
#174 = DIRECTION('',(-2.22044604925E-16,0.,-1.));
#175 = PLANE('',#176);
#176 = AXIS2_PLACEMENT_3D('',#177,#178,#179);
#177 = CARTESIAN_POINT('',(-35.,0.,115.));
#178 = DIRECTION('',(1.,0.,-2.22044604925E-16));
#179 = DIRECTION('',(-2.22044604925E-16,0.,-1.));
#180 = ADVANCED_FACE('',(#181),#200,.F.);
#181 = FACE_BOUND('',#182,.F.);
#182 = EDGE_LOOP('',(#183,#191,#192,#193));
#183 = ORIENTED_EDGE('',*,*,#184,.T.);
#184 = EDGE_CURVE('',#185,#148,#187,.T.);
#185 = VERTEX_POINT('',#186);
#186 = CARTESIAN_POINT('',(166.5,-5.14131219218E-14,-94.91));
#187 = LINE('',#188,#189);
#188 = CARTESIAN_POINT('',(161.5,-5.14131219218E-14,-94.91));
#189 = VECTOR('',#190,1.);
#190 = DIRECTION('',(1.,0.,-2.22044604925E-16));
#191 = ORIENTED_EDGE('',*,*,#147,.F.);
#192 = ORIENTED_EDGE('',*,*,#184,.F.);
#193 = ORIENTED_EDGE('',*,*,#194,.T.);
#194 = EDGE_CURVE('',#185,#185,#195,.T.);
#195 = CIRCLE('',#196,209.91);
#196 = AXIS2_PLACEMENT_3D('',#197,#198,#199);
#197 = CARTESIAN_POINT('',(166.5,0.,115.));
#198 = DIRECTION('',(1.,0.,-2.22044604925E-16));
#199 = DIRECTION('',(-2.22044604925E-16,0.,-1.));
#200 = CYLINDRICAL_SURFACE('',#201,209.91);
#201 = AXIS2_PLACEMENT_3D('',#202,#203,#204);
#202 = CARTESIAN_POINT('',(161.5,0.,115.));
#203 = DIRECTION('',(1.,0.,-2.22044604925E-16));
#204 = DIRECTION('',(-2.22044604925E-16,0.,-1.));
#205 = ADVANCED_FACE('',(#206),#225,.F.);
#206 = FACE_BOUND('',#207,.F.);
#207 = EDGE_LOOP('',(#208,#217,#223,#224));
#208 = ORIENTED_EDGE('',*,*,#209,.F.);
#209 = EDGE_CURVE('',#210,#210,#212,.T.);
#210 = VERTEX_POINT('',#211);
#211 = CARTESIAN_POINT('',(-24.,-5.14131219218E-14,-94.91));
#212 = CIRCLE('',#213,209.91);
#213 = AXIS2_PLACEMENT_3D('',#214,#215,#216);
#214 = CARTESIAN_POINT('',(-24.,0.,115.));
#215 = DIRECTION('',(1.,0.,-2.22044604925E-16));
#216 = DIRECTION('',(-2.22044604925E-16,0.,-1.));
#217 = ORIENTED_EDGE('',*,*,#218,.F.);
#218 = EDGE_CURVE('',#168,#210,#219,.T.);
#219 = LINE('',#220,#221);
#220 = CARTESIAN_POINT('',(-37.,-5.14131219218E-14,-94.91));
#221 = VECTOR('',#222,1.);
#222 = DIRECTION('',(1.,0.,-2.22044604925E-16));
#223 = ORIENTED_EDGE('',*,*,#167,.T.);
#224 = ORIENTED_EDGE('',*,*,#218,.T.);
#225 = CYLINDRICAL_SURFACE('',#226,209.91);
#226 = AXIS2_PLACEMENT_3D('',#227,#228,#229);
#227 = CARTESIAN_POINT('',(-37.,0.,115.));
#228 = DIRECTION('',(1.,0.,-2.22044604925E-16));
#229 = DIRECTION('',(-2.22044604925E-16,0.,-1.));
#230 = ADVANCED_FACE('',(#231,#234),#245,.T.);
#231 = FACE_BOUND('',#232,.T.);
#232 = EDGE_LOOP('',(#233));
#233 = ORIENTED_EDGE('',*,*,#194,.T.);
#234 = FACE_BOUND('',#235,.T.);
#235 = EDGE_LOOP('',(#236));
#236 = ORIENTED_EDGE('',*,*,#237,.F.);
#237 = EDGE_CURVE('',#238,#238,#240,.T.);
#238 = VERTEX_POINT('',#239);
#239 = CARTESIAN_POINT('',(166.5,-5.141067262821E-14,-94.9));
#240 = CIRCLE('',#241,209.9);
#241 = AXIS2_PLACEMENT_3D('',#242,#243,#244);
#242 = CARTESIAN_POINT('',(166.5,0.,115.));
#243 = DIRECTION('',(1.,0.,-2.22044604925E-16));
#244 = DIRECTION('',(-2.22044604925E-16,0.,-1.));
#245 = PLANE('',#246);
#246 = AXIS2_PLACEMENT_3D('',#247,#248,#249);
#247 = CARTESIAN_POINT('',(166.5,0.,115.));
#248 = DIRECTION('',(1.,0.,-2.22044604925E-16));
#249 = DIRECTION('',(-2.22044604925E-16,0.,-1.));
#250 = ADVANCED_FACE('',(#251,#254),#265,.F.);
#251 = FACE_BOUND('',#252,.F.);
#252 = EDGE_LOOP('',(#253));
#253 = ORIENTED_EDGE('',*,*,#209,.T.);
#254 = FACE_BOUND('',#255,.F.);
#255 = EDGE_LOOP('',(#256));
#256 = ORIENTED_EDGE('',*,*,#257,.F.);
#257 = EDGE_CURVE('',#258,#258,#260,.T.);
#258 = VERTEX_POINT('',#259);
#259 = CARTESIAN_POINT('',(-24.,-5.141067262821E-14,-94.9));
#260 = CIRCLE('',#261,209.9);
#261 = AXIS2_PLACEMENT_3D('',#262,#263,#264);
#262 = CARTESIAN_POINT('',(-24.,0.,115.));
#263 = DIRECTION('',(1.,0.,-2.22044604925E-16));
#264 = DIRECTION('',(-2.22044604925E-16,0.,-1.));
#265 = PLANE('',#266);
#266 = AXIS2_PLACEMENT_3D('',#267,#268,#269);
#267 = CARTESIAN_POINT('',(-24.,0.,115.));
#268 = DIRECTION('',(1.,0.,-2.22044604925E-16));
#269 = DIRECTION('',(-2.22044604925E-16,0.,-1.));
#270 = ADVANCED_FACE('',(#271),#282,.F.);
#271 = FACE_BOUND('',#272,.F.);
#272 = EDGE_LOOP('',(#273,#274,#280,#281));
#273 = ORIENTED_EDGE('',*,*,#237,.F.);
#274 = ORIENTED_EDGE('',*,*,#275,.F.);
#275 = EDGE_CURVE('',#258,#238,#276,.T.);
#276 = LINE('',#277,#278);
#277 = CARTESIAN_POINT('',(-26.,-5.141067262821E-14,-94.9));
#278 = VECTOR('',#279,1.);
#279 = DIRECTION('',(1.,0.,-2.22044604925E-16));
#280 = ORIENTED_EDGE('',*,*,#257,.T.);
#281 = ORIENTED_EDGE('',*,*,#275,.T.);
#282 = CYLINDRICAL_SURFACE('',#283,209.9);
#283 = AXIS2_PLACEMENT_3D('',#284,#285,#286);
#284 = CARTESIAN_POINT('',(-26.,0.,115.));
#285 = DIRECTION('',(1.,0.,-2.22044604925E-16));
#286 = DIRECTION('',(-2.22044604925E-16,0.,-1.));
#287 = MANIFOLD_SOLID_BREP('',#288);
#288 = CLOSED_SHELL('',(#289,#355,#629,#689,#860,#2241,#2371,#2410,#2561
    ,#3161,#3270,#3365,#3396,#3536,#3553,#3641,#3688,#3818,#3856,#3974,
    #4021,#4151,#4189,#4307,#4354,#4484,#4522,#4640,#4687,#4817,#4855,
    #4973,#5020,#5150,#5188,#5306,#5344,#5455,#5513,#5544,#5639,#5760,
    #5907,#5919,#6049,#6087,#6314,#6460,#6590,#6787,#6825,#6971,#7198,
    #7328,#7474,#7512,#7642,#7869,#7907,#8053,#8280,#8410,#8556,#8594,
    #8703,#8728,#8745,#8770,#8795,#8820,#8845,#8858,#8871,#8889,#8910,
    #8923,#8941,#8962,#8975,#8993,#9014,#9027,#9045,#9066,#9079,#9097,
    #9118,#9131,#9156,#9181,#9205,#9229,#9255,#9267,#9279,#9291,#9303));
#289 = ADVANCED_FACE('',(#290),#350,.T.);
#290 = FACE_BOUND('',#291,.T.);
#291 = EDGE_LOOP('',(#292,#303,#313,#323,#332,#342));
#292 = ORIENTED_EDGE('',*,*,#293,.T.);
#293 = EDGE_CURVE('',#294,#296,#298,.T.);
#294 = VERTEX_POINT('',#295);
#295 = CARTESIAN_POINT('',(114.25,-60.22270941836,65.429592796591));
#296 = VERTEX_POINT('',#297);
#297 = CARTESIAN_POINT('',(114.25,-34.92676005567,45.256746333329));
#298 = CIRCLE('',#299,78.);
#299 = AXIS2_PLACEMENT_3D('',#300,#301,#302);
#300 = CARTESIAN_POINT('',(114.25,0.,115.));
#301 = DIRECTION('',(1.,0.,-2.22044604925E-16));
#302 = DIRECTION('',(-2.22044604925E-16,0.,-1.));
#303 = ORIENTED_EDGE('',*,*,#304,.T.);
#304 = EDGE_CURVE('',#296,#305,#307,.T.);
#305 = VERTEX_POINT('',#306);
#306 = CARTESIAN_POINT('',(116.18554208667,-34.92676005567,
    45.256746333329));
#307 = B_SPLINE_CURVE_WITH_KNOTS('',4,(#308,#309,#310,#311,#312),
  .UNSPECIFIED.,.F.,.F.,(5,5),(0.,1.),.PIECEWISE_BEZIER_KNOTS.);
#308 = CARTESIAN_POINT('',(114.2499994,-34.92676005567,45.256746333329)
  );
#309 = CARTESIAN_POINT('',(114.73388522167,-34.92676005567,
    45.256746333329));
#310 = CARTESIAN_POINT('',(115.21777104333,-34.92676005567,
    45.256746333329));
#311 = CARTESIAN_POINT('',(115.701656865,-34.92676005567,45.256746333329
    ));
#312 = CARTESIAN_POINT('',(116.18554268667,-34.92676005567,
    45.256746333329));
#313 = ORIENTED_EDGE('',*,*,#314,.T.);
#314 = EDGE_CURVE('',#305,#315,#317,.T.);
#315 = VERTEX_POINT('',#316);
#316 = CARTESIAN_POINT('',(116.25,-34.92651791228,45.256625070744));
#317 = B_SPLINE_CURVE_WITH_KNOTS('',4,(#318,#319,#320,#321,#322),
  .UNSPECIFIED.,.F.,.F.,(5,5),(0.,1.),.PIECEWISE_BEZIER_KNOTS.);
#318 = CARTESIAN_POINT('',(116.18554208667,-34.92676005567,
    45.256746333329));
#319 = CARTESIAN_POINT('',(116.20163057992,-34.92676005567,
    45.256746333329));
#320 = CARTESIAN_POINT('',(116.2177366414,-34.92671982981,
    45.256726188602));
#321 = CARTESIAN_POINT('',(116.23386005506,-34.92663917944,
    45.25668579966));
#322 = CARTESIAN_POINT('',(116.2500006,-34.92651790777,45.256625068486)
  );
#323 = ORIENTED_EDGE('',*,*,#324,.F.);
#324 = EDGE_CURVE('',#325,#315,#327,.T.);
#325 = VERTEX_POINT('',#326);
#326 = CARTESIAN_POINT('',(116.25,-60.22288152261,65.429801885471));
#327 = CIRCLE('',#328,78.);
#328 = AXIS2_PLACEMENT_3D('',#329,#330,#331);
#329 = CARTESIAN_POINT('',(116.25,0.,115.));
#330 = DIRECTION('',(1.,0.,-2.22044604925E-16));
#331 = DIRECTION('',(-2.22044604925E-16,0.,-1.));
#332 = ORIENTED_EDGE('',*,*,#333,.T.);
#333 = EDGE_CURVE('',#325,#334,#336,.T.);
#334 = VERTEX_POINT('',#335);
#335 = CARTESIAN_POINT('',(116.18554208667,-60.22270941836,
    65.42959279659));
#336 = B_SPLINE_CURVE_WITH_KNOTS('',4,(#337,#338,#339,#340,#341),
  .UNSPECIFIED.,.F.,.F.,(5,5),(0.,1.),.PIECEWISE_BEZIER_KNOTS.);
#337 = CARTESIAN_POINT('',(116.2500006,-60.22288152581,65.429801889364)
  );
#338 = CARTESIAN_POINT('',(116.23386005506,-60.22279533181,
    65.429697172189));
#339 = CARTESIAN_POINT('',(116.2177366414,-60.22273800911,
    65.429627531277));
#340 = CARTESIAN_POINT('',(116.20163057992,-60.22270941836,
    65.42959279659));
#341 = CARTESIAN_POINT('',(116.18554208667,-60.22270941836,
    65.42959279659));
#342 = ORIENTED_EDGE('',*,*,#343,.T.);
#343 = EDGE_CURVE('',#334,#294,#344,.T.);
#344 = B_SPLINE_CURVE_WITH_KNOTS('',4,(#345,#346,#347,#348,#349),
  .UNSPECIFIED.,.F.,.F.,(5,5),(0.,1.),.PIECEWISE_BEZIER_KNOTS.);
#345 = CARTESIAN_POINT('',(116.18554268667,-60.22270941836,
    65.42959279659));
#346 = CARTESIAN_POINT('',(115.701656865,-60.22270941836,65.42959279659)
  );
#347 = CARTESIAN_POINT('',(115.21777104333,-60.22270941836,
    65.42959279659));
#348 = CARTESIAN_POINT('',(114.73388522167,-60.22270941836,
    65.42959279659));
#349 = CARTESIAN_POINT('',(114.2499994,-60.22270941836,65.42959279659));
#350 = CYLINDRICAL_SURFACE('',#351,78.);
#351 = AXIS2_PLACEMENT_3D('',#352,#353,#354);
#352 = CARTESIAN_POINT('',(106.25,0.,115.));
#353 = DIRECTION('',(1.,0.,-2.22044604925E-16));
#354 = DIRECTION('',(-2.22044604925E-16,0.,-1.));
#355 = ADVANCED_FACE('',(#356),#624,.T.);
#356 = FACE_BOUND('',#357,.F.);
#357 = EDGE_LOOP('',(#358,#368,#369,#379,#498,#507));
#358 = ORIENTED_EDGE('',*,*,#359,.F.);
#359 = EDGE_CURVE('',#294,#360,#362,.T.);
#360 = VERTEX_POINT('',#361);
#361 = CARTESIAN_POINT('',(114.18591921838,-60.22246298137,
    65.429697247233));
#362 = B_SPLINE_CURVE_WITH_KNOTS('',4,(#363,#364,#365,#366,#367),
  .UNSPECIFIED.,.F.,.F.,(5,5),(0.,1.),.PIECEWISE_BEZIER_KNOTS.);
#363 = CARTESIAN_POINT('',(114.25,-60.22270941836,65.42959279659));
#364 = CARTESIAN_POINT('',(114.23397933369,-60.22270941836,
    65.42959279659));
#365 = CARTESIAN_POINT('',(114.21795881882,-60.22266834378,
    65.429610205772));
#366 = CARTESIAN_POINT('',(114.20193854912,-60.22258619636,
    65.429645023396));
#367 = CARTESIAN_POINT('',(114.18591861842,-60.22246297676,
    65.429697249189));
#368 = ORIENTED_EDGE('',*,*,#293,.T.);
#369 = ORIENTED_EDGE('',*,*,#370,.F.);
#370 = EDGE_CURVE('',#371,#296,#373,.T.);
#371 = VERTEX_POINT('',#372);
#372 = CARTESIAN_POINT('',(114.18591921838,-34.92671306121,
    45.257009834074));
#373 = B_SPLINE_CURVE_WITH_KNOTS('',4,(#374,#375,#376,#377,#378),
  .UNSPECIFIED.,.F.,.F.,(5,5),(0.,1.),.PIECEWISE_BEZIER_KNOTS.);
#374 = CARTESIAN_POINT('',(114.18591861842,-34.92671306033,
    45.257009839008));
#375 = CARTESIAN_POINT('',(114.20193854909,-34.92673655777,
    45.256878087447));
#376 = CARTESIAN_POINT('',(114.21795881886,-34.92675222292,
    45.25679025199));
#377 = CARTESIAN_POINT('',(114.23397933358,-34.92676005567,
    45.256746333329));
#378 = CARTESIAN_POINT('',(114.25,-34.92676005567,45.256746333329));
#379 = ORIENTED_EDGE('',*,*,#380,.T.);
#380 = EDGE_CURVE('',#371,#381,#383,.T.);
#381 = VERTEX_POINT('',#382);
#382 = CARTESIAN_POINT('',(106.25,-26.50233564647,50.21090982826));
#383 = B_SPLINE_CURVE_WITH_KNOTS('',8,(#384,#385,#386,#387,#388,#389,
    #390,#391,#392,#393,#394,#395,#396,#397,#398,#399,#400,#401,#402,
    #403,#404,#405,#406,#407,#408,#409,#410,#411,#412,#413,#414,#415,
    #416,#417,#418,#419,#420,#421,#422,#423,#424,#425,#426,#427,#428,
    #429,#430,#431,#432,#433,#434,#435,#436,#437,#438,#439,#440,#441,
    #442,#443,#444,#445,#446,#447,#448,#449,#450,#451,#452,#453,#454,
    #455,#456,#457,#458,#459,#460,#461,#462,#463,#464,#465,#466,#467,
    #468,#469,#470,#471,#472,#473,#474,#475,#476,#477,#478,#479,#480,
    #481,#482,#483,#484,#485,#486,#487,#488,#489,#490,#491,#492,#493,
    #494,#495,#496,#497),.UNSPECIFIED.,.F.,.F.,(9,7,7,7,7,7,7,7,7,7,7,7,
    7,7,7,7,9),(0.,0.106991883795,0.214175378111,0.319846282916,
    0.422847325799,0.52449744428,0.626023471327,0.728515848075,
    0.832679324343,0.890287816522,0.946887875191,0.970772527995,
    0.984448479132,0.992164730063,0.996269955091,0.998520299417,1.),
  .UNSPECIFIED.);
#384 = CARTESIAN_POINT('',(114.18591921838,-34.92671306121,
    45.257009834074));
#385 = CARTESIAN_POINT('',(114.04168504442,-34.92650150584,
    45.258196037692));
#386 = CARTESIAN_POINT('',(113.89624218491,-34.92297244768,
    45.261055789013));
#387 = CARTESIAN_POINT('',(113.74968044809,-34.91602745473,
    45.26563834423));
#388 = CARTESIAN_POINT('',(113.60209705115,-34.90557144493,
    45.271991597052));
#389 = CARTESIAN_POINT('',(113.4535964203,-34.89151358843,
    45.280161675599));
#390 = CARTESIAN_POINT('',(113.30428999071,-34.87376820989,45.2901925393
    ));
#391 = CARTESIAN_POINT('',(113.1542960066,-34.85225569068,
    45.302125575789));
#392 = CARTESIAN_POINT('',(112.85291300556,-34.80150564863,
    45.32989766591));
#393 = CARTESIAN_POINT('',(112.7015219513,-34.77225437417,45.34574367127
    ));
#394 = CARTESIAN_POINT('',(112.54969149314,-34.73907646114,
    45.363575840775));
#395 = CARTESIAN_POINT('',(112.39755360384,-34.70190591388,
    45.383429771836));
#396 = CARTESIAN_POINT('',(112.24524626169,-34.66068465973,
    45.405337643111));
#397 = CARTESIAN_POINT('',(112.092912818,-34.61536338104,45.429327825237
    ));
#398 = CARTESIAN_POINT('',(111.94070136457,-34.56590234708,
    45.455424491573));
#399 = CARTESIAN_POINT('',(111.63897099927,-34.45939898101,
    45.51147168279));
#400 = CARTESIAN_POINT('',(111.48944435389,-34.40247349025,
    45.541362623741));
#401 = CARTESIAN_POINT('',(111.34032985426,-34.34146752598,
    45.573338882806));
#402 = CARTESIAN_POINT('',(111.19177697159,-34.2763627463,
    45.607414929594));
#403 = CARTESIAN_POINT('',(111.04393802047,-34.20715114876,
    45.643600643072));
#404 = CARTESIAN_POINT('',(110.89696722017,-34.13383550403,
    45.681901082322));
#405 = CARTESIAN_POINT('',(110.75101975587,-34.05642978944,
    45.722316257311));
#406 = CARTESIAN_POINT('',(110.46513962943,-33.89554786635,
    45.806291122102));
#407 = CARTESIAN_POINT('',(110.32514810588,-33.81227442748,
    45.849745571918));
#408 = CARTESIAN_POINT('',(110.18641995373,-33.72516280128,
    45.895199472691));
#409 = CARTESIAN_POINT('',(110.04909874593,-33.6342469873,
    45.942643277293));
#410 = CARTESIAN_POINT('',(109.9133269976,-33.53957139382,
    45.992062679126));
#411 = CARTESIAN_POINT('',(109.77924521946,-33.44119074228,
    46.043438623366));
#412 = CARTESIAN_POINT('',(109.64699097138,-33.33916997163,
    46.096747318203));
#413 = CARTESIAN_POINT('',(109.38811373687,-33.12938313947,
    46.206449021182));
#414 = CARTESIAN_POINT('',(109.26143959357,-33.0217099483,
    46.262792417724));
#415 = CARTESIAN_POINT('',(109.13680401209,-32.91063648586,
    46.320963154669));
#416 = CARTESIAN_POINT('',(109.01433170081,-32.79624421178,
    46.38092947225));
#417 = CARTESIAN_POINT('',(108.89414279004,-32.67862356947,
    46.44265540318));
#418 = CARTESIAN_POINT('',(108.77635207164,-32.55787342695,
    46.506101043855));
#419 = CARTESIAN_POINT('',(108.6610682387,-32.43410051757,
    46.571222825556));
#420 = CARTESIAN_POINT('',(108.43585556208,-32.18089189321,
    46.704643258165));
#421 = CARTESIAN_POINT('',(108.32592032391,-32.05146324437,
    46.772937931403));
#422 = CARTESIAN_POINT('',(108.21868901724,-31.91924637742,
    46.842811202343));
#423 = CARTESIAN_POINT('',(108.11425634881,-31.78436192691,
    46.914213043817));
#424 = CARTESIAN_POINT('',(108.01270969412,-31.64693681024,
    46.987090636231));
#425 = CARTESIAN_POINT('',(107.91412866585,-31.507103319,47.061388999286
    ));
#426 = CARTESIAN_POINT('',(107.81858468246,-31.36499821041,
    47.137051623696));
#427 = CARTESIAN_POINT('',(107.63281648469,-31.07515250939,
    47.291723196559));
#428 = CARTESIAN_POINT('',(107.54265155461,-30.92737114936,
    47.370757030495));
#429 = CARTESIAN_POINT('',(107.45571054535,-30.77756192462,
    47.45106415864));
#430 = CARTESIAN_POINT('',(107.37204928051,-30.62587273737,
    47.532584686468));
#431 = CARTESIAN_POINT('',(107.29171458953,-30.472453969,47.615259043734
    ));
#432 = CARTESIAN_POINT('',(107.21474428905,-30.31745726307,
    47.699029757207));
#433 = CARTESIAN_POINT('',(107.14116716411,-30.16103430825,
    47.783843223402));
#434 = CARTESIAN_POINT('',(106.99969473386,-29.84306571691,
    47.956858810484));
#435 = CARTESIAN_POINT('',(106.93191167711,-29.68147808742,
    48.045094141729));
#436 = CARTESIAN_POINT('',(106.86767458328,-29.51873083286,
    48.134306437762));
#437 = CARTESIAN_POINT('',(106.80699483178,-29.35498004824,
    48.224455557993));
#438 = CARTESIAN_POINT('',(106.74987456149,-29.19037922611,
    48.315510073723));
#439 = CARTESIAN_POINT('',(106.69630703573,-29.02507717088,
    48.407454459614));
#440 = CARTESIAN_POINT('',(106.64627718822,-28.859214425,48.500305661435
    ));
#441 = CARTESIAN_POINT('',(106.57403692484,-28.60094667625,
    48.646034384342));
#442 = CARTESIAN_POINT('',(106.54938665503,-28.50884253209,
    48.698230399267));
#443 = CARTESIAN_POINT('',(106.52580769997,-28.41662731035,
    48.750739685851));
#444 = CARTESIAN_POINT('',(106.50329552609,-28.32432098799,
    48.803582262986));
#445 = CARTESIAN_POINT('',(106.48184493092,-28.23194198115,
    48.856785363233));
#446 = CARTESIAN_POINT('',(106.46145009881,-28.13950646606,
    48.910387295148));
#447 = CARTESIAN_POINT('',(106.44210468829,-28.04702702296,
    48.964445372143));
#448 = CARTESIAN_POINT('',(106.40581960196,-27.86361367787,
    49.07269462924));
#449 = CARTESIAN_POINT('',(106.38884382876,-27.77268142073,
    49.126867045949));
#450 = CARTESIAN_POINT('',(106.37286812477,-27.68172017401,
    49.18164815716));
#451 = CARTESIAN_POINT('',(106.35788576237,-27.59072961536,
    49.237159903352));
#452 = CARTESIAN_POINT('',(106.3438896873,-27.49970498562,
    49.293549538274));
#453 = CARTESIAN_POINT('',(106.33087322151,-27.40862167681,
    49.351082232916));
#454 = CARTESIAN_POINT('',(106.31882964994,-27.31744416595,
    49.410087110039));
#455 = CARTESIAN_POINT('',(106.30308211847,-27.18749165568,
    49.497238743919));
#456 = CARTESIAN_POINT('',(106.29858152189,-27.14888982354,
    49.523508215771));
#457 = CARTESIAN_POINT('',(106.29425327473,-27.11024174811,
    49.550246340794));
#458 = CARTESIAN_POINT('',(106.29009719208,-27.07153643757,
    49.577527700647));
#459 = CARTESIAN_POINT('',(106.28611331036,-27.03275847751,
    49.605454753758));
#460 = CARTESIAN_POINT('',(106.2823018875,-26.99388782132,
    49.634159077541));
#461 = CARTESIAN_POINT('',(106.27866357217,-26.9548959559,
    49.663824609872));
#462 = CARTESIAN_POINT('',(106.27321685402,-26.89330810456,
    49.712487635834));
#463 = CARTESIAN_POINT('',(106.27129102725,-26.87082801786,
    49.730624855153));
#464 = CARTESIAN_POINT('',(106.26942282603,-26.84828211949,
    49.749242257354));
#465 = CARTESIAN_POINT('',(106.26761265568,-26.82565885093,
    49.768412189158));
#466 = CARTESIAN_POINT('',(106.26586116773,-26.80294254476,
    49.788234352206));
#467 = CARTESIAN_POINT('',(106.2641692491,-26.78011344724,
    49.808835617517));
#468 = CARTESIAN_POINT('',(106.26253819206,-26.75714405645,
    49.830392597902));
#469 = CARTESIAN_POINT('',(106.26008575739,-26.72091886821,
    49.866093862227));
#470 = CARTESIAN_POINT('',(106.25922134316,-26.7077930066,
    49.879373633196));
#471 = CARTESIAN_POINT('',(106.25837750337,-26.69459809995,
    49.893113751974));
#472 = CARTESIAN_POINT('',(106.25755474782,-26.68132349203,
    49.907381382549));
#473 = CARTESIAN_POINT('',(106.25675386161,-26.66795472151,
    49.922271377199));
#474 = CARTESIAN_POINT('',(106.25597587249,-26.65447395381,
    49.93790343638));
#475 = CARTESIAN_POINT('',(106.25522223043,-26.64085641477,
    49.954444749924));
#476 = CARTESIAN_POINT('',(106.25410900998,-26.61971308739,
    49.981654061909));
#477 = CARTESIAN_POINT('',(106.25373014023,-26.61232018362,
    49.991446123778));
#478 = CARTESIAN_POINT('',(106.25335934272,-26.60486849879,
    50.001630796804));
#479 = CARTESIAN_POINT('',(106.25299708983,-26.59734949295,
    50.012264032085));
#480 = CARTESIAN_POINT('',(106.25264412498,-26.58975185578,
    50.023425584133));
#481 = CARTESIAN_POINT('',(106.25230141959,-26.58206207687,
    50.035215023248));
#482 = CARTESIAN_POINT('',(106.25197033847,-26.57426155461,
    50.047771055883));
#483 = CARTESIAN_POINT('',(106.25147969634,-26.56195694979,
    50.068807113676));
#484 = CARTESIAN_POINT('',(106.25131033788,-26.55755877276,
    50.076560411664));
#485 = CARTESIAN_POINT('',(106.25114568729,-26.5531106858,
    50.084667801327));
#486 = CARTESIAN_POINT('',(106.25098621594,-26.5486050767,
    50.093181510029));
#487 = CARTESIAN_POINT('',(106.25083275249,-26.54403243201,
    50.102178909452));
#488 = CARTESIAN_POINT('',(106.25068638336,-26.53938245613,
    50.111753625181));
#489 = CARTESIAN_POINT('',(106.25054863863,-26.5346413869,50.12203514445
    ));
#490 = CARTESIAN_POINT('',(106.2503396865,-26.52657980578,
    50.140701089897));
#491 = CARTESIAN_POINT('',(106.25026258383,-26.52335667172,
    50.148465716762));
#492 = CARTESIAN_POINT('',(106.25019121926,-26.52007451979,
    50.156712490526));
#493 = CARTESIAN_POINT('',(106.25012688039,-26.51671102049,
    50.165588937918));
#494 = CARTESIAN_POINT('',(106.25007086558,-26.51325714659,
    50.175194782583));
#495 = CARTESIAN_POINT('',(106.25002745784,-26.509706619,50.185774450349
    ));
#496 = CARTESIAN_POINT('',(106.25,-26.50607294618,50.197454938209));
#497 = CARTESIAN_POINT('',(106.25,-26.50233564647,50.21090982826));
#498 = ORIENTED_EDGE('',*,*,#499,.F.);
#499 = EDGE_CURVE('',#500,#381,#502,.T.);
#500 = VERTEX_POINT('',#501);
#501 = CARTESIAN_POINT('',(106.25,-57.26736793321,74.745204385049));
#502 = CIRCLE('',#503,70.);
#503 = AXIS2_PLACEMENT_3D('',#504,#505,#506);
#504 = CARTESIAN_POINT('',(106.25,0.,115.));
#505 = DIRECTION('',(1.,0.,-2.22044604925E-16));
#506 = DIRECTION('',(-2.22044604925E-16,0.,-1.));
#507 = ORIENTED_EDGE('',*,*,#508,.F.);
#508 = EDGE_CURVE('',#360,#500,#509,.T.);
#509 = B_SPLINE_CURVE_WITH_KNOTS('',8,(#510,#511,#512,#513,#514,#515,
    #516,#517,#518,#519,#520,#521,#522,#523,#524,#525,#526,#527,#528,
    #529,#530,#531,#532,#533,#534,#535,#536,#537,#538,#539,#540,#541,
    #542,#543,#544,#545,#546,#547,#548,#549,#550,#551,#552,#553,#554,
    #555,#556,#557,#558,#559,#560,#561,#562,#563,#564,#565,#566,#567,
    #568,#569,#570,#571,#572,#573,#574,#575,#576,#577,#578,#579,#580,
    #581,#582,#583,#584,#585,#586,#587,#588,#589,#590,#591,#592,#593,
    #594,#595,#596,#597,#598,#599,#600,#601,#602,#603,#604,#605,#606,
    #607,#608,#609,#610,#611,#612,#613,#614,#615,#616,#617,#618,#619,
    #620,#621,#622,#623),.UNSPECIFIED.,.F.,.F.,(9,7,7,7,7,7,7,7,7,7,7,7,
    7,7,7,7,9),(0.,0.106991883795,0.214175378112,0.319846282917,
    0.422847325799,0.52449744428,0.626023471327,0.728515848074,
    0.832679324343,0.890287816523,0.946887875191,0.970772527995,
    0.984448479132,0.992164730063,0.996269955092,0.998520299418,1.),
  .UNSPECIFIED.);
#510 = CARTESIAN_POINT('',(114.18591921838,-60.22246298137,
    65.429697247233));
#511 = CARTESIAN_POINT('',(114.04168504442,-60.22135359386,
    65.430167453605));
#512 = CARTESIAN_POINT('',(113.89624218491,-60.21935083179,
    65.434244385444));
#513 = CARTESIAN_POINT('',(113.74968044809,-60.21642857712,
    65.442034967388));
#514 = CARTESIAN_POINT('',(113.60209705115,-60.21256129467,
    65.453642554943));
#515 = CARTESIAN_POINT('',(113.4535964203,-60.20772422441,
    65.469165965132));
#516 = CARTESIAN_POINT('',(113.30428999071,-60.20189357361,
    65.488698507148));
#517 = CARTESIAN_POINT('',(113.1542960066,-60.19504670913,
    65.512327013005));
#518 = CARTESIAN_POINT('',(112.85291300556,-60.17926387004,
    65.567984516978));
#519 = CARTESIAN_POINT('',(112.7015219513,-60.17032417803,
    65.600028468828));
#520 = CARTESIAN_POINT('',(112.54969149314,-60.16032187844,
    65.636342573322));
#521 = CARTESIAN_POINT('',(112.39755360384,-60.14923695178,
    65.676999092645));
#522 = CARTESIAN_POINT('',(112.24524626169,-60.13705094855,
    65.722061803864));
#523 = CARTESIAN_POINT('',(112.092912818,-60.12374718364,65.771585101209
    ));
#524 = CARTESIAN_POINT('',(111.94070136457,-60.10931093068,
    65.825613098346));
#525 = CARTESIAN_POINT('',(111.63897099927,-60.07836818805,
    65.941917876007));
#526 = CARTESIAN_POINT('',(111.48944435389,-60.06189378877,
    66.004067485961));
#527 = CARTESIAN_POINT('',(111.34032985426,-60.04429434542,
    66.070659290365));
#528 = CARTESIAN_POINT('',(111.19177697159,-60.02555983265,
    66.141714391051));
#529 = CARTESIAN_POINT('',(111.04393802047,-60.00568239989,
    66.217242788093));
#530 = CARTESIAN_POINT('',(110.89696722016,-59.98465649835,
    66.29724290606));
#531 = CARTESIAN_POINT('',(110.75101975587,-59.96247900808,
    66.381701120258));
#532 = CARTESIAN_POINT('',(110.46513962943,-59.91640916426,
    66.557235562982));
#533 = CARTESIAN_POINT('',(110.32514810588,-59.89257429161,
    66.648090687636));
#534 = CARTESIAN_POINT('',(110.18641995373,-59.86764417545,
    66.743132687949));
#535 = CARTESIAN_POINT('',(110.04909874593,-59.84162055793,
    66.842326292372));
#536 = CARTESIAN_POINT('',(109.9133269976,-59.81450750516,
    66.945625022506));
#537 = CARTESIAN_POINT('',(109.77924521946,-59.78631141757,
    67.052971288811));
#538 = CARTESIAN_POINT('',(109.64699097138,-59.75704104018,
    67.164296486298));
#539 = CARTESIAN_POINT('',(109.38811373687,-59.69677174976,
    67.393234449983));
#540 = CARTESIAN_POINT('',(109.26143959357,-59.66580053886,
    67.510745634669));
#541 = CARTESIAN_POINT('',(109.13680401209,-59.63380443434,
    67.631978460215));
#542 = CARTESIAN_POINT('',(109.01433170081,-59.60079627321,
    67.756846442153));
#543 = CARTESIAN_POINT('',(108.89414279004,-59.56679099542,
    67.885253401186));
#544 = CARTESIAN_POINT('',(108.77635207164,-59.5318055039,
    68.017094068747));
#545 = CARTESIAN_POINT('',(108.6610682387,-59.49585852463,
    68.152254692558));
#546 = CARTESIAN_POINT('',(108.43585556208,-59.4221274404,
    68.428803687328));
#547 = CARTESIAN_POINT('',(108.32592032391,-59.38434564103,
    68.570184284193));
#548 = CARTESIAN_POINT('',(108.21868901724,-59.34564525959,
    68.714634463752));
#549 = CARTESIAN_POINT('',(108.11425634881,-59.30604822526,
    68.862025483917));
#550 = CARTESIAN_POINT('',(108.01270969412,-59.26557779155,
    69.012221855927));
#551 = CARTESIAN_POINT('',(107.91412866585,-59.22425812265,
    69.165082370737));
#552 = CARTESIAN_POINT('',(107.81858468246,-59.18211387969,
    69.320461125412));
#553 = CARTESIAN_POINT('',(107.63281648469,-59.09581698218,
    69.637457452408));
#554 = CARTESIAN_POINT('',(107.54265155461,-59.05164913772,
    69.799120307743));
#555 = CARTESIAN_POINT('',(107.45571054535,-59.00669116555,
    69.963043519602));
#556 = CARTESIAN_POINT('',(107.37204928051,-58.96096854717,
    70.129069566217));
#557 = CARTESIAN_POINT('',(107.29171458953,-58.91450589628,
    70.297038580946));
#558 = CARTESIAN_POINT('',(107.21474428905,-58.86732550125,
    70.466789933261));
#559 = CARTESIAN_POINT('',(107.14116716411,-58.81944586773,
    70.638163809726));
#560 = CARTESIAN_POINT('',(106.99969473386,-58.72152281055,
    70.986659854652));
#561 = CARTESIAN_POINT('',(106.93191167711,-58.67145635351,
    71.163830353212));
#562 = CARTESIAN_POINT('',(106.86767458328,-58.62069546708,
    71.342348797754));
#563 = CARTESIAN_POINT('',(106.80699483178,-58.56924455104,
    71.522054074755));
#564 = CARTESIAN_POINT('',(106.74987456149,-58.5171000908,
    71.702789546497));
#565 = CARTESIAN_POINT('',(106.69630703573,-58.46424411034,
    71.884406684702));
#566 = CARTESIAN_POINT('',(106.64627718822,-58.41062881512,
    72.066772241397));
#567 = CARTESIAN_POINT('',(106.57403692484,-58.32602379622,
    72.350992369998));
#568 = CARTESIAN_POINT('',(106.54938665503,-58.29563154454,
    72.452401976953));
#569 = CARTESIAN_POINT('',(106.52580769997,-58.26495859267,
    72.553989586047));
#570 = CARTESIAN_POINT('',(106.50329552609,-58.23398097833,
    72.655740175802));
#571 = CARTESIAN_POINT('',(106.48184493092,-58.20266805377,
    72.757641851627));
#572 = CARTESIAN_POINT('',(106.46145009881,-58.17097887134,
    72.859687367315));
#573 = CARTESIAN_POINT('',(106.44210468829,-58.13885475525,
    72.961877211477));
#574 = CARTESIAN_POINT('',(106.40581960196,-58.07413284188,
    73.164779726862));
#575 = CARTESIAN_POINT('',(106.38884382876,-58.04155297155,
    73.265486619232));
#576 = CARTESIAN_POINT('',(106.37286812478,-58.00838611875,
    73.366357221608));
#577 = CARTESIAN_POINT('',(106.35788576237,-57.97451347201,
    73.467418982598));
#578 = CARTESIAN_POINT('',(106.3438896873,-57.9397925286,73.568709309044
    ));
#579 = CARTESIAN_POINT('',(106.33087322151,-57.90397024167,
    73.670311198096));
#580 = CARTESIAN_POINT('',(106.31882964994,-57.86673364488,
    73.772332518751));
#581 = CARTESIAN_POINT('',(106.30308211847,-57.81068423838,
    73.918419911238));
#582 = CARTESIAN_POINT('',(106.29858152189,-57.79366311277,
    73.961899422269));
#583 = CARTESIAN_POINT('',(106.29425327473,-57.77619537421,
    74.005528302312));
#584 = CARTESIAN_POINT('',(106.29009719208,-57.75821075686,
    74.049333863579));
#585 = CARTESIAN_POINT('',(106.28611331036,-57.73961280116,
    74.093353933157));
#586 = CARTESIAN_POINT('',(106.2823018875,-57.72027768943,
    74.137637333782));
#587 = CARTESIAN_POINT('',(106.27866357217,-57.70003244024,
    74.18225279369));
#588 = CARTESIAN_POINT('',(106.27321685402,-57.66629408414,74.253125051)
  );
#589 = CARTESIAN_POINT('',(106.27129102725,-57.65361389266,
    74.279077425974));
#590 = CARTESIAN_POINT('',(106.26942282603,-57.64048020196,
    74.305200813325));
#591 = CARTESIAN_POINT('',(106.26761265568,-57.62682505122,
    74.331522580437));
#592 = CARTESIAN_POINT('',(106.26586116773,-57.61255472485,
    74.358080187616));
#593 = CARTESIAN_POINT('',(106.2641692491,-57.59754992837,
    74.384921124797));
#594 = CARTESIAN_POINT('',(106.26253819206,-57.58164459679,
    74.412111504412));
#595 = CARTESIAN_POINT('',(106.26008575739,-57.55489930041,
    74.455372730231));
#596 = CARTESIAN_POINT('',(106.25922134316,-57.54487326001,
    74.471124526123));
#597 = CARTESIAN_POINT('',(106.25837750337,-57.53441377765,
    74.48704607298));
#598 = CARTESIAN_POINT('',(106.25755474782,-57.52345774452,
    74.503162705251));
#599 = CARTESIAN_POINT('',(106.25675386161,-57.51191590442,
    74.519509628298));
#600 = CARTESIAN_POINT('',(106.25597587249,-57.49967552662,
    74.536130865413));
#601 = CARTESIAN_POINT('',(106.25522223043,-57.48657912585,
    74.553087772858));
#602 = CARTESIAN_POINT('',(106.25410900998,-57.46475684108,
    74.579755634389));
#603 = CARTESIAN_POINT('',(106.25373014023,-57.4568553625,
    74.589142121378));
#604 = CARTESIAN_POINT('',(106.25335934272,-57.44858419635,
    74.598673279865));
#605 = CARTESIAN_POINT('',(106.25299708983,-57.43989069468,
    74.608369885976));
#606 = CARTESIAN_POINT('',(106.25264412498,-57.43069961937,
    74.618260713503));
#607 = CARTESIAN_POINT('',(106.25230141959,-57.42091690289,
    74.628381090612));
#608 = CARTESIAN_POINT('',(106.25197033847,-57.41041145571,
    74.638780017596));
#609 = CARTESIAN_POINT('',(106.25147969634,-57.39264084796,
    74.655457083512));
#610 = CARTESIAN_POINT('',(106.25131033788,-57.3860606278,
    74.661470260168));
#611 = CARTESIAN_POINT('',(106.25114568729,-57.37914629979,
    74.667610888223));
#612 = CARTESIAN_POINT('',(106.25098621594,-57.37184863988,
    74.673898010705));
#613 = CARTESIAN_POINT('',(106.25083275249,-57.36409433322,
    74.680358119374));
#614 = CARTESIAN_POINT('',(106.25068638336,-57.35579439258,
    74.687022085331));
#615 = CARTESIAN_POINT('',(106.25054863863,-57.34682563961,
    74.693932139334));
#616 = CARTESIAN_POINT('',(106.2503396865,-57.33042155895,
    74.705945163396));
#617 = CARTESIAN_POINT('',(106.25026258383,-57.32356882229,
    74.710815278771));
#618 = CARTESIAN_POINT('',(106.25019121926,-57.31625915987,
    74.715850220112));
#619 = CARTESIAN_POINT('',(106.25012688039,-57.30835371257,
    74.721104584814));
#620 = CARTESIAN_POINT('',(106.25007086558,-57.29975726571,
    74.726609364424));
#621 = CARTESIAN_POINT('',(106.25002745784,-57.29023291904,
    74.732425070419));
#622 = CARTESIAN_POINT('',(106.25,-57.27965385366,74.738566792542));
#623 = CARTESIAN_POINT('',(106.25,-57.26736793321,74.745204385049));
#624 = TOROIDAL_SURFACE('',#625,70.,8.);
#625 = AXIS2_PLACEMENT_3D('',#626,#627,#628);
#626 = CARTESIAN_POINT('',(114.25,0.,115.));
#627 = DIRECTION('',(-1.,-0.,2.22044604925E-16));
#628 = DIRECTION('',(-2.22044604925E-16,0.,-1.));
#629 = ADVANCED_FACE('',(#630),#684,.T.);
#630 = FACE_BOUND('',#631,.T.);
#631 = EDGE_LOOP('',(#632,#654,#655,#656,#678));
#632 = ORIENTED_EDGE('',*,*,#633,.F.);
#633 = EDGE_CURVE('',#360,#634,#636,.T.);
#634 = VERTEX_POINT('',#635);
#635 = CARTESIAN_POINT('',(113.25281177045,-185.7987951259,
    12.205020892249));
#636 = B_SPLINE_CURVE_WITH_KNOTS('',6,(#637,#638,#639,#640,#641,#642,
    #643,#644,#645,#646,#647,#648,#649,#650,#651,#652,#653),
  .UNSPECIFIED.,.F.,.F.,(7,5,5,7),(-9.00042291895,-5.474960499495E-02,
    146.55481105679,155.50048437074),.UNSPECIFIED.);
#637 = CARTESIAN_POINT('',(114.31401177045,-42.983941416,72.736127650849
    ));
#638 = CARTESIAN_POINT('',(114.30381177045,-44.35664355306,
    72.154317163723));
#639 = CARTESIAN_POINT('',(114.29361177045,-45.72934569011,
    71.572506676598));
#640 = CARTESIAN_POINT('',(114.28341177045,-47.10204782716,
    70.990696189472));
#641 = CARTESIAN_POINT('',(114.27321177045,-48.47474996421,
    70.408885702346));
#642 = CARTESIAN_POINT('',(114.26301177045,-49.84745210127,
    69.827075215221));
#643 = CARTESIAN_POINT('',(114.08564520106,-73.71720394826,
    59.710042849061));
#644 = CARTESIAN_POINT('',(113.91847863168,-96.21425365819,
    50.174820970027));
#645 = CARTESIAN_POINT('',(113.75131206229,-118.7113033681,
    40.639599090994));
#646 = CARTESIAN_POINT('',(113.5841454929,-141.208353078,31.104377211959
    ));
#647 = CARTESIAN_POINT('',(113.41697892352,-163.705402788,
    21.569155332925));
#648 = CARTESIAN_POINT('',(113.23961235413,-187.5751546349,
    11.452122966766));
#649 = CARTESIAN_POINT('',(113.22941235413,-188.947856772,10.87031247964
    ));
#650 = CARTESIAN_POINT('',(113.21921235413,-190.320558909,
    10.288501992515));
#651 = CARTESIAN_POINT('',(113.20901235413,-191.6932610461,
    9.706691505389));
#652 = CARTESIAN_POINT('',(113.19881235413,-193.0659631832,
    9.124881018263));
#653 = CARTESIAN_POINT('',(113.18861235413,-194.4386653202,
    8.543070531138));
#654 = ORIENTED_EDGE('',*,*,#359,.F.);
#655 = ORIENTED_EDGE('',*,*,#343,.F.);
#656 = ORIENTED_EDGE('',*,*,#657,.T.);
#657 = EDGE_CURVE('',#334,#658,#660,.T.);
#658 = VERTEX_POINT('',#659);
#659 = CARTESIAN_POINT('',(115.25243646992,-185.7987951259,
    12.205020892249));
#660 = B_SPLINE_CURVE_WITH_KNOTS('',6,(#661,#662,#663,#664,#665,#666,
    #667,#668,#669,#670,#671,#672,#673,#674,#675,#676,#677),
  .UNSPECIFIED.,.F.,.F.,(7,5,5,7),(-8.890959613726,5.471370022829E-02,
    146.55455944062,155.50023275457),.UNSPECIFIED.);
#661 = CARTESIAN_POINT('',(116.31363646992,-42.983941416,72.736127650849
    ));
#662 = CARTESIAN_POINT('',(116.30343646992,-44.35664355306,
    72.154317163723));
#663 = CARTESIAN_POINT('',(116.29323646992,-45.72934569011,
    71.572506676598));
#664 = CARTESIAN_POINT('',(116.28303646992,-47.10204782716,
    70.990696189472));
#665 = CARTESIAN_POINT('',(116.27283646992,-48.47474996422,
    70.408885702346));
#666 = CARTESIAN_POINT('',(116.26263646992,-49.84745210127,
    69.827075215221));
#667 = CARTESIAN_POINT('',(116.08539499924,-73.70036833379,
    59.717178510025));
#668 = CARTESIAN_POINT('',(115.91835352857,-96.18058242926,
    50.189092291955));
#669 = CARTESIAN_POINT('',(115.75131205789,-118.6607965247,
    40.661006073885));
#670 = CARTESIAN_POINT('',(115.58427058721,-141.1410106201,
    31.132919855815));
#671 = CARTESIAN_POINT('',(115.41722911654,-163.6212247156,
    21.604833637745));
#672 = CARTESIAN_POINT('',(115.23998764586,-187.4741409481,
    11.494936932549));
#673 = CARTESIAN_POINT('',(115.22978764586,-188.8468430852,
    10.913126445424));
#674 = CARTESIAN_POINT('',(115.21958764586,-190.2195452222,
    10.331315958298));
#675 = CARTESIAN_POINT('',(115.20938764586,-191.5922473593,
    9.749505471172));
#676 = CARTESIAN_POINT('',(115.19918764586,-192.9649494963,
    9.167694984047));
#677 = CARTESIAN_POINT('',(115.18898764586,-194.3376516334,
    8.585884496921));
#678 = ORIENTED_EDGE('',*,*,#679,.F.);
#679 = EDGE_CURVE('',#634,#658,#680,.T.);
#680 = LINE('',#681,#682);
#681 = CARTESIAN_POINT('',(105.25,-185.7987951259,12.205020892249));
#682 = VECTOR('',#683,1.);
#683 = DIRECTION('',(1.,0.,-2.22044604925E-16));
#684 = B_SPLINE_SURFACE_WITH_KNOTS('',1,1,(
    (#685,#686)
    ,(#687,#688
  )),.UNSPECIFIED.,.F.,.F.,.F.,(2,2),(2,2),(0.,18.),(0.,1.),
  .PIECEWISE_BEZIER_KNOTS.);
#685 = CARTESIAN_POINT('',(106.25,-51.22015423832,69.245264728095));
#686 = CARTESIAN_POINT('',(105.25,-185.7987951259,12.205020892249));
#687 = CARTESIAN_POINT('',(124.25,-51.22015423832,69.245264728095));
#688 = CARTESIAN_POINT('',(123.25,-185.7987951259,12.205020892249));
#689 = ADVANCED_FACE('',(#690),#808,.T.);
#690 = FACE_BOUND('',#691,.T.);
#691 = EDGE_LOOP('',(#692,#693,#694,#757,#779));
#692 = ORIENTED_EDGE('',*,*,#657,.F.);
#693 = ORIENTED_EDGE('',*,*,#333,.F.);
#694 = ORIENTED_EDGE('',*,*,#695,.T.);
#695 = EDGE_CURVE('',#325,#696,#698,.T.);
#696 = VERTEX_POINT('',#697);
#697 = CARTESIAN_POINT('',(124.22387717864,-58.20964536009,
    74.968876287417));
#698 = B_SPLINE_CURVE_WITH_KNOTS('',8,(#699,#700,#701,#702,#703,#704,
    #705,#706,#707,#708,#709,#710,#711,#712,#713,#714,#715,#716,#717,
    #718,#719,#720,#721,#722,#723,#724,#725,#726,#727,#728,#729,#730,
    #731,#732,#733,#734,#735,#736,#737,#738,#739,#740,#741,#742,#743,
    #744,#745,#746,#747,#748,#749,#750,#751,#752,#753,#754,#755,#756),
  .UNSPECIFIED.,.F.,.F.,(9,7,7,7,7,7,7,7,9),(0.,0.202955060292,
    0.401649457109,0.596447807078,0.796772396684,0.858695805546,
    0.921060854274,0.963383855954,1.),.UNSPECIFIED.);
#699 = CARTESIAN_POINT('',(116.25,-60.22288152261,65.429801885471));
#700 = CARTESIAN_POINT('',(116.5370215746,-60.22441426562,
    65.431664016438));
#701 = CARTESIAN_POINT('',(116.82879757892,-60.22247223293,
    65.447823413599));
#702 = CARTESIAN_POINT('',(117.12461716663,-60.2168510568,
    65.479106343793));
#703 = CARTESIAN_POINT('',(117.42365763143,-60.20735550864,
    65.526281910717));
#704 = CARTESIAN_POINT('',(117.72498441062,-60.19380563148,
    65.590030296174));
#705 = CARTESIAN_POINT('',(118.02755974864,-60.17604311577,
    65.670912621255));
#706 = CARTESIAN_POINT('',(118.33026002049,-60.15393791869,
    65.769342427456));
#707 = CARTESIAN_POINT('',(118.92721100396,-60.10140955146,
    65.999335382193));
#708 = CARTESIAN_POINT('',(119.22150664959,-60.07117061236,
    66.130160225877));
#709 = CARTESIAN_POINT('',(119.51367815424,-60.03658921199,
    66.278257924434));
#710 = CARTESIAN_POINT('',(119.80255999175,-59.99760796561,
    66.443696144752));
#711 = CARTESIAN_POINT('',(120.0869578597,-59.9542070442,66.626363465256
    ));
#712 = CARTESIAN_POINT('',(120.36567761476,-59.90640867427,
    66.825958016013));
#713 = CARTESIAN_POINT('',(120.63755689127,-59.85428029451,
    67.041986898656));
#714 = CARTESIAN_POINT('',(121.16026646759,-59.74269724893,
    67.501020890344));
#715 = CARTESIAN_POINT('',(121.41140572919,-59.68340618617,
    67.74341475051));
#716 = CARTESIAN_POINT('',(121.65388411951,-59.62017034216,
    68.000324502652));
#717 = CARTESIAN_POINT('',(121.88672812049,-59.55314128835,
    68.270949707174));
#718 = CARTESIAN_POINT('',(122.10905374421,-59.48251393607,
    68.554337230108));
#719 = CARTESIAN_POINT('',(122.32008953131,-59.40852714186,
    68.849401341025));
#720 = CARTESIAN_POINT('',(122.51919256811,-59.33146598851,
    69.154949627623));
#721 = CARTESIAN_POINT('',(122.89781797997,-59.16960163991,
    69.793409405911));
#722 = CARTESIAN_POINT('',(123.07662482908,-59.08464132696,
    70.126851358781));
#723 = CARTESIAN_POINT('',(123.24172845537,-58.99714679913,
    70.468663369307));
#724 = CARTESIAN_POINT('',(123.39273209537,-58.90755441037,
    70.817375706988));
#725 = CARTESIAN_POINT('',(123.52940056979,-58.81632896203,
    71.171479779838));
#726 = CARTESIAN_POINT('',(123.65165679321,-58.72411408754,
    71.529402802651));
#727 = CARTESIAN_POINT('',(123.75957032527,-58.63158133825,
    71.889601427315));
#728 = CARTESIAN_POINT('',(123.88231827252,-58.51187621473,
    72.361786593841));
#729 = CARTESIAN_POINT('',(123.9099501439,-58.48371541918,
    72.473328342129));
#730 = CARTESIAN_POINT('',(123.93623569314,-58.45570066923,
    72.584864352039));
#731 = CARTESIAN_POINT('',(123.9611817431,-58.42788153477,
    72.696339241397));
#732 = CARTESIAN_POINT('',(123.98479617618,-58.40031620652,
    72.807694700906));
#733 = CARTESIAN_POINT('',(124.00708785059,-58.37307573449,
    72.918867804442));
#734 = CARTESIAN_POINT('',(124.02806648342,-58.3462520306,73.02978775835
    ));
#735 = CARTESIAN_POINT('',(124.06755884829,-58.29349979377,
    73.251743105214));
#736 = CARTESIAN_POINT('',(124.08605384435,-58.26757916268,
    73.362773165165));
#737 = CARTESIAN_POINT('',(124.10323823831,-58.24233598151,
    73.473376023149));
#738 = CARTESIAN_POINT('',(124.11912341199,-58.21793184828,
    73.583453123134));
#739 = CARTESIAN_POINT('',(124.13372117901,-58.19458352406,
    73.692883618047));
#740 = CARTESIAN_POINT('',(124.14704361781,-58.17258218196,
    73.801516455483));
#741 = CARTESIAN_POINT('',(124.1591026,-58.15234926417,73.909147307577)
  );
#742 = CARTESIAN_POINT('',(124.17724203899,-58.12250122698,
    74.087614257608));
#743 = CARTESIAN_POINT('',(124.18399825232,-58.11156400356,
    74.159157817237));
#744 = CARTESIAN_POINT('',(124.19018076593,-58.10196830611,
    74.229998965798));
#745 = CARTESIAN_POINT('',(124.19579252678,-58.09398791591,
    74.300015187083));
#746 = CARTESIAN_POINT('',(124.20083601579,-58.08796219962,
    74.369055798628));
#747 = CARTESIAN_POINT('',(124.20531295484,-58.08434134484,
    74.436923138459));
#748 = CARTESIAN_POINT('',(124.20922410628,-58.08371530388,
    74.503360538633));
#749 = CARTESIAN_POINT('',(124.21546396293,-58.08941016597,
    74.624056239724));
#750 = CARTESIAN_POINT('',(124.21793498405,-58.094804891,74.678750029434
    ));
#751 = CARTESIAN_POINT('',(124.21998255785,-58.10339885444,
    74.73195665727));
#752 = CARTESIAN_POINT('',(124.22160642499,-58.11567051796,
    74.783465284423));
#753 = CARTESIAN_POINT('',(124.2228061354,-58.13214391294,
    74.833044570783));
#754 = CARTESIAN_POINT('',(124.22358225586,-58.15323537495,
    74.880507507316));
#755 = CARTESIAN_POINT('',(124.22393758854,-58.1791001689,
    74.925776217205));
#756 = CARTESIAN_POINT('',(124.22387717864,-58.20964536009,
    74.968876287417));
#757 = ORIENTED_EDGE('',*,*,#758,.T.);
#758 = EDGE_CURVE('',#696,#759,#761,.T.);
#759 = VERTEX_POINT('',#760);
#760 = CARTESIAN_POINT('',(123.25,-189.2727124528,19.418684551631));
#761 = B_SPLINE_CURVE_WITH_KNOTS('',6,(#762,#763,#764,#765,#766,#767,
    #768,#769,#770,#771,#772,#773,#774,#775,#776,#777,#778),
  .UNSPECIFIED.,.F.,.F.,(7,5,5,7),(-8.890959613726,5.471370022829E-02,
    146.55455944062,155.50023275457),.UNSPECIFIED.);
#762 = CARTESIAN_POINT('',(124.31344882405,-46.15521505775,
    80.078064782805));
#763 = CARTESIAN_POINT('',(124.30324882405,-47.5279171948,79.49625429568
    ));
#764 = CARTESIAN_POINT('',(124.29304882405,-48.90061933185,
    78.914443808554));
#765 = CARTESIAN_POINT('',(124.28284882405,-50.2733214689,
    78.332633321428));
#766 = CARTESIAN_POINT('',(124.27264882405,-51.64602360596,
    77.750822834303));
#767 = CARTESIAN_POINT('',(124.26244882405,-53.01872574301,
    77.169012347177));
#768 = CARTESIAN_POINT('',(124.08520735338,-76.87164197553,
    67.059115641981));
#769 = CARTESIAN_POINT('',(123.9181658827,-99.351856071,57.531029423912)
  );
#770 = CARTESIAN_POINT('',(123.75112441202,-121.8320701664,
    48.002943205841));
#771 = CARTESIAN_POINT('',(123.58408294135,-144.3122842619,
    38.474856987771));
#772 = CARTESIAN_POINT('',(123.41704147067,-166.7924983574,
    28.946770769701));
#773 = CARTESIAN_POINT('',(123.2398,-190.6454145899,18.836874064506));
#774 = CARTESIAN_POINT('',(123.2296,-192.0181167269,18.25506357738));
#775 = CARTESIAN_POINT('',(123.2194,-193.390818864,17.673253090254));
#776 = CARTESIAN_POINT('',(123.2092,-194.763521001,17.091442603129));
#777 = CARTESIAN_POINT('',(123.199,-196.1362231381,16.509632116003));
#778 = CARTESIAN_POINT('',(123.1888,-197.5089252751,15.927821628878));
#779 = ORIENTED_EDGE('',*,*,#780,.F.);
#780 = EDGE_CURVE('',#658,#759,#781,.T.);
#781 = B_SPLINE_CURVE_WITH_KNOTS('',7,(#782,#783,#784,#785,#786,#787,
    #788,#789,#790,#791,#792,#793,#794,#795,#796,#797,#798,#799,#800,
    #801,#802,#803,#804,#805,#806,#807),.UNSPECIFIED.,.F.,.F.,(8,6,6,6,8
    ),(0.,0.246925498661,0.497996622871,0.749070781754,1.),
  .UNSPECIFIED.);
#782 = CARTESIAN_POINT('',(115.25243646992,-185.7987951259,
    12.205020892249));
#783 = CARTESIAN_POINT('',(115.6517537518,-185.7987951259,
    12.205020892249));
#784 = CARTESIAN_POINT('',(116.06063670095,-185.8088959701,
    12.225995511538));
#785 = CARTESIAN_POINT('',(116.47705974607,-185.8299677509,
    12.269751515072));
#786 = CARTESIAN_POINT('',(116.89850506259,-185.8627950674,
    12.337918140177));
#787 = CARTESIAN_POINT('',(117.32195720698,-185.907990051,
    12.431766490716));
#788 = CARTESIAN_POINT('',(117.74401015744,-185.965918388,
    12.552055921984));
#789 = CARTESIAN_POINT('',(118.58516565279,-186.1085456083,
    12.848224396546));
#790 = CARTESIAN_POINT('',(119.00410108161,-186.1936782175,
    13.025004081133));
#791 = CARTESIAN_POINT('',(119.41413104009,-186.2920989674,
    13.229376874159));
#792 = CARTESIAN_POINT('',(119.81131294646,-186.4035500492,
    13.460807430252));
#793 = CARTESIAN_POINT('',(120.19175186804,-186.5274001963,
    13.717984910734));
#794 = CARTESIAN_POINT('',(120.551938471,-186.6626623578,13.998859683148
    ));
#795 = CARTESIAN_POINT('',(121.22598116321,-186.9535134083,
    14.602818112667));
#796 = CARTESIAN_POINT('',(121.53983801679,-187.1091031154,
    14.925903468613));
#797 = CARTESIAN_POINT('',(121.82761354319,-187.2736064265,
    15.267498113934));
#798 = CARTESIAN_POINT('',(122.08698746533,-187.4455112436,
    15.62446214493));
#799 = CARTESIAN_POINT('',(122.31645289302,-187.623131863,
    15.993295161407));
#800 = CARTESIAN_POINT('',(122.51536398735,-187.8047556951,
    16.37044093497));
#801 = CARTESIAN_POINT('',(122.85217501519,-188.1726256792,
    17.134330828185));
#802 = CARTESIAN_POINT('',(122.99011075315,-188.3588696815,
    17.521070483802));
#803 = CARTESIAN_POINT('',(123.0977231605,-188.5458404728,17.90931933252
    ));
#804 = CARTESIAN_POINT('',(123.17585567216,-188.7319768699,
    18.29583554382));
#805 = CARTESIAN_POINT('',(123.22598727738,-188.9158972392,
    18.677750125831));
#806 = CARTESIAN_POINT('',(123.25,-189.0964501804,19.052672171585));
#807 = CARTESIAN_POINT('',(123.25,-189.2727124528,19.418684551631));
#808 = ( BOUNDED_SURFACE() B_SPLINE_SURFACE(2,6,(
    (#809,#810,#811,#812,#813,#814,#815,#816,#817,#818,#819,#820,#821
      ,#822,#823,#824,#825)
    ,(#826,#827,#828,#829,#830,#831,#832,#833,#834,#835,#836,#837,#838
      ,#839,#840,#841,#842)
    ,(#843,#844,#845,#846,#847,#848,#849,#850,#851,#852,#853,#854,#855
      ,#856,#857,#858,#859
)),.UNSPECIFIED.,.F.,.F.,.F.) B_SPLINE_SURFACE_WITH_KNOTS((3,3),(7,5,5,7
    ),(0.,146.49984574039),(-8.890959613726,5.471370022829E-02,
    146.55455944062,155.50023275457),.UNSPECIFIED.) 
GEOMETRIC_REPRESENTATION_ITEM() RATIONAL_B_SPLINE_SURFACE((
    (1.,1.,1.,1.,1.,1.,1.,1.,1.,1.,1.,1.,1.,1.,1.,1.,1.)
    ,(0.707222739782,0.707222739782,0.707222739782,0.707222739782
      ,0.707222739782,0.707222739782,0.707222739782,0.707222739782
      ,0.707222739782,0.707222739782,0.707222739782,0.707222739782
      ,0.707222739782,0.707222739782,0.707222739782,0.707222739782
      ,0.707222739782)
    ,(1.,1.,1.,1.,1.,1.,1.,1.,1.,1.,1.,1.,1.,1.,1.,1.,1.
))) REPRESENTATION_ITEM('') SURFACE() );
#809 = CARTESIAN_POINT('',(116.31363646992,-42.983941416,72.736127650849
    ));
#810 = CARTESIAN_POINT('',(116.30343646992,-44.35664355306,
    72.154317163723));
#811 = CARTESIAN_POINT('',(116.29323646992,-45.72934569011,
    71.572506676598));
#812 = CARTESIAN_POINT('',(116.28303646992,-47.10204782716,
    70.990696189472));
#813 = CARTESIAN_POINT('',(116.27283646992,-48.47474996422,
    70.408885702346));
#814 = CARTESIAN_POINT('',(116.26263646992,-49.84745210127,
    69.827075215221));
#815 = CARTESIAN_POINT('',(116.08539499924,-73.70036833379,
    59.717178510025));
#816 = CARTESIAN_POINT('',(115.91835352857,-96.18058242926,
    50.189092291955));
#817 = CARTESIAN_POINT('',(115.75131205789,-118.6607965247,
    40.661006073885));
#818 = CARTESIAN_POINT('',(115.58427058721,-141.1410106201,
    31.132919855815));
#819 = CARTESIAN_POINT('',(115.41722911654,-163.6212247156,
    21.604833637745));
#820 = CARTESIAN_POINT('',(115.23998764586,-187.4741409481,
    11.494936932549));
#821 = CARTESIAN_POINT('',(115.22978764586,-188.8468430852,
    10.913126445424));
#822 = CARTESIAN_POINT('',(115.21958764586,-190.2195452222,
    10.331315958298));
#823 = CARTESIAN_POINT('',(115.20938764586,-191.5922473593,
    9.749505471172));
#824 = CARTESIAN_POINT('',(115.19918764586,-192.9649494963,
    9.167694984047));
#825 = CARTESIAN_POINT('',(115.18898764586,-194.3376516334,
    8.585884496921));
#826 = CARTESIAN_POINT('',(124.31082568737,-43.03431590024,
    72.71477676749));
#827 = CARTESIAN_POINT('',(124.30062568737,-44.4070180373,
    72.132966280364));
#828 = CARTESIAN_POINT('',(124.29042568737,-45.77972017435,
    71.551155793239));
#829 = CARTESIAN_POINT('',(124.28022568737,-47.1524223114,
    70.969345306113));
#830 = CARTESIAN_POINT('',(124.27002568737,-48.52512444846,
    70.387534818987));
#831 = CARTESIAN_POINT('',(124.25982568737,-49.89782658551,
    69.805724331862));
#832 = CARTESIAN_POINT('',(124.0825842167,-73.75074281803,
    59.695827626666));
#833 = CARTESIAN_POINT('',(123.91554274602,-96.2309569135,
    50.167741408596));
#834 = CARTESIAN_POINT('',(123.74850127534,-118.7111710089,
    40.639655190526));
#835 = CARTESIAN_POINT('',(123.58145980467,-141.1913851044,
    31.111568972456));
#836 = CARTESIAN_POINT('',(123.41441833399,-163.6715991999,
    21.583482754386));
#837 = CARTESIAN_POINT('',(123.23717686331,-187.5245154324,
    11.47358604919));
#838 = CARTESIAN_POINT('',(123.22697686331,-188.8972175694,
    10.891775562065));
#839 = CARTESIAN_POINT('',(123.21677686331,-190.2699197065,
    10.309965074939));
#840 = CARTESIAN_POINT('',(123.20657686331,-191.6426218435,
    9.728154587813));
#841 = CARTESIAN_POINT('',(123.19637686331,-193.0153239806,
    9.146344100688));
#842 = CARTESIAN_POINT('',(123.18617686331,-194.3880261176,
    8.564533613562));
#843 = CARTESIAN_POINT('',(124.31344882405,-46.15521505775,
    80.078064782805));
#844 = CARTESIAN_POINT('',(124.30324882405,-47.5279171948,79.49625429568
    ));
#845 = CARTESIAN_POINT('',(124.29304882405,-48.90061933185,
    78.914443808554));
#846 = CARTESIAN_POINT('',(124.28284882405,-50.2733214689,
    78.332633321428));
#847 = CARTESIAN_POINT('',(124.27264882405,-51.64602360596,
    77.750822834303));
#848 = CARTESIAN_POINT('',(124.26244882405,-53.01872574301,
    77.169012347177));
#849 = CARTESIAN_POINT('',(124.08520735338,-76.87164197553,
    67.059115641981));
#850 = CARTESIAN_POINT('',(123.9181658827,-99.351856071,57.531029423912)
  );
#851 = CARTESIAN_POINT('',(123.75112441202,-121.8320701664,
    48.002943205841));
#852 = CARTESIAN_POINT('',(123.58408294135,-144.3122842619,
    38.474856987771));
#853 = CARTESIAN_POINT('',(123.41704147067,-166.7924983574,
    28.946770769701));
#854 = CARTESIAN_POINT('',(123.2398,-190.6454145899,18.836874064506));
#855 = CARTESIAN_POINT('',(123.2296,-192.0181167269,18.25506357738));
#856 = CARTESIAN_POINT('',(123.2194,-193.390818864,17.673253090254));
#857 = CARTESIAN_POINT('',(123.2092,-194.763521001,17.091442603129));
#858 = CARTESIAN_POINT('',(123.199,-196.1362231381,16.509632116003));
#859 = CARTESIAN_POINT('',(123.1888,-197.5089252751,15.927821628878));
#860 = ADVANCED_FACE('',(#861),#2236,.T.);
#861 = FACE_BOUND('',#862,.T.);
#862 = EDGE_LOOP('',(#863,#926,#935,#942,#943,#966,#975,#1059,#1098,
    #1175,#1184,#1268,#1307,#1384,#1393,#1477,#1516,#1593,#1602,#1686,
    #1725,#1788,#1797,#1881,#1920,#1983,#1992,#2076,#2113,#2114,#2115,
    #2199));
#863 = ORIENTED_EDGE('',*,*,#864,.F.);
#864 = EDGE_CURVE('',#865,#867,#869,.T.);
#865 = VERTEX_POINT('',#866);
#866 = CARTESIAN_POINT('',(120.95605428918,0.,38.530606440536));
#867 = VERTEX_POINT('',#868);
#868 = CARTESIAN_POINT('',(124.22387717864,-4.995527454761,
    44.530869282441));
#869 = B_SPLINE_CURVE_WITH_KNOTS('',7,(#870,#871,#872,#873,#874,#875,
    #876,#877,#878,#879,#880,#881,#882,#883,#884,#885,#886,#887,#888,
    #889,#890,#891,#892,#893,#894,#895,#896,#897,#898,#899,#900,#901,
    #902,#903,#904,#905,#906,#907,#908,#909,#910,#911,#912,#913,#914,
    #915,#916,#917,#918,#919,#920,#921,#922,#923,#924,#925),
  .UNSPECIFIED.,.F.,.F.,(8,6,6,6,6,6,6,6,6,8),(0.,0.163067867256,
    0.324397675294,0.489152288596,0.657272190618,0.761884589986,
    0.867098602208,0.93826204004,0.995771736901,1.),.UNSPECIFIED.);
#870 = CARTESIAN_POINT('',(120.95605428918,8.881784197001E-16,
    38.530606440536));
#871 = CARTESIAN_POINT('',(121.10209954553,-8.225764633206E-02,
    38.636844668078));
#872 = CARTESIAN_POINT('',(121.24558320443,-0.167556120481,
    38.747204502057));
#873 = CARTESIAN_POINT('',(121.38630437994,-0.255808951514,
    38.861588590455));
#874 = CARTESIAN_POINT('',(121.52407007661,-0.346917091095,
    38.979882809589));
#875 = CARTESIAN_POINT('',(121.65869712207,-0.440770111236,
    39.101957136393));
#876 = CARTESIAN_POINT('',(121.79001409947,-0.537247402046,
    39.227666520692));
#877 = CARTESIAN_POINT('',(122.04434977976,-0.734136443996,
    39.484660073138));
#878 = CARTESIAN_POINT('',(122.1674420476,-0.834495326506,
    39.615870600312));
#879 = CARTESIAN_POINT('',(122.28698712209,-0.937170718882,
    39.75032923274));
#880 = CARTESIAN_POINT('',(122.40284528395,-1.042028807595,
    39.887868590222));
#881 = CARTESIAN_POINT('',(122.51489107149,-1.148929033071,
    40.028309065533));
#882 = CARTESIAN_POINT('',(122.62301429604,-1.257725859051,
    40.17145987133));
#883 = CARTESIAN_POINT('',(122.833437859,-1.481161933217,40.465872464629
    ));
#884 = CARTESIAN_POINT('',(122.9355658729,-1.595876162691,
    40.617242090501));
#885 = CARTESIAN_POINT('',(123.0334047837,-1.712255073147,
    40.771014272231));
#886 = CARTESIAN_POINT('',(123.12687203252,-1.830136875806,
    40.926964387747));
#887 = CARTESIAN_POINT('',(123.21590281851,-1.949358901361,
    41.084856900603));
#888 = CARTESIAN_POINT('',(123.30045010051,-2.069760351013,
    41.244444375211));
#889 = CARTESIAN_POINT('',(123.46215388672,-2.315089972942,
    41.569777657472));
#890 = CARTESIAN_POINT('',(123.53912409947,-2.44006049984,41.73558216125
    ));
#891 = CARTESIAN_POINT('',(123.61136396852,-2.565930537269,
    41.902603891829));
#892 = CARTESIAN_POINT('',(123.67886106257,-2.692540868245,
    42.070545903841));
#893 = CARTESIAN_POINT('',(123.74162121242,-2.819740351663,
    42.239095313968));
#894 = CARTESIAN_POINT('',(123.79966729882,-2.947394448598,42.4079016491
    ));
#895 = CARTESIAN_POINT('',(123.88624688368,-3.155053035394,
    42.681456585881));
#896 = CARTESIAN_POINT('',(123.91764584175,-3.234841546536,
    42.786314777547));
#897 = CARTESIAN_POINT('',(123.94724346458,-3.314741964813,
    42.890998352093));
#898 = CARTESIAN_POINT('',(123.97505118009,-3.394735477293,
    42.995386083977));
#899 = CARTESIAN_POINT('',(124.00108252007,-3.474809615596,
    43.099339209893));
#900 = CARTESIAN_POINT('',(124.02535284974,-3.554963335431,
    43.20268438204));
#901 = CARTESIAN_POINT('',(124.07053462229,-3.715931511024,
    43.408266575073));
#902 = CARTESIAN_POINT('',(124.09142582614,-3.796746703646,
    43.510493212154));
#903 = CARTESIAN_POINT('',(124.11056981988,-3.877683660576,
    43.611614390384));
#904 = CARTESIAN_POINT('',(124.12798511504,-3.958784683038,
    43.711314754537));
#905 = CARTESIAN_POINT('',(124.14369095212,-4.040130579611,
    43.809149127276));
#906 = CARTESIAN_POINT('',(124.15770689873,-4.121855238744,
    43.904492491863));
#907 = CARTESIAN_POINT('',(124.17839824322,-4.259982080892,
    44.058181856068));
#908 = CARTESIAN_POINT('',(124.18598110599,-4.316018762526,
    44.118513667636));
#909 = CARTESIAN_POINT('',(124.19280391551,-4.372452844514,
    44.17680886173));
#910 = CARTESIAN_POINT('',(124.19887114416,-4.429410625704,
    44.232579368663));
#911 = CARTESIAN_POINT('',(124.20418636185,-4.487056671185,
    44.285197744286));
#912 = CARTESIAN_POINT('',(124.20875103172,-4.545645542477,
    44.333716457191));
#913 = CARTESIAN_POINT('',(124.21564782065,-4.653845881979,
    44.411964767875));
#914 = CARTESIAN_POINT('',(124.21824026433,-4.703022846296,
    44.443514236368));
#915 = CARTESIAN_POINT('',(124.22034262979,-4.753179410738,
    44.471032743827));
#916 = CARTESIAN_POINT('',(124.22195453439,-4.804491030295,
    44.493856858683));
#917 = CARTESIAN_POINT('',(124.22307531088,-4.857151459032,
    44.511250011595));
#918 = CARTESIAN_POINT('',(124.22370713456,-4.911255774744,
    44.522820559345));
#919 = CARTESIAN_POINT('',(124.22386648843,-4.970869231343,
    44.528993199671));
#920 = CARTESIAN_POINT('',(124.22387478916,-4.974959705846,
    44.529384481035));
#921 = CARTESIAN_POINT('',(124.22388047913,-4.979057887193,
    44.529744296365));
#922 = CARTESIAN_POINT('',(124.22388356062,-4.983163766366,
    44.53007265656));
#923 = CARTESIAN_POINT('',(124.22388403603,-4.987277331287,
    44.530369583662));
#924 = CARTESIAN_POINT('',(124.22388190784,-4.991398566818,
    44.530635110849));
#925 = CARTESIAN_POINT('',(124.22387717864,-4.995527454761,
    44.530869282441));
#926 = ORIENTED_EDGE('',*,*,#927,.T.);
#927 = EDGE_CURVE('',#865,#928,#930,.T.);
#928 = VERTEX_POINT('',#929);
#929 = CARTESIAN_POINT('',(124.25,0.,45.));
#930 = CIRCLE('',#931,8.);
#931 = AXIS2_PLACEMENT_3D('',#932,#933,#934);
#932 = CARTESIAN_POINT('',(116.25,0.,45.));
#933 = DIRECTION('',(0.,-1.,-0.));
#934 = DIRECTION('',(-2.22044604925E-16,0.,-1.));
#935 = ORIENTED_EDGE('',*,*,#936,.F.);
#936 = EDGE_CURVE('',#928,#928,#937,.T.);
#937 = CIRCLE('',#938,70.);
#938 = AXIS2_PLACEMENT_3D('',#939,#940,#941);
#939 = CARTESIAN_POINT('',(124.25,0.,115.));
#940 = DIRECTION('',(1.,0.,-2.22044604925E-16));
#941 = DIRECTION('',(-2.22044604925E-16,0.,-1.));
#942 = ORIENTED_EDGE('',*,*,#927,.F.);
#943 = ORIENTED_EDGE('',*,*,#944,.F.);
#944 = EDGE_CURVE('',#945,#865,#947,.T.);
#945 = VERTEX_POINT('',#946);
#946 = CARTESIAN_POINT('',(116.25,1.207189010222,37.009342260155));
#947 = B_SPLINE_CURVE_WITH_KNOTS('',5,(#948,#949,#950,#951,#952,#953,
    #954,#955,#956,#957,#958,#959,#960,#961,#962,#963,#964,#965),
  .UNSPECIFIED.,.F.,.F.,(6,4,4,4,6),(0.,0.252563344198,0.504271063371,
    0.754071349208,1.),.UNSPECIFIED.);
#948 = CARTESIAN_POINT('',(116.25,1.207189010222,37.009342260155));
#949 = CARTESIAN_POINT('',(116.482478801,1.205235750079,37.009312026352)
  );
#950 = CARTESIAN_POINT('',(116.71836878132,1.196816258425,
    37.017627540194));
#951 = CARTESIAN_POINT('',(116.95715443035,1.18155352377,37.034779374709
    ));
#952 = CARTESIAN_POINT('',(117.1982145076,1.159107215412,37.061218110197
    ));
#953 = CARTESIAN_POINT('',(117.68263230414,1.099414132704,
    37.133280573802));
#954 = CARTESIAN_POINT('',(117.92597953718,1.062217784844,
    37.178838974874));
#955 = CARTESIAN_POINT('',(118.17016974632,1.017356191491,
    37.234348822881));
#956 = CARTESIAN_POINT('',(118.41440481552,0.964637441104,
    37.300089641846));
#957 = CARTESIAN_POINT('',(118.8994126547,0.843770001038,37.451767537089
    ));
#958 = CARTESIAN_POINT('',(119.14019778203,0.775741271497,
    37.537547789442));
#959 = CARTESIAN_POINT('',(119.37935292655,0.699801272849,
    37.633710577553));
#960 = CARTESIAN_POINT('',(119.61599213428,0.615965363362,37.74028777836
    ));
#961 = CARTESIAN_POINT('',(120.07885628946,0.43418526179,37.972233890174
    ));
#962 = CARTESIAN_POINT('',(120.30518598424,0.336479831211,
    38.097286001173));
#963 = CARTESIAN_POINT('',(120.52737782797,0.231374021384,
    38.232216324162));
#964 = CARTESIAN_POINT('',(120.74459307178,0.119102136345,
    38.376782444517));
#965 = CARTESIAN_POINT('',(120.95605428918,-1.422906488477E-15,
    38.530606440536));
#966 = ORIENTED_EDGE('',*,*,#967,.T.);
#967 = EDGE_CURVE('',#945,#968,#970,.T.);
#968 = VERTEX_POINT('',#969);
#969 = CARTESIAN_POINT('',(116.25,32.751238480518,44.20906570759));
#970 = CIRCLE('',#971,78.);
#971 = AXIS2_PLACEMENT_3D('',#972,#973,#974);
#972 = CARTESIAN_POINT('',(116.25,0.,115.));
#973 = DIRECTION('',(1.,0.,-2.22044604925E-16));
#974 = DIRECTION('',(-2.22044604925E-16,0.,-1.));
#975 = ORIENTED_EDGE('',*,*,#976,.F.);
#976 = EDGE_CURVE('',#977,#968,#979,.T.);
#977 = VERTEX_POINT('',#978);
#978 = CARTESIAN_POINT('',(124.22387717864,35.076224643589,
    53.676985206269));
#979 = B_SPLINE_CURVE_WITH_KNOTS('',8,(#980,#981,#982,#983,#984,#985,
    #986,#987,#988,#989,#990,#991,#992,#993,#994,#995,#996,#997,#998,
    #999,#1000,#1001,#1002,#1003,#1004,#1005,#1006,#1007,#1008,#1009,
    #1010,#1011,#1012,#1013,#1014,#1015,#1016,#1017,#1018,#1019,#1020,
    #1021,#1022,#1023,#1024,#1025,#1026,#1027,#1028,#1029,#1030,#1031,
    #1032,#1033,#1034,#1035,#1036,#1037,#1038,#1039,#1040,#1041,#1042,
    #1043,#1044,#1045,#1046,#1047,#1048,#1049,#1050,#1051,#1052,#1053,
    #1054,#1055,#1056,#1057,#1058),.UNSPECIFIED.,.F.,.F.,(9,7,7,7,7,7,7,
    7,7,7,7,9),(0.,2.958550655082E-02,5.811163681923E-02,0.107608388069,
    0.221635307737,0.334457174808,0.444601065781,0.553062152465,
    0.662398323602,0.77359060305,0.88682055978,1.),.UNSPECIFIED.);
#980 = CARTESIAN_POINT('',(124.22387717864,35.076224643589,
    53.676985206269));
#981 = CARTESIAN_POINT('',(124.22392598853,35.038879331389,
    53.656318122957));
#982 = CARTESIAN_POINT('',(124.22370338753,35.003672744398,
    53.633049441546));
#983 = CARTESIAN_POINT('',(124.22320672103,34.970642212662,
    53.607146740682));
#984 = CARTESIAN_POINT('',(124.2224342624,34.939751448798,
    53.578660500756));
#985 = CARTESIAN_POINT('',(124.22138526479,34.910882731991,
    53.547733027324));
#986 = CARTESIAN_POINT('',(124.22005960417,34.883868843988,
    53.514562170483));
#987 = CARTESIAN_POINT('',(124.21845735454,34.858531649816,
    53.479357470013));
#988 = CARTESIAN_POINT('',(124.21476718989,34.811710335468,
    53.406621225356));
#989 = CARTESIAN_POINT('',(124.21269870004,34.790120734261,
    53.369217552017));
#990 = CARTESIAN_POINT('',(124.21037322923,34.769765839554,
    53.330300922929));
#991 = CARTESIAN_POINT('',(124.20779081607,34.75049073368,
    53.290051200159));
#992 = CARTESIAN_POINT('',(124.20495136378,34.73215511601,
    53.248631286441));
#993 = CARTESIAN_POINT('',(124.20185458087,34.7146380295,53.206181790104
    ));
#994 = CARTESIAN_POINT('',(124.19849997396,34.69783735181,
    53.162821589487));
#995 = CARTESIAN_POINT('',(124.18861770098,34.653601154284,
    53.042017982113));
#996 = CARTESIAN_POINT('',(124.18157041728,34.627428129708,
    52.962952358297));
#997 = CARTESIAN_POINT('',(124.17374168826,34.6026830821,52.881995749178
    ));
#998 = CARTESIAN_POINT('',(124.16512688543,34.579043979246,
    52.799529687489));
#999 = CARTESIAN_POINT('',(124.15572063389,34.556282460364,
    52.715830633745));
#1000 = CARTESIAN_POINT('',(124.14551718218,34.534230153033,
    52.631107680787));
#1001 = CARTESIAN_POINT('',(124.13451061353,34.512757498564,
    52.545526244068));
#1002 = CARTESIAN_POINT('',(124.09547473605,34.443404332805,
    52.2603866451));
#1003 = CARTESIAN_POINT('',(124.06396091909,34.397592585743,
    52.057702086737));
#1004 = CARTESIAN_POINT('',(124.02808107008,34.353114361504,
    51.852779819741));
#1005 = CARTESIAN_POINT('',(123.98776378156,34.309554190436,
    51.646355910861));
#1006 = CARTESIAN_POINT('',(123.94294748721,34.266604168986,
    51.439059053298));
#1007 = CARTESIAN_POINT('',(123.89358086412,34.224125041769,
    51.231340828558));
#1008 = CARTESIAN_POINT('',(123.83962534991,34.182015303673,
    51.023620171362));
#1009 = CARTESIAN_POINT('',(123.72310520581,34.098877583394,
    50.611101464168));
#1010 = CARTESIAN_POINT('',(123.66063783492,34.057842545037,
    50.406297165308));
#1011 = CARTESIAN_POINT('',(123.59362964591,34.017071881222,
    50.202210723649));
#1012 = CARTESIAN_POINT('',(123.52206984771,33.976553942226,
    49.999167101838));
#1013 = CARTESIAN_POINT('',(123.44596199849,33.936299035094,
    49.797472431605));
#1014 = CARTESIAN_POINT('',(123.36532479532,33.896329581043,
    49.597422690211));
#1015 = CARTESIAN_POINT('',(123.28019254696,33.856675451406,
    49.399306365797));
#1016 = CARTESIAN_POINT('',(123.10316434569,33.779006373254,
    49.012145927542));
#1017 = CARTESIAN_POINT('',(123.01147697048,33.740974586584,
    48.822998398018));
#1018 = CARTESIAN_POINT('',(122.91559959431,33.70331403797,
    48.636217239075));
#1019 = CARTESIAN_POINT('',(122.81559331347,33.666064461074,
    48.452054064014));
#1020 = CARTESIAN_POINT('',(122.71153362823,33.629269068965,
    48.27075244726));
#1021 = CARTESIAN_POINT('',(122.60351014095,33.592973215716,
    48.092546988203));
#1022 = CARTESIAN_POINT('',(122.49162625421,33.557223058015,
    47.917662375042));
#1023 = CARTESIAN_POINT('',(122.26213806615,33.48744254057,
    47.577580446697));
#1024 = CARTESIAN_POINT('',(122.14464724302,33.453394304056,
    47.412275803359));
#1025 = CARTESIAN_POINT('',(122.02363767043,33.419963428037,
    47.250602553295));
#1026 = CARTESIAN_POINT('',(121.89923322234,33.387193586488,
    47.092753966002));
#1027 = CARTESIAN_POINT('',(121.77156933509,33.355127601425,
    46.938911437317));
#1028 = CARTESIAN_POINT('',(121.6407919667,33.32380683779,
    46.789243380964));
#1029 = CARTESIAN_POINT('',(121.50705655619,33.293270598323,
    46.643904120087));
#1030 = CARTESIAN_POINT('',(121.23289586332,33.233600691711,
    46.36102486102));
#1031 = CARTESIAN_POINT('',(121.09242523145,33.204480319902,
    46.223557164841));
#1032 = CARTESIAN_POINT('',(120.9492827625,33.176232096854,
    46.090772561788));
#1033 = CARTESIAN_POINT('',(120.80364463438,33.148890957634,
    45.962797998846));
#1034 = CARTESIAN_POINT('',(120.65569398022,33.122488779457,
    45.839744086129));
#1035 = CARTESIAN_POINT('',(120.50561934085,33.0970540826,
    45.721704684551));
#1036 = CARTESIAN_POINT('',(120.35361311728,33.072611731313,
    45.608756493505));
#1037 = CARTESIAN_POINT('',(120.04351696173,33.025355802066,
    45.391330789954));
#1038 = CARTESIAN_POINT('',(119.88536744704,33.002576908415,
    45.287029577997));
#1039 = CARTESIAN_POINT('',(119.72562630912,32.980868104342,
    45.188117659524));
#1040 = CARTESIAN_POINT('',(119.56450056442,32.960247302349,
    45.094638839239));
#1041 = CARTESIAN_POINT('',(119.40219779209,32.940728190499,
    45.006618639921));
#1042 = CARTESIAN_POINT('',(119.23892451026,32.922320246057,
    44.924064872662));
#1043 = CARTESIAN_POINT('',(119.07488455231,32.90502874911,
    44.846968207099));
#1044 = CARTESIAN_POINT('',(118.74265379216,32.872384444161,
    44.702323955774));
#1045 = CARTESIAN_POINT('',(118.57444191288,32.85707297225,
    44.634977254112));
#1046 = CARTESIAN_POINT('',(118.40585276356,32.842921665099,
    44.57323563769));
#1047 = CARTESIAN_POINT('',(118.23709244004,32.829927342434,
    44.517054402713));
#1048 = CARTESIAN_POINT('',(118.06836099781,32.81808265084,
    44.466372548931));
#1049 = CARTESIAN_POINT('',(117.89985127401,32.807376355511,
    44.421114188025));
#1050 = CARTESIAN_POINT('',(117.73174770944,32.797793632008,
    44.381189951985));
#1051 = CARTESIAN_POINT('',(117.39677737035,32.780842866068,
    44.311822328311));
#1052 = CARTESIAN_POINT('',(117.22991003543,32.773473846975,
    44.282374301516));
#1053 = CARTESIAN_POINT('',(117.06379814349,32.767191252382,
    44.258053108758));
#1054 = CARTESIAN_POINT('',(116.89860706367,32.761973795793,
    44.238745661112));
#1055 = CARTESIAN_POINT('',(116.73449216455,32.757797348927,
    44.224328597443));
#1056 = CARTESIAN_POINT('',(116.57159842236,32.754635338069,
    44.214669888777));
#1057 = CARTESIAN_POINT('',(116.41006002896,32.752459140433,
    44.209630442671));
#1058 = CARTESIAN_POINT('',(116.25,32.751238480518,44.20906570759));
#1059 = ORIENTED_EDGE('',*,*,#1060,.F.);
#1060 = EDGE_CURVE('',#1061,#977,#1063,.T.);
#1061 = VERTEX_POINT('',#1062);
#1062 = CARTESIAN_POINT('',(124.22387717864,51.980324514194,
    67.157555016087));
#1063 = B_SPLINE_CURVE_WITH_KNOTS('',5,(#1064,#1065,#1066,#1067,#1068,
    #1069,#1070,#1071,#1072,#1073,#1074,#1075,#1076,#1077,#1078,#1079,
    #1080,#1081,#1082,#1083,#1084,#1085,#1086,#1087,#1088,#1089,#1090,
    #1091,#1092,#1093,#1094,#1095,#1096,#1097),.UNSPECIFIED.,.F.,.F.,(6,
    4,4,4,4,4,4,4,6),(0.,0.124082905037,0.247797775406,0.371191805937,
    0.494386485865,0.617616256264,0.74095568179,0.864645388834,1.),
  .UNSPECIFIED.);
#1064 = CARTESIAN_POINT('',(124.223967314,52.032650806089,
    67.216115810447));
#1065 = CARTESIAN_POINT('',(124.22333735725,51.668523536812,
    66.80809524374));
#1066 = CARTESIAN_POINT('',(124.22274810418,51.30048613892,
    66.404557499026));
#1067 = CARTESIAN_POINT('',(124.22219909628,50.928602755685,
    66.005468107798));
#1068 = CARTESIAN_POINT('',(124.22168995985,50.552927763311,
    65.610800648225));
#1069 = CARTESIAN_POINT('',(124.22075224485,49.795209158766,
    64.831430379827));
#1070 = CARTESIAN_POINT('',(124.22032342915,49.413188119779,
    64.446701290234));
#1071 = CARTESIAN_POINT('',(124.21993366929,49.027487276217,
    64.066330982298));
#1072 = CARTESIAN_POINT('',(124.21958273322,48.638144847923,
    63.690306600874));
#1073 = CARTESIAN_POINT('',(124.2189589695,47.853259531658,
    62.947899181319));
#1074 = CARTESIAN_POINT('',(124.21868594048,47.457735533906,
    62.581493603271));
#1075 = CARTESIAN_POINT('',(124.21845118478,47.058652403623,
    62.219396910884));
#1076 = CARTESIAN_POINT('',(124.21825457321,46.656037137864,
    61.861606507139));
#1077 = CARTESIAN_POINT('',(124.21793772682,45.844442954558,
    61.155213530128));
#1078 = CARTESIAN_POINT('',(124.21781736867,45.435475476485,
    60.806597046508));
#1079 = CARTESIAN_POINT('',(124.21773486328,45.023031782684,
    60.462277036896));
#1080 = CARTESIAN_POINT('',(124.21769016692,44.607130216743,
    60.122259962076));
#1081 = CARTESIAN_POINT('',(124.21767638374,43.768320808335,
    59.450757894209));
#1082 = CARTESIAN_POINT('',(124.21770731843,43.345411065673,
    59.119275404775));
#1083 = CARTESIAN_POINT('',(124.21777607649,42.9190705332,
    58.792120125694));
#1084 = CARTESIAN_POINT('',(124.21788269434,42.489310236321,
    58.469307650323));
#1085 = CARTESIAN_POINT('',(124.21817193173,41.622579707801,
    57.832125599748));
#1086 = CARTESIAN_POINT('',(124.21835461923,41.185603427374,
    57.51776389238));
#1087 = CARTESIAN_POINT('',(124.21857538741,40.74521645663,
    57.207793474668));
#1088 = CARTESIAN_POINT('',(124.2188343571,40.301422904392,
    56.90224018843));
#1089 = CARTESIAN_POINT('',(124.21942987492,39.405753838258,
    56.299175541031));
#1090 = CARTESIAN_POINT('',(124.21976664236,38.95385893516,
    56.001689673573));
#1091 = CARTESIAN_POINT('',(124.22014216169,38.498539384498,
    55.708709307181));
#1092 = CARTESIAN_POINT('',(124.22055665447,38.039791897805,
    55.420273194989));
#1093 = CARTESIAN_POINT('',(124.22150693366,37.071839057448,
    54.825812657653));
#1094 = CARTESIAN_POINT('',(124.22205047321,36.561955282963,
    54.520695039164));
#1095 = CARTESIAN_POINT('',(124.22264138674,36.047947713455,
    54.221135470961));
#1096 = CARTESIAN_POINT('',(124.2232801318,35.529800806187,
    53.927206997875));
#1097 = CARTESIAN_POINT('',(124.223967314,35.007488395265,
    53.639001846415));
#1098 = ORIENTED_EDGE('',*,*,#1099,.F.);
#1099 = EDGE_CURVE('',#1100,#1061,#1102,.T.);
#1100 = VERTEX_POINT('',#1101);
#1101 = CARTESIAN_POINT('',(116.25,61.728221596189,67.317438632433));
#1102 = B_SPLINE_CURVE_WITH_KNOTS('',8,(#1103,#1104,#1105,#1106,#1107,
    #1108,#1109,#1110,#1111,#1112,#1113,#1114,#1115,#1116,#1117,#1118,
    #1119,#1120,#1121,#1122,#1123,#1124,#1125,#1126,#1127,#1128,#1129,
    #1130,#1131,#1132,#1133,#1134,#1135,#1136,#1137,#1138,#1139,#1140,
    #1141,#1142,#1143,#1144,#1145,#1146,#1147,#1148,#1149,#1150,#1151,
    #1152,#1153,#1154,#1155,#1156,#1157,#1158,#1159,#1160,#1161,#1162,
    #1163,#1164,#1165,#1166,#1167,#1168,#1169,#1170,#1171,#1172,#1173,
    #1174),.UNSPECIFIED.,.F.,.F.,(9,7,7,7,7,7,7,7,7,7,9),(0.,
    0.117996632388,0.236003966699,0.351596736804,0.465003684803,
    0.57818583098,0.693226195263,0.811411807256,0.929420196866,
    0.971618651607,1.),.UNSPECIFIED.);
#1103 = CARTESIAN_POINT('',(116.25,61.728221596189,67.317438632433));
#1104 = CARTESIAN_POINT('',(116.41687296537,61.727364401033,
    67.316328936749));
#1105 = CARTESIAN_POINT('',(116.58535281787,61.721534286929,
    67.315288954234));
#1106 = CARTESIAN_POINT('',(116.75530018064,61.710563921192,
    67.314321685703));
#1107 = CARTESIAN_POINT('',(116.92656244027,61.694292691808,
    67.313430602139));
#1108 = CARTESIAN_POINT('',(117.09897424943,61.672568743644,
    67.312619679904));
#1109 = CARTESIAN_POINT('',(117.27235802942,61.645251014667,
    67.311893435954));
#1110 = CARTESIAN_POINT('',(117.4465244728,61.612211272156,
    67.31125696305));
#1111 = CARTESIAN_POINT('',(117.79603746826,61.534457499832,
    67.310174917831));
#1112 = CARTESIAN_POINT('',(117.97138418104,61.489742452356,
    67.309729366623));
#1113 = CARTESIAN_POINT('',(118.14711303733,61.439077464175,
    67.309384979408));
#1114 = CARTESIAN_POINT('',(118.32301273228,61.382364108072,
    67.30914805406));
#1115 = CARTESIAN_POINT('',(118.49886231036,61.319520795726,
    67.309025476235));
#1116 = CARTESIAN_POINT('',(118.67443267279,61.250484501515,
    67.309024677337));
#1117 = CARTESIAN_POINT('',(118.84948808476,61.17521248632,
    67.30915359249));
#1118 = CARTESIAN_POINT('',(119.19452091301,61.013823721399,
    67.309682180858));
#1119 = CARTESIAN_POINT('',(119.36452906684,60.927960377395,
    67.31007626168));
#1120 = CARTESIAN_POINT('',(119.53358606148,60.836074036589,
    67.310610697653));
#1121 = CARTESIAN_POINT('',(119.70146137942,60.738165145211,
    67.311293758653));
#1122 = CARTESIAN_POINT('',(119.86792207988,60.634255098101,
    67.31213399719));
#1123 = CARTESIAN_POINT('',(120.03273481007,60.524386788359,
    67.313140097846));
#1124 = CARTESIAN_POINT('',(120.19566781661,60.408625157002,
    67.314320726722));
#1125 = CARTESIAN_POINT('',(120.51427694534,60.167789128937,
    67.317022248766));
#1126 = CARTESIAN_POINT('',(120.67003216385,60.042932160275,
    67.318536287393));
#1127 = CARTESIAN_POINT('',(120.82354316792,59.912568913322,
    67.320234459192));
#1128 = CARTESIAN_POINT('',(120.97459819801,59.776802309989,
    67.322124577482));
#1129 = CARTESIAN_POINT('',(121.12299099143,59.635755385044,
    67.324214047286));
#1130 = CARTESIAN_POINT('',(121.2685225943,59.489570553751,
    67.326509606157));
#1131 = CARTESIAN_POINT('',(121.41100317352,59.3384088795,
    67.329017065005));
#1132 = CARTESIAN_POINT('',(121.68922845312,59.026798955435,
    67.3344596332));
#1133 = CARTESIAN_POINT('',(121.82498603715,58.866369597509,
    67.33739390482));
#1134 = CARTESIAN_POINT('',(121.95734844647,58.701338764724,
    67.340548334319));
#1135 = CARTESIAN_POINT('',(122.08614864111,58.531901408966,
    67.343926304327));
#1136 = CARTESIAN_POINT('',(122.21123180511,58.358268338824,
    67.347529616025));
#1137 = CARTESIAN_POINT('',(122.33245647638,58.180664621458,
    67.351357995605));
#1138 = CARTESIAN_POINT('',(122.4496956764,57.999327984468,
    67.355408600731));
#1139 = CARTESIAN_POINT('',(122.67783796853,57.62665207411,
    67.364012507419));
#1140 = CARTESIAN_POINT('',(122.78860538237,57.435197422479,
    67.368572903392));
#1141 = CARTESIAN_POINT('',(122.89502311814,57.240404291331,
    67.373350520878));
#1142 = CARTESIAN_POINT('',(122.99699027249,57.042545652736,
    67.37833530722));
#1143 = CARTESIAN_POINT('',(123.09442289422,56.841904105183,
    67.383513072618));
#1144 = CARTESIAN_POINT('',(123.18725429738,56.638770380518,
    67.38886408868));
#1145 = CARTESIAN_POINT('',(123.2754349955,56.43344267501,
    67.394360564057));
#1146 = CARTESIAN_POINT('',(123.44471236535,56.013345572681,
    67.405718602888));
#1147 = CARTESIAN_POINT('',(123.52554943135,55.798471500003,
    67.411586113609));
#1148 = CARTESIAN_POINT('',(123.60140798307,55.581936779776,
    67.417521807067));
#1149 = CARTESIAN_POINT('',(123.67227121757,55.364080878067,
    67.423470760851));
#1150 = CARTESIAN_POINT('',(123.73814046083,55.145256411224,
    67.429354763017));
#1151 = CARTESIAN_POINT('',(123.79903431971,54.925828168448,
    67.435070206255));
#1152 = CARTESIAN_POINT('',(123.85498737515,54.706185478925,
    67.44046755026));
#1153 = CARTESIAN_POINT('',(123.95703258974,54.267719759162,
    67.450093101285));
#1154 = CARTESIAN_POINT('',(124.00313785653,54.048903468,67.454321694155
    ));
#1155 = CARTESIAN_POINT('',(124.04441459167,53.830785264217,
    67.457715586646));
#1156 = CARTESIAN_POINT('',(124.08092514311,53.61391704068,
    67.45986231865));
#1157 = CARTESIAN_POINT('',(124.11274414848,53.398898137487,
    67.460270986589));
#1158 = CARTESIAN_POINT('',(124.13995199445,53.186770219228,
    67.457813810392));
#1159 = CARTESIAN_POINT('',(124.16263875496,52.978724656944,
    67.451136428684));
#1160 = CARTESIAN_POINT('',(124.18738725269,52.707184258764,
    67.429205270618));
#1161 = CARTESIAN_POINT('',(124.19333588724,52.636689599308,
    67.422216601622));
#1162 = CARTESIAN_POINT('',(124.19871750777,52.567402039043,
    67.413777272437));
#1163 = CARTESIAN_POINT('',(124.20353449853,52.499551293248,
    67.403578530461));
#1164 = CARTESIAN_POINT('',(124.20778862079,52.433419881086,
    67.391239802762));
#1165 = CARTESIAN_POINT('',(124.21148065876,52.369378447081,
    67.376259113354));
#1166 = CARTESIAN_POINT('',(124.21461038895,52.307891323436,
    67.358005196406));
#1167 = CARTESIAN_POINT('',(124.21890429939,52.21010809442,
    67.320933830349));
#1168 = CARTESIAN_POINT('',(124.22037651645,52.172155782682,
    67.304258114405));
#1169 = CARTESIAN_POINT('',(124.22159419548,52.135715522313,
    67.285620511211));
#1170 = CARTESIAN_POINT('',(124.22255730249,52.100931004955,
    67.264829018673));
#1171 = CARTESIAN_POINT('',(124.22326601456,52.067934950932,
    67.241707519954));
#1172 = CARTESIAN_POINT('',(124.22372106115,52.036821651208,
    67.216133843435));
#1173 = CARTESIAN_POINT('',(124.22392400155,52.007625019935,
    67.188070202079));
#1174 = CARTESIAN_POINT('',(124.22387717864,51.980324514194,
    67.157555016087));
#1175 = ORIENTED_EDGE('',*,*,#1176,.T.);
#1176 = EDGE_CURVE('',#1100,#1177,#1179,.T.);
#1177 = VERTEX_POINT('',#1178);
#1178 = CARTESIAN_POINT('',(116.25,75.766644293978,96.468523738518));
#1179 = CIRCLE('',#1180,78.);
#1180 = AXIS2_PLACEMENT_3D('',#1181,#1182,#1183);
#1181 = CARTESIAN_POINT('',(116.25,0.,115.));
#1182 = DIRECTION('',(1.,0.,-2.22044604925E-16));
#1183 = DIRECTION('',(-2.22044604925E-16,0.,-1.));
#1184 = ORIENTED_EDGE('',*,*,#1185,.F.);
#1185 = EDGE_CURVE('',#1186,#1177,#1188,.T.);
#1186 = VERTEX_POINT('',#1187);
#1187 = CARTESIAN_POINT('',(124.22387717864,69.813931918576,
    104.18942236935));
#1188 = B_SPLINE_CURVE_WITH_KNOTS('',8,(#1189,#1190,#1191,#1192,#1193,
    #1194,#1195,#1196,#1197,#1198,#1199,#1200,#1201,#1202,#1203,#1204,
    #1205,#1206,#1207,#1208,#1209,#1210,#1211,#1212,#1213,#1214,#1215,
    #1216,#1217,#1218,#1219,#1220,#1221,#1222,#1223,#1224,#1225,#1226,
    #1227,#1228,#1229,#1230,#1231,#1232,#1233,#1234,#1235,#1236,#1237,
    #1238,#1239,#1240,#1241,#1242,#1243,#1244,#1245,#1246,#1247,#1248,
    #1249,#1250,#1251,#1252,#1253,#1254,#1255,#1256,#1257,#1258,#1259,
    #1260,#1261,#1262,#1263,#1264,#1265,#1266,#1267),.UNSPECIFIED.,.F.,
  .F.,(9,7,7,7,7,7,7,7,7,7,7,9),(0.,2.958550655022E-02,
    5.811163681811E-02,0.107608388067,0.221635307734,0.334457174805,
    0.444601065779,0.553062152463,0.662398323601,0.773590603049,
    0.88682055978,1.),.UNSPECIFIED.);
#1189 = CARTESIAN_POINT('',(124.22387717864,69.813931918576,
    104.18942236935));
#1190 = CARTESIAN_POINT('',(124.22392598853,69.806805673656,
    104.14733891287));
#1191 = CARTESIAN_POINT('',(124.22370338753,69.80304691339,
    104.10530550921));
#1192 = CARTESIAN_POINT('',(124.22320672103,69.802704260721,
    104.06333112979));
#1193 = CARTESIAN_POINT('',(124.2224342624,69.805715623671,
    104.02141887799));
#1194 = CARTESIAN_POINT('',(124.22138526479,69.81189634555,
    103.97956544205));
#1195 = CARTESIAN_POINT('',(124.22005960417,69.820987482052,
    103.93776344299));
#1196 = CARTESIAN_POINT('',(124.21845735454,69.832714143035,
    103.89600425519));
#1197 = CARTESIAN_POINT('',(124.21476718989,69.86038901702,
    103.81404757081));
#1198 = CARTESIAN_POINT('',(124.21269870004,69.876171490217,
    103.77384733201));
#1199 = CARTESIAN_POINT('',(124.21037322923,69.893906666762,
    103.73366911315));
#1200 = CARTESIAN_POINT('',(124.20779081607,69.913357335242,
    103.69350393687));
#1201 = CARTESIAN_POINT('',(124.20495136378,69.93430865716,
    103.65334367993));
#1202 = CARTESIAN_POINT('',(124.20185458087,69.956575285014,
    103.61318144216));
#1203 = CARTESIAN_POINT('',(124.19849997396,69.980000603738,
    103.57301150052));
#1204 = CARTESIAN_POINT('',(124.18861770098,70.046867849149,
    103.46310643141));
#1205 = CARTESIAN_POINT('',(124.18157041728,70.092365229122,
    103.39334692667));
#1206 = CARTESIAN_POINT('',(124.17374168826,70.140231370015,
    103.32352484924));
#1207 = CARTESIAN_POINT('',(124.16512688543,70.189967193723,
    103.25362630595));
#1208 = CARTESIAN_POINT('',(124.15572063389,70.241214174096,
    103.18364512746));
#1209 = CARTESIAN_POINT('',(124.14551718218,70.293703857277,
    103.11358004218));
#1210 = CARTESIAN_POINT('',(124.13451061353,70.347226137739,
    103.04343289188));
#1211 = CARTESIAN_POINT('',(124.09547473605,70.526916261534,
    102.81142877142));
#1212 = CARTESIAN_POINT('',(124.06396091909,70.656818273169,
    102.64923995017));
#1213 = CARTESIAN_POINT('',(124.02808107009,70.789301233762,
    102.48669853051));
#1214 = CARTESIAN_POINT('',(123.98776378156,70.923530622005,
    102.32393861538));
#1215 = CARTESIAN_POINT('',(123.94294748721,71.058822931129,
    102.16111145975));
#1216 = CARTESIAN_POINT('',(123.89358086412,71.194738276081,
    101.99838974598));
#1217 = CARTESIAN_POINT('',(123.83962534991,71.330885833183,
    101.83595531561));
#1218 = CARTESIAN_POINT('',(123.72310520581,71.601570424829,
    101.51375442151));
#1219 = CARTESIAN_POINT('',(123.66063783492,71.736107945488,
    101.35397854492));
#1220 = CARTESIAN_POINT('',(123.59362964591,71.870249057618,
    101.19485694132));
#1221 = CARTESIAN_POINT('',(123.52206984771,72.003732431708,
    101.03658311347));
#1222 = CARTESIAN_POINT('',(123.44596199849,72.13632515067,
    100.87935598977));
#1223 = CARTESIAN_POINT('',(123.36532479532,72.267809789565,
    100.72337763864));
#1224 = CARTESIAN_POINT('',(123.28019254696,72.397979423753,
    100.56885128382));
#1225 = CARTESIAN_POINT('',(123.10316434569,72.652247764999,
    100.26673656837));
#1226 = CARTESIAN_POINT('',(123.01147697048,72.776416827277,
    100.11907056452));
#1227 = CARTESIAN_POINT('',(122.91559959431,72.898967249677,
    99.973170214186));
#1228 = CARTESIAN_POINT('',(122.81559331347,73.019727086533,
    99.829223460732));
#1229 = CARTESIAN_POINT('',(122.71153362823,73.138532846598,
    99.687415955665));
#1230 = CARTESIAN_POINT('',(122.60351014095,73.255229390486,
    99.547929428555));
#1231 = CARTESIAN_POINT('',(122.49162625421,73.369669828113,
    99.410940056952));
#1232 = CARTESIAN_POINT('',(122.26213806615,73.592049145315,
    99.144345837431));
#1233 = CARTESIAN_POINT('',(122.14464724302,73.700060791439,
    99.014660094881));
#1234 = CARTESIAN_POINT('',(122.02363767043,73.805618217946,
    98.887721160875));
#1235 = CARTESIAN_POINT('',(121.89923322234,73.908597550941,
    98.763683682661));
#1236 = CARTESIAN_POINT('',(121.77156933509,74.008883668535,
    98.642694238296));
#1237 = CARTESIAN_POINT('',(121.6407919667,74.106370690199,
    98.524890172431));
#1238 = CARTESIAN_POINT('',(121.50705655619,74.200962466097,
    98.410398432093));
#1239 = CARTESIAN_POINT('',(121.23289586332,74.384922798322,
    98.187374287362));
#1240 = CARTESIAN_POINT('',(121.09242523145,74.474243116169,
    98.078897357248));
#1241 = CARTESIAN_POINT('',(120.9492827625,74.560445820231,
    97.974022161297));
#1242 = CARTESIAN_POINT('',(120.80364463438,74.643453441019,
    97.872855162997));
#1243 = CARTESIAN_POINT('',(120.65569398022,74.723199375183,
    97.775490249235));
#1244 = CARTESIAN_POINT('',(120.50561934085,74.799628021404,
    97.682008239384));
#1245 = CARTESIAN_POINT('',(120.35361311728,74.87269491629,
    97.592476394386));
#1246 = CARTESIAN_POINT('',(120.04351696173,75.013221586461,
    97.419967512342));
#1247 = CARTESIAN_POINT('',(119.88536744704,75.08056514974,
    97.337127514173));
#1248 = CARTESIAN_POINT('',(119.72562630912,75.144362383644,
    97.258484315252));
#1249 = CARTESIAN_POINT('',(119.56450056442,75.204590208537,
    97.184079231922));
#1250 = CARTESIAN_POINT('',(119.40219779209,75.261237204277,
    97.113938879136));
#1251 = CARTESIAN_POINT('',(119.23892451026,75.314303172883,
    97.048075536652));
#1252 = CARTESIAN_POINT('',(119.07488455231,75.36379870121,
    96.986487515225));
#1253 = CARTESIAN_POINT('',(118.74265379216,75.456532739428,
    96.870780954294));
#1254 = CARTESIAN_POINT('',(118.57444191288,75.49963996444,
    96.816819981835));
#1255 = CARTESIAN_POINT('',(118.40585276356,75.539088308245,
    96.767260776197));
#1256 = CARTESIAN_POINT('',(118.23709244004,75.574910738811,
    96.722072978581));
#1257 = CARTESIAN_POINT('',(118.06836099781,75.607150363273,
    96.68121280682));
#1258 = CARTESIAN_POINT('',(117.89985127401,75.635859508721,
    96.644624161598));
#1259 = CARTESIAN_POINT('',(117.73174770944,75.661098802992,
    96.612239732657));
#1260 = CARTESIAN_POINT('',(117.39677737035,75.704763965347,
    96.555737084253));
#1261 = CARTESIAN_POINT('',(117.22991003543,75.723192851538,
    96.53161520874));
#1262 = CARTESIAN_POINT('',(117.06379814349,75.738290792069,
    96.511539262842));
#1263 = CARTESIAN_POINT('',(116.89860706367,75.75013293151,
    96.495422094315));
#1264 = CARTESIAN_POINT('',(116.73449216455,75.758800673742,
    96.4831679245));
#1265 = CARTESIAN_POINT('',(116.57159842236,75.764380674734,
    96.47467365851));
#1266 = CARTESIAN_POINT('',(116.41006002896,75.766963835321,
    96.469830195433));
#1267 = CARTESIAN_POINT('',(116.25,75.766644293978,96.468523738518));
#1268 = ORIENTED_EDGE('',*,*,#1269,.F.);
#1269 = EDGE_CURVE('',#1270,#1186,#1272,.T.);
#1270 = VERTEX_POINT('',#1271);
#1271 = CARTESIAN_POINT('',(124.22387717864,69.813931918576,
    125.81057763064));
#1272 = B_SPLINE_CURVE_WITH_KNOTS('',5,(#1273,#1274,#1275,#1276,#1277,
    #1278,#1279,#1280,#1281,#1282,#1283,#1284,#1285,#1286,#1287,#1288,
    #1289,#1290,#1291,#1292,#1293,#1294,#1295,#1296,#1297,#1298,#1299,
    #1300,#1301,#1302,#1303,#1304,#1305,#1306),.UNSPECIFIED.,.F.,.F.,(6,
    4,4,4,4,4,4,4,6),(0.,0.124082905037,0.247797775406,0.371191805936,
    0.494386485864,0.617616256264,0.740955681789,0.864645388833,1.),
  .UNSPECIFIED.);
#1273 = CARTESIAN_POINT('',(124.223967314,69.800772155272,
    125.88800003108));
#1274 = CARTESIAN_POINT('',(124.22333735725,69.892745840845,
    125.34891720604));
#1275 = CARTESIAN_POINT('',(124.22274810418,69.978776789738,
    124.80957231315));
#1276 = CARTESIAN_POINT('',(124.22219909628,70.058931943192,
    124.26999401087));
#1277 = CARTESIAN_POINT('',(124.22168995985,70.133265861632,
    123.73020833849));
#1278 = CARTESIAN_POINT('',(124.22075224485,70.270172251353,
    122.65187066438));
#1279 = CARTESIAN_POINT('',(124.22032342915,70.332779343914,
    122.1133199253));
#1280 = CARTESIAN_POINT('',(124.21993366929,70.389684283125,
    121.57460985506));
#1281 = CARTESIAN_POINT('',(124.21958273322,70.440920949227,
    121.03576232009));
#1282 = CARTESIAN_POINT('',(124.2189589695,70.531990452333,
    119.95923081479));
#1283 = CARTESIAN_POINT('',(124.21868594048,70.571852689613,
    119.42154756002));
#1284 = CARTESIAN_POINT('',(124.21845118478,70.606127021593,
    118.88376820965));
#1285 = CARTESIAN_POINT('',(124.21825457321,70.634832311094,
    118.34591225162));
#1286 = CARTESIAN_POINT('',(124.21793772682,70.681091882976,
    117.27095355085));
#1287 = CARTESIAN_POINT('',(124.21781736867,70.698664173307,
    116.73385107889));
#1288 = CARTESIAN_POINT('',(124.21773486328,70.71070995994,
    116.19670959977));
#1289 = CARTESIAN_POINT('',(124.21769016692,70.71723562867,
    115.6595474833));
#1290 = CARTESIAN_POINT('',(124.21767638374,70.719247974024,
    114.58506518877));
#1291 = CARTESIAN_POINT('',(124.21770731843,70.714731508494,
    114.04774508606));
#1292 = CARTESIAN_POINT('',(124.21777607649,70.70469283122,
    113.51044065539));
#1293 = CARTESIAN_POINT('',(124.21788269434,70.68912662505,
    112.97317023907));
#1294 = CARTESIAN_POINT('',(124.21817193173,70.646897966761,
    111.89825651459));
#1295 = CARTESIAN_POINT('',(124.21835461923,70.620225591964,
    111.36061338282));
#1296 = CARTESIAN_POINT('',(124.21857538741,70.587993438035,
    110.82304159031));
#1297 = CARTESIAN_POINT('',(124.2188343571,70.550183862835,
    110.28556046156));
#1298 = CARTESIAN_POINT('',(124.21942987492,70.463238261561,
    109.20929353026));
#1299 = CARTESIAN_POINT('',(124.21976664236,70.414070214735,
    108.6705084637));
#1300 = CARTESIAN_POINT('',(124.22014216169,70.359244392501,
    108.13185503382));
#1301 = CARTESIAN_POINT('',(124.22055665447,70.298728446112,
    107.59335483178));
#1302 = CARTESIAN_POINT('',(124.22150693366,70.159987684644,
    106.46593874501));
#1303 = CARTESIAN_POINT('',(124.22205047321,70.08063091111,
    105.87705783422));
#1304 = CARTESIAN_POINT('',(124.22264138674,69.994357534738,
    105.28841819833));
#1305 = CARTESIAN_POINT('',(124.2232801318,69.901100756045,
    104.70005322824));
#1306 = CARTESIAN_POINT('',(124.223967314,69.800772155272,
    104.11199996891));
#1307 = ORIENTED_EDGE('',*,*,#1308,.F.);
#1308 = EDGE_CURVE('',#1309,#1270,#1311,.T.);
#1309 = VERTEX_POINT('',#1310);
#1310 = CARTESIAN_POINT('',(116.25,75.766644293978,133.53147626148));
#1311 = B_SPLINE_CURVE_WITH_KNOTS('',8,(#1312,#1313,#1314,#1315,#1316,
    #1317,#1318,#1319,#1320,#1321,#1322,#1323,#1324,#1325,#1326,#1327,
    #1328,#1329,#1330,#1331,#1332,#1333,#1334,#1335,#1336,#1337,#1338,
    #1339,#1340,#1341,#1342,#1343,#1344,#1345,#1346,#1347,#1348,#1349,
    #1350,#1351,#1352,#1353,#1354,#1355,#1356,#1357,#1358,#1359,#1360,
    #1361,#1362,#1363,#1364,#1365,#1366,#1367,#1368,#1369,#1370,#1371,
    #1372,#1373,#1374,#1375,#1376,#1377,#1378,#1379,#1380,#1381,#1382,
    #1383),.UNSPECIFIED.,.F.,.F.,(9,7,7,7,7,7,7,7,7,7,9),(0.,
    0.117996632387,0.236003966698,0.351596736802,0.4650036848,
    0.578185830976,0.693226195259,0.811411807253,0.929420196866,
    0.971618651607,1.),.UNSPECIFIED.);
#1312 = CARTESIAN_POINT('',(116.25,75.766644293978,133.53147626148));
#1313 = CARTESIAN_POINT('',(116.41687296537,75.766977436561,
    133.53011419538));
#1314 = CARTESIAN_POINT('',(116.58535281787,75.764155510945,
    133.52490761013));
#1315 = CARTESIAN_POINT('',(116.75530018064,75.758071840775,
    133.51572755076));
#1316 = CARTESIAN_POINT('',(116.92656244027,75.748623572375,
    133.50245060985));
#1317 = CARTESIAN_POINT('',(117.09897424943,75.735712916771,
    133.48496054151));
#1318 = CARTESIAN_POINT('',(117.27235802942,75.719248391728,
    133.46314987527));
#1319 = CARTESIAN_POINT('',(117.4465244728,75.69914606377,
    133.43692153004));
#1320 = CARTESIAN_POINT('',(117.79603746826,75.651513356689,
    133.3754565388));
#1321 = CARTESIAN_POINT('',(117.97138418104,75.623982326559,
    133.3402191103));
#1322 = CARTESIAN_POINT('',(118.14711303733,75.592662475883,
    133.30039290557));
#1323 = CARTESIAN_POINT('',(118.32301273228,75.55748751242,
    133.25590489775));
#1324 = CARTESIAN_POINT('',(118.49886231036,75.51840118326,
    133.20669559167));
#1325 = CARTESIAN_POINT('',(118.67443267279,75.475358382465,
    133.15272034532));
#1326 = CARTESIAN_POINT('',(118.84948808476,75.4283262587,
    133.09395069138));
#1327 = CARTESIAN_POINT('',(119.19452091301,75.32728874261,
    132.9681014435));
#1328 = CARTESIAN_POINT('',(119.36452906684,75.273445718477,
    132.90121648334));
#1329 = CARTESIAN_POINT('',(119.53358606148,75.215737683185,
    132.82971006467));
#1330 = CARTESIAN_POINT('',(119.70146137942,75.154158449305,
    132.75358769255));
#1331 = CARTESIAN_POINT('',(119.86792207988,75.08871466968,
    132.67287142653));
#1332 = CARTESIAN_POINT('',(120.03273481007,75.019426297841,
    132.58760021655));
#1333 = CARTESIAN_POINT('',(120.19566781661,74.94632704842,
    132.49783023876));
#1334 = CARTESIAN_POINT('',(120.51427694533,74.794056106016,
    132.31122142134));
#1335 = CARTESIAN_POINT('',(120.67003216385,74.715025336301,
    132.21454830008));
#1336 = CARTESIAN_POINT('',(120.82354316792,74.632417497113,
    132.11368500226));
#1337 = CARTESIAN_POINT('',(120.97459819801,74.546290650517,
    132.00871686698));
#1338 = CARTESIAN_POINT('',(121.12299099143,74.456715717956,
    131.89974470367));
#1339 = CARTESIAN_POINT('',(121.2685225943,74.363776226263,
    131.78688405785));
#1340 = CARTESIAN_POINT('',(121.41100317352,74.267568053667,
    131.670264477));
#1341 = CARTESIAN_POINT('',(121.68922845312,74.069027272694,
    131.43003141388));
#1342 = CARTESIAN_POINT('',(121.82498603715,73.966707098178,
    131.30643217957));
#1343 = CARTESIAN_POINT('',(121.95734844647,73.861345824653,
    131.17937263355));
#1344 = CARTESIAN_POINT('',(122.08614864111,73.753062357985,
    131.04900730436));
#1345 = CARTESIAN_POINT('',(122.21123180511,73.641986726959,
    130.91550213182));
#1346 = CARTESIAN_POINT('',(122.33245647638,73.528259472727,
    130.77903290981));
#1347 = CARTESIAN_POINT('',(122.4496956764,73.412031038249,
    130.63978372907));
#1348 = CARTESIAN_POINT('',(122.67783796853,73.172944603622,
    130.35377841767));
#1349 = CARTESIAN_POINT('',(122.78860538237,73.050009119668,
    130.20693650394));
#1350 = CARTESIAN_POINT('',(122.89502311814,72.924822297163,
    130.05761989722));
#1351 = CARTESIAN_POINT('',(122.99699027249,72.797562190894,
    129.90603574794));
#1352 = CARTESIAN_POINT('',(123.09442289422,72.668416092169,
    129.75239615329));
#1353 = CARTESIAN_POINT('',(123.18725429738,72.537580693605,
    129.59691611614));
#1354 = CARTESIAN_POINT('',(123.2754349955,72.405263645691,
    129.4398114481));
#1355 = CARTESIAN_POINT('',(123.44471236535,72.134457314258,
    129.11844792918));
#1356 = CARTESIAN_POINT('',(123.52554943135,71.995898116664,
    128.9541109475));
#1357 = CARTESIAN_POINT('',(123.60140798307,71.856250214823,
    128.7885181305));
#1358 = CARTESIAN_POINT('',(123.67227121757,71.715768202485,
    128.62190063993));
#1359 = CARTESIAN_POINT('',(123.73814046083,71.574733080883,
    128.45448539797));
#1360 = CARTESIAN_POINT('',(123.79903431971,71.433453295795,
    128.28649301018));
#1361 = CARTESIAN_POINT('',(123.85498737515,71.292288505373,
    128.11813462958));
#1362 = CARTESIAN_POINT('',(123.95703258974,71.011384041801,
    127.78132975878));
#1363 = CARTESIAN_POINT('',(124.00313785652,70.871648268766,
    127.61288877802));
#1364 = CARTESIAN_POINT('',(124.04441459169,70.733000341072,
    127.44447315671));
#1365 = CARTESIAN_POINT('',(124.08092514309,70.596106832733,
    127.27625721757));
#1366 = CARTESIAN_POINT('',(124.11274414849,70.461725229886,
    127.10840346998));
#1367 = CARTESIAN_POINT('',(124.13995199444,70.331386733889,
    126.9410231609));
#1368 = CARTESIAN_POINT('',(124.16263875496,70.206893034718,
    126.77420331111));
#1369 = CARTESIAN_POINT('',(124.18738725269,70.054736835484,
    126.54823062566));
#1370 = CARTESIAN_POINT('',(124.19333588724,70.016248095668,
    126.4887583177));
#1371 = CARTESIAN_POINT('',(124.19871750777,69.979646141697,
    126.42932528606));
#1372 = CARTESIAN_POINT('',(124.20353449853,69.945315591203,
    126.36991862527));
#1373 = CARTESIAN_POINT('',(124.20778862079,69.913730135905,
    126.31052193438));
#1374 = CARTESIAN_POINT('',(124.21148065876,69.885513329515,
    126.25111201802));
#1375 = CARTESIAN_POINT('',(124.21461038895,69.861448221925,
    126.19165831793));
#1376 = CARTESIAN_POINT('',(124.21890429939,69.829464936923,
    126.09209469235));
#1377 = CARTESIAN_POINT('',(124.22037651645,69.818839657315,
    126.05202524137));
#1378 = CARTESIAN_POINT('',(124.22159419548,69.810690991533,
    126.01191474306));
#1379 = CARTESIAN_POINT('',(124.22255730249,69.805258643131,
    125.97175582872));
#1380 = CARTESIAN_POINT('',(124.22326601456,69.802763055566,
    125.93154245624));
#1381 = CARTESIAN_POINT('',(124.22372106115,69.803358535912,
    125.89127217248));
#1382 = CARTESIAN_POINT('',(124.22392400155,69.807095772388,
    125.85094793278));
#1383 = CARTESIAN_POINT('',(124.22387717864,69.813931918576,
    125.81057763064));
#1384 = ORIENTED_EDGE('',*,*,#1385,.T.);
#1385 = EDGE_CURVE('',#1309,#1386,#1388,.T.);
#1386 = VERTEX_POINT('',#1387);
#1387 = CARTESIAN_POINT('',(116.25,61.728221596189,162.68256136756));
#1388 = CIRCLE('',#1389,78.);
#1389 = AXIS2_PLACEMENT_3D('',#1390,#1391,#1392);
#1390 = CARTESIAN_POINT('',(116.25,0.,115.));
#1391 = DIRECTION('',(1.,0.,-2.22044604925E-16));
#1392 = DIRECTION('',(-2.22044604925E-16,0.,-1.));
#1393 = ORIENTED_EDGE('',*,*,#1394,.F.);
#1394 = EDGE_CURVE('',#1395,#1386,#1397,.T.);
#1395 = VERTEX_POINT('',#1396);
#1396 = CARTESIAN_POINT('',(124.22387717864,51.980324514194,
    162.84244498391));
#1397 = B_SPLINE_CURVE_WITH_KNOTS('',8,(#1398,#1399,#1400,#1401,#1402,
    #1403,#1404,#1405,#1406,#1407,#1408,#1409,#1410,#1411,#1412,#1413,
    #1414,#1415,#1416,#1417,#1418,#1419,#1420,#1421,#1422,#1423,#1424,
    #1425,#1426,#1427,#1428,#1429,#1430,#1431,#1432,#1433,#1434,#1435,
    #1436,#1437,#1438,#1439,#1440,#1441,#1442,#1443,#1444,#1445,#1446,
    #1447,#1448,#1449,#1450,#1451,#1452,#1453,#1454,#1455,#1456,#1457,
    #1458,#1459,#1460,#1461,#1462,#1463,#1464,#1465,#1466,#1467,#1468,
    #1469,#1470,#1471,#1472,#1473,#1474,#1475,#1476),.UNSPECIFIED.,.F.,
  .F.,(9,7,7,7,7,7,7,7,7,7,7,9),(0.,2.958550655066E-02,
    5.811163681903E-02,0.107608388069,0.221635307737,0.334457174807,
    0.44460106578,0.553062152465,0.662398323602,0.773590603049,
    0.88682055978,1.),.UNSPECIFIED.);
#1398 = CARTESIAN_POINT('',(124.22387717864,51.980324514194,
    162.84244498391));
#1399 = CARTESIAN_POINT('',(124.22392598853,52.008783544328,
    162.81063485534));
#1400 = CARTESIAN_POINT('',(124.22370338753,52.039303033934,
    162.78148873971));
#1401 = CARTESIAN_POINT('',(124.22320672103,52.071906284778,
    162.75505024555));
#1402 = CARTESIAN_POINT('',(124.2224342624,52.10655215682,
    162.73127276234));
#1403 = CARTESIAN_POINT('',(124.22138526479,52.143128107749,
    162.71000985481));
#1404 = CARTESIAN_POINT('',(124.22005960417,52.181478457542,
    162.69105447143));
#1405 = CARTESIAN_POINT('',(124.21845735454,52.221438558781,
    162.67418631644));
#1406 = CARTESIAN_POINT('',(124.21476718989,52.302769876522,
    162.64472424729));
#1407 = CARTESIAN_POINT('',(124.21269870004,52.344039899902,
    162.63199904279));
#1408 = CARTESIAN_POINT('',(124.21037322923,52.386510198029,
    162.62081425244));
#1409 = CARTESIAN_POINT('',(124.20779081607,52.430039890776,
    162.61097881961));
#1410 = CARTESIAN_POINT('',(124.20495136378,52.474501379548,
    162.60231971204));
#1411 = CARTESIAN_POINT('',(124.20185458087,52.519784496836,
    162.59468771704));
#1412 = CARTESIAN_POINT('',(124.19849997396,52.565796069186,
    162.58795681975));
#1413 = CARTESIAN_POINT('',(124.18861770098,52.693414357895,
    162.57171104759));
#1414 = CARTESIAN_POINT('',(124.18157041728,52.776321687321,
    162.56378799184));
#1415 = CARTESIAN_POINT('',(124.17374168826,52.860754836331,
    162.55767789451));
#1416 = CARTESIAN_POINT('',(124.16512688543,52.946413496924,
    162.55298189839));
#1417 = CARTESIAN_POINT('',(124.15572063389,53.033078955083,
    162.54941584992));
#1418 = CARTESIAN_POINT('',(124.14551718218,53.120584826746,
    162.54676907059));
#1419 = CARTESIAN_POINT('',(124.13451061353,53.208798673295,
    162.54487844163));
#1420 = CARTESIAN_POINT('',(124.09547473605,53.502221758415,
    162.5407136344));
#1421 = CARTESIAN_POINT('',(124.06396091909,53.710018664474,
    162.54115204071));
#1422 = CARTESIAN_POINT('',(124.02808107008,53.919700438396,
    162.54338847266));
#1423 = CARTESIAN_POINT('',(123.98776378156,54.130641918847,
    162.54685408702));
#1424 = CARTESIAN_POINT('',(123.94294748721,54.342298690291,
    162.55110880263));
#1425 = CARTESIAN_POINT('',(123.89358086412,54.554261480511,
    162.55591636919));
#1426 = CARTESIAN_POINT('',(123.83962534991,54.766144445402,
    162.56108460479));
#1427 = CARTESIAN_POINT('',(123.72310520581,55.186820330505,
    162.57182536873));
#1428 = CARTESIAN_POINT('',(123.66063783492,55.395620913059,
    162.57739240832));
#1429 = CARTESIAN_POINT('',(123.59362964591,55.603662807721,
    162.58305745577));
#1430 = CARTESIAN_POINT('',(123.52206984771,55.810631791643,
    162.58873684246));
#1431 = CARTESIAN_POINT('',(123.44596199849,56.016227114923,
    162.59437249629));
#1432 = CARTESIAN_POINT('',(123.36532479532,56.220155231878,
    162.59992041519));
#1433 = CARTESIAN_POINT('',(123.28019254696,56.422128240371,
    162.60534552692));
#1434 = CARTESIAN_POINT('',(123.10316434569,56.816864753927,
    162.61577507702));
#1435 = CARTESIAN_POINT('',(123.01147697048,57.009732828671,
    162.62078611158));
#1436 = CARTESIAN_POINT('',(122.91559959431,57.200211254445,
    162.62563250948));
#1437 = CARTESIAN_POINT('',(122.81559331347,57.388045884848,
    162.63029701896));
#1438 = CARTESIAN_POINT('',(122.71153362823,57.572989636563,
    162.63476756924));
#1439 = CARTESIAN_POINT('',(122.60351014095,57.754803699864,
    162.639036174));
#1440 = CARTESIAN_POINT('',(122.49162625421,57.933258749128,
    162.64309783484));
#1441 = CARTESIAN_POINT('',(122.26213806615,58.280341739413,
    162.65074220898));
#1442 = CARTESIAN_POINT('',(122.14464724302,58.449078295605,
    162.65433137646));
#1443 = CARTESIAN_POINT('',(122.02363767043,58.6141371295,162.6577143649
    ));
#1444 = CARTESIAN_POINT('',(121.89923322234,58.775320098898,
    162.66089074677));
#1445 = CARTESIAN_POINT('',(121.77156933509,58.932440827137,
    162.66386190606));
#1446 = CARTESIAN_POINT('',(121.6407919667,59.085325918414,
    162.66663069505));
#1447 = CARTESIAN_POINT('',(121.50705655619,59.233816173105,
    162.66920109093));
#1448 = CARTESIAN_POINT('',(121.23289586332,59.522880861895,
    162.67397379038));
#1449 = CARTESIAN_POINT('',(121.09242523145,59.663381848256,
    162.67617296723));
#1450 = CARTESIAN_POINT('',(120.9492827625,59.799123085055,162.67818034)
  );
#1451 = CARTESIAN_POINT('',(120.80364463438,59.929973034351,
    162.68000171949));
#1452 = CARTESIAN_POINT('',(120.65569398022,60.055816765909,
    162.68164357063));
#1453 = CARTESIAN_POINT('',(120.50561934085,60.176556425744,
    162.68311281261));
#1454 = CARTESIAN_POINT('',(120.35361311728,60.292111704661,
    162.68441661906));
#1455 = CARTESIAN_POINT('',(120.04351696173,60.51460152539,
    162.68672726524));
#1456 = CARTESIAN_POINT('',(119.88536744704,60.621356468891,
    162.68772868911));
#1457 = CARTESIAN_POINT('',(119.72562630912,60.722619122415,
    162.68857414256));
#1458 = CARTESIAN_POINT('',(119.56450056442,60.818342793628,
    162.68927134152));
#1459 = CARTESIAN_POINT('',(119.40219779209,60.908499553777,
    162.68982795151));
#1460 = CARTESIAN_POINT('',(119.23892451026,60.993079678723,
    162.69025147406));
#1461 = CARTESIAN_POINT('',(119.07488455231,61.072091089967,
    162.69054913307));
#1462 = CARTESIAN_POINT('',(118.74265379216,61.220372849145,
    162.6909096629));
#1463 = CARTESIAN_POINT('',(118.57444191288,61.28943815142,
    162.69096813251));
#1464 = CARTESIAN_POINT('',(118.40585276356,61.352780738696,
    162.69091043032));
#1465 = CARTESIAN_POINT('',(118.23709244004,61.410444901632,
    162.69074340334));
#1466 = CARTESIAN_POINT('',(118.06836099781,61.46249174736,
    162.69047345633));
#1467 = CARTESIAN_POINT('',(117.89985127401,61.508997761503,
    162.69010652291));
#1468 = CARTESIAN_POINT('',(117.73174770943,61.550053370175,
    162.68964803659));
#1469 = CARTESIAN_POINT('',(117.39677737035,61.621453702965,
    162.68855801015));
#1470 = CARTESIAN_POINT('',(117.22991003543,61.651803167257,
    162.68792655017));
#1471 = CARTESIAN_POINT('',(117.06379814349,61.676912585751,
    162.68721344787));
#1472 = CARTESIAN_POINT('',(116.89860706367,61.696896948687,
    162.68642311509));
#1473 = CARTESIAN_POINT('',(116.73449216455,61.711881893327,
    162.68555947894));
#1474 = CARTESIAN_POINT('',(116.57159842236,61.722002051611,
    162.68462601117));
#1475 = CARTESIAN_POINT('',(116.41006002896,61.727399397811,
    162.68362575761));
#1476 = CARTESIAN_POINT('',(116.25,61.728221596189,162.68256136756));
#1477 = ORIENTED_EDGE('',*,*,#1478,.F.);
#1478 = EDGE_CURVE('',#1479,#1395,#1481,.T.);
#1479 = VERTEX_POINT('',#1480);
#1480 = CARTESIAN_POINT('',(124.22387717864,35.07622464359,
    176.32301479373));
#1481 = B_SPLINE_CURVE_WITH_KNOTS('',5,(#1482,#1483,#1484,#1485,#1486,
    #1487,#1488,#1489,#1490,#1491,#1492,#1493,#1494,#1495,#1496,#1497,
    #1498,#1499,#1500,#1501,#1502,#1503,#1504,#1505,#1506,#1507,#1508,
    #1509,#1510,#1511,#1512,#1513,#1514,#1515),.UNSPECIFIED.,.F.,.F.,(6,
    4,4,4,4,4,4,4,6),(0.,0.125726710388,0.250635113424,0.375260106851,
    0.49968784995,0.62168440666,0.743832668039,0.866288894673,1.),
  .UNSPECIFIED.);
#1482 = CARTESIAN_POINT('',(124.223967314,35.007488395265,
    176.36099815358));
#1483 = CARTESIAN_POINT('',(124.22332901181,35.492648162032,
    176.09329334492));
#1484 = CARTESIAN_POINT('',(124.22273249882,35.974214233674,
    175.82065065545));
#1485 = CARTESIAN_POINT('',(124.22217729827,36.452206706588,
    175.54314308969));
#1486 = CARTESIAN_POINT('',(124.22166302252,36.926639715551,
    175.26083176292));
#1487 = CARTESIAN_POINT('',(124.22071880641,37.865338361827,
    174.68856844206));
#1488 = CARTESIAN_POINT('',(124.22028833612,38.32965018918,
    174.39867857071));
#1489 = CARTESIAN_POINT('',(124.21989766602,38.79046512625,
    174.10414505021));
#1490 = CARTESIAN_POINT('',(124.21954655939,39.247787167714,
    173.80500889864));
#1491 = CARTESIAN_POINT('',(124.21892382588,40.154415306815,
    173.19828696896));
#1492 = CARTESIAN_POINT('',(124.21865201926,40.603737258475,
    172.89072211094));
#1493 = CARTESIAN_POINT('',(124.21841924165,41.049581814241,
    172.57864206787));
#1494 = CARTESIAN_POINT('',(124.21822536255,41.491945191042,
    172.26207422584));
#1495 = CARTESIAN_POINT('',(124.2179154798,42.369000091338,
    171.6205140996));
#1496 = CARTESIAN_POINT('',(124.21779935291,42.803702623535,
    171.29553605058));
#1497 = CARTESIAN_POINT('',(124.21772183387,43.234920211656,
    170.96612748237));
#1498 = CARTESIAN_POINT('',(124.21768288079,43.662641886995,
    170.6323049662));
#1499 = CARTESIAN_POINT('',(124.21768211435,44.502775581838,
    169.96246382788));
#1500 = CARTESIAN_POINT('',(124.21771880862,44.915323386264,
    169.62661560662));
#1501 = CARTESIAN_POINT('',(124.21779257612,45.324482760299,
    169.28654647649));
#1502 = CARTESIAN_POINT('',(124.21790345517,45.730236289172,
    168.94226317056));
#1503 = CARTESIAN_POINT('',(124.21819977468,46.535389708953,
    168.24483973833));
#1504 = CARTESIAN_POINT('',(124.21838530812,46.93478097202,
    167.8916891329));
#1505 = CARTESIAN_POINT('',(124.21860819985,47.330715517223,
    167.53431884235));
#1506 = CARTESIAN_POINT('',(124.21886856969,47.723167731806,
    167.17272691828));
#1507 = CARTESIAN_POINT('',(124.21946534284,48.502027902353,
    166.44016463984));
#1508 = CARTESIAN_POINT('',(124.21980193724,48.888417949213,
    166.06917288182));
#1509 = CARTESIAN_POINT('',(124.22017652669,49.271247476331,
    165.69392530802));
#1510 = CARTESIAN_POINT('',(124.22058932819,49.650480312521,
    165.31441024438));
#1511 = CARTESIAN_POINT('',(124.22153337469,50.436188888256,
    164.51153636844));
#1512 = CARTESIAN_POINT('',(124.22207201935,50.841964816277,
    164.08735381613));
#1513 = CARTESIAN_POINT('',(124.22265690546,51.243346706621,
    163.65804021792));
#1514 = CARTESIAN_POINT('',(124.22328847572,51.640269060945,
    163.2235651349));
#1515 = CARTESIAN_POINT('',(124.223967314,52.032650806089,
    162.78388418955));
#1516 = ORIENTED_EDGE('',*,*,#1517,.F.);
#1517 = EDGE_CURVE('',#1518,#1479,#1520,.T.);
#1518 = VERTEX_POINT('',#1519);
#1519 = CARTESIAN_POINT('',(116.25,32.751238480518,185.79093429241));
#1520 = B_SPLINE_CURVE_WITH_KNOTS('',8,(#1521,#1522,#1523,#1524,#1525,
    #1526,#1527,#1528,#1529,#1530,#1531,#1532,#1533,#1534,#1535,#1536,
    #1537,#1538,#1539,#1540,#1541,#1542,#1543,#1544,#1545,#1546,#1547,
    #1548,#1549,#1550,#1551,#1552,#1553,#1554,#1555,#1556,#1557,#1558,
    #1559,#1560,#1561,#1562,#1563,#1564,#1565,#1566,#1567,#1568,#1569,
    #1570,#1571,#1572,#1573,#1574,#1575,#1576,#1577,#1578,#1579,#1580,
    #1581,#1582,#1583,#1584,#1585,#1586,#1587,#1588,#1589,#1590,#1591,
    #1592),.UNSPECIFIED.,.F.,.F.,(9,7,7,7,7,7,7,7,7,7,9),(0.,
    0.117996632387,0.236003966698,0.351596736803,0.465003684801,
    0.578185830977,0.69322619526,0.811411807252,0.929420196865,
    0.971618651608,1.),.UNSPECIFIED.);
#1521 = CARTESIAN_POINT('',(116.25,32.751238480518,185.79093429241));
#1522 = CARTESIAN_POINT('',(116.41687296537,32.75251109768,
    185.79034551944));
#1523 = CARTESIAN_POINT('',(116.58535281787,32.754822328098,
    185.78489299635));
#1524 = CARTESIAN_POINT('',(116.75530018064,32.758206481217,
    185.77441291808));
#1525 = CARTESIAN_POINT('',(116.92656244027,32.762695912615,
    185.75874792714));
#1526 = CARTESIAN_POINT('',(117.09897424943,32.768320536571,
    185.73774909088));
#1527 = CARTESIAN_POINT('',(117.27235802942,32.775107338635,
    185.71127787889));
#1528 = CARTESIAN_POINT('',(117.4465244728,32.783079888195,
    185.67920814025));
#1529 = CARTESIAN_POINT('',(117.79603746826,32.801436646318,
    185.60364459505));
#1530 = CARTESIAN_POINT('',(117.97138418104,32.811821060753,
    185.56014979164));
#1531 = CARTESIAN_POINT('',(118.14711303733,32.82343083395,
    185.51083171385));
#1532 = CARTESIAN_POINT('',(118.32301273228,32.836281728053,
    185.45559300085));
#1533 = CARTESIAN_POINT('',(118.49886231036,32.850385185152,
    185.39435257768));
#1534 = CARTESIAN_POINT('',(118.67443267279,32.865747984685,
    185.32704734527));
#1535 = CARTESIAN_POINT('',(118.84948808476,32.882371900826,
    185.25363387033));
#1536 = CARTESIAN_POINT('',(119.19452091301,32.917768943972,
    185.09617383672));
#1537 = CARTESIAN_POINT('',(119.36452906684,32.93649113508,
    185.01237557478));
#1538 = CARTESIAN_POINT('',(119.53358606148,32.956416732906,
    184.92267409319));
#1539 = CARTESIAN_POINT('',(119.70146137942,32.977537575623,
    184.82706798676));
#1540 = CARTESIAN_POINT('',(119.86792207988,32.999840564351,
    184.72557621082));
#1541 = CARTESIAN_POINT('',(120.03273481007,33.023307687635,
    184.61823865053));
#1542 = CARTESIAN_POINT('',(120.19566781661,33.047916045916,
    184.50511669032));
#1543 = CARTESIAN_POINT('',(120.51427694533,33.098873314565,
    184.26971777909));
#1544 = CARTESIAN_POINT('',(120.67003216385,33.125180525325,
    184.14765433002));
#1545 = CARTESIAN_POINT('',(120.82354316792,33.152533481704,
    184.02018168307));
#1546 = CARTESIAN_POINT('',(120.97459819801,33.180901664,183.88739844105
    ));
#1547 = CARTESIAN_POINT('',(121.12299099143,33.210250475037,
    183.74942290622));
#1548 = CARTESIAN_POINT('',(121.2685225943,33.240541655809,
    183.60639242395));
#1549 = CARTESIAN_POINT('',(121.41100317352,33.271733701122,
    183.45846272639));
#1550 = CARTESIAN_POINT('',(121.68922845312,33.335767320808,
    183.15345442835));
#1551 = CARTESIAN_POINT('',(121.82498603715,33.368605508063,
    182.99639443251));
#1552 = CARTESIAN_POINT('',(121.95734844647,33.40225298174,
    182.83479934066));
#1553 = CARTESIAN_POINT('',(122.08614864111,33.436663063144,
    182.66885846412));
#1554 = CARTESIAN_POINT('',(122.21123180511,33.471787086927,
    182.49877692528));
#1555 = CARTESIAN_POINT('',(122.33245647638,33.507575237878,
    182.32477420931));
#1556 = CARTESIAN_POINT('',(122.4496956764,33.543977387703,
    182.14708271597));
#1557 = CARTESIAN_POINT('',(122.67783796853,33.618517390555,
    181.78183601942));
#1558 = CARTESIAN_POINT('',(122.78860538237,33.656674001121,
    181.59416675205));
#1559 = CARTESIAN_POINT('',(122.89502311814,33.695361717952,
    181.40319437149));
#1560 = CARTESIAN_POINT('',(122.99699027249,33.734529599662,
    181.20918724275));
#1561 = CARTESIAN_POINT('',(123.09442289422,33.774128596205,
    181.0124240365));
#1562 = CARTESIAN_POINT('',(123.18725429738,33.814113247417,
    180.81319258533));
#1563 = CARTESIAN_POINT('',(123.2754349955,33.854444292951,
    180.61178979325));
#1564 = CARTESIAN_POINT('',(123.44471236535,33.936851423429,
    180.19969800095));
#1565 = CARTESIAN_POINT('',(123.52554943135,33.978945002789,
    179.98890562593));
#1566 = CARTESIAN_POINT('',(123.60140798307,34.021341637737,
    179.77647906718));
#1567 = CARTESIAN_POINT('',(123.67227121757,34.06401933536,
    179.56276150101));
#1568 = CARTESIAN_POINT('',(123.73814046083,34.106975882148,
    179.34811410676));
#1569 = CARTESIAN_POINT('',(123.79903431971,34.150231114523,
    179.13291558239));
#1570 = CARTESIAN_POINT('',(123.85498737515,34.193844189611,
    178.91757877164));
#1571 = CARTESIAN_POINT('',(123.95703258974,34.282027772717,
    178.4879644163));
#1572 = CARTESIAN_POINT('',(124.00313785652,34.326596404967,
    178.273693356));
#1573 = CARTESIAN_POINT('',(124.04441459168,34.371823470879,
    178.06028861879));
#1574 = CARTESIAN_POINT('',(124.0809251431,34.417988281558,
    177.84838004166));
#1575 = CARTESIAN_POINT('',(124.11274414848,34.465436066949,
    177.63866117406));
#1576 = CARTESIAN_POINT('',(124.13995199444,34.515034539088,
    177.43239851877));
#1577 = CARTESIAN_POINT('',(124.16263875496,34.567838997725,
    177.23105495029));
#1578 = CARTESIAN_POINT('',(124.18738725269,34.649643718878,
    176.9712027786));
#1579 = CARTESIAN_POINT('',(124.19333588724,34.672143704813,
    176.90403069259));
#1580 = CARTESIAN_POINT('',(124.19871750777,34.695789375017,
    176.83835824353));
#1581 = CARTESIAN_POINT('',(124.20353449853,34.720830624562,
    176.77447809119));
#1582 = CARTESIAN_POINT('',(124.20778862079,34.747575618195,
    176.71275035681));
#1583 = CARTESIAN_POINT('',(124.21148065876,34.77643127015,
    176.65364809226));
#1584 = CARTESIAN_POINT('',(124.21461038895,34.807909695468,
    176.59776445783));
#1585 = CARTESIAN_POINT('',(124.21890429939,34.865810420426,
    176.51068201351));
#1586 = CARTESIAN_POINT('',(124.22037651645,34.890513225212,
    176.47739194135));
#1587 = CARTESIAN_POINT('',(124.22159419548,34.916792265549,
    176.44601257127));
#1588 = CARTESIAN_POINT('',(124.22255730249,34.944802755252,
    176.41672671672));
#1589 = CARTESIAN_POINT('',(124.22326601456,34.974686862485,
    176.38970296014));
#1590 = CARTESIAN_POINT('',(124.22372106115,35.006542714048,
    176.36506041419));
#1591 = CARTESIAN_POINT('',(124.22392400155,35.040399602986,
    176.3428405511));
#1592 = CARTESIAN_POINT('',(124.22387717864,35.07622464359,
    176.32301479373));
#1593 = ORIENTED_EDGE('',*,*,#1594,.T.);
#1594 = EDGE_CURVE('',#1518,#1595,#1597,.T.);
#1595 = VERTEX_POINT('',#1596);
#1596 = CARTESIAN_POINT('',(116.25,1.207189010222,192.99065773984));
#1597 = CIRCLE('',#1598,78.);
#1598 = AXIS2_PLACEMENT_3D('',#1599,#1600,#1601);
#1599 = CARTESIAN_POINT('',(116.25,0.,115.));
#1600 = DIRECTION('',(1.,0.,-2.22044604925E-16));
#1601 = DIRECTION('',(-2.22044604925E-16,0.,-1.));
#1602 = ORIENTED_EDGE('',*,*,#1603,.F.);
#1603 = EDGE_CURVE('',#1604,#1595,#1606,.T.);
#1604 = VERTEX_POINT('',#1605);
#1605 = CARTESIAN_POINT('',(124.22387717864,-4.995527454761,
    185.46913071755));
#1606 = B_SPLINE_CURVE_WITH_KNOTS('',8,(#1607,#1608,#1609,#1610,#1611,
    #1612,#1613,#1614,#1615,#1616,#1617,#1618,#1619,#1620,#1621,#1622,
    #1623,#1624,#1625,#1626,#1627,#1628,#1629,#1630,#1631,#1632,#1633,
    #1634,#1635,#1636,#1637,#1638,#1639,#1640,#1641,#1642,#1643,#1644,
    #1645,#1646,#1647,#1648,#1649,#1650,#1651,#1652,#1653,#1654,#1655,
    #1656,#1657,#1658,#1659,#1660,#1661,#1662,#1663,#1664,#1665,#1666,
    #1667,#1668,#1669,#1670,#1671,#1672,#1673,#1674,#1675,#1676,#1677,
    #1678,#1679,#1680,#1681,#1682,#1683,#1684,#1685),.UNSPECIFIED.,.F.,
  .F.,(9,7,7,7,7,7,7,7,7,7,7,9),(0.,2.958550655064E-02,
    5.811163681876E-02,0.107608388068,0.221635307736,0.334457174807,
    0.44460106578,0.553062152464,0.662398323602,0.77359060305,
    0.88682055978,1.),.UNSPECIFIED.);
#1607 = CARTESIAN_POINT('',(124.22387717864,-4.995527454761,
    185.46913071755));
#1608 = CARTESIAN_POINT('',(124.22392598853,-4.952913379721,
    185.47154759251));
#1609 = CARTESIAN_POINT('',(124.22370338753,-4.911097438402,
    185.47723638446));
#1610 = CARTESIAN_POINT('',(124.22320672103,-4.870099196914,
    185.48624250092));
#1611 = CARTESIAN_POINT('',(124.2224342624,-4.829907864074,
    185.49850471612));
#1612 = CARTESIAN_POINT('',(124.22138526479,-4.79047912116,
    185.51384374006));
#1613 = CARTESIAN_POINT('',(124.22005960417,-4.751748153672,
    185.53200876266));
#1614 = CARTESIAN_POINT('',(124.21845735454,-4.713645383448,
    185.55273370524));
#1615 = CARTESIAN_POINT('',(124.21476718989,-4.639901763066,
    185.5979517903));
#1616 = CARTESIAN_POINT('',(124.21269870004,-4.604221358863,
    185.62228395863));
#1617 = CARTESIAN_POINT('',(124.21037322923,-4.568996939879,
    185.64851497206));
#1618 = CARTESIAN_POINT('',(124.20779081607,-4.534166969348,
    185.6764155642));
#1619 = CARTESIAN_POINT('',(124.20495136378,-4.499675721616,
    185.70577809062));
#1620 = CARTESIAN_POINT('',(124.20185458087,-4.465475225819,
    185.73642338629));
#1621 = CARTESIAN_POINT('',(124.19849997396,-4.431525052288,
    185.76820003629));
#1622 = CARTESIAN_POINT('',(124.18861770098,-4.339254894617,
    185.85784695888));
#1623 = CARTESIAN_POINT('',(124.18157041728,-4.281368525798,
    185.91772657469));
#1624 = CARTESIAN_POINT('',(124.17374168825,-4.223948251998,
    185.97992948538));
#1625 = CARTESIAN_POINT('',(124.16512688543,-4.166869473065,
    186.04397221728));
#1626 = CARTESIAN_POINT('',(124.15572063389,-4.110046394767,
    186.10950660606));
#1627 = CARTESIAN_POINT('',(124.14551718218,-4.053418040778,
    186.17627121151));
#1628 = CARTESIAN_POINT('',(124.13451061353,-3.996939453827,
    186.24406078605));
#1629 = CARTESIAN_POINT('',(124.09547473605,-3.810736975217,
    186.47087147685));
#1630 = CARTESIAN_POINT('',(124.06396091908,-3.681520483289,
    186.63360698183));
#1631 = CARTESIAN_POINT('',(124.02808107009,-3.552534548509,
    186.79893718649));
#1632 = CARTESIAN_POINT('',(123.98776378155,-3.423724213083,
    186.96601865208));
#1633 = CARTESIAN_POINT('',(123.94294748721,-3.295084845198,
    187.13415135126));
#1634 = CARTESIAN_POINT('',(123.89358086412,-3.166686914018,
    187.30286800249));
#1635 = CARTESIAN_POINT('',(123.83962534991,-3.038620735517,
    187.47174711723));
#1636 = CARTESIAN_POINT('',(123.72310520581,-2.784731078665,
    187.8073415249));
#1637 = CARTESIAN_POINT('',(123.66063783492,-2.658898531635,
    187.97405938631));
#1638 = CARTESIAN_POINT('',(123.59362964591,-2.533615644404,
    188.14024518855));
#1639 = CARTESIAN_POINT('',(123.52206984771,-2.409012916941,
    188.30560109575));
#1640 = CARTESIAN_POINT('',(123.44596199849,-2.285232461154,
    188.46985576483));
#1641 = CARTESIAN_POINT('',(123.36532479532,-2.162422897582,
    188.63275225768));
#1642 = CARTESIAN_POINT('',(123.28019254696,-2.040736309678,
    188.79404361617));
#1643 = CARTESIAN_POINT('',(123.10316434569,-1.802776269676,
    189.10916376787));
#1644 = CARTESIAN_POINT('',(123.01147697048,-1.686442776541,
    189.26307842961));
#1645 = CARTESIAN_POINT('',(122.91559959431,-1.571470487053,
    189.41502213928));
#1646 = CARTESIAN_POINT('',(122.81559331347,-1.458004370924,
    189.56478544092));
#1647 = CARTESIAN_POINT('',(122.71153362823,-1.346189044766,
    189.712167631));
#1648 = CARTESIAN_POINT('',(122.60351014094,-1.236167160049,
    189.85697702118));
#1649 = CARTESIAN_POINT('',(122.49162625421,-1.128077791064,
    189.99903120102));
#1650 = CARTESIAN_POINT('',(122.26213806615,-0.917651698584,
    190.27515779916));
#1651 = CARTESIAN_POINT('',(122.14464724302,-0.815252300733,
    190.40931916036));
#1652 = CARTESIAN_POINT('',(122.02363767043,-0.714984727961,
    190.54047661195));
#1653 = CARTESIAN_POINT('',(121.89923322234,-0.616972185649,
    190.66847497357));
#1654 = CARTESIAN_POINT('',(121.77156933509,-0.521331959809,
    190.79316939297));
#1655 = CARTESIAN_POINT('',(121.6407919667,-0.428174390938,
    190.91442608223));
#1656 = CARTESIAN_POINT('',(121.50705655619,-0.337601847885,
    191.0321230538));
#1657 = CARTESIAN_POINT('',(121.23289586332,-0.161104409034,
    191.2610986574));
#1658 = CARTESIAN_POINT('',(121.09242523145,-7.522286258655E-02,
    191.3723179162));
#1659 = CARTESIAN_POINT('',(120.9492827625,7.840987023466E-03,
    191.47969626505));
#1660 = CARTESIAN_POINT('',(120.80364463438,8.800058415475E-02,
    191.58313448642));
#1661 = CARTESIAN_POINT('',(120.65569398022,0.165179216499,
    191.68254675507));
#1662 = CARTESIAN_POINT('',(120.50561934085,0.239310463452,
    191.7778608797));
#1663 = CARTESIAN_POINT('',(120.35361311728,0.310338644478,
    191.86901854475));
#1664 = CARTESIAN_POINT('',(120.04351696173,0.44725224279,
    192.04440875545));
#1665 = CARTESIAN_POINT('',(119.88536744704,0.513029916654,
    192.12849750876));
#1666 = CARTESIAN_POINT('',(119.72562630912,0.575505146313,
    192.20819497089));
#1667 = CARTESIAN_POINT('',(119.56450056442,0.634642787014,
    192.2834694471));
#1668 = CARTESIAN_POINT('',(119.40219779209,0.690419432317,
    192.3543038812));
#1669 = CARTESIAN_POINT('',(119.23892451026,0.742823154398,
    192.42069534766));
#1670 = CARTESIAN_POINT('',(119.07488455231,0.791853244354,
    192.4826545438));
#1671 = CARTESIAN_POINT('',(118.74265379216,0.884023535435,
    192.59881067807));
#1672 = CARTESIAN_POINT('',(118.57444191288,0.927039333683,
    192.65284456094));
#1673 = CARTESIAN_POINT('',(118.40585276356,0.966577904259,
    192.70233181313));
#1674 = CARTESIAN_POINT('',(118.23709244004,1.002661508739,
    192.7473113315));
#1675 = CARTESIAN_POINT('',(118.06836099781,1.035323239339,
    192.78783488485));
#1676 = CARTESIAN_POINT('',(117.89985127401,1.064606144977,
    192.82396597159));
#1677 = CARTESIAN_POINT('',(117.73174770943,1.090562357338,
    192.85577867743));
#1678 = CARTESIAN_POINT('',(117.39677737035,1.13593195367,192.9109220851
    ));
#1679 = CARTESIAN_POINT('',(117.22991003543,1.155348230435,
    192.9342565429));
#1680 = CARTESIAN_POINT('',(117.06379814349,1.171561222627,
    192.95344326477));
#1681 = CARTESIAN_POINT('',(116.89860706367,1.184639176161,
    192.96857490445));
#1682 = CARTESIAN_POINT('',(116.73449216455,1.194657354258,
    192.9797521376));
#1683 = CARTESIAN_POINT('',(116.57159842236,1.201696984232,
    192.98708238832));
#1684 = CARTESIAN_POINT('',(116.41006002896,1.205844204271,
    192.9906785556));
#1685 = CARTESIAN_POINT('',(116.25,1.207189010222,192.99065773984));
#1686 = ORIENTED_EDGE('',*,*,#1687,.F.);
#1687 = EDGE_CURVE('',#1688,#1604,#1690,.T.);
#1688 = VERTEX_POINT('',#1689);
#1689 = CARTESIAN_POINT('',(124.22387717864,-26.0745952126,
    180.6579710556));
#1690 = B_SPLINE_CURVE_WITH_KNOTS('',5,(#1691,#1692,#1693,#1694,#1695,
    #1696,#1697,#1698,#1699,#1700,#1701,#1702,#1703,#1704,#1705,#1706,
    #1707,#1708,#1709,#1710,#1711,#1712,#1713,#1714,#1715,#1716,#1717,
    #1718,#1719,#1720,#1721,#1722,#1723,#1724),.UNSPECIFIED.,.F.,.F.,(6,
    4,4,4,4,4,4,4,6),(0.,0.125726710388,0.250635113424,0.375260106851,
    0.49968784995,0.62168440666,0.743832668039,0.866288894673,1.),
  .UNSPECIFIED.);
#1691 = CARTESIAN_POINT('',(124.223967314,-26.147148149,180.62791313018)
  );
#1692 = CARTESIAN_POINT('',(124.22332901181,-25.63535593473,
    180.84031509176));
#1693 = CARTESIAN_POINT('',(124.22273249882,-25.12194376205,
    181.04682867102));
#1694 = CARTESIAN_POINT('',(124.22217729827,-24.60695617828,
    181.24751509754));
#1695 = CARTESIAN_POINT('',(124.22166302252,-24.0904321524,
    181.44242352708));
#1696 = CARTESIAN_POINT('',(124.22071880641,-23.05774963892,
    181.81952733675));
#1697 = CARTESIAN_POINT('',(124.22028833612,-22.54161092181,
    182.00179756261));
#1698 = CARTESIAN_POINT('',(124.21989766602,-22.02402192904,
    182.17843854167));
#1699 = CARTESIAN_POINT('',(124.21954655939,-21.50501223918,
    182.34947897144));
#1700 = CARTESIAN_POINT('',(124.21892382588,-20.46538453464,
    182.68002445776));
#1701 = CARTESIAN_POINT('',(124.21865201926,-19.94477299113,
    182.83955495294));
#1702 = CARTESIAN_POINT('',(124.21841924165,-19.42279945467,
    182.99355153871));
#1703 = CARTESIAN_POINT('',(124.21822536255,-18.89948769529,
    183.14202833228));
#1704 = CARTESIAN_POINT('',(124.2179154798,-17.85106100469,
    183.4277312692));
#1705 = CARTESIAN_POINT('',(124.21779935291,-17.32595033919,
    183.56497489498));
#1706 = CARTESIAN_POINT('',(124.21772183387,-16.79954858139,
    183.69673149825));
#1707 = CARTESIAN_POINT('',(124.21768288079,-16.27187552608,
    183.8230028353));
#1708 = CARTESIAN_POINT('',(124.21768211435,-15.22435784496,
    184.0622066888));
#1709 = CARTESIAN_POINT('',(124.21771880862,-14.70456178341,
    184.1753516094));
#1710 = CARTESIAN_POINT('',(124.21779257612,-14.18357833422,
    184.2832156548));
#1711 = CARTESIAN_POINT('',(124.21790345517,-13.66142361943,
    184.3857894076));
#1712 = CARTESIAN_POINT('',(124.21819977468,-12.61415107734,
    184.58044730183));
#1713 = CARTESIAN_POINT('',(124.21838530812,-12.08903043649,
    184.67251816411));
#1714 = CARTESIAN_POINT('',(124.21860819985,-11.5627659413,
    184.7592555249));
#1715 = CARTESIAN_POINT('',(124.21886856969,-11.03537203774,
    184.84063814453));
#1716 = CARTESIAN_POINT('',(124.21946534284,-9.977020412183,
    184.99283043647));
#1717 = CARTESIAN_POINT('',(124.21980193724,-9.446057122268,
    185.06361276192));
#1718 = CARTESIAN_POINT('',(124.22017652669,-8.913986449349,
    185.12895790321));
#1719 = CARTESIAN_POINT('',(124.22058932819,-8.380821818627,
    185.18883030189));
#1720 = CARTESIAN_POINT('',(124.22153337469,-7.263228461765,
    185.30253832862));
#1721 = CARTESIAN_POINT('',(124.22207201935,-6.678592035091,
    185.35531322848));
#1722 = CARTESIAN_POINT('',(124.22265690546,-6.092683632881,
    185.40145357657));
#1723 = CARTESIAN_POINT('',(124.22328847572,-5.505520294573,
    185.44088918584));
#1724 = CARTESIAN_POINT('',(124.223967314,-4.917117872726,
    185.47352900185));
#1725 = ORIENTED_EDGE('',*,*,#1726,.F.);
#1726 = EDGE_CURVE('',#1727,#1688,#1729,.T.);
#1727 = VERTEX_POINT('',#1728);
#1728 = CARTESIAN_POINT('',(116.25,-34.92651791228,184.74337492925));
#1729 = B_SPLINE_CURVE_WITH_KNOTS('',8,(#1730,#1731,#1732,#1733,#1734,
    #1735,#1736,#1737,#1738,#1739,#1740,#1741,#1742,#1743,#1744,#1745,
    #1746,#1747,#1748,#1749,#1750,#1751,#1752,#1753,#1754,#1755,#1756,
    #1757,#1758,#1759,#1760,#1761,#1762,#1763,#1764,#1765,#1766,#1767,
    #1768,#1769,#1770,#1771,#1772,#1773,#1774,#1775,#1776,#1777,#1778,
    #1779,#1780,#1781,#1782,#1783,#1784,#1785,#1786,#1787),
  .UNSPECIFIED.,.F.,.F.,(9,7,7,7,7,7,7,7,9),(0.,0.202955060293,
    0.401649457111,0.596447807082,0.796772396689,0.85869580555,
    0.921060854278,0.963383855955,1.),.UNSPECIFIED.);
#1730 = CARTESIAN_POINT('',(116.25,-34.92651791228,184.74337492925));
#1731 = CARTESIAN_POINT('',(116.5370215746,-34.92436140142,
    184.74445488008));
#1732 = CARTESIAN_POINT('',(116.82879757892,-34.90903929701,
    184.73896573406));
#1733 = CARTESIAN_POINT('',(117.12461716663,-34.87979152455,
    184.7265243857));
#1734 = CARTESIAN_POINT('',(117.42365763143,-34.83591170583,
    184.70676935954));
#1735 = CARTESIAN_POINT('',(117.72498441062,-34.77677675681,
    184.67937385582));
#1736 = CARTESIAN_POINT('',(118.02755974864,-34.70187485207,
    184.64405867295));
#1737 = CARTESIAN_POINT('',(118.33026002049,-34.61083175572,
    184.60060500691));
#1738 = CARTESIAN_POINT('',(118.92721100396,-34.39829386587,
    184.49821538842));
#1739 = CARTESIAN_POINT('',(119.22150664959,-34.27747787113,
    184.43962333626));
#1740 = CARTESIAN_POINT('',(119.51367815424,-34.14078837658,
    184.3729541256));
#1741 = CARTESIAN_POINT('',(119.80255999175,-33.98817218121,
    184.29813675315));
#1742 = CARTESIAN_POINT('',(120.0869578597,-33.81974232537,
    184.21517668069));
#1743 = CARTESIAN_POINT('',(120.36567761476,-33.63578816463,
    184.12416274985));
#1744 = CARTESIAN_POINT('',(120.63755689127,-33.43677523286,
    184.02527038867));
#1745 = CARTESIAN_POINT('',(121.16026646759,-33.01407974524,
    183.81434029047));
#1746 = CARTESIAN_POINT('',(121.41140572919,-32.79095670788,
    183.70259807029));
#1747 = CARTESIAN_POINT('',(121.65388411951,-32.55455951868,
    183.58377988292));
#1748 = CARTESIAN_POINT('',(121.88672812049,-32.3056348207,
    183.45821161417));
#1749 = CARTESIAN_POINT('',(122.10905374421,-32.04506847902,
    183.3262953808));
#1750 = CARTESIAN_POINT('',(122.3200895313,-31.77386585196,
    183.18850564845));
#1751 = CARTESIAN_POINT('',(122.51919256811,-31.49312601864,
    183.045385689));
#1752 = CARTESIAN_POINT('',(122.89781797997,-30.90669196602,
    182.74550895141));
#1753 = CARTESIAN_POINT('',(123.07662482909,-30.60051554724,
    182.58848095611));
#1754 = CARTESIAN_POINT('',(123.24172845534,-30.28674284155,
    182.42711977096));
#1755 = CARTESIAN_POINT('',(123.3927320954,-29.96670963218,
    182.26217785535));
#1756 = CARTESIAN_POINT('',(123.52940056977,-29.64178325977,
    182.09444405048));
#1757 = CARTESIAN_POINT('',(123.65165679321,-29.31335385438,
    181.92489583008));
#1758 = CARTESIAN_POINT('',(123.75957032527,-28.98277663507,
    181.75453133565));
#1759 = CARTESIAN_POINT('',(123.88231827252,-28.54906703239,
    181.53275638524));
#1760 = CARTESIAN_POINT('',(123.9099501439,-28.44658823513,
    181.48048126562));
#1761 = CARTESIAN_POINT('',(123.93623569314,-28.34408253418,
    181.42834980685));
#1762 = CARTESIAN_POINT('',(123.9611817431,-28.24159289282,
    181.37642265967));
#1763 = CARTESIAN_POINT('',(123.98479617618,-28.13916320976,
    181.32476953091));
#1764 = CARTESIAN_POINT('',(124.00708785059,-28.03683902331,
    181.27347369156));
#1765 = CARTESIAN_POINT('',(124.02806648342,-27.93466889988,
    181.22264050218));
#1766 = CARTESIAN_POINT('',(124.06755884829,-27.73001691397,
    181.12182116298));
#1767 = CARTESIAN_POINT('',(124.08605384435,-27.62753849247,
    181.0718439036));
#1768 = CARTESIAN_POINT('',(124.10323823831,-27.5253258153,
    181.02262217042));
#1769 = CARTESIAN_POINT('',(124.11912341199,-27.42343900856,
    180.97433544067));
#1770 = CARTESIAN_POINT('',(124.13372117901,-27.32194765553,
    180.92722193176));
#1771 = CARTESIAN_POINT('',(124.14704361781,-27.22093422932,
    180.88159912879));
#1772 = CARTESIAN_POINT('',(124.1591026,-27.12050415517,180.83792337477)
  );
#1773 = CARTESIAN_POINT('',(124.17724203899,-26.9531535573,
    180.76911105778));
#1774 = CARTESIAN_POINT('',(124.18399825232,-26.88583750524,
    180.74252811368));
#1775 = CARTESIAN_POINT('',(124.19018076593,-26.81890773575,
    180.71740936186));
#1776 = CARTESIAN_POINT('',(124.19579252678,-26.75242277119,
    180.69404898175));
#1777 = CARTESIAN_POINT('',(124.20083601579,-26.68645399993,
    180.67281136138));
#1778 = CARTESIAN_POINT('',(124.20531295484,-26.621093952,
    180.65417938516));
#1779 = CARTESIAN_POINT('',(124.20922410628,-26.55646158337,
    180.63878532801));
#1780 = CARTESIAN_POINT('',(124.21546396293,-26.43752474947,
    180.61748008789));
#1781 = CARTESIAN_POINT('',(124.21793498405,-26.383001808,
    180.61056904273));
#1782 = CARTESIAN_POINT('',(124.21998255785,-26.32921684464,
    180.60710794904));
#1783 = CARTESIAN_POINT('',(124.22160642499,-26.27626894429,
    180.60761018852));
#1784 = CARTESIAN_POINT('',(124.2228061354,-26.22426703891,
    180.61263813199));
#1785 = CARTESIAN_POINT('',(124.22358225586,-26.17330080547,
    180.62263929004));
#1786 = CARTESIAN_POINT('',(124.22393758854,-26.12341161854,
    180.637782364));
#1787 = CARTESIAN_POINT('',(124.22387717864,-26.0745952126,
    180.6579710556));
#1788 = ORIENTED_EDGE('',*,*,#1789,.T.);
#1789 = EDGE_CURVE('',#1727,#1790,#1792,.T.);
#1790 = VERTEX_POINT('',#1791);
#1791 = CARTESIAN_POINT('',(116.25,-60.22288152261,164.57019811452));
#1792 = CIRCLE('',#1793,78.);
#1793 = AXIS2_PLACEMENT_3D('',#1794,#1795,#1796);
#1794 = CARTESIAN_POINT('',(116.25,0.,115.));
#1795 = DIRECTION('',(1.,0.,-2.22044604925E-16));
#1796 = DIRECTION('',(-2.22044604925E-16,0.,-1.));
#1797 = ORIENTED_EDGE('',*,*,#1798,.F.);
#1798 = EDGE_CURVE('',#1799,#1790,#1801,.T.);
#1799 = VERTEX_POINT('',#1800);
#1800 = CARTESIAN_POINT('',(124.22387717864,-58.20964536009,
    155.03112371258));
#1801 = B_SPLINE_CURVE_WITH_KNOTS('',8,(#1802,#1803,#1804,#1805,#1806,
    #1807,#1808,#1809,#1810,#1811,#1812,#1813,#1814,#1815,#1816,#1817,
    #1818,#1819,#1820,#1821,#1822,#1823,#1824,#1825,#1826,#1827,#1828,
    #1829,#1830,#1831,#1832,#1833,#1834,#1835,#1836,#1837,#1838,#1839,
    #1840,#1841,#1842,#1843,#1844,#1845,#1846,#1847,#1848,#1849,#1850,
    #1851,#1852,#1853,#1854,#1855,#1856,#1857,#1858,#1859,#1860,#1861,
    #1862,#1863,#1864,#1865,#1866,#1867,#1868,#1869,#1870,#1871,#1872,
    #1873,#1874,#1875,#1876,#1877,#1878,#1879,#1880),.UNSPECIFIED.,.F.,
  .F.,(9,7,7,7,7,7,7,7,7,7,7,9),(0.,2.958550655024E-02,
    5.811163681805E-02,0.107608388067,0.221635307734,0.334457174805,
    0.444601065778,0.553062152463,0.662398323601,0.773590603049,
    0.88682055978,1.),.UNSPECIFIED.);
#1802 = CARTESIAN_POINT('',(124.22387717864,-58.20964536009,
    155.03112371258));
#1803 = CARTESIAN_POINT('',(124.22392598853,-58.18496550782,
    155.06594763493));
#1804 = CARTESIAN_POINT('',(124.22370338753,-58.16334137149,
    155.10218755808));
#1805 = CARTESIAN_POINT('',(124.22320672103,-58.14482065141,
    155.13985649577));
#1806 = CARTESIAN_POINT('',(124.2224342624,-58.12934875115,
    155.17892471124));
#1807 = CARTESIAN_POINT('',(124.22138526479,-58.11675786387,
    155.21931506875));
#1808 = CARTESIAN_POINT('',(124.22005960417,-58.10681148717,
    155.26092186482));
#1809 = CARTESIAN_POINT('',(124.21845735454,-58.0992582111,
    155.3036336005));
#1810 = CARTESIAN_POINT('',(124.21476718989,-58.08863273832,
    155.38948169944));
#1811 = CARTESIAN_POINT('',(124.21269870004,-58.0854100254,
    155.43254862156));
#1812 = CARTESIAN_POINT('',(124.21037322923,-58.0839561915,
    155.47644295064));
#1813 = CARTESIAN_POINT('',(124.20779081607,-58.0840536214,
    155.52106985281));
#1814 = CARTESIAN_POINT('',(124.20495136378,-58.08550522774,
    155.56634343193));
#1815 = CARTESIAN_POINT('',(124.20185458087,-58.08814102434,
    155.61218948558));
#1816 = CARTESIAN_POINT('',(124.19849997396,-58.09181742275,
    155.6585452173));
#1817 = CARTESIAN_POINT('',(124.18861770098,-58.10437670681,
    155.78657887346));
#1818 = CARTESIAN_POINT('',(124.18157041728,-58.11510091499,
    155.86917058881));
#1819 = CARTESIAN_POINT('',(124.17374168826,-58.12793215373,
    155.95284644706));
#1820 = CARTESIAN_POINT('',(124.16512688543,-58.14241474119,
    156.03740242363));
#1821 = CARTESIAN_POINT('',(124.15572063389,-58.15822297969,
    156.12268851825));
#1822 = CARTESIAN_POINT('',(124.14551718218,-58.17511444894,
    156.20858939882));
#1823 = CARTESIAN_POINT('',(124.13451061353,-58.19290064951,
    156.29501224459));
#1824 = CARTESIAN_POINT('',(124.09547473605,-58.25413304164,
    156.58200535714));
#1825 = CARTESIAN_POINT('',(124.06396091909,-58.3007996178,
    156.78449480633));
#1826 = CARTESIAN_POINT('',(124.02808107008,-58.3496385619,
    156.9884217675));
#1827 = CARTESIAN_POINT('',(123.98776378157,-58.3999561813,
    157.19330333285));
#1828 = CARTESIAN_POINT('',(123.9429474872,-58.45120228478,
    157.39870666388));
#1829 = CARTESIAN_POINT('',(123.89358086412,-58.50305547364,
    157.60428532018));
#1830 = CARTESIAN_POINT('',(123.83962534991,-58.55524252602,
    157.80970589617));
#1831 = CARTESIAN_POINT('',(123.72310520581,-58.65932318744,
    158.21744451371));
#1832 = CARTESIAN_POINT('',(123.66063783492,-58.71121315036,
    158.41977124688));
#1833 = CARTESIAN_POINT('',(123.59362964591,-58.76302983995,
    158.62133650523));
#1834 = CARTESIAN_POINT('',(123.52206984771,-58.81462176416,
    158.82185256218));
#1835 = CARTESIAN_POINT('',(123.44596199849,-58.86586538373,
    159.02103913051));
#1836 = CARTESIAN_POINT('',(123.36532479532,-58.91665247977,
    159.21861981571));
#1837 = CARTESIAN_POINT('',(123.28019254696,-58.9668847951,
    159.41432173827));
#1838 = CARTESIAN_POINT('',(123.10316434569,-59.06488999228,
    159.79684059006));
#1839 = CARTESIAN_POINT('',(123.01147697048,-59.11269257385,
    159.98375799941));
#1840 = CARTESIAN_POINT('',(122.91559959431,-59.15980289964,
    160.16838230838));
#1841 = CARTESIAN_POINT('',(122.81559331347,-59.20614759752,
    160.35046958143));
#1842 = CARTESIAN_POINT('',(122.71153362823,-59.25165991813,
    160.52978161614));
#1843 = CARTESIAN_POINT('',(122.60351014095,-59.29627893523,
    160.70608736736));
#1844 = CARTESIAN_POINT('',(122.49162625421,-59.33994874599,
    160.87916437139));
#1845 = CARTESIAN_POINT('',(122.26213806615,-59.42463469086,
    161.21584423319));
#1846 = CARTESIAN_POINT('',(122.14464724302,-59.4656812865,
    161.37955154673));
#1847 = CARTESIAN_POINT('',(122.02363767043,-59.50570850223,
    161.5397192253));
#1848 = CARTESIAN_POINT('',(121.89923322234,-59.54467183046,
    161.69615418967));
#1849 = CARTESIAN_POINT('',(121.77156933509,-59.58253114778,
    161.84867442807));
#1850 = CARTESIAN_POINT('',(121.6407919667,-59.61925065074,
    161.9971102574));
#1851 = CARTESIAN_POINT('',(121.50705655619,-59.65479879159,
    162.1413055845));
#1852 = CARTESIAN_POINT('',(121.23289586332,-59.72377477403,
    162.42206079249));
#1853 = CARTESIAN_POINT('',(121.09242523145,-59.75718322363,
    162.55854976289));
#1854 = CARTESIAN_POINT('',(120.9492827625,-59.78934553416,
    162.69044100102));
#1855 = CARTESIAN_POINT('',(120.80364463438,-59.82023810079,
    162.81760497383));
#1856 = CARTESIAN_POINT('',(120.65569398022,-59.84984165197,
    162.93992819405));
#1857 = CARTESIAN_POINT('',(120.50561934085,-59.87814115886,
    163.05731372143));
#1858 = CARTESIAN_POINT('',(120.35361311728,-59.90512574475,
    163.16968166402));
#1859 = CARTESIAN_POINT('',(120.04351696173,-59.95688710091,
    163.38607903328));
#1860 = CARTESIAN_POINT('',(119.88536744704,-59.98161862672,
    163.48993456968));
#1861 = CARTESIAN_POINT('',(119.72562630912,-60.00497594312,
    163.58847022598));
#1862 = CARTESIAN_POINT('',(119.56450056442,-60.02695618257,
    163.68163876353));
#1863 = CARTESIAN_POINT('',(119.40219779209,-60.04756060366,
    163.7694112481));
#1864 = CARTESIAN_POINT('',(119.23892451026,-60.06679435601,
    163.85177653009));
#1865 = CARTESIAN_POINT('',(119.07488455231,-60.08466624512,
    163.92874072493));
#1866 = CARTESIAN_POINT('',(118.74265379216,-60.11801353125,
    164.07322452539));
#1867 = CARTESIAN_POINT('',(118.57444191288,-60.13343901047,
    164.14054520563));
#1868 = CARTESIAN_POINT('',(118.40585276356,-60.14747780668,
    164.20231250194));
#1869 = CARTESIAN_POINT('',(118.23709244004,-60.1601464508,
    164.25856807092));
#1870 = CARTESIAN_POINT('',(118.06836099781,-60.17146478465,
    164.30937006242));
#1871 = CARTESIAN_POINT('',(117.89985127401,-60.18145561272,
    164.35479172406));
#1872 = CARTESIAN_POINT('',(117.73174770943,-60.19014435399,
    164.39492000571));
#1873 = CARTESIAN_POINT('',(117.39677737035,-60.20496972552,
    164.46477273679));
#1874 = CARTESIAN_POINT('',(117.22991003543,-60.21110748871,
    164.49450178971));
#1875 = CARTESIAN_POINT('',(117.06379814349,-60.21599963662,
    164.51914034285));
#1876 = CARTESIAN_POINT('',(116.89860706367,-60.21967605825,
    164.53879952167));
#1877 = CARTESIAN_POINT('',(116.73449216455,-60.22216853913,
    164.55360093958));
#1878 = CARTESIAN_POINT('',(116.57159842236,-60.22351042242,
    164.56367508049));
#1879 = CARTESIAN_POINT('',(116.41006002896,-60.22373626982,
    164.56915968131));
#1880 = CARTESIAN_POINT('',(116.25,-60.22288152261,164.57019811452));
#1881 = ORIENTED_EDGE('',*,*,#1882,.F.);
#1882 = EDGE_CURVE('',#1883,#1799,#1885,.T.);
#1883 = VERTEX_POINT('',#1884);
#1884 = CARTESIAN_POINT('',(124.22387717864,-67.5907130489,
    135.55113593407));
#1885 = B_SPLINE_CURVE_WITH_KNOTS('',5,(#1886,#1887,#1888,#1889,#1890,
    #1891,#1892,#1893,#1894,#1895,#1896,#1897,#1898,#1899,#1900,#1901,
    #1902,#1903,#1904,#1905,#1906,#1907,#1908,#1909,#1910,#1911,#1912,
    #1913,#1914,#1915,#1916,#1917,#1918,#1919),.UNSPECIFIED.,.F.,.F.,(6,
    4,4,4,4,4,4,4,6),(0.,0.125726710387,0.250635113424,0.375260106851,
    0.49968784995,0.62168440666,0.743832668039,0.866288894673,1.),
  .UNSPECIFIED.);
#1886 = CARTESIAN_POINT('',(124.223967314,-67.61244883244,
    135.47567095429));
#1887 = CARTESIAN_POINT('',(124.22332901181,-67.45941414667,
    136.00823667683));
#1888 = CARTESIAN_POINT('',(124.22273249882,-67.30076571068,
    136.53839758753));
#1889 = CARTESIAN_POINT('',(124.22217729827,-67.13657917048,
    137.0661570339));
#1890 = CARTESIAN_POINT('',(124.22166302252,-66.96691725434,
    137.59151519689));
#1891 = CARTESIAN_POINT('',(124.22071880641,-66.61788186918,
    138.6340192769));
#1892 = CARTESIAN_POINT('',(124.22028833612,-66.43857924362,
    139.15119640226));
#1893 = CARTESIAN_POINT('',(124.21989766602,-66.25397126359,
    139.66599762082));
#1894 = CARTESIAN_POINT('',(124.21954655939,-66.06409880766,
    140.17841769973));
#1895 = CARTESIAN_POINT('',(124.21892382588,-65.67433240376,
    141.19732310895));
#1896 = CARTESIAN_POINT('',(124.21865201926,-65.47446237919,
    141.70381924064));
#1897 = CARTESIAN_POINT('',(124.21841924165,-65.26941658132,
    142.2079298852));
#1898 = CARTESIAN_POINT('',(124.21822536255,-65.05922086778,
    142.70964526044));
#1899 = CARTESIAN_POINT('',(124.2179154798,-64.62890906891,
    143.70747112174));
#1900 = CARTESIAN_POINT('',(124.21779935291,-64.40880931153,
    144.20358917286));
#1901 = CARTESIAN_POINT('',(124.21772183387,-64.18361464431,
    144.69729553799));
#1902 = CARTESIAN_POINT('',(124.21768288079,-63.95333878225,
    145.188575836));
#1903 = CARTESIAN_POINT('',(124.21768211435,-63.4872392942,
    146.15669930077));
#1904 = CARTESIAN_POINT('',(124.21771880862,-63.25161201179,
    146.63363693027));
#1905 = CARTESIAN_POINT('',(124.21779257612,-63.0111156508,147.108210325
    ));
#1906 = CARTESIAN_POINT('',(124.21790345517,-62.76575290035,
    147.58040100854));
#1907 = CARTESIAN_POINT('',(124.21819977468,-62.2649788206,
    148.52055886458));
#1908 = CARTESIAN_POINT('',(124.21838530812,-62.00955535504,
    148.98851995737));
#1909 = CARTESIAN_POINT('',(124.21860819985,-61.74924880858,
    149.45404996771));
#1910 = CARTESIAN_POINT('',(124.21886856969,-61.4840515823,
    149.91712435856));
#1911 = CARTESIAN_POINT('',(124.21946534284,-60.94316886221,
    150.83946732089));
#1912 = CARTESIAN_POINT('',(124.21980193724,-60.66745851623,
    151.29872319505));
#1913 = CARTESIAN_POINT('',(124.22017652669,-60.38680676648,
    151.75545482723));
#1914 = CARTESIAN_POINT('',(124.22058932819,-60.10119418274,
    152.20962955086));
#1915 = CARTESIAN_POINT('',(124.22153337469,-59.49328663721,
    153.15429501691));
#1916 = CARTESIAN_POINT('',(124.22207201935,-59.17003286558,
    153.64428679294));
#1917 = CARTESIAN_POINT('',(124.22265690546,-58.84079892872,
    154.13113646411));
#1918 = CARTESIAN_POINT('',(124.22328847572,-58.50554057613,
    154.61478694757));
#1919 = CARTESIAN_POINT('',(124.223967314,-58.16419650245,
    155.09516907774));
#1920 = ORIENTED_EDGE('',*,*,#1921,.F.);
#1921 = EDGE_CURVE('',#1922,#1883,#1924,.T.);
#1922 = VERTEX_POINT('',#1923);
#1923 = CARTESIAN_POINT('',(116.25,-76.30389394601,131.17763173879));
#1924 = B_SPLINE_CURVE_WITH_KNOTS('',8,(#1925,#1926,#1927,#1928,#1929,
    #1930,#1931,#1932,#1933,#1934,#1935,#1936,#1937,#1938,#1939,#1940,
    #1941,#1942,#1943,#1944,#1945,#1946,#1947,#1948,#1949,#1950,#1951,
    #1952,#1953,#1954,#1955,#1956,#1957,#1958,#1959,#1960,#1961,#1962,
    #1963,#1964,#1965,#1966,#1967,#1968,#1969,#1970,#1971,#1972,#1973,
    #1974,#1975,#1976,#1977,#1978,#1979,#1980,#1981,#1982),
  .UNSPECIFIED.,.F.,.F.,(9,7,7,7,7,7,7,7,9),(0.,0.202955060294,
    0.401649457113,0.596447807085,0.79677239669,0.85869580555,
    0.921060854278,0.963383855955,1.),.UNSPECIFIED.);
#1925 = CARTESIAN_POINT('',(116.25,-76.30389394601,131.17763173879));
#1926 = CARTESIAN_POINT('',(116.5370215746,-76.30339372303,
    131.1799911052));
#1927 = CARTESIAN_POINT('',(116.82879757892,-76.28954896002,
    131.18854798224));
#1928 = CARTESIAN_POINT('',(117.12461716663,-76.26158623433,
    131.20365775772));
#1929 = CARTESIAN_POINT('',(117.42365763143,-76.21878251347,
    131.2256473241));
#1930 = CARTESIAN_POINT('',(117.72498441062,-76.16049380853,
    131.25480007176));
#1931 = CARTESIAN_POINT('',(118.02755974864,-76.08618271301,
    131.29134208261));
#1932 = CARTESIAN_POINT('',(118.33026002049,-75.99544482677,
    131.33542952398));
#1933 = CARTESIAN_POINT('',(118.92721100396,-75.78287819272,
    131.43775945453));
#1934 = CARTESIAN_POINT('',(119.22150664959,-75.6617415411,
    131.49568565581));
#1935 = CARTESIAN_POINT('',(119.51367815424,-75.52439294742,
    131.56098623303));
#1936 = CARTESIAN_POINT('',(119.80255999175,-75.37074372879,
    131.63365851058));
#1937 = CARTESIAN_POINT('',(120.0869578597,-75.20086863491,
    131.71361751532));
#1938 = CARTESIAN_POINT('',(120.36567761476,-75.01501753521,
    131.80069241181));
#1939 = CARTESIAN_POINT('',(120.63755689127,-74.81361784046,
    131.89462860862));
#1940 = CARTESIAN_POINT('',(121.16026646759,-74.38515972326,
    132.0935924832));
#1941 = CARTESIAN_POINT('',(121.41140572919,-74.15868119926,
    132.19836696355));
#1942 = CARTESIAN_POINT('',(121.65388411951,-73.91839416302,
    132.30910780034));
#1943 = CARTESIAN_POINT('',(121.88672812049,-73.6650189267,
    132.42543443098));
#1944 = CARTESIAN_POINT('',(122.10905374421,-73.39942220566,
    132.54690497397));
#1945 = CARTESIAN_POINT('',(122.32008953131,-73.12260178273,
    132.67302923301));
#1946 = CARTESIAN_POINT('',(122.51919256811,-72.83566766962,
    132.80328663792));
#1947 = CARTESIAN_POINT('',(122.89781797996,-72.23557894404,
    133.07480915495));
#1948 = CARTESIAN_POINT('',(123.0766248291,-71.92191163898,
    133.21628216467));
#1949 = CARTESIAN_POINT('',(123.24172845533,-71.60012030234,
    133.36099249094));
#1950 = CARTESIAN_POINT('',(123.39273209541,-71.27162607755,
    133.50836492721));
#1951 = CARTESIAN_POINT('',(123.52940056976,-70.93789822877,
    133.65782227786));
#1952 = CARTESIAN_POINT('',(123.65165679322,-70.60056770731,
    133.80888714044));
#1953 = CARTESIAN_POINT('',(123.75957032527,-70.26125985713,
    133.96112229299));
#1954 = CARTESIAN_POINT('',(123.88231827252,-69.81745570463,
    134.16193569473));
#1955 = CARTESIAN_POINT('',(123.9099501439,-69.71269088537,
    134.20946384074));
#1956 = CARTESIAN_POINT('',(123.93623569314,-69.6080216105,
    134.25710259197));
#1957 = CARTESIAN_POINT('',(123.9611817431,-69.50352208586,
    134.30485617351));
#1958 = CARTESIAN_POINT('',(123.98479617618,-69.39927418083,
    134.35273372545));
#1959 = CARTESIAN_POINT('',(124.00708785059,-69.29537139197,
    134.40075156312));
#1960 = CARTESIAN_POINT('',(124.02806648342,-69.19192637414,
    134.44893740702));
#1961 = CARTESIAN_POINT('',(124.06755884829,-68.98550421457,
    134.54608094273));
#1962 = CARTESIAN_POINT('',(124.08605384434,-68.88253616907,
    134.59504148738));
#1963 = CARTESIAN_POINT('',(124.10323823831,-68.7803245066,
    134.64426532764));
#1964 = CARTESIAN_POINT('',(124.11912341199,-68.67904703615,
    134.69381735723));
#1965 = CARTESIAN_POINT('',(124.13372117901,-68.57893338806,
    134.74379169988));
#1966 = CARTESIAN_POINT('',(124.14704361781,-68.48028320328,
    134.79432182426));
#1967 = CARTESIAN_POINT('',(124.1591026,-68.38351899673,134.8456098308)
  );
#1968 = CARTESIAN_POINT('',(124.17724203899,-68.22537796982,
    134.93354601895));
#1969 = CARTESIAN_POINT('',(124.18399825232,-68.16262371526,
    134.96960163316));
#1970 = CARTESIAN_POINT('',(124.19018076593,-68.10125505558,
    135.00626814848));
#1971 = CARTESIAN_POINT('',(124.19579252678,-68.04153847758,
    135.04368322811));
#1972 = CARTESIAN_POINT('',(124.20083601579,-67.98380338124,
    135.08201825063));
#1973 = CARTESIAN_POINT('',(124.20531295484,-67.92848499232,
    135.12150194663));
#1974 = CARTESIAN_POINT('',(124.20922410628,-67.87615181109,
    135.16243552957));
#1975 = CARTESIAN_POINT('',(124.21546396293,-67.78533880061,
    135.2421404908));
#1976 = CARTESIAN_POINT('',(124.21793498405,-67.74594102996,
    135.28045927678));
#1977 = CARTESIAN_POINT('',(124.21998255785,-67.70970066181,
    135.3203520978));
#1978 = CARTESIAN_POINT('',(124.22160642499,-67.67708085254,
    135.36206157442));
#1979 = CARTESIAN_POINT('',(124.2228061354,-67.64858919935,
    135.40585317267));
#1980 = CARTESIAN_POINT('',(124.22358225586,-67.62463149279,
    135.45193579857));
#1981 = CARTESIAN_POINT('',(124.22393758854,-67.60536542548,
    135.50038228773));
#1982 = CARTESIAN_POINT('',(124.22387717864,-67.5907130489,
    135.55113593407));
#1983 = ORIENTED_EDGE('',*,*,#1984,.T.);
#1984 = EDGE_CURVE('',#1922,#1985,#1987,.T.);
#1985 = VERTEX_POINT('',#1986);
#1986 = CARTESIAN_POINT('',(116.25,-76.30389394601,98.822368261207));
#1987 = CIRCLE('',#1988,78.);
#1988 = AXIS2_PLACEMENT_3D('',#1989,#1990,#1991);
#1989 = CARTESIAN_POINT('',(116.25,0.,115.));
#1990 = DIRECTION('',(1.,0.,-2.22044604925E-16));
#1991 = DIRECTION('',(-2.22044604925E-16,0.,-1.));
#1992 = ORIENTED_EDGE('',*,*,#1993,.F.);
#1993 = EDGE_CURVE('',#1994,#1985,#1996,.T.);
#1994 = VERTEX_POINT('',#1995);
#1995 = CARTESIAN_POINT('',(124.22387717864,-67.5907130489,
    94.448864065923));
#1996 = B_SPLINE_CURVE_WITH_KNOTS('',8,(#1997,#1998,#1999,#2000,#2001,
    #2002,#2003,#2004,#2005,#2006,#2007,#2008,#2009,#2010,#2011,#2012,
    #2013,#2014,#2015,#2016,#2017,#2018,#2019,#2020,#2021,#2022,#2023,
    #2024,#2025,#2026,#2027,#2028,#2029,#2030,#2031,#2032,#2033,#2034,
    #2035,#2036,#2037,#2038,#2039,#2040,#2041,#2042,#2043,#2044,#2045,
    #2046,#2047,#2048,#2049,#2050,#2051,#2052,#2053,#2054,#2055,#2056,
    #2057,#2058,#2059,#2060,#2061,#2062,#2063,#2064,#2065,#2066,#2067,
    #2068,#2069,#2070,#2071,#2072,#2073,#2074,#2075),.UNSPECIFIED.,.F.,
  .F.,(9,7,7,7,7,7,7,7,7,7,7,9),(0.,2.958550655074E-02,
    5.811163681914E-02,0.107608388069,0.221635307737,0.334457174807,
    0.44460106578,0.553062152465,0.662398323602,0.77359060305,
    0.88682055978,1.),.UNSPECIFIED.);
#1997 = CARTESIAN_POINT('',(124.22387717864,-67.5907130489,
    94.448864065923));
#1998 = CARTESIAN_POINT('',(124.22392598853,-67.60255185153,
    94.489871911857));
#1999 = CARTESIAN_POINT('',(124.22370338753,-67.6174029359,
    94.529373564926));
#2000 = CARTESIAN_POINT('',(124.22320672103,-67.6353062172,
    94.567339845458));
#2001 = CARTESIAN_POINT('',(124.2224342624,-67.65620440599,
    94.60379489809));
#2002 = CARTESIAN_POINT('',(124.22138526479,-67.67993256927,
    94.638821826168));
#2003 = CARTESIAN_POINT('',(124.22005960417,-67.70626060789,
    94.672539629643));
#2004 = CARTESIAN_POINT('',(124.21845735454,-67.7349445969,
    94.705075350286));
#2005 = CARTESIAN_POINT('',(124.21476718989,-67.79543846945,
    94.766908093622));
#2006 = CARTESIAN_POINT('',(124.21269870004,-67.82710021638,
    94.796279498776));
#2007 = CARTESIAN_POINT('',(124.21037322923,-67.86051173414,
    94.824783818427));
#2008 = CARTESIAN_POINT('',(124.20779081607,-67.89546319777,
    94.852532063056));
#2009 = CARTESIAN_POINT('',(124.20495136378,-67.931764569,
    94.879624766394));
#2010 = CARTESIAN_POINT('',(124.20185458087,-67.96925184939,
    94.906148564544));
#2011 = CARTESIAN_POINT('',(124.19849997396,-68.00778641676,
    94.932176566506));
#2012 = CARTESIAN_POINT('',(124.18861770098,-68.11571774549,
    95.00218500174));
#2013 = CARTESIAN_POINT('',(124.18157041728,-68.18697698317,
    95.045295570401));
#2014 = CARTESIAN_POINT('',(124.17374168826,-68.26039754997,
    95.087434748274));
#2015 = CARTESIAN_POINT('',(124.16512688543,-68.33553582008,
    95.128831594532));
#2016 = CARTESIAN_POINT('',(124.15572063389,-68.41207144936,
    95.169647226224));
#2017 = CARTESIAN_POINT('',(124.14551718218,-68.48976312097,
    95.209999266789));
#2018 = CARTESIAN_POINT('',(124.13451061353,-68.56842073727,
    95.249977218208));
#2019 = CARTESIAN_POINT('',(124.09547473605,-68.83097875995,
    95.381041085174));
#2020 = CARTESIAN_POINT('',(124.06396091908,-69.01838752053,
    95.470805793314));
#2021 = CARTESIAN_POINT('',(124.02808107009,-69.20827462245,
    95.559768349857));
#2022 = CARTESIAN_POINT('',(123.98776378156,-69.399830003,
    95.648170017471));
#2023 = CARTESIAN_POINT('',(123.94294748721,-69.59237221667,
    95.736171082578));
#2024 = CARTESIAN_POINT('',(123.89358086412,-69.78543001677,
    95.823806822747));
#2025 = CARTESIAN_POINT('',(123.83962534991,-69.97857238516,
    95.911082976435));
#2026 = CARTESIAN_POINT('',(123.72310520581,-70.36224850394,
    96.083930308489));
#2027 = CARTESIAN_POINT('',(123.66063783492,-70.55278677637,
    96.169509756621));
#2028 = CARTESIAN_POINT('',(123.59362964591,-70.74268401865,
    96.254671720379));
#2029 = CARTESIAN_POINT('',(123.52206984771,-70.93162082332,
    96.33935524641));
#2030 = CARTESIAN_POINT('',(123.44596199849,-71.11930102754,
    96.423482165369));
#2031 = CARTESIAN_POINT('',(123.36532479532,-71.305441064,
    96.506964757051));
#2032 = CARTESIAN_POINT('',(123.28019254696,-71.48976632457,
    96.589709704408));
#2033 = CARTESIAN_POINT('',(123.1031643457,-71.84993684651,
    96.751582758923));
#2034 = CARTESIAN_POINT('',(123.01147697048,-72.02587918387,
    96.830750294223));
#2035 = CARTESIAN_POINT('',(122.91559959431,-72.19959708874,
    96.909029332189));
#2036 = CARTESIAN_POINT('',(122.81559331347,-72.37085409787,
    96.986325146136));
#2037 = CARTESIAN_POINT('',(122.71153362823,-72.53942235955,
    97.062541406031));
#2038 = CARTESIAN_POINT('',(122.60351014095,-72.70508324852,
    97.137581691645));
#2039 = CARTESIAN_POINT('',(122.49162625421,-72.86762798082,
    97.211351005709));
#2040 = CARTESIAN_POINT('',(122.26213806615,-73.18365571928,
    97.355057328209));
#2041 = CARTESIAN_POINT('',(122.14464724302,-73.3372393847,
    97.42503564797));
#2042 = CARTESIAN_POINT('',(122.02363767043,-73.48742007908,
    97.493604024729));
#2043 = CARTESIAN_POINT('',(121.89923322234,-73.63401909698,
    97.560676873002));
#2044 = CARTESIAN_POINT('',(121.77156933509,-73.77686911934,
    97.626172080036));
#2045 = CARTESIAN_POINT('',(121.6407919667,-73.91581515946,
    97.690011842417));
#2046 = CARTESIAN_POINT('',(121.50705655619,-74.0507155091,
    97.752123502677));
#2047 = CARTESIAN_POINT('',(121.23289586332,-74.31322459119,
    97.873243917076));
#2048 = CARTESIAN_POINT('',(121.09242523145,-74.44076579289,
    97.932223620508));
#2049 = CARTESIAN_POINT('',(120.9492827625,-74.56393538774,
    97.989310955514));
#2050 = CARTESIAN_POINT('',(120.80364463438,-74.68261738536,
    98.044443614559));
#2051 = CARTESIAN_POINT('',(120.65569398022,-74.79671104223,
    98.09756590659));
#2052 = CARTESIAN_POINT('',(120.50561934085,-74.90613119706,
    98.148629140376));
#2053 = CARTESIAN_POINT('',(120.35361311728,-75.01080860631,
    98.197592007846));
#2054 = CARTESIAN_POINT('',(120.04351696173,-75.21226756002,
    98.292044902905));
#2055 = CARTESIAN_POINT('',(119.88536744704,-75.30888494214,
    98.337461885232));
#2056 = CARTESIAN_POINT('',(119.72562630912,-75.40048626895,
    98.38063637674));
#2057 = CARTESIAN_POINT('',(119.56450056442,-75.48703281992,
    98.421541166571));
#2058 = CARTESIAN_POINT('',(119.40219779209,-75.56850275807,
    98.460157230493));
#2059 = CARTESIAN_POINT('',(119.23892451026,-75.64489057704,
    98.496473590728));
#2060 = CARTESIAN_POINT('',(119.07488455231,-75.71620654819,
    98.53048717577));
#2061 = CARTESIAN_POINT('',(118.74265379216,-75.84996022491,
    98.594499393735));
#2062 = CARTESIAN_POINT('',(118.57444191288,-75.91221128113,
    98.624413026031));
#2063 = CARTESIAN_POINT('',(118.40585276356,-75.96925594424,
    98.651948332517));
#2064 = CARTESIAN_POINT('',(118.23709244004,-76.02113708954,
    98.67711836126));
#2065 = CARTESIAN_POINT('',(118.06836099781,-76.0679125516,
    98.699943855144));
#2066 = CARTESIAN_POINT('',(117.89985127401,-76.10965381607,
    98.720452654035));
#2067 = CARTESIAN_POINT('',(117.73174770943,-76.14644471157,
    98.738679096944));
#2068 = CARTESIAN_POINT('',(117.39677737035,-76.21030124383,
    98.770640620198));
#2069 = CARTESIAN_POINT('',(117.22991003543,-76.2373711861,
    98.784377685022));
#2070 = CARTESIAN_POINT('',(117.06379814349,-76.25968458696,
    98.79591473638));
#2071 = CARTESIAN_POINT('',(116.89860706367,-76.27734696327,
    98.805297691721));
#2072 = CARTESIAN_POINT('',(116.73449216455,-76.29047321419,
    98.812577524818));
#2073 = CARTESIAN_POINT('',(116.57159842236,-76.29918614526,
    98.817809522335));
#2074 = CARTESIAN_POINT('',(116.41006002896,-76.3036149924,
    98.821052540406));
#2075 = CARTESIAN_POINT('',(116.25,-76.30389394601,98.822368261207));
#2076 = ORIENTED_EDGE('',*,*,#2077,.F.);
#2077 = EDGE_CURVE('',#696,#1994,#2078,.T.);
#2078 = B_SPLINE_CURVE_WITH_KNOTS('',5,(#2079,#2080,#2081,#2082,#2083,
    #2084,#2085,#2086,#2087,#2088,#2089,#2090,#2091,#2092,#2093,#2094,
    #2095,#2096,#2097,#2098,#2099,#2100,#2101,#2102,#2103,#2104,#2105,
    #2106,#2107,#2108,#2109,#2110,#2111,#2112),.UNSPECIFIED.,.F.,.F.,(6,
    4,4,4,4,4,4,4,6),(0.,0.124082905036,0.247797775406,0.371191805936,
    0.494386485864,0.617616256264,0.740955681789,0.864645388834,1.),
  .UNSPECIFIED.);
#2079 = CARTESIAN_POINT('',(124.223967314,-58.16419650245,
    74.904830922254));
#2080 = CARTESIAN_POINT('',(124.22333735725,-58.48096120164,
    75.350621878233));
#2081 = CARTESIAN_POINT('',(124.22274810418,-58.79248538706,
    75.799227406002));
#2082 = CARTESIAN_POINT('',(124.22219909628,-59.09881693627,
    76.25059264046));
#2083 = CARTESIAN_POINT('',(124.22168995985,-59.39999370846,
    76.704670448138));
#2084 = CARTESIAN_POINT('',(124.22075224485,-59.99121528549,
    77.616817665308));
#2085 = CARTESIAN_POINT('',(124.22032342915,-60.28129073518,
    78.074870915594));
#2086 = CARTESIAN_POINT('',(124.21993366929,-60.56629785341,
    78.535541789906));
#2087 = CARTESIAN_POINT('',(124.21958273322,-60.84625767775,
    78.998795887191));
#2088 = CARTESIAN_POINT('',(124.2189589695,-61.39539797966,
    79.929203682256));
#2089 = CARTESIAN_POINT('',(124.21868594048,-61.6646046355,
    80.396343979037));
#2090 = CARTESIAN_POINT('',(124.21845118478,-61.92881845694,
    80.865995356204));
#2091 = CARTESIAN_POINT('',(124.21825457321,-62.1880479833,
    81.338132071464));
#2092 = CARTESIAN_POINT('',(124.21793772682,-62.69613351789,
    82.28656511912));
#2093 = CARTESIAN_POINT('',(124.21781736867,-62.94500563324,
    82.762853394196));
#2094 = CARTESIAN_POINT('',(124.21773486328,-63.18891546539,
    83.241574673604));
#2095 = CARTESIAN_POINT('',(124.21769016692,-63.42786079736,
    83.722709636011));
#2096 = CARTESIAN_POINT('',(124.21767638374,-63.89587425344,
    84.689911608564));
#2097 = CARTESIAN_POINT('',(124.21770731843,-64.12493951388,
    85.175979914159));
#2098 = CARTESIAN_POINT('',(124.21777607649,-64.3490226336,
    85.664430097612));
#2099 = CARTESIAN_POINT('',(124.21788269434,-64.5681108636,
    86.155247940099));
#2100 = CARTESIAN_POINT('',(124.21817193173,-64.99645174315,
    87.142034069688));
#2101 = CARTESIAN_POINT('',(124.21835461923,-65.20569537615,
    87.638006503162));
#2102 = CARTESIAN_POINT('',(124.21857538741,-65.4098988683,
    88.13632695995));
#2103 = CARTESIAN_POINT('',(124.2188343571,-65.60903793998,
    88.636985683901));
#2104 = CARTESIAN_POINT('',(124.21942987492,-65.99767738047,
    89.644392965128));
#2105 = CARTESIAN_POINT('',(124.21976664236,-66.18714858025,
    90.151154752598));
#2106 = CARTESIAN_POINT('',(124.22014216169,-66.3714651855,
    90.66025275626));
#2107 = CARTESIAN_POINT('',(124.22055665447,-66.55058868297,
    91.171681558753));
#2108 = CARTESIAN_POINT('',(124.22150693366,-66.91475508345,
    92.247645714462));
#2109 = CARTESIAN_POINT('',(124.22205047321,-67.0987629525,
    92.812640695606));
#2110 = CARTESIAN_POINT('',(124.22264138674,-67.27643449248,
    93.38041929709));
#2111 = CARTESIAN_POINT('',(124.2232801318,-67.44769503134,
    93.950980417939));
#2112 = CARTESIAN_POINT('',(124.223967314,-67.61244883244,
    94.524329045702));
#2113 = ORIENTED_EDGE('',*,*,#695,.F.);
#2114 = ORIENTED_EDGE('',*,*,#324,.T.);
#2115 = ORIENTED_EDGE('',*,*,#2116,.F.);
#2116 = EDGE_CURVE('',#2117,#315,#2119,.T.);
#2117 = VERTEX_POINT('',#2118);
#2118 = CARTESIAN_POINT('',(124.22387717864,-26.0745952126,
    49.342028944398));
#2119 = B_SPLINE_CURVE_WITH_KNOTS('',8,(#2120,#2121,#2122,#2123,#2124,
    #2125,#2126,#2127,#2128,#2129,#2130,#2131,#2132,#2133,#2134,#2135,
    #2136,#2137,#2138,#2139,#2140,#2141,#2142,#2143,#2144,#2145,#2146,
    #2147,#2148,#2149,#2150,#2151,#2152,#2153,#2154,#2155,#2156,#2157,
    #2158,#2159,#2160,#2161,#2162,#2163,#2164,#2165,#2166,#2167,#2168,
    #2169,#2170,#2171,#2172,#2173,#2174,#2175,#2176,#2177,#2178,#2179,
    #2180,#2181,#2182,#2183,#2184,#2185,#2186,#2187,#2188,#2189,#2190,
    #2191,#2192,#2193,#2194,#2195,#2196,#2197,#2198),.UNSPECIFIED.,.F.,
  .F.,(9,7,7,7,7,7,7,7,7,7,7,9),(0.,2.958550655037E-02,
    5.811163681842E-02,0.107608388067,0.221635307735,0.334457174806,
    0.444601065779,0.553062152464,0.662398323602,0.773590603049,
    0.88682055978,1.),.UNSPECIFIED.);
#2120 = CARTESIAN_POINT('',(124.22387717864,-26.0745952126,
    49.342028944398));
#2121 = CARTESIAN_POINT('',(124.22392598853,-26.11403781029,
    49.358340969519));
#2122 = CARTESIAN_POINT('',(124.22370338753,-26.15418094592,
    49.371358802056));
#2123 = CARTESIAN_POINT('',(124.22320672103,-26.19502669262,
    49.381033041821));
#2124 = CARTESIAN_POINT('',(124.2224342624,-26.23655820806,
    49.38742353344));
#2125 = CARTESIAN_POINT('',(124.22138526479,-26.27873763098,
    49.390711040816));
#2126 = CARTESIAN_POINT('',(124.22005960417,-26.32151453484,
    49.391149657961));
#2127 = CARTESIAN_POINT('',(124.21845735454,-26.36483616017,
    49.389009302322));
#2128 = CARTESIAN_POINT('',(124.21476718989,-26.45089625817,
    49.38026537316));
#2129 = CARTESIAN_POINT('',(124.21269870004,-26.49360052372,
    49.373823994199));
#2130 = CARTESIAN_POINT('',(124.21037322923,-26.5367178388,
    49.365473970345));
#2131 = CARTESIAN_POINT('',(124.20779081607,-26.58020417116,
    49.35544856327));
#2132 = CARTESIAN_POINT('',(124.20495136378,-26.62401963434,
    49.343959032618));
#2133 = CARTESIAN_POINT('',(124.20185458087,-26.66812971179,
    49.331187614273));
#2134 = CARTESIAN_POINT('',(124.19849997396,-26.71250513292,
    49.317288270126));
#2135 = CARTESIAN_POINT('',(124.18861770098,-26.83453401439,
    49.276553704791));
#2136 = CARTESIAN_POINT('',(124.18157041728,-26.91266862218,
    49.247719989269));
#2137 = CARTESIAN_POINT('',(124.17374168826,-26.99139133273,
    49.216590826345));
#2138 = CARTESIAN_POINT('',(124.16512688543,-27.07060463555,
    49.183655872712));
#2139 = CARTESIAN_POINT('',(124.15572063389,-27.15023476572,
    49.149266038328));
#2140 = CARTESIAN_POINT('',(124.14551718218,-27.23022322636,
    49.113683329308));
#2141 = CARTESIAN_POINT('',(124.13451061353,-27.31052146898,
    49.077112173561));
#2142 = CARTESIAN_POINT('',(124.09547473605,-27.57669357593,
    48.953553029897));
#2143 = CARTESIAN_POINT('',(124.06396091908,-27.76372190176,
    48.862998340885));
#2144 = CARTESIAN_POINT('',(124.02808107009,-27.95166830079,
    48.770005873229));
#2145 = CARTESIAN_POINT('',(123.98776378155,-28.14021633389,
    48.675359384313));
#2146 = CARTESIAN_POINT('',(123.94294748722,-28.32906644374,
    48.579691586598));
#2147 = CARTESIAN_POINT('',(123.89358086412,-28.51795239391,
    48.483392910826));
#2148 = CARTESIAN_POINT('',(123.83962534991,-28.70660993554,
    48.386803918387));
#2149 = CARTESIAN_POINT('',(123.72310520581,-29.08096556867,
    48.194602398471));
#2150 = CARTESIAN_POINT('',(123.66063783492,-29.2666729452,
    48.098991491628));
#2151 = CARTESIAN_POINT('',(123.59362964591,-29.45165424354,
    48.003621465087));
#2152 = CARTESIAN_POINT('',(123.52206984771,-29.63566266114,
    47.908704037867));
#2153 = CARTESIAN_POINT('',(123.44596199849,-29.81845242825,
    47.814422021607));
#2154 = CARTESIAN_POINT('',(123.36532479533,-29.99977816111,
    47.720942425498));
#2155 = CARTESIAN_POINT('',(123.28019254696,-30.17939568616,
    47.628421764603));
#2156 = CARTESIAN_POINT('',(123.1031643457,-30.5305157837,
    47.447755310183));
#2157 = CARTESIAN_POINT('',(123.01147697048,-30.70210970825,
    47.35955820263));
#2158 = CARTESIAN_POINT('',(122.91559959431,-30.87162206664,
    47.272546257404));
#2159 = CARTESIAN_POINT('',(122.81559331347,-31.03883136613,
    47.186845287801));
#2160 = CARTESIAN_POINT('',(122.71153362823,-31.20352022967,
    47.102573374655));
#2161 = CARTESIAN_POINT('',(122.60351014095,-31.36547696226,
    47.019841329051));
#2162 = CARTESIAN_POINT('',(122.49162625421,-31.52449711737,
    46.938753155036));
#2163 = CARTESIAN_POINT('',(122.26213806615,-31.83389131656,
    46.781272146319));
#2164 = CARTESIAN_POINT('',(122.14464724302,-31.98436041916,
    46.704826370226));
#2165 = CARTESIAN_POINT('',(122.02363767043,-32.1316054662,
    46.630162058936));
#2166 = CARTESIAN_POINT('',(121.89923322234,-32.27544812322,
    46.557365568319));
#2167 = CARTESIAN_POINT('',(121.77156933509,-32.41571987016,
    46.486516517231));
#2168 = CARTESIAN_POINT('',(121.6407919667,-32.55226324525,
    46.417687569495));
#2169 = CARTESIAN_POINT('',(121.50705655619,-32.68493308894,
    46.3509442159));
#2170 = CARTESIAN_POINT('',(121.23289586332,-32.94330057766,
    46.22122369426));
#2171 = CARTESIAN_POINT('',(121.09242523145,-33.06893340521,
    46.158281211068));
#2172 = CARTESIAN_POINT('',(120.9492827625,-33.19036106725,
    46.097576715324));
#2173 = CARTESIAN_POINT('',(120.80364463438,-33.30746253099,
    46.039162043841));
#2174 = CARTESIAN_POINT('',(120.65569398022,-33.42013144283,
    45.983081238287));
#2175 = CARTESIAN_POINT('',(120.50561934085,-33.52827663726,
    45.929370521936));
#2176 = CARTESIAN_POINT('',(120.35361311728,-33.63182264567,
    45.878058276422));
#2177 = CARTESIAN_POINT('',(120.04351696173,-33.83127649577,
    45.779441740815));
#2178 = CARTESIAN_POINT('',(119.88536744704,-33.92702487483,
    45.73222025503));
#2179 = CARTESIAN_POINT('',(119.72562630912,-34.01789254463,
    45.687522309051));
#2180 = CARTESIAN_POINT('',(119.56450056442,-34.10383408902,
    45.645361210106));
#2181 = CARTESIAN_POINT('',(119.40219779209,-34.18482101912,
    45.605742169627));
#2182 = CARTESIAN_POINT('',(119.23892451026,-34.26084131899,
    45.568662648129));
#2183 = CARTESIAN_POINT('',(119.07488455231,-34.33189899133,
    45.534112700084));
#2184 = CARTESIAN_POINT('',(118.74265379216,-34.465339812,
    45.469450829819));
#2185 = CARTESIAN_POINT('',(118.57444191288,-34.52754013018,
    45.439431838927));
#2186 = CARTESIAN_POINT('',(118.40585276356,-34.58463486537,
    45.412000508186));
#2187 = CARTESIAN_POINT('',(118.23709244004,-34.63666095126,
    45.387131451675));
#2188 = CARTESIAN_POINT('',(118.06836099781,-34.68367066456,
    45.364792385491));
#2189 = CARTESIAN_POINT('',(117.89985127401,-34.72573034191,
    45.344944777766));
#2190 = CARTESIAN_POINT('',(117.73174770943,-34.76291909694,
    45.327544498671));
#2191 = CARTESIAN_POINT('',(117.39677737035,-34.82772151869,
    45.297547135195));
#2192 = CARTESIAN_POINT('',(117.22991003543,-34.85533942139,
    45.284947921924));
#2193 = CARTESIAN_POINT('',(117.06379814349,-34.87827162924,
    45.274695836515));
#2194 = CARTESIAN_POINT('',(116.89860706367,-34.89661983063,
    45.266737011628));
#2195 = CARTESIAN_POINT('',(116.73449216455,-34.91049551692,
    45.261013397102));
#2196 = CARTESIAN_POINT('',(116.57159842236,-34.92001848095,
    45.257463450386));
#2197 = CARTESIAN_POINT('',(116.41006002896,-34.92531531561,
    45.256022826956));
#2198 = CARTESIAN_POINT('',(116.25,-34.92651791228,45.256625070744));
#2199 = ORIENTED_EDGE('',*,*,#2200,.F.);
#2200 = EDGE_CURVE('',#867,#2117,#2201,.T.);
#2201 = B_SPLINE_CURVE_WITH_KNOTS('',5,(#2202,#2203,#2204,#2205,#2206,
    #2207,#2208,#2209,#2210,#2211,#2212,#2213,#2214,#2215,#2216,#2217,
    #2218,#2219,#2220,#2221,#2222,#2223,#2224,#2225,#2226,#2227,#2228,
    #2229,#2230,#2231,#2232,#2233,#2234,#2235),.UNSPECIFIED.,.F.,.F.,(6,
    4,4,4,4,4,4,4,6),(0.,0.124082905036,0.247797775406,0.371191805936,
    0.494386485864,0.617616256263,0.740955681789,0.864645388834,1.),
  .UNSPECIFIED.);
#2202 = CARTESIAN_POINT('',(124.223967314,-4.917117872726,44.52647099815
    ));
#2203 = CARTESIAN_POINT('',(124.22333735725,-5.463150836242,
    44.556760498604));
#2204 = CARTESIAN_POINT('',(124.22274810418,-6.008116913709,
    44.592902054507));
#2205 = CARTESIAN_POINT('',(124.22219909628,-6.552003061015,
    44.634824025866));
#2206 = CARTESIAN_POINT('',(124.22168995985,-7.09479603257,
    44.682467425911));
#2207 = CARTESIAN_POINT('',(124.22075224485,-8.176562067513,
    44.788946271577));
#2208 = CARTESIAN_POINT('',(124.22032342915,-8.715541603883,
    44.847747682983));
#2209 = CARTESIAN_POINT('',(124.21993366929,-9.253407628153,
    44.912143737366));
#2210 = CARTESIAN_POINT('',(124.21958273322,-9.790146361198,
    44.982096538198));
#2211 = CARTESIAN_POINT('',(124.2189589695,-10.85995184494,
    45.132861133664));
#2212 = CARTESIAN_POINT('',(124.21868594048,-11.3930244402,
    45.213644105922));
#2213 = CARTESIAN_POINT('',(124.21845118478,-11.92494729583,
    45.299896266309));
#2214 = CARTESIAN_POINT('',(124.21825457321,-12.45570560988,
    45.391594888463));
#2215 = CARTESIAN_POINT('',(124.21793772682,-13.51400657484,
    45.585695954689));
#2216 = CARTESIAN_POINT('',(124.21781736867,-14.04155296891,
    45.688080782055));
#2217 = CARTESIAN_POINT('',(124.21773486328,-14.5679076294,
    45.795862232045));
#2218 = CARTESIAN_POINT('',(124.21769016692,-15.09305406801,
    45.909029991297));
#2219 = CARTESIAN_POINT('',(124.21767638374,-16.14104463706,
    46.146162903339));
#2220 = CARTESIAN_POINT('',(124.21770731843,-16.66388799484,
    46.270131102738));
#2221 = CARTESIAN_POINT('',(124.21777607649,-17.1854872658,
    46.399479573146));
#2222 = CARTESIAN_POINT('',(124.21788269434,-17.70582338432,
    46.534209416854));
#2223 = CARTESIAN_POINT('',(124.21817193173,-18.74439001702,
    46.814570120407));
#2224 = CARTESIAN_POINT('',(124.21835461923,-19.26261815122,
    46.960210614897));
#2225 = CARTESIAN_POINT('',(124.21857538741,-19.77953956755,
    47.111255618772));
#2226 = CARTESIAN_POINT('',(124.2188343571,-20.29513150026,
    47.267718031735));
#2227 = CARTESIAN_POINT('',(124.21942987492,-21.32506695613,
    47.591975647996));
#2228 = CARTESIAN_POINT('',(124.21976664236,-21.8394026365,
    47.759801905448));
#2229 = CARTESIAN_POINT('',(124.22014216169,-22.35235100711,
    47.933114794149));
#2230 = CARTESIAN_POINT('',(124.22055665447,-22.86388381989,
    48.11194104731));
#2231 = CARTESIAN_POINT('',(124.22150693366,-23.9321605077,
    48.498076968808));
#2232 = CARTESIAN_POINT('',(124.22205047321,-24.48861840122,
    48.706482432604));
#2233 = CARTESIAN_POINT('',(124.22264138674,-25.04330198018,
    48.92157739685));
#2234 = CARTESIAN_POINT('',(124.2232801318,-25.59616382658,
    49.14341955605));
#2235 = CARTESIAN_POINT('',(124.223967314,-26.147148149,49.372086869814)
  );
#2236 = TOROIDAL_SURFACE('',#2237,70.,8.);
#2237 = AXIS2_PLACEMENT_3D('',#2238,#2239,#2240);
#2238 = CARTESIAN_POINT('',(116.25,0.,115.));
#2239 = DIRECTION('',(1.,0.,-2.22044604925E-16));
#2240 = DIRECTION('',(-2.22044604925E-16,0.,-1.));
#2241 = ADVANCED_FACE('',(#2242),#2319,.T.);
#2242 = FACE_BOUND('',#2243,.T.);
#2243 = EDGE_LOOP('',(#2244,#2266,#2267,#2268,#2290));
#2244 = ORIENTED_EDGE('',*,*,#2245,.F.);
#2245 = EDGE_CURVE('',#2117,#2246,#2248,.T.);
#2246 = VERTEX_POINT('',#2247);
#2247 = CARTESIAN_POINT('',(123.25,-51.06775156621,-90.79609396701));
#2248 = B_SPLINE_CURVE_WITH_KNOTS('',6,(#2249,#2250,#2251,#2252,#2253,
    #2254,#2255,#2256,#2257,#2258,#2259,#2260,#2261,#2262,#2263,#2264,
    #2265),.UNSPECIFIED.,.F.,.F.,(7,5,5,7),(-8.890959613726,
    5.471370022853E-02,146.55455944062,155.50023275457),.UNSPECIFIED.);
#2249 = CARTESIAN_POINT('',(124.31344882405,-23.77586782904,
    62.231130907353));
#2250 = CARTESIAN_POINT('',(124.30324882405,-24.03763615096,
    60.763380265848));
#2251 = CARTESIAN_POINT('',(124.29304882405,-24.29940447288,
    59.295629624342));
#2252 = CARTESIAN_POINT('',(124.28284882405,-24.56117279479,
    57.827878982836));
#2253 = CARTESIAN_POINT('',(124.27264882405,-24.82294111671,
    56.360128341331));
#2254 = CARTESIAN_POINT('',(124.26244882405,-25.08470943863,
    54.892377699825));
#2255 = CARTESIAN_POINT('',(124.08520735338,-29.63335672816,
    29.387840220763));
#2256 = CARTESIAN_POINT('',(123.9181658827,-33.92023569577,
    5.351053383208));
#2257 = CARTESIAN_POINT('',(123.75112441202,-38.20711466338,
    -18.68573345434));
#2258 = CARTESIAN_POINT('',(123.58408294135,-42.49399363099,
    -42.7225202919));
#2259 = CARTESIAN_POINT('',(123.41704147067,-46.7808725986,
    -66.75930712946));
#2260 = CARTESIAN_POINT('',(123.2398,-51.32951988813,-92.26384460852));
#2261 = CARTESIAN_POINT('',(123.2296,-51.59128821004,-93.73159525002));
#2262 = CARTESIAN_POINT('',(123.2194,-51.85305653196,-95.19934589153));
#2263 = CARTESIAN_POINT('',(123.2092,-52.11482485388,-96.66709653303));
#2264 = CARTESIAN_POINT('',(123.199,-52.3765931758,-98.13484717454));
#2265 = CARTESIAN_POINT('',(123.1888,-52.63836149772,-99.60259781605));
#2266 = ORIENTED_EDGE('',*,*,#2116,.T.);
#2267 = ORIENTED_EDGE('',*,*,#314,.F.);
#2268 = ORIENTED_EDGE('',*,*,#2269,.T.);
#2269 = EDGE_CURVE('',#305,#2270,#2272,.T.);
#2270 = VERTEX_POINT('',#2271);
#2271 = CARTESIAN_POINT('',(115.25243646992,-58.87357294492,
    -89.01446617507));
#2272 = B_SPLINE_CURVE_WITH_KNOTS('',6,(#2273,#2274,#2275,#2276,#2277,
    #2278,#2279,#2280,#2281,#2282,#2283,#2284,#2285,#2286,#2287,#2288,
    #2289),.UNSPECIFIED.,.F.,.F.,(7,5,5,7),(-8.890959613726,
    5.471370022853E-02,146.55455944062,155.50023275457),.UNSPECIFIED.);
#2273 = CARTESIAN_POINT('',(116.31363646992,-31.63940204106,
    63.689159390203));
#2274 = CARTESIAN_POINT('',(116.30343646992,-31.90117036298,
    62.221408748698));
#2275 = CARTESIAN_POINT('',(116.29323646992,-32.1629386849,
    60.753658107192));
#2276 = CARTESIAN_POINT('',(116.28303646992,-32.42470700681,
    59.285907465687));
#2277 = CARTESIAN_POINT('',(116.27283646992,-32.68647532873,
    57.818156824181));
#2278 = CARTESIAN_POINT('',(116.26263646992,-32.94824365065,
    56.350406182675));
#2279 = CARTESIAN_POINT('',(116.08539499924,-37.49689094018,
    30.845868703613));
#2280 = CARTESIAN_POINT('',(115.91835352857,-41.78376990779,
    6.809081866058));
#2281 = CARTESIAN_POINT('',(115.75131205789,-46.0706488754,
    -17.22770497149));
#2282 = CARTESIAN_POINT('',(115.58427058721,-50.35752784301,
    -41.26449180905));
#2283 = CARTESIAN_POINT('',(115.41722911654,-54.64440681062,
    -65.30127864661));
#2284 = CARTESIAN_POINT('',(115.23998764586,-59.19305410015,
    -90.80581612567));
#2285 = CARTESIAN_POINT('',(115.22978764586,-59.45482242206,
    -92.27356676717));
#2286 = CARTESIAN_POINT('',(115.21958764586,-59.71659074398,
    -93.74131740868));
#2287 = CARTESIAN_POINT('',(115.20938764586,-59.9783590659,
    -95.20906805018));
#2288 = CARTESIAN_POINT('',(115.19918764586,-60.24012738782,
    -96.67681869169));
#2289 = CARTESIAN_POINT('',(115.18898764586,-60.50189570974,
    -98.1445693332));
#2290 = ORIENTED_EDGE('',*,*,#2291,.F.);
#2291 = EDGE_CURVE('',#2246,#2270,#2292,.T.);
#2292 = B_SPLINE_CURVE_WITH_KNOTS('',7,(#2293,#2294,#2295,#2296,#2297,
    #2298,#2299,#2300,#2301,#2302,#2303,#2304,#2305,#2306,#2307,#2308,
    #2309,#2310,#2311,#2312,#2313,#2314,#2315,#2316,#2317,#2318),
  .UNSPECIFIED.,.F.,.F.,(8,6,6,6,8),(0.,0.250659813184,0.502734282845,
    0.752805096287,1.),.UNSPECIFIED.);
#2293 = CARTESIAN_POINT('',(123.25,-51.06775156621,-90.79609396701));
#2294 = CARTESIAN_POINT('',(123.25,-51.4633840777,-90.70579342801));
#2295 = CARTESIAN_POINT('',(123.22603801148,-51.86863695827,
    -90.61329710254));
#2296 = CARTESIAN_POINT('',(123.17601906719,-52.28144227755,
    -90.51907698222));
#2297 = CARTESIAN_POINT('',(123.09805649406,-52.69922199418,
    -90.42372148817));
#2298 = CARTESIAN_POINT('',(122.99068889718,-53.11888235792,
    -90.32793674868));
#2299 = CARTESIAN_POINT('',(122.8530630464,-53.53692827001,
    -90.23252049725));
#2300 = CARTESIAN_POINT('',(122.51615424881,-54.36479649176,
    -90.04356497798));
#2301 = CARTESIAN_POINT('',(122.31652623634,-54.77456042617,
    -89.95003903391));
#2302 = CARTESIAN_POINT('',(122.08609685854,-55.17526324702,
    -89.85858122988));
#2303 = CARTESIAN_POINT('',(121.82551907907,-55.56300993348,
    -89.77008057898));
#2304 = CARTESIAN_POINT('',(121.5363212083,-55.93396680072,
    -89.68541209476));
#2305 = CARTESIAN_POINT('',(121.22085787146,-56.28469824485,
    -89.60535993137));
#2306 = CARTESIAN_POINT('',(120.54600661797,-56.93743617239,
    -89.45637675892));
#2307 = CARTESIAN_POINT('',(120.18698646118,-57.23980907121,
    -89.38736211793));
#2308 = CARTESIAN_POINT('',(119.80791248571,-57.51672074571,
    -89.32415883525));
#2309 = CARTESIAN_POINT('',(119.41225494583,-57.76598595263,
    -89.26726567838));
#2310 = CARTESIAN_POINT('',(119.00386186676,-57.98620629327,
    -89.21700182269));
#2311 = CARTESIAN_POINT('',(118.58662821994,-58.17680876961,
    -89.17349805127));
#2312 = CARTESIAN_POINT('',(117.74677300614,-58.49719778983,
    -89.10037134814));
#2313 = CARTESIAN_POINT('',(117.32426725886,-58.62765984557,
    -89.07059423526));
#2314 = CARTESIAN_POINT('',(116.90034436366,-58.72944428207,
    -89.04736260183));
#2315 = CARTESIAN_POINT('',(116.47842278355,-58.80337363379,
    -89.03048870974));
#2316 = CARTESIAN_POINT('',(116.06152893217,-58.85082699829,
    -89.01965778895));
#2317 = CARTESIAN_POINT('',(115.65218942458,-58.87357294492,
    -89.01446617507));
#2318 = CARTESIAN_POINT('',(115.25243646992,-58.87357294492,
    -89.01446617507));
#2319 = ( BOUNDED_SURFACE() B_SPLINE_SURFACE(2,6,(
    (#2320,#2321,#2322,#2323,#2324,#2325,#2326,#2327,#2328,#2329,#2330
      ,#2331,#2332,#2333,#2334,#2335,#2336)
    ,(#2337,#2338,#2339,#2340,#2341,#2342,#2343,#2344,#2345,#2346,#2347
      ,#2348,#2349,#2350,#2351,#2352,#2353)
    ,(#2354,#2355,#2356,#2357,#2358,#2359,#2360,#2361,#2362,#2363,#2364
      ,#2365,#2366,#2367,#2368,#2369,#2370
)),.UNSPECIFIED.,.F.,.F.,.F.) B_SPLINE_SURFACE_WITH_KNOTS((3,3),(7,5,5,7
    ),(0.,146.49984574039),(-8.890959613726,5.471370022853E-02,
    146.55455944062,155.50023275457),.UNSPECIFIED.) 
GEOMETRIC_REPRESENTATION_ITEM() RATIONAL_B_SPLINE_SURFACE((
    (1.,1.,1.,1.,1.,1.,1.,1.,1.,1.,1.,1.,1.,1.,1.,1.,1.)
    ,(0.707222739782,0.707222739782,0.707222739782,0.707222739782
      ,0.707222739782,0.707222739782,0.707222739782,0.707222739782
      ,0.707222739782,0.707222739782,0.707222739782,0.707222739782
      ,0.707222739782,0.707222739782,0.707222739782,0.707222739782
      ,0.707222739782)
    ,(1.,1.,1.,1.,1.,1.,1.,1.,1.,1.,1.,1.,1.,1.,1.,1.,1.
))) REPRESENTATION_ITEM('') SURFACE() );
#2320 = CARTESIAN_POINT('',(124.31344882405,-23.77586782904,
    62.231130907353));
#2321 = CARTESIAN_POINT('',(124.30324882405,-24.03763615096,
    60.763380265848));
#2322 = CARTESIAN_POINT('',(124.29304882405,-24.29940447288,
    59.295629624342));
#2323 = CARTESIAN_POINT('',(124.28284882405,-24.56117279479,
    57.827878982836));
#2324 = CARTESIAN_POINT('',(124.27264882405,-24.82294111671,
    56.360128341331));
#2325 = CARTESIAN_POINT('',(124.26244882405,-25.08470943863,
    54.892377699825));
#2326 = CARTESIAN_POINT('',(124.08520735338,-29.63335672816,
    29.387840220763));
#2327 = CARTESIAN_POINT('',(123.9181658827,-33.92023569577,
    5.351053383208));
#2328 = CARTESIAN_POINT('',(123.75112441202,-38.20711466338,
    -18.68573345434));
#2329 = CARTESIAN_POINT('',(123.58408294135,-42.49399363099,
    -42.7225202919));
#2330 = CARTESIAN_POINT('',(123.41704147067,-46.7808725986,
    -66.75930712946));
#2331 = CARTESIAN_POINT('',(123.2398,-51.32951988813,-92.26384460852));
#2332 = CARTESIAN_POINT('',(123.2296,-51.59128821004,-93.73159525002));
#2333 = CARTESIAN_POINT('',(123.2194,-51.85305653196,-95.19934589153));
#2334 = CARTESIAN_POINT('',(123.2092,-52.11482485388,-96.66709653303));
#2335 = CARTESIAN_POINT('',(123.199,-52.3765931758,-98.13484717454));
#2336 = CARTESIAN_POINT('',(123.1888,-52.63836149772,-99.60259781605));
#2337 = CARTESIAN_POINT('',(124.31082568737,-31.64900823591,
    63.63529688095));
#2338 = CARTESIAN_POINT('',(124.30062568737,-31.91077655783,
    62.167546239444));
#2339 = CARTESIAN_POINT('',(124.29042568737,-32.17254487975,
    60.699795597938));
#2340 = CARTESIAN_POINT('',(124.28022568737,-32.43431320167,
    59.232044956433));
#2341 = CARTESIAN_POINT('',(124.27002568737,-32.69608152359,
    57.764294314927));
#2342 = CARTESIAN_POINT('',(124.25982568737,-32.9578498455,
    56.296543673421));
#2343 = CARTESIAN_POINT('',(124.0825842167,-37.50649713503,
    30.79200619436));
#2344 = CARTESIAN_POINT('',(123.91554274602,-41.79337610264,
    6.755219356804));
#2345 = CARTESIAN_POINT('',(123.74850127534,-46.08025507025,
    -17.28156748075));
#2346 = CARTESIAN_POINT('',(123.58145980467,-50.36713403786,
    -41.3183543183));
#2347 = CARTESIAN_POINT('',(123.41441833399,-54.65401300547,
    -65.35514115586));
#2348 = CARTESIAN_POINT('',(123.23717686331,-59.202660295,
    -90.85967863492));
#2349 = CARTESIAN_POINT('',(123.22697686331,-59.46442861692,
    -92.32742927643));
#2350 = CARTESIAN_POINT('',(123.21677686331,-59.72619693884,
    -93.79517991793));
#2351 = CARTESIAN_POINT('',(123.20657686331,-59.98796526075,
    -95.26293055944));
#2352 = CARTESIAN_POINT('',(123.19637686331,-60.24973358267,
    -96.73068120094));
#2353 = CARTESIAN_POINT('',(123.18617686331,-60.51150190459,
    -98.19843184245));
#2354 = CARTESIAN_POINT('',(116.31363646992,-31.63940204106,
    63.689159390203));
#2355 = CARTESIAN_POINT('',(116.30343646992,-31.90117036298,
    62.221408748698));
#2356 = CARTESIAN_POINT('',(116.29323646992,-32.1629386849,
    60.753658107192));
#2357 = CARTESIAN_POINT('',(116.28303646992,-32.42470700681,
    59.285907465687));
#2358 = CARTESIAN_POINT('',(116.27283646992,-32.68647532873,
    57.818156824181));
#2359 = CARTESIAN_POINT('',(116.26263646992,-32.94824365065,
    56.350406182675));
#2360 = CARTESIAN_POINT('',(116.08539499924,-37.49689094018,
    30.845868703613));
#2361 = CARTESIAN_POINT('',(115.91835352857,-41.78376990779,
    6.809081866058));
#2362 = CARTESIAN_POINT('',(115.75131205789,-46.0706488754,
    -17.22770497149));
#2363 = CARTESIAN_POINT('',(115.58427058721,-50.35752784301,
    -41.26449180905));
#2364 = CARTESIAN_POINT('',(115.41722911654,-54.64440681062,
    -65.30127864661));
#2365 = CARTESIAN_POINT('',(115.23998764586,-59.19305410015,
    -90.80581612567));
#2366 = CARTESIAN_POINT('',(115.22978764586,-59.45482242206,
    -92.27356676717));
#2367 = CARTESIAN_POINT('',(115.21958764586,-59.71659074398,
    -93.74131740868));
#2368 = CARTESIAN_POINT('',(115.20938764586,-59.9783590659,
    -95.20906805018));
#2369 = CARTESIAN_POINT('',(115.19918764586,-60.24012738782,
    -96.67681869169));
#2370 = CARTESIAN_POINT('',(115.18898764586,-60.50189570974,
    -98.1445693332));
#2371 = ADVANCED_FACE('',(#2372),#2405,.T.);
#2372 = FACE_BOUND('',#2373,.T.);
#2373 = EDGE_LOOP('',(#2374,#2375,#2376,#2377,#2399));
#2374 = ORIENTED_EDGE('',*,*,#2269,.F.);
#2375 = ORIENTED_EDGE('',*,*,#304,.F.);
#2376 = ORIENTED_EDGE('',*,*,#370,.F.);
#2377 = ORIENTED_EDGE('',*,*,#2378,.T.);
#2378 = EDGE_CURVE('',#371,#2379,#2381,.T.);
#2379 = VERTEX_POINT('',#2380);
#2380 = CARTESIAN_POINT('',(113.25281177045,-58.87357294492,
    -89.01446617507));
#2381 = B_SPLINE_CURVE_WITH_KNOTS('',6,(#2382,#2383,#2384,#2385,#2386,
    #2387,#2388,#2389,#2390,#2391,#2392,#2393,#2394,#2395,#2396,#2397,
    #2398),.UNSPECIFIED.,.F.,.F.,(7,5,5,7),(-9.000422918949,
    -5.474960499469E-02,146.55481105679,155.50048437074),.UNSPECIFIED.);
#2382 = CARTESIAN_POINT('',(114.31401177045,-31.63940204106,
    63.689159390204));
#2383 = CARTESIAN_POINT('',(114.30381177045,-31.90117036298,
    62.221408748698));
#2384 = CARTESIAN_POINT('',(114.29361177045,-32.1629386849,
    60.753658107192));
#2385 = CARTESIAN_POINT('',(114.28341177045,-32.42470700681,
    59.285907465687));
#2386 = CARTESIAN_POINT('',(114.27321177045,-32.68647532873,
    57.818156824181));
#2387 = CARTESIAN_POINT('',(114.26301177045,-32.94824365065,
    56.350406182675));
#2388 = CARTESIAN_POINT('',(114.08564520106,-37.50010141857,
    30.827867359208));
#2389 = CARTESIAN_POINT('',(113.91847863168,-41.79019086457,
    6.773079177248));
#2390 = CARTESIAN_POINT('',(113.75131206229,-46.08028031057,
    -17.28170900471));
#2391 = CARTESIAN_POINT('',(113.5841454929,-50.37036975657,
    -41.33649718667));
#2392 = CARTESIAN_POINT('',(113.41697892352,-54.66045920257,
    -65.39128536863));
#2393 = CARTESIAN_POINT('',(113.23961235413,-59.21231697049,
    -90.9138241921));
#2394 = CARTESIAN_POINT('',(113.22941235413,-59.47408529241,
    -92.3815748336));
#2395 = CARTESIAN_POINT('',(113.21921235413,-59.73585361432,
    -93.84932547511));
#2396 = CARTESIAN_POINT('',(113.20901235413,-59.99762193624,
    -95.31707611662));
#2397 = CARTESIAN_POINT('',(113.19881235413,-60.25939025816,
    -96.78482675812));
#2398 = CARTESIAN_POINT('',(113.18861235413,-60.52115858008,
    -98.25257739963));
#2399 = ORIENTED_EDGE('',*,*,#2400,.F.);
#2400 = EDGE_CURVE('',#2270,#2379,#2401,.T.);
#2401 = LINE('',#2402,#2403);
#2402 = CARTESIAN_POINT('',(123.25,-58.87357294492,-89.01446617507));
#2403 = VECTOR('',#2404,1.);
#2404 = DIRECTION('',(-1.,0.,2.22044604925E-16));
#2405 = B_SPLINE_SURFACE_WITH_KNOTS('',1,1,(
    (#2406,#2407)
    ,(#2408,#2409
    )),.UNSPECIFIED.,.F.,.F.,.F.,(2,2),(2,2),(0.,18.),(0.,1.),
  .PIECEWISE_BEZIER_KNOTS.);
#2406 = CARTESIAN_POINT('',(124.25,-33.21001197257,54.88265554117));
#2407 = CARTESIAN_POINT('',(123.25,-58.87357294492,-89.01446617507));
#2408 = CARTESIAN_POINT('',(106.25,-33.21001197257,54.88265554117));
#2409 = CARTESIAN_POINT('',(105.25,-58.87357294492,-89.01446617507));
#2410 = ADVANCED_FACE('',(#2411),#2509,.T.);
#2411 = FACE_BOUND('',#2412,.T.);
#2412 = EDGE_LOOP('',(#2413,#2437,#2478,#2479,#2480));
#2413 = ORIENTED_EDGE('',*,*,#2414,.F.);
#2414 = EDGE_CURVE('',#2415,#2417,#2419,.T.);
#2415 = VERTEX_POINT('',#2416);
#2416 = CARTESIAN_POINT('',(106.25,-54.69635125374,76.463662209317));
#2417 = VERTEX_POINT('',#2418);
#2418 = CARTESIAN_POINT('',(105.25,-189.2749921413,19.42341837347));
#2419 = B_SPLINE_CURVE_WITH_KNOTS('',6,(#2420,#2421,#2422,#2423,#2424,
    #2425,#2426,#2427,#2428,#2429,#2430,#2431,#2432,#2433,#2434,#2435,
    #2436),.UNSPECIFIED.,.F.,.F.,(7,5,5,7),(-9.00042291895,
    -5.474960499495E-02,146.55481105679,155.50048437074),.UNSPECIFIED.);
#2420 = CARTESIAN_POINT('',(106.31419941632,-46.05648105939,
    80.125612570428));
#2421 = CARTESIAN_POINT('',(106.30399941632,-47.42918319644,
    79.543802083302));
#2422 = CARTESIAN_POINT('',(106.29379941632,-48.80188533349,
    78.961991596177));
#2423 = CARTESIAN_POINT('',(106.28359941632,-50.17458747055,
    78.380181109051));
#2424 = CARTESIAN_POINT('',(106.27339941632,-51.5472896076,
    77.798370621925));
#2425 = CARTESIAN_POINT('',(106.26319941632,-52.91999174465,
    77.2165601348));
#2426 = CARTESIAN_POINT('',(106.08583284693,-76.78974359164,
    67.09952776864));
#2427 = CARTESIAN_POINT('',(105.91866627754,-99.28679330158,
    57.564305889606));
#2428 = CARTESIAN_POINT('',(105.75149970816,-121.7838430115,
    48.029084010572));
#2429 = CARTESIAN_POINT('',(105.58433313877,-144.2808927214,
    38.493862131538));
#2430 = CARTESIAN_POINT('',(105.41716656938,-166.7779424313,
    28.958640252504));
#2431 = CARTESIAN_POINT('',(105.2398,-190.6476942783,18.841607886345));
#2432 = CARTESIAN_POINT('',(105.2296,-192.0203964154,18.259797399219));
#2433 = CARTESIAN_POINT('',(105.2194,-193.3930985524,17.677986912094));
#2434 = CARTESIAN_POINT('',(105.2092,-194.7658006895,17.096176424968));
#2435 = CARTESIAN_POINT('',(105.199,-196.1385028265,16.514365937842));
#2436 = CARTESIAN_POINT('',(105.1888,-197.5112049636,15.932555450717));
#2437 = ORIENTED_EDGE('',*,*,#2438,.F.);
#2438 = EDGE_CURVE('',#500,#2415,#2439,.T.);
#2439 = B_SPLINE_CURVE_WITH_KNOTS('',7,(#2440,#2441,#2442,#2443,#2444,
    #2445,#2446,#2447,#2448,#2449,#2450,#2451,#2452,#2453,#2454,#2455,
    #2456,#2457,#2458,#2459,#2460,#2461,#2462,#2463,#2464,#2465,#2466,
    #2467,#2468,#2469,#2470,#2471,#2472,#2473,#2474,#2475,#2476,#2477),
  .UNSPECIFIED.,.F.,.F.,(8,6,6,6,6,6,8),(0.,0.242439669756,
    0.498605761485,0.638261506869,0.771527331608,0.879093325361,1.),
  .UNSPECIFIED.);
#2440 = CARTESIAN_POINT('',(106.25,-70.,68.489580210422));
#2441 = CARTESIAN_POINT('',(106.25,-69.34389594279,68.798712493544));
#2442 = CARTESIAN_POINT('',(106.25,-68.68988272554,69.107653065502));
#2443 = CARTESIAN_POINT('',(106.25,-68.03815952733,69.416369748804));
#2444 = CARTESIAN_POINT('',(106.25,-67.38898180869,69.724814081199));
#2445 = CARTESIAN_POINT('',(106.25,-66.74266606038,70.032920760685));
#2446 = CARTESIAN_POINT('',(106.25,-66.09960445264,70.340605820532));
#2447 = CARTESIAN_POINT('',(106.25,-64.78477764812,70.972311869007));
#2448 = CARTESIAN_POINT('',(106.25,-64.11352991623,71.29623242865));
#2449 = CARTESIAN_POINT('',(106.25,-63.44704424535,71.619440125559));
#2450 = CARTESIAN_POINT('',(106.25,-62.78606846155,71.941763160863));
#2451 = CARTESIAN_POINT('',(106.25,-62.13165468259,72.262932668581));
#2452 = CARTESIAN_POINT('',(106.25,-61.48519397665,72.582576696327));
#2453 = CARTESIAN_POINT('',(106.25,-60.50164107147,73.073321907229));
#2454 = CARTESIAN_POINT('',(106.25,-60.15760869337,73.245841894461));
#2455 = CARTESIAN_POINT('',(106.25,-59.81687767132,73.417654205233));
#2456 = CARTESIAN_POINT('',(106.25,-59.47986182691,73.588640853086));
#2457 = CARTESIAN_POINT('',(106.25,-59.14708289071,73.758645111939));
#2458 = CARTESIAN_POINT('',(106.25,-58.81919372265,73.927466052653));
#2459 = CARTESIAN_POINT('',(106.25,-58.18958483031,74.254573317176));
#2460 = CARTESIAN_POINT('',(106.25,-57.88743895395,74.412944199034));
#2461 = CARTESIAN_POINT('',(106.25,-57.59121992341,74.569779522806));
#2462 = CARTESIAN_POINT('',(106.25,-57.30185574555,74.724778221868));
#2463 = CARTESIAN_POINT('',(106.25,-57.02059400453,74.877511463297));
#2464 = CARTESIAN_POINT('',(106.25,-56.74902785385,75.027415344143));
#2465 = CARTESIAN_POINT('',(106.25,-56.27952241101,75.291872587032));
#2466 = CARTESIAN_POINT('',(106.25,-56.07758665777,75.407610335647));
#2467 = CARTESIAN_POINT('',(106.25,-55.8844424624,75.520612411294));
#2468 = CARTESIAN_POINT('',(106.25,-55.70151376899,75.630340267613));
#2469 = CARTESIAN_POINT('',(106.25,-55.53062068188,75.736072460319));
#2470 = CARTESIAN_POINT('',(106.25,-55.37392886752,75.836921444019));
#2471 = CARTESIAN_POINT('',(106.25,-55.07639903188,76.03858758533));
#2472 = CARTESIAN_POINT('',(106.25,-54.93972899635,76.137990555422));
#2473 = CARTESIAN_POINT('',(106.25,-54.82780593873,76.228291967696));
#2474 = CARTESIAN_POINT('',(106.25,-54.74472587623,76.307562497133));
#2475 = CARTESIAN_POINT('',(106.25,-54.69415064926,76.373949039274));
#2476 = CARTESIAN_POINT('',(106.25,-54.67825755868,76.426090264366));
#2477 = CARTESIAN_POINT('',(106.25,-54.69635125374,76.463662209317));
#2478 = ORIENTED_EDGE('',*,*,#508,.F.);
#2479 = ORIENTED_EDGE('',*,*,#633,.T.);
#2480 = ORIENTED_EDGE('',*,*,#2481,.F.);
#2481 = EDGE_CURVE('',#2417,#634,#2482,.T.);
#2482 = B_SPLINE_CURVE_WITH_KNOTS('',7,(#2483,#2484,#2485,#2486,#2487,
    #2488,#2489,#2490,#2491,#2492,#2493,#2494,#2495,#2496,#2497,#2498,
    #2499,#2500,#2501,#2502,#2503,#2504,#2505,#2506,#2507,#2508),
  .UNSPECIFIED.,.F.,.F.,(8,6,6,6,8),(0.,0.249928743902,0.50000257361,
    0.75007469467,1.),.UNSPECIFIED.);
#2483 = CARTESIAN_POINT('',(105.25,-189.2749921413,19.42341837347));
#2484 = CARTESIAN_POINT('',(105.25,-189.0993744773,19.058744536528));
#2485 = CARTESIAN_POINT('',(105.27383819558,-188.9194887539,
    18.685207983036));
#2486 = CARTESIAN_POINT('',(105.32359432234,-188.7362474198,
    18.304703432004));
#2487 = CARTESIAN_POINT('',(105.40114205148,-188.5507877453,
    17.91959244976));
#2488 = CARTESIAN_POINT('',(105.50793494098,-188.3644744073,
    17.532708816946));
#2489 = CARTESIAN_POINT('',(105.64482565966,-188.1788494636,
    17.147254649545));
#2490 = CARTESIAN_POINT('',(105.9791083073,-187.8121035523,
    16.385698917618));
#2491 = CARTESIAN_POINT('',(106.17653673398,-187.6309846811,
    16.009601706398));
#2492 = CARTESIAN_POINT('',(106.40431197659,-187.4537934288,
    15.641660279584));
#2493 = CARTESIAN_POINT('',(106.66181077775,-187.2822241629,
    15.285393027926));
#2494 = CARTESIAN_POINT('',(106.94756177427,-187.1179469259,
    14.944267830435));
#2495 = CARTESIAN_POINT('',(107.25928974598,-186.9624634225,
    14.621403008764));
#2496 = CARTESIAN_POINT('',(107.9289651319,-186.671575217,
    14.017367426092));
#2497 = CARTESIAN_POINT('',(108.28691352628,-186.5361698149,
    13.736195211336));
#2498 = CARTESIAN_POINT('',(108.66510742327,-186.412047647,
    13.478452873868));
#2499 = CARTESIAN_POINT('',(109.06008979761,-186.3001971297,
    13.246192881429));
#2500 = CARTESIAN_POINT('',(109.4680159137,-186.2012575328,
    13.04074269164));
#2501 = CARTESIAN_POINT('',(109.88498488427,-186.1154997104,
    12.862664738428));
#2502 = CARTESIAN_POINT('',(110.72929958832,-185.9702964209,
    12.561147000921));
#2503 = CARTESIAN_POINT('',(111.15664044095,-185.9108349149,
    12.43767391145));
#2504 = CARTESIAN_POINT('',(111.58556643202,-185.8644470268,
    12.341348469361));
#2505 = CARTESIAN_POINT('',(112.01252727248,-185.8307624328,
    12.271401689173));
#2506 = CARTESIAN_POINT('',(112.43438105457,-185.8091497609,
    12.226522513467));
#2507 = CARTESIAN_POINT('',(112.84850945184,-185.7987951259,
    12.205020892249));
#2508 = CARTESIAN_POINT('',(113.25281177045,-185.7987951259,
    12.205020892249));
#2509 = ( BOUNDED_SURFACE() B_SPLINE_SURFACE(2,6,(
    (#2510,#2511,#2512,#2513,#2514,#2515,#2516,#2517,#2518,#2519,#2520
      ,#2521,#2522,#2523,#2524,#2525,#2526)
    ,(#2527,#2528,#2529,#2530,#2531,#2532,#2533,#2534,#2535,#2536,#2537
      ,#2538,#2539,#2540,#2541,#2542,#2543)
    ,(#2544,#2545,#2546,#2547,#2548,#2549,#2550,#2551,#2552,#2553,#2554
      ,#2555,#2556,#2557,#2558,#2559,#2560
)),.UNSPECIFIED.,.F.,.F.,.F.) B_SPLINE_SURFACE_WITH_KNOTS((3,3),(7,5,5,7
    ),(0.,146.60956066178),(-9.00042291895,-5.474960499495E-02,
    146.55481105679,155.50048437074),.UNSPECIFIED.) 
GEOMETRIC_REPRESENTATION_ITEM() RATIONAL_B_SPLINE_SURFACE((
    (1.,1.,1.,1.,1.,1.,1.,1.,1.,1.,1.,1.,1.,1.,1.,1.,1.)
    ,(0.706990803572,0.706990803572,0.706990803572,0.706990803572
      ,0.706990803572,0.706990803572,0.706990803572,0.706990803572
      ,0.706990803572,0.706990803572,0.706990803572,0.706990803572
      ,0.706990803572,0.706990803572,0.706990803572,0.706990803572
      ,0.706990803572)
    ,(1.,1.,1.,1.,1.,1.,1.,1.,1.,1.,1.,1.,1.,1.,1.,1.,1.
))) REPRESENTATION_ITEM('') SURFACE() );
#2510 = CARTESIAN_POINT('',(106.31419941632,-46.05648105939,
    80.125612570428));
#2511 = CARTESIAN_POINT('',(106.30399941632,-47.42918319644,
    79.543802083302));
#2512 = CARTESIAN_POINT('',(106.29379941632,-48.80188533349,
    78.961991596177));
#2513 = CARTESIAN_POINT('',(106.28359941632,-50.17458747055,
    78.380181109051));
#2514 = CARTESIAN_POINT('',(106.27339941632,-51.5472896076,
    77.798370621925));
#2515 = CARTESIAN_POINT('',(106.26319941632,-52.91999174465,
    77.2165601348));
#2516 = CARTESIAN_POINT('',(106.08583284693,-76.78974359164,
    67.09952776864));
#2517 = CARTESIAN_POINT('',(105.91866627754,-99.28679330158,
    57.564305889606));
#2518 = CARTESIAN_POINT('',(105.75149970816,-121.7838430115,
    48.029084010572));
#2519 = CARTESIAN_POINT('',(105.58433313877,-144.2808927214,
    38.493862131538));
#2520 = CARTESIAN_POINT('',(105.41716656938,-166.7779424313,
    28.958640252504));
#2521 = CARTESIAN_POINT('',(105.2398,-190.6476942783,18.841607886345));
#2522 = CARTESIAN_POINT('',(105.2296,-192.0203964154,18.259797399219));
#2523 = CARTESIAN_POINT('',(105.2194,-193.3930985524,17.677986912094));
#2524 = CARTESIAN_POINT('',(105.2092,-194.7658006895,17.096176424968));
#2525 = CARTESIAN_POINT('',(105.199,-196.1385028265,16.514365937842));
#2526 = CARTESIAN_POINT('',(105.1888,-197.5112049636,15.932555450717));
#2527 = CARTESIAN_POINT('',(106.31157455825,-42.93353387452,
    72.757492545296));
#2528 = CARTESIAN_POINT('',(106.30137455825,-44.30623601157,
    72.175682058171));
#2529 = CARTESIAN_POINT('',(106.29117455825,-45.67893814862,
    71.593871571045));
#2530 = CARTESIAN_POINT('',(106.28097455825,-47.05164028568,
    71.012061083919));
#2531 = CARTESIAN_POINT('',(106.27077455825,-48.42434242273,
    70.430250596794));
#2532 = CARTESIAN_POINT('',(106.26057455825,-49.79704455978,
    69.848440109668));
#2533 = CARTESIAN_POINT('',(106.08320798887,-73.66679640677,
    59.731407743508));
#2534 = CARTESIAN_POINT('',(105.91604141948,-96.16384611671,
    50.196185864474));
#2535 = CARTESIAN_POINT('',(105.74887485009,-118.6608958266,
    40.660963985441));
#2536 = CARTESIAN_POINT('',(105.58170828071,-141.1579455365,
    31.125742106406));
#2537 = CARTESIAN_POINT('',(105.41454171132,-163.6549952465,
    21.590520227373));
#2538 = CARTESIAN_POINT('',(105.23717514193,-187.5247470935,
    11.473487861213));
#2539 = CARTESIAN_POINT('',(105.22697514193,-188.8974492305,
    10.891677374087));
#2540 = CARTESIAN_POINT('',(105.21677514193,-190.2701513676,
    10.309866886962));
#2541 = CARTESIAN_POINT('',(105.20657514193,-191.6428535046,
    9.728056399836));
#2542 = CARTESIAN_POINT('',(105.19637514193,-193.0155556417,
    9.146245912711));
#2543 = CARTESIAN_POINT('',(105.18617514193,-194.3882577787,
    8.564435425585));
#2544 = CARTESIAN_POINT('',(114.31401177045,-42.983941416,
    72.736127650849));
#2545 = CARTESIAN_POINT('',(114.30381177045,-44.35664355306,
    72.154317163723));
#2546 = CARTESIAN_POINT('',(114.29361177045,-45.72934569011,
    71.572506676598));
#2547 = CARTESIAN_POINT('',(114.28341177045,-47.10204782716,
    70.990696189472));
#2548 = CARTESIAN_POINT('',(114.27321177045,-48.47474996421,
    70.408885702346));
#2549 = CARTESIAN_POINT('',(114.26301177045,-49.84745210127,
    69.827075215221));
#2550 = CARTESIAN_POINT('',(114.08564520106,-73.71720394826,
    59.710042849061));
#2551 = CARTESIAN_POINT('',(113.91847863168,-96.21425365819,
    50.174820970027));
#2552 = CARTESIAN_POINT('',(113.75131206229,-118.7113033681,
    40.639599090994));
#2553 = CARTESIAN_POINT('',(113.5841454929,-141.208353078,
    31.104377211959));
#2554 = CARTESIAN_POINT('',(113.41697892352,-163.705402788,
    21.569155332925));
#2555 = CARTESIAN_POINT('',(113.23961235413,-187.5751546349,
    11.452122966766));
#2556 = CARTESIAN_POINT('',(113.22941235413,-188.947856772,
    10.87031247964));
#2557 = CARTESIAN_POINT('',(113.21921235413,-190.320558909,
    10.288501992515));
#2558 = CARTESIAN_POINT('',(113.20901235413,-191.6932610461,
    9.706691505389));
#2559 = CARTESIAN_POINT('',(113.19881235413,-193.0659631832,
    9.124881018263));
#2560 = CARTESIAN_POINT('',(113.18861235413,-194.4386653202,
    8.543070531138));
#2561 = ADVANCED_FACE('',(#2562,#3090,#3101,#3112,#3123,#3134,#3145),
  #3156,.F.);
#2562 = FACE_BOUND('',#2563,.F.);
#2563 = EDGE_LOOP('',(#2564,#2575,#2584,#2621,#2629,#2678,#2687,#2708,
    #2716,#2737,#2746,#2795,#2803,#2840,#2849,#2866,#2874,#2905,#2914,
    #2957,#2965,#2992,#3001,#3028,#3034,#3035,#3036,#3067,#3075));
#2564 = ORIENTED_EDGE('',*,*,#2565,.T.);
#2565 = EDGE_CURVE('',#2566,#2568,#2570,.T.);
#2566 = VERTEX_POINT('',#2567);
#2567 = CARTESIAN_POINT('',(106.25,-4.233153353569,45.128114289901));
#2568 = VERTEX_POINT('',#2569);
#2569 = CARTESIAN_POINT('',(106.25,0.,45.));
#2570 = CIRCLE('',#2571,70.);
#2571 = AXIS2_PLACEMENT_3D('',#2572,#2573,#2574);
#2572 = CARTESIAN_POINT('',(106.25,0.,115.));
#2573 = DIRECTION('',(1.,0.,-2.22044604925E-16));
#2574 = DIRECTION('',(-2.22044604925E-16,0.,-1.));
#2575 = ORIENTED_EDGE('',*,*,#2576,.T.);
#2576 = EDGE_CURVE('',#2568,#2577,#2579,.T.);
#2577 = VERTEX_POINT('',#2578);
#2578 = CARTESIAN_POINT('',(106.25,34.130214415714,53.884302638869));
#2579 = CIRCLE('',#2580,70.);
#2580 = AXIS2_PLACEMENT_3D('',#2581,#2582,#2583);
#2581 = CARTESIAN_POINT('',(106.25,0.,115.));
#2582 = DIRECTION('',(1.,0.,-2.22044604925E-16));
#2583 = DIRECTION('',(-2.22044604925E-16,0.,-1.));
#2584 = ORIENTED_EDGE('',*,*,#2585,.T.);
#2585 = EDGE_CURVE('',#2577,#2586,#2588,.T.);
#2586 = VERTEX_POINT('',#2587);
#2587 = CARTESIAN_POINT('',(106.25,32.559419334962,56.54810196956));
#2588 = B_SPLINE_CURVE_WITH_KNOTS('',7,(#2589,#2590,#2591,#2592,#2593,
    #2594,#2595,#2596,#2597,#2598,#2599,#2600,#2601,#2602,#2603,#2604,
    #2605,#2606,#2607,#2608,#2609,#2610,#2611,#2612,#2613,#2614,#2615,
    #2616,#2617,#2618,#2619,#2620),.UNSPECIFIED.,.F.,.F.,(8,6,6,6,6,8),(
    0.,0.24464115016,0.505832742148,0.652410943821,0.786320112131,1.),
  .UNSPECIFIED.);
#2589 = CARTESIAN_POINT('',(106.25,41.047660368373,45.));
#2590 = CARTESIAN_POINT('',(106.25,40.657787405645,45.484339798319));
#2591 = CARTESIAN_POINT('',(106.25,40.269754616816,45.967503371444));
#2592 = CARTESIAN_POINT('',(106.25,39.883732923487,46.449365487262));
#2593 = CARTESIAN_POINT('',(106.25,39.499938902858,46.929758694996));
#2594 = CARTESIAN_POINT('',(106.25,39.118638846883,47.40847059978));
#2595 = CARTESIAN_POINT('',(106.25,38.740161390977,47.885235250291));
#2596 = CARTESIAN_POINT('',(106.25,37.964290148463,48.866301737577));
#2597 = CARTESIAN_POINT('',(106.25,37.567410650548,49.370206309715));
#2598 = CARTESIAN_POINT('',(106.25,37.174717749126,49.871106443934));
#2599 = CARTESIAN_POINT('',(106.25,36.786854046716,50.368466699282));
#2600 = CARTESIAN_POINT('',(106.25,36.404713556353,50.861506181026));
#2601 = CARTESIAN_POINT('',(106.25,36.02947043394,51.349176975136));
#2602 = CARTESIAN_POINT('',(106.25,35.457013442581,52.099836351136));
#2603 = CARTESIAN_POINT('',(106.25,35.253964615788,52.367473554051));
#2604 = CARTESIAN_POINT('',(106.25,35.053930079203,52.632662754597));
#2605 = CARTESIAN_POINT('',(106.25,34.857287402511,52.895055650188));
#2606 = CARTESIAN_POINT('',(106.25,34.664510656851,53.154202441609));
#2607 = CARTESIAN_POINT('',(106.25,34.476190530486,53.40953483195));
#2608 = CARTESIAN_POINT('',(106.25,34.125776326511,53.889460066609));
#2609 = CARTESIAN_POINT('',(106.25,33.96287328901,54.114732648564));
#2610 = CARTESIAN_POINT('',(106.25,33.804883106009,54.335664845582));
#2611 = CARTESIAN_POINT('',(106.25,33.652531594754,54.551535249404));
#2612 = CARTESIAN_POINT('',(106.25,33.506751856649,54.761386379575));
#2613 = CARTESIAN_POINT('',(106.25,33.368704706364,54.964005777695));
#2614 = CARTESIAN_POINT('',(106.25,33.034146085302,55.467277275688));
#2615 = CARTESIAN_POINT('',(106.25,32.851026206053,55.75558260163));
#2616 = CARTESIAN_POINT('',(106.25,32.697210537888,56.015431824063));
#2617 = CARTESIAN_POINT('',(106.25,32.582180397532,56.235919358843));
#2618 = CARTESIAN_POINT('',(106.25,32.516621461721,56.404223633503));
#2619 = CARTESIAN_POINT('',(106.25,32.509730113008,56.50847613734));
#2620 = CARTESIAN_POINT('',(106.25,32.559419334961,56.548101969561));
#2621 = ORIENTED_EDGE('',*,*,#2622,.T.);
#2622 = EDGE_CURVE('',#2586,#2623,#2625,.T.);
#2623 = VERTEX_POINT('',#2624);
#2624 = CARTESIAN_POINT('',(106.25,49.74123451039,70.25014234466));
#2625 = LINE('',#2626,#2627);
#2626 = CARTESIAN_POINT('',(106.25,26.295528755784,51.552815921794));
#2627 = VECTOR('',#2628,1.);
#2628 = DIRECTION('',(1.384425467285E-16,0.781831482468,0.623489801859)
  );
#2629 = ORIENTED_EDGE('',*,*,#2630,.F.);
#2630 = EDGE_CURVE('',#2631,#2623,#2633,.T.);
#2631 = VERTEX_POINT('',#2632);
#2632 = CARTESIAN_POINT('',(106.25,51.988712041909,68.125979261179));
#2633 = B_SPLINE_CURVE_WITH_KNOTS('',7,(#2634,#2635,#2636,#2637,#2638,
    #2639,#2640,#2641,#2642,#2643,#2644,#2645,#2646,#2647,#2648,#2649,
    #2650,#2651,#2652,#2653,#2654,#2655,#2656,#2657,#2658,#2659,#2660,
    #2661,#2662,#2663,#2664,#2665,#2666,#2667,#2668,#2669,#2670,#2671,
    #2672,#2673,#2674,#2675,#2676,#2677),.UNSPECIFIED.,.F.,.F.,(8,6,6,6,
    6,6,6,8),(0.,0.244287368813,0.495141310613,0.617654021702,
    0.749863440819,0.824058091385,0.89183995688,1.),.UNSPECIFIED.);
#2634 = CARTESIAN_POINT('',(106.25,70.,45.369504175874));
#2635 = CARTESIAN_POINT('',(106.25,69.225707382399,46.379818595831));
#2636 = CARTESIAN_POINT('',(106.25,68.451812846349,47.388167841224));
#2637 = CARTESIAN_POINT('',(106.25,67.678370348844,48.394370294501));
#2638 = CARTESIAN_POINT('',(106.25,66.905457377325,49.398194991796));
#2639 = CARTESIAN_POINT('',(106.25,66.133176076673,50.399356937535));
#2640 = CARTESIAN_POINT('',(106.25,65.361656905466,51.397502552827));
#2641 = CARTESIAN_POINT('',(106.25,63.799758816913,53.413605556852));
#2642 = CARTESIAN_POINT('',(106.25,63.009477971877,54.431312890613));
#2643 = CARTESIAN_POINT('',(106.25,62.220353664859,55.444884366955));
#2644 = CARTESIAN_POINT('',(106.25,61.432626462628,56.453702442936));
#2645 = CARTESIAN_POINT('',(106.25,60.646662945633,57.456904835741));
#2646 = CARTESIAN_POINT('',(106.25,59.862965915198,58.453352073611));
#2647 = CARTESIAN_POINT('',(106.25,58.700959651143,59.923948348801));
#2648 = CARTESIAN_POINT('',(106.25,58.320397248756,60.404471851919));
#2649 = CARTESIAN_POINT('',(106.25,57.940643663454,60.882782273111));
#2650 = CARTESIAN_POINT('',(106.25,57.561811174685,61.358637430556));
#2651 = CARTESIAN_POINT('',(106.25,57.184043670621,61.831738697889));
#2652 = CARTESIAN_POINT('',(106.25,56.807521980673,62.30171742933));
#2653 = CARTESIAN_POINT('',(106.25,56.027739071022,63.271421564754));
#2654 = CARTESIAN_POINT('',(106.25,55.624782435112,63.770479781063));
#2655 = CARTESIAN_POINT('',(106.25,55.223823304232,64.264787817255));
#2656 = CARTESIAN_POINT('',(106.25,54.825240702186,64.753600035398));
#2657 = CARTESIAN_POINT('',(106.25,54.429597008448,65.235871071776));
#2658 = CARTESIAN_POINT('',(106.25,54.037652589373,65.710223026242));
#2659 = CARTESIAN_POINT('',(106.25,53.433197475537,66.435364751071));
#2660 = CARTESIAN_POINT('',(106.25,53.217453110654,66.6928776002));
#2661 = CARTESIAN_POINT('',(106.25,53.003424628936,66.946907001899));
#2662 = CARTESIAN_POINT('',(106.25,52.791367583139,67.197007348323));
#2663 = CARTESIAN_POINT('',(106.25,52.58161500432,67.442616364544));
#2664 = CARTESIAN_POINT('',(106.25,52.374589500495,67.683031714132));
#2665 = CARTESIAN_POINT('',(106.25,51.984671489405,68.131453713858));
#2666 = CARTESIAN_POINT('',(106.25,51.801296297456,68.340400297429));
#2667 = CARTESIAN_POINT('',(106.25,51.621059454963,68.543591375506));
#2668 = CARTESIAN_POINT('',(106.25,51.444502773437,68.740158800164));
#2669 = CARTESIAN_POINT('',(106.25,51.272352092704,68.928979805353));
#2670 = CARTESIAN_POINT('',(106.25,51.105531166739,69.108652883068));
#2671 = CARTESIAN_POINT('',(106.25,50.689324032762,69.546811864769));
#2672 = CARTESIAN_POINT('',(106.25,50.448995129823,69.789494516725));
#2673 = CARTESIAN_POINT('',(106.25,50.229888076064,69.997275596597));
#2674 = CARTESIAN_POINT('',(106.25,50.040525238371,70.158484783355));
#2675 = CARTESIAN_POINT('',(106.25,49.891028938901,70.259851244144));
#2676 = CARTESIAN_POINT('',(106.25,49.790923732343,70.289768176881));
#2677 = CARTESIAN_POINT('',(106.25,49.74123451039,70.25014234466));
#2678 = ORIENTED_EDGE('',*,*,#2679,.T.);
#2679 = EDGE_CURVE('',#2631,#2680,#2682,.T.);
#2680 = VERTEX_POINT('',#2681);
#2681 = CARTESIAN_POINT('',(106.25,69.06201689337,103.57906209544));
#2682 = CIRCLE('',#2683,70.);
#2683 = AXIS2_PLACEMENT_3D('',#2684,#2685,#2686);
#2684 = CARTESIAN_POINT('',(106.25,0.,115.));
#2685 = DIRECTION('',(1.,0.,-2.22044604925E-16));
#2686 = DIRECTION('',(-2.22044604925E-16,0.,-1.));
#2687 = ORIENTED_EDGE('',*,*,#2688,.T.);
#2688 = EDGE_CURVE('',#2680,#2689,#2691,.T.);
#2689 = VERTEX_POINT('',#2690);
#2690 = CARTESIAN_POINT('',(106.25,66.,104.01181676568));
#2691 = B_SPLINE_CURVE_WITH_KNOTS('',8,(#2692,#2693,#2694,#2695,#2696,
    #2697,#2698,#2699,#2700,#2701,#2702,#2703,#2704,#2705,#2706,#2707),
  .UNSPECIFIED.,.F.,.F.,(9,7,9),(0.,0.575685018863,1.),.UNSPECIFIED.);
#2692 = CARTESIAN_POINT('',(106.25,70.,103.54131887282));
#2693 = CARTESIAN_POINT('',(106.25,69.567444446287,103.55632801663));
#2694 = CARTESIAN_POINT('',(106.25,69.145230101874,103.57319869479));
#2695 = CARTESIAN_POINT('',(106.25,68.734235849498,103.59219383696));
#2696 = CARTESIAN_POINT('',(106.25,68.336612314184,103.61362501029));
#2697 = CARTESIAN_POINT('',(106.25,67.955795026756,103.63785444284));
#2698 = CARTESIAN_POINT('',(106.25,67.596603256476,103.66530866752));
#2699 = CARTESIAN_POINT('',(106.25,67.265268368674,103.69648281357));
#2700 = CARTESIAN_POINT('',(106.25,66.752085125421,103.75817708155));
#2701 = CARTESIAN_POINT('',(106.25,66.553636248102,103.78673809804));
#2702 = CARTESIAN_POINT('',(106.25,66.378537046835,103.81784838316));
#2703 = CARTESIAN_POINT('',(106.25,66.231337815396,103.85162702078));
#2704 = CARTESIAN_POINT('',(106.25,66.116705476402,103.88811554057));
#2705 = CARTESIAN_POINT('',(106.25,66.038748707731,103.92722647097));
#2706 = CARTESIAN_POINT('',(106.25,65.999999999999,103.9686648814));
#2707 = CARTESIAN_POINT('',(106.25,65.999999999999,104.01181676568));
#2708 = ORIENTED_EDGE('',*,*,#2709,.T.);
#2709 = EDGE_CURVE('',#2689,#2710,#2712,.T.);
#2710 = VERTEX_POINT('',#2711);
#2711 = CARTESIAN_POINT('',(106.25,66.,125.98818323431));
#2712 = LINE('',#2713,#2714);
#2713 = CARTESIAN_POINT('',(106.25,66.,96.));
#2714 = VECTOR('',#2715,1.);
#2715 = DIRECTION('',(2.22044604925E-16,0.,1.));
#2716 = ORIENTED_EDGE('',*,*,#2717,.F.);
#2717 = EDGE_CURVE('',#2718,#2710,#2720,.T.);
#2718 = VERTEX_POINT('',#2719);
#2719 = CARTESIAN_POINT('',(106.25,69.06201689337,126.42093790456));
#2720 = B_SPLINE_CURVE_WITH_KNOTS('',8,(#2721,#2722,#2723,#2724,#2725,
    #2726,#2727,#2728,#2729,#2730,#2731,#2732,#2733,#2734,#2735,#2736),
  .UNSPECIFIED.,.F.,.F.,(9,7,9),(0.,0.575685018864,1.),.UNSPECIFIED.);
#2721 = CARTESIAN_POINT('',(106.25,70.,126.45868112717));
#2722 = CARTESIAN_POINT('',(106.25,69.567444446287,126.44367198336));
#2723 = CARTESIAN_POINT('',(106.25,69.145230101877,126.4268013052));
#2724 = CARTESIAN_POINT('',(106.25,68.734235849488,126.40780616303));
#2725 = CARTESIAN_POINT('',(106.25,68.336612314198,126.3863749897));
#2726 = CARTESIAN_POINT('',(106.25,67.955795026747,126.36214555715));
#2727 = CARTESIAN_POINT('',(106.25,67.596603256479,126.33469133247));
#2728 = CARTESIAN_POINT('',(106.25,67.265268368673,126.30351718643));
#2729 = CARTESIAN_POINT('',(106.25,66.75208512542,126.24182291844));
#2730 = CARTESIAN_POINT('',(106.25,66.553636248107,126.21326190195));
#2731 = CARTESIAN_POINT('',(106.25,66.378537046832,126.18215161683));
#2732 = CARTESIAN_POINT('',(106.25,66.231337815395,126.14837297921));
#2733 = CARTESIAN_POINT('',(106.25,66.116705476405,126.11188445942));
#2734 = CARTESIAN_POINT('',(106.25,66.038748707729,126.07277352902));
#2735 = CARTESIAN_POINT('',(106.25,66.,126.0313351186));
#2736 = CARTESIAN_POINT('',(106.25,66.,125.98818323431));
#2737 = ORIENTED_EDGE('',*,*,#2738,.T.);
#2738 = EDGE_CURVE('',#2718,#2739,#2741,.T.);
#2739 = VERTEX_POINT('',#2740);
#2740 = CARTESIAN_POINT('',(106.25,51.98871204191,161.87402073882));
#2741 = CIRCLE('',#2742,70.);
#2742 = AXIS2_PLACEMENT_3D('',#2743,#2744,#2745);
#2743 = CARTESIAN_POINT('',(106.25,0.,115.));
#2744 = DIRECTION('',(1.,0.,-2.22044604925E-16));
#2745 = DIRECTION('',(-2.22044604925E-16,0.,-1.));
#2746 = ORIENTED_EDGE('',*,*,#2747,.T.);
#2747 = EDGE_CURVE('',#2739,#2748,#2750,.T.);
#2748 = VERTEX_POINT('',#2749);
#2749 = CARTESIAN_POINT('',(106.25,49.74123451039,159.74985765534));
#2750 = B_SPLINE_CURVE_WITH_KNOTS('',7,(#2751,#2752,#2753,#2754,#2755,
    #2756,#2757,#2758,#2759,#2760,#2761,#2762,#2763,#2764,#2765,#2766,
    #2767,#2768,#2769,#2770,#2771,#2772,#2773,#2774,#2775,#2776,#2777,
    #2778,#2779,#2780,#2781,#2782,#2783,#2784,#2785,#2786,#2787,#2788,
    #2789,#2790,#2791,#2792,#2793,#2794),.UNSPECIFIED.,.F.,.F.,(8,6,6,6,
    6,6,6,8),(0.,0.244287368813,0.495141310613,0.617654021702,
    0.749863440819,0.824058091385,0.89183995688,1.),.UNSPECIFIED.);
#2751 = CARTESIAN_POINT('',(106.25,70.,184.63049582412));
#2752 = CARTESIAN_POINT('',(106.25,69.2257073824,183.62018140416));
#2753 = CARTESIAN_POINT('',(106.25,68.451812846348,182.61183215877));
#2754 = CARTESIAN_POINT('',(106.25,67.678370348845,181.6056297055));
#2755 = CARTESIAN_POINT('',(106.25,66.905457377326,180.6018050082));
#2756 = CARTESIAN_POINT('',(106.25,66.133176076672,179.60064306246));
#2757 = CARTESIAN_POINT('',(106.25,65.361656905466,178.60249744717));
#2758 = CARTESIAN_POINT('',(106.25,63.799758816913,176.58639444314));
#2759 = CARTESIAN_POINT('',(106.25,63.009477971877,175.56868710938));
#2760 = CARTESIAN_POINT('',(106.25,62.22035366486,174.55511563304));
#2761 = CARTESIAN_POINT('',(106.25,61.432626462626,173.54629755706));
#2762 = CARTESIAN_POINT('',(106.25,60.646662945635,172.54309516426));
#2763 = CARTESIAN_POINT('',(106.25,59.862965915198,171.54664792638));
#2764 = CARTESIAN_POINT('',(106.25,58.700959651143,170.07605165119));
#2765 = CARTESIAN_POINT('',(106.25,58.320397248757,169.59552814808));
#2766 = CARTESIAN_POINT('',(106.25,57.940643663454,169.11721772688));
#2767 = CARTESIAN_POINT('',(106.25,57.561811174685,168.64136256944));
#2768 = CARTESIAN_POINT('',(106.25,57.184043670622,168.16826130211));
#2769 = CARTESIAN_POINT('',(106.25,56.807521980673,167.69828257067));
#2770 = CARTESIAN_POINT('',(106.25,56.027739071023,166.72857843524));
#2771 = CARTESIAN_POINT('',(106.25,55.624782435111,166.22952021893));
#2772 = CARTESIAN_POINT('',(106.25,55.223823304234,165.73521218274));
#2773 = CARTESIAN_POINT('',(106.25,54.825240702184,165.24639996459));
#2774 = CARTESIAN_POINT('',(106.25,54.42959700845,164.76412892822));
#2775 = CARTESIAN_POINT('',(106.25,54.037652589373,164.28977697375));
#2776 = CARTESIAN_POINT('',(106.25,53.433197475537,163.56463524892));
#2777 = CARTESIAN_POINT('',(106.25,53.217453110654,163.30712239979));
#2778 = CARTESIAN_POINT('',(106.25,53.003424628936,163.0530929981));
#2779 = CARTESIAN_POINT('',(106.25,52.79136758314,162.80299265167));
#2780 = CARTESIAN_POINT('',(106.25,52.581615004321,162.55738363545));
#2781 = CARTESIAN_POINT('',(106.25,52.374589500495,162.31696828586));
#2782 = CARTESIAN_POINT('',(106.25,51.984671489405,161.86854628614));
#2783 = CARTESIAN_POINT('',(106.25,51.801296297456,161.65959970257));
#2784 = CARTESIAN_POINT('',(106.25,51.621059454963,161.45640862449));
#2785 = CARTESIAN_POINT('',(106.25,51.444502773437,161.25984119983));
#2786 = CARTESIAN_POINT('',(106.25,51.272352092704,161.07102019464));
#2787 = CARTESIAN_POINT('',(106.25,51.105531166739,160.89134711693));
#2788 = CARTESIAN_POINT('',(106.25,50.689324032762,160.45318813523));
#2789 = CARTESIAN_POINT('',(106.25,50.448995129824,160.21050548327));
#2790 = CARTESIAN_POINT('',(106.25,50.229888076059,160.00272440339));
#2791 = CARTESIAN_POINT('',(106.25,50.040525238376,159.84151521665));
#2792 = CARTESIAN_POINT('',(106.25,49.891028938895,159.74014875584));
#2793 = CARTESIAN_POINT('',(106.25,49.790923732343,159.71023182311));
#2794 = CARTESIAN_POINT('',(106.25,49.74123451039,159.74985765533));
#2795 = ORIENTED_EDGE('',*,*,#2796,.T.);
#2796 = EDGE_CURVE('',#2748,#2797,#2799,.T.);
#2797 = VERTEX_POINT('',#2798);
#2798 = CARTESIAN_POINT('',(106.25,32.559419334962,173.45189803044));
#2799 = LINE('',#2800,#2801);
#2800 = CARTESIAN_POINT('',(106.25,56.005125089569,154.75457160757));
#2801 = VECTOR('',#2802,1.);
#2802 = DIRECTION('',(1.384425467285E-16,-0.781831482468,0.623489801859)
  );
#2803 = ORIENTED_EDGE('',*,*,#2804,.F.);
#2804 = EDGE_CURVE('',#2805,#2797,#2807,.T.);
#2805 = VERTEX_POINT('',#2806);
#2806 = CARTESIAN_POINT('',(106.25,34.130214415715,176.11569736113));
#2807 = B_SPLINE_CURVE_WITH_KNOTS('',7,(#2808,#2809,#2810,#2811,#2812,
    #2813,#2814,#2815,#2816,#2817,#2818,#2819,#2820,#2821,#2822,#2823,
    #2824,#2825,#2826,#2827,#2828,#2829,#2830,#2831,#2832,#2833,#2834,
    #2835,#2836,#2837,#2838,#2839),.UNSPECIFIED.,.F.,.F.,(8,6,6,6,6,8),(
    0.,0.24464115016,0.505832742148,0.652410943821,0.786320112131,1.),
  .UNSPECIFIED.);
#2808 = CARTESIAN_POINT('',(106.25,41.047660368373,185.));
#2809 = CARTESIAN_POINT('',(106.25,40.657787405645,184.51566020168));
#2810 = CARTESIAN_POINT('',(106.25,40.269754616816,184.03249662855));
#2811 = CARTESIAN_POINT('',(106.25,39.883732923487,183.55063451273));
#2812 = CARTESIAN_POINT('',(106.25,39.499938902858,183.070241305));
#2813 = CARTESIAN_POINT('',(106.25,39.118638846883,182.59152940022));
#2814 = CARTESIAN_POINT('',(106.25,38.740161390977,182.1147647497));
#2815 = CARTESIAN_POINT('',(106.25,37.964290148463,181.13369826242));
#2816 = CARTESIAN_POINT('',(106.25,37.567410650547,180.62979369028));
#2817 = CARTESIAN_POINT('',(106.25,37.174717749128,180.12889355606));
#2818 = CARTESIAN_POINT('',(106.25,36.786854046714,179.63153330071));
#2819 = CARTESIAN_POINT('',(106.25,36.404713556354,179.13849381897));
#2820 = CARTESIAN_POINT('',(106.25,36.02947043394,178.65082302486));
#2821 = CARTESIAN_POINT('',(106.25,35.457013442581,177.90016364886));
#2822 = CARTESIAN_POINT('',(106.25,35.25396461579,177.63252644595));
#2823 = CARTESIAN_POINT('',(106.25,35.053930079203,177.3673372454));
#2824 = CARTESIAN_POINT('',(106.25,34.85728740251,177.10494434981));
#2825 = CARTESIAN_POINT('',(106.25,34.664510656852,176.84579755839));
#2826 = CARTESIAN_POINT('',(106.25,34.476190530486,176.59046516804));
#2827 = CARTESIAN_POINT('',(106.25,34.12577632651,176.11053993339));
#2828 = CARTESIAN_POINT('',(106.25,33.962873289011,175.88526735143));
#2829 = CARTESIAN_POINT('',(106.25,33.80488310601,175.66433515441));
#2830 = CARTESIAN_POINT('',(106.25,33.652531594754,175.44846475059));
#2831 = CARTESIAN_POINT('',(106.25,33.506751856649,175.23861362042));
#2832 = CARTESIAN_POINT('',(106.25,33.368704706364,175.0359942223));
#2833 = CARTESIAN_POINT('',(106.25,33.034146085302,174.53272272431));
#2834 = CARTESIAN_POINT('',(106.25,32.851026206059,174.24441739837));
#2835 = CARTESIAN_POINT('',(106.25,32.697210537877,173.98456817592));
#2836 = CARTESIAN_POINT('',(106.25,32.58218039754,173.76408064116));
#2837 = CARTESIAN_POINT('',(106.25,32.51662146172,173.59577636649));
#2838 = CARTESIAN_POINT('',(106.25,32.509730113009,173.49152386266));
#2839 = CARTESIAN_POINT('',(106.25,32.559419334962,173.45189803043));
#2840 = ORIENTED_EDGE('',*,*,#2841,.T.);
#2841 = EDGE_CURVE('',#2805,#2842,#2844,.T.);
#2842 = VERTEX_POINT('',#2843);
#2843 = CARTESIAN_POINT('',(106.25,-4.233153353569,184.87188571009));
#2844 = CIRCLE('',#2845,70.);
#2845 = AXIS2_PLACEMENT_3D('',#2846,#2847,#2848);
#2846 = CARTESIAN_POINT('',(106.25,0.,115.));
#2847 = DIRECTION('',(1.,0.,-2.22044604925E-16));
#2848 = DIRECTION('',(-2.22044604925E-16,0.,-1.));
#2849 = ORIENTED_EDGE('',*,*,#2850,.T.);
#2850 = EDGE_CURVE('',#2842,#2851,#2853,.T.);
#2851 = VERTEX_POINT('',#2852);
#2852 = CARTESIAN_POINT('',(106.25,-3.973695101816,181.79034299978));
#2853 = B_SPLINE_CURVE_WITH_KNOTS('',6,(#2854,#2855,#2856,#2857,#2858,
    #2859,#2860,#2861,#2862,#2863,#2864,#2865),.UNSPECIFIED.,.F.,.F.,(7,
    5,7),(0.,0.546350914089,1.),.UNSPECIFIED.);
#2854 = CARTESIAN_POINT('',(106.25,-4.256313865805,185.));
#2855 = CARTESIAN_POINT('',(106.25,-4.175401956516,184.55488184711));
#2856 = CARTESIAN_POINT('',(106.25,-4.100935758818,184.12529059275));
#2857 = CARTESIAN_POINT('',(106.25,-4.034038831958,183.71380376402));
#2858 = CARTESIAN_POINT('',(106.25,-3.976729620161,183.32641509965));
#2859 = CARTESIAN_POINT('',(106.25,-3.931950410015,182.97261621847));
#2860 = CARTESIAN_POINT('',(106.25,-3.879988233274,182.41028003485));
#2861 = CARTESIAN_POINT('',(106.25,-3.867684060096,182.18694612691));
#2862 = CARTESIAN_POINT('',(106.25,-3.869056183183,182.00450177371));
#2863 = CARTESIAN_POINT('',(106.25,-3.886583230632,181.87328564216));
#2864 = CARTESIAN_POINT('',(106.25,-3.921980770045,181.80214645854));
#2865 = CARTESIAN_POINT('',(106.25,-3.973695101816,181.79034299978));
#2866 = ORIENTED_EDGE('',*,*,#2867,.T.);
#2867 = EDGE_CURVE('',#2851,#2868,#2870,.T.);
#2868 = VERTEX_POINT('',#2869);
#2869 = CARTESIAN_POINT('',(106.25,-25.39906818041,176.90014140821));
#2870 = LINE('',#2871,#2872);
#2871 = CARTESIAN_POINT('',(106.25,3.837248690338,183.57313994917));
#2872 = VECTOR('',#2873,1.);
#2873 = DIRECTION('',(-4.940957286788E-17,-0.974927912182,
    -0.222520933956));
#2874 = ORIENTED_EDGE('',*,*,#2875,.F.);
#2875 = EDGE_CURVE('',#2876,#2868,#2878,.T.);
#2876 = VERTEX_POINT('',#2877);
#2877 = CARTESIAN_POINT('',(106.25,-26.50233564647,179.78909017174));
#2878 = B_SPLINE_CURVE_WITH_KNOTS('',7,(#2879,#2880,#2881,#2882,#2883,
    #2884,#2885,#2886,#2887,#2888,#2889,#2890,#2891,#2892,#2893,#2894,
    #2895,#2896,#2897,#2898,#2899,#2900,#2901,#2902,#2903,#2904),
  .UNSPECIFIED.,.F.,.F.,(8,6,6,6,8),(0.,0.254455197407,0.526725997924,
    0.768799424868,1.),.UNSPECIFIED.);
#2879 = CARTESIAN_POINT('',(106.25,-27.81852201322,185.));
#2880 = CARTESIAN_POINT('',(106.25,-27.72364806208,184.60057138124));
#2881 = CARTESIAN_POINT('',(106.25,-27.62868232785,184.20364946322));
#2882 = CARTESIAN_POINT('',(106.25,-27.53362879854,183.80948374319));
#2883 = CARTESIAN_POINT('',(106.25,-27.43849983846,183.41839757452));
#2884 = CARTESIAN_POINT('',(106.25,-27.34331609351,183.03079324679));
#2885 = CARTESIAN_POINT('',(106.25,-27.24810629112,182.64716814668));
#2886 = CARTESIAN_POINT('',(106.25,-27.0510422247,181.8625784529));
#2887 = CARTESIAN_POINT('',(106.25,-26.9492153762,181.46238353996));
#2888 = CARTESIAN_POINT('',(106.25,-26.84744510542,181.06820946372));
#2889 = CARTESIAN_POINT('',(106.25,-26.74580233935,180.68104253587));
#2890 = CARTESIAN_POINT('',(106.25,-26.64441210582,180.30224998515));
#2891 = CARTESIAN_POINT('',(106.25,-26.54345451794,179.93361336438));
#2892 = CARTESIAN_POINT('',(106.25,-26.3540119986,179.26095103459));
#2893 = CARTESIAN_POINT('',(106.25,-26.26546500208,178.95457599271));
#2894 = CARTESIAN_POINT('',(106.25,-26.17763135709,178.65982514863));
#2895 = CARTESIAN_POINT('',(106.25,-26.09079717907,178.37905525548));
#2896 = CARTESIAN_POINT('',(106.25,-26.00543348188,178.11555361537));
#2897 = CARTESIAN_POINT('',(106.25,-25.92219717154,177.87354488726));
#2898 = CARTESIAN_POINT('',(106.25,-25.76525389311,177.45232290362));
#2899 = CARTESIAN_POINT('',(106.25,-25.69117912614,177.27048786261));
#2900 = CARTESIAN_POINT('',(106.25,-25.6207199745,177.1178826741));
#2901 = CARTESIAN_POINT('',(106.25,-25.55509722526,177.00028340735));
#2902 = CARTESIAN_POINT('',(106.25,-25.49560980933,176.92314921587));
#2903 = CARTESIAN_POINT('',(106.25,-25.4433947505,176.89002415785));
#2904 = CARTESIAN_POINT('',(106.25,-25.39906818041,176.90014140821));
#2905 = ORIENTED_EDGE('',*,*,#2906,.T.);
#2906 = EDGE_CURVE('',#2876,#2907,#2909,.T.);
#2907 = VERTEX_POINT('',#2908);
#2908 = CARTESIAN_POINT('',(106.25,-57.26736793321,155.25479561495));
#2909 = CIRCLE('',#2910,70.);
#2910 = AXIS2_PLACEMENT_3D('',#2911,#2912,#2913);
#2911 = CARTESIAN_POINT('',(106.25,0.,115.));
#2912 = DIRECTION('',(1.,0.,-2.22044604925E-16));
#2913 = DIRECTION('',(-2.22044604925E-16,0.,-1.));
#2914 = ORIENTED_EDGE('',*,*,#2915,.T.);
#2915 = EDGE_CURVE('',#2907,#2916,#2918,.T.);
#2916 = VERTEX_POINT('',#2917);
#2917 = CARTESIAN_POINT('',(106.25,-54.69635125374,153.53633779068));
#2918 = B_SPLINE_CURVE_WITH_KNOTS('',7,(#2919,#2920,#2921,#2922,#2923,
    #2924,#2925,#2926,#2927,#2928,#2929,#2930,#2931,#2932,#2933,#2934,
    #2935,#2936,#2937,#2938,#2939,#2940,#2941,#2942,#2943,#2944,#2945,
    #2946,#2947,#2948,#2949,#2950,#2951,#2952,#2953,#2954,#2955,#2956),
  .UNSPECIFIED.,.F.,.F.,(8,6,6,6,6,6,8),(0.,0.242439669756,
    0.498605761485,0.638261506869,0.771527331608,0.879093325361,1.),
  .UNSPECIFIED.);
#2919 = CARTESIAN_POINT('',(106.25,-70.,161.51041978957));
#2920 = CARTESIAN_POINT('',(106.25,-69.34389594279,161.20128750645));
#2921 = CARTESIAN_POINT('',(106.25,-68.68988272554,160.89234693449));
#2922 = CARTESIAN_POINT('',(106.25,-68.03815952733,160.58363025119));
#2923 = CARTESIAN_POINT('',(106.25,-67.38898180869,160.2751859188));
#2924 = CARTESIAN_POINT('',(106.25,-66.74266606038,159.96707923931));
#2925 = CARTESIAN_POINT('',(106.25,-66.09960445264,159.65939417946));
#2926 = CARTESIAN_POINT('',(106.25,-64.78477764812,159.02768813099));
#2927 = CARTESIAN_POINT('',(106.25,-64.11352991623,158.70376757135));
#2928 = CARTESIAN_POINT('',(106.25,-63.44704424534,158.38055987443));
#2929 = CARTESIAN_POINT('',(106.25,-62.78606846156,158.05823683914));
#2930 = CARTESIAN_POINT('',(106.25,-62.13165468258,157.73706733141));
#2931 = CARTESIAN_POINT('',(106.25,-61.48519397665,157.41742330367));
#2932 = CARTESIAN_POINT('',(106.25,-60.50164107147,156.92667809277));
#2933 = CARTESIAN_POINT('',(106.25,-60.15760869337,156.75415810553));
#2934 = CARTESIAN_POINT('',(106.25,-59.81687767132,156.58234579476));
#2935 = CARTESIAN_POINT('',(106.25,-59.47986182691,156.41135914691));
#2936 = CARTESIAN_POINT('',(106.25,-59.14708289071,156.24135488806));
#2937 = CARTESIAN_POINT('',(106.25,-58.81919372265,156.07253394734));
#2938 = CARTESIAN_POINT('',(106.25,-58.18958483032,155.74542668282));
#2939 = CARTESIAN_POINT('',(106.25,-57.88743895394,155.58705580096));
#2940 = CARTESIAN_POINT('',(106.25,-57.59121992342,155.43022047719));
#2941 = CARTESIAN_POINT('',(106.25,-57.30185574554,155.27522177812));
#2942 = CARTESIAN_POINT('',(106.25,-57.02059400454,155.1224885367));
#2943 = CARTESIAN_POINT('',(106.25,-56.74902785385,154.97258465585));
#2944 = CARTESIAN_POINT('',(106.25,-56.27952241101,154.70812741296));
#2945 = CARTESIAN_POINT('',(106.25,-56.07758665777,154.59238966435));
#2946 = CARTESIAN_POINT('',(106.25,-55.8844424624,154.4793875887));
#2947 = CARTESIAN_POINT('',(106.25,-55.70151376899,154.36965973238));
#2948 = CARTESIAN_POINT('',(106.25,-55.53062068188,154.26392753968));
#2949 = CARTESIAN_POINT('',(106.25,-55.37392886752,154.16307855598));
#2950 = CARTESIAN_POINT('',(106.25,-55.07639903188,153.96141241467));
#2951 = CARTESIAN_POINT('',(106.25,-54.93972899635,153.86200944457));
#2952 = CARTESIAN_POINT('',(106.25,-54.82780593874,153.7717080323));
#2953 = CARTESIAN_POINT('',(106.25,-54.74472587622,153.69243750286));
#2954 = CARTESIAN_POINT('',(106.25,-54.69415064927,153.62605096073));
#2955 = CARTESIAN_POINT('',(106.25,-54.67825755867,153.57390973563));
#2956 = CARTESIAN_POINT('',(106.25,-54.69635125374,153.53633779068));
#2957 = ORIENTED_EDGE('',*,*,#2958,.T.);
#2958 = EDGE_CURVE('',#2916,#2959,#2961,.T.);
#2959 = VERTEX_POINT('',#2960);
#2960 = CARTESIAN_POINT('',(106.25,-64.23153930937,133.73631577283));
#2961 = LINE('',#2962,#2963);
#2962 = CARTESIAN_POINT('',(106.25,-51.22015423832,160.7547352719));
#2963 = VECTOR('',#2964,1.);
#2964 = DIRECTION('',(-2.000552763231E-16,-0.433883739118,
    -0.900968867902));
#2965 = ORIENTED_EDGE('',*,*,#2966,.F.);
#2966 = EDGE_CURVE('',#2967,#2959,#2969,.T.);
#2967 = VERTEX_POINT('',#2968);
#2968 = CARTESIAN_POINT('',(106.25,-67.17808641773,134.67497662644));
#2969 = B_SPLINE_CURVE_WITH_KNOTS('',6,(#2970,#2971,#2972,#2973,#2974,
    #2975,#2976,#2977,#2978,#2979,#2980,#2981,#2982,#2983,#2984,#2985,
    #2986,#2987,#2988,#2989,#2990,#2991),.UNSPECIFIED.,.F.,.F.,(7,5,5,5,
    7),(0.,0.288845814999,0.566274367152,0.756419158127,1.),
  .UNSPECIFIED.);
#2970 = CARTESIAN_POINT('',(106.25,-70.,135.93050452852));
#2971 = CARTESIAN_POINT('',(106.25,-69.62180579158,135.75697269493));
#2972 = CARTESIAN_POINT('',(106.25,-69.24722977909,135.58634748842));
#2973 = CARTESIAN_POINT('',(106.25,-68.8767742154,135.41899749169));
#2974 = CARTESIAN_POINT('',(106.25,-68.51118806926,135.25543792606));
#2975 = CARTESIAN_POINT('',(106.25,-68.15148446348,135.09634422506));
#2976 = CARTESIAN_POINT('',(106.25,-67.46057523626,134.79502448811));
#2977 = CARTESIAN_POINT('',(106.25,-67.12894207236,134.65244015686));
#2978 = CARTESIAN_POINT('',(106.25,-66.80524809346,134.51564542601));
#2979 = CARTESIAN_POINT('',(106.25,-66.49132820424,134.38580235677));
#2980 = CARTESIAN_POINT('',(106.25,-66.18978471408,134.26449462259));
#2981 = CARTESIAN_POINT('',(106.25,-65.70853559254,134.07810622074));
#2982 = CARTESIAN_POINT('',(106.25,-65.52042328336,134.00737315662));
#2983 = CARTESIAN_POINT('',(106.25,-65.34106633848,133.94240206514));
#2984 = CARTESIAN_POINT('',(106.25,-65.17206057954,133.88410183009));
#2985 = CARTESIAN_POINT('',(106.25,-65.01540370729,133.83357122486));
#2986 = CARTESIAN_POINT('',(106.25,-64.69122753004,133.73866707373));
#2987 = CARTESIAN_POINT('',(106.25,-64.5327844221,133.69994334566));
#2988 = CARTESIAN_POINT('',(106.25,-64.40324321517,133.67845894238));
#2989 = CARTESIAN_POINT('',(106.25,-64.30793281158,133.6767409725));
#2990 = CARTESIAN_POINT('',(106.25,-64.25078275069,133.69635635518));
#2991 = CARTESIAN_POINT('',(106.25,-64.23153930937,133.73631577283));
#2992 = ORIENTED_EDGE('',*,*,#2993,.T.);
#2993 = EDGE_CURVE('',#2967,#2994,#2996,.T.);
#2994 = VERTEX_POINT('',#2995);
#2995 = CARTESIAN_POINT('',(106.25,-67.17808641773,95.32502337356));
#2996 = CIRCLE('',#2997,70.);
#2997 = AXIS2_PLACEMENT_3D('',#2998,#2999,#3000);
#2998 = CARTESIAN_POINT('',(106.25,0.,115.));
#2999 = DIRECTION('',(1.,0.,-2.22044604925E-16));
#3000 = DIRECTION('',(-2.22044604925E-16,0.,-1.));
#3001 = ORIENTED_EDGE('',*,*,#3002,.T.);
#3002 = EDGE_CURVE('',#2994,#3003,#3005,.T.);
#3003 = VERTEX_POINT('',#3004);
#3004 = CARTESIAN_POINT('',(106.25,-64.23153930937,96.263684227165));
#3005 = B_SPLINE_CURVE_WITH_KNOTS('',6,(#3006,#3007,#3008,#3009,#3010,
    #3011,#3012,#3013,#3014,#3015,#3016,#3017,#3018,#3019,#3020,#3021,
    #3022,#3023,#3024,#3025,#3026,#3027),.UNSPECIFIED.,.F.,.F.,(7,5,5,5,
    7),(0.,0.288845814999,0.566274367154,0.756419158129,1.),
  .UNSPECIFIED.);
#3006 = CARTESIAN_POINT('',(106.25,-70.,94.069495471472));
#3007 = CARTESIAN_POINT('',(106.25,-69.62180579158,94.243027305066));
#3008 = CARTESIAN_POINT('',(106.25,-69.24722977909,94.413652511571));
#3009 = CARTESIAN_POINT('',(106.25,-68.8767742154,94.581002508309));
#3010 = CARTESIAN_POINT('',(106.25,-68.51118806926,94.744562073936));
#3011 = CARTESIAN_POINT('',(106.25,-68.15148446348,94.903655774939));
#3012 = CARTESIAN_POINT('',(106.25,-67.46057523626,95.204975511886));
#3013 = CARTESIAN_POINT('',(106.25,-67.12894207236,95.34755984314));
#3014 = CARTESIAN_POINT('',(106.25,-66.80524809347,95.484354573986));
#3015 = CARTESIAN_POINT('',(106.25,-66.49132820424,95.614197643224));
#3016 = CARTESIAN_POINT('',(106.25,-66.18978471408,95.735505377402));
#3017 = CARTESIAN_POINT('',(106.25,-65.70853559254,95.921893779258));
#3018 = CARTESIAN_POINT('',(106.25,-65.52042328335,95.99262684338));
#3019 = CARTESIAN_POINT('',(106.25,-65.34106633848,96.057597934858));
#3020 = CARTESIAN_POINT('',(106.25,-65.17206057953,96.115898169905));
#3021 = CARTESIAN_POINT('',(106.25,-65.01540370729,96.166428775138));
#3022 = CARTESIAN_POINT('',(106.25,-64.69122753004,96.261332926268));
#3023 = CARTESIAN_POINT('',(106.25,-64.53278442209,96.30005665434));
#3024 = CARTESIAN_POINT('',(106.25,-64.40324321518,96.321541057612));
#3025 = CARTESIAN_POINT('',(106.25,-64.30793281157,96.323259027502));
#3026 = CARTESIAN_POINT('',(106.25,-64.25078275069,96.303643644812));
#3027 = CARTESIAN_POINT('',(106.25,-64.23153930937,96.263684227166));
#3028 = ORIENTED_EDGE('',*,*,#3029,.T.);
#3029 = EDGE_CURVE('',#3003,#2415,#3030,.T.);
#3030 = LINE('',#3031,#3032);
#3031 = CARTESIAN_POINT('',(106.25,-67.70773632479,103.48208170838));
#3032 = VECTOR('',#3033,1.);
#3033 = DIRECTION('',(-2.000552763231E-16,0.433883739118,-0.900968867902
    ));
#3034 = ORIENTED_EDGE('',*,*,#2438,.F.);
#3035 = ORIENTED_EDGE('',*,*,#499,.T.);
#3036 = ORIENTED_EDGE('',*,*,#3037,.T.);
#3037 = EDGE_CURVE('',#381,#3038,#3040,.T.);
#3038 = VERTEX_POINT('',#3039);
#3039 = CARTESIAN_POINT('',(106.25,-25.39906818041,53.099858591782));
#3040 = B_SPLINE_CURVE_WITH_KNOTS('',7,(#3041,#3042,#3043,#3044,#3045,
    #3046,#3047,#3048,#3049,#3050,#3051,#3052,#3053,#3054,#3055,#3056,
    #3057,#3058,#3059,#3060,#3061,#3062,#3063,#3064,#3065,#3066),
  .UNSPECIFIED.,.F.,.F.,(8,6,6,6,8),(0.,0.254455197407,0.526725997923,
    0.768799424867,1.),.UNSPECIFIED.);
#3041 = CARTESIAN_POINT('',(106.25,-27.81852201322,45.));
#3042 = CARTESIAN_POINT('',(106.25,-27.72364806208,45.399428618755));
#3043 = CARTESIAN_POINT('',(106.25,-27.62868232785,45.796350536775));
#3044 = CARTESIAN_POINT('',(106.25,-27.53362879854,46.19051625681));
#3045 = CARTESIAN_POINT('',(106.25,-27.43849983846,46.581602425472));
#3046 = CARTESIAN_POINT('',(106.25,-27.34331609351,46.969206753204));
#3047 = CARTESIAN_POINT('',(106.25,-27.24810629112,47.352831853321));
#3048 = CARTESIAN_POINT('',(106.25,-27.0510422247,48.137421547099));
#3049 = CARTESIAN_POINT('',(106.25,-26.9492153762,48.537616460042));
#3050 = CARTESIAN_POINT('',(106.25,-26.84744510542,48.931790536272));
#3051 = CARTESIAN_POINT('',(106.25,-26.74580233935,49.318957464126));
#3052 = CARTESIAN_POINT('',(106.25,-26.64441210582,49.697750014839));
#3053 = CARTESIAN_POINT('',(106.25,-26.54345451794,50.06638663562));
#3054 = CARTESIAN_POINT('',(106.25,-26.3540119986,50.739048965401));
#3055 = CARTESIAN_POINT('',(106.25,-26.26546500208,51.045424007282));
#3056 = CARTESIAN_POINT('',(106.25,-26.17763135709,51.340174851381));
#3057 = CARTESIAN_POINT('',(106.25,-26.09079717908,51.620944744489));
#3058 = CARTESIAN_POINT('',(106.25,-26.00543348188,51.884446384637));
#3059 = CARTESIAN_POINT('',(106.25,-25.92219717154,52.126455112734));
#3060 = CARTESIAN_POINT('',(106.25,-25.76525389311,52.547677096378));
#3061 = CARTESIAN_POINT('',(106.25,-25.69117912614,52.729512137385));
#3062 = CARTESIAN_POINT('',(106.25,-25.6207199745,52.882117325899));
#3063 = CARTESIAN_POINT('',(106.25,-25.55509722526,52.999716592645));
#3064 = CARTESIAN_POINT('',(106.25,-25.49560980933,53.076850784129));
#3065 = CARTESIAN_POINT('',(106.25,-25.4433947505,53.109975842147));
#3066 = CARTESIAN_POINT('',(106.25,-25.39906818041,53.099858591782));
#3067 = ORIENTED_EDGE('',*,*,#3068,.T.);
#3068 = EDGE_CURVE('',#3038,#3069,#3071,.T.);
#3069 = VERTEX_POINT('',#3070);
#3070 = CARTESIAN_POINT('',(106.25,-3.973695101816,48.209657000217));
#3071 = LINE('',#3072,#3073);
#3072 = CARTESIAN_POINT('',(106.25,-33.21001197257,54.88265554117));
#3073 = VECTOR('',#3074,1.);
#3074 = DIRECTION('',(-4.940957286788E-17,0.974927912182,-0.222520933956
    ));
#3075 = ORIENTED_EDGE('',*,*,#3076,.F.);
#3076 = EDGE_CURVE('',#2566,#3069,#3077,.T.);
#3077 = B_SPLINE_CURVE_WITH_KNOTS('',6,(#3078,#3079,#3080,#3081,#3082,
    #3083,#3084,#3085,#3086,#3087,#3088,#3089),.UNSPECIFIED.,.F.,.F.,(7,
    5,7),(0.,0.546350914089,1.),.UNSPECIFIED.);
#3078 = CARTESIAN_POINT('',(106.25,-4.256313865805,45.));
#3079 = CARTESIAN_POINT('',(106.25,-4.175401956517,45.445118152891));
#3080 = CARTESIAN_POINT('',(106.25,-4.100935758817,45.87470940725));
#3081 = CARTESIAN_POINT('',(106.25,-4.03403883196,46.286196235968));
#3082 = CARTESIAN_POINT('',(106.25,-3.97672962016,46.673584900345));
#3083 = CARTESIAN_POINT('',(106.25,-3.931950410015,47.027383781524));
#3084 = CARTESIAN_POINT('',(106.25,-3.879988233274,47.589719965142));
#3085 = CARTESIAN_POINT('',(106.25,-3.867684060098,47.813053873074));
#3086 = CARTESIAN_POINT('',(106.25,-3.86905618318,47.995498226298));
#3087 = CARTESIAN_POINT('',(106.25,-3.886583230634,48.126714357825));
#3088 = CARTESIAN_POINT('',(106.25,-3.921980770045,48.197853541459));
#3089 = CARTESIAN_POINT('',(106.25,-3.973695101815,48.209657000218));
#3090 = FACE_BOUND('',#3091,.F.);
#3091 = EDGE_LOOP('',(#3092));
#3092 = ORIENTED_EDGE('',*,*,#3093,.F.);
#3093 = EDGE_CURVE('',#3094,#3094,#3096,.T.);
#3094 = VERTEX_POINT('',#3095);
#3095 = CARTESIAN_POINT('',(106.25,-45.30495168499,140.41597412837));
#3096 = CIRCLE('',#3097,7.5);
#3097 = AXIS2_PLACEMENT_3D('',#3098,#3099,#3100);
#3098 = CARTESIAN_POINT('',(106.25,-45.30495168499,147.91597412837));
#3099 = DIRECTION('',(1.,0.,-2.22044604925E-16));
#3100 = DIRECTION('',(-2.22044604925E-16,0.,-1.));
#3101 = FACE_BOUND('',#3102,.F.);
#3102 = EDGE_LOOP('',(#3103));
#3103 = ORIENTED_EDGE('',*,*,#3104,.F.);
#3104 = EDGE_CURVE('',#3105,#3105,#3107,.T.);
#3105 = VERTEX_POINT('',#3106);
#3106 = CARTESIAN_POINT('',(106.25,-6.992733223131E-15,86.45));
#3107 = CIRCLE('',#3108,28.55);
#3108 = AXIS2_PLACEMENT_3D('',#3109,#3110,#3111);
#3109 = CARTESIAN_POINT('',(106.25,0.,115.));
#3110 = DIRECTION('',(1.,0.,-2.22044604925E-16));
#3111 = DIRECTION('',(-2.22044604925E-16,0.,-1.));
#3112 = FACE_BOUND('',#3113,.F.);
#3113 = EDGE_LOOP('',(#3114));
#3114 = ORIENTED_EDGE('',*,*,#3115,.F.);
#3115 = EDGE_CURVE('',#3116,#3116,#3118,.T.);
#3116 = VERTEX_POINT('',#3117);
#3117 = CARTESIAN_POINT('',(106.25,-45.30495168499,74.584025871622));
#3118 = CIRCLE('',#3119,7.5);
#3119 = AXIS2_PLACEMENT_3D('',#3120,#3121,#3122);
#3120 = CARTESIAN_POINT('',(106.25,-45.30495168499,82.084025871622));
#3121 = DIRECTION('',(1.,0.,-2.22044604925E-16));
#3122 = DIRECTION('',(-2.22044604925E-16,0.,-1.));
#3123 = FACE_BOUND('',#3124,.F.);
#3124 = EDGE_LOOP('',(#3125));
#3125 = ORIENTED_EDGE('',*,*,#3126,.F.);
#3126 = EDGE_CURVE('',#3127,#3127,#3129,.T.);
#3127 = VERTEX_POINT('',#3128);
#3128 = CARTESIAN_POINT('',(106.25,17.304951684997,160.75916491252));
#3129 = CIRCLE('',#3130,7.5);
#3130 = AXIS2_PLACEMENT_3D('',#3131,#3132,#3133);
#3131 = CARTESIAN_POINT('',(106.25,17.304951684997,168.25916491252));
#3132 = DIRECTION('',(1.,0.,-2.22044604925E-16));
#3133 = DIRECTION('',(-2.22044604925E-16,0.,-1.));
#3134 = FACE_BOUND('',#3135,.F.);
#3135 = EDGE_LOOP('',(#3136));
#3136 = ORIENTED_EDGE('',*,*,#3137,.F.);
#3137 = EDGE_CURVE('',#3138,#3138,#3140,.T.);
#3138 = VERTEX_POINT('',#3139);
#3139 = CARTESIAN_POINT('',(106.25,56.,107.5));
#3140 = CIRCLE('',#3141,7.5);
#3141 = AXIS2_PLACEMENT_3D('',#3142,#3143,#3144);
#3142 = CARTESIAN_POINT('',(106.25,56.,115.));
#3143 = DIRECTION('',(1.,0.,-2.22044604925E-16));
#3144 = DIRECTION('',(-2.22044604925E-16,0.,-1.));
#3145 = FACE_BOUND('',#3146,.F.);
#3146 = EDGE_LOOP('',(#3147));
#3147 = ORIENTED_EDGE('',*,*,#3148,.F.);
#3148 = EDGE_CURVE('',#3149,#3149,#3151,.T.);
#3149 = VERTEX_POINT('',#3150);
#3150 = CARTESIAN_POINT('',(106.25,17.304951684997,54.240835087471));
#3151 = CIRCLE('',#3152,7.5);
#3152 = AXIS2_PLACEMENT_3D('',#3153,#3154,#3155);
#3153 = CARTESIAN_POINT('',(106.25,17.304951684997,61.740835087471));
#3154 = DIRECTION('',(1.,0.,-2.22044604925E-16));
#3155 = DIRECTION('',(-2.22044604925E-16,0.,-1.));
#3156 = PLANE('',#3157);
#3157 = AXIS2_PLACEMENT_3D('',#3158,#3159,#3160);
#3158 = CARTESIAN_POINT('',(106.25,0.,115.));
#3159 = DIRECTION('',(1.,0.,-2.22044604925E-16));
#3160 = DIRECTION('',(-2.22044604925E-16,0.,-1.));
#3161 = ADVANCED_FACE('',(#3162),#3218,.F.);
#3162 = FACE_BOUND('',#3163,.F.);
#3163 = EDGE_LOOP('',(#3164,#3186,#3187,#3188,#3189));
#3164 = ORIENTED_EDGE('',*,*,#3165,.F.);
#3165 = EDGE_CURVE('',#3038,#3166,#3168,.T.);
#3166 = VERTEX_POINT('',#3167);
#3167 = CARTESIAN_POINT('',(105.25,-51.06262915276,-90.79726312445));
#3168 = B_SPLINE_CURVE_WITH_KNOTS('',6,(#3169,#3170,#3171,#3172,#3173,
    #3174,#3175,#3176,#3177,#3178,#3179,#3180,#3181,#3182,#3183,#3184,
    #3185),.UNSPECIFIED.,.F.,.F.,(7,5,5,7),(-9.000422918949,
    -5.474960499469E-02,146.55481105679,155.50048437074),.UNSPECIFIED.);
#3169 = CARTESIAN_POINT('',(106.31419941632,-23.75148254525,
    62.337969816343));
#3170 = CARTESIAN_POINT('',(106.30399941632,-24.01325086717,
    60.870219174837));
#3171 = CARTESIAN_POINT('',(106.29379941632,-24.27501918909,
    59.402468533332));
#3172 = CARTESIAN_POINT('',(106.28359941632,-24.53678751101,
    57.934717891826));
#3173 = CARTESIAN_POINT('',(106.27339941632,-24.79855583292,
    56.46696725032));
#3174 = CARTESIAN_POINT('',(106.26319941632,-25.06032415484,
    54.999216608815));
#3175 = CARTESIAN_POINT('',(106.08583284693,-29.61218192276,
    29.476677785348));
#3176 = CARTESIAN_POINT('',(105.91866627754,-33.90227136876,
    5.421889603387));
#3177 = CARTESIAN_POINT('',(105.75149970816,-38.19236081476,
    -18.63289857857));
#3178 = CARTESIAN_POINT('',(105.58433313877,-42.48245026076,
    -42.68768676053));
#3179 = CARTESIAN_POINT('',(105.41716656938,-46.77253970676,
    -66.74247494249));
#3180 = CARTESIAN_POINT('',(105.2398,-51.32439747468,-92.26501376596));
#3181 = CARTESIAN_POINT('',(105.2296,-51.5861657966,-93.73276440747));
#3182 = CARTESIAN_POINT('',(105.2194,-51.84793411852,-95.20051504897));
#3183 = CARTESIAN_POINT('',(105.2092,-52.10970244043,-96.66826569048));
#3184 = CARTESIAN_POINT('',(105.199,-52.37147076235,-98.13601633198));
#3185 = CARTESIAN_POINT('',(105.1888,-52.63323908427,-99.60376697349));
#3186 = ORIENTED_EDGE('',*,*,#3037,.F.);
#3187 = ORIENTED_EDGE('',*,*,#380,.F.);
#3188 = ORIENTED_EDGE('',*,*,#2378,.T.);
#3189 = ORIENTED_EDGE('',*,*,#3190,.F.);
#3190 = EDGE_CURVE('',#3166,#2379,#3191,.T.);
#3191 = B_SPLINE_CURVE_WITH_KNOTS('',7,(#3192,#3193,#3194,#3195,#3196,
    #3197,#3198,#3199,#3200,#3201,#3202,#3203,#3204,#3205,#3206,#3207,
    #3208,#3209,#3210,#3211,#3212,#3213,#3214,#3215,#3216,#3217),
  .UNSPECIFIED.,.F.,.F.,(8,6,6,6,8),(0.,0.249928743901,0.500002573608,
    0.75007469467,1.),.UNSPECIFIED.);
#3192 = CARTESIAN_POINT('',(105.25,-51.06262915276,-90.79726312445));
#3193 = CARTESIAN_POINT('',(105.25,-51.45723846186,-90.70719612472));
#3194 = CARTESIAN_POINT('',(105.27383819558,-51.86143801324,
    -90.61494021476));
#3195 = CARTESIAN_POINT('',(105.32359432234,-52.27317755356,
    -90.52096335154));
#3196 = CARTESIAN_POINT('',(105.40114205148,-52.68990165942,
    -90.42584879376));
#3197 = CARTESIAN_POINT('',(105.50793494098,-53.10854392979,
    -90.33029642744));
#3198 = CARTESIAN_POINT('',(105.64482565966,-53.5256393923,
    -90.23509710992));
#3199 = CARTESIAN_POINT('',(105.9791083073,-54.34970997475,
    -90.04700837704));
#3200 = CARTESIAN_POINT('',(106.17653673397,-54.75668038402,
    -89.95412003686));
#3201 = CARTESIAN_POINT('',(106.40431197659,-55.15482551404,
    -89.86324600907));
#3202 = CARTESIAN_POINT('',(106.66181077775,-55.54033815516,
    -89.77525526444));
#3203 = CARTESIAN_POINT('',(106.94756177427,-55.90946575594,
    -89.69100429834));
#3204 = CARTESIAN_POINT('',(107.25928974598,-56.25883401684,
    -89.61126327263));
#3205 = CARTESIAN_POINT('',(107.9289651319,-56.9124538815,
    -89.46207880379));
#3206 = CARTESIAN_POINT('',(108.28691352627,-57.21670705833,
    -89.39263500162));
#3207 = CARTESIAN_POINT('',(108.66510742329,-57.49560703803,
    -89.32897790124));
#3208 = CARTESIAN_POINT('',(109.06008979759,-57.7469328691,
    -89.27161442036));
#3209 = CARTESIAN_POINT('',(109.46801591372,-57.96924812519,
    -89.2208724139));
#3210 = CARTESIAN_POINT('',(109.88498488426,-58.16194420306,
    -89.17689079158));
#3211 = CARTESIAN_POINT('',(110.72929958832,-58.48821303297,
    -89.10242206026));
#3212 = CARTESIAN_POINT('',(111.15664044095,-58.62182182415,
    -89.07192672555));
#3213 = CARTESIAN_POINT('',(111.58556643202,-58.72605446247,
    -89.04813630604));
#3214 = CARTESIAN_POINT('',(112.01252727248,-58.80174305816,
    -89.03086087799));
#3215 = CARTESIAN_POINT('',(112.43438105457,-58.85030629117,
    -89.01977663695));
#3216 = CARTESIAN_POINT('',(112.84850945183,-58.87357294492,
    -89.01446617507));
#3217 = CARTESIAN_POINT('',(113.25281177045,-58.87357294492,
    -89.01446617507));
#3218 = ( BOUNDED_SURFACE() B_SPLINE_SURFACE(2,6,(
    (#3219,#3220,#3221,#3222,#3223,#3224,#3225,#3226,#3227,#3228,#3229
      ,#3230,#3231,#3232,#3233,#3234,#3235)
    ,(#3236,#3237,#3238,#3239,#3240,#3241,#3242,#3243,#3244,#3245,#3246
      ,#3247,#3248,#3249,#3250,#3251,#3252)
    ,(#3253,#3254,#3255,#3256,#3257,#3258,#3259,#3260,#3261,#3262,#3263
      ,#3264,#3265,#3266,#3267,#3268,#3269
)),.UNSPECIFIED.,.F.,.F.,.F.) B_SPLINE_SURFACE_WITH_KNOTS((3,3),(7,5,5,7
    ),(0.,146.60956066178),(-9.000422918949,-5.474960499469E-02,
    146.55481105679,155.50048437074),.UNSPECIFIED.) 
GEOMETRIC_REPRESENTATION_ITEM() RATIONAL_B_SPLINE_SURFACE((
    (1.,1.,1.,1.,1.,1.,1.,1.,1.,1.,1.,1.,1.,1.,1.,1.,1.)
    ,(0.706990803572,0.706990803572,0.706990803572,0.706990803572
      ,0.706990803572,0.706990803572,0.706990803572,0.706990803572
      ,0.706990803572,0.706990803572,0.706990803572,0.706990803572
      ,0.706990803572,0.706990803572,0.706990803572,0.706990803572
      ,0.706990803572)
    ,(1.,1.,1.,1.,1.,1.,1.,1.,1.,1.,1.,1.,1.,1.,1.,1.,1.
))) REPRESENTATION_ITEM('') SURFACE() );
#3219 = CARTESIAN_POINT('',(106.31419941632,-23.75148254525,
    62.337969816343));
#3220 = CARTESIAN_POINT('',(106.30399941632,-24.01325086717,
    60.870219174837));
#3221 = CARTESIAN_POINT('',(106.29379941632,-24.27501918909,
    59.402468533332));
#3222 = CARTESIAN_POINT('',(106.28359941632,-24.53678751101,
    57.934717891826));
#3223 = CARTESIAN_POINT('',(106.27339941632,-24.79855583292,
    56.46696725032));
#3224 = CARTESIAN_POINT('',(106.26319941632,-25.06032415484,
    54.999216608815));
#3225 = CARTESIAN_POINT('',(106.08583284693,-29.61218192276,
    29.476677785348));
#3226 = CARTESIAN_POINT('',(105.91866627754,-33.90227136876,
    5.421889603387));
#3227 = CARTESIAN_POINT('',(105.75149970816,-38.19236081476,
    -18.63289857857));
#3228 = CARTESIAN_POINT('',(105.58433313877,-42.48245026076,
    -42.68768676053));
#3229 = CARTESIAN_POINT('',(105.41716656938,-46.77253970676,
    -66.74247494249));
#3230 = CARTESIAN_POINT('',(105.2398,-51.32439747468,-92.26501376596));
#3231 = CARTESIAN_POINT('',(105.2296,-51.5861657966,-93.73276440747));
#3232 = CARTESIAN_POINT('',(105.2194,-51.84793411852,-95.20051504897));
#3233 = CARTESIAN_POINT('',(105.2092,-52.10970244043,-96.66826569048));
#3234 = CARTESIAN_POINT('',(105.199,-52.37147076235,-98.13601633198));
#3235 = CARTESIAN_POINT('',(105.1888,-52.63323908427,-99.60376697349));
#3236 = CARTESIAN_POINT('',(106.31157455825,-31.62978954233,
    63.743057245647));
#3237 = CARTESIAN_POINT('',(106.30137455825,-31.89155786425,
    62.275306604141));
#3238 = CARTESIAN_POINT('',(106.29117455825,-32.15332618617,
    60.807555962636));
#3239 = CARTESIAN_POINT('',(106.28097455825,-32.41509450809,
    59.33980532113));
#3240 = CARTESIAN_POINT('',(106.27077455825,-32.67686283,57.872054679624
    ));
#3241 = CARTESIAN_POINT('',(106.26057455825,-32.93863115192,
    56.404304038119));
#3242 = CARTESIAN_POINT('',(106.08320798887,-37.49048891984,
    30.881765214652));
#3243 = CARTESIAN_POINT('',(105.91604141948,-41.78057836584,
    6.826977032691));
#3244 = CARTESIAN_POINT('',(105.74887485009,-46.07066781184,
    -17.22781114927));
#3245 = CARTESIAN_POINT('',(105.58170828071,-50.36075725784,
    -41.28259933123));
#3246 = CARTESIAN_POINT('',(105.41454171132,-54.65084670384,
    -65.33738751319));
#3247 = CARTESIAN_POINT('',(105.23717514193,-59.20270447176,
    -90.85992633666));
#3248 = CARTESIAN_POINT('',(105.22697514193,-59.46447279368,
    -92.32767697816));
#3249 = CARTESIAN_POINT('',(105.21677514193,-59.7262411156,
    -93.79542761967));
#3250 = CARTESIAN_POINT('',(105.20657514193,-59.98800943751,
    -95.26317826117));
#3251 = CARTESIAN_POINT('',(105.19637514193,-60.24977775943,
    -96.73092890268));
#3252 = CARTESIAN_POINT('',(105.18617514193,-60.51154608135,
    -98.19867954418));
#3253 = CARTESIAN_POINT('',(114.31401177045,-31.63940204106,
    63.689159390204));
#3254 = CARTESIAN_POINT('',(114.30381177045,-31.90117036298,
    62.221408748698));
#3255 = CARTESIAN_POINT('',(114.29361177045,-32.1629386849,
    60.753658107192));
#3256 = CARTESIAN_POINT('',(114.28341177045,-32.42470700681,
    59.285907465687));
#3257 = CARTESIAN_POINT('',(114.27321177045,-32.68647532873,
    57.818156824181));
#3258 = CARTESIAN_POINT('',(114.26301177045,-32.94824365065,
    56.350406182675));
#3259 = CARTESIAN_POINT('',(114.08564520106,-37.50010141857,
    30.827867359208));
#3260 = CARTESIAN_POINT('',(113.91847863168,-41.79019086457,
    6.773079177248));
#3261 = CARTESIAN_POINT('',(113.75131206229,-46.08028031057,
    -17.28170900471));
#3262 = CARTESIAN_POINT('',(113.5841454929,-50.37036975657,
    -41.33649718667));
#3263 = CARTESIAN_POINT('',(113.41697892352,-54.66045920257,
    -65.39128536863));
#3264 = CARTESIAN_POINT('',(113.23961235413,-59.21231697049,
    -90.9138241921));
#3265 = CARTESIAN_POINT('',(113.22941235413,-59.47408529241,
    -92.3815748336));
#3266 = CARTESIAN_POINT('',(113.21921235413,-59.73585361432,
    -93.84932547511));
#3267 = CARTESIAN_POINT('',(113.20901235413,-59.99762193624,
    -95.31707611662));
#3268 = CARTESIAN_POINT('',(113.19881235413,-60.25939025816,
    -96.78482675812));
#3269 = CARTESIAN_POINT('',(113.18861235413,-60.52115858008,
    -98.25257739963));
#3270 = ADVANCED_FACE('',(#3271),#3360,.F.);
#3271 = FACE_BOUND('',#3272,.F.);
#3272 = EDGE_LOOP('',(#3273,#3281,#3312,#3320,#3351,#3357,#3358,#3359));
#3273 = ORIENTED_EDGE('',*,*,#3274,.F.);
#3274 = EDGE_CURVE('',#3275,#2417,#3277,.T.);
#3275 = VERTEX_POINT('',#3276);
#3276 = CARTESIAN_POINT('',(105.25,-192.7358078493,26.609876240685));
#3277 = LINE('',#3278,#3279);
#3278 = CARTESIAN_POINT('',(105.25,-196.2120048647,33.828273721907));
#3279 = VECTOR('',#3280,1.);
#3280 = DIRECTION('',(-2.000552763231E-16,0.433883739118,-0.900968867902
    ));
#3281 = ORIENTED_EDGE('',*,*,#3282,.T.);
#3282 = EDGE_CURVE('',#3275,#3283,#3285,.T.);
#3283 = VERTEX_POINT('',#3284);
#3284 = CARTESIAN_POINT('',(113.25281177045,-196.2120048647,
    33.828273721907));
#3285 = B_SPLINE_CURVE_WITH_KNOTS('',7,(#3286,#3287,#3288,#3289,#3290,
    #3291,#3292,#3293,#3294,#3295,#3296,#3297,#3298,#3299,#3300,#3301,
    #3302,#3303,#3304,#3305,#3306,#3307,#3308,#3309,#3310,#3311),
  .UNSPECIFIED.,.F.,.F.,(8,6,6,6,8),(0.,0.249928743901,0.500002573608,
    0.750074694671,1.),.UNSPECIFIED.);
#3286 = CARTESIAN_POINT('',(105.25,-192.7358078493,26.609876240685));
#3287 = CARTESIAN_POINT('',(105.25,-192.9114255133,26.974550077627));
#3288 = CARTESIAN_POINT('',(105.27383819558,-193.0913112366,
    27.348086631119));
#3289 = CARTESIAN_POINT('',(105.32359432234,-193.2745525707,
    27.728591182151));
#3290 = CARTESIAN_POINT('',(105.40114205148,-193.4600122452,
    28.113702164395));
#3291 = CARTESIAN_POINT('',(105.50793494098,-193.6463255832,
    28.500585797209));
#3292 = CARTESIAN_POINT('',(105.64482565966,-193.8319505269,
    28.88603996461));
#3293 = CARTESIAN_POINT('',(105.9791083073,-194.1986964383,
    29.647595696538));
#3294 = CARTESIAN_POINT('',(106.17653673398,-194.3798153094,
    30.023692907757));
#3295 = CARTESIAN_POINT('',(106.40431197659,-194.5570065617,
    30.391634334571));
#3296 = CARTESIAN_POINT('',(106.66181077775,-194.7285758277,
    30.74790158623));
#3297 = CARTESIAN_POINT('',(106.94756177427,-194.8928530646,
    31.08902678372));
#3298 = CARTESIAN_POINT('',(107.25928974598,-195.048336568,
    31.411891605391));
#3299 = CARTESIAN_POINT('',(107.9289651319,-195.3392247735,
    32.015927188067));
#3300 = CARTESIAN_POINT('',(108.28691352626,-195.4746301756,
    32.297099402805));
#3301 = CARTESIAN_POINT('',(108.6651074233,-195.5987523436,
    32.55484174031));
#3302 = CARTESIAN_POINT('',(109.06008979757,-195.7106028609,
    32.787101732707));
#3303 = CARTESIAN_POINT('',(109.46801591373,-195.8095424577,
    32.992551922525));
#3304 = CARTESIAN_POINT('',(109.88498488426,-195.8953002801,
    33.170629875725));
#3305 = CARTESIAN_POINT('',(110.72929958832,-196.0405035696,
    33.472147613234));
#3306 = CARTESIAN_POINT('',(111.15664044095,-196.0999650756,
    33.595620702705));
#3307 = CARTESIAN_POINT('',(111.58556643202,-196.1463529637,
    33.691946144794));
#3308 = CARTESIAN_POINT('',(112.01252727248,-196.1800375577,
    33.761892924982));
#3309 = CARTESIAN_POINT('',(112.43438105457,-196.2016502296,
    33.806772100688));
#3310 = CARTESIAN_POINT('',(112.84850945184,-196.2120048647,
    33.828273721907));
#3311 = CARTESIAN_POINT('',(113.25281177045,-196.2120048647,
    33.828273721907));
#3312 = ORIENTED_EDGE('',*,*,#3313,.F.);
#3313 = EDGE_CURVE('',#3314,#3283,#3316,.T.);
#3314 = VERTEX_POINT('',#3315);
#3315 = CARTESIAN_POINT('',(115.25243646992,-196.2120048647,
    33.828273721907));
#3316 = LINE('',#3317,#3318);
#3317 = CARTESIAN_POINT('',(123.25,-196.2120048647,33.828273721907));
#3318 = VECTOR('',#3319,1.);
#3319 = DIRECTION('',(-1.,0.,2.22044604925E-16));
#3320 = ORIENTED_EDGE('',*,*,#3321,.F.);
#3321 = EDGE_CURVE('',#3322,#3314,#3324,.T.);
#3322 = VERTEX_POINT('',#3323);
#3323 = CARTESIAN_POINT('',(123.25,-192.7380875377,26.614610062524));
#3324 = B_SPLINE_CURVE_WITH_KNOTS('',7,(#3325,#3326,#3327,#3328,#3329,
    #3330,#3331,#3332,#3333,#3334,#3335,#3336,#3337,#3338,#3339,#3340,
    #3341,#3342,#3343,#3344,#3345,#3346,#3347,#3348,#3349,#3350),
  .UNSPECIFIED.,.F.,.F.,(8,6,6,6,8),(0.,0.25065980494,0.502734274596,
    0.752805088042,1.),.UNSPECIFIED.);
#3325 = CARTESIAN_POINT('',(123.25,-192.7380875377,26.614610062524));
#3326 = CARTESIAN_POINT('',(123.25,-192.9141605638,26.980229468639));
#3327 = CARTESIAN_POINT('',(123.22603801306,-193.0945150567,
    27.354739432058));
#3328 = CARTESIAN_POINT('',(123.17601907213,-193.2782307008,
    27.736228897951));
#3329 = CARTESIAN_POINT('',(123.09805650432,-193.4641601599,
    28.122315398083));
#3330 = CARTESIAN_POINT('',(122.99068891484,-193.6509265859,
    28.510139877662));
#3331 = CARTESIAN_POINT('',(122.85306307356,-193.8369745135,
    28.896472380087));
#3332 = CARTESIAN_POINT('',(122.51615429351,-194.2054105281,
    29.661537647833));
#3333 = CARTESIAN_POINT('',(122.31652628709,-194.3877726356,
    30.040216465992));
#3334 = CARTESIAN_POINT('',(122.08609691525,-194.5661021685,
    30.410521556674));
#3335 = CARTESIAN_POINT('',(121.82551914155,-194.7386656794,
    30.768853379357));
#3336 = CARTESIAN_POINT('',(121.53632127625,-194.9037570181,
    31.111669076512));
#3337 = CARTESIAN_POINT('',(121.22085794447,-195.059847197,
    31.435793672664));
#3338 = CARTESIAN_POINT('',(120.54600670009,-195.3503429075,
    32.039014231217));
#3339 = CARTESIAN_POINT('',(120.18698654738,-195.4849115094,
    32.318448812363));
#3340 = CARTESIAN_POINT('',(119.80791257538,-195.6081488006,
    32.57435368449));
#3341 = CARTESIAN_POINT('',(119.41225503843,-195.7190822564,
    32.804709379012));
#3342 = CARTESIAN_POINT('',(119.00386196159,-195.8170895308,
    33.00822358119));
#3343 = CARTESIAN_POINT('',(118.5866283164,-195.9019156155,
    33.184366761054));
#3344 = CARTESIAN_POINT('',(117.74677309069,-196.044502151,
    33.480450752981));
#3345 = CARTESIAN_POINT('',(117.32426732956,-196.102563232,
    33.601015830076));
#3346 = CARTESIAN_POINT('',(116.90034441995,-196.147861571,
    33.695078800047));
#3347 = CARTESIAN_POINT('',(116.47842282526,-196.18076323,
    33.763399799065));
#3348 = CARTESIAN_POINT('',(116.06152895947,-196.2018819654,
    33.807253305017));
#3349 = CARTESIAN_POINT('',(115.65218943791,-196.2120048647,
    33.828273721907));
#3350 = CARTESIAN_POINT('',(115.25243646992,-196.2120048647,
    33.828273721907));
#3351 = ORIENTED_EDGE('',*,*,#3352,.F.);
#3352 = EDGE_CURVE('',#759,#3322,#3353,.T.);
#3353 = LINE('',#3354,#3355);
#3354 = CARTESIAN_POINT('',(123.25,-185.7987951259,12.205020892249));
#3355 = VECTOR('',#3356,1.);
#3356 = DIRECTION('',(2.000552763231E-16,-0.433883739118,0.900968867902)
  );
#3357 = ORIENTED_EDGE('',*,*,#780,.F.);
#3358 = ORIENTED_EDGE('',*,*,#679,.F.);
#3359 = ORIENTED_EDGE('',*,*,#2481,.F.);
#3360 = PLANE('',#3361);
#3361 = AXIS2_PLACEMENT_3D('',#3362,#3363,#3364);
#3362 = CARTESIAN_POINT('',(105.25,-196.2120048647,33.828273721907));
#3363 = DIRECTION('',(9.634154343575E-17,0.900968867902,0.433883739118)
  );
#3364 = DIRECTION('',(0.6,0.347106991294,-0.720775094322));
#3365 = ADVANCED_FACE('',(#3366),#3391,.T.);
#3366 = FACE_BOUND('',#3367,.T.);
#3367 = EDGE_LOOP('',(#3368,#3369,#3370,#3390));
#3368 = ORIENTED_EDGE('',*,*,#758,.F.);
#3369 = ORIENTED_EDGE('',*,*,#2077,.T.);
#3370 = ORIENTED_EDGE('',*,*,#3371,.T.);
#3371 = EDGE_CURVE('',#1994,#3322,#3372,.T.);
#3372 = B_SPLINE_CURVE_WITH_KNOTS('',6,(#3373,#3374,#3375,#3376,#3377,
    #3378,#3379,#3380,#3381,#3382,#3383,#3384,#3385,#3386,#3387,#3388,
    #3389),.UNSPECIFIED.,.F.,.F.,(7,5,5,7),(-8.890959613726,
    5.471370022882E-02,146.55455944062,155.50023275457),.UNSPECIFIED.);
#3373 = CARTESIAN_POINT('',(124.31344882405,-56.08037427261,
    100.68787025686));
#3374 = CARTESIAN_POINT('',(124.30324882405,-57.39111781172,
    99.977401415399));
#3375 = CARTESIAN_POINT('',(124.29304882405,-58.70186135083,
    99.266932573937));
#3376 = CARTESIAN_POINT('',(124.28284882405,-60.01260488993,
    98.556463732475));
#3377 = CARTESIAN_POINT('',(124.27264882405,-61.32334842904,
    97.845994891013));
#3378 = CARTESIAN_POINT('',(124.26244882405,-62.63409196815,
    97.135526049551));
#3379 = CARTESIAN_POINT('',(124.08520735338,-85.41037751234,
    84.789982683828));
#3380 = CARTESIAN_POINT('',(123.9181658827,-106.8759195174,
    73.154908159567));
#3381 = CARTESIAN_POINT('',(123.75112441202,-128.3414615225,
    61.519833635306));
#3382 = CARTESIAN_POINT('',(123.58408294135,-149.8070035275,
    49.884759111046));
#3383 = CARTESIAN_POINT('',(123.41704147067,-171.2725455326,
    38.249684586785));
#3384 = CARTESIAN_POINT('',(123.2398,-194.0488310768,25.904141221062));
#3385 = CARTESIAN_POINT('',(123.2296,-195.3595746159,25.1936723796));
#3386 = CARTESIAN_POINT('',(123.2194,-196.670318155,24.483203538138));
#3387 = CARTESIAN_POINT('',(123.2092,-197.9810616941,23.772734696676));
#3388 = CARTESIAN_POINT('',(123.199,-199.2918052332,23.062265855214));
#3389 = CARTESIAN_POINT('',(123.1888,-200.6025487723,22.351797013751));
#3390 = ORIENTED_EDGE('',*,*,#3352,.F.);
#3391 = B_SPLINE_SURFACE_WITH_KNOTS('',1,1,(
    (#3392,#3393)
    ,(#3394,#3395
    )),.UNSPECIFIED.,.F.,.F.,.F.,(2,2),(2,2),(0.,38.),(0.,1.),
  .PIECEWISE_BEZIER_KNOTS.);
#3392 = CARTESIAN_POINT('',(124.25,-51.22015423832,69.245264728095));
#3393 = CARTESIAN_POINT('',(123.25,-185.7987951259,12.205020892249));
#3394 = CARTESIAN_POINT('',(124.25,-67.70773632479,103.48208170838));
#3395 = CARTESIAN_POINT('',(123.25,-196.2120048647,33.828273721907));
#3396 = ADVANCED_FACE('',(#3397),#3484,.T.);
#3397 = FACE_BOUND('',#3398,.T.);
#3398 = EDGE_LOOP('',(#3399,#3423,#3431,#3432,#3433,#3455));
#3399 = ORIENTED_EDGE('',*,*,#3400,.F.);
#3400 = EDGE_CURVE('',#3401,#3403,#3405,.T.);
#3401 = VERTEX_POINT('',#3402);
#3402 = CARTESIAN_POINT('',(116.18554208667,1.207459787736,
    37.009346451892));
#3403 = VERTEX_POINT('',#3404);
#3404 = CARTESIAN_POINT('',(115.25243646992,-35.47530305255,
    -94.35496859002));
#3405 = B_SPLINE_CURVE_WITH_KNOTS('',6,(#3406,#3407,#3408,#3409,#3410,
    #3411,#3412,#3413,#3414,#3415,#3416,#3417,#3418,#3419,#3420,#3421,
    #3422),.UNSPECIFIED.,.F.,.F.,(7,5,5,7),(-8.890959613726,
    5.471370022838E-02,146.55455944062,155.50023275457),.UNSPECIFIED.);
#3406 = CARTESIAN_POINT('',(116.31363646992,6.243176857003,
    55.04270796365));
#3407 = CARTESIAN_POINT('',(116.30343646992,5.842188829225,
    53.606733311513));
#3408 = CARTESIAN_POINT('',(116.29323646992,5.441200801448,
    52.170758659376));
#3409 = CARTESIAN_POINT('',(116.28303646992,5.04021277367,50.73478400724
    ));
#3410 = CARTESIAN_POINT('',(116.27283646992,4.639224745893,
    49.298809355103));
#3411 = CARTESIAN_POINT('',(116.26263646992,4.238236718115,
    47.862834702966));
#3412 = CARTESIAN_POINT('',(116.08539499924,-2.72957776883,
    22.910456350174));
#3413 = CARTESIAN_POINT('',(115.91835352857,-9.296404227998,
    -0.605947350481));
#3414 = CARTESIAN_POINT('',(115.75131205789,-15.86323068716,
    -24.12235105113));
#3415 = CARTESIAN_POINT('',(115.58427058721,-22.43005714633,
    -47.63875475179));
#3416 = CARTESIAN_POINT('',(115.41722911654,-28.9968836055,
    -71.15515845244));
#3417 = CARTESIAN_POINT('',(115.23998764586,-35.96469809244,
    -96.10753680524));
#3418 = CARTESIAN_POINT('',(115.22978764586,-36.36568612022,
    -97.54351145737));
#3419 = CARTESIAN_POINT('',(115.21958764586,-36.766674148,
    -98.97948610951));
#3420 = CARTESIAN_POINT('',(115.20938764586,-37.16766217578,
    -100.4154607616));
#3421 = CARTESIAN_POINT('',(115.19918764586,-37.56865020355,
    -101.8514354137));
#3422 = CARTESIAN_POINT('',(115.18898764586,-37.96963823133,
    -103.2874100659));
#3423 = ORIENTED_EDGE('',*,*,#3424,.F.);
#3424 = EDGE_CURVE('',#945,#3401,#3425,.T.);
#3425 = B_SPLINE_CURVE_WITH_KNOTS('',4,(#3426,#3427,#3428,#3429,#3430),
  .UNSPECIFIED.,.F.,.F.,(5,5),(0.,1.),.PIECEWISE_BEZIER_KNOTS.);
#3426 = CARTESIAN_POINT('',(116.2500006,1.207189005181,37.009342260077)
  );
#3427 = CARTESIAN_POINT('',(116.23386005506,1.207324617445,
    37.00934435917));
#3428 = CARTESIAN_POINT('',(116.2177366414,1.207414805023,
    37.009345755465));
#3429 = CARTESIAN_POINT('',(116.20163057992,1.207459787736,
    37.009346451892));
#3430 = CARTESIAN_POINT('',(116.18554208667,1.207459787736,
    37.009346451892));
#3431 = ORIENTED_EDGE('',*,*,#944,.T.);
#3432 = ORIENTED_EDGE('',*,*,#864,.T.);
#3433 = ORIENTED_EDGE('',*,*,#3434,.T.);
#3434 = EDGE_CURVE('',#867,#3435,#3437,.T.);
#3435 = VERTEX_POINT('',#3436);
#3436 = CARTESIAN_POINT('',(123.25,-43.28112443126,-92.57334079807));
#3437 = B_SPLINE_CURVE_WITH_KNOTS('',6,(#3438,#3439,#3440,#3441,#3442,
    #3443,#3444,#3445,#3446,#3447,#3448,#3449,#3450,#3451,#3452,#3453,
    #3454),.UNSPECIFIED.,.F.,.F.,(7,5,5,7),(-8.890959613726,
    5.471370022838E-02,146.55455944062,155.50023275457),.UNSPECIFIED.);
#3438 = CARTESIAN_POINT('',(124.31344882405,-1.474237509592,
    57.140929318677));
#3439 = CARTESIAN_POINT('',(124.30324882405,-1.875225537369,
    55.70495466654));
#3440 = CARTESIAN_POINT('',(124.29304882405,-2.276213565147,
    54.268980014403));
#3441 = CARTESIAN_POINT('',(124.28284882405,-2.677201592924,
    52.833005362267));
#3442 = CARTESIAN_POINT('',(124.27264882405,-3.078189620702,
    51.39703071013));
#3443 = CARTESIAN_POINT('',(124.26244882405,-3.479177648479,
    49.961056057993));
#3444 = CARTESIAN_POINT('',(124.08520735338,-10.44699213542,
    25.008677705201));
#3445 = CARTESIAN_POINT('',(123.9181658827,-17.01381859459,
    1.492274004546));
#3446 = CARTESIAN_POINT('',(123.75112441202,-23.58064505376,
    -22.02412969611));
#3447 = CARTESIAN_POINT('',(123.58408294135,-30.14747151292,
    -45.54053339676));
#3448 = CARTESIAN_POINT('',(123.41704147067,-36.71429797209,
    -69.05693709742));
#3449 = CARTESIAN_POINT('',(123.2398,-43.68211245904,-94.00931545021));
#3450 = CARTESIAN_POINT('',(123.2296,-44.08310048682,-95.44529010235));
#3451 = CARTESIAN_POINT('',(123.2194,-44.48408851459,-96.88126475448));
#3452 = CARTESIAN_POINT('',(123.2092,-44.88507654237,-98.31723940662));
#3453 = CARTESIAN_POINT('',(123.199,-45.28606457015,-99.75321405876));
#3454 = CARTESIAN_POINT('',(123.1888,-45.68705259793,-101.1891887108));
#3455 = ORIENTED_EDGE('',*,*,#3456,.F.);
#3456 = EDGE_CURVE('',#3403,#3435,#3457,.T.);
#3457 = B_SPLINE_CURVE_WITH_KNOTS('',7,(#3458,#3459,#3460,#3461,#3462,
    #3463,#3464,#3465,#3466,#3467,#3468,#3469,#3470,#3471,#3472,#3473,
    #3474,#3475,#3476,#3477,#3478,#3479,#3480,#3481,#3482,#3483),
  .UNSPECIFIED.,.F.,.F.,(8,6,6,6,8),(0.,0.246925498661,0.497996622871,
    0.749070781754,1.),.UNSPECIFIED.);
#3458 = CARTESIAN_POINT('',(115.25243646992,-35.47530305255,
    -94.35496859002));
#3459 = CARTESIAN_POINT('',(115.6517537518,-35.47530305255,
    -94.35496859002));
#3460 = CARTESIAN_POINT('',(116.06063670095,-35.49799944365,
    -94.34978828686));
#3461 = CARTESIAN_POINT('',(116.47705974607,-35.54534730515,
    -94.33898144644));
#3462 = CARTESIAN_POINT('',(116.89850506259,-35.61910961577,
    -94.32214568039));
#3463 = CARTESIAN_POINT('',(117.32195720698,-35.72066182219,
    -94.29896705196));
#3464 = CARTESIAN_POINT('',(117.74401015744,-35.85082561393,
    -94.2692580159));
#3465 = CARTESIAN_POINT('',(118.58516565279,-36.17130606874,
    -94.19611044342));
#3466 = CARTESIAN_POINT('',(119.00410108161,-36.36259730526,
    -94.15244946697));
#3467 = CARTESIAN_POINT('',(119.41413104009,-36.58374672287,
    -94.10197355554));
#3468 = CARTESIAN_POINT('',(119.81131294646,-36.83417503055,
    -94.04481492851));
#3469 = CARTESIAN_POINT('',(120.19175186804,-37.11246378507,
    -93.98129733629));
#3470 = CARTESIAN_POINT('',(120.551938471,-37.41639510302,
    -93.91192699631));
#3471 = CARTESIAN_POINT('',(121.22598116321,-38.06993148115,
    -93.76276158272));
#3472 = CARTESIAN_POINT('',(121.53983801679,-38.41953837962,
    -93.68296608955));
#3473 = CARTESIAN_POINT('',(121.82761354319,-38.78917396442,
    -93.59859917941));
#3474 = CARTESIAN_POINT('',(122.08698746533,-39.17544058235,
    -93.5104363445));
#3475 = CARTESIAN_POINT('',(122.31645289302,-39.57455049115,
    -93.41934211225));
#3476 = CARTESIAN_POINT('',(122.51536398735,-39.98265553751,
    -93.32619479855));
#3477 = CARTESIAN_POINT('',(122.85217501518,-40.80925188868,
    -93.13752957544));
#3478 = CARTESIAN_POINT('',(122.99011075315,-41.22773836302,
    -93.04201276855));
#3479 = CARTESIAN_POINT('',(123.0977231605,-41.6478579176,
    -92.94612322176));
#3480 = CARTESIAN_POINT('',(123.17585567216,-42.06610260546,
    -92.85066160105));
#3481 = CARTESIAN_POINT('',(123.22598727738,-42.47936792385,
    -92.75633648894));
#3482 = CARTESIAN_POINT('',(123.25,-42.88506670028,-92.66373839065));
#3483 = CARTESIAN_POINT('',(123.25,-43.28112443126,-92.57334079807));
#3484 = ( BOUNDED_SURFACE() B_SPLINE_SURFACE(2,6,(
    (#3485,#3486,#3487,#3488,#3489,#3490,#3491,#3492,#3493,#3494,#3495
      ,#3496,#3497,#3498,#3499,#3500,#3501)
    ,(#3502,#3503,#3504,#3505,#3506,#3507,#3508,#3509,#3510,#3511,#3512
      ,#3513,#3514,#3515,#3516,#3517,#3518)
    ,(#3519,#3520,#3521,#3522,#3523,#3524,#3525,#3526,#3527,#3528,#3529
      ,#3530,#3531,#3532,#3533,#3534,#3535
)),.UNSPECIFIED.,.F.,.F.,.F.) B_SPLINE_SURFACE_WITH_KNOTS((3,3),(7,5,5,7
    ),(0.,146.49984574039),(-8.890959613726,5.471370022838E-02,
    146.55455944062,155.50023275457),.UNSPECIFIED.) 
GEOMETRIC_REPRESENTATION_ITEM() RATIONAL_B_SPLINE_SURFACE((
    (1.,1.,1.,1.,1.,1.,1.,1.,1.,1.,1.,1.,1.,1.,1.,1.,1.)
    ,(0.707222739782,0.707222739782,0.707222739782,0.707222739782
      ,0.707222739782,0.707222739782,0.707222739782,0.707222739782
      ,0.707222739782,0.707222739782,0.707222739782,0.707222739782
      ,0.707222739782,0.707222739782,0.707222739782,0.707222739782
      ,0.707222739782)
    ,(1.,1.,1.,1.,1.,1.,1.,1.,1.,1.,1.,1.,1.,1.,1.,1.,1.
))) REPRESENTATION_ITEM('') SURFACE() );
#3485 = CARTESIAN_POINT('',(116.31363646992,6.243176857003,
    55.04270796365));
#3486 = CARTESIAN_POINT('',(116.30343646992,5.842188829225,
    53.606733311513));
#3487 = CARTESIAN_POINT('',(116.29323646992,5.441200801448,
    52.170758659376));
#3488 = CARTESIAN_POINT('',(116.28303646992,5.04021277367,50.73478400724
    ));
#3489 = CARTESIAN_POINT('',(116.27283646992,4.639224745893,
    49.298809355103));
#3490 = CARTESIAN_POINT('',(116.26263646992,4.238236718115,
    47.862834702966));
#3491 = CARTESIAN_POINT('',(116.08539499924,-2.72957776883,
    22.910456350174));
#3492 = CARTESIAN_POINT('',(115.91835352857,-9.296404227998,
    -0.605947350481));
#3493 = CARTESIAN_POINT('',(115.75131205789,-15.86323068716,
    -24.12235105113));
#3494 = CARTESIAN_POINT('',(115.58427058721,-22.43005714633,
    -47.63875475179));
#3495 = CARTESIAN_POINT('',(115.41722911654,-28.9968836055,
    -71.15515845244));
#3496 = CARTESIAN_POINT('',(115.23998764586,-35.96469809244,
    -96.10753680524));
#3497 = CARTESIAN_POINT('',(115.22978764586,-36.36568612022,
    -97.54351145737));
#3498 = CARTESIAN_POINT('',(115.21958764586,-36.766674148,
    -98.97948610951));
#3499 = CARTESIAN_POINT('',(115.20938764586,-37.16766217578,
    -100.4154607616));
#3500 = CARTESIAN_POINT('',(115.19918764586,-37.56865020355,
    -101.8514354137));
#3501 = CARTESIAN_POINT('',(115.18898764586,-37.96963823133,
    -103.2874100659));
#3502 = CARTESIAN_POINT('',(124.31082568737,6.228461672594,
    54.990011547922));
#3503 = CARTESIAN_POINT('',(124.30062568737,5.827473644816,
    53.554036895785));
#3504 = CARTESIAN_POINT('',(124.29042568737,5.426485617038,
    52.118062243649));
#3505 = CARTESIAN_POINT('',(124.28022568737,5.025497589261,
    50.682087591512));
#3506 = CARTESIAN_POINT('',(124.27002568737,4.624509561483,
    49.246112939375));
#3507 = CARTESIAN_POINT('',(124.25982568737,4.223521533706,
    47.810138287239));
#3508 = CARTESIAN_POINT('',(124.0825842167,-2.74429295324,
    22.857759934446));
#3509 = CARTESIAN_POINT('',(123.91554274602,-9.311119412408,
    -0.658643766209));
#3510 = CARTESIAN_POINT('',(123.74850127534,-15.87794587157,
    -24.17504746686));
#3511 = CARTESIAN_POINT('',(123.58145980467,-22.44477233074,
    -47.69145116752));
#3512 = CARTESIAN_POINT('',(123.41441833399,-29.01159878991,
    -71.20785486817));
#3513 = CARTESIAN_POINT('',(123.23717686331,-35.97941327685,
    -96.16023322096));
#3514 = CARTESIAN_POINT('',(123.22697686331,-36.38040130463,
    -97.5962078731));
#3515 = CARTESIAN_POINT('',(123.21677686331,-36.78138933241,
    -99.03218252524));
#3516 = CARTESIAN_POINT('',(123.20657686331,-37.18237736019,
    -100.4681571773));
#3517 = CARTESIAN_POINT('',(123.19637686331,-37.58336538796,
    -101.9041318295));
#3518 = CARTESIAN_POINT('',(123.18617686331,-37.98435341574,
    -103.3401064816));
#3519 = CARTESIAN_POINT('',(124.31344882405,-1.474237509592,
    57.140929318677));
#3520 = CARTESIAN_POINT('',(124.30324882405,-1.875225537369,
    55.70495466654));
#3521 = CARTESIAN_POINT('',(124.29304882405,-2.276213565147,
    54.268980014403));
#3522 = CARTESIAN_POINT('',(124.28284882405,-2.677201592924,
    52.833005362267));
#3523 = CARTESIAN_POINT('',(124.27264882405,-3.078189620702,
    51.39703071013));
#3524 = CARTESIAN_POINT('',(124.26244882405,-3.479177648479,
    49.961056057993));
#3525 = CARTESIAN_POINT('',(124.08520735338,-10.44699213542,
    25.008677705201));
#3526 = CARTESIAN_POINT('',(123.9181658827,-17.01381859459,
    1.492274004546));
#3527 = CARTESIAN_POINT('',(123.75112441202,-23.58064505376,
    -22.02412969611));
#3528 = CARTESIAN_POINT('',(123.58408294135,-30.14747151292,
    -45.54053339676));
#3529 = CARTESIAN_POINT('',(123.41704147067,-36.71429797209,
    -69.05693709742));
#3530 = CARTESIAN_POINT('',(123.2398,-43.68211245904,-94.00931545021));
#3531 = CARTESIAN_POINT('',(123.2296,-44.08310048682,-95.44529010235));
#3532 = CARTESIAN_POINT('',(123.2194,-44.48408851459,-96.88126475448));
#3533 = CARTESIAN_POINT('',(123.2092,-44.88507654237,-98.31723940662));
#3534 = CARTESIAN_POINT('',(123.199,-45.28606457015,-99.75321405876));
#3535 = CARTESIAN_POINT('',(123.1888,-45.68705259793,-101.1891887108));
#3536 = ADVANCED_FACE('',(#3537),#3548,.T.);
#3537 = FACE_BOUND('',#3538,.T.);
#3538 = EDGE_LOOP('',(#3539,#3540,#3541,#3542));
#3539 = ORIENTED_EDGE('',*,*,#3434,.F.);
#3540 = ORIENTED_EDGE('',*,*,#2200,.T.);
#3541 = ORIENTED_EDGE('',*,*,#2245,.T.);
#3542 = ORIENTED_EDGE('',*,*,#3543,.F.);
#3543 = EDGE_CURVE('',#3435,#2246,#3544,.T.);
#3544 = LINE('',#3545,#3546);
#3545 = CARTESIAN_POINT('',(123.25,-35.47530305255,-94.35496859002));
#3546 = VECTOR('',#3547,1.);
#3547 = DIRECTION('',(4.940957286788E-17,-0.974927912182,0.222520933956)
  );
#3548 = B_SPLINE_SURFACE_WITH_KNOTS('',1,1,(
    (#3549,#3550)
    ,(#3551,#3552
    )),.UNSPECIFIED.,.F.,.F.,.F.,(2,2),(2,2),(0.,38.),(0.,1.),
  .PIECEWISE_BEZIER_KNOTS.);
#3549 = CARTESIAN_POINT('',(124.25,3.837248690338,46.42686005083));
#3550 = CARTESIAN_POINT('',(123.25,-35.47530305255,-94.35496859002));
#3551 = CARTESIAN_POINT('',(124.25,-33.21001197257,54.88265554117));
#3552 = CARTESIAN_POINT('',(123.25,-58.87357294492,-89.01446617507));
#3553 = ADVANCED_FACE('',(#3554),#3589,.T.);
#3554 = FACE_BOUND('',#3555,.T.);
#3555 = EDGE_LOOP('',(#3556,#3557,#3558,#3568,#3588));
#3556 = ORIENTED_EDGE('',*,*,#3371,.F.);
#3557 = ORIENTED_EDGE('',*,*,#1993,.T.);
#3558 = ORIENTED_EDGE('',*,*,#3559,.F.);
#3559 = EDGE_CURVE('',#3560,#1985,#3562,.T.);
#3560 = VERTEX_POINT('',#3561);
#3561 = CARTESIAN_POINT('',(116.18554208667,-76.30395011303,
    98.822633182513));
#3562 = B_SPLINE_CURVE_WITH_KNOTS('',4,(#3563,#3564,#3565,#3566,#3567),
  .UNSPECIFIED.,.F.,.F.,(5,5),(0.,1.),.PIECEWISE_BEZIER_KNOTS.);
#3563 = CARTESIAN_POINT('',(116.18554208667,-76.30395011303,
    98.822633182513));
#3564 = CARTESIAN_POINT('',(116.20163057992,-76.30395011303,
    98.822633182513));
#3565 = CARTESIAN_POINT('',(116.2177366414,-76.3039407824,
    98.822589172641));
#3566 = CARTESIAN_POINT('',(116.23386005506,-76.30392207506,
    98.822500935549));
#3567 = CARTESIAN_POINT('',(116.2500006,-76.30389394496,98.822368256275)
  );
#3568 = ORIENTED_EDGE('',*,*,#3569,.T.);
#3569 = EDGE_CURVE('',#3560,#3314,#3570,.T.);
#3570 = B_SPLINE_CURVE_WITH_KNOTS('',6,(#3571,#3572,#3573,#3574,#3575,
    #3576,#3577,#3578,#3579,#3580,#3581,#3582,#3583,#3584,#3585,#3586,
    #3587),.UNSPECIFIED.,.F.,.F.,(7,5,5,7),(-8.890959613726,
    5.471370022882E-02,146.55455944062,155.50023275457),.UNSPECIFIED.);
#3571 = CARTESIAN_POINT('',(116.31363646992,-59.84327509015,
    107.74489475716));
#3572 = CARTESIAN_POINT('',(116.30343646992,-61.15401862925,
    107.03442591569));
#3573 = CARTESIAN_POINT('',(116.29323646992,-62.46476216836,
    106.32395707423));
#3574 = CARTESIAN_POINT('',(116.28303646992,-63.77550570747,
    105.61348823277));
#3575 = CARTESIAN_POINT('',(116.27283646992,-65.08624924657,
    104.90301939131));
#3576 = CARTESIAN_POINT('',(116.26263646992,-66.39699278568,
    104.19255054984));
#3577 = CARTESIAN_POINT('',(116.08539499924,-89.17327832987,
    91.847007184126));
#3578 = CARTESIAN_POINT('',(115.91835352857,-110.6388203349,
    80.211932659866));
#3579 = CARTESIAN_POINT('',(115.75131205789,-132.10436234,
    68.576858135605));
#3580 = CARTESIAN_POINT('',(115.58427058721,-153.5699043451,
    56.941783611344));
#3581 = CARTESIAN_POINT('',(115.41722911654,-175.0354463502,
    45.306709087083));
#3582 = CARTESIAN_POINT('',(115.23998764586,-197.8117318943,
    32.96116572136));
#3583 = CARTESIAN_POINT('',(115.22978764586,-199.1224754334,
    32.250696879898));
#3584 = CARTESIAN_POINT('',(115.21958764586,-200.4332189726,
    31.540228038436));
#3585 = CARTESIAN_POINT('',(115.20938764586,-201.7439625117,
    30.829759196974));
#3586 = CARTESIAN_POINT('',(115.19918764586,-203.0547060508,
    30.119290355512));
#3587 = CARTESIAN_POINT('',(115.18898764586,-204.3654495899,
    29.40882151405));
#3588 = ORIENTED_EDGE('',*,*,#3321,.F.);
#3589 = ( BOUNDED_SURFACE() B_SPLINE_SURFACE(2,6,(
    (#3590,#3591,#3592,#3593,#3594,#3595,#3596,#3597,#3598,#3599,#3600
      ,#3601,#3602,#3603,#3604,#3605,#3606)
    ,(#3607,#3608,#3609,#3610,#3611,#3612,#3613,#3614,#3615,#3616,#3617
      ,#3618,#3619,#3620,#3621,#3622,#3623)
    ,(#3624,#3625,#3626,#3627,#3628,#3629,#3630,#3631,#3632,#3633,#3634
      ,#3635,#3636,#3637,#3638,#3639,#3640
)),.UNSPECIFIED.,.F.,.F.,.F.) B_SPLINE_SURFACE_WITH_KNOTS((3,3),(7,5,5,7
    ),(0.,146.49984574039),(-8.890959613726,5.471370022882E-02,
    146.55455944062,155.50023275457),.UNSPECIFIED.) 
GEOMETRIC_REPRESENTATION_ITEM() RATIONAL_B_SPLINE_SURFACE((
    (1.,1.,1.,1.,1.,1.,1.,1.,1.,1.,1.,1.,1.,1.,1.,1.,1.)
    ,(0.707222739782,0.707222739782,0.707222739782,0.707222739782
      ,0.707222739782,0.707222739782,0.707222739782,0.707222739782
      ,0.707222739782,0.707222739782,0.707222739782,0.707222739782
      ,0.707222739782,0.707222739782,0.707222739782,0.707222739782
      ,0.707222739782)
    ,(1.,1.,1.,1.,1.,1.,1.,1.,1.,1.,1.,1.,1.,1.,1.,1.,1.
))) REPRESENTATION_ITEM('') SURFACE() );
#3590 = CARTESIAN_POINT('',(124.31344882405,-56.08037427261,
    100.68787025686));
#3591 = CARTESIAN_POINT('',(124.30324882405,-57.39111781172,
    99.977401415399));
#3592 = CARTESIAN_POINT('',(124.29304882405,-58.70186135083,
    99.266932573937));
#3593 = CARTESIAN_POINT('',(124.28284882405,-60.01260488993,
    98.556463732475));
#3594 = CARTESIAN_POINT('',(124.27264882405,-61.32334842904,
    97.845994891013));
#3595 = CARTESIAN_POINT('',(124.26244882405,-62.63409196815,
    97.135526049551));
#3596 = CARTESIAN_POINT('',(124.08520735338,-85.41037751234,
    84.789982683828));
#3597 = CARTESIAN_POINT('',(123.9181658827,-106.8759195174,
    73.154908159567));
#3598 = CARTESIAN_POINT('',(123.75112441202,-128.3414615225,
    61.519833635306));
#3599 = CARTESIAN_POINT('',(123.58408294135,-149.8070035275,
    49.884759111046));
#3600 = CARTESIAN_POINT('',(123.41704147067,-171.2725455326,
    38.249684586785));
#3601 = CARTESIAN_POINT('',(123.2398,-194.0488310768,25.904141221062));
#3602 = CARTESIAN_POINT('',(123.2296,-195.3595746159,25.1936723796));
#3603 = CARTESIAN_POINT('',(123.2194,-196.670318155,24.483203538138));
#3604 = CARTESIAN_POINT('',(123.2092,-197.9810616941,23.772734696676));
#3605 = CARTESIAN_POINT('',(123.199,-199.2918052332,23.062265855214));
#3606 = CARTESIAN_POINT('',(123.1888,-200.6025487723,22.351797013751));
#3607 = CARTESIAN_POINT('',(124.31082568737,-59.89137586013,
    107.7188224575));
#3608 = CARTESIAN_POINT('',(124.30062568737,-61.20211939924,
    107.00835361604));
#3609 = CARTESIAN_POINT('',(124.29042568737,-62.51286293835,
    106.29788477457));
#3610 = CARTESIAN_POINT('',(124.28022568737,-63.82360647745,
    105.58741593311));
#3611 = CARTESIAN_POINT('',(124.27002568737,-65.13435001656,
    104.87694709165));
#3612 = CARTESIAN_POINT('',(124.25982568737,-66.44509355567,
    104.16647825019));
#3613 = CARTESIAN_POINT('',(124.0825842167,-89.22137909986,
    91.820934884469));
#3614 = CARTESIAN_POINT('',(123.91554274602,-110.6869211049,
    80.185860360208));
#3615 = CARTESIAN_POINT('',(123.74850127534,-132.15246311,
    68.550785835947));
#3616 = CARTESIAN_POINT('',(123.58145980467,-153.6180051151,
    56.915711311686));
#3617 = CARTESIAN_POINT('',(123.41441833399,-175.0835471201,
    45.280636787426));
#3618 = CARTESIAN_POINT('',(123.23717686331,-197.8598326643,
    32.935093421703));
#3619 = CARTESIAN_POINT('',(123.22697686331,-199.1705762034,
    32.224624580241));
#3620 = CARTESIAN_POINT('',(123.21677686331,-200.4813197425,
    31.514155738779));
#3621 = CARTESIAN_POINT('',(123.20657686331,-201.7920632817,
    30.803686897317));
#3622 = CARTESIAN_POINT('',(123.19637686331,-203.1028068208,
    30.093218055854));
#3623 = CARTESIAN_POINT('',(123.18617686331,-204.4135503599,
    29.382749214392));
#3624 = CARTESIAN_POINT('',(116.31363646992,-59.84327509015,
    107.74489475716));
#3625 = CARTESIAN_POINT('',(116.30343646992,-61.15401862925,
    107.03442591569));
#3626 = CARTESIAN_POINT('',(116.29323646992,-62.46476216836,
    106.32395707423));
#3627 = CARTESIAN_POINT('',(116.28303646992,-63.77550570747,
    105.61348823277));
#3628 = CARTESIAN_POINT('',(116.27283646992,-65.08624924657,
    104.90301939131));
#3629 = CARTESIAN_POINT('',(116.26263646992,-66.39699278568,
    104.19255054984));
#3630 = CARTESIAN_POINT('',(116.08539499924,-89.17327832987,
    91.847007184126));
#3631 = CARTESIAN_POINT('',(115.91835352857,-110.6388203349,
    80.211932659866));
#3632 = CARTESIAN_POINT('',(115.75131205789,-132.10436234,
    68.576858135605));
#3633 = CARTESIAN_POINT('',(115.58427058721,-153.5699043451,
    56.941783611344));
#3634 = CARTESIAN_POINT('',(115.41722911654,-175.0354463502,
    45.306709087083));
#3635 = CARTESIAN_POINT('',(115.23998764586,-197.8117318943,
    32.96116572136));
#3636 = CARTESIAN_POINT('',(115.22978764586,-199.1224754334,
    32.250696879898));
#3637 = CARTESIAN_POINT('',(115.21958764586,-200.4332189726,
    31.540228038436));
#3638 = CARTESIAN_POINT('',(115.20938764586,-201.7439625117,
    30.829759196974));
#3639 = CARTESIAN_POINT('',(115.19918764586,-203.0547060508,
    30.119290355512));
#3640 = CARTESIAN_POINT('',(115.18898764586,-204.3654495899,
    29.40882151405));
#3641 = ADVANCED_FACE('',(#3642),#3683,.T.);
#3642 = FACE_BOUND('',#3643,.T.);
#3643 = EDGE_LOOP('',(#3644,#3655,#3663,#3664,#3665,#3675));
#3644 = ORIENTED_EDGE('',*,*,#3645,.T.);
#3645 = EDGE_CURVE('',#3646,#3648,#3650,.T.);
#3646 = VERTEX_POINT('',#3647);
#3647 = CARTESIAN_POINT('',(114.25,-76.30395011303,131.17736681748));
#3648 = VERTEX_POINT('',#3649);
#3649 = CARTESIAN_POINT('',(114.25,-76.30395011303,98.822633182513));
#3650 = CIRCLE('',#3651,78.);
#3651 = AXIS2_PLACEMENT_3D('',#3652,#3653,#3654);
#3652 = CARTESIAN_POINT('',(114.25,0.,115.));
#3653 = DIRECTION('',(1.,0.,-2.22044604925E-16));
#3654 = DIRECTION('',(-2.22044604925E-16,0.,-1.));
#3655 = ORIENTED_EDGE('',*,*,#3656,.T.);
#3656 = EDGE_CURVE('',#3648,#3560,#3657,.T.);
#3657 = B_SPLINE_CURVE_WITH_KNOTS('',4,(#3658,#3659,#3660,#3661,#3662),
  .UNSPECIFIED.,.F.,.F.,(5,5),(0.,1.),.PIECEWISE_BEZIER_KNOTS.);
#3658 = CARTESIAN_POINT('',(114.2499994,-76.30395011303,98.822633182513)
  );
#3659 = CARTESIAN_POINT('',(114.73388522167,-76.30395011303,
    98.822633182513));
#3660 = CARTESIAN_POINT('',(115.21777104333,-76.30395011303,
    98.822633182513));
#3661 = CARTESIAN_POINT('',(115.701656865,-76.30395011303,
    98.822633182513));
#3662 = CARTESIAN_POINT('',(116.18554268667,-76.30395011303,
    98.822633182513));
#3663 = ORIENTED_EDGE('',*,*,#3559,.T.);
#3664 = ORIENTED_EDGE('',*,*,#1984,.F.);
#3665 = ORIENTED_EDGE('',*,*,#3666,.T.);
#3666 = EDGE_CURVE('',#1922,#3667,#3669,.T.);
#3667 = VERTEX_POINT('',#3668);
#3668 = CARTESIAN_POINT('',(116.18554208667,-76.30395011303,
    131.17736681748));
#3669 = B_SPLINE_CURVE_WITH_KNOTS('',4,(#3670,#3671,#3672,#3673,#3674),
  .UNSPECIFIED.,.F.,.F.,(5,5),(0.,1.),.PIECEWISE_BEZIER_KNOTS.);
#3670 = CARTESIAN_POINT('',(116.2500006,-76.30389394496,131.17763174372)
  );
#3671 = CARTESIAN_POINT('',(116.23386005506,-76.30392207506,
    131.17749906445));
#3672 = CARTESIAN_POINT('',(116.2177366414,-76.3039407824,
    131.17741082735));
#3673 = CARTESIAN_POINT('',(116.20163057992,-76.30395011303,
    131.17736681748));
#3674 = CARTESIAN_POINT('',(116.18554208667,-76.30395011303,
    131.17736681748));
#3675 = ORIENTED_EDGE('',*,*,#3676,.T.);
#3676 = EDGE_CURVE('',#3667,#3646,#3677,.T.);
#3677 = B_SPLINE_CURVE_WITH_KNOTS('',4,(#3678,#3679,#3680,#3681,#3682),
  .UNSPECIFIED.,.F.,.F.,(5,5),(0.,1.),.PIECEWISE_BEZIER_KNOTS.);
#3678 = CARTESIAN_POINT('',(116.18554268667,-76.30395011303,
    131.17736681748));
#3679 = CARTESIAN_POINT('',(115.701656865,-76.30395011303,
    131.17736681748));
#3680 = CARTESIAN_POINT('',(115.21777104333,-76.30395011303,
    131.17736681748));
#3681 = CARTESIAN_POINT('',(114.73388522167,-76.30395011303,
    131.17736681748));
#3682 = CARTESIAN_POINT('',(114.2499994,-76.30395011303,131.17736681748)
  );
#3683 = CYLINDRICAL_SURFACE('',#3684,78.);
#3684 = AXIS2_PLACEMENT_3D('',#3685,#3686,#3687);
#3685 = CARTESIAN_POINT('',(106.25,0.,115.));
#3686 = DIRECTION('',(1.,0.,-2.22044604925E-16));
#3687 = DIRECTION('',(-2.22044604925E-16,0.,-1.));
#3688 = ADVANCED_FACE('',(#3689),#3766,.T.);
#3689 = FACE_BOUND('',#3690,.T.);
#3690 = EDGE_LOOP('',(#3691,#3713,#3714,#3715,#3737));
#3691 = ORIENTED_EDGE('',*,*,#3692,.F.);
#3692 = EDGE_CURVE('',#3667,#3693,#3695,.T.);
#3693 = VERTEX_POINT('',#3694);
#3694 = CARTESIAN_POINT('',(115.25243646992,-196.2120048647,
    196.17172627809));
#3695 = B_SPLINE_CURVE_WITH_KNOTS('',6,(#3696,#3697,#3698,#3699,#3700,
    #3701,#3702,#3703,#3704,#3705,#3706,#3707,#3708,#3709,#3710,#3711,
    #3712),.UNSPECIFIED.,.F.,.F.,(7,5,5,7),(-8.890959613726,
    5.471370022866E-02,146.55455944062,155.50023275457),.UNSPECIFIED.);
#3696 = CARTESIAN_POINT('',(116.31363646992,-59.84327509015,
    122.25510524284));
#3697 = CARTESIAN_POINT('',(116.30343646992,-61.15401862925,
    122.9655740843));
#3698 = CARTESIAN_POINT('',(116.29323646992,-62.46476216836,
    123.67604292576));
#3699 = CARTESIAN_POINT('',(116.28303646992,-63.77550570747,
    124.38651176722));
#3700 = CARTESIAN_POINT('',(116.27283646992,-65.08624924657,
    125.09698060868));
#3701 = CARTESIAN_POINT('',(116.26263646992,-66.39699278568,
    125.80744945015));
#3702 = CARTESIAN_POINT('',(116.08539499924,-89.17327832987,
    138.15299281587));
#3703 = CARTESIAN_POINT('',(115.91835352857,-110.6388203349,
    149.78806734013));
#3704 = CARTESIAN_POINT('',(115.75131205789,-132.10436234,
    161.42314186439));
#3705 = CARTESIAN_POINT('',(115.58427058721,-153.5699043451,
    173.05821638865));
#3706 = CARTESIAN_POINT('',(115.41722911654,-175.0354463502,
    184.69329091291));
#3707 = CARTESIAN_POINT('',(115.23998764586,-197.8117318943,
    197.03883427864));
#3708 = CARTESIAN_POINT('',(115.22978764586,-199.1224754334,
    197.7493031201));
#3709 = CARTESIAN_POINT('',(115.21958764586,-200.4332189726,
    198.45977196156));
#3710 = CARTESIAN_POINT('',(115.20938764586,-201.7439625117,
    199.17024080302));
#3711 = CARTESIAN_POINT('',(115.19918764586,-203.0547060508,
    199.88070964448));
#3712 = CARTESIAN_POINT('',(115.18898764586,-204.3654495899,
    200.59117848595));
#3713 = ORIENTED_EDGE('',*,*,#3666,.F.);
#3714 = ORIENTED_EDGE('',*,*,#1921,.T.);
#3715 = ORIENTED_EDGE('',*,*,#3716,.T.);
#3716 = EDGE_CURVE('',#1883,#3717,#3719,.T.);
#3717 = VERTEX_POINT('',#3718);
#3718 = CARTESIAN_POINT('',(123.25,-192.7380875377,203.38538993747));
#3719 = B_SPLINE_CURVE_WITH_KNOTS('',6,(#3720,#3721,#3722,#3723,#3724,
    #3725,#3726,#3727,#3728,#3729,#3730,#3731,#3732,#3733,#3734,#3735,
    #3736),.UNSPECIFIED.,.F.,.F.,(7,5,5,7),(-8.890959613726,
    5.471370022866E-02,146.55455944062,155.50023275457),.UNSPECIFIED.);
#3720 = CARTESIAN_POINT('',(124.31344882405,-56.08037427261,
    129.31212974313));
#3721 = CARTESIAN_POINT('',(124.30324882405,-57.39111781172,
    130.0225985846));
#3722 = CARTESIAN_POINT('',(124.29304882405,-58.70186135083,
    130.73306742606));
#3723 = CARTESIAN_POINT('',(124.28284882405,-60.01260488993,
    131.44353626752));
#3724 = CARTESIAN_POINT('',(124.27264882405,-61.32334842904,
    132.15400510898));
#3725 = CARTESIAN_POINT('',(124.26244882405,-62.63409196815,
    132.86447395044));
#3726 = CARTESIAN_POINT('',(124.08520735338,-85.41037751234,
    145.21001731617));
#3727 = CARTESIAN_POINT('',(123.9181658827,-106.8759195174,
    156.84509184043));
#3728 = CARTESIAN_POINT('',(123.75112441202,-128.3414615225,
    168.48016636469));
#3729 = CARTESIAN_POINT('',(123.58408294135,-149.8070035275,
    180.11524088895));
#3730 = CARTESIAN_POINT('',(123.41704147067,-171.2725455326,
    191.75031541321));
#3731 = CARTESIAN_POINT('',(123.2398,-194.0488310768,204.09585877893));
#3732 = CARTESIAN_POINT('',(123.2296,-195.3595746159,204.8063276204));
#3733 = CARTESIAN_POINT('',(123.2194,-196.670318155,205.51679646186));
#3734 = CARTESIAN_POINT('',(123.2092,-197.9810616941,206.22726530332));
#3735 = CARTESIAN_POINT('',(123.199,-199.2918052332,206.93773414478));
#3736 = CARTESIAN_POINT('',(123.1888,-200.6025487723,207.64820298624));
#3737 = ORIENTED_EDGE('',*,*,#3738,.F.);
#3738 = EDGE_CURVE('',#3693,#3717,#3739,.T.);
#3739 = B_SPLINE_CURVE_WITH_KNOTS('',7,(#3740,#3741,#3742,#3743,#3744,
    #3745,#3746,#3747,#3748,#3749,#3750,#3751,#3752,#3753,#3754,#3755,
    #3756,#3757,#3758,#3759,#3760,#3761,#3762,#3763,#3764,#3765),
  .UNSPECIFIED.,.F.,.F.,(8,6,6,6,8),(0.,0.246925498661,0.497996622871,
    0.749070781753,1.),.UNSPECIFIED.);
#3740 = CARTESIAN_POINT('',(115.25243646992,-196.2120048647,
    196.17172627809));
#3741 = CARTESIAN_POINT('',(115.6517537518,-196.2120048647,
    196.17172627809));
#3742 = CARTESIAN_POINT('',(116.06063670095,-196.2019040204,
    196.19270089738));
#3743 = CARTESIAN_POINT('',(116.47705974607,-196.1808322397,
    196.23645690091));
#3744 = CARTESIAN_POINT('',(116.89850506259,-196.1480049232,
    196.30462352602));
#3745 = CARTESIAN_POINT('',(117.32195720698,-196.1028099395,
    196.39847187656));
#3746 = CARTESIAN_POINT('',(117.74401015744,-196.0448816025,
    196.51876130782));
#3747 = CARTESIAN_POINT('',(118.58516565279,-195.9022543823,
    196.81492978239));
#3748 = CARTESIAN_POINT('',(119.00410108161,-195.8171217731,
    196.99170946697));
#3749 = CARTESIAN_POINT('',(119.41413104009,-195.7187010232,197.19608226
    ));
#3750 = CARTESIAN_POINT('',(119.81131294646,-195.6072499413,
    197.42751281609));
#3751 = CARTESIAN_POINT('',(120.19175186804,-195.4833997942,
    197.68469029657));
#3752 = CARTESIAN_POINT('',(120.551938471,-195.3481376327,
    197.96556506899));
#3753 = CARTESIAN_POINT('',(121.22598116321,-195.0572865823,
    198.56952349851));
#3754 = CARTESIAN_POINT('',(121.5398380168,-194.9016968751,
    198.89260885446));
#3755 = CARTESIAN_POINT('',(121.82761354318,-194.737193564,
    199.23420349976));
#3756 = CARTESIAN_POINT('',(122.08698746534,-194.5652887469,
    199.59116753079));
#3757 = CARTESIAN_POINT('',(122.31645289301,-194.3876681276,
    199.96000054724));
#3758 = CARTESIAN_POINT('',(122.51536398735,-194.2060442954,
    200.33714632081));
#3759 = CARTESIAN_POINT('',(122.85217501519,-193.8381743113,
    201.10103621403));
#3760 = CARTESIAN_POINT('',(122.99011075315,-193.6519303091,
    201.48777586964));
#3761 = CARTESIAN_POINT('',(123.0977231605,-193.4649595177,
    201.87602471836));
#3762 = CARTESIAN_POINT('',(123.17585567216,-193.2788231206,
    202.26254092966));
#3763 = CARTESIAN_POINT('',(123.22598727739,-193.0949027514,
    202.64445551167));
#3764 = CARTESIAN_POINT('',(123.25,-192.9143498101,203.01937755743));
#3765 = CARTESIAN_POINT('',(123.25,-192.7380875377,203.38538993747));
#3766 = ( BOUNDED_SURFACE() B_SPLINE_SURFACE(2,6,(
    (#3767,#3768,#3769,#3770,#3771,#3772,#3773,#3774,#3775,#3776,#3777
      ,#3778,#3779,#3780,#3781,#3782,#3783)
    ,(#3784,#3785,#3786,#3787,#3788,#3789,#3790,#3791,#3792,#3793,#3794
      ,#3795,#3796,#3797,#3798,#3799,#3800)
    ,(#3801,#3802,#3803,#3804,#3805,#3806,#3807,#3808,#3809,#3810,#3811
      ,#3812,#3813,#3814,#3815,#3816,#3817
)),.UNSPECIFIED.,.F.,.F.,.F.) B_SPLINE_SURFACE_WITH_KNOTS((3,3),(7,5,5,7
    ),(0.,146.49984574039),(-8.890959613726,5.471370022866E-02,
    146.55455944062,155.50023275457),.UNSPECIFIED.) 
GEOMETRIC_REPRESENTATION_ITEM() RATIONAL_B_SPLINE_SURFACE((
    (1.,1.,1.,1.,1.,1.,1.,1.,1.,1.,1.,1.,1.,1.,1.,1.,1.)
    ,(0.707222739782,0.707222739782,0.707222739782,0.707222739782
      ,0.707222739782,0.707222739782,0.707222739782,0.707222739782
      ,0.707222739782,0.707222739782,0.707222739782,0.707222739782
      ,0.707222739782,0.707222739782,0.707222739782,0.707222739782
      ,0.707222739782)
    ,(1.,1.,1.,1.,1.,1.,1.,1.,1.,1.,1.,1.,1.,1.,1.,1.,1.
))) REPRESENTATION_ITEM('') SURFACE() );
#3767 = CARTESIAN_POINT('',(116.31363646992,-59.84327509015,
    122.25510524284));
#3768 = CARTESIAN_POINT('',(116.30343646992,-61.15401862925,
    122.9655740843));
#3769 = CARTESIAN_POINT('',(116.29323646992,-62.46476216836,
    123.67604292576));
#3770 = CARTESIAN_POINT('',(116.28303646992,-63.77550570747,
    124.38651176722));
#3771 = CARTESIAN_POINT('',(116.27283646992,-65.08624924657,
    125.09698060868));
#3772 = CARTESIAN_POINT('',(116.26263646992,-66.39699278568,
    125.80744945015));
#3773 = CARTESIAN_POINT('',(116.08539499924,-89.17327832987,
    138.15299281587));
#3774 = CARTESIAN_POINT('',(115.91835352857,-110.6388203349,
    149.78806734013));
#3775 = CARTESIAN_POINT('',(115.75131205789,-132.10436234,
    161.42314186439));
#3776 = CARTESIAN_POINT('',(115.58427058721,-153.5699043451,
    173.05821638865));
#3777 = CARTESIAN_POINT('',(115.41722911654,-175.0354463502,
    184.69329091291));
#3778 = CARTESIAN_POINT('',(115.23998764586,-197.8117318943,
    197.03883427864));
#3779 = CARTESIAN_POINT('',(115.22978764586,-199.1224754334,
    197.7493031201));
#3780 = CARTESIAN_POINT('',(115.21958764586,-200.4332189726,
    198.45977196156));
#3781 = CARTESIAN_POINT('',(115.20938764586,-201.7439625117,
    199.17024080302));
#3782 = CARTESIAN_POINT('',(115.19918764586,-203.0547060508,
    199.88070964448));
#3783 = CARTESIAN_POINT('',(115.18898764586,-204.3654495899,
    200.59117848595));
#3784 = CARTESIAN_POINT('',(124.31082568737,-59.89137586013,
    122.28117754249));
#3785 = CARTESIAN_POINT('',(124.30062568737,-61.20211939924,
    122.99164638396));
#3786 = CARTESIAN_POINT('',(124.29042568737,-62.51286293835,
    123.70211522542));
#3787 = CARTESIAN_POINT('',(124.28022568737,-63.82360647745,
    124.41258406688));
#3788 = CARTESIAN_POINT('',(124.27002568737,-65.13435001656,
    125.12305290834));
#3789 = CARTESIAN_POINT('',(124.25982568737,-66.44509355567,
    125.8335217498));
#3790 = CARTESIAN_POINT('',(124.0825842167,-89.22137909986,
    138.17906511553));
#3791 = CARTESIAN_POINT('',(123.91554274602,-110.6869211049,
    149.81413963979));
#3792 = CARTESIAN_POINT('',(123.74850127534,-132.15246311,
    161.44921416405));
#3793 = CARTESIAN_POINT('',(123.58145980467,-153.6180051151,
    173.08428868831));
#3794 = CARTESIAN_POINT('',(123.41441833399,-175.0835471201,
    184.71936321257));
#3795 = CARTESIAN_POINT('',(123.23717686331,-197.8598326643,
    197.06490657829));
#3796 = CARTESIAN_POINT('',(123.22697686331,-199.1705762034,
    197.77537541975));
#3797 = CARTESIAN_POINT('',(123.21677686331,-200.4813197425,
    198.48584426122));
#3798 = CARTESIAN_POINT('',(123.20657686331,-201.7920632817,
    199.19631310268));
#3799 = CARTESIAN_POINT('',(123.19637686331,-203.1028068208,
    199.90678194414));
#3800 = CARTESIAN_POINT('',(123.18617686331,-204.4135503599,
    200.6172507856));
#3801 = CARTESIAN_POINT('',(124.31344882405,-56.08037427261,
    129.31212974313));
#3802 = CARTESIAN_POINT('',(124.30324882405,-57.39111781172,
    130.0225985846));
#3803 = CARTESIAN_POINT('',(124.29304882405,-58.70186135083,
    130.73306742606));
#3804 = CARTESIAN_POINT('',(124.28284882405,-60.01260488993,
    131.44353626752));
#3805 = CARTESIAN_POINT('',(124.27264882405,-61.32334842904,
    132.15400510898));
#3806 = CARTESIAN_POINT('',(124.26244882405,-62.63409196815,
    132.86447395044));
#3807 = CARTESIAN_POINT('',(124.08520735338,-85.41037751234,
    145.21001731617));
#3808 = CARTESIAN_POINT('',(123.9181658827,-106.8759195174,
    156.84509184043));
#3809 = CARTESIAN_POINT('',(123.75112441202,-128.3414615225,
    168.48016636469));
#3810 = CARTESIAN_POINT('',(123.58408294135,-149.8070035275,
    180.11524088895));
#3811 = CARTESIAN_POINT('',(123.41704147067,-171.2725455326,
    191.75031541321));
#3812 = CARTESIAN_POINT('',(123.2398,-194.0488310768,204.09585877893));
#3813 = CARTESIAN_POINT('',(123.2296,-195.3595746159,204.8063276204));
#3814 = CARTESIAN_POINT('',(123.2194,-196.670318155,205.51679646186));
#3815 = CARTESIAN_POINT('',(123.2092,-197.9810616941,206.22726530332));
#3816 = CARTESIAN_POINT('',(123.199,-199.2918052332,206.93773414478));
#3817 = CARTESIAN_POINT('',(123.1888,-200.6025487723,207.64820298624));
#3818 = ADVANCED_FACE('',(#3819),#3851,.T.);
#3819 = FACE_BOUND('',#3820,.T.);
#3820 = EDGE_LOOP('',(#3821,#3822,#3823,#3845));
#3821 = ORIENTED_EDGE('',*,*,#3716,.F.);
#3822 = ORIENTED_EDGE('',*,*,#1882,.T.);
#3823 = ORIENTED_EDGE('',*,*,#3824,.T.);
#3824 = EDGE_CURVE('',#1799,#3825,#3827,.T.);
#3825 = VERTEX_POINT('',#3826);
#3826 = CARTESIAN_POINT('',(123.25,-189.2727124528,210.58131544836));
#3827 = B_SPLINE_CURVE_WITH_KNOTS('',6,(#3828,#3829,#3830,#3831,#3832,
    #3833,#3834,#3835,#3836,#3837,#3838,#3839,#3840,#3841,#3842,#3843,
    #3844),.UNSPECIFIED.,.F.,.F.,(7,5,5,7),(-8.890959613726,
    5.471370022853E-02,146.55455944062,155.50023275457),.UNSPECIFIED.);
#3828 = CARTESIAN_POINT('',(124.31344882405,-46.15521505774,
    149.92193521719));
#3829 = CARTESIAN_POINT('',(124.30324882405,-47.5279171948,
    150.50374570432));
#3830 = CARTESIAN_POINT('',(124.29304882405,-48.90061933185,
    151.08555619144));
#3831 = CARTESIAN_POINT('',(124.28284882405,-50.2733214689,
    151.66736667857));
#3832 = CARTESIAN_POINT('',(124.27264882405,-51.64602360596,
    152.24917716569));
#3833 = CARTESIAN_POINT('',(124.26244882405,-53.01872574301,
    152.83098765282));
#3834 = CARTESIAN_POINT('',(124.08520735338,-76.87164197553,
    162.94088435801));
#3835 = CARTESIAN_POINT('',(123.9181658827,-99.351856071,172.46897057608
    ));
#3836 = CARTESIAN_POINT('',(123.75112441202,-121.8320701664,
    181.99705679415));
#3837 = CARTESIAN_POINT('',(123.58408294135,-144.3122842619,
    191.52514301222));
#3838 = CARTESIAN_POINT('',(123.41704147067,-166.7924983574,
    201.05322923029));
#3839 = CARTESIAN_POINT('',(123.2398,-190.6454145899,211.16312593549));
#3840 = CARTESIAN_POINT('',(123.2296,-192.0181167269,211.74493642262));
#3841 = CARTESIAN_POINT('',(123.2194,-193.390818864,212.32674690974));
#3842 = CARTESIAN_POINT('',(123.2092,-194.763521001,212.90855739687));
#3843 = CARTESIAN_POINT('',(123.199,-196.1362231381,213.49036788399));
#3844 = CARTESIAN_POINT('',(123.1888,-197.5089252751,214.07217837112));
#3845 = ORIENTED_EDGE('',*,*,#3846,.F.);
#3846 = EDGE_CURVE('',#3717,#3825,#3847,.T.);
#3847 = LINE('',#3848,#3849);
#3848 = CARTESIAN_POINT('',(123.25,-196.2120048647,196.17172627809));
#3849 = VECTOR('',#3850,1.);
#3850 = DIRECTION('',(2.000552763231E-16,0.433883739118,0.900968867902)
  );
#3851 = B_SPLINE_SURFACE_WITH_KNOTS('',1,1,(
    (#3852,#3853)
    ,(#3854,#3855
    )),.UNSPECIFIED.,.F.,.F.,.F.,(2,2),(2,2),(0.,38.),(0.,1.),
  .PIECEWISE_BEZIER_KNOTS.);
#3852 = CARTESIAN_POINT('',(124.25,-67.70773632479,126.51791829161));
#3853 = CARTESIAN_POINT('',(123.25,-196.2120048647,196.17172627809));
#3854 = CARTESIAN_POINT('',(124.25,-51.22015423832,160.7547352719));
#3855 = CARTESIAN_POINT('',(123.25,-185.7987951259,217.79497910775));
#3856 = ADVANCED_FACE('',(#3857),#3922,.T.);
#3857 = FACE_BOUND('',#3858,.T.);
#3858 = EDGE_LOOP('',(#3859,#3860,#3861,#3871,#3893));
#3859 = ORIENTED_EDGE('',*,*,#3824,.F.);
#3860 = ORIENTED_EDGE('',*,*,#1798,.T.);
#3861 = ORIENTED_EDGE('',*,*,#3862,.F.);
#3862 = EDGE_CURVE('',#3863,#1790,#3865,.T.);
#3863 = VERTEX_POINT('',#3864);
#3864 = CARTESIAN_POINT('',(116.18554208667,-60.22270941836,
    164.57040720341));
#3865 = B_SPLINE_CURVE_WITH_KNOTS('',4,(#3866,#3867,#3868,#3869,#3870),
  .UNSPECIFIED.,.F.,.F.,(5,5),(0.,1.),.PIECEWISE_BEZIER_KNOTS.);
#3866 = CARTESIAN_POINT('',(116.18554208667,-60.22270941836,
    164.57040720341));
#3867 = CARTESIAN_POINT('',(116.20163057992,-60.22270941836,
    164.57040720341));
#3868 = CARTESIAN_POINT('',(116.2177366414,-60.22273800911,
    164.57037246872));
#3869 = CARTESIAN_POINT('',(116.23386005506,-60.22279533181,
    164.57030282781));
#3870 = CARTESIAN_POINT('',(116.2500006,-60.22288152581,164.57019811063)
  );
#3871 = ORIENTED_EDGE('',*,*,#3872,.T.);
#3872 = EDGE_CURVE('',#3863,#3873,#3875,.T.);
#3873 = VERTEX_POINT('',#3874);
#3874 = CARTESIAN_POINT('',(115.25243646992,-185.7987951259,
    217.79497910775));
#3875 = B_SPLINE_CURVE_WITH_KNOTS('',6,(#3876,#3877,#3878,#3879,#3880,
    #3881,#3882,#3883,#3884,#3885,#3886,#3887,#3888,#3889,#3890,#3891,
    #3892),.UNSPECIFIED.,.F.,.F.,(7,5,5,7),(-8.890959613726,
    5.471370022853E-02,146.55455944062,155.50023275457),.UNSPECIFIED.);
#3876 = CARTESIAN_POINT('',(116.31363646992,-42.983941416,
    157.26387234915));
#3877 = CARTESIAN_POINT('',(116.30343646992,-44.35664355306,
    157.84568283627));
#3878 = CARTESIAN_POINT('',(116.29323646992,-45.72934569011,
    158.4274933234));
#3879 = CARTESIAN_POINT('',(116.28303646992,-47.10204782716,
    159.00930381052));
#3880 = CARTESIAN_POINT('',(116.27283646992,-48.47474996422,
    159.59111429765));
#3881 = CARTESIAN_POINT('',(116.26263646992,-49.84745210127,
    160.17292478477));
#3882 = CARTESIAN_POINT('',(116.08539499924,-73.70036833379,
    170.28282148997));
#3883 = CARTESIAN_POINT('',(115.91835352857,-96.18058242926,
    179.81090770804));
#3884 = CARTESIAN_POINT('',(115.75131205789,-118.6607965247,
    189.33899392611));
#3885 = CARTESIAN_POINT('',(115.58427058721,-141.1410106201,
    198.86708014418));
#3886 = CARTESIAN_POINT('',(115.41722911654,-163.6212247156,
    208.39516636225));
#3887 = CARTESIAN_POINT('',(115.23998764586,-187.4741409481,
    218.50506306745));
#3888 = CARTESIAN_POINT('',(115.22978764586,-188.8468430852,
    219.08687355457));
#3889 = CARTESIAN_POINT('',(115.21958764586,-190.2195452222,
    219.6686840417));
#3890 = CARTESIAN_POINT('',(115.20938764586,-191.5922473593,
    220.25049452882));
#3891 = CARTESIAN_POINT('',(115.19918764586,-192.9649494963,
    220.83230501595));
#3892 = CARTESIAN_POINT('',(115.18898764586,-194.3376516334,
    221.41411550307));
#3893 = ORIENTED_EDGE('',*,*,#3894,.F.);
#3894 = EDGE_CURVE('',#3825,#3873,#3895,.T.);
#3895 = B_SPLINE_CURVE_WITH_KNOTS('',7,(#3896,#3897,#3898,#3899,#3900,
    #3901,#3902,#3903,#3904,#3905,#3906,#3907,#3908,#3909,#3910,#3911,
    #3912,#3913,#3914,#3915,#3916,#3917,#3918,#3919,#3920,#3921),
  .UNSPECIFIED.,.F.,.F.,(8,6,6,6,8),(0.,0.250659812333,0.502734281993,
    0.752805095436,1.),.UNSPECIFIED.);
#3896 = CARTESIAN_POINT('',(123.25,-189.2727124528,210.58131544836));
#3897 = CARTESIAN_POINT('',(123.25,-189.0966394215,210.94693486526));
#3898 = CARTESIAN_POINT('',(123.22603801165,-188.9162849232,
    211.32144483999));
#3899 = CARTESIAN_POINT('',(123.1760190677,-188.7325692735,
    211.70293431755));
#3900 = CARTESIAN_POINT('',(123.09805649512,-188.5466398086,
    212.08902082947));
#3901 = CARTESIAN_POINT('',(122.99068889901,-188.3598733771,
    212.4768453207));
#3902 = CARTESIAN_POINT('',(122.85306304921,-188.1738254441,
    212.8631778343));
#3903 = CARTESIAN_POINT('',(122.51615425343,-187.8053894249,
    213.62824311157));
#3904 = CARTESIAN_POINT('',(122.31652624158,-187.623027318,
    214.00692192836));
#3905 = CARTESIAN_POINT('',(122.0860968644,-187.4446977861,
    214.37722701715));
#3906 = CARTESIAN_POINT('',(121.82551908552,-187.2721342763,
    214.73555883741));
#3907 = CARTESIAN_POINT('',(121.53632121532,-187.107042939,
    215.07837453165));
#3908 = CARTESIAN_POINT('',(121.220857879,-186.9509527618,
    215.40249912444));
#3909 = CARTESIAN_POINT('',(120.54600662645,-186.6604570549,
    216.00571967552));
#3910 = CARTESIAN_POINT('',(120.18698647009,-186.525888455,
    216.28515425257));
#3911 = CARTESIAN_POINT('',(119.80791249496,-186.4026511658,
    216.54105912027));
#3912 = CARTESIAN_POINT('',(119.4122549554,-186.2917177123,
    216.77141481015));
#3913 = CARTESIAN_POINT('',(119.00386187655,-186.1937104403,
    216.97492900753));
#3914 = CARTESIAN_POINT('',(118.5866282299,-186.1088843579,
    217.15107218254));
#3915 = CARTESIAN_POINT('',(117.74677301487,-185.9662978291,
    217.44715616046));
#3916 = CARTESIAN_POINT('',(117.32426726617,-185.9082367517,
    217.56772122998));
#3917 = CARTESIAN_POINT('',(116.90034436947,-185.8629384156,
    217.66178419406));
#3918 = CARTESIAN_POINT('',(116.47842278786,-185.8300367586,
    217.73010518884));
#3919 = CARTESIAN_POINT('',(116.06152893499,-185.8089180245,
    217.77395869211));
#3920 = CARTESIAN_POINT('',(115.65218942596,-185.7987951259,
    217.79497910775));
#3921 = CARTESIAN_POINT('',(115.25243646992,-185.7987951259,
    217.79497910775));
#3922 = ( BOUNDED_SURFACE() B_SPLINE_SURFACE(2,6,(
    (#3923,#3924,#3925,#3926,#3927,#3928,#3929,#3930,#3931,#3932,#3933
      ,#3934,#3935,#3936,#3937,#3938,#3939)
    ,(#3940,#3941,#3942,#3943,#3944,#3945,#3946,#3947,#3948,#3949,#3950
      ,#3951,#3952,#3953,#3954,#3955,#3956)
    ,(#3957,#3958,#3959,#3960,#3961,#3962,#3963,#3964,#3965,#3966,#3967
      ,#3968,#3969,#3970,#3971,#3972,#3973
)),.UNSPECIFIED.,.F.,.F.,.F.) B_SPLINE_SURFACE_WITH_KNOTS((3,3),(7,5,5,7
    ),(0.,146.49984574039),(-8.890959613726,5.471370022853E-02,
    146.55455944062,155.50023275457),.UNSPECIFIED.) 
GEOMETRIC_REPRESENTATION_ITEM() RATIONAL_B_SPLINE_SURFACE((
    (1.,1.,1.,1.,1.,1.,1.,1.,1.,1.,1.,1.,1.,1.,1.,1.,1.)
    ,(0.707222739782,0.707222739782,0.707222739782,0.707222739782
      ,0.707222739782,0.707222739782,0.707222739782,0.707222739782
      ,0.707222739782,0.707222739782,0.707222739782,0.707222739782
      ,0.707222739782,0.707222739782,0.707222739782,0.707222739782
      ,0.707222739782)
    ,(1.,1.,1.,1.,1.,1.,1.,1.,1.,1.,1.,1.,1.,1.,1.,1.,1.
))) REPRESENTATION_ITEM('') SURFACE() );
#3923 = CARTESIAN_POINT('',(124.31344882405,-46.15521505774,
    149.92193521719));
#3924 = CARTESIAN_POINT('',(124.30324882405,-47.5279171948,
    150.50374570432));
#3925 = CARTESIAN_POINT('',(124.29304882405,-48.90061933185,
    151.08555619144));
#3926 = CARTESIAN_POINT('',(124.28284882405,-50.2733214689,
    151.66736667857));
#3927 = CARTESIAN_POINT('',(124.27264882405,-51.64602360596,
    152.24917716569));
#3928 = CARTESIAN_POINT('',(124.26244882405,-53.01872574301,
    152.83098765282));
#3929 = CARTESIAN_POINT('',(124.08520735338,-76.87164197553,
    162.94088435801));
#3930 = CARTESIAN_POINT('',(123.9181658827,-99.351856071,172.46897057608
    ));
#3931 = CARTESIAN_POINT('',(123.75112441202,-121.8320701664,
    181.99705679415));
#3932 = CARTESIAN_POINT('',(123.58408294135,-144.3122842619,
    191.52514301222));
#3933 = CARTESIAN_POINT('',(123.41704147067,-166.7924983574,
    201.05322923029));
#3934 = CARTESIAN_POINT('',(123.2398,-190.6454145899,211.16312593549));
#3935 = CARTESIAN_POINT('',(123.2296,-192.0181167269,211.74493642262));
#3936 = CARTESIAN_POINT('',(123.2194,-193.390818864,212.32674690974));
#3937 = CARTESIAN_POINT('',(123.2092,-194.763521001,212.90855739687));
#3938 = CARTESIAN_POINT('',(123.199,-196.1362231381,213.49036788399));
#3939 = CARTESIAN_POINT('',(123.1888,-197.5089252751,214.07217837112));
#3940 = CARTESIAN_POINT('',(124.31082568737,-43.03431590024,
    157.28522323251));
#3941 = CARTESIAN_POINT('',(124.30062568737,-44.4070180373,
    157.86703371963));
#3942 = CARTESIAN_POINT('',(124.29042568737,-45.77972017435,
    158.44884420676));
#3943 = CARTESIAN_POINT('',(124.28022568737,-47.1524223114,
    159.03065469388));
#3944 = CARTESIAN_POINT('',(124.27002568737,-48.52512444846,
    159.61246518101));
#3945 = CARTESIAN_POINT('',(124.25982568737,-49.89782658551,
    160.19427566813));
#3946 = CARTESIAN_POINT('',(124.0825842167,-73.75074281803,
    170.30417237333));
#3947 = CARTESIAN_POINT('',(123.91554274602,-96.2309569135,
    179.8322585914));
#3948 = CARTESIAN_POINT('',(123.74850127534,-118.7111710089,
    189.36034480947));
#3949 = CARTESIAN_POINT('',(123.58145980467,-141.1913851044,
    198.88843102754));
#3950 = CARTESIAN_POINT('',(123.41441833399,-163.6715991999,
    208.41651724561));
#3951 = CARTESIAN_POINT('',(123.23717686331,-187.5245154324,
    218.52641395081));
#3952 = CARTESIAN_POINT('',(123.22697686331,-188.8972175694,
    219.10822443793));
#3953 = CARTESIAN_POINT('',(123.21677686331,-190.2699197065,
    219.69003492506));
#3954 = CARTESIAN_POINT('',(123.20657686331,-191.6426218435,
    220.27184541218));
#3955 = CARTESIAN_POINT('',(123.19637686331,-193.0153239806,
    220.85365589931));
#3956 = CARTESIAN_POINT('',(123.18617686331,-194.3880261176,
    221.43546638643));
#3957 = CARTESIAN_POINT('',(116.31363646992,-42.983941416,
    157.26387234915));
#3958 = CARTESIAN_POINT('',(116.30343646992,-44.35664355306,
    157.84568283627));
#3959 = CARTESIAN_POINT('',(116.29323646992,-45.72934569011,
    158.4274933234));
#3960 = CARTESIAN_POINT('',(116.28303646992,-47.10204782716,
    159.00930381052));
#3961 = CARTESIAN_POINT('',(116.27283646992,-48.47474996422,
    159.59111429765));
#3962 = CARTESIAN_POINT('',(116.26263646992,-49.84745210127,
    160.17292478477));
#3963 = CARTESIAN_POINT('',(116.08539499924,-73.70036833379,
    170.28282148997));
#3964 = CARTESIAN_POINT('',(115.91835352857,-96.18058242926,
    179.81090770804));
#3965 = CARTESIAN_POINT('',(115.75131205789,-118.6607965247,
    189.33899392611));
#3966 = CARTESIAN_POINT('',(115.58427058721,-141.1410106201,
    198.86708014418));
#3967 = CARTESIAN_POINT('',(115.41722911654,-163.6212247156,
    208.39516636225));
#3968 = CARTESIAN_POINT('',(115.23998764586,-187.4741409481,
    218.50506306745));
#3969 = CARTESIAN_POINT('',(115.22978764586,-188.8468430852,
    219.08687355457));
#3970 = CARTESIAN_POINT('',(115.21958764586,-190.2195452222,
    219.6686840417));
#3971 = CARTESIAN_POINT('',(115.20938764586,-191.5922473593,
    220.25049452882));
#3972 = CARTESIAN_POINT('',(115.19918764586,-192.9649494963,
    220.83230501595));
#3973 = CARTESIAN_POINT('',(115.18898764586,-194.3376516334,
    221.41411550307));
#3974 = ADVANCED_FACE('',(#3975),#4016,.T.);
#3975 = FACE_BOUND('',#3976,.T.);
#3976 = EDGE_LOOP('',(#3977,#3988,#3996,#3997,#3998,#4008));
#3977 = ORIENTED_EDGE('',*,*,#3978,.T.);
#3978 = EDGE_CURVE('',#3979,#3981,#3983,.T.);
#3979 = VERTEX_POINT('',#3980);
#3980 = CARTESIAN_POINT('',(114.25,-34.92676005567,184.74325366667));
#3981 = VERTEX_POINT('',#3982);
#3982 = CARTESIAN_POINT('',(114.25,-60.22270941836,164.57040720341));
#3983 = CIRCLE('',#3984,78.);
#3984 = AXIS2_PLACEMENT_3D('',#3985,#3986,#3987);
#3985 = CARTESIAN_POINT('',(114.25,0.,115.));
#3986 = DIRECTION('',(1.,0.,-2.22044604925E-16));
#3987 = DIRECTION('',(-2.22044604925E-16,0.,-1.));
#3988 = ORIENTED_EDGE('',*,*,#3989,.T.);
#3989 = EDGE_CURVE('',#3981,#3863,#3990,.T.);
#3990 = B_SPLINE_CURVE_WITH_KNOTS('',4,(#3991,#3992,#3993,#3994,#3995),
  .UNSPECIFIED.,.F.,.F.,(5,5),(0.,1.),.PIECEWISE_BEZIER_KNOTS.);
#3991 = CARTESIAN_POINT('',(114.2499994,-60.22270941836,164.57040720341)
  );
#3992 = CARTESIAN_POINT('',(114.73388522167,-60.22270941836,
    164.57040720341));
#3993 = CARTESIAN_POINT('',(115.21777104333,-60.22270941836,
    164.5704072034));
#3994 = CARTESIAN_POINT('',(115.701656865,-60.22270941836,
    164.57040720341));
#3995 = CARTESIAN_POINT('',(116.18554268667,-60.22270941836,
    164.57040720341));
#3996 = ORIENTED_EDGE('',*,*,#3862,.T.);
#3997 = ORIENTED_EDGE('',*,*,#1789,.F.);
#3998 = ORIENTED_EDGE('',*,*,#3999,.T.);
#3999 = EDGE_CURVE('',#1727,#4000,#4002,.T.);
#4000 = VERTEX_POINT('',#4001);
#4001 = CARTESIAN_POINT('',(116.18554208667,-34.92676005567,
    184.74325366667));
#4002 = B_SPLINE_CURVE_WITH_KNOTS('',4,(#4003,#4004,#4005,#4006,#4007),
  .UNSPECIFIED.,.F.,.F.,(5,5),(0.,1.),.PIECEWISE_BEZIER_KNOTS.);
#4003 = CARTESIAN_POINT('',(116.2500006,-34.92651790777,184.74337493151)
  );
#4004 = CARTESIAN_POINT('',(116.23386005506,-34.92663917944,
    184.74331420034));
#4005 = CARTESIAN_POINT('',(116.2177366414,-34.92671982981,
    184.74327381139));
#4006 = CARTESIAN_POINT('',(116.20163057992,-34.92676005567,
    184.74325366667));
#4007 = CARTESIAN_POINT('',(116.18554208667,-34.92676005567,
    184.74325366667));
#4008 = ORIENTED_EDGE('',*,*,#4009,.T.);
#4009 = EDGE_CURVE('',#4000,#3979,#4010,.T.);
#4010 = B_SPLINE_CURVE_WITH_KNOTS('',4,(#4011,#4012,#4013,#4014,#4015),
  .UNSPECIFIED.,.F.,.F.,(5,5),(0.,1.),.PIECEWISE_BEZIER_KNOTS.);
#4011 = CARTESIAN_POINT('',(116.18554268667,-34.92676005567,
    184.74325366667));
#4012 = CARTESIAN_POINT('',(115.701656865,-34.92676005567,
    184.74325366667));
#4013 = CARTESIAN_POINT('',(115.21777104333,-34.92676005567,
    184.74325366667));
#4014 = CARTESIAN_POINT('',(114.73388522167,-34.92676005567,
    184.74325366667));
#4015 = CARTESIAN_POINT('',(114.2499994,-34.92676005567,184.74325366667)
  );
#4016 = CYLINDRICAL_SURFACE('',#4017,78.);
#4017 = AXIS2_PLACEMENT_3D('',#4018,#4019,#4020);
#4018 = CARTESIAN_POINT('',(106.25,0.,115.));
#4019 = DIRECTION('',(1.,0.,-2.22044604925E-16));
#4020 = DIRECTION('',(-2.22044604925E-16,0.,-1.));
#4021 = ADVANCED_FACE('',(#4022),#4099,.T.);
#4022 = FACE_BOUND('',#4023,.T.);
#4023 = EDGE_LOOP('',(#4024,#4046,#4047,#4048,#4070));
#4024 = ORIENTED_EDGE('',*,*,#4025,.F.);
#4025 = EDGE_CURVE('',#4000,#4026,#4028,.T.);
#4026 = VERTEX_POINT('',#4027);
#4027 = CARTESIAN_POINT('',(115.25243646992,-58.87357294492,
    319.01446617507));
#4028 = B_SPLINE_CURVE_WITH_KNOTS('',6,(#4029,#4030,#4031,#4032,#4033,
    #4034,#4035,#4036,#4037,#4038,#4039,#4040,#4041,#4042,#4043,#4044,
    #4045),.UNSPECIFIED.,.F.,.F.,(7,5,5,7),(-8.890959613726,
    5.471370022866E-02,146.55455944062,155.50023275457),.UNSPECIFIED.);
#4029 = CARTESIAN_POINT('',(116.31363646992,-31.63940204106,
    166.31084060979));
#4030 = CARTESIAN_POINT('',(116.30343646992,-31.90117036298,
    167.7785912513));
#4031 = CARTESIAN_POINT('',(116.29323646992,-32.1629386849,
    169.2463418928));
#4032 = CARTESIAN_POINT('',(116.28303646992,-32.42470700681,
    170.71409253431));
#4033 = CARTESIAN_POINT('',(116.27283646992,-32.68647532873,
    172.18184317581));
#4034 = CARTESIAN_POINT('',(116.26263646992,-32.94824365065,
    173.64959381732));
#4035 = CARTESIAN_POINT('',(116.08539499924,-37.49689094018,
    199.15413129638));
#4036 = CARTESIAN_POINT('',(115.91835352857,-41.78376990779,
    223.19091813394));
#4037 = CARTESIAN_POINT('',(115.75131205789,-46.0706488754,
    247.22770497149));
#4038 = CARTESIAN_POINT('',(115.58427058721,-50.35752784301,
    271.26449180905));
#4039 = CARTESIAN_POINT('',(115.41722911654,-54.64440681062,
    295.30127864661));
#4040 = CARTESIAN_POINT('',(115.23998764586,-59.19305410015,
    320.80581612567));
#4041 = CARTESIAN_POINT('',(115.22978764586,-59.45482242206,
    322.27356676717));
#4042 = CARTESIAN_POINT('',(115.21958764586,-59.71659074398,
    323.74131740868));
#4043 = CARTESIAN_POINT('',(115.20938764586,-59.9783590659,
    325.20906805018));
#4044 = CARTESIAN_POINT('',(115.19918764586,-60.24012738782,
    326.67681869169));
#4045 = CARTESIAN_POINT('',(115.18898764586,-60.50189570973,
    328.1445693332));
#4046 = ORIENTED_EDGE('',*,*,#3999,.F.);
#4047 = ORIENTED_EDGE('',*,*,#1726,.T.);
#4048 = ORIENTED_EDGE('',*,*,#4049,.T.);
#4049 = EDGE_CURVE('',#1688,#4050,#4052,.T.);
#4050 = VERTEX_POINT('',#4051);
#4051 = CARTESIAN_POINT('',(123.25,-51.06775156621,320.79609396701));
#4052 = B_SPLINE_CURVE_WITH_KNOTS('',6,(#4053,#4054,#4055,#4056,#4057,
    #4058,#4059,#4060,#4061,#4062,#4063,#4064,#4065,#4066,#4067,#4068,
    #4069),.UNSPECIFIED.,.F.,.F.,(7,5,5,7),(-8.890959613726,
    5.471370022866E-02,146.55455944062,155.50023275457),.UNSPECIFIED.);
#4053 = CARTESIAN_POINT('',(124.31344882405,-23.77586782904,
    167.76886909264));
#4054 = CARTESIAN_POINT('',(124.30324882405,-24.03763615096,
    169.23661973415));
#4055 = CARTESIAN_POINT('',(124.29304882405,-24.29940447287,
    170.70437037565));
#4056 = CARTESIAN_POINT('',(124.28284882405,-24.56117279479,
    172.17212101716));
#4057 = CARTESIAN_POINT('',(124.27264882405,-24.82294111671,
    173.63987165866));
#4058 = CARTESIAN_POINT('',(124.26244882405,-25.08470943863,
    175.10762230017));
#4059 = CARTESIAN_POINT('',(124.08520735338,-29.63335672816,
    200.61215977923));
#4060 = CARTESIAN_POINT('',(123.9181658827,-33.92023569577,
    224.64894661679));
#4061 = CARTESIAN_POINT('',(123.75112441202,-38.20711466338,
    248.68573345434));
#4062 = CARTESIAN_POINT('',(123.58408294135,-42.49399363099,
    272.7225202919));
#4063 = CARTESIAN_POINT('',(123.41704147067,-46.7808725986,
    296.75930712946));
#4064 = CARTESIAN_POINT('',(123.2398,-51.32951988813,322.26384460852));
#4065 = CARTESIAN_POINT('',(123.2296,-51.59128821004,323.73159525002));
#4066 = CARTESIAN_POINT('',(123.2194,-51.85305653196,325.19934589153));
#4067 = CARTESIAN_POINT('',(123.2092,-52.11482485388,326.66709653303));
#4068 = CARTESIAN_POINT('',(123.199,-52.3765931758,328.13484717454));
#4069 = CARTESIAN_POINT('',(123.1888,-52.63836149771,329.60259781605));
#4070 = ORIENTED_EDGE('',*,*,#4071,.F.);
#4071 = EDGE_CURVE('',#4026,#4050,#4072,.T.);
#4072 = B_SPLINE_CURVE_WITH_KNOTS('',7,(#4073,#4074,#4075,#4076,#4077,
    #4078,#4079,#4080,#4081,#4082,#4083,#4084,#4085,#4086,#4087,#4088,
    #4089,#4090,#4091,#4092,#4093,#4094,#4095,#4096,#4097,#4098),
  .UNSPECIFIED.,.F.,.F.,(8,6,6,6,8),(0.,0.246925498661,0.497996622871,
    0.749070781753,1.),.UNSPECIFIED.);
#4073 = CARTESIAN_POINT('',(115.25243646992,-58.87357294492,
    319.01446617507));
#4074 = CARTESIAN_POINT('',(115.6517537518,-58.87357294492,
    319.01446617507));
#4075 = CARTESIAN_POINT('',(116.06063670095,-58.85087655382,
    319.01964647823));
#4076 = CARTESIAN_POINT('',(116.47705974607,-58.80352869232,
    319.03045331864));
#4077 = CARTESIAN_POINT('',(116.89850506259,-58.7297663817,
    319.0472890847));
#4078 = CARTESIAN_POINT('',(117.32195720698,-58.62821417528,
    319.07046771312));
#4079 = CARTESIAN_POINT('',(117.74401015744,-58.49805038354,
    319.10017674919));
#4080 = CARTESIAN_POINT('',(118.58516565279,-58.17756992873,
    319.17332432167));
#4081 = CARTESIAN_POINT('',(119.00410108161,-57.9862786922,
    319.21698529811));
#4082 = CARTESIAN_POINT('',(119.4141310401,-57.7651292746,
    319.26746120955));
#4083 = CARTESIAN_POINT('',(119.81131294645,-57.51470096692,
    319.32461983658));
#4084 = CARTESIAN_POINT('',(120.19175186804,-57.2364122124,
    319.38813742879));
#4085 = CARTESIAN_POINT('',(120.551938471,-56.93248089445,
    319.45750776878));
#4086 = CARTESIAN_POINT('',(121.22598116321,-56.27894451632,
    319.60667318236));
#4087 = CARTESIAN_POINT('',(121.5398380168,-55.92933761784,
    319.68646867554));
#4088 = CARTESIAN_POINT('',(121.82761354318,-55.55970203306,
    319.77083558567));
#4089 = CARTESIAN_POINT('',(122.08698746534,-55.1734354151,
    319.85899842059));
#4090 = CARTESIAN_POINT('',(122.31645289301,-54.77432550633,
    319.95009265283));
#4091 = CARTESIAN_POINT('',(122.51536398735,-54.36622045995,
    320.04323996654));
#4092 = CARTESIAN_POINT('',(122.85217501518,-53.53962410879,
    320.23190518964));
#4093 = CARTESIAN_POINT('',(122.99011075315,-53.12113763445,
    320.32742199653));
#4094 = CARTESIAN_POINT('',(123.0977231605,-52.70101807987,
    320.42331154333));
#4095 = CARTESIAN_POINT('',(123.17585567216,-52.28277339201,
    320.51877316403));
#4096 = CARTESIAN_POINT('',(123.22598727738,-51.86950807362,
    320.61309827614));
#4097 = CARTESIAN_POINT('',(123.25,-51.46380929719,320.70569637443));
#4098 = CARTESIAN_POINT('',(123.25,-51.06775156621,320.79609396701));
#4099 = ( BOUNDED_SURFACE() B_SPLINE_SURFACE(2,6,(
    (#4100,#4101,#4102,#4103,#4104,#4105,#4106,#4107,#4108,#4109,#4110
      ,#4111,#4112,#4113,#4114,#4115,#4116)
    ,(#4117,#4118,#4119,#4120,#4121,#4122,#4123,#4124,#4125,#4126,#4127
      ,#4128,#4129,#4130,#4131,#4132,#4133)
    ,(#4134,#4135,#4136,#4137,#4138,#4139,#4140,#4141,#4142,#4143,#4144
      ,#4145,#4146,#4147,#4148,#4149,#4150
)),.UNSPECIFIED.,.F.,.F.,.F.) B_SPLINE_SURFACE_WITH_KNOTS((3,3),(7,5,5,7
    ),(0.,146.49984574039),(-8.890959613726,5.471370022866E-02,
    146.55455944062,155.50023275457),.UNSPECIFIED.) 
GEOMETRIC_REPRESENTATION_ITEM() RATIONAL_B_SPLINE_SURFACE((
    (1.,1.,1.,1.,1.,1.,1.,1.,1.,1.,1.,1.,1.,1.,1.,1.,1.)
    ,(0.707222739782,0.707222739782,0.707222739782,0.707222739782
      ,0.707222739782,0.707222739782,0.707222739782,0.707222739782
      ,0.707222739782,0.707222739782,0.707222739782,0.707222739782
      ,0.707222739782,0.707222739782,0.707222739782,0.707222739782
      ,0.707222739782)
    ,(1.,1.,1.,1.,1.,1.,1.,1.,1.,1.,1.,1.,1.,1.,1.,1.,1.
))) REPRESENTATION_ITEM('') SURFACE() );
#4100 = CARTESIAN_POINT('',(116.31363646992,-31.63940204106,
    166.31084060979));
#4101 = CARTESIAN_POINT('',(116.30343646992,-31.90117036298,
    167.7785912513));
#4102 = CARTESIAN_POINT('',(116.29323646992,-32.1629386849,
    169.2463418928));
#4103 = CARTESIAN_POINT('',(116.28303646992,-32.42470700681,
    170.71409253431));
#4104 = CARTESIAN_POINT('',(116.27283646992,-32.68647532873,
    172.18184317581));
#4105 = CARTESIAN_POINT('',(116.26263646992,-32.94824365065,
    173.64959381732));
#4106 = CARTESIAN_POINT('',(116.08539499924,-37.49689094018,
    199.15413129638));
#4107 = CARTESIAN_POINT('',(115.91835352857,-41.78376990779,
    223.19091813394));
#4108 = CARTESIAN_POINT('',(115.75131205789,-46.0706488754,
    247.22770497149));
#4109 = CARTESIAN_POINT('',(115.58427058721,-50.35752784301,
    271.26449180905));
#4110 = CARTESIAN_POINT('',(115.41722911654,-54.64440681062,
    295.30127864661));
#4111 = CARTESIAN_POINT('',(115.23998764586,-59.19305410015,
    320.80581612567));
#4112 = CARTESIAN_POINT('',(115.22978764586,-59.45482242206,
    322.27356676717));
#4113 = CARTESIAN_POINT('',(115.21958764586,-59.71659074398,
    323.74131740868));
#4114 = CARTESIAN_POINT('',(115.20938764586,-59.9783590659,
    325.20906805018));
#4115 = CARTESIAN_POINT('',(115.19918764586,-60.24012738782,
    326.67681869169));
#4116 = CARTESIAN_POINT('',(115.18898764586,-60.50189570973,
    328.1445693332));
#4117 = CARTESIAN_POINT('',(124.31082568737,-31.64900823591,
    166.36470311905));
#4118 = CARTESIAN_POINT('',(124.30062568737,-31.91077655783,
    167.83245376055));
#4119 = CARTESIAN_POINT('',(124.29042568737,-32.17254487975,
    169.30020440206));
#4120 = CARTESIAN_POINT('',(124.28022568737,-32.43431320167,
    170.76795504356));
#4121 = CARTESIAN_POINT('',(124.27002568737,-32.69608152359,
    172.23570568507));
#4122 = CARTESIAN_POINT('',(124.25982568737,-32.9578498455,
    173.70345632657));
#4123 = CARTESIAN_POINT('',(124.0825842167,-37.50649713503,
    199.20799380564));
#4124 = CARTESIAN_POINT('',(123.91554274602,-41.79337610264,
    223.24478064319));
#4125 = CARTESIAN_POINT('',(123.74850127534,-46.08025507025,
    247.28156748075));
#4126 = CARTESIAN_POINT('',(123.58145980467,-50.36713403786,
    271.3183543183));
#4127 = CARTESIAN_POINT('',(123.41441833399,-54.65401300547,
    295.35514115586));
#4128 = CARTESIAN_POINT('',(123.23717686331,-59.202660295,
    320.85967863492));
#4129 = CARTESIAN_POINT('',(123.22697686331,-59.46442861692,
    322.32742927643));
#4130 = CARTESIAN_POINT('',(123.21677686331,-59.72619693884,
    323.79517991793));
#4131 = CARTESIAN_POINT('',(123.20657686331,-59.98796526075,
    325.26293055944));
#4132 = CARTESIAN_POINT('',(123.19637686331,-60.24973358267,
    326.73068120094));
#4133 = CARTESIAN_POINT('',(123.18617686331,-60.51150190459,
    328.19843184245));
#4134 = CARTESIAN_POINT('',(124.31344882405,-23.77586782904,
    167.76886909264));
#4135 = CARTESIAN_POINT('',(124.30324882405,-24.03763615096,
    169.23661973415));
#4136 = CARTESIAN_POINT('',(124.29304882405,-24.29940447287,
    170.70437037565));
#4137 = CARTESIAN_POINT('',(124.28284882405,-24.56117279479,
    172.17212101716));
#4138 = CARTESIAN_POINT('',(124.27264882405,-24.82294111671,
    173.63987165866));
#4139 = CARTESIAN_POINT('',(124.26244882405,-25.08470943863,
    175.10762230017));
#4140 = CARTESIAN_POINT('',(124.08520735338,-29.63335672816,
    200.61215977923));
#4141 = CARTESIAN_POINT('',(123.9181658827,-33.92023569577,
    224.64894661679));
#4142 = CARTESIAN_POINT('',(123.75112441202,-38.20711466338,
    248.68573345434));
#4143 = CARTESIAN_POINT('',(123.58408294135,-42.49399363099,
    272.7225202919));
#4144 = CARTESIAN_POINT('',(123.41704147067,-46.7808725986,
    296.75930712946));
#4145 = CARTESIAN_POINT('',(123.2398,-51.32951988813,322.26384460852));
#4146 = CARTESIAN_POINT('',(123.2296,-51.59128821004,323.73159525002));
#4147 = CARTESIAN_POINT('',(123.2194,-51.85305653196,325.19934589153));
#4148 = CARTESIAN_POINT('',(123.2092,-52.11482485388,326.66709653303));
#4149 = CARTESIAN_POINT('',(123.199,-52.3765931758,328.13484717454));
#4150 = CARTESIAN_POINT('',(123.1888,-52.63836149771,329.60259781605));
#4151 = ADVANCED_FACE('',(#4152),#4184,.T.);
#4152 = FACE_BOUND('',#4153,.T.);
#4153 = EDGE_LOOP('',(#4154,#4155,#4156,#4178));
#4154 = ORIENTED_EDGE('',*,*,#4049,.F.);
#4155 = ORIENTED_EDGE('',*,*,#1687,.T.);
#4156 = ORIENTED_EDGE('',*,*,#4157,.T.);
#4157 = EDGE_CURVE('',#1604,#4158,#4160,.T.);
#4158 = VERTEX_POINT('',#4159);
#4159 = CARTESIAN_POINT('',(123.25,-43.28112443126,322.57334079807));
#4160 = B_SPLINE_CURVE_WITH_KNOTS('',6,(#4161,#4162,#4163,#4164,#4165,
    #4166,#4167,#4168,#4169,#4170,#4171,#4172,#4173,#4174,#4175,#4176,
    #4177),.UNSPECIFIED.,.F.,.F.,(7,5,5,7),(-8.890959613726,
    5.471370022857E-02,146.55455944062,155.50023275457),.UNSPECIFIED.);
#4161 = CARTESIAN_POINT('',(124.31344882405,-1.474237509592,
    172.85907068132));
#4162 = CARTESIAN_POINT('',(124.30324882405,-1.875225537369,
    174.29504533346));
#4163 = CARTESIAN_POINT('',(124.29304882405,-2.276213565147,
    175.73101998559));
#4164 = CARTESIAN_POINT('',(124.28284882405,-2.677201592924,
    177.16699463773));
#4165 = CARTESIAN_POINT('',(124.27264882405,-3.078189620702,
    178.60296928987));
#4166 = CARTESIAN_POINT('',(124.26244882405,-3.479177648479,
    180.038943942));
#4167 = CARTESIAN_POINT('',(124.08520735338,-10.44699213542,
    204.99132229479));
#4168 = CARTESIAN_POINT('',(123.9181658827,-17.01381859459,
    228.50772599545));
#4169 = CARTESIAN_POINT('',(123.75112441202,-23.58064505376,
    252.02412969611));
#4170 = CARTESIAN_POINT('',(123.58408294135,-30.14747151292,
    275.54053339676));
#4171 = CARTESIAN_POINT('',(123.41704147067,-36.71429797209,
    299.05693709742));
#4172 = CARTESIAN_POINT('',(123.2398,-43.68211245904,324.00931545021));
#4173 = CARTESIAN_POINT('',(123.2296,-44.08310048682,325.44529010235));
#4174 = CARTESIAN_POINT('',(123.2194,-44.48408851459,326.88126475448));
#4175 = CARTESIAN_POINT('',(123.2092,-44.88507654237,328.31723940662));
#4176 = CARTESIAN_POINT('',(123.199,-45.28606457015,329.75321405876));
#4177 = CARTESIAN_POINT('',(123.1888,-45.68705259793,331.18918871089));
#4178 = ORIENTED_EDGE('',*,*,#4179,.F.);
#4179 = EDGE_CURVE('',#4050,#4158,#4180,.T.);
#4180 = LINE('',#4181,#4182);
#4181 = CARTESIAN_POINT('',(123.25,-58.87357294492,319.01446617507));
#4182 = VECTOR('',#4183,1.);
#4183 = DIRECTION('',(4.940957286788E-17,0.974927912182,0.222520933956)
  );
#4184 = B_SPLINE_SURFACE_WITH_KNOTS('',1,1,(
    (#4185,#4186)
    ,(#4187,#4188
    )),.UNSPECIFIED.,.F.,.F.,.F.,(2,2),(2,2),(0.,38.),(0.,1.),
  .PIECEWISE_BEZIER_KNOTS.);
#4185 = CARTESIAN_POINT('',(124.25,-33.21001197257,175.11734445883));
#4186 = CARTESIAN_POINT('',(123.25,-58.87357294492,319.01446617507));
#4187 = CARTESIAN_POINT('',(124.25,3.837248690338,183.57313994917));
#4188 = CARTESIAN_POINT('',(123.25,-35.47530305255,324.35496859002));
#4189 = ADVANCED_FACE('',(#4190),#4255,.T.);
#4190 = FACE_BOUND('',#4191,.T.);
#4191 = EDGE_LOOP('',(#4192,#4193,#4194,#4204,#4226));
#4192 = ORIENTED_EDGE('',*,*,#4157,.F.);
#4193 = ORIENTED_EDGE('',*,*,#1603,.T.);
#4194 = ORIENTED_EDGE('',*,*,#4195,.F.);
#4195 = EDGE_CURVE('',#4196,#1595,#4198,.T.);
#4196 = VERTEX_POINT('',#4197);
#4197 = CARTESIAN_POINT('',(116.18554208667,1.207459787736,
    192.9906535481));
#4198 = B_SPLINE_CURVE_WITH_KNOTS('',4,(#4199,#4200,#4201,#4202,#4203),
  .UNSPECIFIED.,.F.,.F.,(5,5),(0.,1.),.PIECEWISE_BEZIER_KNOTS.);
#4199 = CARTESIAN_POINT('',(116.18554208667,1.207459787736,
    192.9906535481));
#4200 = CARTESIAN_POINT('',(116.20163057992,1.207459787736,
    192.9906535481));
#4201 = CARTESIAN_POINT('',(116.2177366414,1.207414805023,
    192.99065424453));
#4202 = CARTESIAN_POINT('',(116.23386005506,1.207324617445,
    192.99065564083));
#4203 = CARTESIAN_POINT('',(116.2500006,1.207189005181,192.99065773992)
  );
#4204 = ORIENTED_EDGE('',*,*,#4205,.T.);
#4205 = EDGE_CURVE('',#4196,#4206,#4208,.T.);
#4206 = VERTEX_POINT('',#4207);
#4207 = CARTESIAN_POINT('',(115.25243646992,-35.47530305255,
    324.35496859002));
#4208 = B_SPLINE_CURVE_WITH_KNOTS('',6,(#4209,#4210,#4211,#4212,#4213,
    #4214,#4215,#4216,#4217,#4218,#4219,#4220,#4221,#4222,#4223,#4224,
    #4225),.UNSPECIFIED.,.F.,.F.,(7,5,5,7),(-8.890959613726,
    5.471370022857E-02,146.55455944062,155.50023275457),.UNSPECIFIED.);
#4209 = CARTESIAN_POINT('',(116.31363646992,6.243176857003,
    174.95729203635));
#4210 = CARTESIAN_POINT('',(116.30343646992,5.842188829226,
    176.39326668848));
#4211 = CARTESIAN_POINT('',(116.29323646992,5.441200801448,
    177.82924134062));
#4212 = CARTESIAN_POINT('',(116.28303646992,5.04021277367,
    179.26521599276));
#4213 = CARTESIAN_POINT('',(116.27283646992,4.639224745893,
    180.70119064489));
#4214 = CARTESIAN_POINT('',(116.26263646992,4.238236718115,
    182.13716529703));
#4215 = CARTESIAN_POINT('',(116.08539499924,-2.72957776883,
    207.08954364982));
#4216 = CARTESIAN_POINT('',(115.91835352857,-9.296404227998,
    230.60594735048));
#4217 = CARTESIAN_POINT('',(115.75131205789,-15.86323068716,
    254.12235105113));
#4218 = CARTESIAN_POINT('',(115.58427058721,-22.43005714633,
    277.63875475179));
#4219 = CARTESIAN_POINT('',(115.41722911654,-28.9968836055,
    301.15515845244));
#4220 = CARTESIAN_POINT('',(115.23998764586,-35.96469809244,
    326.10753680524));
#4221 = CARTESIAN_POINT('',(115.22978764586,-36.36568612022,
    327.54351145737));
#4222 = CARTESIAN_POINT('',(115.21958764586,-36.766674148,
    328.97948610951));
#4223 = CARTESIAN_POINT('',(115.20938764586,-37.16766217578,
    330.41546076165));
#4224 = CARTESIAN_POINT('',(115.19918764586,-37.56865020355,
    331.85143541378));
#4225 = CARTESIAN_POINT('',(115.18898764586,-37.96963823133,
    333.28741006592));
#4226 = ORIENTED_EDGE('',*,*,#4227,.F.);
#4227 = EDGE_CURVE('',#4158,#4206,#4228,.T.);
#4228 = B_SPLINE_CURVE_WITH_KNOTS('',7,(#4229,#4230,#4231,#4232,#4233,
    #4234,#4235,#4236,#4237,#4238,#4239,#4240,#4241,#4242,#4243,#4244,
    #4245,#4246,#4247,#4248,#4249,#4250,#4251,#4252,#4253,#4254),
  .UNSPECIFIED.,.F.,.F.,(8,6,6,6,8),(0.,0.250659805483,0.50273427514,
    0.752805088586,1.),.UNSPECIFIED.);
#4229 = CARTESIAN_POINT('',(123.25,-43.28112443126,322.57334079807));
#4230 = CARTESIAN_POINT('',(123.25,-42.88549193193,322.6636413343));
#4231 = CARTESIAN_POINT('',(123.22603801296,-42.4802390641,
    322.75613765686));
#4232 = CARTESIAN_POINT('',(123.1760190718,-42.06743375796,
    322.85035777418));
#4233 = CARTESIAN_POINT('',(123.09805650364,-41.64965405463,
    322.9457132652));
#4234 = CARTESIAN_POINT('',(122.99068891368,-41.22999370401,
    323.04149800169));
#4235 = CARTESIAN_POINT('',(122.85306307177,-40.81194780452,
    323.13691425024));
#4236 = CARTESIAN_POINT('',(122.51615429057,-39.9840795935,
    323.32586976706));
#4237 = CARTESIAN_POINT('',(122.31652628374,-39.57431565756,
    323.41939571148));
#4238 = CARTESIAN_POINT('',(122.08609691151,-39.17361283457,
    323.510853516));
#4239 = CARTESIAN_POINT('',(121.82551913743,-38.78586614539,
    323.59935416752));
#4240 = CARTESIAN_POINT('',(121.53632127177,-38.41490927486,
    323.6840226525));
#4241 = CARTESIAN_POINT('',(121.22085793965,-38.06417782694,
    323.76407481675));
#4242 = CARTESIAN_POINT('',(120.54600669468,-37.41143989098,
    323.91305799112));
#4243 = CARTESIAN_POINT('',(120.18698654169,-37.10906698754,
    323.98207263316));
#4244 = CARTESIAN_POINT('',(119.80791256948,-36.83215530805,
    324.04527591699));
#4245 = CARTESIAN_POINT('',(119.41225503232,-36.5828900959,
    324.10216907505));
#4246 = CARTESIAN_POINT('',(119.00386195535,-36.36266974984,
    324.15243293197));
#4247 = CARTESIAN_POINT('',(118.58662831004,-36.17206726805,
    324.19593670464));
#4248 = CARTESIAN_POINT('',(117.74677308511,-35.85167823202,
    324.26906341138));
#4249 = CARTESIAN_POINT('',(117.3242673249,-35.72121616775,
    324.29884052621));
#4250 = CARTESIAN_POINT('',(116.90034441624,-35.61943172461,
    324.32207216115));
#4251 = CARTESIAN_POINT('',(116.47842282251,-35.54550236811,
    324.33894605433));
#4252 = CARTESIAN_POINT('',(116.06152895767,-35.4980490006,
    324.34977697581));
#4253 = CARTESIAN_POINT('',(115.65218943704,-35.47530305255,
    324.35496859002));
#4254 = CARTESIAN_POINT('',(115.25243646992,-35.47530305255,
    324.35496859002));
#4255 = ( BOUNDED_SURFACE() B_SPLINE_SURFACE(2,6,(
    (#4256,#4257,#4258,#4259,#4260,#4261,#4262,#4263,#4264,#4265,#4266
      ,#4267,#4268,#4269,#4270,#4271,#4272)
    ,(#4273,#4274,#4275,#4276,#4277,#4278,#4279,#4280,#4281,#4282,#4283
      ,#4284,#4285,#4286,#4287,#4288,#4289)
    ,(#4290,#4291,#4292,#4293,#4294,#4295,#4296,#4297,#4298,#4299,#4300
      ,#4301,#4302,#4303,#4304,#4305,#4306
)),.UNSPECIFIED.,.F.,.F.,.F.) B_SPLINE_SURFACE_WITH_KNOTS((3,3),(7,5,5,7
    ),(0.,146.49984574039),(-8.890959613726,5.471370022857E-02,
    146.55455944062,155.50023275457),.UNSPECIFIED.) 
GEOMETRIC_REPRESENTATION_ITEM() RATIONAL_B_SPLINE_SURFACE((
    (1.,1.,1.,1.,1.,1.,1.,1.,1.,1.,1.,1.,1.,1.,1.,1.,1.)
    ,(0.707222739782,0.707222739782,0.707222739782,0.707222739782
      ,0.707222739782,0.707222739782,0.707222739782,0.707222739782
      ,0.707222739782,0.707222739782,0.707222739782,0.707222739782
      ,0.707222739782,0.707222739782,0.707222739782,0.707222739782
      ,0.707222739782)
    ,(1.,1.,1.,1.,1.,1.,1.,1.,1.,1.,1.,1.,1.,1.,1.,1.,1.
))) REPRESENTATION_ITEM('') SURFACE() );
#4256 = CARTESIAN_POINT('',(124.31344882405,-1.474237509592,
    172.85907068132));
#4257 = CARTESIAN_POINT('',(124.30324882405,-1.875225537369,
    174.29504533346));
#4258 = CARTESIAN_POINT('',(124.29304882405,-2.276213565147,
    175.73101998559));
#4259 = CARTESIAN_POINT('',(124.28284882405,-2.677201592924,
    177.16699463773));
#4260 = CARTESIAN_POINT('',(124.27264882405,-3.078189620702,
    178.60296928987));
#4261 = CARTESIAN_POINT('',(124.26244882405,-3.479177648479,
    180.038943942));
#4262 = CARTESIAN_POINT('',(124.08520735338,-10.44699213542,
    204.99132229479));
#4263 = CARTESIAN_POINT('',(123.9181658827,-17.01381859459,
    228.50772599545));
#4264 = CARTESIAN_POINT('',(123.75112441202,-23.58064505376,
    252.02412969611));
#4265 = CARTESIAN_POINT('',(123.58408294135,-30.14747151292,
    275.54053339676));
#4266 = CARTESIAN_POINT('',(123.41704147067,-36.71429797209,
    299.05693709742));
#4267 = CARTESIAN_POINT('',(123.2398,-43.68211245904,324.00931545021));
#4268 = CARTESIAN_POINT('',(123.2296,-44.08310048682,325.44529010235));
#4269 = CARTESIAN_POINT('',(123.2194,-44.48408851459,326.88126475448));
#4270 = CARTESIAN_POINT('',(123.2092,-44.88507654237,328.31723940662));
#4271 = CARTESIAN_POINT('',(123.199,-45.28606457015,329.75321405876));
#4272 = CARTESIAN_POINT('',(123.1888,-45.68705259793,331.18918871089));
#4273 = CARTESIAN_POINT('',(124.31082568737,6.228461672594,
    175.00998845207));
#4274 = CARTESIAN_POINT('',(124.30062568737,5.827473644816,
    176.44596310421));
#4275 = CARTESIAN_POINT('',(124.29042568737,5.426485617039,
    177.88193775635));
#4276 = CARTESIAN_POINT('',(124.28022568737,5.025497589261,
    179.31791240848));
#4277 = CARTESIAN_POINT('',(124.27002568737,4.624509561483,
    180.75388706062));
#4278 = CARTESIAN_POINT('',(124.25982568737,4.223521533706,
    182.18986171276));
#4279 = CARTESIAN_POINT('',(124.0825842167,-2.74429295324,
    207.14224006555));
#4280 = CARTESIAN_POINT('',(123.91554274602,-9.311119412408,
    230.6586437662));
#4281 = CARTESIAN_POINT('',(123.74850127534,-15.87794587157,
    254.17504746686));
#4282 = CARTESIAN_POINT('',(123.58145980467,-22.44477233074,
    277.69145116752));
#4283 = CARTESIAN_POINT('',(123.41441833399,-29.01159878991,
    301.20785486817));
#4284 = CARTESIAN_POINT('',(123.23717686331,-35.97941327685,
    326.16023322096));
#4285 = CARTESIAN_POINT('',(123.22697686331,-36.38040130463,
    327.5962078731));
#4286 = CARTESIAN_POINT('',(123.21677686331,-36.78138933241,
    329.03218252524));
#4287 = CARTESIAN_POINT('',(123.20657686331,-37.18237736019,
    330.46815717737));
#4288 = CARTESIAN_POINT('',(123.19637686331,-37.58336538796,
    331.90413182951));
#4289 = CARTESIAN_POINT('',(123.18617686331,-37.98435341574,
    333.34010648165));
#4290 = CARTESIAN_POINT('',(116.31363646992,6.243176857003,
    174.95729203635));
#4291 = CARTESIAN_POINT('',(116.30343646992,5.842188829226,
    176.39326668848));
#4292 = CARTESIAN_POINT('',(116.29323646992,5.441200801448,
    177.82924134062));
#4293 = CARTESIAN_POINT('',(116.28303646992,5.04021277367,
    179.26521599276));
#4294 = CARTESIAN_POINT('',(116.27283646992,4.639224745893,
    180.70119064489));
#4295 = CARTESIAN_POINT('',(116.26263646992,4.238236718115,
    182.13716529703));
#4296 = CARTESIAN_POINT('',(116.08539499924,-2.72957776883,
    207.08954364982));
#4297 = CARTESIAN_POINT('',(115.91835352857,-9.296404227998,
    230.60594735048));
#4298 = CARTESIAN_POINT('',(115.75131205789,-15.86323068716,
    254.12235105113));
#4299 = CARTESIAN_POINT('',(115.58427058721,-22.43005714633,
    277.63875475179));
#4300 = CARTESIAN_POINT('',(115.41722911654,-28.9968836055,
    301.15515845244));
#4301 = CARTESIAN_POINT('',(115.23998764586,-35.96469809244,
    326.10753680524));
#4302 = CARTESIAN_POINT('',(115.22978764586,-36.36568612022,
    327.54351145737));
#4303 = CARTESIAN_POINT('',(115.21958764586,-36.766674148,
    328.97948610951));
#4304 = CARTESIAN_POINT('',(115.20938764586,-37.16766217578,
    330.41546076165));
#4305 = CARTESIAN_POINT('',(115.19918764586,-37.56865020355,
    331.85143541378));
#4306 = CARTESIAN_POINT('',(115.18898764586,-37.96963823133,
    333.28741006592));
#4307 = ADVANCED_FACE('',(#4308),#4349,.T.);
#4308 = FACE_BOUND('',#4309,.T.);
#4309 = EDGE_LOOP('',(#4310,#4322,#4331,#4339,#4340,#4341));
#4310 = ORIENTED_EDGE('',*,*,#4311,.T.);
#4311 = EDGE_CURVE('',#4312,#4314,#4316,.T.);
#4312 = VERTEX_POINT('',#4313);
#4313 = CARTESIAN_POINT('',(116.18554208667,32.750992699681,
    185.79104800174));
#4314 = VERTEX_POINT('',#4315);
#4315 = CARTESIAN_POINT('',(114.25,32.750992699681,185.79104800174));
#4316 = B_SPLINE_CURVE_WITH_KNOTS('',4,(#4317,#4318,#4319,#4320,#4321),
  .UNSPECIFIED.,.F.,.F.,(5,5),(0.,1.),.PIECEWISE_BEZIER_KNOTS.);
#4317 = CARTESIAN_POINT('',(116.18554268667,32.750992699681,
    185.79104800174));
#4318 = CARTESIAN_POINT('',(115.701656865,32.750992699681,
    185.79104800174));
#4319 = CARTESIAN_POINT('',(115.21777104333,32.750992699681,
    185.79104800174));
#4320 = CARTESIAN_POINT('',(114.73388522167,32.750992699681,
    185.79104800174));
#4321 = CARTESIAN_POINT('',(114.2499994,32.750992699681,185.79104800174)
  );
#4322 = ORIENTED_EDGE('',*,*,#4323,.T.);
#4323 = EDGE_CURVE('',#4314,#4324,#4326,.T.);
#4324 = VERTEX_POINT('',#4325);
#4325 = CARTESIAN_POINT('',(114.25,1.207459787736,192.9906535481));
#4326 = CIRCLE('',#4327,78.);
#4327 = AXIS2_PLACEMENT_3D('',#4328,#4329,#4330);
#4328 = CARTESIAN_POINT('',(114.25,0.,115.));
#4329 = DIRECTION('',(1.,0.,-2.22044604925E-16));
#4330 = DIRECTION('',(-2.22044604925E-16,0.,-1.));
#4331 = ORIENTED_EDGE('',*,*,#4332,.T.);
#4332 = EDGE_CURVE('',#4324,#4196,#4333,.T.);
#4333 = B_SPLINE_CURVE_WITH_KNOTS('',4,(#4334,#4335,#4336,#4337,#4338),
  .UNSPECIFIED.,.F.,.F.,(5,5),(0.,1.),.PIECEWISE_BEZIER_KNOTS.);
#4334 = CARTESIAN_POINT('',(114.2499994,1.207459787736,192.9906535481));
#4335 = CARTESIAN_POINT('',(114.73388522167,1.207459787736,
    192.9906535481));
#4336 = CARTESIAN_POINT('',(115.21777104333,1.207459787736,
    192.9906535481));
#4337 = CARTESIAN_POINT('',(115.701656865,1.207459787736,192.9906535481)
  );
#4338 = CARTESIAN_POINT('',(116.18554268667,1.207459787736,
    192.9906535481));
#4339 = ORIENTED_EDGE('',*,*,#4195,.T.);
#4340 = ORIENTED_EDGE('',*,*,#1594,.F.);
#4341 = ORIENTED_EDGE('',*,*,#4342,.T.);
#4342 = EDGE_CURVE('',#1518,#4312,#4343,.T.);
#4343 = B_SPLINE_CURVE_WITH_KNOTS('',4,(#4344,#4345,#4346,#4347,#4348),
  .UNSPECIFIED.,.F.,.F.,(5,5),(0.,1.),.PIECEWISE_BEZIER_KNOTS.);
#4344 = CARTESIAN_POINT('',(116.2500006,32.751238485093,185.79093429029)
  );
#4345 = CARTESIAN_POINT('',(116.23386005506,32.751115391903,
    185.79099123903));
#4346 = CARTESIAN_POINT('',(116.2177366414,32.751033529873,
    185.79102911193));
#4347 = CARTESIAN_POINT('',(116.20163057992,32.750992699681,
    185.79104800174));
#4348 = CARTESIAN_POINT('',(116.18554208667,32.750992699681,
    185.79104800174));
#4349 = CYLINDRICAL_SURFACE('',#4350,78.);
#4350 = AXIS2_PLACEMENT_3D('',#4351,#4352,#4353);
#4351 = CARTESIAN_POINT('',(106.25,0.,115.));
#4352 = DIRECTION('',(1.,0.,-2.22044604925E-16));
#4353 = DIRECTION('',(-2.22044604925E-16,0.,-1.));
#4354 = ADVANCED_FACE('',(#4355),#4432,.T.);
#4355 = FACE_BOUND('',#4356,.T.);
#4356 = EDGE_LOOP('',(#4357,#4379,#4380,#4381,#4403));
#4357 = ORIENTED_EDGE('',*,*,#4358,.F.);
#4358 = EDGE_CURVE('',#4312,#4359,#4361,.T.);
#4359 = VERTEX_POINT('',#4360);
#4360 = CARTESIAN_POINT('',(115.25243646992,122.79786020443,
    288.23015190552));
#4361 = B_SPLINE_CURVE_WITH_KNOTS('',6,(#4362,#4363,#4364,#4365,#4366,
    #4367,#4368,#4369,#4370,#4371,#4372,#4373,#4374,#4375,#4376,#4377,
    #4378),.UNSPECIFIED.,.F.,.F.,(7,5,5,7),(-8.890959613726,
    5.471370022844E-02,146.55455944062,155.50023275457),.UNSPECIFIED.);
#4362 = CARTESIAN_POINT('',(116.31363646992,20.389586071126,
    171.72846644717));
#4363 = CARTESIAN_POINT('',(116.30343646992,21.373909851903,
    172.84825271901));
#4364 = CARTESIAN_POINT('',(116.29323646992,22.358233632679,
    173.96803899085));
#4365 = CARTESIAN_POINT('',(116.28303646992,23.342557413455,
    175.08782526269));
#4366 = CARTESIAN_POINT('',(116.27283646992,24.326881194231,
    176.20761153452));
#4367 = CARTESIAN_POINT('',(116.26263646992,25.311204975008,
    177.32739780636));
#4368 = CARTESIAN_POINT('',(116.08539499924,42.41542012465,
    196.78549247928));
#4369 = CARTESIAN_POINT('',(115.91835352857,58.535311493518,
    215.12380088035));
#4370 = CARTESIAN_POINT('',(115.75131205789,74.655202862384,
    233.46210928143));
#4371 = CARTESIAN_POINT('',(115.58427058721,90.775094231251,
    251.80041768251));
#4372 = CARTESIAN_POINT('',(115.41722911654,106.89498560011,
    270.13872608358));
#4373 = CARTESIAN_POINT('',(115.23998764586,123.99920074976,
    289.5968207565));
#4374 = CARTESIAN_POINT('',(115.22978764586,124.98352453053,
    290.71660702833));
#4375 = CARTESIAN_POINT('',(115.21958764586,125.96784831131,
    291.83639330017));
#4376 = CARTESIAN_POINT('',(115.20938764586,126.95217209209,
    292.95617957201));
#4377 = CARTESIAN_POINT('',(115.19918764586,127.93649587286,
    294.07596584385));
#4378 = CARTESIAN_POINT('',(115.18898764586,128.92081965364,
    295.19575211569));
#4379 = ORIENTED_EDGE('',*,*,#4342,.F.);
#4380 = ORIENTED_EDGE('',*,*,#1517,.T.);
#4381 = ORIENTED_EDGE('',*,*,#4382,.T.);
#4382 = EDGE_CURVE('',#1479,#4383,#4385,.T.);
#4383 = VERTEX_POINT('',#4384);
#4384 = CARTESIAN_POINT('',(123.25,129.05764292697,283.23814176411));
#4385 = B_SPLINE_CURVE_WITH_KNOTS('',6,(#4386,#4387,#4388,#4389,#4390,
    #4391,#4392,#4393,#4394,#4395,#4396,#4397,#4398,#4399,#4400,#4401,
    #4402),.UNSPECIFIED.,.F.,.F.,(7,5,5,7),(-8.890959613726,
    5.471370022844E-02,146.55455944062,155.50023275457),.UNSPECIFIED.);
#4386 = CARTESIAN_POINT('',(124.31344882405,26.432352029116,
    166.48957372662));
#4387 = CARTESIAN_POINT('',(124.30324882405,27.416675809892,
    167.60935999846));
#4388 = CARTESIAN_POINT('',(124.29304882405,28.400999590668,
    168.7291462703));
#4389 = CARTESIAN_POINT('',(124.28284882405,29.385323371444,
    169.84893254214));
#4390 = CARTESIAN_POINT('',(124.27264882405,30.369647152221,
    170.96871881398));
#4391 = CARTESIAN_POINT('',(124.26244882405,31.353970932997,
    172.08850508582));
#4392 = CARTESIAN_POINT('',(124.08520735338,48.45818608264,
    191.54659975873));
#4393 = CARTESIAN_POINT('',(123.9181658827,64.578077451507,
    209.88490815981));
#4394 = CARTESIAN_POINT('',(123.75112441202,80.697968820373,
    228.22321656088));
#4395 = CARTESIAN_POINT('',(123.58408294135,96.817860189241,
    246.56152496196));
#4396 = CARTESIAN_POINT('',(123.41704147067,112.9377515581,
    264.89983336304));
#4397 = CARTESIAN_POINT('',(123.2398,130.04196670775,284.35792803595));
#4398 = CARTESIAN_POINT('',(123.2296,131.02629048852,285.47771430779));
#4399 = CARTESIAN_POINT('',(123.2194,132.0106142693,286.59750057963));
#4400 = CARTESIAN_POINT('',(123.2092,132.99493805007,287.71728685147));
#4401 = CARTESIAN_POINT('',(123.199,133.97926183085,288.83707312331));
#4402 = CARTESIAN_POINT('',(123.1888,134.96358561163,289.95685939514));
#4403 = ORIENTED_EDGE('',*,*,#4404,.F.);
#4404 = EDGE_CURVE('',#4359,#4383,#4405,.T.);
#4405 = B_SPLINE_CURVE_WITH_KNOTS('',7,(#4406,#4407,#4408,#4409,#4410,
    #4411,#4412,#4413,#4414,#4415,#4416,#4417,#4418,#4419,#4420,#4421,
    #4422,#4423,#4424,#4425,#4426,#4427,#4428,#4429,#4430,#4431),
  .UNSPECIFIED.,.F.,.F.,(8,6,6,6,8),(0.,0.246925498661,0.497996622872,
    0.749070781753,1.),.UNSPECIFIED.);
#4406 = CARTESIAN_POINT('',(115.25243646992,122.79786020443,
    288.23015190552));
#4407 = CARTESIAN_POINT('',(115.6517537518,122.79786020443,
    288.23015190552));
#4408 = CARTESIAN_POINT('',(116.06063670095,122.81606129692,
    288.21563701861));
#4409 = CARTESIAN_POINT('',(116.47705974607,122.85403133376,
    288.18535692466));
#4410 = CARTESIAN_POINT('',(116.89850506259,122.91318411413,
    288.13818415644));
#4411 = CARTESIAN_POINT('',(117.32195720698,122.99462266061,
    288.07323908279));
#4412 = CARTESIAN_POINT('',(117.74401015744,123.09900591704,
    287.98999621354));
#4413 = CARTESIAN_POINT('',(118.58516565279,123.35601128735,
    287.78504126992));
#4414 = CARTESIAN_POINT('',(119.00410108161,123.50941494844,
    287.66270593244));
#4415 = CARTESIAN_POINT('',(119.41413104009,123.68676301167,
    287.52127557145));
#4416 = CARTESIAN_POINT('',(119.81131294646,123.88759092171,
    287.36112065744));
#4417 = CARTESIAN_POINT('',(120.19175186804,124.11076117541,
    287.18314831893));
#4418 = CARTESIAN_POINT('',(120.551938471,124.35449516837,
    286.98877694558));
#4419 = CARTESIAN_POINT('',(121.22598116321,124.87859065171,
    286.57082474438));
#4420 = CARTESIAN_POINT('',(121.5398380168,125.1589536163,
    286.34724274089));
#4421 = CARTESIAN_POINT('',(121.82761354318,125.45537834023,
    286.11085191175));
#4422 = CARTESIAN_POINT('',(122.08698746534,125.76514011726,
    285.86382513768));
#4423 = CARTESIAN_POINT('',(122.31645289301,126.08520141383,
    285.60858477085));
#4424 = CARTESIAN_POINT('',(122.51536398735,126.4124762507,
    285.3475917976));
#4425 = CARTESIAN_POINT('',(122.85217501519,127.07535505698,
    284.81896358953));
#4426 = CARTESIAN_POINT('',(122.99011075315,127.41095515267,
    284.55133144392));
#4427 = CARTESIAN_POINT('',(123.0977231605,127.74786487704,
    284.28265490427));
#4428 = CARTESIAN_POINT('',(123.17585567216,128.08327107502,
    284.01517738691));
#4429 = CARTESIAN_POINT('',(123.22598727739,128.41468412875,
    283.75088429584));
#4430 = CARTESIAN_POINT('',(123.25,128.74002928693,283.49143018999));
#4431 = CARTESIAN_POINT('',(123.25,129.05764292697,283.23814176411));
#4432 = ( BOUNDED_SURFACE() B_SPLINE_SURFACE(2,6,(
    (#4433,#4434,#4435,#4436,#4437,#4438,#4439,#4440,#4441,#4442,#4443
      ,#4444,#4445,#4446,#4447,#4448,#4449)
    ,(#4450,#4451,#4452,#4453,#4454,#4455,#4456,#4457,#4458,#4459,#4460
      ,#4461,#4462,#4463,#4464,#4465,#4466)
    ,(#4467,#4468,#4469,#4470,#4471,#4472,#4473,#4474,#4475,#4476,#4477
      ,#4478,#4479,#4480,#4481,#4482,#4483
)),.UNSPECIFIED.,.F.,.F.,.F.) B_SPLINE_SURFACE_WITH_KNOTS((3,3),(7,5,5,7
    ),(0.,146.49984574039),(-8.890959613726,5.471370022844E-02,
    146.55455944062,155.50023275457),.UNSPECIFIED.) 
GEOMETRIC_REPRESENTATION_ITEM() RATIONAL_B_SPLINE_SURFACE((
    (1.,1.,1.,1.,1.,1.,1.,1.,1.,1.,1.,1.,1.,1.,1.,1.,1.)
    ,(0.707222739782,0.707222739782,0.707222739782,0.707222739782
      ,0.707222739782,0.707222739782,0.707222739782,0.707222739782
      ,0.707222739782,0.707222739782,0.707222739782,0.707222739782
      ,0.707222739782,0.707222739782,0.707222739782,0.707222739782
      ,0.707222739782)
    ,(1.,1.,1.,1.,1.,1.,1.,1.,1.,1.,1.,1.,1.,1.,1.,1.,1.
))) REPRESENTATION_ITEM('') SURFACE() );
#4433 = CARTESIAN_POINT('',(116.31363646992,20.389586071126,
    171.72846644717));
#4434 = CARTESIAN_POINT('',(116.30343646992,21.373909851903,
    172.84825271901));
#4435 = CARTESIAN_POINT('',(116.29323646992,22.358233632679,
    173.96803899085));
#4436 = CARTESIAN_POINT('',(116.28303646992,23.342557413455,
    175.08782526269));
#4437 = CARTESIAN_POINT('',(116.27283646992,24.326881194231,
    176.20761153452));
#4438 = CARTESIAN_POINT('',(116.26263646992,25.311204975008,
    177.32739780636));
#4439 = CARTESIAN_POINT('',(116.08539499924,42.41542012465,
    196.78549247928));
#4440 = CARTESIAN_POINT('',(115.91835352857,58.535311493518,
    215.12380088035));
#4441 = CARTESIAN_POINT('',(115.75131205789,74.655202862384,
    233.46210928143));
#4442 = CARTESIAN_POINT('',(115.58427058721,90.775094231251,
    251.80041768251));
#4443 = CARTESIAN_POINT('',(115.41722911654,106.89498560011,
    270.13872608358));
#4444 = CARTESIAN_POINT('',(115.23998764586,123.99920074976,
    289.5968207565));
#4445 = CARTESIAN_POINT('',(115.22978764586,124.98352453053,
    290.71660702833));
#4446 = CARTESIAN_POINT('',(115.21958764586,125.96784831131,
    291.83639330017));
#4447 = CARTESIAN_POINT('',(115.20938764586,126.95217209209,
    292.95617957201));
#4448 = CARTESIAN_POINT('',(115.19918764586,127.93649587286,
    294.07596584385));
#4449 = CARTESIAN_POINT('',(115.18898764586,128.92081965364,
    295.19575211569));
#4450 = CARTESIAN_POINT('',(124.31082568737,20.425708112059,
    171.76955959796));
#4451 = CARTESIAN_POINT('',(124.30062568737,21.410031892835,
    172.8893458698));
#4452 = CARTESIAN_POINT('',(124.29042568737,22.394355673611,
    174.00913214163));
#4453 = CARTESIAN_POINT('',(124.28022568737,23.378679454388,
    175.12891841347));
#4454 = CARTESIAN_POINT('',(124.27002568737,24.363003235164,
    176.24870468531));
#4455 = CARTESIAN_POINT('',(124.25982568737,25.34732701594,
    177.36849095715));
#4456 = CARTESIAN_POINT('',(124.0825842167,42.451542165583,
    196.82658563006));
#4457 = CARTESIAN_POINT('',(123.91554274602,58.57143353445,
    215.16489403114));
#4458 = CARTESIAN_POINT('',(123.74850127534,74.691324903317,
    233.50320243222));
#4459 = CARTESIAN_POINT('',(123.58145980467,90.811216272183,
    251.84151083329));
#4460 = CARTESIAN_POINT('',(123.41441833399,106.93110764105,
    270.17981923437));
#4461 = CARTESIAN_POINT('',(123.23717686331,124.03532279069,
    289.63791390728));
#4462 = CARTESIAN_POINT('',(123.22697686331,125.01964657147,
    290.75770017912));
#4463 = CARTESIAN_POINT('',(123.21677686331,126.00397035224,
    291.87748645096));
#4464 = CARTESIAN_POINT('',(123.20657686331,126.98829413302,
    292.9972727228));
#4465 = CARTESIAN_POINT('',(123.19637686331,127.97261791379,
    294.11705899464));
#4466 = CARTESIAN_POINT('',(123.18617686331,128.95694169457,
    295.23684526648));
#4467 = CARTESIAN_POINT('',(124.31344882405,26.432352029116,
    166.48957372662));
#4468 = CARTESIAN_POINT('',(124.30324882405,27.416675809892,
    167.60935999846));
#4469 = CARTESIAN_POINT('',(124.29304882405,28.400999590668,
    168.7291462703));
#4470 = CARTESIAN_POINT('',(124.28284882405,29.385323371444,
    169.84893254214));
#4471 = CARTESIAN_POINT('',(124.27264882405,30.369647152221,
    170.96871881398));
#4472 = CARTESIAN_POINT('',(124.26244882405,31.353970932997,
    172.08850508582));
#4473 = CARTESIAN_POINT('',(124.08520735338,48.45818608264,
    191.54659975873));
#4474 = CARTESIAN_POINT('',(123.9181658827,64.578077451507,
    209.88490815981));
#4475 = CARTESIAN_POINT('',(123.75112441202,80.697968820373,
    228.22321656088));
#4476 = CARTESIAN_POINT('',(123.58408294135,96.817860189241,
    246.56152496196));
#4477 = CARTESIAN_POINT('',(123.41704147067,112.9377515581,
    264.89983336304));
#4478 = CARTESIAN_POINT('',(123.2398,130.04196670775,284.35792803595));
#4479 = CARTESIAN_POINT('',(123.2296,131.02629048852,285.47771430779));
#4480 = CARTESIAN_POINT('',(123.2194,132.0106142693,286.59750057963));
#4481 = CARTESIAN_POINT('',(123.2092,132.99493805007,287.71728685147));
#4482 = CARTESIAN_POINT('',(123.199,133.97926183085,288.83707312331));
#4483 = CARTESIAN_POINT('',(123.1888,134.96358561163,289.95685939514));
#4484 = ADVANCED_FACE('',(#4485),#4517,.T.);
#4485 = FACE_BOUND('',#4486,.T.);
#4486 = EDGE_LOOP('',(#4487,#4488,#4489,#4511));
#4487 = ORIENTED_EDGE('',*,*,#4382,.F.);
#4488 = ORIENTED_EDGE('',*,*,#1478,.T.);
#4489 = ORIENTED_EDGE('',*,*,#4490,.T.);
#4490 = EDGE_CURVE('',#1395,#4491,#4493,.T.);
#4491 = VERTEX_POINT('',#4492);
#4492 = CARTESIAN_POINT('',(123.25,135.30203306112,278.25840680232));
#4493 = B_SPLINE_CURVE_WITH_KNOTS('',6,(#4494,#4495,#4496,#4497,#4498,
    #4499,#4500,#4501,#4502,#4503,#4504,#4505,#4506,#4507,#4508,#4509,
    #4510),.UNSPECIFIED.,.F.,.F.,(7,5,5,7),(-8.890959613727,
    5.471370022772E-02,146.55455944062,155.50023275457),.UNSPECIFIED.);
#4494 = CARTESIAN_POINT('',(124.31344882405,44.316870952253,
    152.22714581246));
#4495 = CARTESIAN_POINT('',(124.30324882405,45.189549197333,
    153.435966428));
#4496 = CARTESIAN_POINT('',(124.29304882405,46.062227442413,
    154.64478704355));
#4497 = CARTESIAN_POINT('',(124.28284882405,46.934905687493,
    155.85360765909));
#4498 = CARTESIAN_POINT('',(124.27264882405,47.807583932573,
    157.06242827463));
#4499 = CARTESIAN_POINT('',(124.26244882405,48.680262177653,
    158.27124889018));
#4500 = CARTESIAN_POINT('',(124.08520735338,63.844455862465,
    179.27645905516));
#4501 = CARTESIAN_POINT('',(123.9181658827,78.135971302198,
    199.07284860459));
#4502 = CARTESIAN_POINT('',(123.75112441202,92.427486741931,
    218.86923815402));
#4503 = CARTESIAN_POINT('',(123.58408294135,106.71900218166,
    238.66562770346));
#4504 = CARTESIAN_POINT('',(123.41704147067,121.01051762139,
    258.46201725289));
#4505 = CARTESIAN_POINT('',(123.2398,136.1747113062,279.46722741787));
#4506 = CARTESIAN_POINT('',(123.2296,137.04738955128,280.67604803341));
#4507 = CARTESIAN_POINT('',(123.2194,137.92006779636,281.88486864896));
#4508 = CARTESIAN_POINT('',(123.2092,138.79274604144,283.0936892645));
#4509 = CARTESIAN_POINT('',(123.199,139.66542428652,284.30250988004));
#4510 = CARTESIAN_POINT('',(123.1888,140.5381025316,285.51133049559));
#4511 = ORIENTED_EDGE('',*,*,#4512,.F.);
#4512 = EDGE_CURVE('',#4383,#4491,#4513,.T.);
#4513 = LINE('',#4514,#4515);
#4514 = CARTESIAN_POINT('',(123.25,122.79786020443,288.23015190552));
#4515 = VECTOR('',#4516,1.);
#4516 = DIRECTION('',(-1.384425467285E-16,0.781831482468,-0.623489801859
    ));
#4517 = B_SPLINE_SURFACE_WITH_KNOTS('',1,1,(
    (#4518,#4519)
    ,(#4520,#4521
    )),.UNSPECIFIED.,.F.,.F.,.F.,(2,2),(2,2),(0.,38.),(0.,1.),
  .PIECEWISE_BEZIER_KNOTS.);
#4518 = CARTESIAN_POINT('',(124.25,26.295528755784,178.4471840782));
#4519 = CARTESIAN_POINT('',(123.25,122.79786020443,288.23015190552));
#4520 = CARTESIAN_POINT('',(124.25,56.005125089569,154.75457160757));
#4521 = CARTESIAN_POINT('',(123.25,141.56181578366,273.26639666091));
#4522 = ADVANCED_FACE('',(#4523),#4588,.T.);
#4523 = FACE_BOUND('',#4524,.T.);
#4524 = EDGE_LOOP('',(#4525,#4526,#4527,#4537,#4559));
#4525 = ORIENTED_EDGE('',*,*,#4490,.F.);
#4526 = ORIENTED_EDGE('',*,*,#1394,.T.);
#4527 = ORIENTED_EDGE('',*,*,#4528,.F.);
#4528 = EDGE_CURVE('',#4529,#1386,#4531,.T.);
#4529 = VERTEX_POINT('',#4530);
#4530 = CARTESIAN_POINT('',(116.18554208667,61.728387145976,
    162.68234705167));
#4531 = B_SPLINE_CURVE_WITH_KNOTS('',4,(#4532,#4533,#4534,#4535,#4536),
  .UNSPECIFIED.,.F.,.F.,(5,5),(0.,1.),.PIECEWISE_BEZIER_KNOTS.);
#4532 = CARTESIAN_POINT('',(116.18554208667,61.728387145976,
    162.68234705167));
#4533 = CARTESIAN_POINT('',(116.20163057992,61.728387145976,
    162.68234705167));
#4534 = CARTESIAN_POINT('',(116.2177366414,61.728359644202,
    162.68238265479));
#4535 = CARTESIAN_POINT('',(116.23386005506,61.728304504834,
    162.68245403685));
#4536 = CARTESIAN_POINT('',(116.2500006,61.728221593107,162.68256137155)
  );
#4537 = ORIENTED_EDGE('',*,*,#4538,.T.);
#4538 = EDGE_CURVE('',#4529,#4539,#4541,.T.);
#4539 = VERTEX_POINT('',#4540);
#4540 = CARTESIAN_POINT('',(115.25243646992,141.56181578366,
    273.26639666091));
#4541 = B_SPLINE_CURVE_WITH_KNOTS('',6,(#4542,#4543,#4544,#4545,#4546,
    #4547,#4548,#4549,#4550,#4551,#4552,#4553,#4554,#4555,#4556,#4557,
    #4558),.UNSPECIFIED.,.F.,.F.,(7,5,5,7),(-8.890959613727,
    5.471370022772E-02,146.55455944062,155.50023275457),.UNSPECIFIED.);
#4542 = CARTESIAN_POINT('',(116.31363646992,50.76905561909,
    147.5016479143));
#4543 = CARTESIAN_POINT('',(116.30343646992,51.64173386417,
    148.71046852985));
#4544 = CARTESIAN_POINT('',(116.29323646992,52.51441210925,
    149.91928914539));
#4545 = CARTESIAN_POINT('',(116.28303646992,53.38709035433,
    151.12810976094));
#4546 = CARTESIAN_POINT('',(116.27283646992,54.259768599409,
    152.33693037648));
#4547 = CARTESIAN_POINT('',(116.26263646992,55.132446844489,
    153.54575099203));
#4548 = CARTESIAN_POINT('',(116.08539499924,70.296640529302,
    174.550961157));
#4549 = CARTESIAN_POINT('',(115.91835352857,84.588155969034,
    194.34735070644));
#4550 = CARTESIAN_POINT('',(115.75131205789,98.879671408767,
    214.14374025587));
#4551 = CARTESIAN_POINT('',(115.58427058721,113.1711868485,
    233.9401298053));
#4552 = CARTESIAN_POINT('',(115.41722911654,127.46270228823,
    253.73651935474));
#4553 = CARTESIAN_POINT('',(115.23998764586,142.62689597304,
    274.74172951971));
#4554 = CARTESIAN_POINT('',(115.22978764586,143.49957421812,
    275.95055013526));
#4555 = CARTESIAN_POINT('',(115.21958764586,144.3722524632,
    277.1593707508));
#4556 = CARTESIAN_POINT('',(115.20938764586,145.24493070828,
    278.36819136635));
#4557 = CARTESIAN_POINT('',(115.19918764586,146.11760895336,
    279.57701198189));
#4558 = CARTESIAN_POINT('',(115.18898764586,146.99028719844,
    280.78583259743));
#4559 = ORIENTED_EDGE('',*,*,#4560,.F.);
#4560 = EDGE_CURVE('',#4491,#4539,#4561,.T.);
#4561 = B_SPLINE_CURVE_WITH_KNOTS('',7,(#4562,#4563,#4564,#4565,#4566,
    #4567,#4568,#4569,#4570,#4571,#4572,#4573,#4574,#4575,#4576,#4577,
    #4578,#4579,#4580,#4581,#4582,#4583,#4584,#4585,#4586,#4587),
  .UNSPECIFIED.,.F.,.F.,(8,6,6,6,8),(0.,0.250659807383,0.502734277041,
    0.752805090485,1.),.UNSPECIFIED.);
#4562 = CARTESIAN_POINT('',(123.25,135.30203306112,278.25840680232));
#4563 = CARTESIAN_POINT('',(123.25,135.61930569426,278.00539032038));
#4564 = CARTESIAN_POINT('',(123.22603801259,135.94429326403,
    277.74622138177));
#4565 = CARTESIAN_POINT('',(123.17601907067,136.27533741916,
    277.4822224775));
#4566 = CARTESIAN_POINT('',(123.09805650128,136.61037073115,
    277.21504232681));
#4567 = CARTESIAN_POINT('',(122.99068890961,136.94691220513,
    276.94665945705));
#4568 = CARTESIAN_POINT('',(122.85306306552,137.28215898972,
    276.67930906763));
#4569 = CARTESIAN_POINT('',(122.51615428027,137.94605775053,
    276.14986747297));
#4570 = CARTESIAN_POINT('',(122.31652627206,138.27466291323,
    275.88781360027));
#4571 = CARTESIAN_POINT('',(122.08609689844,138.59600162742,
    275.63155452689));
#4572 = CARTESIAN_POINT('',(121.82551912304,138.90695032885,
    275.38358121219));
#4573 = CARTESIAN_POINT('',(121.5363212561,139.20443464105,
    275.1463453896));
#4574 = CARTESIAN_POINT('',(121.22085792283,139.48569942351,
    274.92204421036));
#4575 = CARTESIAN_POINT('',(120.54600667576,140.00915460428,
    274.50460263342));
#4576 = CARTESIAN_POINT('',(120.18698652183,140.25163884492,
    274.31122790428));
#4577 = CARTESIAN_POINT('',(119.80791254881,140.47370476921,
    274.13413623909));
#4578 = CARTESIAN_POINT('',(119.41225501099,140.67359994801,
    273.97472515343));
#4579 = CARTESIAN_POINT('',(119.00386193349,140.85020295264,
    273.83388895684));
#4580 = CARTESIAN_POINT('',(118.58662828782,141.00305427425,
    273.7119940954));
#4581 = CARTESIAN_POINT('',(117.74677306563,141.25998632925,
    273.50709761879));
#4582 = CARTESIAN_POINT('',(117.32426730861,141.36460877999,
    273.42366399844));
#4583 = CARTESIAN_POINT('',(116.90034440327,141.44623356455,
    273.35857040488));
#4584 = CARTESIAN_POINT('',(116.4784228129,141.50552030437,
    273.31129080757));
#4585 = CARTESIAN_POINT('',(116.06152895138,141.54357494987,
    273.28094324046));
#4586 = CARTESIAN_POINT('',(115.65218943396,141.56181578366,
    273.26639666091));
#4587 = CARTESIAN_POINT('',(115.25243646992,141.56181578366,
    273.26639666091));
#4588 = ( BOUNDED_SURFACE() B_SPLINE_SURFACE(2,6,(
    (#4589,#4590,#4591,#4592,#4593,#4594,#4595,#4596,#4597,#4598,#4599
      ,#4600,#4601,#4602,#4603,#4604,#4605)
    ,(#4606,#4607,#4608,#4609,#4610,#4611,#4612,#4613,#4614,#4615,#4616
      ,#4617,#4618,#4619,#4620,#4621,#4622)
    ,(#4623,#4624,#4625,#4626,#4627,#4628,#4629,#4630,#4631,#4632,#4633
      ,#4634,#4635,#4636,#4637,#4638,#4639
)),.UNSPECIFIED.,.F.,.F.,.F.) B_SPLINE_SURFACE_WITH_KNOTS((3,3),(7,5,5,7
    ),(0.,146.49984574039),(-8.890959613727,5.471370022772E-02,
    146.55455944062,155.50023275457),.UNSPECIFIED.) 
GEOMETRIC_REPRESENTATION_ITEM() RATIONAL_B_SPLINE_SURFACE((
    (1.,1.,1.,1.,1.,1.,1.,1.,1.,1.,1.,1.,1.,1.,1.,1.,1.)
    ,(0.707222739782,0.707222739782,0.707222739782,0.707222739782
      ,0.707222739782,0.707222739782,0.707222739782,0.707222739782
      ,0.707222739782,0.707222739782,0.707222739782,0.707222739782
      ,0.707222739782,0.707222739782,0.707222739782,0.707222739782
      ,0.707222739782)
    ,(1.,1.,1.,1.,1.,1.,1.,1.,1.,1.,1.,1.,1.,1.,1.,1.,1.
))) REPRESENTATION_ITEM('') SURFACE() );
#4589 = CARTESIAN_POINT('',(124.31344882405,44.316870952253,
    152.22714581246));
#4590 = CARTESIAN_POINT('',(124.30324882405,45.189549197333,
    153.435966428));
#4591 = CARTESIAN_POINT('',(124.29304882405,46.062227442413,
    154.64478704355));
#4592 = CARTESIAN_POINT('',(124.28284882405,46.934905687493,
    155.85360765909));
#4593 = CARTESIAN_POINT('',(124.27264882405,47.807583932573,
    157.06242827463));
#4594 = CARTESIAN_POINT('',(124.26244882405,48.680262177653,
    158.27124889018));
#4595 = CARTESIAN_POINT('',(124.08520735338,63.844455862465,
    179.27645905516));
#4596 = CARTESIAN_POINT('',(123.9181658827,78.135971302198,
    199.07284860459));
#4597 = CARTESIAN_POINT('',(123.75112441202,92.427486741931,
    218.86923815402));
#4598 = CARTESIAN_POINT('',(123.58408294135,106.71900218166,
    238.66562770346));
#4599 = CARTESIAN_POINT('',(123.41704147067,121.01051762139,
    258.46201725289));
#4600 = CARTESIAN_POINT('',(123.2398,136.1747113062,279.46722741787));
#4601 = CARTESIAN_POINT('',(123.2296,137.04738955128,280.67604803341));
#4602 = CARTESIAN_POINT('',(123.2194,137.92006779636,281.88486864896));
#4603 = CARTESIAN_POINT('',(123.2092,138.79274604144,283.0936892645));
#4604 = CARTESIAN_POINT('',(123.199,139.66542428652,284.30250988004));
#4605 = CARTESIAN_POINT('',(123.1888,140.5381025316,285.51133049559));
#4606 = CARTESIAN_POINT('',(124.31082568737,50.801080568507,
    147.54600838655));
#4607 = CARTESIAN_POINT('',(124.30062568737,51.673758813587,
    148.75482900209));
#4608 = CARTESIAN_POINT('',(124.29042568737,52.546437058667,
    149.96364961764));
#4609 = CARTESIAN_POINT('',(124.28022568737,53.419115303747,
    151.17247023318));
#4610 = CARTESIAN_POINT('',(124.27002568737,54.291793548827,
    152.38129084872));
#4611 = CARTESIAN_POINT('',(124.25982568737,55.164471793906,
    153.59011146427));
#4612 = CARTESIAN_POINT('',(124.0825842167,70.328665478719,
    174.59532162925));
#4613 = CARTESIAN_POINT('',(123.91554274602,84.620180918452,
    194.39171117868));
#4614 = CARTESIAN_POINT('',(123.74850127534,98.911696358184,
    214.18810072811));
#4615 = CARTESIAN_POINT('',(123.58145980467,113.20321179791,
    233.98449027755));
#4616 = CARTESIAN_POINT('',(123.41441833399,127.49472723765,
    253.78087982698));
#4617 = CARTESIAN_POINT('',(123.23717686331,142.65892092246,
    274.78608999196));
#4618 = CARTESIAN_POINT('',(123.22697686331,143.53159916754,
    275.9949106075));
#4619 = CARTESIAN_POINT('',(123.21677686331,144.40427741262,
    277.20373122304));
#4620 = CARTESIAN_POINT('',(123.20657686331,145.2769556577,
    278.41255183859));
#4621 = CARTESIAN_POINT('',(123.19637686331,146.14963390278,
    279.62137245413));
#4622 = CARTESIAN_POINT('',(123.18617686331,147.02231214786,
    280.83019306968));
#4623 = CARTESIAN_POINT('',(116.31363646992,50.76905561909,
    147.5016479143));
#4624 = CARTESIAN_POINT('',(116.30343646992,51.64173386417,
    148.71046852985));
#4625 = CARTESIAN_POINT('',(116.29323646992,52.51441210925,
    149.91928914539));
#4626 = CARTESIAN_POINT('',(116.28303646992,53.38709035433,
    151.12810976094));
#4627 = CARTESIAN_POINT('',(116.27283646992,54.259768599409,
    152.33693037648));
#4628 = CARTESIAN_POINT('',(116.26263646992,55.132446844489,
    153.54575099203));
#4629 = CARTESIAN_POINT('',(116.08539499924,70.296640529302,
    174.550961157));
#4630 = CARTESIAN_POINT('',(115.91835352857,84.588155969034,
    194.34735070644));
#4631 = CARTESIAN_POINT('',(115.75131205789,98.879671408767,
    214.14374025587));
#4632 = CARTESIAN_POINT('',(115.58427058721,113.1711868485,
    233.9401298053));
#4633 = CARTESIAN_POINT('',(115.41722911654,127.46270228823,
    253.73651935474));
#4634 = CARTESIAN_POINT('',(115.23998764586,142.62689597304,
    274.74172951971));
#4635 = CARTESIAN_POINT('',(115.22978764586,143.49957421812,
    275.95055013526));
#4636 = CARTESIAN_POINT('',(115.21958764586,144.3722524632,
    277.1593707508));
#4637 = CARTESIAN_POINT('',(115.20938764586,145.24493070828,
    278.36819136635));
#4638 = CARTESIAN_POINT('',(115.19918764586,146.11760895336,
    279.57701198189));
#4639 = CARTESIAN_POINT('',(115.18898764586,146.99028719844,
    280.78583259743));
#4640 = ADVANCED_FACE('',(#4641),#4682,.T.);
#4641 = FACE_BOUND('',#4642,.T.);
#4642 = EDGE_LOOP('',(#4643,#4655,#4664,#4672,#4673,#4674));
#4643 = ORIENTED_EDGE('',*,*,#4644,.T.);
#4644 = EDGE_CURVE('',#4645,#4647,#4649,.T.);
#4645 = VERTEX_POINT('',#4646);
#4646 = CARTESIAN_POINT('',(116.18554208667,75.766579953671,
    133.53173931729));
#4647 = VERTEX_POINT('',#4648);
#4648 = CARTESIAN_POINT('',(114.25,75.766579953671,133.53173931729));
#4649 = B_SPLINE_CURVE_WITH_KNOTS('',4,(#4650,#4651,#4652,#4653,#4654),
  .UNSPECIFIED.,.F.,.F.,(5,5),(0.,1.),.PIECEWISE_BEZIER_KNOTS.);
#4650 = CARTESIAN_POINT('',(116.18554268667,75.766579953671,
    133.53173931729));
#4651 = CARTESIAN_POINT('',(115.701656865,75.766579953671,
    133.53173931729));
#4652 = CARTESIAN_POINT('',(115.21777104333,75.766579953671,
    133.53173931729));
#4653 = CARTESIAN_POINT('',(114.73388522167,75.766579953671,
    133.53173931729));
#4654 = CARTESIAN_POINT('',(114.2499994,75.766579953671,133.53173931729)
  );
#4655 = ORIENTED_EDGE('',*,*,#4656,.T.);
#4656 = EDGE_CURVE('',#4647,#4657,#4659,.T.);
#4657 = VERTEX_POINT('',#4658);
#4658 = CARTESIAN_POINT('',(114.25,61.728387145976,162.68234705167));
#4659 = CIRCLE('',#4660,78.);
#4660 = AXIS2_PLACEMENT_3D('',#4661,#4662,#4663);
#4661 = CARTESIAN_POINT('',(114.25,0.,115.));
#4662 = DIRECTION('',(1.,0.,-2.22044604925E-16));
#4663 = DIRECTION('',(-2.22044604925E-16,0.,-1.));
#4664 = ORIENTED_EDGE('',*,*,#4665,.T.);
#4665 = EDGE_CURVE('',#4657,#4529,#4666,.T.);
#4666 = B_SPLINE_CURVE_WITH_KNOTS('',4,(#4667,#4668,#4669,#4670,#4671),
  .UNSPECIFIED.,.F.,.F.,(5,5),(0.,1.),.PIECEWISE_BEZIER_KNOTS.);
#4667 = CARTESIAN_POINT('',(114.2499994,61.728387145976,162.68234705167)
  );
#4668 = CARTESIAN_POINT('',(114.73388522167,61.728387145976,
    162.68234705167));
#4669 = CARTESIAN_POINT('',(115.21777104333,61.728387145976,
    162.68234705167));
#4670 = CARTESIAN_POINT('',(115.701656865,61.728387145976,
    162.68234705167));
#4671 = CARTESIAN_POINT('',(116.18554268667,61.728387145976,
    162.68234705167));
#4672 = ORIENTED_EDGE('',*,*,#4528,.T.);
#4673 = ORIENTED_EDGE('',*,*,#1385,.F.);
#4674 = ORIENTED_EDGE('',*,*,#4675,.T.);
#4675 = EDGE_CURVE('',#1309,#4645,#4676,.T.);
#4676 = B_SPLINE_CURVE_WITH_KNOTS('',4,(#4677,#4678,#4679,#4680,#4681),
  .UNSPECIFIED.,.F.,.F.,(5,5),(0.,1.),.PIECEWISE_BEZIER_KNOTS.);
#4677 = CARTESIAN_POINT('',(116.2500006,75.766644295175,133.53147625658)
  );
#4678 = CARTESIAN_POINT('',(116.23386005506,75.766612072143,
    133.53160800167));
#4679 = CARTESIAN_POINT('',(116.2177366414,75.766590642232,
    133.53169561735));
#4680 = CARTESIAN_POINT('',(116.20163057992,75.766579953671,
    133.53173931729));
#4681 = CARTESIAN_POINT('',(116.18554208667,75.766579953671,
    133.53173931729));
#4682 = CYLINDRICAL_SURFACE('',#4683,78.);
#4683 = AXIS2_PLACEMENT_3D('',#4684,#4685,#4686);
#4684 = CARTESIAN_POINT('',(106.25,0.,115.));
#4685 = DIRECTION('',(1.,0.,-2.22044604925E-16));
#4686 = DIRECTION('',(-2.22044604925E-16,0.,-1.));
#4687 = ADVANCED_FACE('',(#4688),#4765,.T.);
#4688 = FACE_BOUND('',#4689,.T.);
#4689 = EDGE_LOOP('',(#4690,#4712,#4713,#4714,#4736));
#4690 = ORIENTED_EDGE('',*,*,#4691,.F.);
#4691 = EDGE_CURVE('',#4645,#4692,#4694,.T.);
#4692 = VERTEX_POINT('',#4693);
#4693 = CARTESIAN_POINT('',(115.25243646992,212.,127.));
#4694 = B_SPLINE_CURVE_WITH_KNOTS('',6,(#4695,#4696,#4697,#4698,#4699,
    #4700,#4701,#4702,#4703,#4704,#4705,#4706,#4707,#4708,#4709,#4710,
    #4711),.UNSPECIFIED.,.F.,.F.,(7,5,5,7),(-8.890959613726,
    5.471370022836E-02,146.55455944062,155.50023275457),.UNSPECIFIED.);
#4695 = CARTESIAN_POINT('',(116.31363646992,57.0648,134.4284));
#4696 = CARTESIAN_POINT('',(116.30343646992,58.554,134.357));
#4697 = CARTESIAN_POINT('',(116.29323646992,60.0432,134.2856));
#4698 = CARTESIAN_POINT('',(116.28303646992,61.5324,134.2142));
#4699 = CARTESIAN_POINT('',(116.27283646992,63.0216,134.1428));
#4700 = CARTESIAN_POINT('',(116.26263646992,64.5108,134.0714));
#4701 = CARTESIAN_POINT('',(116.08539499924,90.388054718728,
    132.83070970526));
#4702 = CARTESIAN_POINT('',(115.91835352857,114.77610943745,
    131.66141941053));
#4703 = CARTESIAN_POINT('',(115.75131205789,139.16416415618,
    130.49212911579));
#4704 = CARTESIAN_POINT('',(115.58427058721,163.55221887491,
    129.32283882106));
#4705 = CARTESIAN_POINT('',(115.41722911654,187.94027359364,
    128.15354852633));
#4706 = CARTESIAN_POINT('',(115.23998764586,213.81752831236,
    126.91285823159));
#4707 = CARTESIAN_POINT('',(115.22978764586,215.30672831236,
    126.84145823159));
#4708 = CARTESIAN_POINT('',(115.21958764586,216.79592831236,
    126.77005823159));
#4709 = CARTESIAN_POINT('',(115.20938764586,218.28512831236,
    126.69865823159));
#4710 = CARTESIAN_POINT('',(115.19918764586,219.77432831236,
    126.62725823159));
#4711 = CARTESIAN_POINT('',(115.18898764586,221.26352831236,
    126.55585823159));
#4712 = ORIENTED_EDGE('',*,*,#4675,.F.);
#4713 = ORIENTED_EDGE('',*,*,#1308,.T.);
#4714 = ORIENTED_EDGE('',*,*,#4715,.T.);
#4715 = EDGE_CURVE('',#1270,#4716,#4718,.T.);
#4716 = VERTEX_POINT('',#4717);
#4717 = CARTESIAN_POINT('',(123.25,212.,118.99343738016));
#4718 = B_SPLINE_CURVE_WITH_KNOTS('',6,(#4719,#4720,#4721,#4722,#4723,
    #4724,#4725,#4726,#4727,#4728,#4729,#4730,#4731,#4732,#4733,#4734,
    #4735),.UNSPECIFIED.,.F.,.F.,(7,5,5,7),(-8.890959613726,
    5.471370022836E-02,146.55455944062,155.50023275457),.UNSPECIFIED.);
#4719 = CARTESIAN_POINT('',(124.31344882405,56.736471687631,
    126.43757914856));
#4720 = CARTESIAN_POINT('',(124.30324882405,58.225671687631,
    126.36617914856));
#4721 = CARTESIAN_POINT('',(124.29304882405,59.714871687631,
    126.29477914856));
#4722 = CARTESIAN_POINT('',(124.28284882405,61.204071687631,
    126.22337914856));
#4723 = CARTESIAN_POINT('',(124.27264882405,62.693271687631,
    126.15197914856));
#4724 = CARTESIAN_POINT('',(124.26244882405,64.182471687631,
    126.08057914856));
#4725 = CARTESIAN_POINT('',(124.08520735338,90.059726406359,
    124.83988885383));
#4726 = CARTESIAN_POINT('',(123.9181658827,114.44778112508,
    123.67059855909));
#4727 = CARTESIAN_POINT('',(123.75112441202,138.83583584381,
    122.50130826436));
#4728 = CARTESIAN_POINT('',(123.58408294135,163.22389056254,
    121.33201796963));
#4729 = CARTESIAN_POINT('',(123.41704147067,187.61194528127,
    120.16272767489));
#4730 = CARTESIAN_POINT('',(123.2398,213.4892,118.92203738016));
#4731 = CARTESIAN_POINT('',(123.2296,214.9784,118.85063738016));
#4732 = CARTESIAN_POINT('',(123.2194,216.4676,118.77923738016));
#4733 = CARTESIAN_POINT('',(123.2092,217.9568,118.70783738016));
#4734 = CARTESIAN_POINT('',(123.199,219.446,118.63643738016));
#4735 = CARTESIAN_POINT('',(123.1888,220.9352,118.56503738016));
#4736 = ORIENTED_EDGE('',*,*,#4737,.F.);
#4737 = EDGE_CURVE('',#4692,#4716,#4738,.T.);
#4738 = B_SPLINE_CURVE_WITH_KNOTS('',7,(#4739,#4740,#4741,#4742,#4743,
    #4744,#4745,#4746,#4747,#4748,#4749,#4750,#4751,#4752,#4753,#4754,
    #4755,#4756,#4757,#4758,#4759,#4760,#4761,#4762,#4763,#4764),
  .UNSPECIFIED.,.F.,.F.,(8,6,6,6,8),(0.,0.246925498661,0.497996622871,
    0.749070781752,1.),.UNSPECIFIED.);
#4739 = CARTESIAN_POINT('',(115.25243646992,212.,127.));
#4740 = CARTESIAN_POINT('',(115.6517537518,212.,127.));
#4741 = CARTESIAN_POINT('',(116.06063670095,212.,126.97671992891));
#4742 = CARTESIAN_POINT('',(116.47705974607,212.,126.92815442893));
#4743 = CARTESIAN_POINT('',(116.89850506259,212.,126.85249518306));
#4744 = CARTESIAN_POINT('',(117.32195720698,212.,126.74833137243));
#4745 = CARTESIAN_POINT('',(117.74401015744,212.,126.61482017625));
#4746 = CARTESIAN_POINT('',(118.58516565279,212.,126.2860979694));
#4747 = CARTESIAN_POINT('',(119.00410108161,212.,126.0898873223));
#4748 = CARTESIAN_POINT('',(119.4141310401,212.,125.86305063537));
#4749 = CARTESIAN_POINT('',(119.81131294645,212.,125.60618209714));
#4750 = CARTESIAN_POINT('',(120.19175186804,212.,125.32073662877));
#4751 = CARTESIAN_POINT('',(120.551938471,212.,125.00898915067));
#4752 = CARTESIAN_POINT('',(121.22598116321,212.,124.33864586686));
#4753 = CARTESIAN_POINT('',(121.5398380168,212.,123.98004817557));
#4754 = CARTESIAN_POINT('',(121.82761354318,212.,123.600906723));
#4755 = CARTESIAN_POINT('',(122.08698746534,212.,123.20470653923));
#4756 = CARTESIAN_POINT('',(122.31645289301,212.,122.79533277552));
#4757 = CARTESIAN_POINT('',(122.51536398735,212.,122.37673254746));
#4758 = CARTESIAN_POINT('',(122.85217501519,212.,121.52887873094));
#4759 = CARTESIAN_POINT('',(122.99011075315,212.,121.09963009718));
#4760 = CARTESIAN_POINT('',(123.0977231605,212.,120.66870638542));
#4761 = CARTESIAN_POINT('',(123.17585567215,212.,120.23970575615));
#4762 = CARTESIAN_POINT('',(123.22598727739,212.,119.81581255004));
#4763 = CARTESIAN_POINT('',(123.25,212.,119.39968047366));
#4764 = CARTESIAN_POINT('',(123.25,212.,118.99343738016));
#4765 = ( BOUNDED_SURFACE() B_SPLINE_SURFACE(2,6,(
    (#4766,#4767,#4768,#4769,#4770,#4771,#4772,#4773,#4774,#4775,#4776
      ,#4777,#4778,#4779,#4780,#4781,#4782)
    ,(#4783,#4784,#4785,#4786,#4787,#4788,#4789,#4790,#4791,#4792,#4793
      ,#4794,#4795,#4796,#4797,#4798,#4799)
    ,(#4800,#4801,#4802,#4803,#4804,#4805,#4806,#4807,#4808,#4809,#4810
      ,#4811,#4812,#4813,#4814,#4815,#4816
)),.UNSPECIFIED.,.F.,.F.,.F.) B_SPLINE_SURFACE_WITH_KNOTS((3,3),(7,5,5,7
    ),(0.,146.49984574039),(-8.890959613726,5.471370022836E-02,
    146.55455944062,155.50023275457),.UNSPECIFIED.) 
GEOMETRIC_REPRESENTATION_ITEM() RATIONAL_B_SPLINE_SURFACE((
    (1.,1.,1.,1.,1.,1.,1.,1.,1.,1.,1.,1.,1.,1.,1.,1.,1.)
    ,(0.707222739782,0.707222739782,0.707222739782,0.707222739782
      ,0.707222739782,0.707222739782,0.707222739782,0.707222739782
      ,0.707222739782,0.707222739782,0.707222739782,0.707222739782
      ,0.707222739782,0.707222739782,0.707222739782,0.707222739782
      ,0.707222739782)
    ,(1.,1.,1.,1.,1.,1.,1.,1.,1.,1.,1.,1.,1.,1.,1.,1.,1.
))) REPRESENTATION_ITEM('') SURFACE() );
#4766 = CARTESIAN_POINT('',(116.31363646992,57.0648,134.4284));
#4767 = CARTESIAN_POINT('',(116.30343646992,58.554,134.357));
#4768 = CARTESIAN_POINT('',(116.29323646992,60.0432,134.2856));
#4769 = CARTESIAN_POINT('',(116.28303646992,61.5324,134.2142));
#4770 = CARTESIAN_POINT('',(116.27283646992,63.0216,134.1428));
#4771 = CARTESIAN_POINT('',(116.26263646992,64.5108,134.0714));
#4772 = CARTESIAN_POINT('',(116.08539499924,90.388054718728,
    132.83070970526));
#4773 = CARTESIAN_POINT('',(115.91835352857,114.77610943745,
    131.66141941053));
#4774 = CARTESIAN_POINT('',(115.75131205789,139.16416415618,
    130.49212911579));
#4775 = CARTESIAN_POINT('',(115.58427058721,163.55221887491,
    129.32283882106));
#4776 = CARTESIAN_POINT('',(115.41722911654,187.94027359364,
    128.15354852633));
#4777 = CARTESIAN_POINT('',(115.23998764586,213.81752831236,
    126.91285823159));
#4778 = CARTESIAN_POINT('',(115.22978764586,215.30672831236,
    126.84145823159));
#4779 = CARTESIAN_POINT('',(115.21958764586,216.79592831236,
    126.77005823159));
#4780 = CARTESIAN_POINT('',(115.20938764586,218.28512831236,
    126.69865823159));
#4781 = CARTESIAN_POINT('',(115.19918764586,219.77432831236,
    126.62725823159));
#4782 = CARTESIAN_POINT('',(115.18898764586,221.26352831236,
    126.55585823159));
#4783 = CARTESIAN_POINT('',(124.31082568737,57.119449643143,
    134.42577981163));
#4784 = CARTESIAN_POINT('',(124.30062568737,58.608649643143,
    134.35437981163));
#4785 = CARTESIAN_POINT('',(124.29042568737,60.097849643143,
    134.28297981163));
#4786 = CARTESIAN_POINT('',(124.28022568737,61.587049643143,
    134.21157981163));
#4787 = CARTESIAN_POINT('',(124.27002568737,63.076249643143,
    134.14017981163));
#4788 = CARTESIAN_POINT('',(124.25982568737,64.565449643143,
    134.06877981163));
#4789 = CARTESIAN_POINT('',(124.0825842167,90.442704361871,
    132.82808951689));
#4790 = CARTESIAN_POINT('',(123.91554274602,114.83075908059,
    131.65879922216));
#4791 = CARTESIAN_POINT('',(123.74850127534,139.21881379932,
    130.48950892742));
#4792 = CARTESIAN_POINT('',(123.58145980467,163.60686851805,
    129.32021863269));
#4793 = CARTESIAN_POINT('',(123.41441833399,187.99492323678,
    128.15092833796));
#4794 = CARTESIAN_POINT('',(123.23717686331,213.87217795551,
    126.91023804322));
#4795 = CARTESIAN_POINT('',(123.22697686331,215.36137795551,
    126.83883804322));
#4796 = CARTESIAN_POINT('',(123.21677686331,216.85057795551,
    126.76743804322));
#4797 = CARTESIAN_POINT('',(123.20657686331,218.33977795551,
    126.69603804322));
#4798 = CARTESIAN_POINT('',(123.19637686331,219.82897795551,
    126.62463804322));
#4799 = CARTESIAN_POINT('',(123.18617686331,221.31817795551,
    126.55323804322));
#4800 = CARTESIAN_POINT('',(124.31344882405,56.736471687631,
    126.43757914856));
#4801 = CARTESIAN_POINT('',(124.30324882405,58.225671687631,
    126.36617914856));
#4802 = CARTESIAN_POINT('',(124.29304882405,59.714871687631,
    126.29477914856));
#4803 = CARTESIAN_POINT('',(124.28284882405,61.204071687631,
    126.22337914856));
#4804 = CARTESIAN_POINT('',(124.27264882405,62.693271687631,
    126.15197914856));
#4805 = CARTESIAN_POINT('',(124.26244882405,64.182471687631,
    126.08057914856));
#4806 = CARTESIAN_POINT('',(124.08520735338,90.059726406359,
    124.83988885383));
#4807 = CARTESIAN_POINT('',(123.9181658827,114.44778112508,
    123.67059855909));
#4808 = CARTESIAN_POINT('',(123.75112441202,138.83583584381,
    122.50130826436));
#4809 = CARTESIAN_POINT('',(123.58408294135,163.22389056254,
    121.33201796963));
#4810 = CARTESIAN_POINT('',(123.41704147067,187.61194528127,
    120.16272767489));
#4811 = CARTESIAN_POINT('',(123.2398,213.4892,118.92203738016));
#4812 = CARTESIAN_POINT('',(123.2296,214.9784,118.85063738016));
#4813 = CARTESIAN_POINT('',(123.2194,216.4676,118.77923738016));
#4814 = CARTESIAN_POINT('',(123.2092,217.9568,118.70783738016));
#4815 = CARTESIAN_POINT('',(123.199,219.446,118.63643738016));
#4816 = CARTESIAN_POINT('',(123.1888,220.9352,118.56503738016));
#4817 = ADVANCED_FACE('',(#4818),#4850,.T.);
#4818 = FACE_BOUND('',#4819,.T.);
#4819 = EDGE_LOOP('',(#4820,#4821,#4822,#4844));
#4820 = ORIENTED_EDGE('',*,*,#4715,.F.);
#4821 = ORIENTED_EDGE('',*,*,#1269,.T.);
#4822 = ORIENTED_EDGE('',*,*,#4823,.T.);
#4823 = EDGE_CURVE('',#1186,#4824,#4826,.T.);
#4824 = VERTEX_POINT('',#4825);
#4825 = CARTESIAN_POINT('',(123.25,212.,111.00656261983));
#4826 = B_SPLINE_CURVE_WITH_KNOTS('',6,(#4827,#4828,#4829,#4830,#4831,
    #4832,#4833,#4834,#4835,#4836,#4837,#4838,#4839,#4840,#4841,#4842,
    #4843),.UNSPECIFIED.,.F.,.F.,(7,5,5,7),(-8.890959613726,
    5.471370022837E-02,146.55455944062,155.50023275457),.UNSPECIFIED.);
#4827 = CARTESIAN_POINT('',(124.31344882405,56.736471687631,
    103.56242085143));
#4828 = CARTESIAN_POINT('',(124.30324882405,58.225671687631,
    103.63382085143));
#4829 = CARTESIAN_POINT('',(124.29304882405,59.714871687631,
    103.70522085143));
#4830 = CARTESIAN_POINT('',(124.28284882405,61.204071687631,
    103.77662085143));
#4831 = CARTESIAN_POINT('',(124.27264882405,62.693271687631,
    103.84802085143));
#4832 = CARTESIAN_POINT('',(124.26244882405,64.182471687631,
    103.91942085143));
#4833 = CARTESIAN_POINT('',(124.08520735338,90.059726406359,
    105.16011114616));
#4834 = CARTESIAN_POINT('',(123.9181658827,114.44778112508,
    106.3294014409));
#4835 = CARTESIAN_POINT('',(123.75112441202,138.83583584381,
    107.49869173563));
#4836 = CARTESIAN_POINT('',(123.58408294135,163.22389056254,
    108.66798203036));
#4837 = CARTESIAN_POINT('',(123.41704147067,187.61194528127,
    109.8372723251));
#4838 = CARTESIAN_POINT('',(123.2398,213.4892,111.07796261983));
#4839 = CARTESIAN_POINT('',(123.2296,214.9784,111.14936261983));
#4840 = CARTESIAN_POINT('',(123.2194,216.4676,111.22076261983));
#4841 = CARTESIAN_POINT('',(123.2092,217.9568,111.29216261983));
#4842 = CARTESIAN_POINT('',(123.199,219.446,111.36356261983));
#4843 = CARTESIAN_POINT('',(123.1888,220.9352,111.43496261983));
#4844 = ORIENTED_EDGE('',*,*,#4845,.F.);
#4845 = EDGE_CURVE('',#4716,#4824,#4846,.T.);
#4846 = LINE('',#4847,#4848);
#4847 = CARTESIAN_POINT('',(123.25,212.,127.));
#4848 = VECTOR('',#4849,1.);
#4849 = DIRECTION('',(-2.22044604925E-16,0.,-1.));
#4850 = B_SPLINE_SURFACE_WITH_KNOTS('',1,1,(
    (#4851,#4852)
    ,(#4853,#4854
    )),.UNSPECIFIED.,.F.,.F.,.F.,(2,2),(2,2),(0.,38.),(0.,1.),
  .PIECEWISE_BEZIER_KNOTS.);
#4851 = CARTESIAN_POINT('',(124.25,66.,134.));
#4852 = CARTESIAN_POINT('',(123.25,212.,127.));
#4853 = CARTESIAN_POINT('',(124.25,66.,96.));
#4854 = CARTESIAN_POINT('',(123.25,212.,103.));
#4855 = ADVANCED_FACE('',(#4856),#4921,.T.);
#4856 = FACE_BOUND('',#4857,.T.);
#4857 = EDGE_LOOP('',(#4858,#4859,#4860,#4870,#4892));
#4858 = ORIENTED_EDGE('',*,*,#4823,.F.);
#4859 = ORIENTED_EDGE('',*,*,#1185,.T.);
#4860 = ORIENTED_EDGE('',*,*,#4861,.F.);
#4861 = EDGE_CURVE('',#4862,#1177,#4864,.T.);
#4862 = VERTEX_POINT('',#4863);
#4863 = CARTESIAN_POINT('',(116.18554208667,75.766579953671,
    96.46826068271));
#4864 = B_SPLINE_CURVE_WITH_KNOTS('',4,(#4865,#4866,#4867,#4868,#4869),
  .UNSPECIFIED.,.F.,.F.,(5,5),(0.,1.),.PIECEWISE_BEZIER_KNOTS.);
#4865 = CARTESIAN_POINT('',(116.18554208667,75.766579953671,
    96.46826068271));
#4866 = CARTESIAN_POINT('',(116.20163057992,75.766579953671,
    96.46826068271));
#4867 = CARTESIAN_POINT('',(116.2177366414,75.766590642232,
    96.468304382643));
#4868 = CARTESIAN_POINT('',(116.23386005506,75.766612072143,
    96.468391998326));
#4869 = CARTESIAN_POINT('',(116.2500006,75.766644295175,96.468523743415)
  );
#4870 = ORIENTED_EDGE('',*,*,#4871,.T.);
#4871 = EDGE_CURVE('',#4862,#4872,#4874,.T.);
#4872 = VERTEX_POINT('',#4873);
#4873 = CARTESIAN_POINT('',(115.25243646992,212.,103.));
#4874 = B_SPLINE_CURVE_WITH_KNOTS('',6,(#4875,#4876,#4877,#4878,#4879,
    #4880,#4881,#4882,#4883,#4884,#4885,#4886,#4887,#4888,#4889,#4890,
    #4891),.UNSPECIFIED.,.F.,.F.,(7,5,5,7),(-8.890959613726,
    5.471370022837E-02,146.55455944062,155.50023275457),.UNSPECIFIED.);
#4875 = CARTESIAN_POINT('',(116.31363646992,57.0648,95.5716));
#4876 = CARTESIAN_POINT('',(116.30343646992,58.554,95.643));
#4877 = CARTESIAN_POINT('',(116.29323646992,60.0432,95.7144));
#4878 = CARTESIAN_POINT('',(116.28303646992,61.5324,95.7858));
#4879 = CARTESIAN_POINT('',(116.27283646992,63.0216,95.8572));
#4880 = CARTESIAN_POINT('',(116.26263646992,64.5108,95.9286));
#4881 = CARTESIAN_POINT('',(116.08539499924,90.388054718728,
    97.169290294734));
#4882 = CARTESIAN_POINT('',(115.91835352857,114.77610943745,
    98.338580589467));
#4883 = CARTESIAN_POINT('',(115.75131205789,139.16416415618,
    99.507870884201));
#4884 = CARTESIAN_POINT('',(115.58427058721,163.55221887491,
    100.67716117893));
#4885 = CARTESIAN_POINT('',(115.41722911654,187.94027359364,
    101.84645147366));
#4886 = CARTESIAN_POINT('',(115.23998764586,213.81752831236,
    103.0871417684));
#4887 = CARTESIAN_POINT('',(115.22978764586,215.30672831236,
    103.1585417684));
#4888 = CARTESIAN_POINT('',(115.21958764586,216.79592831236,
    103.2299417684));
#4889 = CARTESIAN_POINT('',(115.20938764586,218.28512831236,
    103.3013417684));
#4890 = CARTESIAN_POINT('',(115.19918764586,219.77432831236,
    103.3727417684));
#4891 = CARTESIAN_POINT('',(115.18898764586,221.26352831236,
    103.4441417684));
#4892 = ORIENTED_EDGE('',*,*,#4893,.F.);
#4893 = EDGE_CURVE('',#4824,#4872,#4894,.T.);
#4894 = B_SPLINE_CURVE_WITH_KNOTS('',7,(#4895,#4896,#4897,#4898,#4899,
    #4900,#4901,#4902,#4903,#4904,#4905,#4906,#4907,#4908,#4909,#4910,
    #4911,#4912,#4913,#4914,#4915,#4916,#4917,#4918,#4919,#4920),
  .UNSPECIFIED.,.F.,.F.,(8,6,6,6,8),(0.,0.250659804322,0.502734273979,
    0.752805087424,1.),.UNSPECIFIED.);
#4895 = CARTESIAN_POINT('',(123.25,212.,111.00656261983));
#4896 = CARTESIAN_POINT('',(123.25,212.,110.60075569549));
#4897 = CARTESIAN_POINT('',(123.22603801318,212.,110.18508099704));
#4898 = CARTESIAN_POINT('',(123.1760190725,212.,109.76165963532));
#4899 = CARTESIAN_POINT('',(123.09805650509,212.,109.33313595054));
#4900 = CARTESIAN_POINT('',(122.99068891616,212.,108.90268325409));
#4901 = CARTESIAN_POINT('',(122.8530630756,212.,108.4738865273));
#4902 = CARTESIAN_POINT('',(122.51615429686,212.,107.62472814436));
#4903 = CARTESIAN_POINT('',(122.31652629089,212.,107.20442636506));
#4904 = CARTESIAN_POINT('',(122.0860969195,212.,106.79341872203));
#4905 = CARTESIAN_POINT('',(121.82551914623,212.,106.39570040383));
#4906 = CARTESIAN_POINT('',(121.53632128134,212.,106.01520368568));
#4907 = CARTESIAN_POINT('',(121.22085794994,212.,105.65545252448));
#4908 = CARTESIAN_POINT('',(120.54600670625,212.,104.98592821497));
#4909 = CARTESIAN_POINT('',(120.18698655383,212.,104.67577922819));
#4910 = CARTESIAN_POINT('',(119.80791258211,212.,104.39174624814));
#4911 = CARTESIAN_POINT('',(119.41225504536,212.,104.1360707158));
#4912 = CARTESIAN_POINT('',(119.00386196871,212.,103.91018699238));
#4913 = CARTESIAN_POINT('',(118.58662832363,212.,103.71468281177));
#4914 = CARTESIAN_POINT('',(117.74677309702,212.,103.38605437227));
#4915 = CARTESIAN_POINT('',(117.32426733486,212.,103.25223723161));
#4916 = CARTESIAN_POINT('',(116.90034442417,212.,103.14783521083));
#4917 = CARTESIAN_POINT('',(116.47842282838,212.,103.07200462244));
#4918 = CARTESIAN_POINT('',(116.06152896152,212.,103.0233309027));
#4919 = CARTESIAN_POINT('',(115.65218943891,212.,103.));
#4920 = CARTESIAN_POINT('',(115.25243646992,212.,103.));
#4921 = ( BOUNDED_SURFACE() B_SPLINE_SURFACE(2,6,(
    (#4922,#4923,#4924,#4925,#4926,#4927,#4928,#4929,#4930,#4931,#4932
      ,#4933,#4934,#4935,#4936,#4937,#4938)
    ,(#4939,#4940,#4941,#4942,#4943,#4944,#4945,#4946,#4947,#4948,#4949
      ,#4950,#4951,#4952,#4953,#4954,#4955)
    ,(#4956,#4957,#4958,#4959,#4960,#4961,#4962,#4963,#4964,#4965,#4966
      ,#4967,#4968,#4969,#4970,#4971,#4972
)),.UNSPECIFIED.,.F.,.F.,.F.) B_SPLINE_SURFACE_WITH_KNOTS((3,3),(7,5,5,7
    ),(0.,146.49984574039),(-8.890959613726,5.471370022837E-02,
    146.55455944062,155.50023275457),.UNSPECIFIED.) 
GEOMETRIC_REPRESENTATION_ITEM() RATIONAL_B_SPLINE_SURFACE((
    (1.,1.,1.,1.,1.,1.,1.,1.,1.,1.,1.,1.,1.,1.,1.,1.,1.)
    ,(0.707222739782,0.707222739782,0.707222739782,0.707222739782
      ,0.707222739782,0.707222739782,0.707222739782,0.707222739782
      ,0.707222739782,0.707222739782,0.707222739782,0.707222739782
      ,0.707222739782,0.707222739782,0.707222739782,0.707222739782
      ,0.707222739782)
    ,(1.,1.,1.,1.,1.,1.,1.,1.,1.,1.,1.,1.,1.,1.,1.,1.,1.
))) REPRESENTATION_ITEM('') SURFACE() );
#4922 = CARTESIAN_POINT('',(124.31344882405,56.736471687631,
    103.56242085143));
#4923 = CARTESIAN_POINT('',(124.30324882405,58.225671687631,
    103.63382085143));
#4924 = CARTESIAN_POINT('',(124.29304882405,59.714871687631,
    103.70522085143));
#4925 = CARTESIAN_POINT('',(124.28284882405,61.204071687631,
    103.77662085143));
#4926 = CARTESIAN_POINT('',(124.27264882405,62.693271687631,
    103.84802085143));
#4927 = CARTESIAN_POINT('',(124.26244882405,64.182471687631,
    103.91942085143));
#4928 = CARTESIAN_POINT('',(124.08520735338,90.059726406359,
    105.16011114616));
#4929 = CARTESIAN_POINT('',(123.9181658827,114.44778112508,
    106.3294014409));
#4930 = CARTESIAN_POINT('',(123.75112441202,138.83583584381,
    107.49869173563));
#4931 = CARTESIAN_POINT('',(123.58408294135,163.22389056254,
    108.66798203036));
#4932 = CARTESIAN_POINT('',(123.41704147067,187.61194528127,
    109.8372723251));
#4933 = CARTESIAN_POINT('',(123.2398,213.4892,111.07796261983));
#4934 = CARTESIAN_POINT('',(123.2296,214.9784,111.14936261983));
#4935 = CARTESIAN_POINT('',(123.2194,216.4676,111.22076261983));
#4936 = CARTESIAN_POINT('',(123.2092,217.9568,111.29216261983));
#4937 = CARTESIAN_POINT('',(123.199,219.446,111.36356261983));
#4938 = CARTESIAN_POINT('',(123.1888,220.9352,111.43496261983));
#4939 = CARTESIAN_POINT('',(124.31082568737,57.119449643143,
    95.57422018837));
#4940 = CARTESIAN_POINT('',(124.30062568737,58.608649643143,
    95.64562018837));
#4941 = CARTESIAN_POINT('',(124.29042568737,60.097849643143,
    95.71702018837));
#4942 = CARTESIAN_POINT('',(124.28022568737,61.587049643143,
    95.78842018837));
#4943 = CARTESIAN_POINT('',(124.27002568737,63.076249643143,
    95.85982018837));
#4944 = CARTESIAN_POINT('',(124.25982568737,64.565449643143,
    95.93122018837));
#4945 = CARTESIAN_POINT('',(124.0825842167,90.442704361871,
    97.171910483103));
#4946 = CARTESIAN_POINT('',(123.91554274602,114.83075908059,
    98.341200777837));
#4947 = CARTESIAN_POINT('',(123.74850127534,139.21881379932,
    99.51049107257));
#4948 = CARTESIAN_POINT('',(123.58145980467,163.60686851805,
    100.6797813673));
#4949 = CARTESIAN_POINT('',(123.41441833399,187.99492323678,
    101.84907166203));
#4950 = CARTESIAN_POINT('',(123.23717686331,213.87217795551,
    103.08976195677));
#4951 = CARTESIAN_POINT('',(123.22697686331,215.36137795551,
    103.16116195677));
#4952 = CARTESIAN_POINT('',(123.21677686331,216.85057795551,
    103.23256195677));
#4953 = CARTESIAN_POINT('',(123.20657686331,218.33977795551,
    103.30396195677));
#4954 = CARTESIAN_POINT('',(123.19637686331,219.82897795551,
    103.37536195677));
#4955 = CARTESIAN_POINT('',(123.18617686331,221.31817795551,
    103.44676195677));
#4956 = CARTESIAN_POINT('',(116.31363646992,57.0648,95.5716));
#4957 = CARTESIAN_POINT('',(116.30343646992,58.554,95.643));
#4958 = CARTESIAN_POINT('',(116.29323646992,60.0432,95.7144));
#4959 = CARTESIAN_POINT('',(116.28303646992,61.5324,95.7858));
#4960 = CARTESIAN_POINT('',(116.27283646992,63.0216,95.8572));
#4961 = CARTESIAN_POINT('',(116.26263646992,64.5108,95.9286));
#4962 = CARTESIAN_POINT('',(116.08539499924,90.388054718728,
    97.169290294734));
#4963 = CARTESIAN_POINT('',(115.91835352857,114.77610943745,
    98.338580589467));
#4964 = CARTESIAN_POINT('',(115.75131205789,139.16416415618,
    99.507870884201));
#4965 = CARTESIAN_POINT('',(115.58427058721,163.55221887491,
    100.67716117893));
#4966 = CARTESIAN_POINT('',(115.41722911654,187.94027359364,
    101.84645147366));
#4967 = CARTESIAN_POINT('',(115.23998764586,213.81752831236,
    103.0871417684));
#4968 = CARTESIAN_POINT('',(115.22978764586,215.30672831236,
    103.1585417684));
#4969 = CARTESIAN_POINT('',(115.21958764586,216.79592831236,
    103.2299417684));
#4970 = CARTESIAN_POINT('',(115.20938764586,218.28512831236,
    103.3013417684));
#4971 = CARTESIAN_POINT('',(115.19918764586,219.77432831236,
    103.3727417684));
#4972 = CARTESIAN_POINT('',(115.18898764586,221.26352831236,
    103.4441417684));
#4973 = ADVANCED_FACE('',(#4974),#5015,.T.);
#4974 = FACE_BOUND('',#4975,.T.);
#4975 = EDGE_LOOP('',(#4976,#4988,#4997,#5005,#5006,#5007));
#4976 = ORIENTED_EDGE('',*,*,#4977,.T.);
#4977 = EDGE_CURVE('',#4978,#4980,#4982,.T.);
#4978 = VERTEX_POINT('',#4979);
#4979 = CARTESIAN_POINT('',(116.18554208667,61.728387145976,
    67.317652948324));
#4980 = VERTEX_POINT('',#4981);
#4981 = CARTESIAN_POINT('',(114.25,61.728387145976,67.317652948324));
#4982 = B_SPLINE_CURVE_WITH_KNOTS('',4,(#4983,#4984,#4985,#4986,#4987),
  .UNSPECIFIED.,.F.,.F.,(5,5),(0.,1.),.PIECEWISE_BEZIER_KNOTS.);
#4983 = CARTESIAN_POINT('',(116.18554268667,61.728387145976,
    67.317652948324));
#4984 = CARTESIAN_POINT('',(115.701656865,61.728387145976,
    67.317652948324));
#4985 = CARTESIAN_POINT('',(115.21777104333,61.728387145976,
    67.317652948324));
#4986 = CARTESIAN_POINT('',(114.73388522167,61.728387145976,
    67.317652948324));
#4987 = CARTESIAN_POINT('',(114.2499994,61.728387145976,67.317652948324)
  );
#4988 = ORIENTED_EDGE('',*,*,#4989,.T.);
#4989 = EDGE_CURVE('',#4980,#4990,#4992,.T.);
#4990 = VERTEX_POINT('',#4991);
#4991 = CARTESIAN_POINT('',(114.25,75.766579953671,96.46826068271));
#4992 = CIRCLE('',#4993,78.);
#4993 = AXIS2_PLACEMENT_3D('',#4994,#4995,#4996);
#4994 = CARTESIAN_POINT('',(114.25,0.,115.));
#4995 = DIRECTION('',(1.,0.,-2.22044604925E-16));
#4996 = DIRECTION('',(-2.22044604925E-16,0.,-1.));
#4997 = ORIENTED_EDGE('',*,*,#4998,.T.);
#4998 = EDGE_CURVE('',#4990,#4862,#4999,.T.);
#4999 = B_SPLINE_CURVE_WITH_KNOTS('',4,(#5000,#5001,#5002,#5003,#5004),
  .UNSPECIFIED.,.F.,.F.,(5,5),(0.,1.),.PIECEWISE_BEZIER_KNOTS.);
#5000 = CARTESIAN_POINT('',(114.2499994,75.766579953671,96.46826068271)
  );
#5001 = CARTESIAN_POINT('',(114.73388522167,75.766579953671,
    96.46826068271));
#5002 = CARTESIAN_POINT('',(115.21777104333,75.766579953671,
    96.46826068271));
#5003 = CARTESIAN_POINT('',(115.701656865,75.766579953671,96.46826068271
    ));
#5004 = CARTESIAN_POINT('',(116.18554268667,75.766579953671,
    96.46826068271));
#5005 = ORIENTED_EDGE('',*,*,#4861,.T.);
#5006 = ORIENTED_EDGE('',*,*,#1176,.F.);
#5007 = ORIENTED_EDGE('',*,*,#5008,.T.);
#5008 = EDGE_CURVE('',#1100,#4978,#5009,.T.);
#5009 = B_SPLINE_CURVE_WITH_KNOTS('',4,(#5010,#5011,#5012,#5013,#5014),
  .UNSPECIFIED.,.F.,.F.,(5,5),(0.,1.),.PIECEWISE_BEZIER_KNOTS.);
#5010 = CARTESIAN_POINT('',(116.2500006,61.728221593107,67.317438628443)
  );
#5011 = CARTESIAN_POINT('',(116.23386005506,61.728304504834,
    67.317545963144));
#5012 = CARTESIAN_POINT('',(116.2177366414,61.728359644202,
    67.317617345207));
#5013 = CARTESIAN_POINT('',(116.20163057992,61.728387145976,
    67.317652948324));
#5014 = CARTESIAN_POINT('',(116.18554208667,61.728387145976,
    67.317652948324));
#5015 = CYLINDRICAL_SURFACE('',#5016,78.);
#5016 = AXIS2_PLACEMENT_3D('',#5017,#5018,#5019);
#5017 = CARTESIAN_POINT('',(106.25,0.,115.));
#5018 = DIRECTION('',(1.,0.,-2.22044604925E-16));
#5019 = DIRECTION('',(-2.22044604925E-16,0.,-1.));
#5020 = ADVANCED_FACE('',(#5021),#5098,.T.);
#5021 = FACE_BOUND('',#5022,.T.);
#5022 = EDGE_LOOP('',(#5023,#5045,#5046,#5047,#5069));
#5023 = ORIENTED_EDGE('',*,*,#5024,.F.);
#5024 = EDGE_CURVE('',#4978,#5025,#5027,.T.);
#5025 = VERTEX_POINT('',#5026);
#5026 = CARTESIAN_POINT('',(115.25243646992,141.56181578366,
    -43.26639666091));
#5027 = B_SPLINE_CURVE_WITH_KNOTS('',6,(#5028,#5029,#5030,#5031,#5032,
    #5033,#5034,#5035,#5036,#5037,#5038,#5039,#5040,#5041,#5042,#5043,
    #5044),.UNSPECIFIED.,.F.,.F.,(7,5,5,7),(-8.890959613727,
    5.471370022795E-02,146.55455944062,155.50023275457),.UNSPECIFIED.);
#5028 = CARTESIAN_POINT('',(116.31363646992,50.76905561909,
    82.498352085691));
#5029 = CARTESIAN_POINT('',(116.30343646992,51.64173386417,
    81.289531470146));
#5030 = CARTESIAN_POINT('',(116.29323646992,52.51441210925,
    80.080710854602));
#5031 = CARTESIAN_POINT('',(116.28303646992,53.38709035433,
    78.871890239058));
#5032 = CARTESIAN_POINT('',(116.27283646992,54.259768599409,
    77.663069623514));
#5033 = CARTESIAN_POINT('',(116.26263646992,55.132446844489,
    76.45424900797));
#5034 = CARTESIAN_POINT('',(116.08539499924,70.296640529302,
    55.449038842992));
#5035 = CARTESIAN_POINT('',(115.91835352857,84.588155969034,
    35.652649293559));
#5036 = CARTESIAN_POINT('',(115.75131205789,98.879671408768,
    15.856259744125));
#5037 = CARTESIAN_POINT('',(115.58427058721,113.1711868485,
    -3.940129805307));
#5038 = CARTESIAN_POINT('',(115.41722911654,127.46270228823,
    -23.73651935474));
#5039 = CARTESIAN_POINT('',(115.23998764586,142.62689597304,
    -44.74172951971));
#5040 = CARTESIAN_POINT('',(115.22978764586,143.49957421812,
    -45.95055013526));
#5041 = CARTESIAN_POINT('',(115.21958764586,144.3722524632,
    -47.1593707508));
#5042 = CARTESIAN_POINT('',(115.20938764586,145.24493070828,
    -48.36819136635));
#5043 = CARTESIAN_POINT('',(115.19918764586,146.11760895336,
    -49.57701198189));
#5044 = CARTESIAN_POINT('',(115.18898764586,146.99028719844,
    -50.78583259743));
#5045 = ORIENTED_EDGE('',*,*,#5008,.F.);
#5046 = ORIENTED_EDGE('',*,*,#1099,.T.);
#5047 = ORIENTED_EDGE('',*,*,#5048,.T.);
#5048 = EDGE_CURVE('',#1061,#5049,#5051,.T.);
#5049 = VERTEX_POINT('',#5050);
#5050 = CARTESIAN_POINT('',(123.25,135.30203306112,-48.25840680232));
#5051 = B_SPLINE_CURVE_WITH_KNOTS('',6,(#5052,#5053,#5054,#5055,#5056,
    #5057,#5058,#5059,#5060,#5061,#5062,#5063,#5064,#5065,#5066,#5067,
    #5068),.UNSPECIFIED.,.F.,.F.,(7,5,5,7),(-8.890959613727,
    5.471370022795E-02,146.55455944062,155.50023275457),.UNSPECIFIED.);
#5052 = CARTESIAN_POINT('',(124.31344882405,44.316870952253,
    77.772854187537));
#5053 = CARTESIAN_POINT('',(124.30324882405,45.189549197333,
    76.564033571993));
#5054 = CARTESIAN_POINT('',(124.29304882405,46.062227442413,
    75.355212956449));
#5055 = CARTESIAN_POINT('',(124.28284882405,46.934905687493,
    74.146392340905));
#5056 = CARTESIAN_POINT('',(124.27264882405,47.807583932573,
    72.937571725361));
#5057 = CARTESIAN_POINT('',(124.26244882405,48.680262177653,
    71.728751109817));
#5058 = CARTESIAN_POINT('',(124.08520735338,63.844455862465,
    50.723540944839));
#5059 = CARTESIAN_POINT('',(123.9181658827,78.135971302198,
    30.927151395406));
#5060 = CARTESIAN_POINT('',(123.75112441202,92.427486741931,
    11.130761845972));
#5061 = CARTESIAN_POINT('',(123.58408294135,106.71900218166,
    -8.665627703461));
#5062 = CARTESIAN_POINT('',(123.41704147067,121.01051762139,
    -28.46201725289));
#5063 = CARTESIAN_POINT('',(123.2398,136.1747113062,-49.46722741787));
#5064 = CARTESIAN_POINT('',(123.2296,137.04738955128,-50.67604803341));
#5065 = CARTESIAN_POINT('',(123.2194,137.92006779636,-51.88486864896));
#5066 = CARTESIAN_POINT('',(123.2092,138.79274604144,-53.0936892645));
#5067 = CARTESIAN_POINT('',(123.199,139.66542428652,-54.30250988004));
#5068 = CARTESIAN_POINT('',(123.1888,140.5381025316,-55.51133049559));
#5069 = ORIENTED_EDGE('',*,*,#5070,.F.);
#5070 = EDGE_CURVE('',#5025,#5049,#5071,.T.);
#5071 = B_SPLINE_CURVE_WITH_KNOTS('',7,(#5072,#5073,#5074,#5075,#5076,
    #5077,#5078,#5079,#5080,#5081,#5082,#5083,#5084,#5085,#5086,#5087,
    #5088,#5089,#5090,#5091,#5092,#5093,#5094,#5095,#5096,#5097),
  .UNSPECIFIED.,.F.,.F.,(8,6,6,6,8),(0.,0.24692549866,0.497996622869,
    0.749070781751,1.),.UNSPECIFIED.);
#5072 = CARTESIAN_POINT('',(115.25243646992,141.56181578366,
    -43.26639666091));
#5073 = CARTESIAN_POINT('',(115.6517537518,141.56181578366,
    -43.26639666091));
#5074 = CARTESIAN_POINT('',(116.06063670095,141.54361469118,
    -43.28091154782));
#5075 = CARTESIAN_POINT('',(116.47705974607,141.50564465433,
    -43.31119164178));
#5076 = CARTESIAN_POINT('',(116.89850506259,141.44649187396,-43.35836441
    ));
#5077 = CARTESIAN_POINT('',(117.32195720698,141.36505332748,
    -43.42330948365));
#5078 = CARTESIAN_POINT('',(117.74401015744,141.26067007105,
    -43.5065523529));
#5079 = CARTESIAN_POINT('',(118.58516565279,141.00366470075,
    -43.71150729651));
#5080 = CARTESIAN_POINT('',(119.00410108161,140.85026103965,
    -43.833842634));
#5081 = CARTESIAN_POINT('',(119.41413104009,140.67291297642,
    -43.97527299499));
#5082 = CARTESIAN_POINT('',(119.81131294646,140.47208506638,
    -44.13542790899));
#5083 = CARTESIAN_POINT('',(120.19175186804,140.24891481268,
    -44.31340024751));
#5084 = CARTESIAN_POINT('',(120.551938471,140.00518081972,
    -44.50777162086));
#5085 = CARTESIAN_POINT('',(121.22598116321,139.48108533638,
    -44.92572382206));
#5086 = CARTESIAN_POINT('',(121.53983801679,139.2007223718,
    -45.14930582554));
#5087 = CARTESIAN_POINT('',(121.82761354319,138.90429764786,
    -45.38569665469));
#5088 = CARTESIAN_POINT('',(122.08698746533,138.59453587084,
    -45.63272342875));
#5089 = CARTESIAN_POINT('',(122.31645289301,138.27447457426,
    -45.88796379559));
#5090 = CARTESIAN_POINT('',(122.51536398735,137.9471997374,
    -46.14895676884));
#5091 = CARTESIAN_POINT('',(122.85217501519,137.28432093111,
    -46.6775849769));
#5092 = CARTESIAN_POINT('',(122.99011075314,136.94872083544,
    -46.94521712251));
#5093 = CARTESIAN_POINT('',(123.0977231605,136.61181111103,
    -47.21389366218));
#5094 = CARTESIAN_POINT('',(123.17585567215,136.27640491309,
    -47.4813711795));
#5095 = CARTESIAN_POINT('',(123.22598727739,135.94499185933,
    -47.74566427061));
#5096 = CARTESIAN_POINT('',(123.25,135.61964670116,-48.00511837645));
#5097 = CARTESIAN_POINT('',(123.25,135.30203306112,-48.25840680232));
#5098 = ( BOUNDED_SURFACE() B_SPLINE_SURFACE(2,6,(
    (#5099,#5100,#5101,#5102,#5103,#5104,#5105,#5106,#5107,#5108,#5109
      ,#5110,#5111,#5112,#5113,#5114,#5115)
    ,(#5116,#5117,#5118,#5119,#5120,#5121,#5122,#5123,#5124,#5125,#5126
      ,#5127,#5128,#5129,#5130,#5131,#5132)
    ,(#5133,#5134,#5135,#5136,#5137,#5138,#5139,#5140,#5141,#5142,#5143
      ,#5144,#5145,#5146,#5147,#5148,#5149
)),.UNSPECIFIED.,.F.,.F.,.F.) B_SPLINE_SURFACE_WITH_KNOTS((3,3),(7,5,5,7
    ),(0.,146.49984574039),(-8.890959613727,5.471370022795E-02,
    146.55455944062,155.50023275457),.UNSPECIFIED.) 
GEOMETRIC_REPRESENTATION_ITEM() RATIONAL_B_SPLINE_SURFACE((
    (1.,1.,1.,1.,1.,1.,1.,1.,1.,1.,1.,1.,1.,1.,1.,1.,1.)
    ,(0.707222739782,0.707222739782,0.707222739782,0.707222739782
      ,0.707222739782,0.707222739782,0.707222739782,0.707222739782
      ,0.707222739782,0.707222739782,0.707222739782,0.707222739782
      ,0.707222739782,0.707222739782,0.707222739782,0.707222739782
      ,0.707222739782)
    ,(1.,1.,1.,1.,1.,1.,1.,1.,1.,1.,1.,1.,1.,1.,1.,1.,1.
))) REPRESENTATION_ITEM('') SURFACE() );
#5099 = CARTESIAN_POINT('',(116.31363646992,50.76905561909,
    82.498352085691));
#5100 = CARTESIAN_POINT('',(116.30343646992,51.64173386417,
    81.289531470146));
#5101 = CARTESIAN_POINT('',(116.29323646992,52.51441210925,
    80.080710854602));
#5102 = CARTESIAN_POINT('',(116.28303646992,53.38709035433,
    78.871890239058));
#5103 = CARTESIAN_POINT('',(116.27283646992,54.259768599409,
    77.663069623514));
#5104 = CARTESIAN_POINT('',(116.26263646992,55.132446844489,
    76.45424900797));
#5105 = CARTESIAN_POINT('',(116.08539499924,70.296640529302,
    55.449038842992));
#5106 = CARTESIAN_POINT('',(115.91835352857,84.588155969034,
    35.652649293559));
#5107 = CARTESIAN_POINT('',(115.75131205789,98.879671408768,
    15.856259744125));
#5108 = CARTESIAN_POINT('',(115.58427058721,113.1711868485,
    -3.940129805307));
#5109 = CARTESIAN_POINT('',(115.41722911654,127.46270228823,
    -23.73651935474));
#5110 = CARTESIAN_POINT('',(115.23998764586,142.62689597304,
    -44.74172951971));
#5111 = CARTESIAN_POINT('',(115.22978764586,143.49957421812,
    -45.95055013526));
#5112 = CARTESIAN_POINT('',(115.21958764586,144.3722524632,
    -47.1593707508));
#5113 = CARTESIAN_POINT('',(115.20938764586,145.24493070828,
    -48.36819136635));
#5114 = CARTESIAN_POINT('',(115.19918764586,146.11760895336,
    -49.57701198189));
#5115 = CARTESIAN_POINT('',(115.18898764586,146.99028719844,
    -50.78583259743));
#5116 = CARTESIAN_POINT('',(124.31082568737,50.801080568507,
    82.453991613448));
#5117 = CARTESIAN_POINT('',(124.30062568737,51.673758813587,
    81.245170997904));
#5118 = CARTESIAN_POINT('',(124.29042568737,52.546437058667,
    80.03635038236));
#5119 = CARTESIAN_POINT('',(124.28022568737,53.419115303747,
    78.827529766816));
#5120 = CARTESIAN_POINT('',(124.27002568737,54.291793548827,
    77.618709151272));
#5121 = CARTESIAN_POINT('',(124.25982568737,55.164471793906,
    76.409888535728));
#5122 = CARTESIAN_POINT('',(124.0825842167,70.328665478719,
    55.40467837075));
#5123 = CARTESIAN_POINT('',(123.91554274602,84.620180918452,
    35.608288821317));
#5124 = CARTESIAN_POINT('',(123.74850127534,98.911696358185,
    15.811899271883));
#5125 = CARTESIAN_POINT('',(123.58145980467,113.20321179791,
    -3.98449027755));
#5126 = CARTESIAN_POINT('',(123.41441833399,127.49472723765,
    -23.78087982698));
#5127 = CARTESIAN_POINT('',(123.23717686331,142.65892092246,
    -44.78608999196));
#5128 = CARTESIAN_POINT('',(123.22697686331,143.53159916754,
    -45.9949106075));
#5129 = CARTESIAN_POINT('',(123.21677686331,144.40427741262,
    -47.20373122304));
#5130 = CARTESIAN_POINT('',(123.20657686331,145.2769556577,
    -48.41255183859));
#5131 = CARTESIAN_POINT('',(123.19637686331,146.14963390278,
    -49.62137245413));
#5132 = CARTESIAN_POINT('',(123.18617686331,147.02231214786,
    -50.83019306968));
#5133 = CARTESIAN_POINT('',(124.31344882405,44.316870952253,
    77.772854187537));
#5134 = CARTESIAN_POINT('',(124.30324882405,45.189549197333,
    76.564033571993));
#5135 = CARTESIAN_POINT('',(124.29304882405,46.062227442413,
    75.355212956449));
#5136 = CARTESIAN_POINT('',(124.28284882405,46.934905687493,
    74.146392340905));
#5137 = CARTESIAN_POINT('',(124.27264882405,47.807583932573,
    72.937571725361));
#5138 = CARTESIAN_POINT('',(124.26244882405,48.680262177653,
    71.728751109817));
#5139 = CARTESIAN_POINT('',(124.08520735338,63.844455862465,
    50.723540944839));
#5140 = CARTESIAN_POINT('',(123.9181658827,78.135971302198,
    30.927151395406));
#5141 = CARTESIAN_POINT('',(123.75112441202,92.427486741931,
    11.130761845972));
#5142 = CARTESIAN_POINT('',(123.58408294135,106.71900218166,
    -8.665627703461));
#5143 = CARTESIAN_POINT('',(123.41704147067,121.01051762139,
    -28.46201725289));
#5144 = CARTESIAN_POINT('',(123.2398,136.1747113062,-49.46722741787));
#5145 = CARTESIAN_POINT('',(123.2296,137.04738955128,-50.67604803341));
#5146 = CARTESIAN_POINT('',(123.2194,137.92006779636,-51.88486864896));
#5147 = CARTESIAN_POINT('',(123.2092,138.79274604144,-53.0936892645));
#5148 = CARTESIAN_POINT('',(123.199,139.66542428652,-54.30250988004));
#5149 = CARTESIAN_POINT('',(123.1888,140.5381025316,-55.51133049559));
#5150 = ADVANCED_FACE('',(#5151),#5183,.T.);
#5151 = FACE_BOUND('',#5152,.T.);
#5152 = EDGE_LOOP('',(#5153,#5154,#5155,#5177));
#5153 = ORIENTED_EDGE('',*,*,#5048,.F.);
#5154 = ORIENTED_EDGE('',*,*,#1060,.T.);
#5155 = ORIENTED_EDGE('',*,*,#5156,.T.);
#5156 = EDGE_CURVE('',#977,#5157,#5159,.T.);
#5157 = VERTEX_POINT('',#5158);
#5158 = CARTESIAN_POINT('',(123.25,129.05764292697,-53.23814176411));
#5159 = B_SPLINE_CURVE_WITH_KNOTS('',6,(#5160,#5161,#5162,#5163,#5164,
    #5165,#5166,#5167,#5168,#5169,#5170,#5171,#5172,#5173,#5174,#5175,
    #5176),.UNSPECIFIED.,.F.,.F.,(7,5,5,7),(-8.890959613726,
    5.471370022866E-02,146.55455944062,155.50023275457),.UNSPECIFIED.);
#5160 = CARTESIAN_POINT('',(124.31344882405,26.432352029116,
    63.510426273371));
#5161 = CARTESIAN_POINT('',(124.30324882405,27.416675809892,
    62.390640001532));
#5162 = CARTESIAN_POINT('',(124.29304882405,28.400999590668,
    61.270853729694));
#5163 = CARTESIAN_POINT('',(124.28284882405,29.385323371444,
    60.151067457855));
#5164 = CARTESIAN_POINT('',(124.27264882405,30.369647152221,
    59.031281186016));
#5165 = CARTESIAN_POINT('',(124.26244882405,31.353970932997,
    57.911494914178));
#5166 = CARTESIAN_POINT('',(124.08520735338,48.45818608264,
    38.453400241263));
#5167 = CARTESIAN_POINT('',(123.9181658827,64.578077451506,
    20.115091840188));
#5168 = CARTESIAN_POINT('',(123.75112441202,80.697968820374,
    1.776783439111));
#5169 = CARTESIAN_POINT('',(123.58408294135,96.81786018924,
    -16.56152496196));
#5170 = CARTESIAN_POINT('',(123.41704147067,112.9377515581,
    -34.89983336304));
#5171 = CARTESIAN_POINT('',(123.2398,130.04196670775,-54.35792803595));
#5172 = CARTESIAN_POINT('',(123.2296,131.02629048852,-55.47771430779));
#5173 = CARTESIAN_POINT('',(123.2194,132.0106142693,-56.59750057963));
#5174 = CARTESIAN_POINT('',(123.2092,132.99493805007,-57.71728685147));
#5175 = CARTESIAN_POINT('',(123.199,133.97926183085,-58.83707312331));
#5176 = CARTESIAN_POINT('',(123.1888,134.96358561163,-59.95685939514));
#5177 = ORIENTED_EDGE('',*,*,#5178,.F.);
#5178 = EDGE_CURVE('',#5049,#5157,#5179,.T.);
#5179 = LINE('',#5180,#5181);
#5180 = CARTESIAN_POINT('',(123.25,141.56181578366,-43.26639666091));
#5181 = VECTOR('',#5182,1.);
#5182 = DIRECTION('',(-1.384425467285E-16,-0.781831482468,
    -0.623489801859));
#5183 = B_SPLINE_SURFACE_WITH_KNOTS('',1,1,(
    (#5184,#5185)
    ,(#5186,#5187
    )),.UNSPECIFIED.,.F.,.F.,.F.,(2,2),(2,2),(0.,38.),(0.,1.),
  .PIECEWISE_BEZIER_KNOTS.);
#5184 = CARTESIAN_POINT('',(124.25,56.005125089569,75.245428392426));
#5185 = CARTESIAN_POINT('',(123.25,141.56181578366,-43.26639666091));
#5186 = CARTESIAN_POINT('',(124.25,26.295528755784,51.552815921794));
#5187 = CARTESIAN_POINT('',(123.25,122.79786020443,-58.23015190552));
#5188 = ADVANCED_FACE('',(#5189),#5254,.T.);
#5189 = FACE_BOUND('',#5190,.T.);
#5190 = EDGE_LOOP('',(#5191,#5192,#5193,#5203,#5225));
#5191 = ORIENTED_EDGE('',*,*,#5156,.F.);
#5192 = ORIENTED_EDGE('',*,*,#976,.T.);
#5193 = ORIENTED_EDGE('',*,*,#5194,.F.);
#5194 = EDGE_CURVE('',#5195,#968,#5197,.T.);
#5195 = VERTEX_POINT('',#5196);
#5196 = CARTESIAN_POINT('',(116.18554208667,32.75099269968,
    44.208951998254));
#5197 = B_SPLINE_CURVE_WITH_KNOTS('',4,(#5198,#5199,#5200,#5201,#5202),
  .UNSPECIFIED.,.F.,.F.,(5,5),(0.,1.),.PIECEWISE_BEZIER_KNOTS.);
#5198 = CARTESIAN_POINT('',(116.18554208667,32.75099269968,
    44.208951998254));
#5199 = CARTESIAN_POINT('',(116.20163057992,32.75099269968,
    44.208951998254));
#5200 = CARTESIAN_POINT('',(116.2177366414,32.751033529873,
    44.208970888063));
#5201 = CARTESIAN_POINT('',(116.23386005506,32.751115391903,
    44.209008760968));
#5202 = CARTESIAN_POINT('',(116.2500006,32.751238485093,44.209065709707)
  );
#5203 = ORIENTED_EDGE('',*,*,#5204,.T.);
#5204 = EDGE_CURVE('',#5195,#5205,#5207,.T.);
#5205 = VERTEX_POINT('',#5206);
#5206 = CARTESIAN_POINT('',(115.25243646992,122.79786020443,
    -58.23015190552));
#5207 = B_SPLINE_CURVE_WITH_KNOTS('',6,(#5208,#5209,#5210,#5211,#5212,
    #5213,#5214,#5215,#5216,#5217,#5218,#5219,#5220,#5221,#5222,#5223,
    #5224),.UNSPECIFIED.,.F.,.F.,(7,5,5,7),(-8.890959613726,
    5.471370022866E-02,146.55455944062,155.50023275457),.UNSPECIFIED.);
#5208 = CARTESIAN_POINT('',(116.31363646992,20.389586071126,
    58.271533552826));
#5209 = CARTESIAN_POINT('',(116.30343646992,21.373909851903,
    57.151747280987));
#5210 = CARTESIAN_POINT('',(116.29323646992,22.358233632679,
    56.031961009149));
#5211 = CARTESIAN_POINT('',(116.28303646992,23.342557413455,
    54.91217473731));
#5212 = CARTESIAN_POINT('',(116.27283646992,24.326881194231,
    53.792388465471));
#5213 = CARTESIAN_POINT('',(116.26263646992,25.311204975008,
    52.672602193633));
#5214 = CARTESIAN_POINT('',(116.08539499924,42.415420124651,
    33.214507520718));
#5215 = CARTESIAN_POINT('',(115.91835352857,58.535311493517,
    14.876199119643));
#5216 = CARTESIAN_POINT('',(115.75131205789,74.655202862385,
    -3.462109281435));
#5217 = CARTESIAN_POINT('',(115.58427058721,90.775094231251,
    -21.8004176825));
#5218 = CARTESIAN_POINT('',(115.41722911654,106.89498560011,
    -40.13872608358));
#5219 = CARTESIAN_POINT('',(115.23998764586,123.99920074976,
    -59.5968207565));
#5220 = CARTESIAN_POINT('',(115.22978764586,124.98352453053,
    -60.71660702833));
#5221 = CARTESIAN_POINT('',(115.21958764586,125.96784831131,
    -61.83639330017));
#5222 = CARTESIAN_POINT('',(115.20938764586,126.95217209209,
    -62.95617957201));
#5223 = CARTESIAN_POINT('',(115.19918764586,127.93649587286,
    -64.07596584385));
#5224 = CARTESIAN_POINT('',(115.18898764586,128.92081965364,
    -65.19575211569));
#5225 = ORIENTED_EDGE('',*,*,#5226,.F.);
#5226 = EDGE_CURVE('',#5157,#5205,#5227,.T.);
#5227 = B_SPLINE_CURVE_WITH_KNOTS('',7,(#5228,#5229,#5230,#5231,#5232,
    #5233,#5234,#5235,#5236,#5237,#5238,#5239,#5240,#5241,#5242,#5243,
    #5244,#5245,#5246,#5247,#5248,#5249,#5250,#5251,#5252,#5253),
  .UNSPECIFIED.,.F.,.F.,(8,6,6,6,8),(0.,0.250659808959,0.502734278618,
    0.752805092061,1.),.UNSPECIFIED.);
#5228 = CARTESIAN_POINT('',(123.25,129.05764292697,-53.23814176411));
#5229 = CARTESIAN_POINT('',(123.25,128.74037029184,-53.49115824764));
#5230 = CARTESIAN_POINT('',(123.22603801229,128.41538271998,
    -53.75032718792));
#5231 = CARTESIAN_POINT('',(123.17601906972,128.08433856269,
    -54.01432609391));
#5232 = CARTESIAN_POINT('',(123.09805649932,127.74930524852,
    -54.28150624634));
#5233 = CARTESIAN_POINT('',(122.99068890623,127.41276377239,
    -54.54988911782));
#5234 = CARTESIAN_POINT('',(122.85306306033,127.07751698573,
    -54.81723950889));
#5235 = CARTESIAN_POINT('',(122.51615427172,126.41361822316,
    -55.34668110495));
#5236 = CARTESIAN_POINT('',(122.31652626235,126.08501306071,
    -55.60873497745));
#5237 = CARTESIAN_POINT('',(122.08609688761,125.76367434689,
    -55.86499405054));
#5238 = CARTESIAN_POINT('',(121.82551911109,125.45272564588,
    -56.1129673649));
#5239 = CARTESIAN_POINT('',(121.53632124313,125.15524133424,
    -56.35020318705));
#5240 = CARTESIAN_POINT('',(121.22085790888,124.87397655239,
    -56.5745043658));
#5241 = CARTESIAN_POINT('',(120.54600666007,124.350521373,
    -56.99194594164));
#5242 = CARTESIAN_POINT('',(120.18698650535,124.10803713311,
    -57.18532067017));
#5243 = CARTESIAN_POINT('',(119.80791253168,123.88597120966,
    -57.3624123347));
#5244 = CARTESIAN_POINT('',(119.41225499328,123.6860760317,
    -57.52182341969));
#5245 = CARTESIAN_POINT('',(119.00386191538,123.50947302797,
    -57.66265961557));
#5246 = CARTESIAN_POINT('',(118.58662826938,123.35662170725,
    -57.78455447629));
#5247 = CARTESIAN_POINT('',(117.74677304947,123.09968965484,
    -57.98945095084));
#5248 = CARTESIAN_POINT('',(117.3242672951,122.9950672055,
    -58.07288457007));
#5249 = CARTESIAN_POINT('',(116.90034439251,122.91344242203,
    -58.13797816276));
#5250 = CARTESIAN_POINT('',(116.47842280493,122.854155683,
    -58.18525775945));
#5251 = CARTESIAN_POINT('',(116.06152894616,122.81610103799,
    -58.21560532617));
#5252 = CARTESIAN_POINT('',(115.65218943142,122.79786020443,
    -58.23015190552));
#5253 = CARTESIAN_POINT('',(115.25243646992,122.79786020443,
    -58.23015190552));
#5254 = ( BOUNDED_SURFACE() B_SPLINE_SURFACE(2,6,(
    (#5255,#5256,#5257,#5258,#5259,#5260,#5261,#5262,#5263,#5264,#5265
      ,#5266,#5267,#5268,#5269,#5270,#5271)
    ,(#5272,#5273,#5274,#5275,#5276,#5277,#5278,#5279,#5280,#5281,#5282
      ,#5283,#5284,#5285,#5286,#5287,#5288)
    ,(#5289,#5290,#5291,#5292,#5293,#5294,#5295,#5296,#5297,#5298,#5299
      ,#5300,#5301,#5302,#5303,#5304,#5305
)),.UNSPECIFIED.,.F.,.F.,.F.) B_SPLINE_SURFACE_WITH_KNOTS((3,3),(7,5,5,7
    ),(0.,146.49984574039),(-8.890959613726,5.471370022866E-02,
    146.55455944062,155.50023275457),.UNSPECIFIED.) 
GEOMETRIC_REPRESENTATION_ITEM() RATIONAL_B_SPLINE_SURFACE((
    (1.,1.,1.,1.,1.,1.,1.,1.,1.,1.,1.,1.,1.,1.,1.,1.,1.)
    ,(0.707222739782,0.707222739782,0.707222739782,0.707222739782
      ,0.707222739782,0.707222739782,0.707222739782,0.707222739782
      ,0.707222739782,0.707222739782,0.707222739782,0.707222739782
      ,0.707222739782,0.707222739782,0.707222739782,0.707222739782
      ,0.707222739782)
    ,(1.,1.,1.,1.,1.,1.,1.,1.,1.,1.,1.,1.,1.,1.,1.,1.,1.
))) REPRESENTATION_ITEM('') SURFACE() );
#5255 = CARTESIAN_POINT('',(124.31344882405,26.432352029116,
    63.510426273371));
#5256 = CARTESIAN_POINT('',(124.30324882405,27.416675809892,
    62.390640001532));
#5257 = CARTESIAN_POINT('',(124.29304882405,28.400999590668,
    61.270853729694));
#5258 = CARTESIAN_POINT('',(124.28284882405,29.385323371444,
    60.151067457855));
#5259 = CARTESIAN_POINT('',(124.27264882405,30.369647152221,
    59.031281186016));
#5260 = CARTESIAN_POINT('',(124.26244882405,31.353970932997,
    57.911494914178));
#5261 = CARTESIAN_POINT('',(124.08520735338,48.45818608264,
    38.453400241263));
#5262 = CARTESIAN_POINT('',(123.9181658827,64.578077451506,
    20.115091840188));
#5263 = CARTESIAN_POINT('',(123.75112441202,80.697968820374,
    1.776783439111));
#5264 = CARTESIAN_POINT('',(123.58408294135,96.81786018924,
    -16.56152496196));
#5265 = CARTESIAN_POINT('',(123.41704147067,112.9377515581,
    -34.89983336304));
#5266 = CARTESIAN_POINT('',(123.2398,130.04196670775,-54.35792803595));
#5267 = CARTESIAN_POINT('',(123.2296,131.02629048852,-55.47771430779));
#5268 = CARTESIAN_POINT('',(123.2194,132.0106142693,-56.59750057963));
#5269 = CARTESIAN_POINT('',(123.2092,132.99493805007,-57.71728685147));
#5270 = CARTESIAN_POINT('',(123.199,133.97926183085,-58.83707312331));
#5271 = CARTESIAN_POINT('',(123.1888,134.96358561163,-59.95685939514));
#5272 = CARTESIAN_POINT('',(124.31082568737,20.425708112059,
    58.230440402039));
#5273 = CARTESIAN_POINT('',(124.30062568737,21.410031892835,
    57.1106541302));
#5274 = CARTESIAN_POINT('',(124.29042568737,22.394355673611,
    55.990867858362));
#5275 = CARTESIAN_POINT('',(124.28022568737,23.378679454387,
    54.871081586523));
#5276 = CARTESIAN_POINT('',(124.27002568737,24.363003235164,
    53.751295314684));
#5277 = CARTESIAN_POINT('',(124.25982568737,25.34732701594,
    52.631509042846));
#5278 = CARTESIAN_POINT('',(124.08258421669,42.451542165583,
    33.173414369931));
#5279 = CARTESIAN_POINT('',(123.91554274602,58.57143353445,
    14.835105968855));
#5280 = CARTESIAN_POINT('',(123.74850127534,74.691324903317,
    -3.503202432221));
#5281 = CARTESIAN_POINT('',(123.58145980467,90.811216272183,
    -21.84151083329));
#5282 = CARTESIAN_POINT('',(123.41441833399,106.93110764105,
    -40.17981923437));
#5283 = CARTESIAN_POINT('',(123.23717686331,124.03532279069,
    -59.63791390728));
#5284 = CARTESIAN_POINT('',(123.22697686331,125.01964657146,
    -60.75770017912));
#5285 = CARTESIAN_POINT('',(123.21677686331,126.00397035224,
    -61.87748645096));
#5286 = CARTESIAN_POINT('',(123.20657686331,126.98829413302,
    -62.9972727228));
#5287 = CARTESIAN_POINT('',(123.19637686331,127.97261791379,
    -64.11705899464));
#5288 = CARTESIAN_POINT('',(123.18617686331,128.95694169457,
    -65.23684526648));
#5289 = CARTESIAN_POINT('',(116.31363646992,20.389586071126,
    58.271533552826));
#5290 = CARTESIAN_POINT('',(116.30343646992,21.373909851903,
    57.151747280987));
#5291 = CARTESIAN_POINT('',(116.29323646992,22.358233632679,
    56.031961009149));
#5292 = CARTESIAN_POINT('',(116.28303646992,23.342557413455,
    54.91217473731));
#5293 = CARTESIAN_POINT('',(116.27283646992,24.326881194231,
    53.792388465471));
#5294 = CARTESIAN_POINT('',(116.26263646992,25.311204975008,
    52.672602193633));
#5295 = CARTESIAN_POINT('',(116.08539499924,42.415420124651,
    33.214507520718));
#5296 = CARTESIAN_POINT('',(115.91835352857,58.535311493517,
    14.876199119643));
#5297 = CARTESIAN_POINT('',(115.75131205789,74.655202862385,
    -3.462109281435));
#5298 = CARTESIAN_POINT('',(115.58427058721,90.775094231251,
    -21.8004176825));
#5299 = CARTESIAN_POINT('',(115.41722911654,106.89498560011,
    -40.13872608358));
#5300 = CARTESIAN_POINT('',(115.23998764586,123.99920074976,
    -59.5968207565));
#5301 = CARTESIAN_POINT('',(115.22978764586,124.98352453053,
    -60.71660702833));
#5302 = CARTESIAN_POINT('',(115.21958764586,125.96784831131,
    -61.83639330017));
#5303 = CARTESIAN_POINT('',(115.20938764586,126.95217209209,
    -62.95617957201));
#5304 = CARTESIAN_POINT('',(115.19918764586,127.93649587286,
    -64.07596584385));
#5305 = CARTESIAN_POINT('',(115.18898764586,128.92081965364,
    -65.19575211569));
#5306 = ADVANCED_FACE('',(#5307),#5339,.T.);
#5307 = FACE_BOUND('',#5308,.T.);
#5308 = EDGE_LOOP('',(#5309,#5319,#5328,#5336,#5337,#5338));
#5309 = ORIENTED_EDGE('',*,*,#5310,.T.);
#5310 = EDGE_CURVE('',#3401,#5311,#5313,.T.);
#5311 = VERTEX_POINT('',#5312);
#5312 = CARTESIAN_POINT('',(114.25,1.207459787736,37.009346451892));
#5313 = B_SPLINE_CURVE_WITH_KNOTS('',4,(#5314,#5315,#5316,#5317,#5318),
  .UNSPECIFIED.,.F.,.F.,(5,5),(0.,1.),.PIECEWISE_BEZIER_KNOTS.);
#5314 = CARTESIAN_POINT('',(116.18554268667,1.207459787736,
    37.009346451892));
#5315 = CARTESIAN_POINT('',(115.701656865,1.207459787736,37.009346451892
    ));
#5316 = CARTESIAN_POINT('',(115.21777104333,1.207459787736,
    37.009346451892));
#5317 = CARTESIAN_POINT('',(114.73388522167,1.207459787736,
    37.009346451892));
#5318 = CARTESIAN_POINT('',(114.2499994,1.207459787736,37.009346451892)
  );
#5319 = ORIENTED_EDGE('',*,*,#5320,.T.);
#5320 = EDGE_CURVE('',#5311,#5321,#5323,.T.);
#5321 = VERTEX_POINT('',#5322);
#5322 = CARTESIAN_POINT('',(114.25,32.75099269968,44.208951998254));
#5323 = CIRCLE('',#5324,78.);
#5324 = AXIS2_PLACEMENT_3D('',#5325,#5326,#5327);
#5325 = CARTESIAN_POINT('',(114.25,0.,115.));
#5326 = DIRECTION('',(1.,0.,-2.22044604925E-16));
#5327 = DIRECTION('',(-2.22044604925E-16,0.,-1.));
#5328 = ORIENTED_EDGE('',*,*,#5329,.T.);
#5329 = EDGE_CURVE('',#5321,#5195,#5330,.T.);
#5330 = B_SPLINE_CURVE_WITH_KNOTS('',4,(#5331,#5332,#5333,#5334,#5335),
  .UNSPECIFIED.,.F.,.F.,(5,5),(0.,1.),.PIECEWISE_BEZIER_KNOTS.);
#5331 = CARTESIAN_POINT('',(114.2499994,32.75099269968,44.208951998254)
  );
#5332 = CARTESIAN_POINT('',(114.73388522167,32.75099269968,
    44.208951998254));
#5333 = CARTESIAN_POINT('',(115.21777104333,32.75099269968,
    44.208951998254));
#5334 = CARTESIAN_POINT('',(115.701656865,32.75099269968,44.208951998254
    ));
#5335 = CARTESIAN_POINT('',(116.18554268667,32.75099269968,
    44.208951998254));
#5336 = ORIENTED_EDGE('',*,*,#5194,.T.);
#5337 = ORIENTED_EDGE('',*,*,#967,.F.);
#5338 = ORIENTED_EDGE('',*,*,#3424,.T.);
#5339 = CYLINDRICAL_SURFACE('',#5340,78.);
#5340 = AXIS2_PLACEMENT_3D('',#5341,#5342,#5343);
#5341 = CARTESIAN_POINT('',(106.25,0.,115.));
#5342 = DIRECTION('',(1.,0.,-2.22044604925E-16));
#5343 = DIRECTION('',(-2.22044604925E-16,0.,-1.));
#5344 = ADVANCED_FACE('',(#5345,#5348,#5368,#5388,#5399,#5410,#5421),
  #5450,.T.);
#5345 = FACE_BOUND('',#5346,.T.);
#5346 = EDGE_LOOP('',(#5347));
#5347 = ORIENTED_EDGE('',*,*,#936,.T.);
#5348 = FACE_BOUND('',#5349,.T.);
#5349 = EDGE_LOOP('',(#5350,#5361));
#5350 = ORIENTED_EDGE('',*,*,#5351,.F.);
#5351 = EDGE_CURVE('',#5352,#5354,#5356,.T.);
#5352 = VERTEX_POINT('',#5353);
#5353 = CARTESIAN_POINT('',(124.25,-45.30495168499,134.91597412837));
#5354 = VERTEX_POINT('',#5355);
#5355 = CARTESIAN_POINT('',(124.25,-58.19934410459,146.26229818386));
#5356 = CIRCLE('',#5357,13.);
#5357 = AXIS2_PLACEMENT_3D('',#5358,#5359,#5360);
#5358 = CARTESIAN_POINT('',(124.25,-45.30495168499,147.91597412837));
#5359 = DIRECTION('',(1.,0.,-2.22044604925E-16));
#5360 = DIRECTION('',(-2.22044604925E-16,0.,-1.));
#5361 = ORIENTED_EDGE('',*,*,#5362,.F.);
#5362 = EDGE_CURVE('',#5354,#5352,#5363,.T.);
#5363 = CIRCLE('',#5364,13.);
#5364 = AXIS2_PLACEMENT_3D('',#5365,#5366,#5367);
#5365 = CARTESIAN_POINT('',(124.25,-45.30495168499,147.91597412837));
#5366 = DIRECTION('',(1.,0.,-2.22044604925E-16));
#5367 = DIRECTION('',(-2.22044604925E-16,0.,-1.));
#5368 = FACE_BOUND('',#5369,.T.);
#5369 = EDGE_LOOP('',(#5370,#5381));
#5370 = ORIENTED_EDGE('',*,*,#5371,.F.);
#5371 = EDGE_CURVE('',#5372,#5374,#5376,.T.);
#5372 = VERTEX_POINT('',#5373);
#5373 = CARTESIAN_POINT('',(124.25,-45.30495168499,69.084025871621));
#5374 = VERTEX_POINT('',#5375);
#5375 = CARTESIAN_POINT('',(124.25,-58.19934410459,83.737701816139));
#5376 = CIRCLE('',#5377,13.);
#5377 = AXIS2_PLACEMENT_3D('',#5378,#5379,#5380);
#5378 = CARTESIAN_POINT('',(124.25,-45.30495168499,82.084025871621));
#5379 = DIRECTION('',(1.,0.,-2.22044604925E-16));
#5380 = DIRECTION('',(-2.22044604925E-16,0.,-1.));
#5381 = ORIENTED_EDGE('',*,*,#5382,.F.);
#5382 = EDGE_CURVE('',#5374,#5372,#5383,.T.);
#5383 = CIRCLE('',#5384,13.);
#5384 = AXIS2_PLACEMENT_3D('',#5385,#5386,#5387);
#5385 = CARTESIAN_POINT('',(124.25,-45.30495168499,82.084025871621));
#5386 = DIRECTION('',(1.,0.,-2.22044604925E-16));
#5387 = DIRECTION('',(-2.22044604925E-16,0.,-1.));
#5388 = FACE_BOUND('',#5389,.T.);
#5389 = EDGE_LOOP('',(#5390));
#5390 = ORIENTED_EDGE('',*,*,#5391,.F.);
#5391 = EDGE_CURVE('',#5392,#5392,#5394,.T.);
#5392 = VERTEX_POINT('',#5393);
#5393 = CARTESIAN_POINT('',(124.25,-6.992733223131E-15,86.45));
#5394 = CIRCLE('',#5395,28.55);
#5395 = AXIS2_PLACEMENT_3D('',#5396,#5397,#5398);
#5396 = CARTESIAN_POINT('',(124.25,0.,115.));
#5397 = DIRECTION('',(1.,0.,-2.22044604925E-16));
#5398 = DIRECTION('',(-2.22044604925E-16,0.,-1.));
#5399 = FACE_BOUND('',#5400,.T.);
#5400 = EDGE_LOOP('',(#5401));
#5401 = ORIENTED_EDGE('',*,*,#5402,.F.);
#5402 = EDGE_CURVE('',#5403,#5403,#5405,.T.);
#5403 = VERTEX_POINT('',#5404);
#5404 = CARTESIAN_POINT('',(124.25,17.304951684997,155.25916491252));
#5405 = CIRCLE('',#5406,13.);
#5406 = AXIS2_PLACEMENT_3D('',#5407,#5408,#5409);
#5407 = CARTESIAN_POINT('',(124.25,17.304951684997,168.25916491252));
#5408 = DIRECTION('',(1.,0.,-2.22044604925E-16));
#5409 = DIRECTION('',(-2.22044604925E-16,0.,-1.));
#5410 = FACE_BOUND('',#5411,.T.);
#5411 = EDGE_LOOP('',(#5412));
#5412 = ORIENTED_EDGE('',*,*,#5413,.F.);
#5413 = EDGE_CURVE('',#5414,#5414,#5416,.T.);
#5414 = VERTEX_POINT('',#5415);
#5415 = CARTESIAN_POINT('',(124.25,17.304951684997,48.740835087471));
#5416 = CIRCLE('',#5417,13.);
#5417 = AXIS2_PLACEMENT_3D('',#5418,#5419,#5420);
#5418 = CARTESIAN_POINT('',(124.25,17.304951684997,61.740835087471));
#5419 = DIRECTION('',(1.,0.,-2.22044604925E-16));
#5420 = DIRECTION('',(-2.22044604925E-16,0.,-1.));
#5421 = FACE_BOUND('',#5422,.T.);
#5422 = EDGE_LOOP('',(#5423,#5434,#5443));
#5423 = ORIENTED_EDGE('',*,*,#5424,.F.);
#5424 = EDGE_CURVE('',#5425,#5427,#5429,.T.);
#5425 = VERTEX_POINT('',#5426);
#5426 = CARTESIAN_POINT('',(124.25,66.,123.30662386291));
#5427 = VERTEX_POINT('',#5428);
#5428 = CARTESIAN_POINT('',(124.25,56.,102.));
#5429 = CIRCLE('',#5430,13.);
#5430 = AXIS2_PLACEMENT_3D('',#5431,#5432,#5433);
#5431 = CARTESIAN_POINT('',(124.25,56.,115.));
#5432 = DIRECTION('',(1.,0.,-2.22044604925E-16));
#5433 = DIRECTION('',(-2.22044604925E-16,0.,-1.));
#5434 = ORIENTED_EDGE('',*,*,#5435,.F.);
#5435 = EDGE_CURVE('',#5436,#5425,#5438,.T.);
#5436 = VERTEX_POINT('',#5437);
#5437 = CARTESIAN_POINT('',(124.25,66.,106.69337613708));
#5438 = CIRCLE('',#5439,13.);
#5439 = AXIS2_PLACEMENT_3D('',#5440,#5441,#5442);
#5440 = CARTESIAN_POINT('',(124.25,56.,115.));
#5441 = DIRECTION('',(1.,0.,-2.22044604925E-16));
#5442 = DIRECTION('',(-2.22044604925E-16,0.,-1.));
#5443 = ORIENTED_EDGE('',*,*,#5444,.F.);
#5444 = EDGE_CURVE('',#5427,#5436,#5445,.T.);
#5445 = CIRCLE('',#5446,13.);
#5446 = AXIS2_PLACEMENT_3D('',#5447,#5448,#5449);
#5447 = CARTESIAN_POINT('',(124.25,56.,115.));
#5448 = DIRECTION('',(1.,0.,-2.22044604925E-16));
#5449 = DIRECTION('',(-2.22044604925E-16,0.,-1.));
#5450 = PLANE('',#5451);
#5451 = AXIS2_PLACEMENT_3D('',#5452,#5453,#5454);
#5452 = CARTESIAN_POINT('',(124.25,0.,115.));
#5453 = DIRECTION('',(1.,0.,-2.22044604925E-16));
#5454 = DIRECTION('',(-2.22044604925E-16,0.,-1.));
#5455 = ADVANCED_FACE('',(#5456),#5508,.F.);
#5456 = FACE_BOUND('',#5457,.F.);
#5457 = EDGE_LOOP('',(#5458,#5466,#5467,#5468,#5469,#5470,#5471,#5479));
#5458 = ORIENTED_EDGE('',*,*,#5459,.F.);
#5459 = EDGE_CURVE('',#3166,#5460,#5462,.T.);
#5460 = VERTEX_POINT('',#5461);
#5461 = CARTESIAN_POINT('',(105.25,-43.28624684471,-92.57217164063));
#5462 = LINE('',#5463,#5464);
#5463 = CARTESIAN_POINT('',(105.25,-58.87357294492,-89.01446617507));
#5464 = VECTOR('',#5465,1.);
#5465 = DIRECTION('',(-4.940957286788E-17,0.974927912182,-0.222520933956
    ));
#5466 = ORIENTED_EDGE('',*,*,#3190,.T.);
#5467 = ORIENTED_EDGE('',*,*,#2400,.F.);
#5468 = ORIENTED_EDGE('',*,*,#2291,.F.);
#5469 = ORIENTED_EDGE('',*,*,#3543,.F.);
#5470 = ORIENTED_EDGE('',*,*,#3456,.F.);
#5471 = ORIENTED_EDGE('',*,*,#5472,.F.);
#5472 = EDGE_CURVE('',#5473,#3403,#5475,.T.);
#5473 = VERTEX_POINT('',#5474);
#5474 = CARTESIAN_POINT('',(113.25281177045,-35.47530305255,
    -94.35496859002));
#5475 = LINE('',#5476,#5477);
#5476 = CARTESIAN_POINT('',(105.25,-35.47530305255,-94.35496859002));
#5477 = VECTOR('',#5478,1.);
#5478 = DIRECTION('',(1.,0.,-2.22044604925E-16));
#5479 = ORIENTED_EDGE('',*,*,#5480,.F.);
#5480 = EDGE_CURVE('',#5460,#5473,#5481,.T.);
#5481 = B_SPLINE_CURVE_WITH_KNOTS('',7,(#5482,#5483,#5484,#5485,#5486,
    #5487,#5488,#5489,#5490,#5491,#5492,#5493,#5494,#5495,#5496,#5497,
    #5498,#5499,#5500,#5501,#5502,#5503,#5504,#5505,#5506,#5507),
  .UNSPECIFIED.,.F.,.F.,(8,6,6,6,8),(0.,0.249928743903,0.50000257361,
    0.75007469467,1.),.UNSPECIFIED.);
#5482 = CARTESIAN_POINT('',(105.25,-43.28624684471,-92.57217164063));
#5483 = CARTESIAN_POINT('',(105.25,-42.89163753561,-92.66223864036));
#5484 = CARTESIAN_POINT('',(105.27383819558,-42.48743798423,
    -92.75449455032));
#5485 = CARTESIAN_POINT('',(105.32359432234,-42.07569844391,
    -92.84847141355));
#5486 = CARTESIAN_POINT('',(105.40114205148,-41.65897433805,
    -92.94358597133));
#5487 = CARTESIAN_POINT('',(105.50793494098,-41.24033206768,
    -93.03913833765));
#5488 = CARTESIAN_POINT('',(105.64482565966,-40.82323660517,
    -93.13433765516));
#5489 = CARTESIAN_POINT('',(105.9791083073,-39.99916602272,
    -93.32242638804));
#5490 = CARTESIAN_POINT('',(106.17653673398,-39.59219561344,
    -93.41531472823));
#5491 = CARTESIAN_POINT('',(106.40431197658,-39.19405048344,
    -93.50618875601));
#5492 = CARTESIAN_POINT('',(106.66181077776,-38.8085378423,
    -93.59417950065));
#5493 = CARTESIAN_POINT('',(106.94756177427,-38.43941024153,
    -93.67843046674));
#5494 = CARTESIAN_POINT('',(107.25928974598,-38.09004198063,
    -93.75817149245));
#5495 = CARTESIAN_POINT('',(107.9289651319,-37.43642211597,
    -93.90735596129));
#5496 = CARTESIAN_POINT('',(108.28691352628,-37.13216893913,
    -93.97679976347));
#5497 = CARTESIAN_POINT('',(108.66510742327,-36.85326895945,
    -94.04045686384));
#5498 = CARTESIAN_POINT('',(109.06008979761,-36.60194312836,
    -94.09782034473));
#5499 = CARTESIAN_POINT('',(109.46801591371,-36.37962787228,
    -94.14856235119));
#5500 = CARTESIAN_POINT('',(109.88498488427,-36.18693179441,
    -94.1925439735));
#5501 = CARTESIAN_POINT('',(110.72929958832,-35.8606629645,
    -94.26701270482));
#5502 = CARTESIAN_POINT('',(111.15664044095,-35.72705417332,
    -94.29750803953));
#5503 = CARTESIAN_POINT('',(111.58556643202,-35.622821535,
    -94.32129845905));
#5504 = CARTESIAN_POINT('',(112.01252727248,-35.54713293931,
    -94.3385738871));
#5505 = CARTESIAN_POINT('',(112.43438105457,-35.4985697063,
    -94.34965812813));
#5506 = CARTESIAN_POINT('',(112.84850945184,-35.47530305255,
    -94.35496859002));
#5507 = CARTESIAN_POINT('',(113.25281177045,-35.47530305255,
    -94.35496859002));
#5508 = PLANE('',#5509);
#5509 = AXIS2_PLACEMENT_3D('',#5510,#5511,#5512);
#5510 = CARTESIAN_POINT('',(105.25,-58.87357294492,-89.01446617507));
#5511 = DIRECTION('',(2.164774830908E-16,0.222520933956,0.974927912182)
  );
#5512 = DIRECTION('',(0.6,0.779942329745,-0.178016747165));
#5513 = ADVANCED_FACE('',(#5514),#5539,.T.);
#5514 = FACE_BOUND('',#5515,.T.);
#5515 = EDGE_LOOP('',(#5516,#5517,#5518,#5519));
#5516 = ORIENTED_EDGE('',*,*,#3029,.T.);
#5517 = ORIENTED_EDGE('',*,*,#2414,.T.);
#5518 = ORIENTED_EDGE('',*,*,#3274,.F.);
#5519 = ORIENTED_EDGE('',*,*,#5520,.F.);
#5520 = EDGE_CURVE('',#3003,#3275,#5521,.T.);
#5521 = B_SPLINE_CURVE_WITH_KNOTS('',6,(#5522,#5523,#5524,#5525,#5526,
    #5527,#5528,#5529,#5530,#5531,#5532,#5533,#5534,#5535,#5536,#5537,
    #5538),.UNSPECIFIED.,.F.,.F.,(7,5,5,7),(-9.000422918949,
    -5.47496049944E-02,146.55481105679,155.50048437074),.UNSPECIFIED.);
#5522 = CARTESIAN_POINT('',(106.31419941632,-55.98164027425,
    100.73541804448));
#5523 = CARTESIAN_POINT('',(106.30399941632,-57.29238381336,
    100.02494920302));
#5524 = CARTESIAN_POINT('',(106.29379941632,-58.60312735247,
    99.31448036156));
#5525 = CARTESIAN_POINT('',(106.28359941632,-59.91387089157,
    98.604011520098));
#5526 = CARTESIAN_POINT('',(106.27339941632,-61.22461443068,
    97.893542678635));
#5527 = CARTESIAN_POINT('',(106.26319941632,-62.53535796979,
    97.183073837173));
#5528 = CARTESIAN_POINT('',(106.08583284693,-85.3277192323,
    84.828816869873));
#5529 = CARTESIAN_POINT('',(105.91866627754,-106.8093369557,
    73.185028744036));
#5530 = CARTESIAN_POINT('',(105.75149970816,-128.2909546791,
    61.541240618198));
#5531 = CARTESIAN_POINT('',(105.58433313877,-149.7725724025,
    49.89745249236));
#5532 = CARTESIAN_POINT('',(105.41716656938,-171.2541901259,
    38.253664366523));
#5533 = CARTESIAN_POINT('',(105.2398,-194.0465513884,25.899407399223));
#5534 = CARTESIAN_POINT('',(105.2296,-195.3572949275,25.188938557761));
#5535 = CARTESIAN_POINT('',(105.2194,-196.6680384666,24.478469716299));
#5536 = CARTESIAN_POINT('',(105.2092,-197.9787820057,23.768000874837));
#5537 = CARTESIAN_POINT('',(105.199,-199.2895255448,23.057532033374));
#5538 = CARTESIAN_POINT('',(105.1888,-200.6002690839,22.347063191912));
#5539 = B_SPLINE_SURFACE_WITH_KNOTS('',1,1,(
    (#5540,#5541)
    ,(#5542,#5543
    )),.UNSPECIFIED.,.F.,.F.,.F.,(2,2),(2,2),(0.,38.),(0.,1.),
  .PIECEWISE_BEZIER_KNOTS.);
#5540 = CARTESIAN_POINT('',(106.25,-67.70773632479,103.48208170838));
#5541 = CARTESIAN_POINT('',(105.25,-196.2120048647,33.828273721907));
#5542 = CARTESIAN_POINT('',(106.25,-51.22015423832,69.245264728095));
#5543 = CARTESIAN_POINT('',(105.25,-185.7987951259,12.205020892249));
#5544 = ADVANCED_FACE('',(#5545),#5634,.T.);
#5545 = FACE_BOUND('',#5546,.F.);
#5546 = EDGE_LOOP('',(#5547,#5626,#5633));
#5547 = ORIENTED_EDGE('',*,*,#5548,.F.);
#5548 = EDGE_CURVE('',#5549,#2566,#5551,.T.);
#5549 = VERTEX_POINT('',#5550);
#5550 = CARTESIAN_POINT('',(109.39049310837,0.,38.645065478678));
#5551 = B_SPLINE_CURVE_WITH_KNOTS('',7,(#5552,#5553,#5554,#5555,#5556,
    #5557,#5558,#5559,#5560,#5561,#5562,#5563,#5564,#5565,#5566,#5567,
    #5568,#5569,#5570,#5571,#5572,#5573,#5574,#5575,#5576,#5577,#5578,
    #5579,#5580,#5581,#5582,#5583,#5584,#5585,#5586,#5587,#5588,#5589,
    #5590,#5591,#5592,#5593,#5594,#5595,#5596,#5597,#5598,#5599,#5600,
    #5601,#5602,#5603,#5604,#5605,#5606,#5607,#5608,#5609,#5610,#5611,
    #5612,#5613,#5614,#5615,#5616,#5617,#5618,#5619,#5620,#5621,#5622,
    #5623,#5624,#5625),.UNSPECIFIED.,.F.,.F.,(8,6,6,6,6,6,6,6,6,6,6,6,8)
  ,(0.,0.229166596227,0.456965509749,0.68892869192,0.806159646911,
    0.863706816135,0.919704875378,0.955532829292,0.976360069948,
    0.987802728633,0.993844396248,0.995987686883,1.),.UNSPECIFIED.);
#5552 = CARTESIAN_POINT('',(109.39049310837,0.,38.645065478678));
#5553 = CARTESIAN_POINT('',(109.20574627476,-0.105164219692,
    38.786338139813));
#5554 = CARTESIAN_POINT('',(109.02533653204,-0.215268341271,
    38.934392966848));
#5555 = CARTESIAN_POINT('',(108.84968134509,-0.330124088121,
    39.089029594693));
#5556 = CARTESIAN_POINT('',(108.67917534733,-0.449508566358,
    39.250004745546));
#5557 = CARTESIAN_POINT('',(108.51418417104,-0.573168266872,
    39.417037638748));
#5558 = CARTESIAN_POINT('',(108.35503827751,-0.700823067361,
    39.589815400636));
#5559 = CARTESIAN_POINT('',(108.04992848067,-0.962733512063,
    39.94511813878));
#5560 = CARTESIAN_POINT('',(107.90389164981,-1.096945327021,
    40.127579080969));
#5561 = CARTESIAN_POINT('',(107.76420070462,-1.234508801077,
    40.315048411657));
#5562 = CARTESIAN_POINT('',(107.63110073628,-1.375105415798,
    40.507169607385));
#5563 = CARTESIAN_POINT('',(107.50479334208,-1.518400551213,
    40.703568975595));
#5564 = CARTESIAN_POINT('',(107.38543474561,-1.664047834397,
    40.903867542243));
#5565 = CARTESIAN_POINT('',(107.15878481038,-1.962035769964,
    41.31525530259));
#5566 = CARTESIAN_POINT('',(107.05175398948,-2.114450099285,
    41.526474588139));
#5567 = CARTESIAN_POINT('',(106.95216116341,-2.268560008211,
    41.74097073685));
#5568 = CARTESIAN_POINT('',(106.86007543448,-2.423982407723,
    41.958365553296));
#5569 = CARTESIAN_POINT('',(106.77551820137,-2.580321531322,
    42.178334327423));
#5570 = CARTESIAN_POINT('',(106.69846581945,-2.737180552105,
    42.400593332546));
#5571 = CARTESIAN_POINT('',(106.59367528328,-2.973412747575,
    42.738585601625));
#5572 = CARTESIAN_POINT('',(106.56039596157,-3.052736896206,
    42.852634275353));
#5573 = CARTESIAN_POINT('',(106.52900930692,-3.132019486565,
    42.967256340815));
#5574 = CARTESIAN_POINT('',(106.49950468681,-3.211196643831,
    43.082470087076));
#5575 = CARTESIAN_POINT('',(106.47186907576,-3.290200280087,
    43.198312686807));
#5576 = CARTESIAN_POINT('',(106.44608741322,-3.368950238969,
    43.314867809668));
#5577 = CARTESIAN_POINT('',(106.41038932279,-3.485816197097,
    43.489983607813));
#5578 = CARTESIAN_POINT('',(106.3990782059,-3.52420774344,
    43.547859533692));
#5579 = CARTESIAN_POINT('',(106.38820791814,-3.562498765253,
    43.605975605771));
#5580 = CARTESIAN_POINT('',(106.37777644116,-3.600674189918,
    43.664361871591));
#5581 = CARTESIAN_POINT('',(106.36778169915,-3.638716576832,
    43.723056781136));
#5582 = CARTESIAN_POINT('',(106.35822160807,-3.676604363403,
    43.782113220263));
#5583 = CARTESIAN_POINT('',(106.34021242084,-3.750997921952,
    43.899504499949));
#5584 = CARTESIAN_POINT('',(106.33174037438,-3.787513152696,
    43.957816465198));
#5585 = CARTESIAN_POINT('',(106.32367612458,-3.82382860834,
    44.016615165212));
#5586 = CARTESIAN_POINT('',(106.31601796435,-3.859908707129,
    44.076003719795));
#5587 = CARTESIAN_POINT('',(106.30876429044,-3.895710900411,
    44.136108850721));
#5588 = CARTESIAN_POINT('',(106.30191391383,-3.931173577859,
    44.197122278493));
#5589 = CARTESIAN_POINT('',(106.29134184137,-3.988592064204,
    44.299234928699));
#5590 = CARTESIAN_POINT('',(106.28738202637,-4.010811760422,
    44.339590968414));
#5591 = CARTESIAN_POINT('',(106.28358727635,-4.032819284401,
    44.380556222494));
#5592 = CARTESIAN_POINT('',(106.27995777028,-4.054578757331,
    44.422248168775));
#5593 = CARTESIAN_POINT('',(106.27649420318,-4.076035853821,
    44.464845555362));
#5594 = CARTESIAN_POINT('',(106.27319764292,-4.09712211402,
    44.508573848955));
#5595 = CARTESIAN_POINT('',(106.26825361974,-4.12965565638,
    44.580258071332));
#5596 = CARTESIAN_POINT('',(106.26649365227,-4.141441851857,
    44.607150983537));
#5597 = CARTESIAN_POINT('',(106.26479175082,-4.153026369464,
    44.634680802644));
#5598 = CARTESIAN_POINT('',(106.26314870798,-4.164374328318,
    44.66296392826));
#5599 = CARTESIAN_POINT('',(106.26156593025,-4.175430374785,
    44.692182813426));
#5600 = CARTESIAN_POINT('',(106.26004518129,-4.186126875077,
    44.722558667002));
#5601 = CARTESIAN_POINT('',(106.25779131368,-4.201910363438,
    44.772183972928));
#5602 = CARTESIAN_POINT('',(106.25701214224,-4.207352660534,
    44.790277504004));
#5603 = CARTESIAN_POINT('',(106.25625361292,-4.212615457576,
    44.808954197544));
#5604 = CARTESIAN_POINT('',(106.25551657722,-4.217667788574,
    44.828315998868));
#5605 = CARTESIAN_POINT('',(106.25480253006,-4.22245848883,
    44.848527210285));
#5606 = CARTESIAN_POINT('',(106.25411327065,-4.226927048946,
    44.869779156296));
#5607 = CARTESIAN_POINT('',(106.25310434354,-4.233045458322,
    44.904539160211));
#5608 = CARTESIAN_POINT('',(106.25276388233,-4.235029664796,
    44.916964145492));
#5609 = CARTESIAN_POINT('',(106.25243213419,-4.236862834487,
    44.92987509478));
#5610 = CARTESIAN_POINT('',(106.25210986892,-4.238519041123,
    44.943354812497));
#5611 = CARTESIAN_POINT('',(106.25179847693,-4.239954378444,
    44.957537810333));
#5612 = CARTESIAN_POINT('',(106.25149960752,-4.24111815004,
    44.972575290303));
#5613 = CARTESIAN_POINT('',(106.25111694004,-4.242160471862,
    44.994613329656));
#5614 = CARTESIAN_POINT('',(106.25102154762,-4.242376281991,
    45.000380781459));
#5615 = CARTESIAN_POINT('',(106.25093096714,-4.24253424925,
    45.006144813524));
#5616 = CARTESIAN_POINT('',(106.25084519869,-4.242633682812,
    45.011905376332));
#5617 = CARTESIAN_POINT('',(106.25076424237,-4.242673914501,
    45.017662422061));
#5618 = CARTESIAN_POINT('',(106.25068809824,-4.242654298792,
    45.023415904593));
#5619 = CARTESIAN_POINT('',(106.25048323067,-4.242424289126,
    45.039929741326));
#5620 = CARTESIAN_POINT('',(106.25035977031,-4.242061820096,
    45.051190523263));
#5621 = CARTESIAN_POINT('',(106.2502464278,-4.241410926599,
    45.063350317861));
#5622 = CARTESIAN_POINT('',(106.25014374409,-4.240421729396,
    45.076645308973));
#5623 = CARTESIAN_POINT('',(106.25005692374,-4.238967388758,
    45.091379058446));
#5624 = CARTESIAN_POINT('',(106.25,-4.236741144093,45.108155892798));
#5625 = CARTESIAN_POINT('',(106.25,-4.233153353569,45.128114289901));
#5626 = ORIENTED_EDGE('',*,*,#5627,.T.);
#5627 = EDGE_CURVE('',#5549,#2568,#5628,.T.);
#5628 = CIRCLE('',#5629,8.);
#5629 = AXIS2_PLACEMENT_3D('',#5630,#5631,#5632);
#5630 = CARTESIAN_POINT('',(114.25,0.,45.));
#5631 = DIRECTION('',(0.,1.,0.));
#5632 = DIRECTION('',(-2.22044604925E-16,0.,-1.));
#5633 = ORIENTED_EDGE('',*,*,#2565,.F.);
#5634 = TOROIDAL_SURFACE('',#5635,70.,8.);
#5635 = AXIS2_PLACEMENT_3D('',#5636,#5637,#5638);
#5636 = CARTESIAN_POINT('',(114.25,0.,115.));
#5637 = DIRECTION('',(-1.,-0.,2.22044604925E-16));
#5638 = DIRECTION('',(-2.22044604925E-16,0.,-1.));
#5639 = ADVANCED_FACE('',(#5640),#5708,.T.);
#5640 = FACE_BOUND('',#5641,.T.);
#5641 = EDGE_LOOP('',(#5642,#5662,#5663,#5664,#5687,#5707));
#5642 = ORIENTED_EDGE('',*,*,#5643,.F.);
#5643 = EDGE_CURVE('',#3069,#5460,#5644,.T.);
#5644 = B_SPLINE_CURVE_WITH_KNOTS('',6,(#5645,#5646,#5647,#5648,#5649,
    #5650,#5651,#5652,#5653,#5654,#5655,#5656,#5657,#5658,#5659,#5660,
    #5661),.UNSPECIFIED.,.F.,.F.,(7,5,5,7),(-9.000422918949,
    -5.474960499485E-02,146.55481105679,155.50048437074),.UNSPECIFIED.);
#5645 = CARTESIAN_POINT('',(106.31419941632,-1.449852225804,
    57.247768227667));
#5646 = CARTESIAN_POINT('',(106.30399941632,-1.850840253581,
    55.81179357553));
#5647 = CARTESIAN_POINT('',(106.29379941632,-2.251828281359,
    54.375818923393));
#5648 = CARTESIAN_POINT('',(106.28359941632,-2.652816309136,
    52.939844271257));
#5649 = CARTESIAN_POINT('',(106.27339941632,-3.053804336914,
    51.50386961912));
#5650 = CARTESIAN_POINT('',(106.26319941632,-3.454792364691,
    50.067894966983));
#5651 = CARTESIAN_POINT('',(106.08583284693,-10.42752480117,
    25.097904988933));
#5652 = CARTESIAN_POINT('',(105.91866627754,-16.99926920988,
    1.56388966302));
#5653 = CARTESIAN_POINT('',(105.75149970816,-23.57101361859,
    -21.97012566289));
#5654 = CARTESIAN_POINT('',(105.58433313877,-30.14275802729,
    -45.5041409888));
#5655 = CARTESIAN_POINT('',(105.41716656938,-36.714502436,
    -69.03815631472));
#5656 = CARTESIAN_POINT('',(105.2398,-43.68723487248,-94.00814629277));
#5657 = CARTESIAN_POINT('',(105.2296,-44.08822290026,-95.4441209449));
#5658 = CARTESIAN_POINT('',(105.2194,-44.48921092804,-96.88009559704));
#5659 = CARTESIAN_POINT('',(105.2092,-44.89019895582,-98.31607024918));
#5660 = CARTESIAN_POINT('',(105.199,-45.29118698359,-99.75204490131));
#5661 = CARTESIAN_POINT('',(105.1888,-45.69217501137,-101.1880195534));
#5662 = ORIENTED_EDGE('',*,*,#3076,.F.);
#5663 = ORIENTED_EDGE('',*,*,#5548,.F.);
#5664 = ORIENTED_EDGE('',*,*,#5665,.F.);
#5665 = EDGE_CURVE('',#5666,#5549,#5668,.T.);
#5666 = VERTEX_POINT('',#5667);
#5667 = CARTESIAN_POINT('',(114.18591921838,1.20753177588,
    37.009604247992));
#5668 = B_SPLINE_CURVE_WITH_KNOTS('',5,(#5669,#5670,#5671,#5672,#5673,
    #5674,#5675,#5676,#5677,#5678,#5679,#5680,#5681,#5682,#5683,#5684,
    #5685,#5686),.UNSPECIFIED.,.F.,.F.,(6,4,4,4,6),(0.,0.253466766462,
    0.50637399241,0.755210361759,1.),.UNSPECIFIED.);
#5669 = CARTESIAN_POINT('',(114.18591921838,1.20753177588,
    37.009604247992));
#5670 = CARTESIAN_POINT('',(113.94788074161,1.208066607854,
    37.011519530005));
#5671 = CARTESIAN_POINT('',(113.70624155388,1.201860347954,
    37.022214708477));
#5672 = CARTESIAN_POINT('',(113.46155352772,1.18849932152,
    37.042224975823));
#5673 = CARTESIAN_POINT('',(113.21448612158,1.167608307697,
    37.07204305502));
#5674 = CARTESIAN_POINT('',(112.7176886112,1.110239638889,
    37.152008207708));
#5675 = CARTESIAN_POINT('',(112.46796552032,1.073796529413,
    37.202110221453));
#5676 = CARTESIAN_POINT('',(112.21741079251,1.029269657308,
    37.262774238247));
#5677 = CARTESIAN_POINT('',(111.96689443336,0.97644623289,
    37.334306472095));
#5678 = CARTESIAN_POINT('',(111.47181731254,0.855000468056,
    37.498116192215));
#5679 = CARTESIAN_POINT('',(111.22722543046,0.786646122834,
    37.590041220325));
#5680 = CARTESIAN_POINT('',(110.98445764569,0.710075815583,
    37.692812710135));
#5681 = CARTESIAN_POINT('',(110.7444552767,0.625308278914,37.80646291508
    ));
#5682 = CARTESIAN_POINT('',(110.27569643979,0.441180623278,
    38.05325648288));
#5683 = CARTESIAN_POINT('',(110.04682035894,0.342080190928,
    38.186052829656));
#5684 = CARTESIAN_POINT('',(109.82241702767,0.235326485668,
    38.329146932844));
#5685 = CARTESIAN_POINT('',(109.60337006089,0.121176845977,
    38.482282209338));
#5686 = CARTESIAN_POINT('',(109.39049310837,-1.941448784186E-16,
    38.645065478678));
#5687 = ORIENTED_EDGE('',*,*,#5688,.T.);
#5688 = EDGE_CURVE('',#5666,#5473,#5689,.T.);
#5689 = B_SPLINE_CURVE_WITH_KNOTS('',6,(#5690,#5691,#5692,#5693,#5694,
    #5695,#5696,#5697,#5698,#5699,#5700,#5701,#5702,#5703,#5704,#5705,
    #5706),.UNSPECIFIED.,.F.,.F.,(7,5,5,7),(-9.000422918949,
    -5.474960499485E-02,146.55481105679,155.50048437074),.UNSPECIFIED.);
#5690 = CARTESIAN_POINT('',(114.31401177045,6.243176857003,
    55.04270796365));
#5691 = CARTESIAN_POINT('',(114.30381177045,5.842188829226,
    53.606733311513));
#5692 = CARTESIAN_POINT('',(114.29361177045,5.441200801448,
    52.170758659376));
#5693 = CARTESIAN_POINT('',(114.28341177045,5.04021277367,50.73478400724
    ));
#5694 = CARTESIAN_POINT('',(114.27321177045,4.639224745893,
    49.298809355103));
#5695 = CARTESIAN_POINT('',(114.26301177045,4.238236718115,
    47.862834702966));
#5696 = CARTESIAN_POINT('',(114.08564520106,-2.734495718369,
    22.892844724916));
#5697 = CARTESIAN_POINT('',(113.91847863168,-9.306240127076,
    -0.641170600997));
#5698 = CARTESIAN_POINT('',(113.75131206229,-15.87798453578,
    -24.17518592691));
#5699 = CARTESIAN_POINT('',(113.5841454929,-22.44972894449,
    -47.70920125282));
#5700 = CARTESIAN_POINT('',(113.41697892352,-29.02147335319,
    -71.24321657873));
#5701 = CARTESIAN_POINT('',(113.23961235413,-35.99420578968,
    -96.21320655678));
#5702 = CARTESIAN_POINT('',(113.22941235413,-36.39519381745,
    -97.64918120892));
#5703 = CARTESIAN_POINT('',(113.21921235413,-36.79618184523,
    -99.08515586106));
#5704 = CARTESIAN_POINT('',(113.20901235413,-37.19716987301,
    -100.5211305131));
#5705 = CARTESIAN_POINT('',(113.19881235413,-37.59815790079,
    -101.9571051653));
#5706 = CARTESIAN_POINT('',(113.18861235413,-37.99914592856,
    -103.3930798174));
#5707 = ORIENTED_EDGE('',*,*,#5480,.F.);
#5708 = ( BOUNDED_SURFACE() B_SPLINE_SURFACE(2,6,(
    (#5709,#5710,#5711,#5712,#5713,#5714,#5715,#5716,#5717,#5718,#5719
      ,#5720,#5721,#5722,#5723,#5724,#5725)
    ,(#5726,#5727,#5728,#5729,#5730,#5731,#5732,#5733,#5734,#5735,#5736
      ,#5737,#5738,#5739,#5740,#5741,#5742)
    ,(#5743,#5744,#5745,#5746,#5747,#5748,#5749,#5750,#5751,#5752,#5753
      ,#5754,#5755,#5756,#5757,#5758,#5759
)),.UNSPECIFIED.,.F.,.F.,.F.) B_SPLINE_SURFACE_WITH_KNOTS((3,3),(7,5,5,7
    ),(0.,146.60956066178),(-9.000422918949,-5.474960499485E-02,
    146.55481105679,155.50048437074),.UNSPECIFIED.) 
GEOMETRIC_REPRESENTATION_ITEM() RATIONAL_B_SPLINE_SURFACE((
    (1.,1.,1.,1.,1.,1.,1.,1.,1.,1.,1.,1.,1.,1.,1.,1.,1.)
    ,(0.706990803572,0.706990803572,0.706990803572,0.706990803572
      ,0.706990803572,0.706990803572,0.706990803572,0.706990803572
      ,0.706990803572,0.706990803572,0.706990803572,0.706990803572
      ,0.706990803572,0.706990803572,0.706990803572,0.706990803572
      ,0.706990803572)
    ,(1.,1.,1.,1.,1.,1.,1.,1.,1.,1.,1.,1.,1.,1.,1.,1.,1.
))) REPRESENTATION_ITEM('') SURFACE() );
#5709 = CARTESIAN_POINT('',(106.31419941632,-1.449852225804,
    57.247768227667));
#5710 = CARTESIAN_POINT('',(106.30399941632,-1.850840253581,
    55.81179357553));
#5711 = CARTESIAN_POINT('',(106.29379941632,-2.251828281359,
    54.375818923393));
#5712 = CARTESIAN_POINT('',(106.28359941632,-2.652816309136,
    52.939844271257));
#5713 = CARTESIAN_POINT('',(106.27339941632,-3.053804336914,
    51.50386961912));
#5714 = CARTESIAN_POINT('',(106.26319941632,-3.454792364691,
    50.067894966983));
#5715 = CARTESIAN_POINT('',(106.08583284693,-10.42752480117,
    25.097904988933));
#5716 = CARTESIAN_POINT('',(105.91866627754,-16.99926920988,
    1.56388966302));
#5717 = CARTESIAN_POINT('',(105.75149970816,-23.57101361859,
    -21.97012566289));
#5718 = CARTESIAN_POINT('',(105.58433313877,-30.14275802729,
    -45.5041409888));
#5719 = CARTESIAN_POINT('',(105.41716656938,-36.714502436,
    -69.03815631472));
#5720 = CARTESIAN_POINT('',(105.2398,-43.68723487248,-94.00814629277));
#5721 = CARTESIAN_POINT('',(105.2296,-44.08822290026,-95.4441209449));
#5722 = CARTESIAN_POINT('',(105.2194,-44.48921092804,-96.88009559704));
#5723 = CARTESIAN_POINT('',(105.2092,-44.89019895582,-98.31607024918));
#5724 = CARTESIAN_POINT('',(105.199,-45.29118698359,-99.75204490131));
#5725 = CARTESIAN_POINT('',(105.1888,-45.69217501137,-101.1880195534));
#5726 = CARTESIAN_POINT('',(106.31157455825,6.257901697957,
    55.095438960341));
#5727 = CARTESIAN_POINT('',(106.30137455825,5.856913670179,
    53.659464308205));
#5728 = CARTESIAN_POINT('',(106.29117455825,5.455925642402,
    52.223489656068));
#5729 = CARTESIAN_POINT('',(106.28097455825,5.054937614624,
    50.787515003931));
#5730 = CARTESIAN_POINT('',(106.27077455825,4.653949586847,
    49.351540351795));
#5731 = CARTESIAN_POINT('',(106.26057455825,4.252961559069,
    47.915565699658));
#5732 = CARTESIAN_POINT('',(106.08320798887,-2.719770877415,
    22.945575721608));
#5733 = CARTESIAN_POINT('',(105.91604141948,-9.291515286122,
    -0.588439604306));
#5734 = CARTESIAN_POINT('',(105.74887485009,-15.86325969482,
    -24.12245493022));
#5735 = CARTESIAN_POINT('',(105.58170828071,-22.43500410353,
    -47.65647025613));
#5736 = CARTESIAN_POINT('',(105.41454171132,-29.00674851224,
    -71.19048558204));
#5737 = CARTESIAN_POINT('',(105.23717514193,-35.97948094872,
    -96.16047556009));
#5738 = CARTESIAN_POINT('',(105.22697514193,-36.3804689765,
    -97.59645021223));
#5739 = CARTESIAN_POINT('',(105.21677514193,-36.78145700428,
    -99.03242486437));
#5740 = CARTESIAN_POINT('',(105.20657514193,-37.18244503206,
    -100.4683995165));
#5741 = CARTESIAN_POINT('',(105.19637514193,-37.58343305983,
    -101.9043741686));
#5742 = CARTESIAN_POINT('',(105.18617514193,-37.98442108761,
    -103.3403488207));
#5743 = CARTESIAN_POINT('',(114.31401177045,6.243176857003,
    55.04270796365));
#5744 = CARTESIAN_POINT('',(114.30381177045,5.842188829226,
    53.606733311513));
#5745 = CARTESIAN_POINT('',(114.29361177045,5.441200801448,
    52.170758659376));
#5746 = CARTESIAN_POINT('',(114.28341177045,5.04021277367,50.73478400724
    ));
#5747 = CARTESIAN_POINT('',(114.27321177045,4.639224745893,
    49.298809355103));
#5748 = CARTESIAN_POINT('',(114.26301177045,4.238236718115,
    47.862834702966));
#5749 = CARTESIAN_POINT('',(114.08564520106,-2.734495718369,
    22.892844724916));
#5750 = CARTESIAN_POINT('',(113.91847863168,-9.306240127076,
    -0.641170600997));
#5751 = CARTESIAN_POINT('',(113.75131206229,-15.87798453578,
    -24.17518592691));
#5752 = CARTESIAN_POINT('',(113.5841454929,-22.44972894449,
    -47.70920125282));
#5753 = CARTESIAN_POINT('',(113.41697892352,-29.02147335319,
    -71.24321657873));
#5754 = CARTESIAN_POINT('',(113.23961235413,-35.99420578968,
    -96.21320655678));
#5755 = CARTESIAN_POINT('',(113.22941235413,-36.39519381745,
    -97.64918120892));
#5756 = CARTESIAN_POINT('',(113.21921235413,-36.79618184523,
    -99.08515586106));
#5757 = CARTESIAN_POINT('',(113.20901235413,-37.19716987301,
    -100.5211305131));
#5758 = CARTESIAN_POINT('',(113.19881235413,-37.59815790079,
    -101.9571051653));
#5759 = CARTESIAN_POINT('',(113.18861235413,-37.99914592856,
    -103.3930798174));
#5760 = ADVANCED_FACE('',(#5761),#5902,.T.);
#5761 = FACE_BOUND('',#5762,.F.);
#5762 = EDGE_LOOP('',(#5763,#5882,#5883,#5884,#5885,#5893,#5894));
#5763 = ORIENTED_EDGE('',*,*,#5764,.T.);
#5764 = EDGE_CURVE('',#5765,#2577,#5767,.T.);
#5765 = VERTEX_POINT('',#5766);
#5766 = CARTESIAN_POINT('',(114.18591921838,32.750815987068,
    44.20915303003));
#5767 = B_SPLINE_CURVE_WITH_KNOTS('',8,(#5768,#5769,#5770,#5771,#5772,
    #5773,#5774,#5775,#5776,#5777,#5778,#5779,#5780,#5781,#5782,#5783,
    #5784,#5785,#5786,#5787,#5788,#5789,#5790,#5791,#5792,#5793,#5794,
    #5795,#5796,#5797,#5798,#5799,#5800,#5801,#5802,#5803,#5804,#5805,
    #5806,#5807,#5808,#5809,#5810,#5811,#5812,#5813,#5814,#5815,#5816,
    #5817,#5818,#5819,#5820,#5821,#5822,#5823,#5824,#5825,#5826,#5827,
    #5828,#5829,#5830,#5831,#5832,#5833,#5834,#5835,#5836,#5837,#5838,
    #5839,#5840,#5841,#5842,#5843,#5844,#5845,#5846,#5847,#5848,#5849,
    #5850,#5851,#5852,#5853,#5854,#5855,#5856,#5857,#5858,#5859,#5860,
    #5861,#5862,#5863,#5864,#5865,#5866,#5867,#5868,#5869,#5870,#5871,
    #5872,#5873,#5874,#5875,#5876,#5877,#5878,#5879,#5880,#5881),
  .UNSPECIFIED.,.F.,.F.,(9,7,7,7,7,7,7,7,7,7,7,7,7,7,7,7,9),(0.,
    0.106991883795,0.214175378111,0.319846282916,0.422847325799,
    0.52449744428,0.626023471327,0.728515848075,0.832679324343,
    0.890287816523,0.946887875191,0.970772527995,0.984448479132,
    0.992164730063,0.996269955091,0.998520299417,1.),.UNSPECIFIED.);
#5768 = CARTESIAN_POINT('',(114.18591921838,32.750815987068,
    44.20915303003));
#5769 = CARTESIAN_POINT('',(114.04168504442,32.750020478351,
    44.210058016537));
#5770 = CARTESIAN_POINT('',(113.89624218491,32.749984966509,
    44.214600171095));
#5771 = CARTESIAN_POINT('',(113.74968044809,32.750732312849,
    44.222887161673));
#5772 = CARTESIAN_POINT('',(113.60209705115,32.752284355255,
    44.235023187658));
#5773 = CARTESIAN_POINT('',(113.4535964203,32.754661660792,
    44.251108023095));
#5774 = CARTESIAN_POINT('',(113.30428999071,32.757883278307,
    44.271236059932));
#5775 = CARTESIAN_POINT('',(113.1542960066,32.761966491035,
    44.295495351268));
#5776 = CARTESIAN_POINT('',(112.85291300556,32.771895530308,
    44.352488946848));
#5777 = CARTESIAN_POINT('',(112.7015219513,32.777744495763,
    44.385238336865));
#5778 = CARTESIAN_POINT('',(112.54969149314,32.784488834664,
    44.422296049627));
#5779 = CARTESIAN_POINT('',(112.39755360384,32.792141863459,
    44.463735877243));
#5780 = CARTESIAN_POINT('',(112.24524626169,32.800714631564,
    44.509623285801));
#5781 = CARTESIAN_POINT('',(112.092912818,32.810215706978,
    44.560014522209));
#5782 = CARTESIAN_POINT('',(111.94070136457,32.820650961912,
    44.614955721036));
#5783 = CARTESIAN_POINT('',(111.63897099927,32.843235265924,
    44.733168257766));
#5784 = CARTESIAN_POINT('',(111.48944435389,32.855358050203,
    44.796311095449));
#5785 = CARTESIAN_POINT('',(111.34032985426,32.868394600747,
    44.863944350358));
#5786 = CARTESIAN_POINT('',(111.19177697159,32.882345040754,
    44.936091384434));
#5787 = CARTESIAN_POINT('',(111.04393802047,32.897206635975,
    45.012764613665));
#5788 = CARTESIAN_POINT('',(110.89696722016,32.912973703587,
    45.093965026156));
#5789 = CARTESIAN_POINT('',(110.75101975587,32.929637521061,
    45.17968170019));
#5790 = CARTESIAN_POINT('',(110.46513962943,32.96429156638,
    45.357821724429));
#5791 = CARTESIAN_POINT('',(110.32514810588,32.98223764936,
    45.450020926895));
#5792 = CARTESIAN_POINT('',(110.18641995373,33.001013569296,
    45.546467582336));
#5793 = CARTESIAN_POINT('',(110.04909874593,33.020605592058,
    45.647129156294));
#5794 = CARTESIAN_POINT('',(109.9133269976,33.040997214878,
    45.751962008953));
#5795 = CARTESIAN_POINT('',(109.77924521946,33.062169217167,
    45.86091147689));
#5796 = CARTESIAN_POINT('',(109.64699097138,33.084099711329,
    45.973911954827));
#5797 = CARTESIAN_POINT('',(109.38811373687,33.129131416677,
    46.206327797872));
#5798 = CARTESIAN_POINT('',(109.26143959357,33.152213512058,
    46.325639621692));
#5799 = CARTESIAN_POINT('',(109.13680401209,33.175986969643,
    46.448749212743));
#5800 = CARTESIAN_POINT('',(109.01433170081,33.200425830974,
    46.575573081441));
#5801 = CARTESIAN_POINT('',(108.89414279004,33.225501825855,
    46.70601809103));
#5802 = CARTESIAN_POINT('',(108.77635207164,33.251184508984,
    46.839982063898));
#5803 = CARTESIAN_POINT('',(108.6610682387,33.2774413966,46.977354387897
    ));
#5804 = CARTESIAN_POINT('',(108.43585556208,33.331002097015,
    47.258507141148));
#5805 = CARTESIAN_POINT('',(108.32592032391,33.358304614014,
    47.40227956583));
#5806 = CARTESIAN_POINT('',(108.21868901724,33.386111359187,
    47.549216146779));
#5807 = CARTESIAN_POINT('',(108.11425634881,33.414386230934,
    47.69919137667));
#5808 = CARTESIAN_POINT('',(108.01270969412,33.443091393585,
    47.852073095023));
#5809 = CARTESIAN_POINT('',(107.91412866585,33.472187350001,
    48.00772359244));
#5810 = CARTESIAN_POINT('',(107.81858468246,33.501633014188,
    48.166000714855));
#5811 = CARTESIAN_POINT('',(107.63281648469,33.561421747776,
    48.489047357285));
#5812 = CARTESIAN_POINT('',(107.54265155461,33.591770779109,
    48.653864266539));
#5813 = CARTESIAN_POINT('',(107.45571054535,33.622388661908,
    48.82106051022));
#5814 = CARTESIAN_POINT('',(107.37204928051,33.653230008087,
    48.990483110104));
#5815 = CARTESIAN_POINT('',(107.29171458953,33.684247630276,
    49.161977351847));
#5816 = CARTESIAN_POINT('',(107.21474428905,33.715391914647,
    49.335388841773));
#5817 = CARTESIAN_POINT('',(107.14116716411,33.746610193742,
    49.510565563661));
#5818 = CARTESIAN_POINT('',(106.99969473386,33.809591334818,
    49.867036872919));
#5819 = CARTESIAN_POINT('',(106.93191167711,33.841354414074,
    50.04838499802));
#5820 = CARTESIAN_POINT('',(106.86767458328,33.873076685914,
    50.231248882101));
#5821 = CARTESIAN_POINT('',(106.80699483178,33.90469220986,
    50.41548145791));
#5822 = CARTESIAN_POINT('',(106.74987456149,33.936129856816,
    50.60094312466));
#5823 = CARTESIAN_POINT('',(106.69630703573,33.967308986954,
    50.787507862498));
#5824 = CARTESIAN_POINT('',(106.64627718822,33.998128724746,
    50.975076356418));
#5825 = CARTESIAN_POINT('',(106.57403692484,34.045220728774,
    51.26785858587));
#5826 = CARTESIAN_POINT('',(106.54938665503,34.061838235637,
    51.37241218844));
#5827 = CARTESIAN_POINT('',(106.52580769997,34.078280072594,
    51.477247956647));
#5828 = CARTESIAN_POINT('',(106.50329552609,34.094518132814,
    51.582362753445));
#5829 = CARTESIAN_POINT('',(106.48184493092,34.110519642746,
    51.687759159744));
#5830 = CARTESIAN_POINT('',(106.46145009881,34.126244565841,
    51.793448413447));
#5831 = CARTESIAN_POINT('',(106.44210468829,34.141640249019,
    51.899456413258));
#5832 = CARTESIAN_POINT('',(106.40581960196,34.171363922056,
    52.110347048614));
#5833 = CARTESIAN_POINT('',(106.38884382876,34.18570555618,
    52.215216699382));
#5834 = CARTESIAN_POINT('',(106.37286812478,34.199589368486,
    52.320488529922));
#5835 = CARTESIAN_POINT('',(106.35788576237,34.212920223045,
    52.426238820921));
#5836 = CARTESIAN_POINT('',(106.3438896873,34.225585959543,
    52.532563104428));
#5837 = CARTESIAN_POINT('',(106.33087322151,34.237394601765,
    52.639645951177));
#5838 = CARTESIAN_POINT('',(106.31882964994,34.248110979387,
    52.747720338798));
#5839 = CARTESIAN_POINT('',(106.30308211847,34.26099715315,
    52.903659457492));
#5840 = CARTESIAN_POINT('',(106.29858152189,34.264526701704,
    52.950218332944));
#5841 = CARTESIAN_POINT('',(106.29425327473,34.267718674672,
    52.997105563327));
#5842 = CARTESIAN_POINT('',(106.29009719208,34.270521615052,
    53.044376243292));
#5843 = CARTESIAN_POINT('',(106.28611331036,34.27286502835,
    53.092106306101));
#5844 = CARTESIAN_POINT('',(106.2823018875,34.274658542063,
    53.140393462007));
#5845 = CARTESIAN_POINT('',(106.27866357217,34.275776125387,
    53.189374686828));
#5846 = CARTESIAN_POINT('',(106.27321685402,34.276129236888,
    53.267866908359));
#5847 = CARTESIAN_POINT('',(106.27129102725,34.275965092622,
    53.296750919149));
#5848 = CARTESIAN_POINT('',(106.26942282603,34.275466559164,
    53.325985772704));
#5849 = CARTESIAN_POINT('',(106.26761265568,34.274584280196,
    53.355625613282));
#5850 = CARTESIAN_POINT('',(106.26586116773,34.273250074307,
    53.38574485312));
#5851 = CARTESIAN_POINT('',(106.2641692491,34.271377065996,
    53.416438039105));
#5852 = CARTESIAN_POINT('',(106.26253819206,34.268844320977,
    53.447836789387));
#5853 = CARTESIAN_POINT('',(106.26008575739,34.263517984001,
    53.49841815623));
#5854 = CARTESIAN_POINT('',(106.25922134316,34.26131928183,
    53.51696016984));
#5855 = CARTESIAN_POINT('',(106.25837750337,34.258803714132,
    53.535843187203));
#5856 = CARTESIAN_POINT('',(106.25755474782,34.255925414033,
    53.555117415757));
#5857 = CARTESIAN_POINT('',(106.25675386161,34.252619239525,
    53.574853301245));
#5858 = CARTESIAN_POINT('',(106.25597587249,34.248802724701,
    53.595139419321));
#5859 = CARTESIAN_POINT('',(106.25522223043,34.244360601731,
    53.616099380361));
#5860 = CARTESIAN_POINT('',(106.25410900998,34.236270154001,
    53.649594627886));
#5861 = CARTESIAN_POINT('',(106.25373014023,34.233223811859,
    53.661479883515));
#5862 = CARTESIAN_POINT('',(106.25335934272,34.229907163347,
    53.673655885076));
#5863 = CARTESIAN_POINT('',(106.25299708983,34.226281788705,
    53.686164194319));
#5864 = CARTESIAN_POINT('',(106.25264412498,34.222292385212,
    53.699063380125));
#5865 = CARTESIAN_POINT('',(106.25230141959,34.217869529286,
    53.712426086432));
#5866 = CARTESIAN_POINT('',(106.25197033847,34.212916373752,
    53.726353338611));
#5867 = CARTESIAN_POINT('',(106.25147969634,34.204141517125,
    53.749089233546));
#5868 = CARTESIAN_POINT('',(106.25131033788,34.200821963189,
    53.757361969037));
#5869 = CARTESIAN_POINT('',(106.25114568729,34.197256687567,
    53.765894498235));
#5870 = CARTESIAN_POINT('',(106.25098621594,34.193409603394,
    53.774725335827));
#5871 = CARTESIAN_POINT('',(106.25083275249,34.189226150601,
    53.783910160192));
#5872 = CARTESIAN_POINT('',(106.25068638336,34.184639548946,
    53.793515395335));
#5873 = CARTESIAN_POINT('',(106.25054863863,34.179557141812,
    53.803632534937));
#5874 = CARTESIAN_POINT('',(106.2503396865,34.169989831625,
    53.821573359482));
#5875 = CARTESIAN_POINT('',(106.25026258383,34.165928793108,
    53.82893447282));
#5876 = CARTESIAN_POINT('',(106.25019121926,34.161527594,53.83664234189)
  );
#5877 = CARTESIAN_POINT('',(106.25012688039,34.156684815513,
    53.844806405927));
#5878 = CARTESIAN_POINT('',(106.25007086558,34.151328118863,
    53.8534958995));
#5879 = CARTESIAN_POINT('',(106.25002745784,34.14527031929,
    53.862868128691));
#5880 = CARTESIAN_POINT('',(106.25,34.138403704093,53.872991713561));
#5881 = CARTESIAN_POINT('',(106.25,34.130214415714,53.884302638869));
#5882 = ORIENTED_EDGE('',*,*,#2576,.F.);
#5883 = ORIENTED_EDGE('',*,*,#5627,.F.);
#5884 = ORIENTED_EDGE('',*,*,#5665,.F.);
#5885 = ORIENTED_EDGE('',*,*,#5886,.F.);
#5886 = EDGE_CURVE('',#5311,#5666,#5887,.T.);
#5887 = B_SPLINE_CURVE_WITH_KNOTS('',4,(#5888,#5889,#5890,#5891,#5892),
  .UNSPECIFIED.,.F.,.F.,(5,5),(0.,1.),.PIECEWISE_BEZIER_KNOTS.);
#5888 = CARTESIAN_POINT('',(114.25,1.207459787736,37.009346451892));
#5889 = CARTESIAN_POINT('',(114.23397933369,1.207459787736,
    37.009346451892));
#5890 = CARTESIAN_POINT('',(114.21795881882,1.207471786272,
    37.009389419739));
#5891 = CARTESIAN_POINT('',(114.20193854912,1.207495782832,
    37.009475353606));
#5892 = CARTESIAN_POINT('',(114.18591861842,1.207531777228,
    37.00960425282));
#5893 = ORIENTED_EDGE('',*,*,#5320,.T.);
#5894 = ORIENTED_EDGE('',*,*,#5895,.F.);
#5895 = EDGE_CURVE('',#5765,#5321,#5896,.T.);
#5896 = B_SPLINE_CURVE_WITH_KNOTS('',4,(#5897,#5898,#5899,#5900,#5901),
  .UNSPECIFIED.,.F.,.F.,(5,5),(0.,1.),.PIECEWISE_BEZIER_KNOTS.);
#5897 = CARTESIAN_POINT('',(114.18591861842,32.750815983759,
    44.209153033794));
#5898 = CARTESIAN_POINT('',(114.2019385491,32.750904340863,
    44.209052516999));
#5899 = CARTESIAN_POINT('',(114.21795881886,32.750963246324,
    44.208985504978));
#5900 = CARTESIAN_POINT('',(114.23397933356,32.75099269968,
    44.208951998254));
#5901 = CARTESIAN_POINT('',(114.25,32.75099269968,44.208951998254));
#5902 = TOROIDAL_SURFACE('',#5903,70.,8.);
#5903 = AXIS2_PLACEMENT_3D('',#5904,#5905,#5906);
#5904 = CARTESIAN_POINT('',(114.25,0.,115.));
#5905 = DIRECTION('',(-1.,-0.,2.22044604925E-16));
#5906 = DIRECTION('',(-2.22044604925E-16,0.,-1.));
#5907 = ADVANCED_FACE('',(#5908),#5914,.T.);
#5908 = FACE_BOUND('',#5909,.T.);
#5909 = EDGE_LOOP('',(#5910,#5911,#5912,#5913));
#5910 = ORIENTED_EDGE('',*,*,#3068,.T.);
#5911 = ORIENTED_EDGE('',*,*,#5643,.T.);
#5912 = ORIENTED_EDGE('',*,*,#5459,.F.);
#5913 = ORIENTED_EDGE('',*,*,#3165,.F.);
#5914 = B_SPLINE_SURFACE_WITH_KNOTS('',1,1,(
    (#5915,#5916)
    ,(#5917,#5918
    )),.UNSPECIFIED.,.F.,.F.,.F.,(2,2),(2,2),(0.,38.),(0.,1.),
  .PIECEWISE_BEZIER_KNOTS.);
#5915 = CARTESIAN_POINT('',(106.25,-33.21001197257,54.88265554117));
#5916 = CARTESIAN_POINT('',(105.25,-58.87357294492,-89.01446617507));
#5917 = CARTESIAN_POINT('',(106.25,3.837248690338,46.42686005083));
#5918 = CARTESIAN_POINT('',(105.25,-35.47530305255,-94.35496859002));
#5919 = ADVANCED_FACE('',(#5920),#5997,.F.);
#5920 = FACE_BOUND('',#5921,.F.);
#5921 = EDGE_LOOP('',(#5922,#5944,#5945,#5946,#5968));
#5922 = ORIENTED_EDGE('',*,*,#5923,.F.);
#5923 = EDGE_CURVE('',#2586,#5924,#5926,.T.);
#5924 = VERTEX_POINT('',#5925);
#5925 = CARTESIAN_POINT('',(105.25,129.06175078361,-53.23486585776));
#5926 = B_SPLINE_CURVE_WITH_KNOTS('',6,(#5927,#5928,#5929,#5930,#5931,
    #5932,#5933,#5934,#5935,#5936,#5937,#5938,#5939,#5940,#5941,#5942,
    #5943),.UNSPECIFIED.,.F.,.F.,(7,5,5,7),(-9.000422918949,
    -5.474960499456E-02,146.55481105679,155.50048437074),.UNSPECIFIED.);
#5927 = CARTESIAN_POINT('',(106.31419941632,26.364025982272,
    63.596104426142));
#5928 = CARTESIAN_POINT('',(106.30399941632,27.348349763048,
    62.476318154304));
#5929 = CARTESIAN_POINT('',(106.29379941632,28.332673543825,
    61.356531882465));
#5930 = CARTESIAN_POINT('',(106.28359941632,29.316997324601,
    60.236745610626));
#5931 = CARTESIAN_POINT('',(106.27339941632,30.301321105377,
    59.116959338788));
#5932 = CARTESIAN_POINT('',(106.26319941632,31.285644886153,
    57.997173066949));
#5933 = CARTESIAN_POINT('',(106.08583284693,48.401932353043,
    38.525344686298));
#5934 = CARTESIAN_POINT('',(105.91866627754,64.533896039158,
    20.173302577486));
#5935 = CARTESIAN_POINT('',(105.75149970816,80.665859725271,
    1.821260468675));
#5936 = CARTESIAN_POINT('',(105.58433313877,96.797823411386,
    -16.53078164013));
#5937 = CARTESIAN_POINT('',(105.41716656938,112.9297870975,
    -34.88282374894));
#5938 = CARTESIAN_POINT('',(105.2398,130.04607456439,-54.3546521296));
#5939 = CARTESIAN_POINT('',(105.2296,131.03039834516,-55.47443840143));
#5940 = CARTESIAN_POINT('',(105.2194,132.01472212594,-56.59422467327));
#5941 = CARTESIAN_POINT('',(105.2092,132.99904590671,-57.71401094511));
#5942 = CARTESIAN_POINT('',(105.199,133.98336968749,-58.83379721695));
#5943 = CARTESIAN_POINT('',(105.1888,134.96769346827,-59.95358348879));
#5944 = ORIENTED_EDGE('',*,*,#2585,.F.);
#5945 = ORIENTED_EDGE('',*,*,#5764,.F.);
#5946 = ORIENTED_EDGE('',*,*,#5947,.T.);
#5947 = EDGE_CURVE('',#5765,#5948,#5950,.T.);
#5948 = VERTEX_POINT('',#5949);
#5949 = CARTESIAN_POINT('',(113.25281177045,122.79786020443,
    -58.23015190552));
#5950 = B_SPLINE_CURVE_WITH_KNOTS('',6,(#5951,#5952,#5953,#5954,#5955,
    #5956,#5957,#5958,#5959,#5960,#5961,#5962,#5963,#5964,#5965,#5966,
    #5967),.UNSPECIFIED.,.F.,.F.,(7,5,5,7),(-9.000422918949,
    -5.474960499456E-02,146.55481105679,155.50048437074),.UNSPECIFIED.);
#5951 = CARTESIAN_POINT('',(114.31401177045,20.389586071126,
    58.271533552826));
#5952 = CARTESIAN_POINT('',(114.30381177045,21.373909851903,
    57.151747280987));
#5953 = CARTESIAN_POINT('',(114.29361177045,22.358233632679,
    56.031961009149));
#5954 = CARTESIAN_POINT('',(114.28341177045,23.342557413455,
    54.91217473731));
#5955 = CARTESIAN_POINT('',(114.27321177045,24.326881194231,
    53.792388465471));
#5956 = CARTESIAN_POINT('',(114.26301177045,25.311204975008,
    52.672602193633));
#5957 = CARTESIAN_POINT('',(114.08564520106,42.427492441898,
    33.200773812982));
#5958 = CARTESIAN_POINT('',(113.91847863168,58.559456128012,
    14.84873170417));
#5959 = CARTESIAN_POINT('',(113.75131206229,74.691419814126,
    -3.503310404641));
#5960 = CARTESIAN_POINT('',(113.5841454929,90.82338350024,
    -21.85535251345));
#5961 = CARTESIAN_POINT('',(113.41697892352,106.95534718635,
    -40.20739462226));
#5962 = CARTESIAN_POINT('',(113.23961235413,124.07163465324,
    -59.67922300291));
#5963 = CARTESIAN_POINT('',(113.22941235413,125.05595843402,
    -60.79900927475));
#5964 = CARTESIAN_POINT('',(113.21921235413,126.04028221479,
    -61.91879554659));
#5965 = CARTESIAN_POINT('',(113.20901235413,127.02460599557,
    -63.03858181843));
#5966 = CARTESIAN_POINT('',(113.19881235413,128.00892977634,
    -64.15836809027));
#5967 = CARTESIAN_POINT('',(113.18861235413,128.99325355712,
    -65.2781543621));
#5968 = ORIENTED_EDGE('',*,*,#5969,.F.);
#5969 = EDGE_CURVE('',#5924,#5948,#5970,.T.);
#5970 = B_SPLINE_CURVE_WITH_KNOTS('',7,(#5971,#5972,#5973,#5974,#5975,
    #5976,#5977,#5978,#5979,#5980,#5981,#5982,#5983,#5984,#5985,#5986,
    #5987,#5988,#5989,#5990,#5991,#5992,#5993,#5994,#5995,#5996),
  .UNSPECIFIED.,.F.,.F.,(8,6,6,6,8),(0.,0.249928743901,0.500002573608,
    0.75007469467,1.),.UNSPECIFIED.);
#5971 = CARTESIAN_POINT('',(105.25,129.06175078361,-53.23486585776));
#5972 = CARTESIAN_POINT('',(105.25,128.74529868775,-53.48722798306));
#5973 = CARTESIAN_POINT('',(105.27383819558,128.4211558147,
    -53.74572329852));
#5974 = CARTESIAN_POINT('',(105.32359432234,128.09096633999,
    -54.00904061788));
#5975 = CARTESIAN_POINT('',(105.40114205148,127.75677955409,
    -54.27554568656));
#5976 = CARTESIAN_POINT('',(105.50793494098,127.42105451967,
    -54.54327746749));
#5977 = CARTESIAN_POINT('',(105.64482565966,127.08656992885,
    -54.81002002766));
#5978 = CARTESIAN_POINT('',(105.9791083073,126.42571663182,-55.337032946
    ));
#5979 = CARTESIAN_POINT('',(106.17653673398,126.09935170327,
    -55.59730029158));
#5980 = CARTESIAN_POINT('',(106.40431197658,125.78006409918,
    -55.85192365924));
#5981 = CARTESIAN_POINT('',(106.66181077775,125.47090696463,
    -56.09846824702));
#5982 = CARTESIAN_POINT('',(106.94756177427,125.17488961225,
    -56.3345342082));
#5983 = CARTESIAN_POINT('',(107.25928974598,124.89471802013,
    -56.55796359723));
#5984 = CARTESIAN_POINT('',(107.9289651319,124.37055558579,
    -56.97596919007));
#5985 = CARTESIAN_POINT('',(108.28691352626,124.12656348205,
    -57.1705463999));
#5986 = CARTESIAN_POINT('',(108.6651074233,123.90290306381,
    -57.3489096316));
#5987 = CARTESIAN_POINT('',(109.06008979757,123.70135539591,
    -57.50963853334));
#5988 = CARTESIAN_POINT('',(109.46801591372,123.52307240279,
    -57.65181447604));
#5989 = CARTESIAN_POINT('',(109.88498488426,123.36854214641,
    -57.77504824328));
#5990 = CARTESIAN_POINT('',(110.72929958832,123.10689485969,
    -57.98370499171));
#5991 = CARTESIAN_POINT('',(111.15664044095,122.99974892821,
    -58.0691510208));
#5992 = CARTESIAN_POINT('',(111.58556643202,122.91616084224,
    -58.13581029499));
#5993 = CARTESIAN_POINT('',(112.01252727248,122.85546330118,
    -58.18421496875));
#5994 = CARTESIAN_POINT('',(112.43438105457,122.81651861205,
    -58.21527232196));
#5995 = CARTESIAN_POINT('',(112.84850945184,122.79786020443,
    -58.23015190552));
#5996 = CARTESIAN_POINT('',(113.25281177045,122.79786020443,
    -58.23015190552));
#5997 = ( BOUNDED_SURFACE() B_SPLINE_SURFACE(2,6,(
    (#5998,#5999,#6000,#6001,#6002,#6003,#6004,#6005,#6006,#6007,#6008
      ,#6009,#6010,#6011,#6012,#6013,#6014)
    ,(#6015,#6016,#6017,#6018,#6019,#6020,#6021,#6022,#6023,#6024,#6025
      ,#6026,#6027,#6028,#6029,#6030,#6031)
    ,(#6032,#6033,#6034,#6035,#6036,#6037,#6038,#6039,#6040,#6041,#6042
      ,#6043,#6044,#6045,#6046,#6047,#6048
)),.UNSPECIFIED.,.F.,.F.,.F.) B_SPLINE_SURFACE_WITH_KNOTS((3,3),(7,5,5,7
    ),(0.,146.60956066178),(-9.000422918949,-5.474960499456E-02,
    146.55481105679,155.50048437074),.UNSPECIFIED.) 
GEOMETRIC_REPRESENTATION_ITEM() RATIONAL_B_SPLINE_SURFACE((
    (1.,1.,1.,1.,1.,1.,1.,1.,1.,1.,1.,1.,1.,1.,1.,1.,1.)
    ,(0.706990803572,0.706990803572,0.706990803572,0.706990803572
      ,0.706990803572,0.706990803572,0.706990803572,0.706990803572
      ,0.706990803572,0.706990803572,0.706990803572,0.706990803572
      ,0.706990803572,0.706990803572,0.706990803572,0.706990803572
      ,0.706990803572)
    ,(1.,1.,1.,1.,1.,1.,1.,1.,1.,1.,1.,1.,1.,1.,1.,1.,1.
))) REPRESENTATION_ITEM('') SURFACE() );
#5998 = CARTESIAN_POINT('',(106.31419941632,26.364025982272,
    63.596104426142));
#5999 = CARTESIAN_POINT('',(106.30399941632,27.348349763048,
    62.476318154304));
#6000 = CARTESIAN_POINT('',(106.29379941632,28.332673543825,
    61.356531882465));
#6001 = CARTESIAN_POINT('',(106.28359941632,29.316997324601,
    60.236745610626));
#6002 = CARTESIAN_POINT('',(106.27339941632,30.301321105377,
    59.116959338788));
#6003 = CARTESIAN_POINT('',(106.26319941632,31.285644886153,
    57.997173066949));
#6004 = CARTESIAN_POINT('',(106.08583284693,48.401932353043,
    38.525344686298));
#6005 = CARTESIAN_POINT('',(105.91866627754,64.533896039158,
    20.173302577486));
#6006 = CARTESIAN_POINT('',(105.75149970816,80.665859725271,
    1.821260468675));
#6007 = CARTESIAN_POINT('',(105.58433313877,96.797823411386,
    -16.53078164013));
#6008 = CARTESIAN_POINT('',(105.41716656938,112.9297870975,
    -34.88282374894));
#6009 = CARTESIAN_POINT('',(105.2398,130.04607456439,-54.3546521296));
#6010 = CARTESIAN_POINT('',(105.2296,131.03039834516,-55.47443840143));
#6011 = CARTESIAN_POINT('',(105.2194,132.01472212594,-56.59422467327));
#6012 = CARTESIAN_POINT('',(105.2092,132.99904590671,-57.71401094511));
#6013 = CARTESIAN_POINT('',(105.199,133.98336968749,-58.83379721695));
#6014 = CARTESIAN_POINT('',(105.1888,134.96769346827,-59.95358348879));
#6015 = CARTESIAN_POINT('',(106.31157455825,20.35344032583,
    58.312653670168));
#6016 = CARTESIAN_POINT('',(106.30137455825,21.337764106607,
    57.192867398329));
#6017 = CARTESIAN_POINT('',(106.29117455825,22.322087887383,
    56.073081126491));
#6018 = CARTESIAN_POINT('',(106.28097455825,23.306411668159,
    54.953294854652));
#6019 = CARTESIAN_POINT('',(106.27077455825,24.290735448935,
    53.833508582813));
#6020 = CARTESIAN_POINT('',(106.26057455825,25.275059229712,
    52.713722310975));
#6021 = CARTESIAN_POINT('',(106.08320798887,42.391346696602,
    33.241893930324));
#6022 = CARTESIAN_POINT('',(105.91604141948,58.523310382716,
    14.889851821512));
#6023 = CARTESIAN_POINT('',(105.74887485009,74.65527406883,-3.4621902873
    ));
#6024 = CARTESIAN_POINT('',(105.58170828071,90.787237754944,
    -21.81423239611));
#6025 = CARTESIAN_POINT('',(105.41454171132,106.91920144105,
    -40.16627450492));
#6026 = CARTESIAN_POINT('',(105.23717514193,124.03548890794,
    -59.63810288557));
#6027 = CARTESIAN_POINT('',(105.22697514193,125.01981268872,
    -60.75788915741));
#6028 = CARTESIAN_POINT('',(105.21677514193,126.0041364695,
    -61.87767542925));
#6029 = CARTESIAN_POINT('',(105.20657514193,126.98846025027,
    -62.99746170109));
#6030 = CARTESIAN_POINT('',(105.19637514193,127.97278403105,
    -64.11724797292));
#6031 = CARTESIAN_POINT('',(105.18617514193,128.95710781183,
    -65.23703424476));
#6032 = CARTESIAN_POINT('',(114.31401177045,20.389586071126,
    58.271533552826));
#6033 = CARTESIAN_POINT('',(114.30381177045,21.373909851903,
    57.151747280987));
#6034 = CARTESIAN_POINT('',(114.29361177045,22.358233632679,
    56.031961009149));
#6035 = CARTESIAN_POINT('',(114.28341177045,23.342557413455,
    54.91217473731));
#6036 = CARTESIAN_POINT('',(114.27321177045,24.326881194231,
    53.792388465471));
#6037 = CARTESIAN_POINT('',(114.26301177045,25.311204975008,
    52.672602193633));
#6038 = CARTESIAN_POINT('',(114.08564520106,42.427492441898,
    33.200773812982));
#6039 = CARTESIAN_POINT('',(113.91847863168,58.559456128012,
    14.84873170417));
#6040 = CARTESIAN_POINT('',(113.75131206229,74.691419814126,
    -3.503310404641));
#6041 = CARTESIAN_POINT('',(113.5841454929,90.82338350024,
    -21.85535251345));
#6042 = CARTESIAN_POINT('',(113.41697892352,106.95534718635,
    -40.20739462226));
#6043 = CARTESIAN_POINT('',(113.23961235413,124.07163465324,
    -59.67922300291));
#6044 = CARTESIAN_POINT('',(113.22941235413,125.05595843402,
    -60.79900927475));
#6045 = CARTESIAN_POINT('',(113.21921235413,126.04028221479,
    -61.91879554659));
#6046 = CARTESIAN_POINT('',(113.20901235413,127.02460599557,
    -63.03858181843));
#6047 = CARTESIAN_POINT('',(113.19881235413,128.00892977634,
    -64.15836809027));
#6048 = CARTESIAN_POINT('',(113.18861235413,128.99325355712,
    -65.2781543621));
#6049 = ADVANCED_FACE('',(#6050),#6082,.T.);
#6050 = FACE_BOUND('',#6051,.T.);
#6051 = EDGE_LOOP('',(#6052,#6053,#6075,#6081));
#6052 = ORIENTED_EDGE('',*,*,#2622,.T.);
#6053 = ORIENTED_EDGE('',*,*,#6054,.T.);
#6054 = EDGE_CURVE('',#2623,#6055,#6057,.T.);
#6055 = VERTEX_POINT('',#6056);
#6056 = CARTESIAN_POINT('',(105.25,135.29792520448,-48.26168270868));
#6057 = B_SPLINE_CURVE_WITH_KNOTS('',6,(#6058,#6059,#6060,#6061,#6062,
    #6063,#6064,#6065,#6066,#6067,#6068,#6069,#6070,#6071,#6072,#6073,
    #6074),.UNSPECIFIED.,.F.,.F.,(7,5,5,7),(-9.00042291895,
    -5.474960499524E-02,146.55481105679,155.50048437074),.UNSPECIFIED.);
#6058 = CARTESIAN_POINT('',(106.31419941632,44.24854490541,
    77.858532340308));
#6059 = CARTESIAN_POINT('',(106.30399941632,45.12122315049,
    76.649711724764));
#6060 = CARTESIAN_POINT('',(106.29379941632,45.993901395569,
    75.44089110922));
#6061 = CARTESIAN_POINT('',(106.28359941632,46.866579640649,
    74.232070493676));
#6062 = CARTESIAN_POINT('',(106.27339941632,47.739257885729,
    73.023249878132));
#6063 = CARTESIAN_POINT('',(106.26319941632,48.611936130809,
    71.814429262588));
#6064 = CARTESIAN_POINT('',(106.08583284693,63.786832847322,
    50.794393421089));
#6065 = CARTESIAN_POINT('',(105.91866627754,78.089051318755,
    30.983178195136));
#6066 = CARTESIAN_POINT('',(105.75149970816,92.39126979019,
    11.171962969179));
#6067 = CARTESIAN_POINT('',(105.58433313877,106.69348826162,
    -8.639252256774));
#6068 = CARTESIAN_POINT('',(105.41716656938,120.99570673305,
    -28.45046748272));
#6069 = CARTESIAN_POINT('',(105.2398,136.17060344956,-49.47050332422));
#6070 = CARTESIAN_POINT('',(105.2296,137.04328169464,-50.67932393977));
#6071 = CARTESIAN_POINT('',(105.2194,137.91595993972,-51.88814455531));
#6072 = CARTESIAN_POINT('',(105.2092,138.7886381848,-53.09696517086));
#6073 = CARTESIAN_POINT('',(105.199,139.66131642988,-54.3057857864));
#6074 = CARTESIAN_POINT('',(105.1888,140.53399467496,-55.51460640194));
#6075 = ORIENTED_EDGE('',*,*,#6076,.F.);
#6076 = EDGE_CURVE('',#5924,#6055,#6077,.T.);
#6077 = LINE('',#6078,#6079);
#6078 = CARTESIAN_POINT('',(105.25,122.79786020443,-58.23015190552));
#6079 = VECTOR('',#6080,1.);
#6080 = DIRECTION('',(1.384425467285E-16,0.781831482468,0.623489801859)
  );
#6081 = ORIENTED_EDGE('',*,*,#5923,.F.);
#6082 = B_SPLINE_SURFACE_WITH_KNOTS('',1,1,(
    (#6083,#6084)
    ,(#6085,#6086
    )),.UNSPECIFIED.,.F.,.F.,.F.,(2,2),(2,2),(0.,38.),(0.,1.),
  .PIECEWISE_BEZIER_KNOTS.);
#6083 = CARTESIAN_POINT('',(106.25,26.295528755784,51.552815921794));
#6084 = CARTESIAN_POINT('',(105.25,122.79786020443,-58.23015190552));
#6085 = CARTESIAN_POINT('',(106.25,56.005125089569,75.245428392426));
#6086 = CARTESIAN_POINT('',(105.25,141.56181578366,-43.26639666091));
#6087 = ADVANCED_FACE('',(#6088),#6262,.T.);
#6088 = FACE_BOUND('',#6089,.T.);
#6089 = EDGE_LOOP('',(#6090,#6091,#6092,#6211,#6233));
#6090 = ORIENTED_EDGE('',*,*,#6054,.F.);
#6091 = ORIENTED_EDGE('',*,*,#2630,.F.);
#6092 = ORIENTED_EDGE('',*,*,#6093,.F.);
#6093 = EDGE_CURVE('',#6094,#2631,#6096,.T.);
#6094 = VERTEX_POINT('',#6095);
#6095 = CARTESIAN_POINT('',(114.18591921838,61.728230476742,
    67.31786996416));
#6096 = B_SPLINE_CURVE_WITH_KNOTS('',8,(#6097,#6098,#6099,#6100,#6101,
    #6102,#6103,#6104,#6105,#6106,#6107,#6108,#6109,#6110,#6111,#6112,
    #6113,#6114,#6115,#6116,#6117,#6118,#6119,#6120,#6121,#6122,#6123,
    #6124,#6125,#6126,#6127,#6128,#6129,#6130,#6131,#6132,#6133,#6134,
    #6135,#6136,#6137,#6138,#6139,#6140,#6141,#6142,#6143,#6144,#6145,
    #6146,#6147,#6148,#6149,#6150,#6151,#6152,#6153,#6154,#6155,#6156,
    #6157,#6158,#6159,#6160,#6161,#6162,#6163,#6164,#6165,#6166,#6167,
    #6168,#6169,#6170,#6171,#6172,#6173,#6174,#6175,#6176,#6177,#6178,
    #6179,#6180,#6181,#6182,#6183,#6184,#6185,#6186,#6187,#6188,#6189,
    #6190,#6191,#6192,#6193,#6194,#6195,#6196,#6197,#6198,#6199,#6200,
    #6201,#6202,#6203,#6204,#6205,#6206,#6207,#6208,#6209,#6210),
  .UNSPECIFIED.,.F.,.F.,(9,7,7,7,7,7,7,7,7,7,7,7,7,7,7,7,9),(0.,
    0.106991883795,0.214175378111,0.319846282916,0.422847325799,
    0.52449744428,0.626023471326,0.728515848074,0.832679324342,
    0.890287816522,0.946887875191,0.970772527995,0.984448479132,
    0.992164730063,0.996269955091,0.998520299417,1.),.UNSPECIFIED.);
#6097 = CARTESIAN_POINT('',(114.18591921838,61.728230476742,
    67.31786996416));
#6098 = CARTESIAN_POINT('',(114.04168504442,61.727525197479,
    67.318846906256));
#6099 = CARTESIAN_POINT('',(113.89624218491,61.723104826348,
    67.319892252216));
#6100 = CARTESIAN_POINT('',(113.74968044809,61.714859307719,
    67.321007672293));
#6101 = CARTESIAN_POINT('',(113.60209705115,61.702682195318,
    67.322195062667));
#6102 = CARTESIAN_POINT('',(113.4535964203,61.686471640039,
    67.323456573747));
#6103 = CARTESIAN_POINT('',(113.30428999071,61.666131377771,
    67.324794638465));
#6104 = CARTESIAN_POINT('',(113.1542960066,61.641571717207,
    67.326212000571));
#6105 = CARTESIAN_POINT('',(112.85291300556,61.583797650969,
    67.32921417116));
#6106 = CARTESIAN_POINT('',(112.7015219513,61.550567839278,
    67.330799276333));
#6107 = CARTESIAN_POINT('',(112.54969149314,61.512938484155,
    67.332470148943));
#6108 = CARTESIAN_POINT('',(112.39755360384,61.47083468042,
    67.334230226702));
#6109 = CARTESIAN_POINT('',(112.24524626169,61.424190144634,
    67.336083304802));
#6110 = CARTESIAN_POINT('',(112.092912818,61.372948133556,
    67.338033546173));
#6111 = CARTESIAN_POINT('',(111.94070136457,61.317062362617,
    67.340085491743));
#6112 = CARTESIAN_POINT('',(111.63897099927,61.196788180567,
    67.344372187463));
#6113 = CARTESIAN_POINT('',(111.48944435389,61.132530892376,
    67.34660394991));
#6114 = CARTESIAN_POINT('',(111.34032985426,61.06369243897,
    67.348944067955));
#6115 = CARTESIAN_POINT('',(111.19177697159,60.99025001673,
    67.35139762001));
#6116 = CARTESIAN_POINT('',(111.04393802047,60.912192129387,
    67.353970034587));
#6117 = CARTESIAN_POINT('',(110.89696722017,60.829519078157,
    67.356667071904));
#6118 = CARTESIAN_POINT('',(110.75101975587,60.742243451875,
    67.359494805486));
#6119 = CARTESIAN_POINT('',(110.46513962943,60.560858519438,
    67.365349494004));
#6120 = CARTESIAN_POINT('',(110.32514810588,60.466977564327,
    67.368369609435));
#6121 = CARTESIAN_POINT('',(110.18641995373,60.368770992661,
    67.371525840859));
#6122 = CARTESIAN_POINT('',(110.04909874593,60.266273579322,
    67.374824338463));
#6123 = CARTESIAN_POINT('',(109.9133269976,60.159531542197,
    67.378271480484));
#6124 = CARTESIAN_POINT('',(109.77924521946,60.048602451164,
    67.381873841854));
#6125 = CARTESIAN_POINT('',(109.64699097138,59.93355513709,
    67.385638162856));
#6126 = CARTESIAN_POINT('',(109.38811373687,59.696945947341,
    67.39345288684));
#6127 = CARTESIAN_POINT('',(109.26143959357,59.575489270624,
    67.39749888625));
#6128 = CARTESIAN_POINT('',(109.13680401209,59.450176202066,
    67.401715940061));
#6129 = CARTESIAN_POINT('',(109.01433170081,59.321093914293,
    67.406110777717));
#6130 = CARTESIAN_POINT('',(108.89414279004,59.18833949964,
    67.410690235746));
#6131 = CARTESIAN_POINT('',(108.77635207164,59.052019348627,
    67.415461259463));
#6132 = CARTESIAN_POINT('',(108.6610682387,58.912248528444,
    67.420430904675));
#6133 = CARTESIAN_POINT('',(108.43585556208,58.626226484633,
    67.430775456082));
#6134 = CARTESIAN_POINT('',(108.32592032391,58.479983353226,
    67.436149844405));
#6135 = CARTESIAN_POINT('',(108.21868901724,58.330543196233,
    67.441736737614));
#6136 = CARTESIAN_POINT('',(108.11425634881,58.178036407607,
    67.447543404159));
#6137 = CARTESIAN_POINT('',(108.01270969412,58.022600253521,
    67.453577322621));
#6138 = CARTESIAN_POINT('',(107.91412866585,57.864377779647,
    67.459846356635));
#6139 = CARTESIAN_POINT('',(107.81858468246,57.70351671845,
    67.46635892983));
#6140 = CARTESIAN_POINT('',(107.63281648469,57.37526528497,
    67.479953865206));
#6141 = CARTESIAN_POINT('',(107.54265155461,57.207827384942,
    67.487040960031));
#6142 = CARTESIAN_POINT('',(107.45571054535,57.038009980289,
    67.494395395776));
#6143 = CARTESIAN_POINT('',(107.37204928051,56.865972313552,
    67.502027381696));
#6144 = CARTESIAN_POINT('',(107.29171458953,56.691875720239,
    67.509948494896));
#6145 = CARTESIAN_POINT('',(107.21474428905,56.515881763171,
    67.518172749454));
#6146 = CARTESIAN_POINT('',(107.14116716411,56.338150366817,
    67.526717665556));
#6147 = CARTESIAN_POINT('',(106.99969473386,55.976601915196,
    67.544637921845));
#6148 = CARTESIAN_POINT('',(106.93191167711,55.792732616153,
    67.55402496347));
#6149 = CARTESIAN_POINT('',(106.86767458328,55.607394641874,
    67.563789077488));
#6150 = CARTESIAN_POINT('',(106.80699483178,55.420746045469,
    67.573961825569));
#6151 = CARTESIAN_POINT('',(106.74987456149,55.232938755352,
    67.584581489356));
#6152 = CARTESIAN_POINT('',(106.69630703573,55.044113575848,
    67.595698644815));
#6153 = CARTESIAN_POINT('',(106.64627718822,54.854389778841,
    67.607389538642));
#6154 = CARTESIAN_POINT('',(106.57403692484,54.558469254439,
    67.626628404618));
#6155 = CARTESIAN_POINT('',(106.54938665503,54.452839285828,
    67.63369289864));
#6156 = CARTESIAN_POINT('',(106.52580769997,54.346973316292,
    67.640991445916));
#6157 = CARTESIAN_POINT('',(106.50329552609,54.240880658584,
    67.648550750524));
#6158 = CARTESIAN_POINT('',(106.48184493092,54.134566089305,
    67.65640333862));
#6159 = CARTESIAN_POINT('',(106.46145009881,54.028027561278,
    67.664590743621));
#6160 = CARTESIAN_POINT('',(106.44210468829,53.921251541548,
    67.673170061488));
#6161 = CARTESIAN_POINT('',(106.40581960196,53.709034235238,
    67.691119204134));
#6162 = CARTESIAN_POINT('',(106.38884382876,53.603602571745,
    67.700472837352));
#6163 = CARTESIAN_POINT('',(106.37286812478,53.497880686901,
    67.71036230726));
#6164 = CARTESIAN_POINT('',(106.35788576237,53.391815382281,
    67.720897338573));
#6165 = CARTESIAN_POINT('',(106.3438896873,53.285338479029,
    67.732208537405));
#6166 = CARTESIAN_POINT('',(106.33087322151,53.178312752724,
    67.744524137564));
#6167 = CARTESIAN_POINT('',(106.31882964994,53.070563397283,
    67.758125255575));
#6168 = CARTESIAN_POINT('',(106.30308211847,52.915666554446,
    67.780261883423));
#6169 = CARTESIAN_POINT('',(106.29858152189,52.869489608767,
    67.78718115247));
#6170 = CARTESIAN_POINT('',(106.29425327473,52.823067658336,
    67.794502599225));
#6171 = CARTESIAN_POINT('',(106.29009719208,52.776358440098,
    67.802288650266));
#6172 = CARTESIAN_POINT('',(106.28611331036,52.7293036111,
    67.810624929387));
#6173 = CARTESIAN_POINT('',(106.2823018875,52.681828020662,
    67.819621285837));
#6174 = CARTESIAN_POINT('',(106.27866357217,52.633826171725,
    67.829431070554));
#6175 = CARTESIAN_POINT('',(106.27321685402,52.557223339365,
    67.846552974739));
#6176 = CARTESIAN_POINT('',(106.27129102725,52.529100036565,
    67.853140300622));
#6177 = CARTESIAN_POINT('',(106.26942282603,52.500709095955,
    67.860131701723));
#6178 = CARTESIAN_POINT('',(106.26761265568,52.472008713604,
    67.867587345123));
#6179 = CARTESIAN_POINT('',(106.26586116773,52.442941514733,
    67.875590261063));
#6180 = CARTESIAN_POINT('',(106.2641692491,52.41343465456,
    67.884246185558));
#6181 = CARTESIAN_POINT('',(106.26253819206,52.383386725291,
    67.893702308608));
#6182 = CARTESIAN_POINT('',(106.26008575739,52.335258760398,
    67.910150516187));
#6183 = CARTESIAN_POINT('',(106.25922134316,52.317670891041,
    67.91642007849));
#6184 = CARTESIAN_POINT('',(106.25837750337,52.299821076822,
    67.923074442313));
#6185 = CARTESIAN_POINT('',(106.25755474782,52.281670575445,
    67.930169496758));
#6186 = CARTESIAN_POINT('',(106.25675386161,52.26316520285,
    67.937784426241));
#6187 = CARTESIAN_POINT('',(106.25597587249,52.244236954552,
    67.946019339009));
#6188 = CARTESIAN_POINT('',(106.25522223043,52.224790968848,
    67.955014118789));
#6189 = CARTESIAN_POINT('',(106.25410900998,52.193935811095,
    67.970355115865));
#6190 = CARTESIAN_POINT('',(106.25373014023,52.183026418538,
    67.975969798031));
#6191 = CARTESIAN_POINT('',(106.25335934272,52.17189371848,
    67.981912706482));
#6192 = CARTESIAN_POINT('',(106.25299708983,52.160505740417,
    67.988230546067));
#6193 = CARTESIAN_POINT('',(106.25264412498,52.148817689922,
    67.994990265756));
#6194 = CARTESIAN_POINT('',(106.25230141959,52.136774192591,
    68.002275713339));
#6195 = CARTESIAN_POINT('',(106.25197033847,52.124298306498,
    68.010203788085));
#6196 = CARTESIAN_POINT('',(106.25147969634,52.10408503721,
    68.023817853311));
#6197 = CARTESIAN_POINT('',(106.25131033788,52.096758386711,
    68.028895035927));
#6198 = CARTESIAN_POINT('',(106.25114568729,52.089233134296,
    68.034269589011));
#6199 = CARTESIAN_POINT('',(106.25098621594,52.081479761003,
    68.039985264981));
#6200 = CARTESIAN_POINT('',(106.25083275249,52.073456125183,
    68.046107645574));
#6201 = CARTESIAN_POINT('',(106.25068638336,52.065112328223,
    68.052716617444));
#6202 = CARTESIAN_POINT('',(106.25054863863,52.056379788417,
    68.059922873374));
#6203 = CARTESIAN_POINT('',(106.2503396865,52.041017704598,
    68.073242520154));
#6204 = CARTESIAN_POINT('',(106.25026258383,52.034744815822,
    68.078839741774));
#6205 = CARTESIAN_POINT('',(106.25019121926,52.028209558066,
    68.084845755841));
#6206 = CARTESIAN_POINT('',(106.25012688039,52.021327803737,
    68.091383790942));
#6207 = CARTESIAN_POINT('',(106.25007086558,52.014048151063,
    68.098539778224));
#6208 = CARTESIAN_POINT('',(106.25002745784,52.006258890442,
    68.106531213316));
#6209 = CARTESIAN_POINT('',(106.25,51.997917090606,68.115478377695));
#6210 = CARTESIAN_POINT('',(106.25,51.988712041909,68.125979261179));
#6211 = ORIENTED_EDGE('',*,*,#6212,.T.);
#6212 = EDGE_CURVE('',#6094,#6213,#6215,.T.);
#6213 = VERTEX_POINT('',#6214);
#6214 = CARTESIAN_POINT('',(113.25281177045,141.56181578366,
    -43.26639666091));
#6215 = B_SPLINE_CURVE_WITH_KNOTS('',6,(#6216,#6217,#6218,#6219,#6220,
    #6221,#6222,#6223,#6224,#6225,#6226,#6227,#6228,#6229,#6230,#6231,
    #6232),.UNSPECIFIED.,.F.,.F.,(7,5,5,7),(-9.00042291895,
    -5.474960499524E-02,146.55481105679,155.50048437074),.UNSPECIFIED.);
#6216 = CARTESIAN_POINT('',(114.31401177045,50.76905561909,
    82.498352085691));
#6217 = CARTESIAN_POINT('',(114.30381177045,51.64173386417,
    81.289531470146));
#6218 = CARTESIAN_POINT('',(114.29361177045,52.51441210925,
    80.080710854602));
#6219 = CARTESIAN_POINT('',(114.28341177045,53.38709035433,
    78.871890239058));
#6220 = CARTESIAN_POINT('',(114.27321177045,54.259768599409,
    77.663069623514));
#6221 = CARTESIAN_POINT('',(114.26301177045,55.132446844489,
    76.45424900797));
#6222 = CARTESIAN_POINT('',(114.08564520107,70.307343561003,
    55.434213166471));
#6223 = CARTESIAN_POINT('',(113.91847863168,84.609562032435,
    35.622997940517));
#6224 = CARTESIAN_POINT('',(113.75131206229,98.91178050387,
    15.811782714561));
#6225 = CARTESIAN_POINT('',(113.5841454929,113.2139989753,
    -3.999432511392));
#6226 = CARTESIAN_POINT('',(113.41697892352,127.51621744673,
    -23.81064773734));
#6227 = CARTESIAN_POINT('',(113.23961235413,142.69111416324,
    -44.83068357884));
#6228 = CARTESIAN_POINT('',(113.22941235413,143.56379240832,
    -46.03950419439));
#6229 = CARTESIAN_POINT('',(113.21921235413,144.4364706534,
    -47.24832480993));
#6230 = CARTESIAN_POINT('',(113.20901235413,145.30914889848,
    -48.45714542547));
#6231 = CARTESIAN_POINT('',(113.19881235413,146.18182714356,
    -49.66596604102));
#6232 = CARTESIAN_POINT('',(113.18861235413,147.05450538864,
    -50.87478665656));
#6233 = ORIENTED_EDGE('',*,*,#6234,.F.);
#6234 = EDGE_CURVE('',#6055,#6213,#6235,.T.);
#6235 = B_SPLINE_CURVE_WITH_KNOTS('',7,(#6236,#6237,#6238,#6239,#6240,
    #6241,#6242,#6243,#6244,#6245,#6246,#6247,#6248,#6249,#6250,#6251,
    #6252,#6253,#6254,#6255,#6256,#6257,#6258,#6259,#6260,#6261),
  .UNSPECIFIED.,.F.,.F.,(8,6,6,6,8),(0.,0.249928743902,0.500002573608,
    0.75007469467,1.),.UNSPECIFIED.);
#6236 = CARTESIAN_POINT('',(105.25,135.29792520448,-48.26168270868));
#6237 = CARTESIAN_POINT('',(105.25,135.61437730035,-48.00932058337));
#6238 = CARTESIAN_POINT('',(105.27383819558,135.9385201734,
    -47.75082526792));
#6239 = CARTESIAN_POINT('',(105.32359432234,136.26870964811,
    -47.48750794855));
#6240 = CARTESIAN_POINT('',(105.40114205148,136.60289643401,
    -47.22100287988));
#6241 = CARTESIAN_POINT('',(105.50793494098,136.93862146843,
    -46.95327109895));
#6242 = CARTESIAN_POINT('',(105.64482565966,137.27310605925,
    -46.68652853878));
#6243 = CARTESIAN_POINT('',(105.9791083073,137.93395935628,
    -46.15951562044));
#6244 = CARTESIAN_POINT('',(106.17653673398,138.26032428483,
    -45.89924827485));
#6245 = CARTESIAN_POINT('',(106.40431197658,138.57961188891,
    -45.6446249072));
#6246 = CARTESIAN_POINT('',(106.66181077775,138.88876902346,
    -45.39808031941));
#6247 = CARTESIAN_POINT('',(106.94756177427,139.18478637585,
    -45.16201435824));
#6248 = CARTESIAN_POINT('',(107.25928974598,139.46495796796,
    -44.9385849692));
#6249 = CARTESIAN_POINT('',(107.9289651319,139.9891204023,
    -44.52057937637));
#6250 = CARTESIAN_POINT('',(108.28691352627,140.23311250604,
    -44.32600216653));
#6251 = CARTESIAN_POINT('',(108.66510742328,140.45677292428,
    -44.14763893485));
#6252 = CARTESIAN_POINT('',(109.06008979759,140.6583205922,
    -43.98691003309));
#6253 = CARTESIAN_POINT('',(109.46801591371,140.8366035853,
    -43.8447340904));
#6254 = CARTESIAN_POINT('',(109.88498488427,140.99113384169,
    -43.72150032316));
#6255 = CARTESIAN_POINT('',(110.72929958832,141.25278112841,
    -43.51284357472));
#6256 = CARTESIAN_POINT('',(111.15664044095,141.35992705989,
    -43.42739754564));
#6257 = CARTESIAN_POINT('',(111.58556643202,141.44351514586,
    -43.36073827145));
#6258 = CARTESIAN_POINT('',(112.01252727248,141.50421268691,
    -43.31233359769));
#6259 = CARTESIAN_POINT('',(112.43438105457,141.54315737604,
    -43.28127624447));
#6260 = CARTESIAN_POINT('',(112.84850945184,141.56181578366,
    -43.26639666091));
#6261 = CARTESIAN_POINT('',(113.25281177045,141.56181578366,
    -43.26639666091));
#6262 = ( BOUNDED_SURFACE() B_SPLINE_SURFACE(2,6,(
    (#6263,#6264,#6265,#6266,#6267,#6268,#6269,#6270,#6271,#6272,#6273
      ,#6274,#6275,#6276,#6277,#6278,#6279)
    ,(#6280,#6281,#6282,#6283,#6284,#6285,#6286,#6287,#6288,#6289,#6290
      ,#6291,#6292,#6293,#6294,#6295,#6296)
    ,(#6297,#6298,#6299,#6300,#6301,#6302,#6303,#6304,#6305,#6306,#6307
      ,#6308,#6309,#6310,#6311,#6312,#6313
)),.UNSPECIFIED.,.F.,.F.,.F.) B_SPLINE_SURFACE_WITH_KNOTS((3,3),(7,5,5,7
    ),(0.,146.60956066178),(-9.00042291895,-5.474960499524E-02,
    146.55481105679,155.50048437074),.UNSPECIFIED.) 
GEOMETRIC_REPRESENTATION_ITEM() RATIONAL_B_SPLINE_SURFACE((
    (1.,1.,1.,1.,1.,1.,1.,1.,1.,1.,1.,1.,1.,1.,1.,1.,1.)
    ,(0.706990803572,0.706990803572,0.706990803572,0.706990803572
      ,0.706990803572,0.706990803572,0.706990803572,0.706990803572
      ,0.706990803572,0.706990803572,0.706990803572,0.706990803572
      ,0.706990803572,0.706990803572,0.706990803572,0.706990803572
      ,0.706990803572)
    ,(1.,1.,1.,1.,1.,1.,1.,1.,1.,1.,1.,1.,1.,1.,1.,1.,1.
))) REPRESENTATION_ITEM('') SURFACE() );
#6263 = CARTESIAN_POINT('',(106.31419941632,44.24854490541,
    77.858532340308));
#6264 = CARTESIAN_POINT('',(106.30399941632,45.12122315049,
    76.649711724764));
#6265 = CARTESIAN_POINT('',(106.29379941632,45.993901395569,
    75.44089110922));
#6266 = CARTESIAN_POINT('',(106.28359941632,46.866579640649,
    74.232070493676));
#6267 = CARTESIAN_POINT('',(106.27339941632,47.739257885729,
    73.023249878132));
#6268 = CARTESIAN_POINT('',(106.26319941632,48.611936130809,
    71.814429262588));
#6269 = CARTESIAN_POINT('',(106.08583284693,63.786832847322,
    50.794393421089));
#6270 = CARTESIAN_POINT('',(105.91866627754,78.089051318755,
    30.983178195136));
#6271 = CARTESIAN_POINT('',(105.75149970816,92.39126979019,
    11.171962969179));
#6272 = CARTESIAN_POINT('',(105.58433313877,106.69348826162,
    -8.639252256774));
#6273 = CARTESIAN_POINT('',(105.41716656938,120.99570673305,
    -28.45046748272));
#6274 = CARTESIAN_POINT('',(105.2398,136.17060344956,-49.47050332422));
#6275 = CARTESIAN_POINT('',(105.2296,137.04328169464,-50.67932393977));
#6276 = CARTESIAN_POINT('',(105.2194,137.91595993972,-51.88814455531));
#6277 = CARTESIAN_POINT('',(105.2092,138.7886381848,-53.09696517086));
#6278 = CARTESIAN_POINT('',(105.199,139.66131642988,-54.3057857864));
#6279 = CARTESIAN_POINT('',(105.1888,140.53399467496,-55.51460640194));
#6280 = CARTESIAN_POINT('',(106.31157455825,50.737009653943,
    82.542741668602));
#6281 = CARTESIAN_POINT('',(106.30137455825,51.609687899023,
    81.333921053057));
#6282 = CARTESIAN_POINT('',(106.29117455825,52.482366144103,
    80.125100437513));
#6283 = CARTESIAN_POINT('',(106.28097455825,53.355044389183,
    78.916279821969));
#6284 = CARTESIAN_POINT('',(106.27077455825,54.227722634262,
    77.707459206425));
#6285 = CARTESIAN_POINT('',(106.26057455825,55.100400879342,
    76.498638590881));
#6286 = CARTESIAN_POINT('',(106.08320798887,70.275297595856,
    55.478602749382));
#6287 = CARTESIAN_POINT('',(105.91604141948,84.577516067289,
    35.667387523428));
#6288 = CARTESIAN_POINT('',(105.74887485009,98.879734538723,
    15.856172297473));
#6289 = CARTESIAN_POINT('',(105.58170828071,113.18195301015,
    -3.955042928482));
#6290 = CARTESIAN_POINT('',(105.41454171132,127.48417148158,
    -23.76625815443));
#6291 = CARTESIAN_POINT('',(105.23717514193,142.6590681981,
    -44.78629399593));
#6292 = CARTESIAN_POINT('',(105.22697514193,143.53174644318,
    -45.99511461147));
#6293 = CARTESIAN_POINT('',(105.21677514193,144.40442468826,
    -47.20393522702));
#6294 = CARTESIAN_POINT('',(105.20657514193,145.27710293334,
    -48.41275584256));
#6295 = CARTESIAN_POINT('',(105.19637514193,146.14978117842,
    -49.62157645811));
#6296 = CARTESIAN_POINT('',(105.18617514193,147.0224594235,
    -50.83039707365));
#6297 = CARTESIAN_POINT('',(114.31401177045,50.76905561909,
    82.498352085691));
#6298 = CARTESIAN_POINT('',(114.30381177045,51.64173386417,
    81.289531470146));
#6299 = CARTESIAN_POINT('',(114.29361177045,52.51441210925,
    80.080710854602));
#6300 = CARTESIAN_POINT('',(114.28341177045,53.38709035433,
    78.871890239058));
#6301 = CARTESIAN_POINT('',(114.27321177045,54.259768599409,
    77.663069623514));
#6302 = CARTESIAN_POINT('',(114.26301177045,55.132446844489,
    76.45424900797));
#6303 = CARTESIAN_POINT('',(114.08564520107,70.307343561003,
    55.434213166471));
#6304 = CARTESIAN_POINT('',(113.91847863168,84.609562032435,
    35.622997940517));
#6305 = CARTESIAN_POINT('',(113.75131206229,98.91178050387,
    15.811782714561));
#6306 = CARTESIAN_POINT('',(113.5841454929,113.2139989753,
    -3.999432511392));
#6307 = CARTESIAN_POINT('',(113.41697892352,127.51621744673,
    -23.81064773734));
#6308 = CARTESIAN_POINT('',(113.23961235413,142.69111416324,
    -44.83068357884));
#6309 = CARTESIAN_POINT('',(113.22941235413,143.56379240832,
    -46.03950419439));
#6310 = CARTESIAN_POINT('',(113.21921235413,144.4364706534,
    -47.24832480993));
#6311 = CARTESIAN_POINT('',(113.20901235413,145.30914889848,
    -48.45714542547));
#6312 = CARTESIAN_POINT('',(113.19881235413,146.18182714356,
    -49.66596604102));
#6313 = CARTESIAN_POINT('',(113.18861235413,147.05450538864,
    -50.87478665656));
#6314 = ADVANCED_FACE('',(#6315),#6455,.T.);
#6315 = FACE_BOUND('',#6316,.F.);
#6316 = EDGE_LOOP('',(#6317,#6325,#6326,#6336,#6453,#6454));
#6317 = ORIENTED_EDGE('',*,*,#6318,.F.);
#6318 = EDGE_CURVE('',#4980,#6094,#6319,.T.);
#6319 = B_SPLINE_CURVE_WITH_KNOTS('',4,(#6320,#6321,#6322,#6323,#6324),
  .UNSPECIFIED.,.F.,.F.,(5,5),(0.,1.),.PIECEWISE_BEZIER_KNOTS.);
#6320 = CARTESIAN_POINT('',(114.25,61.728387145976,67.317652948324));
#6321 = CARTESIAN_POINT('',(114.23397933368,61.728387145976,
    67.317652948324));
#6322 = CARTESIAN_POINT('',(114.21795881882,61.728361033325,
    67.31768911917));
#6323 = CARTESIAN_POINT('',(114.20193854914,61.728308809132,
    67.317761459326));
#6324 = CARTESIAN_POINT('',(114.18591861842,61.728230473809,
    67.317869968224));
#6325 = ORIENTED_EDGE('',*,*,#4989,.T.);
#6326 = ORIENTED_EDGE('',*,*,#6327,.F.);
#6327 = EDGE_CURVE('',#6328,#4990,#6330,.T.);
#6328 = VERTEX_POINT('',#6329);
#6329 = CARTESIAN_POINT('',(114.18591921838,75.766312602188,
    96.468247864488));
#6330 = B_SPLINE_CURVE_WITH_KNOTS('',4,(#6331,#6332,#6333,#6334,#6335),
  .UNSPECIFIED.,.F.,.F.,(5,5),(0.,1.),.PIECEWISE_BEZIER_KNOTS.);
#6331 = CARTESIAN_POINT('',(114.18591861842,75.766312597182,
    96.468247864248));
#6332 = CARTESIAN_POINT('',(114.20193854909,75.76644627413,
    96.468254273417));
#6333 = CARTESIAN_POINT('',(114.21795881886,75.766535393192,
    96.468258546249));
#6334 = CARTESIAN_POINT('',(114.23397933358,75.766579953671,
    96.46826068271));
#6335 = CARTESIAN_POINT('',(114.25,75.766579953671,96.46826068271));
#6336 = ORIENTED_EDGE('',*,*,#6337,.T.);
#6337 = EDGE_CURVE('',#6328,#2680,#6338,.T.);
#6338 = B_SPLINE_CURVE_WITH_KNOTS('',8,(#6339,#6340,#6341,#6342,#6343,
    #6344,#6345,#6346,#6347,#6348,#6349,#6350,#6351,#6352,#6353,#6354,
    #6355,#6356,#6357,#6358,#6359,#6360,#6361,#6362,#6363,#6364,#6365,
    #6366,#6367,#6368,#6369,#6370,#6371,#6372,#6373,#6374,#6375,#6376,
    #6377,#6378,#6379,#6380,#6381,#6382,#6383,#6384,#6385,#6386,#6387,
    #6388,#6389,#6390,#6391,#6392,#6393,#6394,#6395,#6396,#6397,#6398,
    #6399,#6400,#6401,#6402,#6403,#6404,#6405,#6406,#6407,#6408,#6409,
    #6410,#6411,#6412,#6413,#6414,#6415,#6416,#6417,#6418,#6419,#6420,
    #6421,#6422,#6423,#6424,#6425,#6426,#6427,#6428,#6429,#6430,#6431,
    #6432,#6433,#6434,#6435,#6436,#6437,#6438,#6439,#6440,#6441,#6442,
    #6443,#6444,#6445,#6446,#6447,#6448,#6449,#6450,#6451,#6452),
  .UNSPECIFIED.,.F.,.F.,(9,7,7,7,7,7,7,7,7,7,7,7,7,7,7,7,9),(0.,
    0.106991883795,0.214175378111,0.319846282916,0.422847325799,
    0.52449744428,0.626023471327,0.728515848075,0.832679324343,
    0.890287816523,0.946887875191,0.970772527995,0.984448479132,
    0.992164730063,0.996269955091,0.998520299417,1.),.UNSPECIFIED.);
#6339 = CARTESIAN_POINT('',(114.18591921838,75.766312602188,
    96.468247864488));
#6340 = CARTESIAN_POINT('',(114.04168504442,75.765109063673,
    96.468190160587));
#6341 = CARTESIAN_POINT('',(113.89624218491,75.76153572297,
    96.470994383356));
#6342 = CARTESIAN_POINT('',(113.74968044809,75.755522655663,
    96.476745536366));
#6343 = CARTESIAN_POINT('',(113.60209705115,75.747002011088,
    96.485525660418));
#6344 = CARTESIAN_POINT('',(113.4535964203,75.735908606111,
    96.49741304359));
#6345 = CARTESIAN_POINT('',(113.30428999071,75.722180518898,
    96.512481431287));
#6346 = CARTESIAN_POINT('',(113.1542960066,75.705759682683,
    96.530799236296));
#6347 = CARTESIAN_POINT('',(112.85291300556,75.667390950089,
    96.574096997405));
#6348 = CARTESIAN_POINT('',(112.7015219513,75.645433216255,
    96.599088813431));
#6349 = CARTESIAN_POINT('',(112.54969149314,75.620665356275,
    96.627466855899));
#6350 = CARTESIAN_POINT('',(112.39755360384,75.593037979823,
    96.659287544657));
#6351 = CARTESIAN_POINT('',(112.24524626169,75.56250679265,
    96.694600335923));
#6352 = CARTESIAN_POINT('',(112.092912818,75.529033161214,
    96.733446997803));
#6353 = CARTESIAN_POINT('',(111.94070136457,75.492584677318,
    96.775860885808));
#6354 = CARTESIAN_POINT('',(111.63897099927,75.414243477713,
    96.867222316798));
#6355 = CARTESIAN_POINT('',(111.48944435389,75.372434851688,
    96.916069206558));
#6356 = CARTESIAN_POINT('',(111.34032985426,75.327685200054,
    96.968430236898));
#6357 = CARTESIAN_POINT('',(111.19177697159,75.279976334523,
    97.02432007007));
#6358 = CARTESIAN_POINT('',(111.04393802047,75.229296843107,
    97.083744309595));
#6359 = CARTESIAN_POINT('',(110.89696722017,75.175642410093,
    97.146699128535));
#6360 = CARTESIAN_POINT('',(110.75101975587,75.119016136017,
    97.213170897764));
#6361 = CARTESIAN_POINT('',(110.46513962943,75.001347100628,
    97.351333009805));
#6362 = CARTESIAN_POINT('',(110.32514810588,74.940452061203,
    97.422849084943));
#6363 = CARTESIAN_POINT('',(110.18641995373,74.876753624201,
    97.497662196352));
#6364 = CARTESIAN_POINT('',(110.04909874593,74.810268662996,
    97.575741321354));
#6365 = CARTESIAN_POINT('',(109.9133269976,74.741021007262,
    97.657046348586));
#6366 = CARTESIAN_POINT('',(109.77924521946,74.669041410743,
    97.741528168699));
#6367 = CARTESIAN_POINT('',(109.64699097138,74.594367519017,
    97.829128765061));
#6368 = CARTESIAN_POINT('',(109.38811373687,74.440734304945,
    98.009244877939));
#6369 = CARTESIAN_POINT('',(109.26143959357,74.361844015928,
    98.101680892182));
#6370 = CARTESIAN_POINT('',(109.13680401209,74.280415570209,
    98.197025304301));
#6371 = CARTESIAN_POINT('',(109.01433170081,74.196498057742,
    98.295205764251));
#6372 = CARTESIAN_POINT('',(108.89414279004,74.110146669594,
    98.396142099684));
#6373 = CARTESIAN_POINT('',(108.77635207164,74.021422309105,
    98.499746800809));
#6374 = CARTESIAN_POINT('',(108.6610682387,73.930391203039,
    98.60592550525));
#6375 = CARTESIAN_POINT('',(108.43585556208,73.743971679655,
    98.823096821474));
#6376 = CARTESIAN_POINT('',(108.32592032391,73.648588712641,
    98.934083429392));
#6377 = CARTESIAN_POINT('',(108.21868901724,73.551046289768,
    99.047437077935));
#6378 = CARTESIAN_POINT('',(108.11425634881,73.451420027632,
    99.163051289198));
#6379 = CARTESIAN_POINT('',(108.01270969412,73.349789663303,
    99.280814081351));
#6380 = CARTESIAN_POINT('',(107.91412866585,73.246238236261,
    99.400608713884));
#6381 = CARTESIAN_POINT('',(107.81858468246,73.140851270332,
    99.522314432861));
#6382 = CARTESIAN_POINT('',(107.63281648469,72.925560900633,
    99.770475434157));
#6383 = CARTESIAN_POINT('',(107.54265155461,72.815624163667,
    99.896964924408));
#6384 = CARTESIAN_POINT('',(107.45571054535,72.703994814287,
    100.02514810195));
#6385 = CARTESIAN_POINT('',(107.37204928051,72.590764156674,
    100.15489410058));
#6386 = CARTESIAN_POINT('',(107.29171458953,72.47602373053,
    100.28606956493));
#6387 = CARTESIAN_POINT('',(107.21474428905,72.359863311976,
    100.41853944244));
#6388 = CARTESIAN_POINT('',(107.14116716411,72.242368914456,
    100.55216777549));
#6389 = CARTESIAN_POINT('',(106.99969473386,72.002936521452,
    100.82366464036));
#6390 = CARTESIAN_POINT('',(106.93191167711,71.880956803953,
    100.96156672229));
#6391 = CARTESIAN_POINT('',(106.86767458328,71.757766575356,
    101.10038195996));
#6392 = CARTESIAN_POINT('',(106.80699483178,71.633439704253,
    101.2399671041));
#6393 = CARTESIAN_POINT('',(106.74987456149,71.508040986668,
    101.38017950408));
#6394 = CARTESIAN_POINT('',(106.69630703573,71.38161867078,
    101.52087754105));
#6395 = CARTESIAN_POINT('',(106.64627718822,71.254187509324,
    101.66192042545));
#6396 = CARTESIAN_POINT('',(106.57403692484,71.054642529092,
    101.881285171));
#6397 = CARTESIAN_POINT('',(106.54938665503,70.983260077058,
    101.95946536597));
#6398 = CARTESIAN_POINT('',(106.52580769997,70.911547490652,
    102.03768414408));
#6399 = CARTESIAN_POINT('',(106.50329552609,70.839489698191,
    102.1159175746));
#6400 = CARTESIAN_POINT('',(106.48184493092,70.767064247864,
    102.19414164331));
#6401 = CARTESIAN_POINT('',(106.46145009881,70.694237391145,
    102.2723320551));
#6402 = CARTESIAN_POINT('',(106.44210468829,70.620956050954,
    102.3504637917));
#6403 = CARTESIAN_POINT('',(106.40581960196,70.474607519887,
    102.50519085551));
#6404 = CARTESIAN_POINT('',(106.38884382876,70.40155898798,
    102.58178875435));
#6405 = CARTESIAN_POINT('',(106.37286812478,70.327910572031,
    102.65827946868));
#6406 = CARTESIAN_POINT('',(106.35788576237,70.253543317115,
    102.73463617844));
#6407 = CARTESIAN_POINT('',(106.3438896873,70.178312602457,
    102.81083075644));
#6408 = CARTESIAN_POINT('',(106.33087322151,70.101954429637,
    102.8868281876));
#6409 = CARTESIAN_POINT('',(106.31882964994,70.024140023106,
    102.96258986752));
#6410 = CARTESIAN_POINT('',(106.30308211847,69.910256308689,
    103.06989113408));
#6411 = CARTESIAN_POINT('',(106.29858152189,69.876055751601,
    103.10167963028));
#6412 = CARTESIAN_POINT('',(106.29425327473,69.841388001355,
    103.13340892522));
#6413 = CARTESIAN_POINT('',(106.29009719208,69.806177900303,
    103.16507313914));
#6414 = CARTESIAN_POINT('',(106.28611331036,69.770322128831,
    103.19666450084));
#6415 = CARTESIAN_POINT('',(106.2823018875,69.733687947655,
    103.22817327559));
#6416 = CARTESIAN_POINT('',(106.27866357217,69.696089685845,
    103.25958633158));
#6417 = CARTESIAN_POINT('',(106.27321685402,69.634942157343,
    103.30880150491));
#6418 = CARTESIAN_POINT('',(106.27129102725,69.612257386092,
    103.32668205792));
#6419 = CARTESIAN_POINT('',(106.26942282603,69.589089826669,
    103.34451992182));
#6420 = CARTESIAN_POINT('',(106.26761265568,69.565366374232,
    103.36231026668));
#6421 = CARTESIAN_POINT('',(106.26586116773,69.540986340534,
    103.38004618139));
#6422 = CARTESIAN_POINT('',(106.2641692491,69.515821639851,
    103.39771869297));
#6423 = CARTESIAN_POINT('',(106.26253819206,69.489693967682,
    103.41531531377));
#6424 = CARTESIAN_POINT('',(106.26008575739,69.446826945872,
    103.44268798223));
#6425 = CARTESIAN_POINT('',(106.25922134316,69.430959347501,
    103.45252972404));
#6426 = CARTESIAN_POINT('',(106.25837750337,69.414627579238,
    103.46233634277));
#6427 = CARTESIAN_POINT('',(106.25755474782,69.397763789796,
    103.47210328208));
#6428 = CARTESIAN_POINT('',(106.25675386161,69.380272287097,
    103.4818235341));
#6429 = CARTESIAN_POINT('',(106.25597587249,69.362032403259,
    103.49148785039));
#6430 = CARTESIAN_POINT('',(106.25522223043,69.342875627475,
    103.50108318076));
#6431 = CARTESIAN_POINT('',(106.25410900998,69.311643676795,
    103.51564175926));
#6432 = CARTESIAN_POINT('',(106.25373014023,69.300452046508,
    103.52067036875));
#6433 = CARTESIAN_POINT('',(106.25335934272,69.288864568635,
    103.52566892132));
#6434 = CARTESIAN_POINT('',(106.25299708983,69.276824794558,
    103.53063329254));
#6435 = CARTESIAN_POINT('',(106.25264412498,69.264252452603,
    103.5355567621));
#6436 = CARTESIAN_POINT('',(106.25230141959,69.251047462557,
    103.5404303452));
#6437 = CARTESIAN_POINT('',(106.25197033847,69.237070456376,
    103.54524131197));
#6438 = CARTESIAN_POINT('',(106.25147969634,69.213823784314,
    103.55255645143));
#6439 = CARTESIAN_POINT('',(106.25131033788,69.205286191235,
    103.55511908587));
#6440 = CARTESIAN_POINT('',(106.25114568729,69.196392278292,
    103.55765158608));
#6441 = CARTESIAN_POINT('',(106.25098621594,69.187089433697,
    103.56014975174));
#6442 = CARTESIAN_POINT('',(106.25083275249,69.177300108695,
    103.56260564097));
#6443 = CARTESIAN_POINT('',(106.25068638336,69.166930734107,
    103.56500845755));
#6444 = CARTESIAN_POINT('',(106.25054863863,69.155852006836,
    103.56734280501));
#6445 = CARTESIAN_POINT('',(106.2503396865,69.135860185052,
    103.57104870185));
#6446 = CARTESIAN_POINT('',(106.25026258383,69.127573018799,
    103.57246323318));
#6447 = CARTESIAN_POINT('',(106.25019121926,69.118802661343,
    103.57382801492));
#6448 = CARTESIAN_POINT('',(106.25012688039,69.109400316038,
    103.5751319889));
#6449 = CARTESIAN_POINT('',(106.25007086558,69.09926675068,
    103.57636176545));
#6450 = CARTESIAN_POINT('',(106.25002745784,69.088162270577,
    103.57746907634));
#6451 = CARTESIAN_POINT('',(106.25,69.07596606866,103.57841249233));
#6452 = CARTESIAN_POINT('',(106.25,69.06201689337,103.57906209544));
#6453 = ORIENTED_EDGE('',*,*,#2679,.F.);
#6454 = ORIENTED_EDGE('',*,*,#6093,.F.);
#6455 = TOROIDAL_SURFACE('',#6456,70.,8.);
#6456 = AXIS2_PLACEMENT_3D('',#6457,#6458,#6459);
#6457 = CARTESIAN_POINT('',(114.25,0.,115.));
#6458 = DIRECTION('',(-1.,-0.,2.22044604925E-16));
#6459 = DIRECTION('',(-2.22044604925E-16,0.,-1.));
#6460 = ADVANCED_FACE('',(#6461),#6538,.F.);
#6461 = FACE_BOUND('',#6462,.F.);
#6462 = EDGE_LOOP('',(#6463,#6485,#6486,#6487,#6509));
#6463 = ORIENTED_EDGE('',*,*,#6464,.F.);
#6464 = EDGE_CURVE('',#2689,#6465,#6467,.T.);
#6465 = VERTEX_POINT('',#6466);
#6466 = CARTESIAN_POINT('',(105.25,212.,111.01181676568));
#6467 = B_SPLINE_CURVE_WITH_KNOTS('',6,(#6468,#6469,#6470,#6471,#6472,
    #6473,#6474,#6475,#6476,#6477,#6478,#6479,#6480,#6481,#6482,#6483,
    #6484),.UNSPECIFIED.,.F.,.F.,(7,5,5,7),(-9.000422918949,
    -5.474960499488E-02,146.55481105679,155.50048437074),.UNSPECIFIED.);
#6468 = CARTESIAN_POINT('',(106.31419941632,56.626885217026,
    103.56242085143));
#6469 = CARTESIAN_POINT('',(106.30399941632,58.116085217026,
    103.63382085143));
#6470 = CARTESIAN_POINT('',(106.29379941632,59.605285217026,
    103.70522085143));
#6471 = CARTESIAN_POINT('',(106.28359941632,61.094485217026,
    103.77662085143));
#6472 = CARTESIAN_POINT('',(106.27339941632,62.583685217026,
    103.84802085143));
#6473 = CARTESIAN_POINT('',(106.26319941632,64.072885217026,
    103.91942085143));
#6474 = CARTESIAN_POINT('',(106.08583284693,89.968404347522,
    105.16098683714));
#6475 = CARTESIAN_POINT('',(105.91866627754,114.37472347801,
    106.33115282285));
#6476 = CARTESIAN_POINT('',(105.75149970816,138.78104260851,
    107.50131880856));
#6477 = CARTESIAN_POINT('',(105.58433313877,163.187361739,
    108.67148479426));
#6478 = CARTESIAN_POINT('',(105.41716656938,187.5936808695,
    109.84165077997));
#6479 = CARTESIAN_POINT('',(105.2398,213.4892,111.08321676568));
#6480 = CARTESIAN_POINT('',(105.2296,214.9784,111.15461676568));
#6481 = CARTESIAN_POINT('',(105.2194,216.4676,111.22601676568));
#6482 = CARTESIAN_POINT('',(105.2092,217.9568,111.29741676568));
#6483 = CARTESIAN_POINT('',(105.199,219.446,111.36881676568));
#6484 = CARTESIAN_POINT('',(105.1888,220.9352,111.44021676568));
#6485 = ORIENTED_EDGE('',*,*,#2688,.F.);
#6486 = ORIENTED_EDGE('',*,*,#6337,.F.);
#6487 = ORIENTED_EDGE('',*,*,#6488,.T.);
#6488 = EDGE_CURVE('',#6328,#6489,#6491,.T.);
#6489 = VERTEX_POINT('',#6490);
#6490 = CARTESIAN_POINT('',(113.25281177045,212.,103.));
#6491 = B_SPLINE_CURVE_WITH_KNOTS('',6,(#6492,#6493,#6494,#6495,#6496,
    #6497,#6498,#6499,#6500,#6501,#6502,#6503,#6504,#6505,#6506,#6507,
    #6508),.UNSPECIFIED.,.F.,.F.,(7,5,5,7),(-9.000422918949,
    -5.474960499488E-02,146.55481105679,155.50048437074),.UNSPECIFIED.);
#6492 = CARTESIAN_POINT('',(114.31401177045,57.0648,95.5716));
#6493 = CARTESIAN_POINT('',(114.30381177045,58.554,95.643));
#6494 = CARTESIAN_POINT('',(114.29361177045,60.0432,95.7144));
#6495 = CARTESIAN_POINT('',(114.28341177045,61.5324,95.7858));
#6496 = CARTESIAN_POINT('',(114.27321177045,63.0216,95.8572));
#6497 = CARTESIAN_POINT('',(114.26301177045,64.5108,95.9286));
#6498 = CARTESIAN_POINT('',(114.08564520106,90.406319130496,
    97.170165985709));
#6499 = CARTESIAN_POINT('',(113.91847863168,114.81263826099,
    98.340331971417));
#6500 = CARTESIAN_POINT('',(113.75131206229,139.21895739148,
    99.510497957126));
#6501 = CARTESIAN_POINT('',(113.5841454929,163.62527652198,
    100.68066394283));
#6502 = CARTESIAN_POINT('',(113.41697892352,188.03159565247,
    101.85082992854));
#6503 = CARTESIAN_POINT('',(113.23961235413,213.92711478297,
    103.09239591425));
#6504 = CARTESIAN_POINT('',(113.22941235413,215.41631478297,
    103.16379591425));
#6505 = CARTESIAN_POINT('',(113.21921235413,216.90551478297,
    103.23519591425));
#6506 = CARTESIAN_POINT('',(113.20901235413,218.39471478297,
    103.30659591425));
#6507 = CARTESIAN_POINT('',(113.19881235413,219.88391478297,
    103.37799591425));
#6508 = CARTESIAN_POINT('',(113.18861235413,221.37311478297,
    103.44939591425));
#6509 = ORIENTED_EDGE('',*,*,#6510,.F.);
#6510 = EDGE_CURVE('',#6465,#6489,#6511,.T.);
#6511 = B_SPLINE_CURVE_WITH_KNOTS('',7,(#6512,#6513,#6514,#6515,#6516,
    #6517,#6518,#6519,#6520,#6521,#6522,#6523,#6524,#6525,#6526,#6527,
    #6528,#6529,#6530,#6531,#6532,#6533,#6534,#6535,#6536,#6537),
  .UNSPECIFIED.,.F.,.F.,(8,6,6,6,8),(0.,0.249928743901,0.500002573609,
    0.75007469467,1.),.UNSPECIFIED.);
#6512 = CARTESIAN_POINT('',(105.25,212.,111.01181676568));
#6513 = CARTESIAN_POINT('',(105.25,212.,110.60705934294));
#6514 = CARTESIAN_POINT('',(105.27383819558,212.,110.19246504696));
#6515 = CARTESIAN_POINT('',(105.32359432234,212.,109.77013685717));
#6516 = CARTESIAN_POINT('',(105.40114205148,212.,109.34269591447));
#6517 = CARTESIAN_POINT('',(105.50793494098,212.,108.91328747806));
#6518 = CARTESIAN_POINT('',(105.64482565966,212.,108.48546562857));
#6519 = CARTESIAN_POINT('',(105.9791083073,212.,107.64020253563));
#6520 = CARTESIAN_POINT('',(106.17653673397,212.,107.22276612399));
#6521 = CARTESIAN_POINT('',(106.40431197659,212.,106.8143819501));
#6522 = CARTESIAN_POINT('',(106.66181077775,212.,106.4189551331));
#6523 = CARTESIAN_POINT('',(106.94756177427,212.,106.04033472828));
#6524 = CARTESIAN_POINT('',(107.25928974598,212.,105.68198181158));
#6525 = CARTESIAN_POINT('',(107.9289651319,212.,105.01155289423));
#6526 = CARTESIAN_POINT('',(108.28691352627,212.,104.69947528004));
#6527 = CARTESIAN_POINT('',(108.66510742328,212.,104.41340286771));
#6528 = CARTESIAN_POINT('',(109.06008979759,212.,104.1556137246));
#6529 = CARTESIAN_POINT('',(109.46801591371,212.,103.92758121746));
#6530 = CARTESIAN_POINT('',(109.88498488427,212.,103.72992960091));
#6531 = CARTESIAN_POINT('',(110.72929958832,212.,103.39527016011));
#6532 = CARTESIAN_POINT('',(111.15664044095,212.,103.25822536992));
#6533 = CARTESIAN_POINT('',(111.58556643202,212.,103.15131219509));
#6534 = CARTESIAN_POINT('',(112.01252727248,212.,103.07367712613));
#6535 = CARTESIAN_POINT('',(112.43438105457,212.,103.02386499909));
#6536 = CARTESIAN_POINT('',(112.84850945184,212.,103.));
#6537 = CARTESIAN_POINT('',(113.25281177045,212.,103.));
#6538 = ( BOUNDED_SURFACE() B_SPLINE_SURFACE(2,6,(
    (#6539,#6540,#6541,#6542,#6543,#6544,#6545,#6546,#6547,#6548,#6549
      ,#6550,#6551,#6552,#6553,#6554,#6555)
    ,(#6556,#6557,#6558,#6559,#6560,#6561,#6562,#6563,#6564,#6565,#6566
      ,#6567,#6568,#6569,#6570,#6571,#6572)
    ,(#6573,#6574,#6575,#6576,#6577,#6578,#6579,#6580,#6581,#6582,#6583
      ,#6584,#6585,#6586,#6587,#6588,#6589
)),.UNSPECIFIED.,.F.,.F.,.F.) B_SPLINE_SURFACE_WITH_KNOTS((3,3),(7,5,5,7
    ),(0.,146.60956066178),(-9.000422918949,-5.474960499488E-02,
    146.55481105679,155.50048437074),.UNSPECIFIED.) 
GEOMETRIC_REPRESENTATION_ITEM() RATIONAL_B_SPLINE_SURFACE((
    (1.,1.,1.,1.,1.,1.,1.,1.,1.,1.,1.,1.,1.,1.,1.,1.,1.)
    ,(0.706990803572,0.706990803572,0.706990803572,0.706990803572
      ,0.706990803572,0.706990803572,0.706990803572,0.706990803572
      ,0.706990803572,0.706990803572,0.706990803572,0.706990803572
      ,0.706990803572,0.706990803572,0.706990803572,0.706990803572
      ,0.706990803572)
    ,(1.,1.,1.,1.,1.,1.,1.,1.,1.,1.,1.,1.,1.,1.,1.,1.,1.
))) REPRESENTATION_ITEM('') SURFACE() );
#6539 = CARTESIAN_POINT('',(106.31419941632,56.626885217026,
    103.56242085143));
#6540 = CARTESIAN_POINT('',(106.30399941632,58.116085217026,
    103.63382085143));
#6541 = CARTESIAN_POINT('',(106.29379941632,59.605285217026,
    103.70522085143));
#6542 = CARTESIAN_POINT('',(106.28359941632,61.094485217026,
    103.77662085143));
#6543 = CARTESIAN_POINT('',(106.27339941632,62.583685217026,
    103.84802085143));
#6544 = CARTESIAN_POINT('',(106.26319941632,64.072885217026,
    103.91942085143));
#6545 = CARTESIAN_POINT('',(106.08583284693,89.968404347522,
    105.16098683714));
#6546 = CARTESIAN_POINT('',(105.91866627754,114.37472347801,
    106.33115282285));
#6547 = CARTESIAN_POINT('',(105.75149970816,138.78104260851,
    107.50131880856));
#6548 = CARTESIAN_POINT('',(105.58433313877,163.187361739,
    108.67148479426));
#6549 = CARTESIAN_POINT('',(105.41716656938,187.5936808695,
    109.84165077997));
#6550 = CARTESIAN_POINT('',(105.2398,213.4892,111.08321676568));
#6551 = CARTESIAN_POINT('',(105.2296,214.9784,111.15461676568));
#6552 = CARTESIAN_POINT('',(105.2194,216.4676,111.22601676568));
#6553 = CARTESIAN_POINT('',(105.2092,217.9568,111.29741676568));
#6554 = CARTESIAN_POINT('',(105.199,219.446,111.36881676568));
#6555 = CARTESIAN_POINT('',(105.1888,220.9352,111.44021676568));
#6556 = CARTESIAN_POINT('',(106.31157455825,57.010114494127,
    95.568978092184));
#6557 = CARTESIAN_POINT('',(106.30137455825,58.499314494127,
    95.640378092184));
#6558 = CARTESIAN_POINT('',(106.29117455825,59.988514494127,
    95.711778092184));
#6559 = CARTESIAN_POINT('',(106.28097455825,61.477714494127,
    95.783178092184));
#6560 = CARTESIAN_POINT('',(106.27077455825,62.966914494127,
    95.854578092184));
#6561 = CARTESIAN_POINT('',(106.26057455825,64.456114494127,
    95.925978092184));
#6562 = CARTESIAN_POINT('',(106.08320798887,90.351633624622,
    97.167544077893));
#6563 = CARTESIAN_POINT('',(105.91604141948,114.75795275511,
    98.337710063602));
#6564 = CARTESIAN_POINT('',(105.74887485009,139.16427188561,
    99.50787604931));
#6565 = CARTESIAN_POINT('',(105.58170828071,163.5705910161,
    100.67804203501));
#6566 = CARTESIAN_POINT('',(105.41454171132,187.9769101466,
    101.84820802072));
#6567 = CARTESIAN_POINT('',(105.23717514193,213.8724292771,
    103.08977400643));
#6568 = CARTESIAN_POINT('',(105.22697514193,215.3616292771,
    103.16117400643));
#6569 = CARTESIAN_POINT('',(105.21677514193,216.8508292771,
    103.23257400643));
#6570 = CARTESIAN_POINT('',(105.20657514193,218.3400292771,
    103.30397400643));
#6571 = CARTESIAN_POINT('',(105.19637514193,219.8292292771,
    103.37537400643));
#6572 = CARTESIAN_POINT('',(105.18617514193,221.3184292771,
    103.44677400643));
#6573 = CARTESIAN_POINT('',(114.31401177045,57.0648,95.5716));
#6574 = CARTESIAN_POINT('',(114.30381177045,58.554,95.643));
#6575 = CARTESIAN_POINT('',(114.29361177045,60.0432,95.7144));
#6576 = CARTESIAN_POINT('',(114.28341177045,61.5324,95.7858));
#6577 = CARTESIAN_POINT('',(114.27321177045,63.0216,95.8572));
#6578 = CARTESIAN_POINT('',(114.26301177045,64.5108,95.9286));
#6579 = CARTESIAN_POINT('',(114.08564520106,90.406319130496,
    97.170165985709));
#6580 = CARTESIAN_POINT('',(113.91847863168,114.81263826099,
    98.340331971417));
#6581 = CARTESIAN_POINT('',(113.75131206229,139.21895739148,
    99.510497957126));
#6582 = CARTESIAN_POINT('',(113.5841454929,163.62527652198,
    100.68066394283));
#6583 = CARTESIAN_POINT('',(113.41697892352,188.03159565247,
    101.85082992854));
#6584 = CARTESIAN_POINT('',(113.23961235413,213.92711478297,
    103.09239591425));
#6585 = CARTESIAN_POINT('',(113.22941235413,215.41631478297,
    103.16379591425));
#6586 = CARTESIAN_POINT('',(113.21921235413,216.90551478297,
    103.23519591425));
#6587 = CARTESIAN_POINT('',(113.20901235413,218.39471478297,
    103.30659591425));
#6588 = CARTESIAN_POINT('',(113.19881235413,219.88391478297,
    103.37799591425));
#6589 = CARTESIAN_POINT('',(113.18861235413,221.37311478297,
    103.44939591425));
#6590 = ADVANCED_FACE('',(#6591),#6735,.F.);
#6591 = FACE_BOUND('',#6592,.F.);
#6592 = EDGE_LOOP('',(#6593,#6594,#6595,#6714,#6734));
#6593 = ORIENTED_EDGE('',*,*,#5520,.F.);
#6594 = ORIENTED_EDGE('',*,*,#3002,.F.);
#6595 = ORIENTED_EDGE('',*,*,#6596,.F.);
#6596 = EDGE_CURVE('',#6597,#2994,#6599,.T.);
#6597 = VERTEX_POINT('',#6598);
#6598 = CARTESIAN_POINT('',(114.18591921838,-76.30371479929,
    98.822760730793));
#6599 = B_SPLINE_CURVE_WITH_KNOTS('',8,(#6600,#6601,#6602,#6603,#6604,
    #6605,#6606,#6607,#6608,#6609,#6610,#6611,#6612,#6613,#6614,#6615,
    #6616,#6617,#6618,#6619,#6620,#6621,#6622,#6623,#6624,#6625,#6626,
    #6627,#6628,#6629,#6630,#6631,#6632,#6633,#6634,#6635,#6636,#6637,
    #6638,#6639,#6640,#6641,#6642,#6643,#6644,#6645,#6646,#6647,#6648,
    #6649,#6650,#6651,#6652,#6653,#6654,#6655,#6656,#6657,#6658,#6659,
    #6660,#6661,#6662,#6663,#6664,#6665,#6666,#6667,#6668,#6669,#6670,
    #6671,#6672,#6673,#6674,#6675,#6676,#6677,#6678,#6679,#6680,#6681,
    #6682,#6683,#6684,#6685,#6686,#6687,#6688,#6689,#6690,#6691,#6692,
    #6693,#6694,#6695,#6696,#6697,#6698,#6699,#6700,#6701,#6702,#6703,
    #6704,#6705,#6706,#6707,#6708,#6709,#6710,#6711,#6712,#6713),
  .UNSPECIFIED.,.F.,.F.,(9,7,7,7,7,7,7,7,7,7,7,7,7,7,7,7,9),(0.,
    0.106991883795,0.214175378111,0.319846282916,0.422847325798,
    0.52449744428,0.626023471326,0.728515848074,0.832679324342,
    0.890287816522,0.946887875191,0.970772527995,0.984448479132,
    0.992164730063,0.996269955091,0.998520299417,1.),.UNSPECIFIED.);
#6600 = CARTESIAN_POINT('',(114.18591921838,-76.30371479929,
    98.822760730793));
#6601 = CARTESIAN_POINT('',(114.04168504442,-76.30265548534,
    98.823334916003));
#6602 = CARTESIAN_POINT('',(113.89624218491,-76.29821930995,
    98.822358813015));
#6603 = CARTESIAN_POINT('',(113.74968044809,-76.29030639173,
    98.819786175325));
#6604 = CARTESIAN_POINT('',(113.60209705115,-76.27882000318,
    98.815572526025));
#6605 = CARTESIAN_POINT('',(113.4535964203,-76.2636674484,
    98.809675611898));
#6606 = CARTESIAN_POINT('',(113.30428999071,-76.24476094081,
    98.802055857504));
#6607 = CARTESIAN_POINT('',(113.1542960066,-76.22201848086,
    98.792676819279));
#6608 = CARTESIAN_POINT('',(112.85291300556,-76.16866325281,
    98.770314453633));
#6609 = CARTESIAN_POINT('',(112.7015219513,-76.13803647563,98.7573247091
    ));
#6610 = CARTESIAN_POINT('',(112.54969149314,-76.10340863369,
    98.742503348002));
#6611 = CARTESIAN_POINT('',(112.39755360384,-76.06471074819,
    98.725820967473));
#6612 = CARTESIAN_POINT('',(112.24524626169,-76.02188145313,
    98.707252227554));
#6613 = CARTESIAN_POINT('',(112.092912818,-75.9748678184,98.686776258948
    ));
#6614 = CARTESIAN_POINT('',(111.94070136457,-75.92362617281,
    98.664377070766));
#6615 = CARTESIAN_POINT('',(111.63897099927,-75.8134029516,
    98.616054238329));
#6616 = CARTESIAN_POINT('',(111.48944435389,-75.75454080997,
    98.590184794348));
#6617 = CARTESIAN_POINT('',(111.34032985426,-75.69150416737,
    98.562425282295));
#6618 = CARTESIAN_POINT('',(111.19177697159,-75.62427027501,
    98.532770383541));
#6619 = CARTESIAN_POINT('',(111.04393802047,-75.55282641976,
    98.501220000962));
#6620 = CARTESIAN_POINT('',(110.89696722016,-75.47717037376,
    98.467779455029));
#6621 = CARTESIAN_POINT('',(110.75101975587,-75.39731084393,
    98.432459679888));
#6622 = CARTESIAN_POINT('',(110.46513962943,-75.23134841255,
    98.359034599268));
#6623 = CARTESIAN_POINT('',(110.32514810588,-75.14545421573,
    98.321022209414));
#6624 = CARTESIAN_POINT('',(110.18641995373,-75.05560371455,
    98.281255641146));
#6625 = CARTESIAN_POINT('',(110.04909874593,-74.96182557161,
    98.239755523849));
#6626 = CARTESIAN_POINT('',(109.9133269976,-74.8641586604,
    98.196547657304));
#6627 = CARTESIAN_POINT('',(109.77924521946,-74.76265199681,
    98.151662943956));
#6628 = CARTESIAN_POINT('',(109.64699097138,-74.65736467082,
    98.105137321181));
#6629 = CARTESIAN_POINT('',(109.38811373687,-74.44079647534,
    98.009517264244));
#6630 = CARTESIAN_POINT('',(109.26143959357,-74.32961229746,
    97.960464506717));
#6631 = CARTESIAN_POINT('',(109.13680401209,-74.21487941288,
    97.909892638168));
#6632 = CARTESIAN_POINT('',(109.01433170081,-74.0966734416,
    97.857845544404));
#6633 = CARTESIAN_POINT('',(108.89414279004,-73.97507889455,
    97.804371511706));
#6634 = CARTESIAN_POINT('',(108.77635207164,-73.85018861281,
    97.749522958704));
#6635 = CARTESIAN_POINT('',(108.6610682387,-73.72210320693,
    97.693356168244));
#6636 = CARTESIAN_POINT('',(108.43585556208,-73.45991791728,
    97.578575973176));
#6637 = CARTESIAN_POINT('',(108.32592032391,-73.32582554904,
    97.519965613064));
#6638 = CARTESIAN_POINT('',(108.21868901724,-73.18876055786,
    97.460159575822));
#6639 = CARTESIAN_POINT('',(108.11425634881,-73.04883727097,
    97.399220985916));
#6640 = CARTESIAN_POINT('',(108.01270969412,-72.90617611609,
    97.337216138872));
#6641 = CARTESIAN_POINT('',(107.91412866585,-72.76090256101,
    97.274214184774));
#6642 = CARTESIAN_POINT('',(107.81858468246,-72.6131460532,
    97.210286811762));
#6643 = CARTESIAN_POINT('',(107.63281648469,-72.3115031094,
    97.080112465968));
#6644 = CARTESIAN_POINT('',(107.54265155461,-72.15757179896,
    97.013849135635));
#6645 = CARTESIAN_POINT('',(107.45571054535,-72.00138063406,
    96.946794242785));
#6646 = CARTESIAN_POINT('',(107.37204928051,-71.84306865764,
    96.879026078386));
#6647 = CARTESIAN_POINT('',(107.29171458953,-71.68277620484,
    96.810625073904));
#6648 = CARTESIAN_POINT('',(107.21474428905,-71.52064275827,
    96.741673955068));
#6649 = CARTESIAN_POINT('',(107.14116716411,-71.35680480315,
    96.672257895646));
#6650 = CARTESIAN_POINT('',(106.99969473386,-71.0232855962,
    96.531533494605));
#6651 = CARTESIAN_POINT('',(106.93191167711,-70.85355219728,
    96.460213027893));
#6652 = CARTESIAN_POINT('',(106.86767458328,-70.68233196212,
    96.388595057366));
#6653 = CARTESIAN_POINT('',(106.80699483178,-70.50975359754,
    96.316776595779));
#6654 = CARTESIAN_POINT('',(106.74987456149,-70.33593737655,
    96.244858052969));
#6655 = CARTESIAN_POINT('',(106.69630703573,-70.16098821536,
    96.172946089014));
#6656 = CARTESIAN_POINT('',(106.64627718822,-69.98498049203,
    96.101161149945));
#6657 = CARTESIAN_POINT('',(106.57403692484,-69.71001788107,
    95.990099665635));
#6658 = CARTESIAN_POINT('',(106.54938665503,-69.61178339875,
    95.950633429071));
#6659 = CARTESIAN_POINT('',(106.52580769997,-69.51323473504,
    95.91127567024));
#6660 = CARTESIAN_POINT('',(106.50329552609,-69.41436869399,
    95.872054489337));
#6661 = CARTESIAN_POINT('',(106.48184493092,-69.31517546658,
    95.833001263901));
#6662 = CARTESIAN_POINT('',(106.46145009881,-69.2156351877,
    95.794152526016));
#6663 = CARTESIAN_POINT('',(106.44210468829,-69.11571089157,
    95.755553845634));
#6664 = CARTESIAN_POINT('',(106.40581960196,-68.91672186423,
    95.679647825996));
#6665 = CARTESIAN_POINT('',(106.38884382876,-68.81767282837,
    95.642330073949));
#6666 = CARTESIAN_POINT('',(106.37286812478,-68.7181298213,
    95.605369171755));
#6667 = CARTESIAN_POINT('',(106.35788576237,-68.61799730508,
    95.568840896029));
#6668 = CARTESIAN_POINT('',(106.3438896873,-68.51715718487,
    95.532833337125));
#6669 = CARTESIAN_POINT('',(106.33087322151,-68.41538679875,
    95.497492587146));
#6670 = CARTESIAN_POINT('',(106.31882964994,-68.31240668002,
    95.462996077815));
#6671 = CARTESIAN_POINT('',(106.30308211847,-68.16324472403,95.415733269
    ));
#6672 = CARTESIAN_POINT('',(106.29858152189,-68.11863857523,
    95.401931889148));
#6673 = CARTESIAN_POINT('',(106.29425327473,-68.07363718641,
    95.388386555312));
#6674 = CARTESIAN_POINT('',(106.29009719208,-68.028175394,
    95.375135174644));
#6675 = CARTESIAN_POINT('',(106.28611331036,-67.98216348203,
    95.362229577456));
#6676 = CARTESIAN_POINT('',(106.2823018875,-67.93548608028,
    95.349736127847));
#6677 = CARTESIAN_POINT('',(106.27866357217,-67.88798160272,
    95.337747216776));
#6678 = CARTESIAN_POINT('',(106.27321685402,-67.81153591976,
    95.319936796074));
#6679 = CARTESIAN_POINT('',(106.27129102725,-67.78333956589,
    95.313669527843));
#6680 = CARTESIAN_POINT('',(106.26942282603,-67.75472675702,
    95.307650195109));
#6681 = CARTESIAN_POINT('',(106.26761265568,-67.72563372359,
    95.301914868493));
#6682 = CARTESIAN_POINT('',(106.26586116773,-67.69597274723,
    95.296513461676));
#6683 = CARTESIAN_POINT('',(106.2641692491,-67.66563231994,
    95.291509633347));
#6684 = CARTESIAN_POINT('',(106.26253819206,-67.6344572131,
    95.286991997923));
#6685 = CARTESIAN_POINT('',(106.26008575739,-67.58395880525,
    95.28092937952));
#6686 = CARTESIAN_POINT('',(106.25922134316,-67.56539242137,
    95.278946969451));
#6687 = CARTESIAN_POINT('',(106.25837750337,-67.54642307421,
    95.277197599955));
#6688 = CARTESIAN_POINT('',(106.25755474782,-67.52699160878,
    95.275714815722));
#6689 = CARTESIAN_POINT('',(106.25675386161,-67.5070148501,
    95.274546449862));
#6690 = CARTESIAN_POINT('',(106.25597587249,-67.48638809292,
    95.273753190749));
#6691 = CARTESIAN_POINT('',(106.25522223043,-67.46496517651,
    95.273419910317));
#6692 = CARTESIAN_POINT('',(106.25410900998,-67.43050943079,
    95.273854119868));
#6693 = CARTESIAN_POINT('',(106.25373014023,-67.41824428843,
    95.274179365669));
#6694 = CARTESIAN_POINT('',(106.25335934272,-67.40563554093,
    95.27470344364));
#6695 = CARTESIAN_POINT('',(106.25299708983,-67.39263411936,
    95.275454561915));
#6696 = CARTESIAN_POINT('',(106.25264412498,-67.37917061728,
    95.27647360386));
#6697 = CARTESIAN_POINT('',(106.25230141959,-67.36515876389,
    95.277812087667));
#6698 = CARTESIAN_POINT('',(106.25197033847,-67.35047851621,
    95.279541952088));
#6699 = CARTESIAN_POINT('',(106.25147969634,-67.32636006833,
    95.283037592164));
#6700 = CARTESIAN_POINT('',(106.25131033788,-67.31755607735,
    95.284433061123));
#6701 = CARTESIAN_POINT('',(106.25114568729,-67.30844412801,
    95.286010281478));
#6702 = CARTESIAN_POINT('',(106.25098621594,-67.29897864119,
    95.287795864989));
#6703 = CARTESIAN_POINT('',(106.25083275249,-67.28909319373,
    95.289830614188));
#6704 = CARTESIAN_POINT('',(106.25068638336,-67.278708167,
    95.292164854271));
#6705 = CARTESIAN_POINT('',(106.25054863863,-67.26771374323,
    95.294868559494));
#6706 = CARTESIAN_POINT('',(106.2503396865,-67.24809380581,
    95.300203788206));
#6707 = CARTESIAN_POINT('',(106.25026258383,-67.24001358487,
    95.302525006194));
#6708 = CARTESIAN_POINT('',(106.25019121926,-67.23151960925,
    95.305100695821));
#6709 = CARTESIAN_POINT('',(106.25012688039,-67.22248261572,
    95.308005380601));
#6710 = CARTESIAN_POINT('',(106.25007086558,-67.21281900878,
    95.31129417944));
#6711 = CARTESIAN_POINT('',(106.25002745784,-67.20233377371,
    95.315114580147));
#6712 = CARTESIAN_POINT('',(106.25,-67.19093604263,95.319556325402));
#6713 = CARTESIAN_POINT('',(106.25,-67.17808641773,95.32502337356));
#6714 = ORIENTED_EDGE('',*,*,#6715,.T.);
#6715 = EDGE_CURVE('',#6597,#3283,#6716,.T.);
#6716 = B_SPLINE_CURVE_WITH_KNOTS('',6,(#6717,#6718,#6719,#6720,#6721,
    #6722,#6723,#6724,#6725,#6726,#6727,#6728,#6729,#6730,#6731,#6732,
    #6733),.UNSPECIFIED.,.F.,.F.,(7,5,5,7),(-9.000422918949,
    -5.47496049944E-02,146.55481105679,155.50048437074),.UNSPECIFIED.);
#6717 = CARTESIAN_POINT('',(114.31401177045,-59.84327509015,
    107.74489475716));
#6718 = CARTESIAN_POINT('',(114.30381177045,-61.15401862925,
    107.03442591569));
#6719 = CARTESIAN_POINT('',(114.29361177045,-62.46476216836,
    106.32395707423));
#6720 = CARTESIAN_POINT('',(114.28341177045,-63.77550570747,
    105.61348823277));
#6721 = CARTESIAN_POINT('',(114.27321177045,-65.08624924657,
    104.90301939131));
#6722 = CARTESIAN_POINT('',(114.26301177045,-66.39699278568,
    104.19255054984));
#6723 = CARTESIAN_POINT('',(114.08564520106,-89.18935404819,
    91.838293582549));
#6724 = CARTESIAN_POINT('',(113.91847863168,-110.6709717715,
    80.194505456712));
#6725 = CARTESIAN_POINT('',(113.75131206229,-132.1525894949,
    68.550717330874));
#6726 = CARTESIAN_POINT('',(113.5841454929,-153.6342072183,
    56.906929205036));
#6727 = CARTESIAN_POINT('',(113.41697892352,-175.1158249417,
    45.263141079199));
#6728 = CARTESIAN_POINT('',(113.23961235413,-197.9081862043,
    32.908884111899));
#6729 = CARTESIAN_POINT('',(113.22941235413,-199.2189297434,
    32.198415270437));
#6730 = CARTESIAN_POINT('',(113.21921235413,-200.5296732825,
    31.487946428975));
#6731 = CARTESIAN_POINT('',(113.20901235413,-201.8404168216,
    30.777477587512));
#6732 = CARTESIAN_POINT('',(113.19881235413,-203.1511603607,
    30.06700874605));
#6733 = CARTESIAN_POINT('',(113.18861235413,-204.4619038998,
    29.356539904588));
#6734 = ORIENTED_EDGE('',*,*,#3282,.F.);
#6735 = ( BOUNDED_SURFACE() B_SPLINE_SURFACE(2,6,(
    (#6736,#6737,#6738,#6739,#6740,#6741,#6742,#6743,#6744,#6745,#6746
      ,#6747,#6748,#6749,#6750,#6751,#6752)
    ,(#6753,#6754,#6755,#6756,#6757,#6758,#6759,#6760,#6761,#6762,#6763
      ,#6764,#6765,#6766,#6767,#6768,#6769)
    ,(#6770,#6771,#6772,#6773,#6774,#6775,#6776,#6777,#6778,#6779,#6780
      ,#6781,#6782,#6783,#6784,#6785,#6786
)),.UNSPECIFIED.,.F.,.F.,.F.) B_SPLINE_SURFACE_WITH_KNOTS((3,3),(7,5,5,7
    ),(0.,146.60956066178),(-9.000422918949,-5.47496049944E-02,
    146.55481105679,155.50048437074),.UNSPECIFIED.) 
GEOMETRIC_REPRESENTATION_ITEM() RATIONAL_B_SPLINE_SURFACE((
    (1.,1.,1.,1.,1.,1.,1.,1.,1.,1.,1.,1.,1.,1.,1.,1.,1.)
    ,(0.706990803572,0.706990803572,0.706990803572,0.706990803572
      ,0.706990803572,0.706990803572,0.706990803572,0.706990803572
      ,0.706990803572,0.706990803572,0.706990803572,0.706990803572
      ,0.706990803572,0.706990803572,0.706990803572,0.706990803572
      ,0.706990803572)
    ,(1.,1.,1.,1.,1.,1.,1.,1.,1.,1.,1.,1.,1.,1.,1.,1.,1.
))) REPRESENTATION_ITEM('') SURFACE() );
#6736 = CARTESIAN_POINT('',(106.31419941632,-55.98164027425,
    100.73541804448));
#6737 = CARTESIAN_POINT('',(106.30399941632,-57.29238381336,
    100.02494920302));
#6738 = CARTESIAN_POINT('',(106.29379941632,-58.60312735247,
    99.31448036156));
#6739 = CARTESIAN_POINT('',(106.28359941632,-59.91387089157,
    98.604011520098));
#6740 = CARTESIAN_POINT('',(106.27339941632,-61.22461443068,
    97.893542678635));
#6741 = CARTESIAN_POINT('',(106.26319941632,-62.53535796979,
    97.183073837173));
#6742 = CARTESIAN_POINT('',(106.08583284693,-85.3277192323,
    84.828816869873));
#6743 = CARTESIAN_POINT('',(105.91866627754,-106.8093369557,
    73.185028744036));
#6744 = CARTESIAN_POINT('',(105.75149970816,-128.2909546791,
    61.541240618198));
#6745 = CARTESIAN_POINT('',(105.58433313877,-149.7725724025,
    49.89745249236));
#6746 = CARTESIAN_POINT('',(105.41716656938,-171.2541901259,
    38.253664366523));
#6747 = CARTESIAN_POINT('',(105.2398,-194.0465513884,25.899407399223));
#6748 = CARTESIAN_POINT('',(105.2296,-195.3572949275,25.188938557761));
#6749 = CARTESIAN_POINT('',(105.2194,-196.6680384666,24.478469716299));
#6750 = CARTESIAN_POINT('',(105.2092,-197.9787820057,23.768000874837));
#6751 = CARTESIAN_POINT('',(105.199,-199.2895255448,23.057532033374));
#6752 = CARTESIAN_POINT('',(105.1888,-200.6002690839,22.347063191912));
#6753 = CARTESIAN_POINT('',(106.31157455825,-59.79514275499,
    107.77098416624));
#6754 = CARTESIAN_POINT('',(106.30137455825,-61.1058862941,
    107.06051532477));
#6755 = CARTESIAN_POINT('',(106.29117455825,-62.41662983321,
    106.35004648331));
#6756 = CARTESIAN_POINT('',(106.28097455825,-63.72737337232,
    105.63957764185));
#6757 = CARTESIAN_POINT('',(106.27077455825,-65.03811691142,
    104.92910880039));
#6758 = CARTESIAN_POINT('',(106.26057455825,-66.34886045053,
    104.21863995893));
#6759 = CARTESIAN_POINT('',(106.08320798887,-89.14122171304,
    91.86438299163));
#6760 = CARTESIAN_POINT('',(105.91604141948,-110.6228394364,
    80.220594865792));
#6761 = CARTESIAN_POINT('',(105.74887485009,-132.1044571598,
    68.576806739955));
#6762 = CARTESIAN_POINT('',(105.58170828071,-153.5860748832,
    56.933018614117));
#6763 = CARTESIAN_POINT('',(105.41454171132,-175.0676926066,
    45.289230488279));
#6764 = CARTESIAN_POINT('',(105.23717514193,-197.8600538691,
    32.934973520979));
#6765 = CARTESIAN_POINT('',(105.22697514193,-199.1707974082,
    32.224504679517));
#6766 = CARTESIAN_POINT('',(105.21677514193,-200.4815409473,
    31.514035838055));
#6767 = CARTESIAN_POINT('',(105.20657514193,-201.7922844864,
    30.803566996593));
#6768 = CARTESIAN_POINT('',(105.19637514193,-203.1030280255,
    30.093098155131));
#6769 = CARTESIAN_POINT('',(105.18617514193,-204.4137715646,
    29.382629313669));
#6770 = CARTESIAN_POINT('',(114.31401177045,-59.84327509015,
    107.74489475716));
#6771 = CARTESIAN_POINT('',(114.30381177045,-61.15401862925,
    107.03442591569));
#6772 = CARTESIAN_POINT('',(114.29361177045,-62.46476216836,
    106.32395707423));
#6773 = CARTESIAN_POINT('',(114.28341177045,-63.77550570747,
    105.61348823277));
#6774 = CARTESIAN_POINT('',(114.27321177045,-65.08624924657,
    104.90301939131));
#6775 = CARTESIAN_POINT('',(114.26301177045,-66.39699278568,
    104.19255054984));
#6776 = CARTESIAN_POINT('',(114.08564520106,-89.18935404819,
    91.838293582549));
#6777 = CARTESIAN_POINT('',(113.91847863168,-110.6709717715,
    80.194505456712));
#6778 = CARTESIAN_POINT('',(113.75131206229,-132.1525894949,
    68.550717330874));
#6779 = CARTESIAN_POINT('',(113.5841454929,-153.6342072183,
    56.906929205036));
#6780 = CARTESIAN_POINT('',(113.41697892352,-175.1158249417,
    45.263141079199));
#6781 = CARTESIAN_POINT('',(113.23961235413,-197.9081862043,
    32.908884111899));
#6782 = CARTESIAN_POINT('',(113.22941235413,-199.2189297434,
    32.198415270437));
#6783 = CARTESIAN_POINT('',(113.21921235413,-200.5296732825,
    31.487946428975));
#6784 = CARTESIAN_POINT('',(113.20901235413,-201.8404168216,
    30.777477587512));
#6785 = CARTESIAN_POINT('',(113.19881235413,-203.1511603607,
    30.06700874605));
#6786 = CARTESIAN_POINT('',(113.18861235413,-204.4619038998,
    29.356539904588));
#6787 = ADVANCED_FACE('',(#6788),#6820,.T.);
#6788 = FACE_BOUND('',#6789,.T.);
#6789 = EDGE_LOOP('',(#6790,#6791,#6813,#6819));
#6790 = ORIENTED_EDGE('',*,*,#2709,.T.);
#6791 = ORIENTED_EDGE('',*,*,#6792,.T.);
#6792 = EDGE_CURVE('',#2710,#6793,#6795,.T.);
#6793 = VERTEX_POINT('',#6794);
#6794 = CARTESIAN_POINT('',(105.25,212.,118.98818323431));
#6795 = B_SPLINE_CURVE_WITH_KNOTS('',6,(#6796,#6797,#6798,#6799,#6800,
    #6801,#6802,#6803,#6804,#6805,#6806,#6807,#6808,#6809,#6810,#6811,
    #6812),.UNSPECIFIED.,.F.,.F.,(7,5,5,7),(-9.000422918949,
    -5.474960499486E-02,146.55481105679,155.50048437074),.UNSPECIFIED.);
#6796 = CARTESIAN_POINT('',(106.31419941632,56.626885217026,
    126.43757914856));
#6797 = CARTESIAN_POINT('',(106.30399941632,58.116085217026,
    126.36617914856));
#6798 = CARTESIAN_POINT('',(106.29379941632,59.605285217026,
    126.29477914856));
#6799 = CARTESIAN_POINT('',(106.28359941632,61.094485217026,
    126.22337914856));
#6800 = CARTESIAN_POINT('',(106.27339941632,62.583685217026,
    126.15197914856));
#6801 = CARTESIAN_POINT('',(106.26319941632,64.072885217026,
    126.08057914856));
#6802 = CARTESIAN_POINT('',(106.08583284693,89.968404347522,
    124.83901316285));
#6803 = CARTESIAN_POINT('',(105.91866627754,114.37472347801,
    123.66884717714));
#6804 = CARTESIAN_POINT('',(105.75149970816,138.78104260851,
    122.49868119144));
#6805 = CARTESIAN_POINT('',(105.58433313877,163.187361739,
    121.32851520573));
#6806 = CARTESIAN_POINT('',(105.41716656938,187.5936808695,
    120.15834922002));
#6807 = CARTESIAN_POINT('',(105.2398,213.4892,118.91678323431));
#6808 = CARTESIAN_POINT('',(105.2296,214.9784,118.84538323431));
#6809 = CARTESIAN_POINT('',(105.2194,216.4676,118.77398323431));
#6810 = CARTESIAN_POINT('',(105.2092,217.9568,118.70258323431));
#6811 = CARTESIAN_POINT('',(105.199,219.446,118.63118323431));
#6812 = CARTESIAN_POINT('',(105.1888,220.9352,118.55978323431));
#6813 = ORIENTED_EDGE('',*,*,#6814,.F.);
#6814 = EDGE_CURVE('',#6465,#6793,#6815,.T.);
#6815 = LINE('',#6816,#6817);
#6816 = CARTESIAN_POINT('',(105.25,212.,103.));
#6817 = VECTOR('',#6818,1.);
#6818 = DIRECTION('',(2.22044604925E-16,0.,1.));
#6819 = ORIENTED_EDGE('',*,*,#6464,.F.);
#6820 = B_SPLINE_SURFACE_WITH_KNOTS('',1,1,(
    (#6821,#6822)
    ,(#6823,#6824
    )),.UNSPECIFIED.,.F.,.F.,.F.,(2,2),(2,2),(0.,38.),(0.,1.),
  .PIECEWISE_BEZIER_KNOTS.);
#6821 = CARTESIAN_POINT('',(106.25,66.,96.));
#6822 = CARTESIAN_POINT('',(105.25,212.,103.));
#6823 = CARTESIAN_POINT('',(106.25,66.,134.));
#6824 = CARTESIAN_POINT('',(105.25,212.,127.));
#6825 = ADVANCED_FACE('',(#6826),#6966,.T.);
#6826 = FACE_BOUND('',#6827,.F.);
#6827 = EDGE_LOOP('',(#6828,#6838,#6839,#6847,#6848,#6849));
#6828 = ORIENTED_EDGE('',*,*,#6829,.F.);
#6829 = EDGE_CURVE('',#3646,#6830,#6832,.T.);
#6830 = VERTEX_POINT('',#6831);
#6831 = CARTESIAN_POINT('',(114.18591921838,-76.30371479929,
    131.1772392692));
#6832 = B_SPLINE_CURVE_WITH_KNOTS('',4,(#6833,#6834,#6835,#6836,#6837),
  .UNSPECIFIED.,.F.,.F.,(5,5),(0.,1.),.PIECEWISE_BEZIER_KNOTS.);
#6833 = CARTESIAN_POINT('',(114.25,-76.30395011303,131.17736681748));
#6834 = CARTESIAN_POINT('',(114.23397933368,-76.30395011303,
    131.17736681748));
#6835 = CARTESIAN_POINT('',(114.21795881882,-76.3039108924,
    131.17734555853));
#6836 = CARTESIAN_POINT('',(114.20193854913,-76.30383245281,
    131.17730304153));
#6837 = CARTESIAN_POINT('',(114.18591861842,-76.30371479488,
    131.17723926681));
#6838 = ORIENTED_EDGE('',*,*,#3645,.T.);
#6839 = ORIENTED_EDGE('',*,*,#6840,.F.);
#6840 = EDGE_CURVE('',#6597,#3648,#6841,.T.);
#6841 = B_SPLINE_CURVE_WITH_KNOTS('',4,(#6842,#6843,#6844,#6845,#6846),
  .UNSPECIFIED.,.F.,.F.,(5,5),(0.,1.),.PIECEWISE_BEZIER_KNOTS.);
#6842 = CARTESIAN_POINT('',(114.18591861842,-76.30371479488,
    98.822760733181));
#6843 = CARTESIAN_POINT('',(114.2019385491,-76.30383245281,
    98.822696958466));
#6844 = CARTESIAN_POINT('',(114.21795881886,-76.3039108924,
    98.822654441465));
#6845 = CARTESIAN_POINT('',(114.23397933357,-76.30395011303,
    98.822633182513));
#6846 = CARTESIAN_POINT('',(114.25,-76.30395011303,98.822633182513));
#6847 = ORIENTED_EDGE('',*,*,#6596,.T.);
#6848 = ORIENTED_EDGE('',*,*,#2993,.F.);
#6849 = ORIENTED_EDGE('',*,*,#6850,.F.);
#6850 = EDGE_CURVE('',#6830,#2967,#6851,.T.);
#6851 = B_SPLINE_CURVE_WITH_KNOTS('',8,(#6852,#6853,#6854,#6855,#6856,
    #6857,#6858,#6859,#6860,#6861,#6862,#6863,#6864,#6865,#6866,#6867,
    #6868,#6869,#6870,#6871,#6872,#6873,#6874,#6875,#6876,#6877,#6878,
    #6879,#6880,#6881,#6882,#6883,#6884,#6885,#6886,#6887,#6888,#6889,
    #6890,#6891,#6892,#6893,#6894,#6895,#6896,#6897,#6898,#6899,#6900,
    #6901,#6902,#6903,#6904,#6905,#6906,#6907,#6908,#6909,#6910,#6911,
    #6912,#6913,#6914,#6915,#6916,#6917,#6918,#6919,#6920,#6921,#6922,
    #6923,#6924,#6925,#6926,#6927,#6928,#6929,#6930,#6931,#6932,#6933,
    #6934,#6935,#6936,#6937,#6938,#6939,#6940,#6941,#6942,#6943,#6944,
    #6945,#6946,#6947,#6948,#6949,#6950,#6951,#6952,#6953,#6954,#6955,
    #6956,#6957,#6958,#6959,#6960,#6961,#6962,#6963,#6964,#6965),
  .UNSPECIFIED.,.F.,.F.,(9,7,7,7,7,7,7,7,7,7,7,7,7,7,7,7,9),(0.,
    0.106991883795,0.214175378111,0.319846282916,0.422847325798,
    0.524497444279,0.626023471326,0.728515848074,0.832679324342,
    0.890287816522,0.946887875191,0.970772527995,0.984448479132,
    0.992164730063,0.996269955091,0.998520299417,1.),.UNSPECIFIED.);
#6852 = CARTESIAN_POINT('',(114.18591921838,-76.30371479929,
    131.1772392692));
#6853 = CARTESIAN_POINT('',(114.04168504442,-76.30265548534,
    131.17666508399));
#6854 = CARTESIAN_POINT('',(113.89624218491,-76.29821930995,
    131.17764118698));
#6855 = CARTESIAN_POINT('',(113.74968044809,-76.29030639173,
    131.18021382467));
#6856 = CARTESIAN_POINT('',(113.60209705115,-76.27882000318,
    131.18442747397));
#6857 = CARTESIAN_POINT('',(113.4535964203,-76.2636674484,131.1903243881
    ));
#6858 = CARTESIAN_POINT('',(113.30428999071,-76.24476094081,
    131.19794414249));
#6859 = CARTESIAN_POINT('',(113.1542960066,-76.22201848086,
    131.20732318072));
#6860 = CARTESIAN_POINT('',(112.85291300556,-76.16866325281,
    131.22968554636));
#6861 = CARTESIAN_POINT('',(112.7015219513,-76.13803647563,
    131.2426752909));
#6862 = CARTESIAN_POINT('',(112.54969149314,-76.10340863369,
    131.25749665199));
#6863 = CARTESIAN_POINT('',(112.39755360384,-76.06471074819,
    131.27417903252));
#6864 = CARTESIAN_POINT('',(112.24524626169,-76.02188145313,
    131.29274777244));
#6865 = CARTESIAN_POINT('',(112.092912818,-75.9748678184,131.31322374105
    ));
#6866 = CARTESIAN_POINT('',(111.94070136457,-75.92362617281,
    131.33562292923));
#6867 = CARTESIAN_POINT('',(111.63897099927,-75.8134029516,
    131.38394576167));
#6868 = CARTESIAN_POINT('',(111.48944435389,-75.75454080997,
    131.40981520565));
#6869 = CARTESIAN_POINT('',(111.34032985426,-75.69150416737,
    131.4375747177));
#6870 = CARTESIAN_POINT('',(111.19177697159,-75.62427027501,
    131.46722961645));
#6871 = CARTESIAN_POINT('',(111.04393802047,-75.55282641976,
    131.49877999903));
#6872 = CARTESIAN_POINT('',(110.89696722017,-75.47717037376,
    131.53222054497));
#6873 = CARTESIAN_POINT('',(110.75101975587,-75.39731084393,
    131.56754032011));
#6874 = CARTESIAN_POINT('',(110.46513962943,-75.23134841255,
    131.64096540073));
#6875 = CARTESIAN_POINT('',(110.32514810588,-75.14545421573,
    131.67897779058));
#6876 = CARTESIAN_POINT('',(110.18641995373,-75.05560371455,
    131.71874435885));
#6877 = CARTESIAN_POINT('',(110.04909874593,-74.96182557161,
    131.76024447615));
#6878 = CARTESIAN_POINT('',(109.9133269976,-74.8641586604,
    131.80345234269));
#6879 = CARTESIAN_POINT('',(109.77924521946,-74.76265199681,
    131.84833705604));
#6880 = CARTESIAN_POINT('',(109.64699097138,-74.65736467082,
    131.89486267881));
#6881 = CARTESIAN_POINT('',(109.38811373687,-74.44079647534,
    131.99048273575));
#6882 = CARTESIAN_POINT('',(109.26143959358,-74.32961229746,
    132.03953549328));
#6883 = CARTESIAN_POINT('',(109.13680401209,-74.21487941288,
    132.09010736183));
#6884 = CARTESIAN_POINT('',(109.01433170081,-74.0966734416,
    132.14215445559));
#6885 = CARTESIAN_POINT('',(108.89414279004,-73.97507889455,
    132.19562848829));
#6886 = CARTESIAN_POINT('',(108.77635207164,-73.85018861281,
    132.25047704129));
#6887 = CARTESIAN_POINT('',(108.6610682387,-73.72210320694,
    132.30664383175));
#6888 = CARTESIAN_POINT('',(108.43585556208,-73.45991791728,
    132.42142402682));
#6889 = CARTESIAN_POINT('',(108.32592032391,-73.32582554904,
    132.48003438693));
#6890 = CARTESIAN_POINT('',(108.21868901724,-73.18876055786,
    132.53984042417));
#6891 = CARTESIAN_POINT('',(108.11425634881,-73.04883727097,
    132.60077901408));
#6892 = CARTESIAN_POINT('',(108.01270969412,-72.90617611609,
    132.66278386112));
#6893 = CARTESIAN_POINT('',(107.91412866585,-72.76090256101,
    132.72578581522));
#6894 = CARTESIAN_POINT('',(107.81858468246,-72.6131460532,
    132.78971318823));
#6895 = CARTESIAN_POINT('',(107.63281648469,-72.3115031094,
    132.91988753403));
#6896 = CARTESIAN_POINT('',(107.54265155461,-72.15757179897,
    132.98615086436));
#6897 = CARTESIAN_POINT('',(107.45571054535,-72.00138063407,
    133.05320575721));
#6898 = CARTESIAN_POINT('',(107.37204928051,-71.84306865764,
    133.12097392161));
#6899 = CARTESIAN_POINT('',(107.29171458953,-71.68277620484,
    133.18937492609));
#6900 = CARTESIAN_POINT('',(107.21474428905,-71.52064275827,
    133.25832604493));
#6901 = CARTESIAN_POINT('',(107.14116716411,-71.35680480316,
    133.32774210435));
#6902 = CARTESIAN_POINT('',(106.99969473386,-71.0232855962,
    133.46846650539));
#6903 = CARTESIAN_POINT('',(106.93191167711,-70.85355219728,
    133.5397869721));
#6904 = CARTESIAN_POINT('',(106.86767458328,-70.68233196212,
    133.61140494263));
#6905 = CARTESIAN_POINT('',(106.80699483178,-70.50975359754,
    133.68322340422));
#6906 = CARTESIAN_POINT('',(106.74987456149,-70.33593737655,
    133.75514194703));
#6907 = CARTESIAN_POINT('',(106.69630703573,-70.16098821536,
    133.82705391098));
#6908 = CARTESIAN_POINT('',(106.64627718822,-69.98498049203,
    133.89883885005));
#6909 = CARTESIAN_POINT('',(106.57403692484,-69.71001788107,
    134.00990033436));
#6910 = CARTESIAN_POINT('',(106.54938665503,-69.61178339875,
    134.04936657092));
#6911 = CARTESIAN_POINT('',(106.52580769997,-69.51323473504,
    134.08872432975));
#6912 = CARTESIAN_POINT('',(106.50329552609,-69.41436869399,
    134.12794551066));
#6913 = CARTESIAN_POINT('',(106.48184493092,-69.31517546658,
    134.16699873609));
#6914 = CARTESIAN_POINT('',(106.46145009881,-69.2156351877,
    134.20584747398));
#6915 = CARTESIAN_POINT('',(106.44210468829,-69.11571089157,
    134.24444615436));
#6916 = CARTESIAN_POINT('',(106.40581960196,-68.91672186423,
    134.320352174));
#6917 = CARTESIAN_POINT('',(106.38884382876,-68.81767282837,
    134.35766992605));
#6918 = CARTESIAN_POINT('',(106.37286812478,-68.7181298213,
    134.39463082824));
#6919 = CARTESIAN_POINT('',(106.35788576237,-68.61799730507,
    134.43115910396));
#6920 = CARTESIAN_POINT('',(106.3438896873,-68.51715718487,
    134.46716666287));
#6921 = CARTESIAN_POINT('',(106.33087322151,-68.41538679875,
    134.50250741285));
#6922 = CARTESIAN_POINT('',(106.31882964994,-68.31240668002,
    134.53700392218));
#6923 = CARTESIAN_POINT('',(106.30308211847,-68.16324472403,
    134.584266731));
#6924 = CARTESIAN_POINT('',(106.29858152189,-68.11863857523,
    134.59806811085));
#6925 = CARTESIAN_POINT('',(106.29425327473,-68.07363718641,
    134.61161344468));
#6926 = CARTESIAN_POINT('',(106.29009719208,-68.028175394,
    134.62486482535));
#6927 = CARTESIAN_POINT('',(106.28611331036,-67.98216348203,
    134.63777042254));
#6928 = CARTESIAN_POINT('',(106.2823018875,-67.93548608028,
    134.65026387215));
#6929 = CARTESIAN_POINT('',(106.27866357217,-67.88798160272,
    134.66225278322));
#6930 = CARTESIAN_POINT('',(106.27321685402,-67.81153591976,
    134.68006320392));
#6931 = CARTESIAN_POINT('',(106.27129102725,-67.78333956589,
    134.68633047215));
#6932 = CARTESIAN_POINT('',(106.26942282603,-67.75472675702,
    134.69234980489));
#6933 = CARTESIAN_POINT('',(106.26761265568,-67.72563372359,
    134.6980851315));
#6934 = CARTESIAN_POINT('',(106.26586116773,-67.69597274724,
    134.70348653832));
#6935 = CARTESIAN_POINT('',(106.2641692491,-67.66563231995,
    134.70849036665));
#6936 = CARTESIAN_POINT('',(106.26253819206,-67.6344572131,
    134.71300800207));
#6937 = CARTESIAN_POINT('',(106.26008575739,-67.58395880525,
    134.71907062048));
#6938 = CARTESIAN_POINT('',(106.25922134316,-67.56539242137,
    134.72105303054));
#6939 = CARTESIAN_POINT('',(106.25837750337,-67.54642307421,
    134.72280240004));
#6940 = CARTESIAN_POINT('',(106.25755474782,-67.52699160878,
    134.72428518427));
#6941 = CARTESIAN_POINT('',(106.25675386161,-67.5070148501,
    134.72545355013));
#6942 = CARTESIAN_POINT('',(106.25597587249,-67.48638809292,
    134.72624680925));
#6943 = CARTESIAN_POINT('',(106.25522223043,-67.46496517651,
    134.72658008968));
#6944 = CARTESIAN_POINT('',(106.25410900998,-67.43050943079,
    134.72614588013));
#6945 = CARTESIAN_POINT('',(106.25373014023,-67.41824428843,
    134.72582063433));
#6946 = CARTESIAN_POINT('',(106.25335934272,-67.40563554093,
    134.72529655636));
#6947 = CARTESIAN_POINT('',(106.25299708983,-67.39263411936,
    134.72454543808));
#6948 = CARTESIAN_POINT('',(106.25264412498,-67.37917061729,
    134.72352639614));
#6949 = CARTESIAN_POINT('',(106.25230141959,-67.36515876389,
    134.72218791233));
#6950 = CARTESIAN_POINT('',(106.25197033847,-67.35047851621,
    134.72045804791));
#6951 = CARTESIAN_POINT('',(106.25147969634,-67.32636006834,
    134.71696240783));
#6952 = CARTESIAN_POINT('',(106.25131033788,-67.31755607735,
    134.71556693887));
#6953 = CARTESIAN_POINT('',(106.25114568729,-67.30844412801,
    134.71398971852));
#6954 = CARTESIAN_POINT('',(106.25098621594,-67.29897864119,
    134.71220413501));
#6955 = CARTESIAN_POINT('',(106.25083275249,-67.28909319373,
    134.71016938581));
#6956 = CARTESIAN_POINT('',(106.25068638336,-67.278708167,
    134.70783514573));
#6957 = CARTESIAN_POINT('',(106.25054863863,-67.26771374323,
    134.7051314405));
#6958 = CARTESIAN_POINT('',(106.2503396865,-67.24809380582,
    134.69979621179));
#6959 = CARTESIAN_POINT('',(106.25026258383,-67.24001358487,
    134.6974749938));
#6960 = CARTESIAN_POINT('',(106.25019121926,-67.23151960925,
    134.69489930418));
#6961 = CARTESIAN_POINT('',(106.25012688039,-67.22248261572,
    134.69199461939));
#6962 = CARTESIAN_POINT('',(106.25007086558,-67.21281900878,
    134.68870582056));
#6963 = CARTESIAN_POINT('',(106.25002745784,-67.20233377371,
    134.68488541985));
#6964 = CARTESIAN_POINT('',(106.25,-67.19093604263,134.68044367459));
#6965 = CARTESIAN_POINT('',(106.25,-67.17808641773,134.67497662644));
#6966 = TOROIDAL_SURFACE('',#6967,70.,8.);
#6967 = AXIS2_PLACEMENT_3D('',#6968,#6969,#6970);
#6968 = CARTESIAN_POINT('',(114.25,0.,115.));
#6969 = DIRECTION('',(-1.,-0.,2.22044604925E-16));
#6970 = DIRECTION('',(-2.22044604925E-16,0.,-1.));
#6971 = ADVANCED_FACE('',(#6972),#7146,.T.);
#6972 = FACE_BOUND('',#6973,.T.);
#6973 = EDGE_LOOP('',(#6974,#6975,#6976,#7095,#7117));
#6974 = ORIENTED_EDGE('',*,*,#6792,.F.);
#6975 = ORIENTED_EDGE('',*,*,#2717,.F.);
#6976 = ORIENTED_EDGE('',*,*,#6977,.F.);
#6977 = EDGE_CURVE('',#6978,#2718,#6980,.T.);
#6978 = VERTEX_POINT('',#6979);
#6979 = CARTESIAN_POINT('',(114.18591921838,75.766312602188,
    133.53175213551));
#6980 = B_SPLINE_CURVE_WITH_KNOTS('',8,(#6981,#6982,#6983,#6984,#6985,
    #6986,#6987,#6988,#6989,#6990,#6991,#6992,#6993,#6994,#6995,#6996,
    #6997,#6998,#6999,#7000,#7001,#7002,#7003,#7004,#7005,#7006,#7007,
    #7008,#7009,#7010,#7011,#7012,#7013,#7014,#7015,#7016,#7017,#7018,
    #7019,#7020,#7021,#7022,#7023,#7024,#7025,#7026,#7027,#7028,#7029,
    #7030,#7031,#7032,#7033,#7034,#7035,#7036,#7037,#7038,#7039,#7040,
    #7041,#7042,#7043,#7044,#7045,#7046,#7047,#7048,#7049,#7050,#7051,
    #7052,#7053,#7054,#7055,#7056,#7057,#7058,#7059,#7060,#7061,#7062,
    #7063,#7064,#7065,#7066,#7067,#7068,#7069,#7070,#7071,#7072,#7073,
    #7074,#7075,#7076,#7077,#7078,#7079,#7080,#7081,#7082,#7083,#7084,
    #7085,#7086,#7087,#7088,#7089,#7090,#7091,#7092,#7093,#7094),
  .UNSPECIFIED.,.F.,.F.,(9,7,7,7,7,7,7,7,7,7,7,7,7,7,7,7,9),(0.,
    0.106991883795,0.214175378111,0.319846282916,0.422847325799,
    0.52449744428,0.626023471326,0.728515848074,0.832679324342,
    0.890287816522,0.946887875191,0.970772527995,0.984448479132,
    0.992164730063,0.996269955091,0.998520299417,1.),.UNSPECIFIED.);
#6981 = CARTESIAN_POINT('',(114.18591921838,75.766312602188,
    133.53175213551));
#6982 = CARTESIAN_POINT('',(114.04168504442,75.765109063673,
    133.53180983941));
#6983 = CARTESIAN_POINT('',(113.89624218491,75.76153572297,
    133.52900561664));
#6984 = CARTESIAN_POINT('',(113.74968044809,75.755522655663,
    133.52325446363));
#6985 = CARTESIAN_POINT('',(113.60209705115,75.747002011088,
    133.51447433958));
#6986 = CARTESIAN_POINT('',(113.4535964203,75.735908606111,
    133.50258695641));
#6987 = CARTESIAN_POINT('',(113.30428999071,75.722180518898,
    133.48751856871));
#6988 = CARTESIAN_POINT('',(113.1542960066,75.705759682683,
    133.4692007637));
#6989 = CARTESIAN_POINT('',(112.85291300556,75.667390950089,
    133.42590300259));
#6990 = CARTESIAN_POINT('',(112.7015219513,75.645433216255,
    133.40091118656));
#6991 = CARTESIAN_POINT('',(112.54969149314,75.620665356275,
    133.3725331441));
#6992 = CARTESIAN_POINT('',(112.39755360384,75.593037979823,
    133.34071245534));
#6993 = CARTESIAN_POINT('',(112.24524626169,75.56250679265,
    133.30539966407));
#6994 = CARTESIAN_POINT('',(112.092912818,75.529033161214,
    133.26655300219));
#6995 = CARTESIAN_POINT('',(111.94070136457,75.492584677318,
    133.22413911419));
#6996 = CARTESIAN_POINT('',(111.63897099927,75.414243477713,
    133.1327776832));
#6997 = CARTESIAN_POINT('',(111.48944435389,75.372434851688,
    133.08393079344));
#6998 = CARTESIAN_POINT('',(111.34032985426,75.327685200054,
    133.0315697631));
#6999 = CARTESIAN_POINT('',(111.19177697159,75.279976334523,
    132.97567992993));
#7000 = CARTESIAN_POINT('',(111.04393802047,75.229296843107,
    132.9162556904));
#7001 = CARTESIAN_POINT('',(110.89696722017,75.175642410093,
    132.85330087146));
#7002 = CARTESIAN_POINT('',(110.75101975587,75.119016136017,
    132.78682910223));
#7003 = CARTESIAN_POINT('',(110.46513962943,75.001347100629,
    132.64866699019));
#7004 = CARTESIAN_POINT('',(110.32514810588,74.940452061203,
    132.57715091505));
#7005 = CARTESIAN_POINT('',(110.18641995373,74.876753624201,
    132.50233780364));
#7006 = CARTESIAN_POINT('',(110.04909874593,74.810268662996,
    132.42425867864));
#7007 = CARTESIAN_POINT('',(109.9133269976,74.741021007262,
    132.34295365141));
#7008 = CARTESIAN_POINT('',(109.77924521946,74.669041410743,
    132.2584718313));
#7009 = CARTESIAN_POINT('',(109.64699097138,74.594367519017,
    132.17087123493));
#7010 = CARTESIAN_POINT('',(109.38811373687,74.440734304945,
    131.99075512206));
#7011 = CARTESIAN_POINT('',(109.26143959357,74.361844015928,
    131.89831910781));
#7012 = CARTESIAN_POINT('',(109.13680401209,74.280415570209,
    131.80297469569));
#7013 = CARTESIAN_POINT('',(109.01433170081,74.196498057742,
    131.70479423574));
#7014 = CARTESIAN_POINT('',(108.89414279004,74.110146669594,
    131.60385790031));
#7015 = CARTESIAN_POINT('',(108.77635207164,74.021422309104,
    131.50025319919));
#7016 = CARTESIAN_POINT('',(108.6610682387,73.93039120304,
    131.39407449475));
#7017 = CARTESIAN_POINT('',(108.43585556208,73.743971679655,
    131.17690317852));
#7018 = CARTESIAN_POINT('',(108.32592032391,73.648588712641,
    131.0659165706));
#7019 = CARTESIAN_POINT('',(108.21868901724,73.551046289768,
    130.95256292206));
#7020 = CARTESIAN_POINT('',(108.11425634881,73.451420027632,
    130.8369487108));
#7021 = CARTESIAN_POINT('',(108.01270969412,73.349789663303,
    130.71918591864));
#7022 = CARTESIAN_POINT('',(107.91412866585,73.246238236261,
    130.59939128611));
#7023 = CARTESIAN_POINT('',(107.81858468246,73.140851270332,
    130.47768556713));
#7024 = CARTESIAN_POINT('',(107.63281648469,72.925560900633,
    130.22952456584));
#7025 = CARTESIAN_POINT('',(107.54265155461,72.815624163667,
    130.10303507559));
#7026 = CARTESIAN_POINT('',(107.45571054535,72.703994814287,
    129.97485189804));
#7027 = CARTESIAN_POINT('',(107.37204928051,72.590764156674,
    129.84510589941));
#7028 = CARTESIAN_POINT('',(107.29171458953,72.47602373053,
    129.71393043506));
#7029 = CARTESIAN_POINT('',(107.21474428905,72.359863311976,
    129.58146055755));
#7030 = CARTESIAN_POINT('',(107.14116716411,72.242368914456,
    129.4478322245));
#7031 = CARTESIAN_POINT('',(106.99969473386,72.002936521452,
    129.17633535963));
#7032 = CARTESIAN_POINT('',(106.93191167711,71.880956803953,
    129.0384332777));
#7033 = CARTESIAN_POINT('',(106.86767458328,71.757766575356,
    128.89961804003));
#7034 = CARTESIAN_POINT('',(106.80699483178,71.633439704253,
    128.76003289589));
#7035 = CARTESIAN_POINT('',(106.74987456149,71.508040986668,
    128.61982049591));
#7036 = CARTESIAN_POINT('',(106.69630703573,71.38161867078,
    128.47912245894));
#7037 = CARTESIAN_POINT('',(106.64627718822,71.254187509324,
    128.33807957455));
#7038 = CARTESIAN_POINT('',(106.57403692484,71.054642529092,
    128.118714829));
#7039 = CARTESIAN_POINT('',(106.54938665503,70.983260077058,
    128.04053463402));
#7040 = CARTESIAN_POINT('',(106.52580769997,70.911547490652,
    127.96231585591));
#7041 = CARTESIAN_POINT('',(106.50329552609,70.83948969819,
    127.88408242539));
#7042 = CARTESIAN_POINT('',(106.48184493092,70.767064247864,
    127.80585835668));
#7043 = CARTESIAN_POINT('',(106.46145009881,70.694237391145,
    127.72766794489));
#7044 = CARTESIAN_POINT('',(106.44210468829,70.620956050954,
    127.64953620829));
#7045 = CARTESIAN_POINT('',(106.40581960196,70.474607519887,
    127.49480914448));
#7046 = CARTESIAN_POINT('',(106.38884382876,70.401558987981,
    127.41821124564));
#7047 = CARTESIAN_POINT('',(106.37286812477,70.327910572027,
    127.34172053131));
#7048 = CARTESIAN_POINT('',(106.35788576237,70.253543317119,
    127.26536382155));
#7049 = CARTESIAN_POINT('',(106.3438896873,70.178312602454,
    127.18916924355));
#7050 = CARTESIAN_POINT('',(106.33087322151,70.101954429638,
    127.1131718124));
#7051 = CARTESIAN_POINT('',(106.31882964994,70.024140023105,
    127.03741013247));
#7052 = CARTESIAN_POINT('',(106.30308211847,69.910256308689,
    126.93010886592));
#7053 = CARTESIAN_POINT('',(106.29858152189,69.876055751601,
    126.89832036971));
#7054 = CARTESIAN_POINT('',(106.29425327473,69.841388001355,
    126.86659107477));
#7055 = CARTESIAN_POINT('',(106.29009719208,69.806177900302,
    126.83492686085));
#7056 = CARTESIAN_POINT('',(106.28611331036,69.77032212883,
    126.80333549915));
#7057 = CARTESIAN_POINT('',(106.2823018875,69.733687947656,
    126.7718267244));
#7058 = CARTESIAN_POINT('',(106.27866357217,69.696089685845,
    126.74041366842));
#7059 = CARTESIAN_POINT('',(106.27321685402,69.634942157343,
    126.69119849508));
#7060 = CARTESIAN_POINT('',(106.27129102725,69.612257386093,
    126.67331794207));
#7061 = CARTESIAN_POINT('',(106.26942282603,69.589089826669,
    126.65548007817));
#7062 = CARTESIAN_POINT('',(106.26761265568,69.565366374232,
    126.63768973331));
#7063 = CARTESIAN_POINT('',(106.26586116773,69.540986340534,
    126.6199538186));
#7064 = CARTESIAN_POINT('',(106.2641692491,69.515821639851,
    126.60228130702));
#7065 = CARTESIAN_POINT('',(106.26253819206,69.489693967682,
    126.58468468622));
#7066 = CARTESIAN_POINT('',(106.26008575739,69.446826945872,
    126.55731201776));
#7067 = CARTESIAN_POINT('',(106.25922134316,69.430959347501,
    126.54747027595));
#7068 = CARTESIAN_POINT('',(106.25837750337,69.414627579238,
    126.53766365722));
#7069 = CARTESIAN_POINT('',(106.25755474782,69.397763789796,
    126.52789671791));
#7070 = CARTESIAN_POINT('',(106.25675386161,69.380272287097,
    126.5181764659));
#7071 = CARTESIAN_POINT('',(106.25597587249,69.362032403259,
    126.5085121496));
#7072 = CARTESIAN_POINT('',(106.25522223043,69.342875627475,
    126.49891681923));
#7073 = CARTESIAN_POINT('',(106.25410900998,69.311643676795,
    126.48435824073));
#7074 = CARTESIAN_POINT('',(106.25373014023,69.30045204651,
    126.47932963124));
#7075 = CARTESIAN_POINT('',(106.25335934272,69.288864568632,
    126.47433107867));
#7076 = CARTESIAN_POINT('',(106.25299708983,69.276824794557,
    126.46936670745));
#7077 = CARTESIAN_POINT('',(106.25264412498,69.264252452605,
    126.46444323789));
#7078 = CARTESIAN_POINT('',(106.25230141959,69.251047462556,
    126.45956965479));
#7079 = CARTESIAN_POINT('',(106.25197033847,69.237070456376,
    126.45475868802));
#7080 = CARTESIAN_POINT('',(106.25147969634,69.213823784314,
    126.44744354856));
#7081 = CARTESIAN_POINT('',(106.25131033788,69.205286191237,
    126.44488091412));
#7082 = CARTESIAN_POINT('',(106.25114568729,69.196392278291,
    126.44234841391));
#7083 = CARTESIAN_POINT('',(106.25098621594,69.187089433697,
    126.43985024825));
#7084 = CARTESIAN_POINT('',(106.25083275249,69.177300108696,
    126.43739435902));
#7085 = CARTESIAN_POINT('',(106.25068638336,69.166930734105,
    126.43499154244));
#7086 = CARTESIAN_POINT('',(106.25054863863,69.155852006836,
    126.43265719498));
#7087 = CARTESIAN_POINT('',(106.2503396865,69.135860185052,
    126.42895129814));
#7088 = CARTESIAN_POINT('',(106.25026258383,69.127573018793,
    126.42753676681));
#7089 = CARTESIAN_POINT('',(106.25019121926,69.118802661351,
    126.42617198507));
#7090 = CARTESIAN_POINT('',(106.25012688039,69.10940031603,
    126.42486801109));
#7091 = CARTESIAN_POINT('',(106.25007086558,69.099266750687,
    126.42363823454));
#7092 = CARTESIAN_POINT('',(106.25002745784,69.088162270573,
    126.42253092365));
#7093 = CARTESIAN_POINT('',(106.25,69.07596606866,126.42158750766));
#7094 = CARTESIAN_POINT('',(106.25,69.06201689337,126.42093790456));
#7095 = ORIENTED_EDGE('',*,*,#7096,.T.);
#7096 = EDGE_CURVE('',#6978,#7097,#7099,.T.);
#7097 = VERTEX_POINT('',#7098);
#7098 = CARTESIAN_POINT('',(113.25281177045,212.,127.));
#7099 = B_SPLINE_CURVE_WITH_KNOTS('',6,(#7100,#7101,#7102,#7103,#7104,
    #7105,#7106,#7107,#7108,#7109,#7110,#7111,#7112,#7113,#7114,#7115,
    #7116),.UNSPECIFIED.,.F.,.F.,(7,5,5,7),(-9.000422918949,
    -5.474960499486E-02,146.55481105679,155.50048437074),.UNSPECIFIED.);
#7100 = CARTESIAN_POINT('',(114.31401177045,57.0648,134.4284));
#7101 = CARTESIAN_POINT('',(114.30381177045,58.554,134.357));
#7102 = CARTESIAN_POINT('',(114.29361177045,60.0432,134.2856));
#7103 = CARTESIAN_POINT('',(114.28341177045,61.5324,134.2142));
#7104 = CARTESIAN_POINT('',(114.27321177045,63.0216,134.1428));
#7105 = CARTESIAN_POINT('',(114.26301177045,64.5108,134.0714));
#7106 = CARTESIAN_POINT('',(114.08564520106,90.406319130496,
    132.82983401429));
#7107 = CARTESIAN_POINT('',(113.91847863168,114.81263826099,
    131.65966802858));
#7108 = CARTESIAN_POINT('',(113.75131206229,139.21895739148,
    130.48950204287));
#7109 = CARTESIAN_POINT('',(113.5841454929,163.62527652198,
    129.31933605716));
#7110 = CARTESIAN_POINT('',(113.41697892352,188.03159565247,
    128.14917007145));
#7111 = CARTESIAN_POINT('',(113.23961235413,213.92711478297,
    126.90760408574));
#7112 = CARTESIAN_POINT('',(113.22941235413,215.41631478297,
    126.83620408574));
#7113 = CARTESIAN_POINT('',(113.21921235413,216.90551478297,
    126.76480408574));
#7114 = CARTESIAN_POINT('',(113.20901235413,218.39471478297,
    126.69340408574));
#7115 = CARTESIAN_POINT('',(113.19881235413,219.88391478297,
    126.62200408574));
#7116 = CARTESIAN_POINT('',(113.18861235413,221.37311478297,
    126.55060408574));
#7117 = ORIENTED_EDGE('',*,*,#7118,.F.);
#7118 = EDGE_CURVE('',#6793,#7097,#7119,.T.);
#7119 = B_SPLINE_CURVE_WITH_KNOTS('',7,(#7120,#7121,#7122,#7123,#7124,
    #7125,#7126,#7127,#7128,#7129,#7130,#7131,#7132,#7133,#7134,#7135,
    #7136,#7137,#7138,#7139,#7140,#7141,#7142,#7143,#7144,#7145),
  .UNSPECIFIED.,.F.,.F.,(8,6,6,6,8),(0.,0.249928743901,0.500002573609,
    0.75007469467,1.),.UNSPECIFIED.);
#7120 = CARTESIAN_POINT('',(105.25,212.,118.98818323431));
#7121 = CARTESIAN_POINT('',(105.25,212.,119.39294065705));
#7122 = CARTESIAN_POINT('',(105.27383819558,212.,119.80753495304));
#7123 = CARTESIAN_POINT('',(105.32359432234,212.,120.22986314282));
#7124 = CARTESIAN_POINT('',(105.40114205148,212.,120.65730408552));
#7125 = CARTESIAN_POINT('',(105.50793494098,212.,121.08671252193));
#7126 = CARTESIAN_POINT('',(105.64482565966,212.,121.51453437142));
#7127 = CARTESIAN_POINT('',(105.9791083073,212.,122.35979746436));
#7128 = CARTESIAN_POINT('',(106.17653673397,212.,122.777233876));
#7129 = CARTESIAN_POINT('',(106.40431197659,212.,123.1856180499));
#7130 = CARTESIAN_POINT('',(106.66181077775,212.,123.58104486689));
#7131 = CARTESIAN_POINT('',(106.94756177427,212.,123.95966527171));
#7132 = CARTESIAN_POINT('',(107.25928974598,212.,124.31801818841));
#7133 = CARTESIAN_POINT('',(107.9289651319,212.,124.98844710576));
#7134 = CARTESIAN_POINT('',(108.28691352627,212.,125.30052471995));
#7135 = CARTESIAN_POINT('',(108.66510742328,212.,125.58659713229));
#7136 = CARTESIAN_POINT('',(109.06008979759,212.,125.84438627539));
#7137 = CARTESIAN_POINT('',(109.46801591371,212.,126.07241878253));
#7138 = CARTESIAN_POINT('',(109.88498488427,212.,126.27007039909));
#7139 = CARTESIAN_POINT('',(110.72929958832,212.,126.60472983988));
#7140 = CARTESIAN_POINT('',(111.15664044095,212.,126.74177463007));
#7141 = CARTESIAN_POINT('',(111.58556643202,212.,126.8486878049));
#7142 = CARTESIAN_POINT('',(112.01252727248,212.,126.92632287386));
#7143 = CARTESIAN_POINT('',(112.43438105457,212.,126.9761350009));
#7144 = CARTESIAN_POINT('',(112.84850945184,212.,127.));
#7145 = CARTESIAN_POINT('',(113.25281177045,212.,127.));
#7146 = ( BOUNDED_SURFACE() B_SPLINE_SURFACE(2,6,(
    (#7147,#7148,#7149,#7150,#7151,#7152,#7153,#7154,#7155,#7156,#7157
      ,#7158,#7159,#7160,#7161,#7162,#7163)
    ,(#7164,#7165,#7166,#7167,#7168,#7169,#7170,#7171,#7172,#7173,#7174
      ,#7175,#7176,#7177,#7178,#7179,#7180)
    ,(#7181,#7182,#7183,#7184,#7185,#7186,#7187,#7188,#7189,#7190,#7191
      ,#7192,#7193,#7194,#7195,#7196,#7197
)),.UNSPECIFIED.,.F.,.F.,.F.) B_SPLINE_SURFACE_WITH_KNOTS((3,3),(7,5,5,7
    ),(0.,146.60956066178),(-9.000422918949,-5.474960499486E-02,
    146.55481105679,155.50048437074),.UNSPECIFIED.) 
GEOMETRIC_REPRESENTATION_ITEM() RATIONAL_B_SPLINE_SURFACE((
    (1.,1.,1.,1.,1.,1.,1.,1.,1.,1.,1.,1.,1.,1.,1.,1.,1.)
    ,(0.706990803572,0.706990803572,0.706990803572,0.706990803572
      ,0.706990803572,0.706990803572,0.706990803572,0.706990803572
      ,0.706990803572,0.706990803572,0.706990803572,0.706990803572
      ,0.706990803572,0.706990803572,0.706990803572,0.706990803572
      ,0.706990803572)
    ,(1.,1.,1.,1.,1.,1.,1.,1.,1.,1.,1.,1.,1.,1.,1.,1.,1.
))) REPRESENTATION_ITEM('') SURFACE() );
#7147 = CARTESIAN_POINT('',(106.31419941632,56.626885217026,
    126.43757914856));
#7148 = CARTESIAN_POINT('',(106.30399941632,58.116085217026,
    126.36617914856));
#7149 = CARTESIAN_POINT('',(106.29379941632,59.605285217026,
    126.29477914856));
#7150 = CARTESIAN_POINT('',(106.28359941632,61.094485217026,
    126.22337914856));
#7151 = CARTESIAN_POINT('',(106.27339941632,62.583685217026,
    126.15197914856));
#7152 = CARTESIAN_POINT('',(106.26319941632,64.072885217026,
    126.08057914856));
#7153 = CARTESIAN_POINT('',(106.08583284693,89.968404347522,
    124.83901316285));
#7154 = CARTESIAN_POINT('',(105.91866627754,114.37472347801,
    123.66884717714));
#7155 = CARTESIAN_POINT('',(105.75149970816,138.78104260851,
    122.49868119144));
#7156 = CARTESIAN_POINT('',(105.58433313877,163.187361739,
    121.32851520573));
#7157 = CARTESIAN_POINT('',(105.41716656938,187.5936808695,
    120.15834922002));
#7158 = CARTESIAN_POINT('',(105.2398,213.4892,118.91678323431));
#7159 = CARTESIAN_POINT('',(105.2296,214.9784,118.84538323431));
#7160 = CARTESIAN_POINT('',(105.2194,216.4676,118.77398323431));
#7161 = CARTESIAN_POINT('',(105.2092,217.9568,118.70258323431));
#7162 = CARTESIAN_POINT('',(105.199,219.446,118.63118323431));
#7163 = CARTESIAN_POINT('',(105.1888,220.9352,118.55978323431));
#7164 = CARTESIAN_POINT('',(106.31157455825,57.010114494127,
    134.43102190781));
#7165 = CARTESIAN_POINT('',(106.30137455825,58.499314494127,
    134.35962190781));
#7166 = CARTESIAN_POINT('',(106.29117455825,59.988514494127,
    134.28822190781));
#7167 = CARTESIAN_POINT('',(106.28097455825,61.477714494127,
    134.21682190781));
#7168 = CARTESIAN_POINT('',(106.27077455825,62.966914494127,
    134.14542190781));
#7169 = CARTESIAN_POINT('',(106.26057455825,64.456114494127,
    134.07402190781));
#7170 = CARTESIAN_POINT('',(106.08320798887,90.351633624622,
    132.8324559221));
#7171 = CARTESIAN_POINT('',(105.91604141948,114.75795275511,
    131.66228993639));
#7172 = CARTESIAN_POINT('',(105.74887485009,139.16427188561,
    130.49212395069));
#7173 = CARTESIAN_POINT('',(105.58170828071,163.57059101611,
    129.32195796498));
#7174 = CARTESIAN_POINT('',(105.41454171132,187.9769101466,
    128.15179197927));
#7175 = CARTESIAN_POINT('',(105.23717514193,213.8724292771,
    126.91022599356));
#7176 = CARTESIAN_POINT('',(105.22697514193,215.3616292771,
    126.83882599356));
#7177 = CARTESIAN_POINT('',(105.21677514193,216.8508292771,
    126.76742599356));
#7178 = CARTESIAN_POINT('',(105.20657514193,218.3400292771,
    126.69602599356));
#7179 = CARTESIAN_POINT('',(105.19637514193,219.8292292771,
    126.62462599356));
#7180 = CARTESIAN_POINT('',(105.18617514193,221.3184292771,
    126.55322599356));
#7181 = CARTESIAN_POINT('',(114.31401177045,57.0648,134.4284));
#7182 = CARTESIAN_POINT('',(114.30381177045,58.554,134.357));
#7183 = CARTESIAN_POINT('',(114.29361177045,60.0432,134.2856));
#7184 = CARTESIAN_POINT('',(114.28341177045,61.5324,134.2142));
#7185 = CARTESIAN_POINT('',(114.27321177045,63.0216,134.1428));
#7186 = CARTESIAN_POINT('',(114.26301177045,64.5108,134.0714));
#7187 = CARTESIAN_POINT('',(114.08564520106,90.406319130496,
    132.82983401429));
#7188 = CARTESIAN_POINT('',(113.91847863168,114.81263826099,
    131.65966802858));
#7189 = CARTESIAN_POINT('',(113.75131206229,139.21895739148,
    130.48950204287));
#7190 = CARTESIAN_POINT('',(113.5841454929,163.62527652198,
    129.31933605716));
#7191 = CARTESIAN_POINT('',(113.41697892352,188.03159565247,
    128.14917007145));
#7192 = CARTESIAN_POINT('',(113.23961235413,213.92711478297,
    126.90760408574));
#7193 = CARTESIAN_POINT('',(113.22941235413,215.41631478297,
    126.83620408574));
#7194 = CARTESIAN_POINT('',(113.21921235413,216.90551478297,
    126.76480408574));
#7195 = CARTESIAN_POINT('',(113.20901235413,218.39471478297,
    126.69340408574));
#7196 = CARTESIAN_POINT('',(113.19881235413,219.88391478297,
    126.62200408574));
#7197 = CARTESIAN_POINT('',(113.18861235413,221.37311478297,
    126.55060408574));
#7198 = ADVANCED_FACE('',(#7199),#7276,.T.);
#7199 = FACE_BOUND('',#7200,.T.);
#7200 = EDGE_LOOP('',(#7201,#7223,#7224,#7225,#7247));
#7201 = ORIENTED_EDGE('',*,*,#7202,.F.);
#7202 = EDGE_CURVE('',#2959,#7203,#7205,.T.);
#7203 = VERTEX_POINT('',#7204);
#7204 = CARTESIAN_POINT('',(105.25,-192.7358078493,203.39012375931));
#7205 = B_SPLINE_CURVE_WITH_KNOTS('',6,(#7206,#7207,#7208,#7209,#7210,
    #7211,#7212,#7213,#7214,#7215,#7216,#7217,#7218,#7219,#7220,#7221,
    #7222),.UNSPECIFIED.,.F.,.F.,(7,5,5,7),(-9.000422918949,
    -5.474960499457E-02,146.55481105679,155.50048437074),.UNSPECIFIED.);
#7206 = CARTESIAN_POINT('',(106.31419941632,-55.98164027425,
    129.26458195551));
#7207 = CARTESIAN_POINT('',(106.30399941632,-57.29238381336,
    129.97505079697));
#7208 = CARTESIAN_POINT('',(106.29379941632,-58.60312735247,
    130.68551963844));
#7209 = CARTESIAN_POINT('',(106.28359941632,-59.91387089157,
    131.3959884799));
#7210 = CARTESIAN_POINT('',(106.27339941632,-61.22461443068,
    132.10645732136));
#7211 = CARTESIAN_POINT('',(106.26319941632,-62.53535796979,
    132.81692616282));
#7212 = CARTESIAN_POINT('',(106.08583284693,-85.3277192323,
    145.17118313012));
#7213 = CARTESIAN_POINT('',(105.91866627754,-106.8093369557,
    156.81497125596));
#7214 = CARTESIAN_POINT('',(105.75149970816,-128.2909546791,
    168.4587593818));
#7215 = CARTESIAN_POINT('',(105.58433313877,-149.7725724025,
    180.10254750764));
#7216 = CARTESIAN_POINT('',(105.41716656938,-171.2541901259,
    191.74633563347));
#7217 = CARTESIAN_POINT('',(105.2398,-194.0465513884,204.10059260077));
#7218 = CARTESIAN_POINT('',(105.2296,-195.3572949275,204.81106144223));
#7219 = CARTESIAN_POINT('',(105.2194,-196.6680384666,205.5215302837));
#7220 = CARTESIAN_POINT('',(105.2092,-197.9787820057,206.23199912516));
#7221 = CARTESIAN_POINT('',(105.199,-199.2895255448,206.94246796662));
#7222 = CARTESIAN_POINT('',(105.1888,-200.6002690839,207.65293680808));
#7223 = ORIENTED_EDGE('',*,*,#2966,.F.);
#7224 = ORIENTED_EDGE('',*,*,#6850,.F.);
#7225 = ORIENTED_EDGE('',*,*,#7226,.T.);
#7226 = EDGE_CURVE('',#6830,#7227,#7229,.T.);
#7227 = VERTEX_POINT('',#7228);
#7228 = CARTESIAN_POINT('',(113.25281177045,-196.2120048647,
    196.17172627809));
#7229 = B_SPLINE_CURVE_WITH_KNOTS('',6,(#7230,#7231,#7232,#7233,#7234,
    #7235,#7236,#7237,#7238,#7239,#7240,#7241,#7242,#7243,#7244,#7245,
    #7246),.UNSPECIFIED.,.F.,.F.,(7,5,5,7),(-9.000422918949,
    -5.474960499457E-02,146.55481105679,155.50048437074),.UNSPECIFIED.);
#7230 = CARTESIAN_POINT('',(114.31401177045,-59.84327509015,
    122.25510524284));
#7231 = CARTESIAN_POINT('',(114.30381177045,-61.15401862925,
    122.9655740843));
#7232 = CARTESIAN_POINT('',(114.29361177045,-62.46476216836,
    123.67604292576));
#7233 = CARTESIAN_POINT('',(114.28341177045,-63.77550570747,
    124.38651176722));
#7234 = CARTESIAN_POINT('',(114.27321177045,-65.08624924657,
    125.09698060868));
#7235 = CARTESIAN_POINT('',(114.26301177045,-66.39699278568,
    125.80744945015));
#7236 = CARTESIAN_POINT('',(114.08564520106,-89.18935404819,
    138.16170641745));
#7237 = CARTESIAN_POINT('',(113.91847863168,-110.6709717715,
    149.80549454328));
#7238 = CARTESIAN_POINT('',(113.75131206229,-132.1525894949,
    161.44928266912));
#7239 = CARTESIAN_POINT('',(113.5841454929,-153.6342072183,
    173.09307079496));
#7240 = CARTESIAN_POINT('',(113.41697892352,-175.1158249417,
    184.7368589208));
#7241 = CARTESIAN_POINT('',(113.23961235413,-197.9081862043,
    197.0911158881));
#7242 = CARTESIAN_POINT('',(113.22941235413,-199.2189297434,
    197.80158472956));
#7243 = CARTESIAN_POINT('',(113.21921235413,-200.5296732825,
    198.51205357102));
#7244 = CARTESIAN_POINT('',(113.20901235413,-201.8404168216,
    199.22252241248));
#7245 = CARTESIAN_POINT('',(113.19881235413,-203.1511603607,
    199.93299125395));
#7246 = CARTESIAN_POINT('',(113.18861235413,-204.4619038998,
    200.64346009541));
#7247 = ORIENTED_EDGE('',*,*,#7248,.F.);
#7248 = EDGE_CURVE('',#7203,#7227,#7249,.T.);
#7249 = B_SPLINE_CURVE_WITH_KNOTS('',7,(#7250,#7251,#7252,#7253,#7254,
    #7255,#7256,#7257,#7258,#7259,#7260,#7261,#7262,#7263,#7264,#7265,
    #7266,#7267,#7268,#7269,#7270,#7271,#7272,#7273,#7274,#7275),
  .UNSPECIFIED.,.F.,.F.,(8,6,6,6,8),(0.,0.249928743902,0.500002573609,
    0.750074694671,1.),.UNSPECIFIED.);
#7250 = CARTESIAN_POINT('',(105.25,-192.7358078493,203.39012375931));
#7251 = CARTESIAN_POINT('',(105.25,-192.9114255133,203.02544992237));
#7252 = CARTESIAN_POINT('',(105.27383819558,-193.0913112366,
    202.65191336888));
#7253 = CARTESIAN_POINT('',(105.32359432234,-193.2745525707,
    202.27140881784));
#7254 = CARTESIAN_POINT('',(105.40114205148,-193.4600122452,
    201.8862978356));
#7255 = CARTESIAN_POINT('',(105.50793494098,-193.6463255832,
    201.49941420279));
#7256 = CARTESIAN_POINT('',(105.64482565966,-193.8319505269,
    201.11396003539));
#7257 = CARTESIAN_POINT('',(105.9791083073,-194.1986964382,
    200.35240430346));
#7258 = CARTESIAN_POINT('',(106.17653673398,-194.3798153094,
    199.97630709224));
#7259 = CARTESIAN_POINT('',(106.40431197658,-194.5570065617,
    199.60836566543));
#7260 = CARTESIAN_POINT('',(106.66181077775,-194.7285758277,
    199.25209841376));
#7261 = CARTESIAN_POINT('',(106.94756177427,-194.8928530646,
    198.91097321628));
#7262 = CARTESIAN_POINT('',(107.25928974598,-195.048336568,
    198.5881083946));
#7263 = CARTESIAN_POINT('',(107.9289651319,-195.3392247735,
    197.98407281193));
#7264 = CARTESIAN_POINT('',(108.28691352627,-195.4746301756,
    197.70290059718));
#7265 = CARTESIAN_POINT('',(108.66510742329,-195.5987523436,
    197.4451582597));
#7266 = CARTESIAN_POINT('',(109.06008979759,-195.7106028609,
    197.21289826728));
#7267 = CARTESIAN_POINT('',(109.46801591371,-195.8095424577,
    197.00744807748));
#7268 = CARTESIAN_POINT('',(109.88498488427,-195.8953002801,
    196.82937012427));
#7269 = CARTESIAN_POINT('',(110.72929958832,-196.0405035696,
    196.52785238676));
#7270 = CARTESIAN_POINT('',(111.15664044096,-196.0999650756,
    196.40437929729));
#7271 = CARTESIAN_POINT('',(111.58556643202,-196.1463529637,
    196.3080538552));
#7272 = CARTESIAN_POINT('',(112.01252727248,-196.1800375577,
    196.23810707501));
#7273 = CARTESIAN_POINT('',(112.43438105457,-196.2016502296,
    196.19322789931));
#7274 = CARTESIAN_POINT('',(112.84850945183,-196.2120048647,
    196.17172627809));
#7275 = CARTESIAN_POINT('',(113.25281177045,-196.2120048647,
    196.17172627809));
#7276 = ( BOUNDED_SURFACE() B_SPLINE_SURFACE(2,6,(
    (#7277,#7278,#7279,#7280,#7281,#7282,#7283,#7284,#7285,#7286,#7287
      ,#7288,#7289,#7290,#7291,#7292,#7293)
    ,(#7294,#7295,#7296,#7297,#7298,#7299,#7300,#7301,#7302,#7303,#7304
      ,#7305,#7306,#7307,#7308,#7309,#7310)
    ,(#7311,#7312,#7313,#7314,#7315,#7316,#7317,#7318,#7319,#7320,#7321
      ,#7322,#7323,#7324,#7325,#7326,#7327
)),.UNSPECIFIED.,.F.,.F.,.F.) B_SPLINE_SURFACE_WITH_KNOTS((3,3),(7,5,5,7
    ),(0.,146.60956066178),(-9.000422918949,-5.474960499457E-02,
    146.55481105679,155.50048437074),.UNSPECIFIED.) 
GEOMETRIC_REPRESENTATION_ITEM() RATIONAL_B_SPLINE_SURFACE((
    (1.,1.,1.,1.,1.,1.,1.,1.,1.,1.,1.,1.,1.,1.,1.,1.,1.)
    ,(0.706990803572,0.706990803572,0.706990803572,0.706990803572
      ,0.706990803572,0.706990803572,0.706990803572,0.706990803572
      ,0.706990803572,0.706990803572,0.706990803572,0.706990803572
      ,0.706990803572,0.706990803572,0.706990803572,0.706990803572
      ,0.706990803572)
    ,(1.,1.,1.,1.,1.,1.,1.,1.,1.,1.,1.,1.,1.,1.,1.,1.,1.
))) REPRESENTATION_ITEM('') SURFACE() );
#7277 = CARTESIAN_POINT('',(106.31419941632,-55.98164027425,
    129.26458195551));
#7278 = CARTESIAN_POINT('',(106.30399941632,-57.29238381336,
    129.97505079697));
#7279 = CARTESIAN_POINT('',(106.29379941632,-58.60312735247,
    130.68551963844));
#7280 = CARTESIAN_POINT('',(106.28359941632,-59.91387089157,
    131.3959884799));
#7281 = CARTESIAN_POINT('',(106.27339941632,-61.22461443068,
    132.10645732136));
#7282 = CARTESIAN_POINT('',(106.26319941632,-62.53535796979,
    132.81692616282));
#7283 = CARTESIAN_POINT('',(106.08583284693,-85.3277192323,
    145.17118313012));
#7284 = CARTESIAN_POINT('',(105.91866627754,-106.8093369557,
    156.81497125596));
#7285 = CARTESIAN_POINT('',(105.75149970816,-128.2909546791,
    168.4587593818));
#7286 = CARTESIAN_POINT('',(105.58433313877,-149.7725724025,
    180.10254750764));
#7287 = CARTESIAN_POINT('',(105.41716656938,-171.2541901259,
    191.74633563347));
#7288 = CARTESIAN_POINT('',(105.2398,-194.0465513884,204.10059260077));
#7289 = CARTESIAN_POINT('',(105.2296,-195.3572949275,204.81106144223));
#7290 = CARTESIAN_POINT('',(105.2194,-196.6680384666,205.5215302837));
#7291 = CARTESIAN_POINT('',(105.2092,-197.9787820057,206.23199912516));
#7292 = CARTESIAN_POINT('',(105.199,-199.2895255448,206.94246796662));
#7293 = CARTESIAN_POINT('',(105.1888,-200.6002690839,207.65293680808));
#7294 = CARTESIAN_POINT('',(106.31157455825,-59.79514275499,
    122.22901583376));
#7295 = CARTESIAN_POINT('',(106.30137455825,-61.1058862941,
    122.93948467522));
#7296 = CARTESIAN_POINT('',(106.29117455825,-62.41662983321,
    123.64995351668));
#7297 = CARTESIAN_POINT('',(106.28097455825,-63.72737337232,
    124.36042235814));
#7298 = CARTESIAN_POINT('',(106.27077455825,-65.03811691142,
    125.0708911996));
#7299 = CARTESIAN_POINT('',(106.26057455825,-66.34886045053,
    125.78136004107));
#7300 = CARTESIAN_POINT('',(106.08320798887,-89.14122171304,
    138.13561700837));
#7301 = CARTESIAN_POINT('',(105.91604141948,-110.6228394364,
    149.7794051342));
#7302 = CARTESIAN_POINT('',(105.74887485009,-132.1044571598,
    161.42319326004));
#7303 = CARTESIAN_POINT('',(105.58170828071,-153.5860748832,
    173.06698138588));
#7304 = CARTESIAN_POINT('',(105.41454171132,-175.0676926066,
    184.71076951172));
#7305 = CARTESIAN_POINT('',(105.23717514193,-197.8600538691,
    197.06502647902));
#7306 = CARTESIAN_POINT('',(105.22697514193,-199.1707974082,
    197.77549532048));
#7307 = CARTESIAN_POINT('',(105.21677514193,-200.4815409473,
    198.48596416194));
#7308 = CARTESIAN_POINT('',(105.20657514193,-201.7922844864,
    199.1964330034));
#7309 = CARTESIAN_POINT('',(105.19637514193,-203.1030280255,
    199.90690184486));
#7310 = CARTESIAN_POINT('',(105.18617514193,-204.4137715646,
    200.61737068633));
#7311 = CARTESIAN_POINT('',(114.31401177045,-59.84327509015,
    122.25510524284));
#7312 = CARTESIAN_POINT('',(114.30381177045,-61.15401862925,
    122.9655740843));
#7313 = CARTESIAN_POINT('',(114.29361177045,-62.46476216836,
    123.67604292576));
#7314 = CARTESIAN_POINT('',(114.28341177045,-63.77550570747,
    124.38651176722));
#7315 = CARTESIAN_POINT('',(114.27321177045,-65.08624924657,
    125.09698060868));
#7316 = CARTESIAN_POINT('',(114.26301177045,-66.39699278568,
    125.80744945015));
#7317 = CARTESIAN_POINT('',(114.08564520106,-89.18935404819,
    138.16170641745));
#7318 = CARTESIAN_POINT('',(113.91847863168,-110.6709717715,
    149.80549454328));
#7319 = CARTESIAN_POINT('',(113.75131206229,-132.1525894949,
    161.44928266912));
#7320 = CARTESIAN_POINT('',(113.5841454929,-153.6342072183,
    173.09307079496));
#7321 = CARTESIAN_POINT('',(113.41697892352,-175.1158249417,
    184.7368589208));
#7322 = CARTESIAN_POINT('',(113.23961235413,-197.9081862043,
    197.0911158881));
#7323 = CARTESIAN_POINT('',(113.22941235413,-199.2189297434,
    197.80158472956));
#7324 = CARTESIAN_POINT('',(113.21921235413,-200.5296732825,
    198.51205357102));
#7325 = CARTESIAN_POINT('',(113.20901235413,-201.8404168216,
    199.22252241248));
#7326 = CARTESIAN_POINT('',(113.19881235413,-203.1511603607,
    199.93299125395));
#7327 = CARTESIAN_POINT('',(113.18861235413,-204.4619038998,
    200.64346009541));
#7328 = ADVANCED_FACE('',(#7329),#7469,.T.);
#7329 = FACE_BOUND('',#7330,.F.);
#7330 = EDGE_LOOP('',(#7331,#7339,#7340,#7350,#7467,#7468));
#7331 = ORIENTED_EDGE('',*,*,#7332,.F.);
#7332 = EDGE_CURVE('',#4647,#6978,#7333,.T.);
#7333 = B_SPLINE_CURVE_WITH_KNOTS('',4,(#7334,#7335,#7336,#7337,#7338),
  .UNSPECIFIED.,.F.,.F.,(5,5),(0.,1.),.PIECEWISE_BEZIER_KNOTS.);
#7334 = CARTESIAN_POINT('',(114.25,75.766579953671,133.53173931729));
#7335 = CARTESIAN_POINT('',(114.23397933369,75.766579953671,
    133.53173931729));
#7336 = CARTESIAN_POINT('',(114.21795881882,75.766535393192,
    133.53174145375));
#7337 = CARTESIAN_POINT('',(114.20193854912,75.76644627413,
    133.53174572658));
#7338 = CARTESIAN_POINT('',(114.18591861842,75.766312597182,
    133.53175213575));
#7339 = ORIENTED_EDGE('',*,*,#4656,.T.);
#7340 = ORIENTED_EDGE('',*,*,#7341,.F.);
#7341 = EDGE_CURVE('',#7342,#4657,#7344,.T.);
#7342 = VERTEX_POINT('',#7343);
#7343 = CARTESIAN_POINT('',(114.18591921838,61.728230476742,
    162.68213003584));
#7344 = B_SPLINE_CURVE_WITH_KNOTS('',4,(#7345,#7346,#7347,#7348,#7349),
  .UNSPECIFIED.,.F.,.F.,(5,5),(0.,1.),.PIECEWISE_BEZIER_KNOTS.);
#7345 = CARTESIAN_POINT('',(114.18591861842,61.728230473809,
    162.68213003177));
#7346 = CARTESIAN_POINT('',(114.2019385491,61.728308809132,
    162.68223854067));
#7347 = CARTESIAN_POINT('',(114.21795881886,61.728361033325,
    162.68231088082));
#7348 = CARTESIAN_POINT('',(114.23397933357,61.728387145976,
    162.68234705167));
#7349 = CARTESIAN_POINT('',(114.25,61.728387145976,162.68234705167));
#7350 = ORIENTED_EDGE('',*,*,#7351,.T.);
#7351 = EDGE_CURVE('',#7342,#2739,#7352,.T.);
#7352 = B_SPLINE_CURVE_WITH_KNOTS('',8,(#7353,#7354,#7355,#7356,#7357,
    #7358,#7359,#7360,#7361,#7362,#7363,#7364,#7365,#7366,#7367,#7368,
    #7369,#7370,#7371,#7372,#7373,#7374,#7375,#7376,#7377,#7378,#7379,
    #7380,#7381,#7382,#7383,#7384,#7385,#7386,#7387,#7388,#7389,#7390,
    #7391,#7392,#7393,#7394,#7395,#7396,#7397,#7398,#7399,#7400,#7401,
    #7402,#7403,#7404,#7405,#7406,#7407,#7408,#7409,#7410,#7411,#7412,
    #7413,#7414,#7415,#7416,#7417,#7418,#7419,#7420,#7421,#7422,#7423,
    #7424,#7425,#7426,#7427,#7428,#7429,#7430,#7431,#7432,#7433,#7434,
    #7435,#7436,#7437,#7438,#7439,#7440,#7441,#7442,#7443,#7444,#7445,
    #7446,#7447,#7448,#7449,#7450,#7451,#7452,#7453,#7454,#7455,#7456,
    #7457,#7458,#7459,#7460,#7461,#7462,#7463,#7464,#7465,#7466),
  .UNSPECIFIED.,.F.,.F.,(9,7,7,7,7,7,7,7,7,7,7,7,7,7,7,7,9),(0.,
    0.106991883794,0.214175378111,0.319846282916,0.422847325798,
    0.524497444279,0.626023471326,0.728515848074,0.832679324342,
    0.890287816522,0.946887875191,0.970772527996,0.984448479132,
    0.992164730063,0.996269955092,0.998520299417,1.),.UNSPECIFIED.);
#7353 = CARTESIAN_POINT('',(114.18591921838,61.728230476742,
    162.68213003584));
#7354 = CARTESIAN_POINT('',(114.04168504442,61.727525197479,
    162.68115309374));
#7355 = CARTESIAN_POINT('',(113.89624218491,61.723104826348,
    162.68010774778));
#7356 = CARTESIAN_POINT('',(113.74968044809,61.714859307719,
    162.6789923277));
#7357 = CARTESIAN_POINT('',(113.60209705115,61.702682195318,
    162.67780493733));
#7358 = CARTESIAN_POINT('',(113.4535964203,61.686471640039,
    162.67654342625));
#7359 = CARTESIAN_POINT('',(113.30428999071,61.666131377771,
    162.67520536153));
#7360 = CARTESIAN_POINT('',(113.1542960066,61.641571717207,
    162.67378799942));
#7361 = CARTESIAN_POINT('',(112.85291300556,61.583797650969,
    162.67078582884));
#7362 = CARTESIAN_POINT('',(112.7015219513,61.550567839278,
    162.66920072366));
#7363 = CARTESIAN_POINT('',(112.54969149314,61.512938484155,
    162.66752985105));
#7364 = CARTESIAN_POINT('',(112.39755360384,61.47083468042,
    162.66576977329));
#7365 = CARTESIAN_POINT('',(112.24524626169,61.424190144634,
    162.66391669519));
#7366 = CARTESIAN_POINT('',(112.092912818,61.372948133556,
    162.66196645382));
#7367 = CARTESIAN_POINT('',(111.94070136457,61.317062362617,
    162.65991450825));
#7368 = CARTESIAN_POINT('',(111.63897099927,61.196788180567,
    162.65562781253));
#7369 = CARTESIAN_POINT('',(111.48944435389,61.132530892376,
    162.65339605009));
#7370 = CARTESIAN_POINT('',(111.34032985426,61.06369243897,
    162.65105593204));
#7371 = CARTESIAN_POINT('',(111.19177697159,60.99025001673,
    162.64860237999));
#7372 = CARTESIAN_POINT('',(111.04393802047,60.912192129386,
    162.64602996541));
#7373 = CARTESIAN_POINT('',(110.89696722016,60.829519078157,
    162.64333292809));
#7374 = CARTESIAN_POINT('',(110.75101975587,60.742243451875,
    162.64050519451));
#7375 = CARTESIAN_POINT('',(110.46513962943,60.560858519438,
    162.63465050599));
#7376 = CARTESIAN_POINT('',(110.32514810588,60.466977564327,
    162.63163039056));
#7377 = CARTESIAN_POINT('',(110.18641995373,60.368770992661,
    162.62847415914));
#7378 = CARTESIAN_POINT('',(110.04909874593,60.266273579322,
    162.62517566153));
#7379 = CARTESIAN_POINT('',(109.9133269976,60.159531542197,
    162.62172851951));
#7380 = CARTESIAN_POINT('',(109.77924521946,60.048602451164,
    162.61812615814));
#7381 = CARTESIAN_POINT('',(109.64699097138,59.93355513709,
    162.61436183714));
#7382 = CARTESIAN_POINT('',(109.38811373687,59.696945947341,
    162.60654711316));
#7383 = CARTESIAN_POINT('',(109.26143959357,59.575489270624,
    162.60250111375));
#7384 = CARTESIAN_POINT('',(109.13680401209,59.450176202065,
    162.59828405993));
#7385 = CARTESIAN_POINT('',(109.01433170081,59.321093914293,
    162.59388922228));
#7386 = CARTESIAN_POINT('',(108.89414279004,59.188339499639,
    162.58930976425));
#7387 = CARTESIAN_POINT('',(108.77635207164,59.052019348627,
    162.58453874053));
#7388 = CARTESIAN_POINT('',(108.6610682387,58.912248528444,
    162.57956909532));
#7389 = CARTESIAN_POINT('',(108.43585556208,58.626226484633,
    162.56922454391));
#7390 = CARTESIAN_POINT('',(108.32592032391,58.479983353226,
    162.56385015559));
#7391 = CARTESIAN_POINT('',(108.21868901724,58.330543196232,
    162.55826326238));
#7392 = CARTESIAN_POINT('',(108.11425634881,58.178036407607,
    162.55245659584));
#7393 = CARTESIAN_POINT('',(108.01270969412,58.02260025352,
    162.54642267737));
#7394 = CARTESIAN_POINT('',(107.91412866585,57.864377779647,
    162.54015364336));
#7395 = CARTESIAN_POINT('',(107.81858468246,57.703516718449,
    162.53364107017));
#7396 = CARTESIAN_POINT('',(107.63281648469,57.375265284969,
    162.52004613479));
#7397 = CARTESIAN_POINT('',(107.54265155461,57.207827384941,
    162.51295903996));
#7398 = CARTESIAN_POINT('',(107.45571054535,57.038009980289,
    162.50560460422));
#7399 = CARTESIAN_POINT('',(107.37204928051,56.865972313551,
    162.4979726183));
#7400 = CARTESIAN_POINT('',(107.29171458953,56.691875720238,
    162.4900515051));
#7401 = CARTESIAN_POINT('',(107.21474428905,56.515881763171,
    162.48182725054));
#7402 = CARTESIAN_POINT('',(107.14116716411,56.338150366817,
    162.47328233444));
#7403 = CARTESIAN_POINT('',(106.99969473386,55.976601915195,
    162.45536207815));
#7404 = CARTESIAN_POINT('',(106.93191167711,55.792732616152,
    162.44597503653));
#7405 = CARTESIAN_POINT('',(106.86767458328,55.607394641874,
    162.43621092251));
#7406 = CARTESIAN_POINT('',(106.80699483178,55.420746045468,
    162.42603817443));
#7407 = CARTESIAN_POINT('',(106.74987456149,55.232938755352,
    162.41541851064));
#7408 = CARTESIAN_POINT('',(106.69630703573,55.044113575848,
    162.40430135518));
#7409 = CARTESIAN_POINT('',(106.64627718822,54.85438977884,
    162.39261046135));
#7410 = CARTESIAN_POINT('',(106.57403692484,54.558469254438,
    162.37337159538));
#7411 = CARTESIAN_POINT('',(106.54938665503,54.452839285827,
    162.36630710136));
#7412 = CARTESIAN_POINT('',(106.52580769997,54.346973316291,
    162.35900855408));
#7413 = CARTESIAN_POINT('',(106.50329552609,54.240880658583,
    162.35144924947));
#7414 = CARTESIAN_POINT('',(106.48184493092,54.134566089304,
    162.34359666138));
#7415 = CARTESIAN_POINT('',(106.46145009881,54.028027561278,
    162.33540925637));
#7416 = CARTESIAN_POINT('',(106.44210468829,53.921251541548,
    162.32682993851));
#7417 = CARTESIAN_POINT('',(106.40581960196,53.709034235238,
    162.30888079586));
#7418 = CARTESIAN_POINT('',(106.38884382876,53.603602571743,
    162.29952716264));
#7419 = CARTESIAN_POINT('',(106.37286812478,53.497880686903,
    162.28963769274));
#7420 = CARTESIAN_POINT('',(106.35788576237,53.391815382276,
    162.27910266142));
#7421 = CARTESIAN_POINT('',(106.3438896873,53.285338479033,
    162.26779146259));
#7422 = CARTESIAN_POINT('',(106.33087322151,53.178312752721,
    162.25547586243));
#7423 = CARTESIAN_POINT('',(106.31882964994,53.070563397283,
    162.24187474442));
#7424 = CARTESIAN_POINT('',(106.30308211847,52.915666554445,
    162.21973811657));
#7425 = CARTESIAN_POINT('',(106.29858152189,52.869489608767,
    162.21281884753));
#7426 = CARTESIAN_POINT('',(106.29425327473,52.823067658335,
    162.20549740077));
#7427 = CARTESIAN_POINT('',(106.29009719208,52.776358440098,
    162.19771134973));
#7428 = CARTESIAN_POINT('',(106.28611331036,52.7293036111,
    162.18937507061));
#7429 = CARTESIAN_POINT('',(106.2823018875,52.681828020661,
    162.18037871416));
#7430 = CARTESIAN_POINT('',(106.27866357217,52.633826171725,
    162.17056892944));
#7431 = CARTESIAN_POINT('',(106.27321685402,52.557223339364,
    162.15344702526));
#7432 = CARTESIAN_POINT('',(106.27129102725,52.529100036565,
    162.14685969937));
#7433 = CARTESIAN_POINT('',(106.26942282603,52.500709095955,
    162.13986829827));
#7434 = CARTESIAN_POINT('',(106.26761265568,52.472008713604,
    162.13241265487));
#7435 = CARTESIAN_POINT('',(106.26586116773,52.442941514733,
    162.12440973893));
#7436 = CARTESIAN_POINT('',(106.2641692491,52.41343465456,
    162.11575381444));
#7437 = CARTESIAN_POINT('',(106.26253819206,52.38338672529,
    162.10629769139));
#7438 = CARTESIAN_POINT('',(106.26008575739,52.335258760397,
    162.08984948381));
#7439 = CARTESIAN_POINT('',(106.25922134316,52.31767089104,
    162.0835799215));
#7440 = CARTESIAN_POINT('',(106.25837750337,52.299821076822,
    162.07692555768));
#7441 = CARTESIAN_POINT('',(106.25755474782,52.281670575445,
    162.06983050324));
#7442 = CARTESIAN_POINT('',(106.25675386161,52.26316520285,
    162.06221557375));
#7443 = CARTESIAN_POINT('',(106.25597587249,52.244236954552,
    162.05398066099));
#7444 = CARTESIAN_POINT('',(106.25522223043,52.224790968847,
    162.04498588121));
#7445 = CARTESIAN_POINT('',(106.25410900998,52.193935811095,
    162.02964488413));
#7446 = CARTESIAN_POINT('',(106.25373014023,52.183026418538,
    162.02403020196));
#7447 = CARTESIAN_POINT('',(106.25335934272,52.17189371848,
    162.01808729351));
#7448 = CARTESIAN_POINT('',(106.25299708983,52.160505740417,
    162.01176945393));
#7449 = CARTESIAN_POINT('',(106.25264412498,52.148817689922,
    162.00500973424));
#7450 = CARTESIAN_POINT('',(106.25230141959,52.136774192591,
    161.99772428666));
#7451 = CARTESIAN_POINT('',(106.25197033847,52.124298306498,
    161.98979621191));
#7452 = CARTESIAN_POINT('',(106.25147969634,52.10408503721,
    161.97618214668));
#7453 = CARTESIAN_POINT('',(106.25131033788,52.096758386711,
    161.97110496407));
#7454 = CARTESIAN_POINT('',(106.25114568729,52.089233134296,
    161.96573041098));
#7455 = CARTESIAN_POINT('',(106.25098621594,52.081479761003,
    161.96001473501));
#7456 = CARTESIAN_POINT('',(106.25083275249,52.073456125183,
    161.95389235442));
#7457 = CARTESIAN_POINT('',(106.25068638336,52.065112328224,
    161.94728338255));
#7458 = CARTESIAN_POINT('',(106.25054863863,52.056379788416,
    161.94007712662));
#7459 = CARTESIAN_POINT('',(106.2503396865,52.041017704598,
    161.92675747984));
#7460 = CARTESIAN_POINT('',(106.25026258383,52.034744815823,
    161.92116025822));
#7461 = CARTESIAN_POINT('',(106.25019121926,52.028209558065,
    161.91515424415));
#7462 = CARTESIAN_POINT('',(106.25012688039,52.021327803734,
    161.90861620905));
#7463 = CARTESIAN_POINT('',(106.25007086558,52.014048151068,
    161.90146022178));
#7464 = CARTESIAN_POINT('',(106.25002745784,52.006258890438,
    161.89346878667));
#7465 = CARTESIAN_POINT('',(106.25,51.997917090606,161.8845216223));
#7466 = CARTESIAN_POINT('',(106.25,51.98871204191,161.87402073882));
#7467 = ORIENTED_EDGE('',*,*,#2738,.F.);
#7468 = ORIENTED_EDGE('',*,*,#6977,.F.);
#7469 = TOROIDAL_SURFACE('',#7470,70.,8.);
#7470 = AXIS2_PLACEMENT_3D('',#7471,#7472,#7473);
#7471 = CARTESIAN_POINT('',(114.25,0.,115.));
#7472 = DIRECTION('',(-1.,-0.,2.22044604925E-16));
#7473 = DIRECTION('',(-2.22044604925E-16,0.,-1.));
#7474 = ADVANCED_FACE('',(#7475),#7507,.T.);
#7475 = FACE_BOUND('',#7476,.T.);
#7476 = EDGE_LOOP('',(#7477,#7478,#7479,#7487));
#7477 = ORIENTED_EDGE('',*,*,#2958,.T.);
#7478 = ORIENTED_EDGE('',*,*,#7202,.T.);
#7479 = ORIENTED_EDGE('',*,*,#7480,.F.);
#7480 = EDGE_CURVE('',#7481,#7203,#7483,.T.);
#7481 = VERTEX_POINT('',#7482);
#7482 = CARTESIAN_POINT('',(105.25,-189.2749921413,210.57658162653));
#7483 = LINE('',#7484,#7485);
#7484 = CARTESIAN_POINT('',(105.25,-185.7987951259,217.79497910775));
#7485 = VECTOR('',#7486,1.);
#7486 = DIRECTION('',(-2.000552763231E-16,-0.433883739118,
    -0.900968867902));
#7487 = ORIENTED_EDGE('',*,*,#7488,.F.);
#7488 = EDGE_CURVE('',#2916,#7481,#7489,.T.);
#7489 = B_SPLINE_CURVE_WITH_KNOTS('',6,(#7490,#7491,#7492,#7493,#7494,
    #7495,#7496,#7497,#7498,#7499,#7500,#7501,#7502,#7503,#7504,#7505,
    #7506),.UNSPECIFIED.,.F.,.F.,(7,5,5,7),(-9.000422918949,
    -5.47496049947E-02,146.55481105679,155.50048437074),.UNSPECIFIED.);
#7490 = CARTESIAN_POINT('',(106.31419941632,-46.05648105939,
    149.87438742957));
#7491 = CARTESIAN_POINT('',(106.30399941632,-47.42918319644,
    150.45619791669));
#7492 = CARTESIAN_POINT('',(106.29379941632,-48.80188533349,
    151.03800840382));
#7493 = CARTESIAN_POINT('',(106.28359941632,-50.17458747055,
    151.61981889094));
#7494 = CARTESIAN_POINT('',(106.27339941632,-51.5472896076,
    152.20162937807));
#7495 = CARTESIAN_POINT('',(106.26319941632,-52.91999174465,
    152.7834398652));
#7496 = CARTESIAN_POINT('',(106.08583284693,-76.78974359164,
    162.90047223136));
#7497 = CARTESIAN_POINT('',(105.91866627754,-99.28679330158,
    172.43569411039));
#7498 = CARTESIAN_POINT('',(105.75149970816,-121.7838430115,
    181.97091598942));
#7499 = CARTESIAN_POINT('',(105.58433313877,-144.2808927214,
    191.50613786846));
#7500 = CARTESIAN_POINT('',(105.41716656938,-166.7779424313,
    201.04135974749));
#7501 = CARTESIAN_POINT('',(105.2398,-190.6476942783,211.15839211365));
#7502 = CARTESIAN_POINT('',(105.2296,-192.0203964154,211.74020260078));
#7503 = CARTESIAN_POINT('',(105.2194,-193.3930985524,212.3220130879));
#7504 = CARTESIAN_POINT('',(105.2092,-194.7658006895,212.90382357503));
#7505 = CARTESIAN_POINT('',(105.199,-196.1385028265,213.48563406215));
#7506 = CARTESIAN_POINT('',(105.1888,-197.5112049636,214.06744454928));
#7507 = B_SPLINE_SURFACE_WITH_KNOTS('',1,1,(
    (#7508,#7509)
    ,(#7510,#7511
    )),.UNSPECIFIED.,.F.,.F.,.F.,(2,2),(2,2),(0.,38.),(0.,1.),
  .PIECEWISE_BEZIER_KNOTS.);
#7508 = CARTESIAN_POINT('',(106.25,-51.22015423832,160.7547352719));
#7509 = CARTESIAN_POINT('',(105.25,-185.7987951259,217.79497910775));
#7510 = CARTESIAN_POINT('',(106.25,-67.70773632479,126.51791829161));
#7511 = CARTESIAN_POINT('',(105.25,-196.2120048647,196.17172627809));
#7512 = ADVANCED_FACE('',(#7513),#7590,.F.);
#7513 = FACE_BOUND('',#7514,.F.);
#7514 = EDGE_LOOP('',(#7515,#7537,#7538,#7539,#7561));
#7515 = ORIENTED_EDGE('',*,*,#7516,.F.);
#7516 = EDGE_CURVE('',#2748,#7517,#7519,.T.);
#7517 = VERTEX_POINT('',#7518);
#7518 = CARTESIAN_POINT('',(105.25,135.29792520448,278.26168270868));
#7519 = B_SPLINE_CURVE_WITH_KNOTS('',6,(#7520,#7521,#7522,#7523,#7524,
    #7525,#7526,#7527,#7528,#7529,#7530,#7531,#7532,#7533,#7534,#7535,
    #7536),.UNSPECIFIED.,.F.,.F.,(7,5,5,7),(-9.00042291895,
    -5.474960499583E-02,146.55481105679,155.50048437074),.UNSPECIFIED.);
#7520 = CARTESIAN_POINT('',(106.31419941632,44.24854490541,
    152.14146765969));
#7521 = CARTESIAN_POINT('',(106.30399941632,45.12122315049,
    153.35028827523));
#7522 = CARTESIAN_POINT('',(106.29379941632,45.993901395569,
    154.55910889078));
#7523 = CARTESIAN_POINT('',(106.28359941632,46.866579640649,
    155.76792950632));
#7524 = CARTESIAN_POINT('',(106.27339941632,47.739257885729,
    156.97675012186));
#7525 = CARTESIAN_POINT('',(106.26319941632,48.611936130809,
    158.18557073741));
#7526 = CARTESIAN_POINT('',(106.08583284693,63.786832847322,
    179.20560657891));
#7527 = CARTESIAN_POINT('',(105.91866627754,78.089051318755,
    199.01682180486));
#7528 = CARTESIAN_POINT('',(105.75149970816,92.391269790189,
    218.82803703082));
#7529 = CARTESIAN_POINT('',(105.58433313877,106.69348826162,
    238.63925225677));
#7530 = CARTESIAN_POINT('',(105.41716656938,120.99570673305,
    258.45046748272));
#7531 = CARTESIAN_POINT('',(105.2398,136.17060344956,279.47050332422));
#7532 = CARTESIAN_POINT('',(105.2296,137.04328169464,280.67932393977));
#7533 = CARTESIAN_POINT('',(105.2194,137.91595993972,281.88814455531));
#7534 = CARTESIAN_POINT('',(105.2092,138.7886381848,283.09696517086));
#7535 = CARTESIAN_POINT('',(105.199,139.66131642988,284.3057857864));
#7536 = CARTESIAN_POINT('',(105.1888,140.53399467496,285.51460640194));
#7537 = ORIENTED_EDGE('',*,*,#2747,.F.);
#7538 = ORIENTED_EDGE('',*,*,#7351,.F.);
#7539 = ORIENTED_EDGE('',*,*,#7540,.T.);
#7540 = EDGE_CURVE('',#7342,#7541,#7543,.T.);
#7541 = VERTEX_POINT('',#7542);
#7542 = CARTESIAN_POINT('',(113.25281177045,141.56181578366,
    273.26639666091));
#7543 = B_SPLINE_CURVE_WITH_KNOTS('',6,(#7544,#7545,#7546,#7547,#7548,
    #7549,#7550,#7551,#7552,#7553,#7554,#7555,#7556,#7557,#7558,#7559,
    #7560),.UNSPECIFIED.,.F.,.F.,(7,5,5,7),(-9.00042291895,
    -5.474960499583E-02,146.55481105679,155.50048437074),.UNSPECIFIED.);
#7544 = CARTESIAN_POINT('',(114.31401177045,50.76905561909,
    147.5016479143));
#7545 = CARTESIAN_POINT('',(114.30381177045,51.64173386417,
    148.71046852985));
#7546 = CARTESIAN_POINT('',(114.29361177045,52.51441210925,
    149.91928914539));
#7547 = CARTESIAN_POINT('',(114.28341177045,53.38709035433,
    151.12810976094));
#7548 = CARTESIAN_POINT('',(114.27321177045,54.259768599409,
    152.33693037648));
#7549 = CARTESIAN_POINT('',(114.26301177045,55.132446844489,
    153.54575099203));
#7550 = CARTESIAN_POINT('',(114.08564520106,70.307343561003,
    174.56578683352));
#7551 = CARTESIAN_POINT('',(113.91847863168,84.609562032436,
    194.37700205948));
#7552 = CARTESIAN_POINT('',(113.75131206229,98.91178050387,
    214.18821728543));
#7553 = CARTESIAN_POINT('',(113.5841454929,113.2139989753,
    233.99943251139));
#7554 = CARTESIAN_POINT('',(113.41697892352,127.51621744673,
    253.81064773734));
#7555 = CARTESIAN_POINT('',(113.23961235413,142.69111416324,
    274.83068357884));
#7556 = CARTESIAN_POINT('',(113.22941235413,143.56379240832,
    276.03950419439));
#7557 = CARTESIAN_POINT('',(113.21921235413,144.4364706534,
    277.24832480993));
#7558 = CARTESIAN_POINT('',(113.20901235413,145.30914889848,
    278.45714542547));
#7559 = CARTESIAN_POINT('',(113.19881235413,146.18182714356,
    279.66596604102));
#7560 = CARTESIAN_POINT('',(113.18861235413,147.05450538864,
    280.87478665656));
#7561 = ORIENTED_EDGE('',*,*,#7562,.F.);
#7562 = EDGE_CURVE('',#7517,#7541,#7563,.T.);
#7563 = B_SPLINE_CURVE_WITH_KNOTS('',7,(#7564,#7565,#7566,#7567,#7568,
    #7569,#7570,#7571,#7572,#7573,#7574,#7575,#7576,#7577,#7578,#7579,
    #7580,#7581,#7582,#7583,#7584,#7585,#7586,#7587,#7588,#7589),
  .UNSPECIFIED.,.F.,.F.,(8,6,6,6,8),(0.,0.249928743902,0.500002573609,
    0.75007469467,1.),.UNSPECIFIED.);
#7564 = CARTESIAN_POINT('',(105.25,135.29792520448,278.26168270868));
#7565 = CARTESIAN_POINT('',(105.25,135.61437730035,278.00932058337));
#7566 = CARTESIAN_POINT('',(105.27383819558,135.9385201734,
    277.75082526792));
#7567 = CARTESIAN_POINT('',(105.32359432234,136.26870964811,
    277.48750794855));
#7568 = CARTESIAN_POINT('',(105.40114205148,136.60289643401,
    277.22100287988));
#7569 = CARTESIAN_POINT('',(105.50793494098,136.93862146843,
    276.95327109895));
#7570 = CARTESIAN_POINT('',(105.64482565966,137.27310605925,
    276.68652853878));
#7571 = CARTESIAN_POINT('',(105.9791083073,137.93395935628,
    276.15951562044));
#7572 = CARTESIAN_POINT('',(106.17653673398,138.26032428483,
    275.89924827486));
#7573 = CARTESIAN_POINT('',(106.40431197658,138.57961188891,
    275.6446249072));
#7574 = CARTESIAN_POINT('',(106.66181077775,138.88876902346,
    275.39808031941));
#7575 = CARTESIAN_POINT('',(106.94756177427,139.18478637585,
    275.16201435824));
#7576 = CARTESIAN_POINT('',(107.25928974598,139.46495796796,
    274.9385849692));
#7577 = CARTESIAN_POINT('',(107.9289651319,139.9891204023,
    274.52057937637));
#7578 = CARTESIAN_POINT('',(108.28691352627,140.23311250604,
    274.32600216654));
#7579 = CARTESIAN_POINT('',(108.66510742329,140.45677292428,
    274.14763893485));
#7580 = CARTESIAN_POINT('',(109.06008979759,140.65832059219,
    273.98691003309));
#7581 = CARTESIAN_POINT('',(109.46801591372,140.8366035853,
    273.8447340904));
#7582 = CARTESIAN_POINT('',(109.88498488426,140.99113384169,
    273.72150032316));
#7583 = CARTESIAN_POINT('',(110.72929958832,141.25278112841,
    273.51284357472));
#7584 = CARTESIAN_POINT('',(111.15664044095,141.35992705989,
    273.42739754564));
#7585 = CARTESIAN_POINT('',(111.58556643202,141.44351514586,
    273.36073827145));
#7586 = CARTESIAN_POINT('',(112.01252727248,141.50421268691,
    273.31233359769));
#7587 = CARTESIAN_POINT('',(112.43438105457,141.54315737604,
    273.28127624447));
#7588 = CARTESIAN_POINT('',(112.84850945184,141.56181578366,
    273.26639666091));
#7589 = CARTESIAN_POINT('',(113.25281177045,141.56181578366,
    273.26639666091));
#7590 = ( BOUNDED_SURFACE() B_SPLINE_SURFACE(2,6,(
    (#7591,#7592,#7593,#7594,#7595,#7596,#7597,#7598,#7599,#7600,#7601
      ,#7602,#7603,#7604,#7605,#7606,#7607)
    ,(#7608,#7609,#7610,#7611,#7612,#7613,#7614,#7615,#7616,#7617,#7618
      ,#7619,#7620,#7621,#7622,#7623,#7624)
    ,(#7625,#7626,#7627,#7628,#7629,#7630,#7631,#7632,#7633,#7634,#7635
      ,#7636,#7637,#7638,#7639,#7640,#7641
)),.UNSPECIFIED.,.F.,.F.,.F.) B_SPLINE_SURFACE_WITH_KNOTS((3,3),(7,5,5,7
    ),(0.,146.60956066178),(-9.00042291895,-5.474960499583E-02,
    146.55481105679,155.50048437074),.UNSPECIFIED.) 
GEOMETRIC_REPRESENTATION_ITEM() RATIONAL_B_SPLINE_SURFACE((
    (1.,1.,1.,1.,1.,1.,1.,1.,1.,1.,1.,1.,1.,1.,1.,1.,1.)
    ,(0.706990803572,0.706990803572,0.706990803572,0.706990803572
      ,0.706990803572,0.706990803572,0.706990803572,0.706990803572
      ,0.706990803572,0.706990803572,0.706990803572,0.706990803572
      ,0.706990803572,0.706990803572,0.706990803572,0.706990803572
      ,0.706990803572)
    ,(1.,1.,1.,1.,1.,1.,1.,1.,1.,1.,1.,1.,1.,1.,1.,1.,1.
))) REPRESENTATION_ITEM('') SURFACE() );
#7591 = CARTESIAN_POINT('',(106.31419941632,44.24854490541,
    152.14146765969));
#7592 = CARTESIAN_POINT('',(106.30399941632,45.12122315049,
    153.35028827523));
#7593 = CARTESIAN_POINT('',(106.29379941632,45.993901395569,
    154.55910889078));
#7594 = CARTESIAN_POINT('',(106.28359941632,46.866579640649,
    155.76792950632));
#7595 = CARTESIAN_POINT('',(106.27339941632,47.739257885729,
    156.97675012186));
#7596 = CARTESIAN_POINT('',(106.26319941632,48.611936130809,
    158.18557073741));
#7597 = CARTESIAN_POINT('',(106.08583284693,63.786832847322,
    179.20560657891));
#7598 = CARTESIAN_POINT('',(105.91866627754,78.089051318755,
    199.01682180486));
#7599 = CARTESIAN_POINT('',(105.75149970816,92.391269790189,
    218.82803703082));
#7600 = CARTESIAN_POINT('',(105.58433313877,106.69348826162,
    238.63925225677));
#7601 = CARTESIAN_POINT('',(105.41716656938,120.99570673305,
    258.45046748272));
#7602 = CARTESIAN_POINT('',(105.2398,136.17060344956,279.47050332422));
#7603 = CARTESIAN_POINT('',(105.2296,137.04328169464,280.67932393977));
#7604 = CARTESIAN_POINT('',(105.2194,137.91595993972,281.88814455531));
#7605 = CARTESIAN_POINT('',(105.2092,138.7886381848,283.09696517086));
#7606 = CARTESIAN_POINT('',(105.199,139.66131642988,284.3057857864));
#7607 = CARTESIAN_POINT('',(105.1888,140.53399467496,285.51460640194));
#7608 = CARTESIAN_POINT('',(106.31157455825,50.737009653943,
    147.45725833139));
#7609 = CARTESIAN_POINT('',(106.30137455825,51.609687899023,
    148.66607894694));
#7610 = CARTESIAN_POINT('',(106.29117455825,52.482366144103,
    149.87489956248));
#7611 = CARTESIAN_POINT('',(106.28097455825,53.355044389183,
    151.08372017803));
#7612 = CARTESIAN_POINT('',(106.27077455825,54.227722634263,
    152.29254079357));
#7613 = CARTESIAN_POINT('',(106.26057455825,55.100400879342,
    153.50136140911));
#7614 = CARTESIAN_POINT('',(106.08320798887,70.275297595856,
    174.52139725061));
#7615 = CARTESIAN_POINT('',(105.91604141948,84.577516067289,
    194.33261247657));
#7616 = CARTESIAN_POINT('',(105.74887485009,98.879734538722,
    214.14382770252));
#7617 = CARTESIAN_POINT('',(105.58170828071,113.18195301015,
    233.95504292848));
#7618 = CARTESIAN_POINT('',(105.41454171132,127.48417148158,
    253.76625815443));
#7619 = CARTESIAN_POINT('',(105.23717514193,142.6590681981,
    274.78629399593));
#7620 = CARTESIAN_POINT('',(105.22697514193,143.53174644318,
    275.99511461147));
#7621 = CARTESIAN_POINT('',(105.21677514193,144.40442468826,
    277.20393522702));
#7622 = CARTESIAN_POINT('',(105.20657514193,145.27710293334,
    278.41275584256));
#7623 = CARTESIAN_POINT('',(105.19637514193,146.14978117842,
    279.62157645811));
#7624 = CARTESIAN_POINT('',(105.18617514193,147.0224594235,
    280.83039707365));
#7625 = CARTESIAN_POINT('',(114.31401177045,50.76905561909,
    147.5016479143));
#7626 = CARTESIAN_POINT('',(114.30381177045,51.64173386417,
    148.71046852985));
#7627 = CARTESIAN_POINT('',(114.29361177045,52.51441210925,
    149.91928914539));
#7628 = CARTESIAN_POINT('',(114.28341177045,53.38709035433,
    151.12810976094));
#7629 = CARTESIAN_POINT('',(114.27321177045,54.259768599409,
    152.33693037648));
#7630 = CARTESIAN_POINT('',(114.26301177045,55.132446844489,
    153.54575099203));
#7631 = CARTESIAN_POINT('',(114.08564520106,70.307343561003,
    174.56578683352));
#7632 = CARTESIAN_POINT('',(113.91847863168,84.609562032436,
    194.37700205948));
#7633 = CARTESIAN_POINT('',(113.75131206229,98.91178050387,
    214.18821728543));
#7634 = CARTESIAN_POINT('',(113.5841454929,113.2139989753,
    233.99943251139));
#7635 = CARTESIAN_POINT('',(113.41697892352,127.51621744673,
    253.81064773734));
#7636 = CARTESIAN_POINT('',(113.23961235413,142.69111416324,
    274.83068357884));
#7637 = CARTESIAN_POINT('',(113.22941235413,143.56379240832,
    276.03950419439));
#7638 = CARTESIAN_POINT('',(113.21921235413,144.4364706534,
    277.24832480993));
#7639 = CARTESIAN_POINT('',(113.20901235413,145.30914889848,
    278.45714542547));
#7640 = CARTESIAN_POINT('',(113.19881235413,146.18182714356,
    279.66596604102));
#7641 = CARTESIAN_POINT('',(113.18861235413,147.05450538864,
    280.87478665656));
#7642 = ADVANCED_FACE('',(#7643),#7817,.F.);
#7643 = FACE_BOUND('',#7644,.F.);
#7644 = EDGE_LOOP('',(#7645,#7646,#7647,#7766,#7788));
#7645 = ORIENTED_EDGE('',*,*,#7488,.F.);
#7646 = ORIENTED_EDGE('',*,*,#2915,.F.);
#7647 = ORIENTED_EDGE('',*,*,#7648,.F.);
#7648 = EDGE_CURVE('',#7649,#2907,#7651,.T.);
#7649 = VERTEX_POINT('',#7650);
#7650 = CARTESIAN_POINT('',(114.18591921838,-60.22246298137,
    164.57030275276));
#7651 = B_SPLINE_CURVE_WITH_KNOTS('',8,(#7652,#7653,#7654,#7655,#7656,
    #7657,#7658,#7659,#7660,#7661,#7662,#7663,#7664,#7665,#7666,#7667,
    #7668,#7669,#7670,#7671,#7672,#7673,#7674,#7675,#7676,#7677,#7678,
    #7679,#7680,#7681,#7682,#7683,#7684,#7685,#7686,#7687,#7688,#7689,
    #7690,#7691,#7692,#7693,#7694,#7695,#7696,#7697,#7698,#7699,#7700,
    #7701,#7702,#7703,#7704,#7705,#7706,#7707,#7708,#7709,#7710,#7711,
    #7712,#7713,#7714,#7715,#7716,#7717,#7718,#7719,#7720,#7721,#7722,
    #7723,#7724,#7725,#7726,#7727,#7728,#7729,#7730,#7731,#7732,#7733,
    #7734,#7735,#7736,#7737,#7738,#7739,#7740,#7741,#7742,#7743,#7744,
    #7745,#7746,#7747,#7748,#7749,#7750,#7751,#7752,#7753,#7754,#7755,
    #7756,#7757,#7758,#7759,#7760,#7761,#7762,#7763,#7764,#7765),
  .UNSPECIFIED.,.F.,.F.,(9,7,7,7,7,7,7,7,7,7,7,7,7,7,7,7,9),(0.,
    0.106991883795,0.214175378111,0.319846282916,0.422847325799,
    0.52449744428,0.626023471327,0.728515848074,0.832679324342,
    0.890287816522,0.946887875191,0.970772527995,0.984448479132,
    0.992164730063,0.996269955091,0.998520299417,1.),.UNSPECIFIED.);
#7652 = CARTESIAN_POINT('',(114.18591921838,-60.22246298137,
    164.57030275276));
#7653 = CARTESIAN_POINT('',(114.04168504442,-60.22135359386,
    164.56983254639));
#7654 = CARTESIAN_POINT('',(113.89624218491,-60.21935083179,
    164.56575561455));
#7655 = CARTESIAN_POINT('',(113.74968044809,-60.21642857712,
    164.55796503261));
#7656 = CARTESIAN_POINT('',(113.60209705115,-60.21256129467,
    164.54635744505));
#7657 = CARTESIAN_POINT('',(113.4535964203,-60.20772422441,
    164.53083403486));
#7658 = CARTESIAN_POINT('',(113.30428999071,-60.20189357361,
    164.51130149285));
#7659 = CARTESIAN_POINT('',(113.1542960066,-60.19504670913,
    164.48767298699));
#7660 = CARTESIAN_POINT('',(112.85291300556,-60.17926387004,
    164.43201548302));
#7661 = CARTESIAN_POINT('',(112.7015219513,-60.17032417803,
    164.39997153117));
#7662 = CARTESIAN_POINT('',(112.54969149314,-60.16032187844,
    164.36365742667));
#7663 = CARTESIAN_POINT('',(112.39755360384,-60.14923695178,
    164.32300090735));
#7664 = CARTESIAN_POINT('',(112.24524626169,-60.13705094855,
    164.27793819613));
#7665 = CARTESIAN_POINT('',(112.092912818,-60.12374718364,
    164.22841489879));
#7666 = CARTESIAN_POINT('',(111.94070136457,-60.10931093068,
    164.17438690165));
#7667 = CARTESIAN_POINT('',(111.63897099927,-60.07836818805,
    164.05808212399));
#7668 = CARTESIAN_POINT('',(111.48944435389,-60.06189378877,
    163.99593251403));
#7669 = CARTESIAN_POINT('',(111.34032985426,-60.04429434542,
    163.92934070963));
#7670 = CARTESIAN_POINT('',(111.19177697159,-60.02555983265,
    163.85828560895));
#7671 = CARTESIAN_POINT('',(111.04393802047,-60.00568239989,
    163.7827572119));
#7672 = CARTESIAN_POINT('',(110.89696722017,-59.98465649835,
    163.70275709394));
#7673 = CARTESIAN_POINT('',(110.75101975587,-59.96247900808,
    163.61829887974));
#7674 = CARTESIAN_POINT('',(110.46513962943,-59.91640916426,
    163.44276443701));
#7675 = CARTESIAN_POINT('',(110.32514810588,-59.89257429161,
    163.35190931236));
#7676 = CARTESIAN_POINT('',(110.18641995373,-59.86764417546,
    163.25686731205));
#7677 = CARTESIAN_POINT('',(110.04909874593,-59.84162055793,
    163.15767370762));
#7678 = CARTESIAN_POINT('',(109.9133269976,-59.81450750516,
    163.05437497749));
#7679 = CARTESIAN_POINT('',(109.77924521946,-59.78631141757,
    162.94702871119));
#7680 = CARTESIAN_POINT('',(109.64699097138,-59.75704104018,
    162.8357035137));
#7681 = CARTESIAN_POINT('',(109.38811373687,-59.69677174976,
    162.60676555001));
#7682 = CARTESIAN_POINT('',(109.26143959357,-59.66580053886,
    162.48925436533));
#7683 = CARTESIAN_POINT('',(109.13680401209,-59.63380443434,
    162.36802153978));
#7684 = CARTESIAN_POINT('',(109.01433170081,-59.60079627321,
    162.24315355784));
#7685 = CARTESIAN_POINT('',(108.89414279004,-59.56679099542,
    162.11474659881));
#7686 = CARTESIAN_POINT('',(108.77635207164,-59.5318055039,
    161.98290593125));
#7687 = CARTESIAN_POINT('',(108.6610682387,-59.49585852463,
    161.84774530744));
#7688 = CARTESIAN_POINT('',(108.43585556208,-59.4221274404,
    161.57119631267));
#7689 = CARTESIAN_POINT('',(108.32592032391,-59.38434564103,
    161.4298157158));
#7690 = CARTESIAN_POINT('',(108.21868901724,-59.34564525959,
    161.28536553624));
#7691 = CARTESIAN_POINT('',(108.11425634881,-59.30604822526,
    161.13797451608));
#7692 = CARTESIAN_POINT('',(108.01270969412,-59.26557779155,
    160.98777814407));
#7693 = CARTESIAN_POINT('',(107.91412866585,-59.22425812265,
    160.83491762926));
#7694 = CARTESIAN_POINT('',(107.81858468246,-59.18211387969,
    160.67953887458));
#7695 = CARTESIAN_POINT('',(107.63281648469,-59.09581698218,
    160.36254254759));
#7696 = CARTESIAN_POINT('',(107.54265155461,-59.05164913772,
    160.20087969225));
#7697 = CARTESIAN_POINT('',(107.45571054535,-59.00669116555,
    160.03695648039));
#7698 = CARTESIAN_POINT('',(107.37204928051,-58.96096854717,
    159.87093043378));
#7699 = CARTESIAN_POINT('',(107.29171458953,-58.91450589628,
    159.70296141905));
#7700 = CARTESIAN_POINT('',(107.21474428905,-58.86732550125,
    159.53321006674));
#7701 = CARTESIAN_POINT('',(107.14116716411,-58.81944586773,
    159.36183619027));
#7702 = CARTESIAN_POINT('',(106.99969473386,-58.72152281055,
    159.01334014534));
#7703 = CARTESIAN_POINT('',(106.93191167711,-58.67145635351,
    158.83616964678));
#7704 = CARTESIAN_POINT('',(106.86767458328,-58.62069546708,
    158.65765120224));
#7705 = CARTESIAN_POINT('',(106.80699483178,-58.56924455104,
    158.47794592524));
#7706 = CARTESIAN_POINT('',(106.74987456149,-58.5171000908,
    158.2972104535));
#7707 = CARTESIAN_POINT('',(106.69630703573,-58.46424411034,
    158.11559331529));
#7708 = CARTESIAN_POINT('',(106.64627718822,-58.41062881512,
    157.9332277586));
#7709 = CARTESIAN_POINT('',(106.57403692484,-58.32602379622,157.64900763
    ));
#7710 = CARTESIAN_POINT('',(106.54938665503,-58.29563154454,
    157.54759802304));
#7711 = CARTESIAN_POINT('',(106.52580769997,-58.26495859267,
    157.44601041395));
#7712 = CARTESIAN_POINT('',(106.50329552609,-58.23398097833,
    157.34425982419));
#7713 = CARTESIAN_POINT('',(106.48184493092,-58.20266805377,
    157.24235814837));
#7714 = CARTESIAN_POINT('',(106.46145009881,-58.17097887134,
    157.14031263268));
#7715 = CARTESIAN_POINT('',(106.44210468829,-58.13885475525,
    157.03812278852));
#7716 = CARTESIAN_POINT('',(106.40581960196,-58.07413284188,
    156.83522027313));
#7717 = CARTESIAN_POINT('',(106.38884382876,-58.04155297155,
    156.73451338077));
#7718 = CARTESIAN_POINT('',(106.37286812477,-58.00838611874,
    156.63364277838));
#7719 = CARTESIAN_POINT('',(106.35788576237,-57.97451347202,
    156.53258101741));
#7720 = CARTESIAN_POINT('',(106.3438896873,-57.9397925286,
    156.43129069095));
#7721 = CARTESIAN_POINT('',(106.33087322151,-57.90397024168,
    156.3296888019));
#7722 = CARTESIAN_POINT('',(106.31882964994,-57.86673364488,
    156.22766748124));
#7723 = CARTESIAN_POINT('',(106.30308211847,-57.81068423838,
    156.08158008876));
#7724 = CARTESIAN_POINT('',(106.29858152189,-57.79366311277,
    156.03810057773));
#7725 = CARTESIAN_POINT('',(106.29425327473,-57.77619537421,
    155.99447169768));
#7726 = CARTESIAN_POINT('',(106.29009719208,-57.75821075686,
    155.95066613642));
#7727 = CARTESIAN_POINT('',(106.28611331036,-57.73961280116,
    155.90664606684));
#7728 = CARTESIAN_POINT('',(106.2823018875,-57.72027768943,
    155.86236266621));
#7729 = CARTESIAN_POINT('',(106.27866357217,-57.70003244024,
    155.81774720631));
#7730 = CARTESIAN_POINT('',(106.27321685402,-57.66629408414,
    155.746874949));
#7731 = CARTESIAN_POINT('',(106.27129102725,-57.65361389266,
    155.72092257402));
#7732 = CARTESIAN_POINT('',(106.26942282603,-57.64048020196,
    155.69479918667));
#7733 = CARTESIAN_POINT('',(106.26761265568,-57.62682505122,
    155.66847741956));
#7734 = CARTESIAN_POINT('',(106.26586116773,-57.61255472485,
    155.64191981238));
#7735 = CARTESIAN_POINT('',(106.2641692491,-57.59754992837,
    155.6150788752));
#7736 = CARTESIAN_POINT('',(106.26253819206,-57.58164459679,
    155.58788849558));
#7737 = CARTESIAN_POINT('',(106.26008575739,-57.55489930041,
    155.54462726977));
#7738 = CARTESIAN_POINT('',(106.25922134316,-57.54487326001,
    155.52887547387));
#7739 = CARTESIAN_POINT('',(106.25837750337,-57.53441377765,
    155.51295392702));
#7740 = CARTESIAN_POINT('',(106.25755474782,-57.52345774452,
    155.49683729475));
#7741 = CARTESIAN_POINT('',(106.25675386161,-57.51191590442,
    155.4804903717));
#7742 = CARTESIAN_POINT('',(106.25597587249,-57.49967552662,
    155.46386913458));
#7743 = CARTESIAN_POINT('',(106.25522223043,-57.48657912585,
    155.44691222714));
#7744 = CARTESIAN_POINT('',(106.25410900998,-57.46475684108,
    155.42024436561));
#7745 = CARTESIAN_POINT('',(106.25373014023,-57.45685536249,
    155.41085787862));
#7746 = CARTESIAN_POINT('',(106.25335934272,-57.44858419636,
    155.40132672013));
#7747 = CARTESIAN_POINT('',(106.25299708983,-57.43989069468,
    155.39163011402));
#7748 = CARTESIAN_POINT('',(106.25264412498,-57.43069961937,
    155.38173928649));
#7749 = CARTESIAN_POINT('',(106.25230141959,-57.42091690289,
    155.37161890939));
#7750 = CARTESIAN_POINT('',(106.25197033847,-57.41041145571,
    155.3612199824));
#7751 = CARTESIAN_POINT('',(106.25147969634,-57.39264084796,
    155.34454291648));
#7752 = CARTESIAN_POINT('',(106.25131033788,-57.3860606278,
    155.33852973983));
#7753 = CARTESIAN_POINT('',(106.25114568729,-57.37914629979,
    155.33238911177));
#7754 = CARTESIAN_POINT('',(106.25098621594,-57.37184863988,
    155.32610198929));
#7755 = CARTESIAN_POINT('',(106.25083275249,-57.36409433322,
    155.31964188062));
#7756 = CARTESIAN_POINT('',(106.25068638336,-57.35579439258,
    155.31297791466));
#7757 = CARTESIAN_POINT('',(106.25054863863,-57.34682563961,
    155.30606786066));
#7758 = CARTESIAN_POINT('',(106.2503396865,-57.33042155895,
    155.2940548366));
#7759 = CARTESIAN_POINT('',(106.25026258383,-57.3235688223,
    155.28918472123));
#7760 = CARTESIAN_POINT('',(106.25019121926,-57.31625915987,
    155.28414977988));
#7761 = CARTESIAN_POINT('',(106.25012688039,-57.30835371257,
    155.27889541518));
#7762 = CARTESIAN_POINT('',(106.25007086558,-57.29975726571,
    155.27339063557));
#7763 = CARTESIAN_POINT('',(106.25002745784,-57.29023291904,
    155.26757492958));
#7764 = CARTESIAN_POINT('',(106.25,-57.27965385366,155.26143320745));
#7765 = CARTESIAN_POINT('',(106.25,-57.26736793321,155.25479561495));
#7766 = ORIENTED_EDGE('',*,*,#7767,.T.);
#7767 = EDGE_CURVE('',#7649,#7768,#7770,.T.);
#7768 = VERTEX_POINT('',#7769);
#7769 = CARTESIAN_POINT('',(113.25281177045,-185.7987951259,
    217.79497910775));
#7770 = B_SPLINE_CURVE_WITH_KNOTS('',6,(#7771,#7772,#7773,#7774,#7775,
    #7776,#7777,#7778,#7779,#7780,#7781,#7782,#7783,#7784,#7785,#7786,
    #7787),.UNSPECIFIED.,.F.,.F.,(7,5,5,7),(-9.000422918949,
    -5.47496049947E-02,146.55481105679,155.50048437074),.UNSPECIFIED.);
#7771 = CARTESIAN_POINT('',(114.31401177045,-42.983941416,
    157.26387234915));
#7772 = CARTESIAN_POINT('',(114.30381177045,-44.35664355306,
    157.84568283627));
#7773 = CARTESIAN_POINT('',(114.29361177045,-45.72934569011,
    158.4274933234));
#7774 = CARTESIAN_POINT('',(114.28341177045,-47.10204782716,
    159.00930381052));
#7775 = CARTESIAN_POINT('',(114.27321177045,-48.47474996422,
    159.59111429765));
#7776 = CARTESIAN_POINT('',(114.26301177045,-49.84745210127,
    160.17292478477));
#7777 = CARTESIAN_POINT('',(114.08564520106,-73.71720394826,
    170.28995715093));
#7778 = CARTESIAN_POINT('',(113.91847863168,-96.21425365819,
    179.82517902997));
#7779 = CARTESIAN_POINT('',(113.75131206229,-118.7113033681,
    189.360400909));
#7780 = CARTESIAN_POINT('',(113.5841454929,-141.208353078,
    198.89562278804));
#7781 = CARTESIAN_POINT('',(113.41697892352,-163.705402788,
    208.43084466707));
#7782 = CARTESIAN_POINT('',(113.23961235413,-187.5751546349,
    218.54787703323));
#7783 = CARTESIAN_POINT('',(113.22941235413,-188.947856772,
    219.12968752036));
#7784 = CARTESIAN_POINT('',(113.21921235413,-190.320558909,
    219.71149800748));
#7785 = CARTESIAN_POINT('',(113.20901235413,-191.6932610461,
    220.29330849461));
#7786 = CARTESIAN_POINT('',(113.19881235413,-193.0659631832,
    220.87511898173));
#7787 = CARTESIAN_POINT('',(113.18861235413,-194.4386653202,
    221.45692946886));
#7788 = ORIENTED_EDGE('',*,*,#7789,.F.);
#7789 = EDGE_CURVE('',#7481,#7768,#7790,.T.);
#7790 = B_SPLINE_CURVE_WITH_KNOTS('',7,(#7791,#7792,#7793,#7794,#7795,
    #7796,#7797,#7798,#7799,#7800,#7801,#7802,#7803,#7804,#7805,#7806,
    #7807,#7808,#7809,#7810,#7811,#7812,#7813,#7814,#7815,#7816),
  .UNSPECIFIED.,.F.,.F.,(8,6,6,6,8),(0.,0.249928743902,0.500002573608,
    0.75007469467,1.),.UNSPECIFIED.);
#7791 = CARTESIAN_POINT('',(105.25,-189.2749921413,210.57658162653));
#7792 = CARTESIAN_POINT('',(105.25,-189.0993744773,210.94125546347));
#7793 = CARTESIAN_POINT('',(105.27383819558,-188.9194887539,
    211.31479201696));
#7794 = CARTESIAN_POINT('',(105.32359432234,-188.7362474198,
    211.69529656799));
#7795 = CARTESIAN_POINT('',(105.40114205148,-188.5507877453,
    212.08040755024));
#7796 = CARTESIAN_POINT('',(105.50793494098,-188.3644744073,
    212.46729118305));
#7797 = CARTESIAN_POINT('',(105.64482565966,-188.1788494636,
    212.85274535045));
#7798 = CARTESIAN_POINT('',(105.9791083073,-187.8121035523,
    213.61430108238));
#7799 = CARTESIAN_POINT('',(106.17653673398,-187.6309846811,
    213.9903982936));
#7800 = CARTESIAN_POINT('',(106.40431197658,-187.4537934288,
    214.3583397204));
#7801 = CARTESIAN_POINT('',(106.66181077776,-187.2822241629,
    214.71460697208));
#7802 = CARTESIAN_POINT('',(106.94756177426,-187.1179469259,
    215.05573216956));
#7803 = CARTESIAN_POINT('',(107.25928974599,-186.9624634225,
    215.37859699123));
#7804 = CARTESIAN_POINT('',(107.9289651319,-186.671575217,215.9826325739
    ));
#7805 = CARTESIAN_POINT('',(108.28691352627,-186.5361698149,
    216.26380478866));
#7806 = CARTESIAN_POINT('',(108.66510742328,-186.412047647,
    216.52154712613));
#7807 = CARTESIAN_POINT('',(109.06008979759,-186.3001971297,
    216.75380711856));
#7808 = CARTESIAN_POINT('',(109.46801591371,-186.2012575328,
    216.95925730836));
#7809 = CARTESIAN_POINT('',(109.88498488427,-186.1154997104,
    217.13733526157));
#7810 = CARTESIAN_POINT('',(110.72929958832,-185.9702964209,
    217.43885299907));
#7811 = CARTESIAN_POINT('',(111.15664044095,-185.9108349149,
    217.56232608854));
#7812 = CARTESIAN_POINT('',(111.58556643202,-185.8644470268,
    217.65865153063));
#7813 = CARTESIAN_POINT('',(112.01252727248,-185.8307624328,
    217.72859831082));
#7814 = CARTESIAN_POINT('',(112.43438105457,-185.8091497609,
    217.77347748653));
#7815 = CARTESIAN_POINT('',(112.84850945184,-185.7987951259,
    217.79497910775));
#7816 = CARTESIAN_POINT('',(113.25281177045,-185.7987951259,
    217.79497910775));
#7817 = ( BOUNDED_SURFACE() B_SPLINE_SURFACE(2,6,(
    (#7818,#7819,#7820,#7821,#7822,#7823,#7824,#7825,#7826,#7827,#7828
      ,#7829,#7830,#7831,#7832,#7833,#7834)
    ,(#7835,#7836,#7837,#7838,#7839,#7840,#7841,#7842,#7843,#7844,#7845
      ,#7846,#7847,#7848,#7849,#7850,#7851)
    ,(#7852,#7853,#7854,#7855,#7856,#7857,#7858,#7859,#7860,#7861,#7862
      ,#7863,#7864,#7865,#7866,#7867,#7868
)),.UNSPECIFIED.,.F.,.F.,.F.) B_SPLINE_SURFACE_WITH_KNOTS((3,3),(7,5,5,7
    ),(0.,146.60956066178),(-9.000422918949,-5.47496049947E-02,
    146.55481105679,155.50048437074),.UNSPECIFIED.) 
GEOMETRIC_REPRESENTATION_ITEM() RATIONAL_B_SPLINE_SURFACE((
    (1.,1.,1.,1.,1.,1.,1.,1.,1.,1.,1.,1.,1.,1.,1.,1.,1.)
    ,(0.706990803572,0.706990803572,0.706990803572,0.706990803572
      ,0.706990803572,0.706990803572,0.706990803572,0.706990803572
      ,0.706990803572,0.706990803572,0.706990803572,0.706990803572
      ,0.706990803572,0.706990803572,0.706990803572,0.706990803572
      ,0.706990803572)
    ,(1.,1.,1.,1.,1.,1.,1.,1.,1.,1.,1.,1.,1.,1.,1.,1.,1.
))) REPRESENTATION_ITEM('') SURFACE() );
#7818 = CARTESIAN_POINT('',(106.31419941632,-46.05648105939,
    149.87438742957));
#7819 = CARTESIAN_POINT('',(106.30399941632,-47.42918319644,
    150.45619791669));
#7820 = CARTESIAN_POINT('',(106.29379941632,-48.80188533349,
    151.03800840382));
#7821 = CARTESIAN_POINT('',(106.28359941632,-50.17458747055,
    151.61981889094));
#7822 = CARTESIAN_POINT('',(106.27339941632,-51.5472896076,
    152.20162937807));
#7823 = CARTESIAN_POINT('',(106.26319941632,-52.91999174465,
    152.7834398652));
#7824 = CARTESIAN_POINT('',(106.08583284693,-76.78974359164,
    162.90047223136));
#7825 = CARTESIAN_POINT('',(105.91866627754,-99.28679330158,
    172.43569411039));
#7826 = CARTESIAN_POINT('',(105.75149970816,-121.7838430115,
    181.97091598942));
#7827 = CARTESIAN_POINT('',(105.58433313877,-144.2808927214,
    191.50613786846));
#7828 = CARTESIAN_POINT('',(105.41716656938,-166.7779424313,
    201.04135974749));
#7829 = CARTESIAN_POINT('',(105.2398,-190.6476942783,211.15839211365));
#7830 = CARTESIAN_POINT('',(105.2296,-192.0203964154,211.74020260078));
#7831 = CARTESIAN_POINT('',(105.2194,-193.3930985524,212.3220130879));
#7832 = CARTESIAN_POINT('',(105.2092,-194.7658006895,212.90382357503));
#7833 = CARTESIAN_POINT('',(105.199,-196.1385028265,213.48563406215));
#7834 = CARTESIAN_POINT('',(105.1888,-197.5112049636,214.06744454928));
#7835 = CARTESIAN_POINT('',(106.31157455825,-42.93353387452,
    157.2425074547));
#7836 = CARTESIAN_POINT('',(106.30137455825,-44.30623601157,
    157.82431794182));
#7837 = CARTESIAN_POINT('',(106.29117455825,-45.67893814862,
    158.40612842895));
#7838 = CARTESIAN_POINT('',(106.28097455825,-47.05164028568,
    158.98793891608));
#7839 = CARTESIAN_POINT('',(106.27077455825,-48.42434242273,
    159.5697494032));
#7840 = CARTESIAN_POINT('',(106.26057455825,-49.79704455978,
    160.15155989033));
#7841 = CARTESIAN_POINT('',(106.08320798887,-73.66679640677,
    170.26859225649));
#7842 = CARTESIAN_POINT('',(105.91604141948,-96.16384611671,
    179.80381413552));
#7843 = CARTESIAN_POINT('',(105.74887485009,-118.6608958266,
    189.33903601455));
#7844 = CARTESIAN_POINT('',(105.58170828071,-141.1579455365,
    198.87425789359));
#7845 = CARTESIAN_POINT('',(105.41454171132,-163.6549952465,
    208.40947977262));
#7846 = CARTESIAN_POINT('',(105.23717514193,-187.5247470935,
    218.52651213878));
#7847 = CARTESIAN_POINT('',(105.22697514193,-188.8974492305,
    219.10832262591));
#7848 = CARTESIAN_POINT('',(105.21677514193,-190.2701513676,
    219.69013311303));
#7849 = CARTESIAN_POINT('',(105.20657514193,-191.6428535046,
    220.27194360016));
#7850 = CARTESIAN_POINT('',(105.19637514193,-193.0155556417,
    220.85375408729));
#7851 = CARTESIAN_POINT('',(105.18617514193,-194.3882577787,
    221.43556457441));
#7852 = CARTESIAN_POINT('',(114.31401177045,-42.983941416,
    157.26387234915));
#7853 = CARTESIAN_POINT('',(114.30381177045,-44.35664355306,
    157.84568283627));
#7854 = CARTESIAN_POINT('',(114.29361177045,-45.72934569011,
    158.4274933234));
#7855 = CARTESIAN_POINT('',(114.28341177045,-47.10204782716,
    159.00930381052));
#7856 = CARTESIAN_POINT('',(114.27321177045,-48.47474996422,
    159.59111429765));
#7857 = CARTESIAN_POINT('',(114.26301177045,-49.84745210127,
    160.17292478477));
#7858 = CARTESIAN_POINT('',(114.08564520106,-73.71720394826,
    170.28995715093));
#7859 = CARTESIAN_POINT('',(113.91847863168,-96.21425365819,
    179.82517902997));
#7860 = CARTESIAN_POINT('',(113.75131206229,-118.7113033681,
    189.360400909));
#7861 = CARTESIAN_POINT('',(113.5841454929,-141.208353078,
    198.89562278804));
#7862 = CARTESIAN_POINT('',(113.41697892352,-163.705402788,
    208.43084466707));
#7863 = CARTESIAN_POINT('',(113.23961235413,-187.5751546349,
    218.54787703323));
#7864 = CARTESIAN_POINT('',(113.22941235413,-188.947856772,
    219.12968752036));
#7865 = CARTESIAN_POINT('',(113.21921235413,-190.320558909,
    219.71149800748));
#7866 = CARTESIAN_POINT('',(113.20901235413,-191.6932610461,
    220.29330849461));
#7867 = CARTESIAN_POINT('',(113.19881235413,-193.0659631832,
    220.87511898173));
#7868 = CARTESIAN_POINT('',(113.18861235413,-194.4386653202,
    221.45692946886));
#7869 = ADVANCED_FACE('',(#7870),#7902,.T.);
#7870 = FACE_BOUND('',#7871,.T.);
#7871 = EDGE_LOOP('',(#7872,#7873,#7895,#7901));
#7872 = ORIENTED_EDGE('',*,*,#2796,.T.);
#7873 = ORIENTED_EDGE('',*,*,#7874,.T.);
#7874 = EDGE_CURVE('',#2797,#7875,#7877,.T.);
#7875 = VERTEX_POINT('',#7876);
#7876 = CARTESIAN_POINT('',(105.25,129.06175078361,283.23486585776));
#7877 = B_SPLINE_CURVE_WITH_KNOTS('',6,(#7878,#7879,#7880,#7881,#7882,
    #7883,#7884,#7885,#7886,#7887,#7888,#7889,#7890,#7891,#7892,#7893,
    #7894),.UNSPECIFIED.,.F.,.F.,(7,5,5,7),(-9.000422918949,
    -5.474960499478E-02,146.55481105679,155.50048437074),.UNSPECIFIED.);
#7878 = CARTESIAN_POINT('',(106.31419941632,26.364025982272,
    166.40389557385));
#7879 = CARTESIAN_POINT('',(106.30399941632,27.348349763048,
    167.52368184569));
#7880 = CARTESIAN_POINT('',(106.29379941632,28.332673543825,
    168.64346811753));
#7881 = CARTESIAN_POINT('',(106.28359941632,29.316997324601,
    169.76325438937));
#7882 = CARTESIAN_POINT('',(106.27339941632,30.301321105377,
    170.88304066121));
#7883 = CARTESIAN_POINT('',(106.26319941632,31.285644886153,
    172.00282693305));
#7884 = CARTESIAN_POINT('',(106.08583284693,48.401932353044,
    191.4746553137));
#7885 = CARTESIAN_POINT('',(105.91866627754,64.533896039157,
    209.82669742251));
#7886 = CARTESIAN_POINT('',(105.75149970816,80.665859725272,
    228.17873953132));
#7887 = CARTESIAN_POINT('',(105.58433313877,96.797823411385,
    246.53078164013));
#7888 = CARTESIAN_POINT('',(105.41716656938,112.9297870975,
    264.88282374894));
#7889 = CARTESIAN_POINT('',(105.2398,130.04607456439,284.3546521296));
#7890 = CARTESIAN_POINT('',(105.2296,131.03039834516,285.47443840143));
#7891 = CARTESIAN_POINT('',(105.2194,132.01472212594,286.59422467327));
#7892 = CARTESIAN_POINT('',(105.2092,132.99904590671,287.71401094511));
#7893 = CARTESIAN_POINT('',(105.199,133.98336968749,288.83379721695));
#7894 = CARTESIAN_POINT('',(105.1888,134.96769346827,289.95358348879));
#7895 = ORIENTED_EDGE('',*,*,#7896,.F.);
#7896 = EDGE_CURVE('',#7517,#7875,#7897,.T.);
#7897 = LINE('',#7898,#7899);
#7898 = CARTESIAN_POINT('',(105.25,141.56181578366,273.26639666091));
#7899 = VECTOR('',#7900,1.);
#7900 = DIRECTION('',(1.384425467285E-16,-0.781831482468,0.623489801859)
  );
#7901 = ORIENTED_EDGE('',*,*,#7516,.F.);
#7902 = B_SPLINE_SURFACE_WITH_KNOTS('',1,1,(
    (#7903,#7904)
    ,(#7905,#7906
    )),.UNSPECIFIED.,.F.,.F.,.F.,(2,2),(2,2),(0.,38.),(0.,1.),
  .PIECEWISE_BEZIER_KNOTS.);
#7903 = CARTESIAN_POINT('',(106.25,56.005125089569,154.75457160757));
#7904 = CARTESIAN_POINT('',(105.25,141.56181578366,273.26639666091));
#7905 = CARTESIAN_POINT('',(106.25,26.295528755784,178.4471840782));
#7906 = CARTESIAN_POINT('',(105.25,122.79786020443,288.23015190552));
#7907 = ADVANCED_FACE('',(#7908),#8048,.T.);
#7908 = FACE_BOUND('',#7909,.F.);
#7909 = EDGE_LOOP('',(#7910,#7920,#7921,#7929,#7930,#7931));
#7910 = ORIENTED_EDGE('',*,*,#7911,.F.);
#7911 = EDGE_CURVE('',#3979,#7912,#7914,.T.);
#7912 = VERTEX_POINT('',#7913);
#7913 = CARTESIAN_POINT('',(114.18591921838,-34.92671306121,
    184.74299016592));
#7914 = B_SPLINE_CURVE_WITH_KNOTS('',4,(#7915,#7916,#7917,#7918,#7919),
  .UNSPECIFIED.,.F.,.F.,(5,5),(0.,1.),.PIECEWISE_BEZIER_KNOTS.);
#7915 = CARTESIAN_POINT('',(114.25,-34.92676005567,184.74325366667));
#7916 = CARTESIAN_POINT('',(114.23397933369,-34.92676005567,
    184.74325366667));
#7917 = CARTESIAN_POINT('',(114.21795881882,-34.92675222292,
    184.74320974801));
#7918 = CARTESIAN_POINT('',(114.20193854912,-34.92673655777,
    184.74312191255));
#7919 = CARTESIAN_POINT('',(114.18591861842,-34.92671306033,
    184.74299016099));
#7920 = ORIENTED_EDGE('',*,*,#3978,.T.);
#7921 = ORIENTED_EDGE('',*,*,#7922,.F.);
#7922 = EDGE_CURVE('',#7649,#3981,#7923,.T.);
#7923 = B_SPLINE_CURVE_WITH_KNOTS('',4,(#7924,#7925,#7926,#7927,#7928),
  .UNSPECIFIED.,.F.,.F.,(5,5),(0.,1.),.PIECEWISE_BEZIER_KNOTS.);
#7924 = CARTESIAN_POINT('',(114.18591861842,-60.22246297676,
    164.57030275081));
#7925 = CARTESIAN_POINT('',(114.20193854909,-60.22258619636,
    164.5703549766));
#7926 = CARTESIAN_POINT('',(114.21795881886,-60.22266834378,
    164.57038979422));
#7927 = CARTESIAN_POINT('',(114.23397933358,-60.22270941836,
    164.57040720341));
#7928 = CARTESIAN_POINT('',(114.25,-60.22270941836,164.57040720341));
#7929 = ORIENTED_EDGE('',*,*,#7648,.T.);
#7930 = ORIENTED_EDGE('',*,*,#2906,.F.);
#7931 = ORIENTED_EDGE('',*,*,#7932,.F.);
#7932 = EDGE_CURVE('',#7912,#2876,#7933,.T.);
#7933 = B_SPLINE_CURVE_WITH_KNOTS('',8,(#7934,#7935,#7936,#7937,#7938,
    #7939,#7940,#7941,#7942,#7943,#7944,#7945,#7946,#7947,#7948,#7949,
    #7950,#7951,#7952,#7953,#7954,#7955,#7956,#7957,#7958,#7959,#7960,
    #7961,#7962,#7963,#7964,#7965,#7966,#7967,#7968,#7969,#7970,#7971,
    #7972,#7973,#7974,#7975,#7976,#7977,#7978,#7979,#7980,#7981,#7982,
    #7983,#7984,#7985,#7986,#7987,#7988,#7989,#7990,#7991,#7992,#7993,
    #7994,#7995,#7996,#7997,#7998,#7999,#8000,#8001,#8002,#8003,#8004,
    #8005,#8006,#8007,#8008,#8009,#8010,#8011,#8012,#8013,#8014,#8015,
    #8016,#8017,#8018,#8019,#8020,#8021,#8022,#8023,#8024,#8025,#8026,
    #8027,#8028,#8029,#8030,#8031,#8032,#8033,#8034,#8035,#8036,#8037,
    #8038,#8039,#8040,#8041,#8042,#8043,#8044,#8045,#8046,#8047),
  .UNSPECIFIED.,.F.,.F.,(9,7,7,7,7,7,7,7,7,7,7,7,7,7,7,7,9),(0.,
    0.106991883795,0.214175378111,0.319846282916,0.422847325799,
    0.52449744428,0.626023471327,0.728515848075,0.832679324343,
    0.890287816523,0.946887875191,0.970772527995,0.984448479132,
    0.992164730063,0.996269955091,0.998520299417,1.),.UNSPECIFIED.);
#7934 = CARTESIAN_POINT('',(114.18591921838,-34.92671306121,
    184.74299016592));
#7935 = CARTESIAN_POINT('',(114.04168504442,-34.92650150584,
    184.7418039623));
#7936 = CARTESIAN_POINT('',(113.89624218491,-34.92297244768,
    184.73894421098));
#7937 = CARTESIAN_POINT('',(113.74968044809,-34.91602745473,
    184.73436165577));
#7938 = CARTESIAN_POINT('',(113.60209705115,-34.90557144493,
    184.72800840294));
#7939 = CARTESIAN_POINT('',(113.4535964203,-34.89151358843,
    184.7198383244));
#7940 = CARTESIAN_POINT('',(113.30428999071,-34.87376820989,
    184.70980746069));
#7941 = CARTESIAN_POINT('',(113.1542960066,-34.85225569068,
    184.69787442421));
#7942 = CARTESIAN_POINT('',(112.85291300556,-34.80150564863,
    184.67010233409));
#7943 = CARTESIAN_POINT('',(112.7015219513,-34.77225437417,
    184.65425632873));
#7944 = CARTESIAN_POINT('',(112.54969149314,-34.73907646114,
    184.63642415922));
#7945 = CARTESIAN_POINT('',(112.39755360384,-34.70190591388,
    184.61657022816));
#7946 = CARTESIAN_POINT('',(112.24524626169,-34.66068465973,
    184.59466235688));
#7947 = CARTESIAN_POINT('',(112.092912818,-34.61536338104,
    184.57067217476));
#7948 = CARTESIAN_POINT('',(111.94070136457,-34.56590234708,
    184.54457550842));
#7949 = CARTESIAN_POINT('',(111.63897099927,-34.45939898101,
    184.48852831721));
#7950 = CARTESIAN_POINT('',(111.48944435389,-34.40247349025,
    184.45863737625));
#7951 = CARTESIAN_POINT('',(111.34032985426,-34.34146752598,
    184.42666111719));
#7952 = CARTESIAN_POINT('',(111.19177697159,-34.2763627463,
    184.3925850704));
#7953 = CARTESIAN_POINT('',(111.04393802047,-34.20715114876,
    184.35639935692));
#7954 = CARTESIAN_POINT('',(110.89696722017,-34.13383550403,
    184.31809891767));
#7955 = CARTESIAN_POINT('',(110.75101975587,-34.05642978944,
    184.27768374268));
#7956 = CARTESIAN_POINT('',(110.46513962943,-33.89554786635,
    184.19370887789));
#7957 = CARTESIAN_POINT('',(110.32514810588,-33.81227442748,
    184.15025442808));
#7958 = CARTESIAN_POINT('',(110.18641995373,-33.72516280128,
    184.1048005273));
#7959 = CARTESIAN_POINT('',(110.04909874593,-33.6342469873,
    184.0573567227));
#7960 = CARTESIAN_POINT('',(109.9133269976,-33.53957139382,
    184.00793732087));
#7961 = CARTESIAN_POINT('',(109.77924521946,-33.44119074228,
    183.95656137663));
#7962 = CARTESIAN_POINT('',(109.64699097138,-33.33916997163,
    183.90325268179));
#7963 = CARTESIAN_POINT('',(109.38811373687,-33.12938313947,
    183.79355097881));
#7964 = CARTESIAN_POINT('',(109.26143959357,-33.0217099483,
    183.73720758227));
#7965 = CARTESIAN_POINT('',(109.13680401209,-32.91063648586,
    183.67903684533));
#7966 = CARTESIAN_POINT('',(109.01433170081,-32.79624421178,
    183.61907052775));
#7967 = CARTESIAN_POINT('',(108.89414279004,-32.67862356947,
    183.55734459682));
#7968 = CARTESIAN_POINT('',(108.77635207164,-32.55787342695,
    183.49389895614));
#7969 = CARTESIAN_POINT('',(108.6610682387,-32.43410051757,
    183.42877717444));
#7970 = CARTESIAN_POINT('',(108.43585556208,-32.18089189321,
    183.29535674183));
#7971 = CARTESIAN_POINT('',(108.32592032391,-32.05146324437,
    183.22706206859));
#7972 = CARTESIAN_POINT('',(108.21868901724,-31.91924637742,
    183.15718879765));
#7973 = CARTESIAN_POINT('',(108.11425634881,-31.78436192691,
    183.08578695618));
#7974 = CARTESIAN_POINT('',(108.01270969412,-31.64693681024,
    183.01290936376));
#7975 = CARTESIAN_POINT('',(107.91412866585,-31.507103319,
    182.93861100071));
#7976 = CARTESIAN_POINT('',(107.81858468246,-31.36499821041,
    182.8629483763));
#7977 = CARTESIAN_POINT('',(107.63281648469,-31.07515250939,
    182.70827680344));
#7978 = CARTESIAN_POINT('',(107.54265155461,-30.92737114936,
    182.6292429695));
#7979 = CARTESIAN_POINT('',(107.45571054535,-30.77756192462,
    182.54893584136));
#7980 = CARTESIAN_POINT('',(107.37204928051,-30.62587273737,
    182.46741531353));
#7981 = CARTESIAN_POINT('',(107.29171458953,-30.472453969,
    182.38474095626));
#7982 = CARTESIAN_POINT('',(107.21474428905,-30.31745726307,
    182.30097024279));
#7983 = CARTESIAN_POINT('',(107.14116716411,-30.16103430825,
    182.21615677659));
#7984 = CARTESIAN_POINT('',(106.99969473386,-29.84306571691,
    182.04314118951));
#7985 = CARTESIAN_POINT('',(106.93191167711,-29.68147808742,
    181.95490585827));
#7986 = CARTESIAN_POINT('',(106.86767458328,-29.51873083286,
    181.86569356223));
#7987 = CARTESIAN_POINT('',(106.80699483178,-29.35498004824,
    181.775544442));
#7988 = CARTESIAN_POINT('',(106.74987456149,-29.19037922611,
    181.68448992627));
#7989 = CARTESIAN_POINT('',(106.69630703573,-29.02507717088,
    181.59254554038));
#7990 = CARTESIAN_POINT('',(106.64627718822,-28.859214425,
    181.49969433856));
#7991 = CARTESIAN_POINT('',(106.57403692484,-28.60094667625,
    181.35396561565));
#7992 = CARTESIAN_POINT('',(106.54938665503,-28.50884253209,
    181.30176960073));
#7993 = CARTESIAN_POINT('',(106.52580769997,-28.41662731035,
    181.24926031414));
#7994 = CARTESIAN_POINT('',(106.50329552609,-28.32432098799,
    181.19641773701));
#7995 = CARTESIAN_POINT('',(106.48184493092,-28.23194198115,
    181.14321463676));
#7996 = CARTESIAN_POINT('',(106.46145009881,-28.13950646606,
    181.08961270485));
#7997 = CARTESIAN_POINT('',(106.44210468829,-28.04702702296,
    181.03555462785));
#7998 = CARTESIAN_POINT('',(106.40581960196,-27.86361367787,
    180.92730537076));
#7999 = CARTESIAN_POINT('',(106.38884382876,-27.77268142073,
    180.87313295404));
#8000 = CARTESIAN_POINT('',(106.37286812478,-27.68172017402,
    180.81835184284));
#8001 = CARTESIAN_POINT('',(106.35788576237,-27.59072961536,
    180.76284009663));
#8002 = CARTESIAN_POINT('',(106.3438896873,-27.49970498563,
    180.70645046173));
#8003 = CARTESIAN_POINT('',(106.33087322151,-27.4086216768,
    180.64891776708));
#8004 = CARTESIAN_POINT('',(106.31882964994,-27.31744416595,
    180.58991288996));
#8005 = CARTESIAN_POINT('',(106.30308211847,-27.18749165568,
    180.50276125608));
#8006 = CARTESIAN_POINT('',(106.29858152189,-27.14888982354,
    180.47649178422));
#8007 = CARTESIAN_POINT('',(106.29425327473,-27.11024174811,
    180.4497536592));
#8008 = CARTESIAN_POINT('',(106.29009719208,-27.07153643757,
    180.42247229935));
#8009 = CARTESIAN_POINT('',(106.28611331036,-27.03275847751,
    180.39454524624));
#8010 = CARTESIAN_POINT('',(106.2823018875,-26.99388782132,
    180.36584092246));
#8011 = CARTESIAN_POINT('',(106.27866357217,-26.9548959559,
    180.33617539012));
#8012 = CARTESIAN_POINT('',(106.27321685402,-26.89330810456,
    180.28751236416));
#8013 = CARTESIAN_POINT('',(106.27129102725,-26.87082801786,
    180.26937514484));
#8014 = CARTESIAN_POINT('',(106.26942282603,-26.84828211949,
    180.25075774264));
#8015 = CARTESIAN_POINT('',(106.26761265568,-26.82565885093,
    180.23158781084));
#8016 = CARTESIAN_POINT('',(106.26586116773,-26.80294254476,
    180.21176564779));
#8017 = CARTESIAN_POINT('',(106.2641692491,-26.78011344724,
    180.19116438248));
#8018 = CARTESIAN_POINT('',(106.26253819206,-26.75714405645,
    180.16960740209));
#8019 = CARTESIAN_POINT('',(106.26008575739,-26.72091886821,
    180.13390613777));
#8020 = CARTESIAN_POINT('',(106.25922134316,-26.7077930066,
    180.1206263668));
#8021 = CARTESIAN_POINT('',(106.25837750337,-26.69459809995,
    180.10688624802));
#8022 = CARTESIAN_POINT('',(106.25755474782,-26.68132349203,
    180.09261861745));
#8023 = CARTESIAN_POINT('',(106.25675386161,-26.66795472151,
    180.0777286228));
#8024 = CARTESIAN_POINT('',(106.25597587249,-26.65447395381,
    180.06209656362));
#8025 = CARTESIAN_POINT('',(106.25522223043,-26.64085641477,
    180.04555525007));
#8026 = CARTESIAN_POINT('',(106.25410900998,-26.61971308739,
    180.01834593809));
#8027 = CARTESIAN_POINT('',(106.25373014023,-26.61232018362,
    180.00855387622));
#8028 = CARTESIAN_POINT('',(106.25335934272,-26.60486849879,
    179.99836920319));
#8029 = CARTESIAN_POINT('',(106.25299708983,-26.59734949295,
    179.98773596791));
#8030 = CARTESIAN_POINT('',(106.25264412498,-26.58975185578,
    179.97657441586));
#8031 = CARTESIAN_POINT('',(106.25230141959,-26.58206207687,
    179.96478497675));
#8032 = CARTESIAN_POINT('',(106.25197033847,-26.57426155461,
    179.95222894411));
#8033 = CARTESIAN_POINT('',(106.25147969634,-26.56195694979,
    179.93119288632));
#8034 = CARTESIAN_POINT('',(106.25131033788,-26.55755877276,
    179.92343958833));
#8035 = CARTESIAN_POINT('',(106.25114568729,-26.5531106858,
    179.91533219867));
#8036 = CARTESIAN_POINT('',(106.25098621594,-26.5486050767,
    179.90681848997));
#8037 = CARTESIAN_POINT('',(106.25083275249,-26.54403243201,
    179.89782109054));
#8038 = CARTESIAN_POINT('',(106.25068638336,-26.53938245613,
    179.88824637482));
#8039 = CARTESIAN_POINT('',(106.25054863863,-26.5346413869,
    179.87796485555));
#8040 = CARTESIAN_POINT('',(106.2503396865,-26.52657980578,
    179.8592989101));
#8041 = CARTESIAN_POINT('',(106.25026258383,-26.52335667172,
    179.85153428323));
#8042 = CARTESIAN_POINT('',(106.25019121926,-26.52007451979,
    179.84328750947));
#8043 = CARTESIAN_POINT('',(106.25012688039,-26.51671102049,
    179.83441106209));
#8044 = CARTESIAN_POINT('',(106.25007086558,-26.51325714659,
    179.8248052174));
#8045 = CARTESIAN_POINT('',(106.25002745784,-26.509706619,
    179.81422554965));
#8046 = CARTESIAN_POINT('',(106.25,-26.50607294618,179.80254506179));
#8047 = CARTESIAN_POINT('',(106.25,-26.50233564647,179.78909017174));
#8048 = TOROIDAL_SURFACE('',#8049,70.,8.);
#8049 = AXIS2_PLACEMENT_3D('',#8050,#8051,#8052);
#8050 = CARTESIAN_POINT('',(114.25,0.,115.));
#8051 = DIRECTION('',(-1.,-0.,2.22044604925E-16));
#8052 = DIRECTION('',(-2.22044604925E-16,0.,-1.));
#8053 = ADVANCED_FACE('',(#8054),#8228,.T.);
#8054 = FACE_BOUND('',#8055,.T.);
#8055 = EDGE_LOOP('',(#8056,#8057,#8058,#8177,#8199));
#8056 = ORIENTED_EDGE('',*,*,#7874,.F.);
#8057 = ORIENTED_EDGE('',*,*,#2804,.F.);
#8058 = ORIENTED_EDGE('',*,*,#8059,.F.);
#8059 = EDGE_CURVE('',#8060,#2805,#8062,.T.);
#8060 = VERTEX_POINT('',#8061);
#8061 = CARTESIAN_POINT('',(114.18591921838,32.750815987068,
    185.79084696997));
#8062 = B_SPLINE_CURVE_WITH_KNOTS('',8,(#8063,#8064,#8065,#8066,#8067,
    #8068,#8069,#8070,#8071,#8072,#8073,#8074,#8075,#8076,#8077,#8078,
    #8079,#8080,#8081,#8082,#8083,#8084,#8085,#8086,#8087,#8088,#8089,
    #8090,#8091,#8092,#8093,#8094,#8095,#8096,#8097,#8098,#8099,#8100,
    #8101,#8102,#8103,#8104,#8105,#8106,#8107,#8108,#8109,#8110,#8111,
    #8112,#8113,#8114,#8115,#8116,#8117,#8118,#8119,#8120,#8121,#8122,
    #8123,#8124,#8125,#8126,#8127,#8128,#8129,#8130,#8131,#8132,#8133,
    #8134,#8135,#8136,#8137,#8138,#8139,#8140,#8141,#8142,#8143,#8144,
    #8145,#8146,#8147,#8148,#8149,#8150,#8151,#8152,#8153,#8154,#8155,
    #8156,#8157,#8158,#8159,#8160,#8161,#8162,#8163,#8164,#8165,#8166,
    #8167,#8168,#8169,#8170,#8171,#8172,#8173,#8174,#8175,#8176),
  .UNSPECIFIED.,.F.,.F.,(9,7,7,7,7,7,7,7,7,7,7,7,7,7,7,7,9),(0.,
    0.106991883795,0.214175378111,0.319846282916,0.422847325798,
    0.524497444279,0.626023471326,0.728515848074,0.832679324342,
    0.890287816522,0.94688787519,0.970772527995,0.984448479132,
    0.992164730063,0.996269955091,0.998520299417,1.),.UNSPECIFIED.);
#8063 = CARTESIAN_POINT('',(114.18591921838,32.750815987068,
    185.79084696997));
#8064 = CARTESIAN_POINT('',(114.04168504442,32.750020478351,
    185.78994198346));
#8065 = CARTESIAN_POINT('',(113.89624218491,32.749984966509,
    185.7853998289));
#8066 = CARTESIAN_POINT('',(113.74968044809,32.750732312849,
    185.77711283832));
#8067 = CARTESIAN_POINT('',(113.60209705115,32.752284355255,
    185.76497681234));
#8068 = CARTESIAN_POINT('',(113.4535964203,32.754661660792,
    185.7488919769));
#8069 = CARTESIAN_POINT('',(113.30428999071,32.757883278307,
    185.72876394006));
#8070 = CARTESIAN_POINT('',(113.1542960066,32.761966491035,
    185.70450464873));
#8071 = CARTESIAN_POINT('',(112.85291300556,32.771895530308,
    185.64751105315));
#8072 = CARTESIAN_POINT('',(112.7015219513,32.777744495763,
    185.61476166313));
#8073 = CARTESIAN_POINT('',(112.54969149314,32.784488834664,
    185.57770395037));
#8074 = CARTESIAN_POINT('',(112.39755360384,32.792141863459,
    185.53626412275));
#8075 = CARTESIAN_POINT('',(112.24524626169,32.800714631564,
    185.49037671419));
#8076 = CARTESIAN_POINT('',(112.092912818,32.810215706979,
    185.43998547779));
#8077 = CARTESIAN_POINT('',(111.94070136457,32.820650961912,
    185.38504427896));
#8078 = CARTESIAN_POINT('',(111.63897099927,32.843235265925,
    185.26683174223));
#8079 = CARTESIAN_POINT('',(111.48944435389,32.855358050203,
    185.20368890455));
#8080 = CARTESIAN_POINT('',(111.34032985426,32.868394600747,
    185.13605564964));
#8081 = CARTESIAN_POINT('',(111.19177697159,32.882345040754,
    185.06390861556));
#8082 = CARTESIAN_POINT('',(111.04393802047,32.897206635975,
    184.98723538633));
#8083 = CARTESIAN_POINT('',(110.89696722016,32.912973703587,
    184.90603497384));
#8084 = CARTESIAN_POINT('',(110.75101975587,32.929637521061,
    184.82031829981));
#8085 = CARTESIAN_POINT('',(110.46513962943,32.96429156638,
    184.64217827557));
#8086 = CARTESIAN_POINT('',(110.32514810588,32.98223764936,
    184.5499790731));
#8087 = CARTESIAN_POINT('',(110.18641995373,33.001013569296,
    184.45353241766));
#8088 = CARTESIAN_POINT('',(110.04909874593,33.020605592058,
    184.3528708437));
#8089 = CARTESIAN_POINT('',(109.9133269976,33.040997214878,
    184.24803799104));
#8090 = CARTESIAN_POINT('',(109.77924521946,33.062169217167,
    184.13908852311));
#8091 = CARTESIAN_POINT('',(109.64699097138,33.084099711329,
    184.02608804517));
#8092 = CARTESIAN_POINT('',(109.38811373687,33.129131416677,
    183.79367220212));
#8093 = CARTESIAN_POINT('',(109.26143959357,33.152213512058,
    183.6743603783));
#8094 = CARTESIAN_POINT('',(109.13680401209,33.175986969643,
    183.55125078725));
#8095 = CARTESIAN_POINT('',(109.01433170081,33.200425830974,
    183.42442691855));
#8096 = CARTESIAN_POINT('',(108.89414279004,33.225501825855,
    183.29398190897));
#8097 = CARTESIAN_POINT('',(108.77635207164,33.251184508984,
    183.1600179361));
#8098 = CARTESIAN_POINT('',(108.6610682387,33.2774413966,183.0226456121)
  );
#8099 = CARTESIAN_POINT('',(108.43585556208,33.331002097015,
    182.74149285885));
#8100 = CARTESIAN_POINT('',(108.32592032391,33.358304614014,
    182.59772043416));
#8101 = CARTESIAN_POINT('',(108.21868901724,33.386111359187,
    182.45078385322));
#8102 = CARTESIAN_POINT('',(108.11425634881,33.414386230935,
    182.30080862333));
#8103 = CARTESIAN_POINT('',(108.01270969412,33.443091393585,
    182.14792690497));
#8104 = CARTESIAN_POINT('',(107.91412866585,33.472187350001,
    181.99227640756));
#8105 = CARTESIAN_POINT('',(107.81858468246,33.501633014188,
    181.83399928514));
#8106 = CARTESIAN_POINT('',(107.63281648469,33.561421747776,
    181.51095264271));
#8107 = CARTESIAN_POINT('',(107.54265155461,33.591770779109,
    181.34613573346));
#8108 = CARTESIAN_POINT('',(107.45571054535,33.622388661908,
    181.17893948978));
#8109 = CARTESIAN_POINT('',(107.37204928051,33.653230008087,
    181.00951688989));
#8110 = CARTESIAN_POINT('',(107.29171458953,33.684247630276,
    180.83802264815));
#8111 = CARTESIAN_POINT('',(107.21474428905,33.715391914647,
    180.66461115822));
#8112 = CARTESIAN_POINT('',(107.14116716411,33.746610193742,
    180.48943443633));
#8113 = CARTESIAN_POINT('',(106.99969473386,33.809591334819,
    180.13296312708));
#8114 = CARTESIAN_POINT('',(106.93191167711,33.841354414074,
    179.95161500198));
#8115 = CARTESIAN_POINT('',(106.86767458328,33.873076685914,
    179.76875111789));
#8116 = CARTESIAN_POINT('',(106.80699483178,33.90469220986,
    179.58451854209));
#8117 = CARTESIAN_POINT('',(106.74987456149,33.936129856816,
    179.39905687533));
#8118 = CARTESIAN_POINT('',(106.69630703573,33.967308986954,
    179.2124921375));
#8119 = CARTESIAN_POINT('',(106.64627718822,33.998128724747,
    179.02492364358));
#8120 = CARTESIAN_POINT('',(106.57403692484,34.045220728774,
    178.73214141413));
#8121 = CARTESIAN_POINT('',(106.54938665503,34.061838235637,
    178.62758781156));
#8122 = CARTESIAN_POINT('',(106.52580769997,34.078280072595,
    178.52275204335));
#8123 = CARTESIAN_POINT('',(106.50329552609,34.094518132814,
    178.41763724655));
#8124 = CARTESIAN_POINT('',(106.48184493092,34.110519642746,
    178.31224084025));
#8125 = CARTESIAN_POINT('',(106.46145009881,34.126244565841,
    178.20655158655));
#8126 = CARTESIAN_POINT('',(106.44210468829,34.141640249019,
    178.10054358674));
#8127 = CARTESIAN_POINT('',(106.40581960196,34.171363922056,
    177.88965295138));
#8128 = CARTESIAN_POINT('',(106.38884382876,34.18570555618,
    177.78478330062));
#8129 = CARTESIAN_POINT('',(106.37286812477,34.199589368487,
    177.67951147006));
#8130 = CARTESIAN_POINT('',(106.35788576237,34.212920223045,
    177.57376117908));
#8131 = CARTESIAN_POINT('',(106.3438896873,34.225585959543,
    177.46743689556));
#8132 = CARTESIAN_POINT('',(106.33087322151,34.237394601765,
    177.36035404882));
#8133 = CARTESIAN_POINT('',(106.31882964994,34.248110979387,
    177.2522796612));
#8134 = CARTESIAN_POINT('',(106.30308211847,34.26099715315,
    177.0963405425));
#8135 = CARTESIAN_POINT('',(106.29858152189,34.264526701704,
    177.04978166705));
#8136 = CARTESIAN_POINT('',(106.29425327473,34.267718674672,
    177.00289443667));
#8137 = CARTESIAN_POINT('',(106.29009719208,34.270521615052,
    176.9556237567));
#8138 = CARTESIAN_POINT('',(106.28611331036,34.27286502835,
    176.90789369389));
#8139 = CARTESIAN_POINT('',(106.2823018875,34.274658542063,
    176.85960653799));
#8140 = CARTESIAN_POINT('',(106.27866357217,34.275776125387,
    176.81062531317));
#8141 = CARTESIAN_POINT('',(106.27321685402,34.276129236888,
    176.73213309164));
#8142 = CARTESIAN_POINT('',(106.27129102725,34.275965092622,
    176.70324908085));
#8143 = CARTESIAN_POINT('',(106.26942282603,34.275466559164,
    176.67401422729));
#8144 = CARTESIAN_POINT('',(106.26761265568,34.274584280197,
    176.64437438671));
#8145 = CARTESIAN_POINT('',(106.26586116773,34.273250074308,
    176.61425514688));
#8146 = CARTESIAN_POINT('',(106.2641692491,34.271377065996,
    176.58356196089));
#8147 = CARTESIAN_POINT('',(106.26253819206,34.268844320977,
    176.55216321061));
#8148 = CARTESIAN_POINT('',(106.26008575739,34.263517984001,
    176.50158184377));
#8149 = CARTESIAN_POINT('',(106.25922134316,34.26131928183,
    176.48303983015));
#8150 = CARTESIAN_POINT('',(106.25837750337,34.258803714133,
    176.46415681279));
#8151 = CARTESIAN_POINT('',(106.25755474782,34.255925414033,
    176.44488258424));
#8152 = CARTESIAN_POINT('',(106.25675386161,34.252619239524,
    176.42514669875));
#8153 = CARTESIAN_POINT('',(106.25597587249,34.248802724702,
    176.40486058067));
#8154 = CARTESIAN_POINT('',(106.25522223043,34.244360601731,
    176.38390061963));
#8155 = CARTESIAN_POINT('',(106.25410900998,34.236270154001,
    176.35040537211));
#8156 = CARTESIAN_POINT('',(106.25373014023,34.23322381186,
    176.33852011648));
#8157 = CARTESIAN_POINT('',(106.25335934272,34.229907163347,
    176.32634411492));
#8158 = CARTESIAN_POINT('',(106.25299708983,34.226281788705,
    176.31383580568));
#8159 = CARTESIAN_POINT('',(106.25264412498,34.222292385213,
    176.30093661987));
#8160 = CARTESIAN_POINT('',(106.25230141959,34.217869529286,
    176.28757391356));
#8161 = CARTESIAN_POINT('',(106.25197033847,34.212916373752,
    176.27364666138));
#8162 = CARTESIAN_POINT('',(106.25147969634,34.204141517125,
    176.25091076645));
#8163 = CARTESIAN_POINT('',(106.25131033788,34.20082196319,
    176.24263803096));
#8164 = CARTESIAN_POINT('',(106.25114568729,34.197256687567,
    176.23410550176));
#8165 = CARTESIAN_POINT('',(106.25098621594,34.193409603394,
    176.22527466417));
#8166 = CARTESIAN_POINT('',(106.25083275249,34.189226150602,
    176.2160898398));
#8167 = CARTESIAN_POINT('',(106.25068638336,34.184639548947,
    176.20648460466));
#8168 = CARTESIAN_POINT('',(106.25054863863,34.179557141812,
    176.19636746506));
#8169 = CARTESIAN_POINT('',(106.2503396865,34.169989831625,
    176.17842664051));
#8170 = CARTESIAN_POINT('',(106.25026258383,34.165928793106,
    176.17106552717));
#8171 = CARTESIAN_POINT('',(106.25019121926,34.161527594007,
    176.16335765811));
#8172 = CARTESIAN_POINT('',(106.25012688039,34.156684815504,
    176.15519359406));
#8173 = CARTESIAN_POINT('',(106.25007086558,34.151328118869,
    176.1465041005));
#8174 = CARTESIAN_POINT('',(106.25002745784,34.14527031929,
    176.13713187131));
#8175 = CARTESIAN_POINT('',(106.25,34.138403704092,176.12700828643));
#8176 = CARTESIAN_POINT('',(106.25,34.130214415715,176.11569736113));
#8177 = ORIENTED_EDGE('',*,*,#8178,.T.);
#8178 = EDGE_CURVE('',#8060,#8179,#8181,.T.);
#8179 = VERTEX_POINT('',#8180);
#8180 = CARTESIAN_POINT('',(113.25281177045,122.79786020443,
    288.23015190552));
#8181 = B_SPLINE_CURVE_WITH_KNOTS('',6,(#8182,#8183,#8184,#8185,#8186,
    #8187,#8188,#8189,#8190,#8191,#8192,#8193,#8194,#8195,#8196,#8197,
    #8198),.UNSPECIFIED.,.F.,.F.,(7,5,5,7),(-9.000422918949,
    -5.474960499478E-02,146.55481105679,155.50048437074),.UNSPECIFIED.);
#8182 = CARTESIAN_POINT('',(114.31401177045,20.389586071126,
    171.72846644717));
#8183 = CARTESIAN_POINT('',(114.30381177045,21.373909851903,
    172.84825271901));
#8184 = CARTESIAN_POINT('',(114.29361177045,22.358233632679,
    173.96803899085));
#8185 = CARTESIAN_POINT('',(114.28341177045,23.342557413455,
    175.08782526269));
#8186 = CARTESIAN_POINT('',(114.27321177045,24.326881194231,
    176.20761153452));
#8187 = CARTESIAN_POINT('',(114.26301177045,25.311204975008,
    177.32739780636));
#8188 = CARTESIAN_POINT('',(114.08564520107,42.427492441898,
    196.79922618701));
#8189 = CARTESIAN_POINT('',(113.91847863168,58.559456128012,
    215.15126829582));
#8190 = CARTESIAN_POINT('',(113.75131206229,74.691419814126,
    233.50331040464));
#8191 = CARTESIAN_POINT('',(113.5841454929,90.82338350024,
    251.85535251345));
#8192 = CARTESIAN_POINT('',(113.41697892352,106.95534718635,
    270.20739462226));
#8193 = CARTESIAN_POINT('',(113.23961235413,124.07163465324,
    289.67922300291));
#8194 = CARTESIAN_POINT('',(113.22941235413,125.05595843402,
    290.79900927475));
#8195 = CARTESIAN_POINT('',(113.21921235413,126.04028221479,
    291.91879554659));
#8196 = CARTESIAN_POINT('',(113.20901235413,127.02460599557,
    293.03858181843));
#8197 = CARTESIAN_POINT('',(113.19881235413,128.00892977634,
    294.15836809027));
#8198 = CARTESIAN_POINT('',(113.18861235413,128.99325355712,
    295.2781543621));
#8199 = ORIENTED_EDGE('',*,*,#8200,.F.);
#8200 = EDGE_CURVE('',#7875,#8179,#8201,.T.);
#8201 = B_SPLINE_CURVE_WITH_KNOTS('',7,(#8202,#8203,#8204,#8205,#8206,
    #8207,#8208,#8209,#8210,#8211,#8212,#8213,#8214,#8215,#8216,#8217,
    #8218,#8219,#8220,#8221,#8222,#8223,#8224,#8225,#8226,#8227),
  .UNSPECIFIED.,.F.,.F.,(8,6,6,6,8),(0.,0.249928743901,0.500002573609,
    0.750074694671,1.),.UNSPECIFIED.);
#8202 = CARTESIAN_POINT('',(105.25,129.06175078361,283.23486585776));
#8203 = CARTESIAN_POINT('',(105.25,128.74529868775,283.48722798306));
#8204 = CARTESIAN_POINT('',(105.27383819558,128.4211558147,
    283.74572329852));
#8205 = CARTESIAN_POINT('',(105.32359432234,128.09096633999,
    284.00904061788));
#8206 = CARTESIAN_POINT('',(105.40114205148,127.75677955409,
    284.27554568656));
#8207 = CARTESIAN_POINT('',(105.50793494098,127.42105451967,
    284.54327746749));
#8208 = CARTESIAN_POINT('',(105.64482565966,127.08656992885,
    284.81002002766));
#8209 = CARTESIAN_POINT('',(105.9791083073,126.42571663182,285.337032946
    ));
#8210 = CARTESIAN_POINT('',(106.17653673397,126.09935170327,
    285.59730029158));
#8211 = CARTESIAN_POINT('',(106.40431197659,125.78006409918,
    285.85192365924));
#8212 = CARTESIAN_POINT('',(106.66181077775,125.47090696464,
    286.09846824702));
#8213 = CARTESIAN_POINT('',(106.94756177427,125.17488961224,
    286.3345342082));
#8214 = CARTESIAN_POINT('',(107.25928974598,124.89471802013,
    286.55796359723));
#8215 = CARTESIAN_POINT('',(107.9289651319,124.37055558579,
    286.97596919007));
#8216 = CARTESIAN_POINT('',(108.28691352626,124.12656348205,
    287.1705463999));
#8217 = CARTESIAN_POINT('',(108.6651074233,123.90290306381,
    287.34890963159));
#8218 = CARTESIAN_POINT('',(109.06008979758,123.7013553959,
    287.50963853334));
#8219 = CARTESIAN_POINT('',(109.46801591372,123.52307240279,
    287.65181447604));
#8220 = CARTESIAN_POINT('',(109.88498488426,123.36854214641,
    287.77504824328));
#8221 = CARTESIAN_POINT('',(110.72929958832,123.10689485969,
    287.98370499171));
#8222 = CARTESIAN_POINT('',(111.15664044095,122.99974892821,
    288.0691510208));
#8223 = CARTESIAN_POINT('',(111.58556643202,122.91616084224,
    288.13581029499));
#8224 = CARTESIAN_POINT('',(112.01252727248,122.85546330118,
    288.18421496875));
#8225 = CARTESIAN_POINT('',(112.43438105457,122.81651861205,
    288.21527232196));
#8226 = CARTESIAN_POINT('',(112.84850945184,122.79786020443,
    288.23015190552));
#8227 = CARTESIAN_POINT('',(113.25281177045,122.79786020443,
    288.23015190552));
#8228 = ( BOUNDED_SURFACE() B_SPLINE_SURFACE(2,6,(
    (#8229,#8230,#8231,#8232,#8233,#8234,#8235,#8236,#8237,#8238,#8239
      ,#8240,#8241,#8242,#8243,#8244,#8245)
    ,(#8246,#8247,#8248,#8249,#8250,#8251,#8252,#8253,#8254,#8255,#8256
      ,#8257,#8258,#8259,#8260,#8261,#8262)
    ,(#8263,#8264,#8265,#8266,#8267,#8268,#8269,#8270,#8271,#8272,#8273
      ,#8274,#8275,#8276,#8277,#8278,#8279
)),.UNSPECIFIED.,.F.,.F.,.F.) B_SPLINE_SURFACE_WITH_KNOTS((3,3),(7,5,5,7
    ),(0.,146.60956066178),(-9.000422918949,-5.474960499478E-02,
    146.55481105679,155.50048437074),.UNSPECIFIED.) 
GEOMETRIC_REPRESENTATION_ITEM() RATIONAL_B_SPLINE_SURFACE((
    (1.,1.,1.,1.,1.,1.,1.,1.,1.,1.,1.,1.,1.,1.,1.,1.,1.)
    ,(0.706990803572,0.706990803572,0.706990803572,0.706990803572
      ,0.706990803572,0.706990803572,0.706990803572,0.706990803572
      ,0.706990803572,0.706990803572,0.706990803572,0.706990803572
      ,0.706990803572,0.706990803572,0.706990803572,0.706990803572
      ,0.706990803572)
    ,(1.,1.,1.,1.,1.,1.,1.,1.,1.,1.,1.,1.,1.,1.,1.,1.,1.
))) REPRESENTATION_ITEM('') SURFACE() );
#8229 = CARTESIAN_POINT('',(106.31419941632,26.364025982272,
    166.40389557385));
#8230 = CARTESIAN_POINT('',(106.30399941632,27.348349763048,
    167.52368184569));
#8231 = CARTESIAN_POINT('',(106.29379941632,28.332673543825,
    168.64346811753));
#8232 = CARTESIAN_POINT('',(106.28359941632,29.316997324601,
    169.76325438937));
#8233 = CARTESIAN_POINT('',(106.27339941632,30.301321105377,
    170.88304066121));
#8234 = CARTESIAN_POINT('',(106.26319941632,31.285644886153,
    172.00282693305));
#8235 = CARTESIAN_POINT('',(106.08583284693,48.401932353044,
    191.4746553137));
#8236 = CARTESIAN_POINT('',(105.91866627754,64.533896039157,
    209.82669742251));
#8237 = CARTESIAN_POINT('',(105.75149970816,80.665859725272,
    228.17873953132));
#8238 = CARTESIAN_POINT('',(105.58433313877,96.797823411385,
    246.53078164013));
#8239 = CARTESIAN_POINT('',(105.41716656938,112.9297870975,
    264.88282374894));
#8240 = CARTESIAN_POINT('',(105.2398,130.04607456439,284.3546521296));
#8241 = CARTESIAN_POINT('',(105.2296,131.03039834516,285.47443840143));
#8242 = CARTESIAN_POINT('',(105.2194,132.01472212594,286.59422467327));
#8243 = CARTESIAN_POINT('',(105.2092,132.99904590671,287.71401094511));
#8244 = CARTESIAN_POINT('',(105.199,133.98336968749,288.83379721695));
#8245 = CARTESIAN_POINT('',(105.1888,134.96769346827,289.95358348879));
#8246 = CARTESIAN_POINT('',(106.31157455825,20.35344032583,
    171.68734632983));
#8247 = CARTESIAN_POINT('',(106.30137455825,21.337764106607,
    172.80713260167));
#8248 = CARTESIAN_POINT('',(106.29117455825,22.322087887383,
    173.9269188735));
#8249 = CARTESIAN_POINT('',(106.28097455825,23.306411668159,
    175.04670514534));
#8250 = CARTESIAN_POINT('',(106.27077455825,24.290735448935,
    176.16649141718));
#8251 = CARTESIAN_POINT('',(106.26057455825,25.275059229712,
    177.28627768902));
#8252 = CARTESIAN_POINT('',(106.08320798887,42.391346696602,
    196.75810606967));
#8253 = CARTESIAN_POINT('',(105.91604141948,58.523310382716,
    215.11014817848));
#8254 = CARTESIAN_POINT('',(105.74887485009,74.65527406883,
    233.4621902873));
#8255 = CARTESIAN_POINT('',(105.58170828071,90.787237754944,
    251.81423239611));
#8256 = CARTESIAN_POINT('',(105.41454171132,106.91920144105,
    270.16627450492));
#8257 = CARTESIAN_POINT('',(105.23717514193,124.03548890794,
    289.63810288557));
#8258 = CARTESIAN_POINT('',(105.22697514193,125.01981268872,
    290.75788915741));
#8259 = CARTESIAN_POINT('',(105.21677514193,126.0041364695,
    291.87767542925));
#8260 = CARTESIAN_POINT('',(105.20657514193,126.98846025027,
    292.99746170109));
#8261 = CARTESIAN_POINT('',(105.19637514193,127.97278403105,
    294.11724797292));
#8262 = CARTESIAN_POINT('',(105.18617514193,128.95710781183,
    295.23703424476));
#8263 = CARTESIAN_POINT('',(114.31401177045,20.389586071126,
    171.72846644717));
#8264 = CARTESIAN_POINT('',(114.30381177045,21.373909851903,
    172.84825271901));
#8265 = CARTESIAN_POINT('',(114.29361177045,22.358233632679,
    173.96803899085));
#8266 = CARTESIAN_POINT('',(114.28341177045,23.342557413455,
    175.08782526269));
#8267 = CARTESIAN_POINT('',(114.27321177045,24.326881194231,
    176.20761153452));
#8268 = CARTESIAN_POINT('',(114.26301177045,25.311204975008,
    177.32739780636));
#8269 = CARTESIAN_POINT('',(114.08564520107,42.427492441898,
    196.79922618701));
#8270 = CARTESIAN_POINT('',(113.91847863168,58.559456128012,
    215.15126829582));
#8271 = CARTESIAN_POINT('',(113.75131206229,74.691419814126,
    233.50331040464));
#8272 = CARTESIAN_POINT('',(113.5841454929,90.82338350024,
    251.85535251345));
#8273 = CARTESIAN_POINT('',(113.41697892352,106.95534718635,
    270.20739462226));
#8274 = CARTESIAN_POINT('',(113.23961235413,124.07163465324,
    289.67922300291));
#8275 = CARTESIAN_POINT('',(113.22941235413,125.05595843402,
    290.79900927475));
#8276 = CARTESIAN_POINT('',(113.21921235413,126.04028221479,
    291.91879554659));
#8277 = CARTESIAN_POINT('',(113.20901235413,127.02460599557,
    293.03858181843));
#8278 = CARTESIAN_POINT('',(113.19881235413,128.00892977634,
    294.15836809027));
#8279 = CARTESIAN_POINT('',(113.18861235413,128.99325355712,
    295.2781543621));
#8280 = ADVANCED_FACE('',(#8281),#8358,.T.);
#8281 = FACE_BOUND('',#8282,.T.);
#8282 = EDGE_LOOP('',(#8283,#8305,#8306,#8307,#8329));
#8283 = ORIENTED_EDGE('',*,*,#8284,.F.);
#8284 = EDGE_CURVE('',#2868,#8285,#8287,.T.);
#8285 = VERTEX_POINT('',#8286);
#8286 = CARTESIAN_POINT('',(105.25,-51.06262915276,320.79726312445));
#8287 = B_SPLINE_CURVE_WITH_KNOTS('',6,(#8288,#8289,#8290,#8291,#8292,
    #8293,#8294,#8295,#8296,#8297,#8298,#8299,#8300,#8301,#8302,#8303,
    #8304),.UNSPECIFIED.,.F.,.F.,(7,5,5,7),(-9.000422918949,
    -5.474960499457E-02,146.55481105679,155.50048437074),.UNSPECIFIED.);
#8288 = CARTESIAN_POINT('',(106.31419941632,-23.75148254525,
    167.66203018365));
#8289 = CARTESIAN_POINT('',(106.30399941632,-24.01325086717,
    169.12978082516));
#8290 = CARTESIAN_POINT('',(106.29379941632,-24.27501918909,
    170.59753146666));
#8291 = CARTESIAN_POINT('',(106.28359941632,-24.53678751101,
    172.06528210817));
#8292 = CARTESIAN_POINT('',(106.27339941632,-24.79855583292,
    173.53303274968));
#8293 = CARTESIAN_POINT('',(106.26319941632,-25.06032415484,
    175.00078339118));
#8294 = CARTESIAN_POINT('',(106.08583284693,-29.61218192276,
    200.52332221465));
#8295 = CARTESIAN_POINT('',(105.91866627754,-33.90227136876,
    224.57811039661));
#8296 = CARTESIAN_POINT('',(105.75149970816,-38.19236081476,
    248.63289857857));
#8297 = CARTESIAN_POINT('',(105.58433313877,-42.48245026076,
    272.68768676053));
#8298 = CARTESIAN_POINT('',(105.41716656938,-46.77253970676,
    296.74247494249));
#8299 = CARTESIAN_POINT('',(105.2398,-51.32439747468,322.26501376596));
#8300 = CARTESIAN_POINT('',(105.2296,-51.5861657966,323.73276440747));
#8301 = CARTESIAN_POINT('',(105.2194,-51.84793411852,325.20051504897));
#8302 = CARTESIAN_POINT('',(105.2092,-52.10970244043,326.66826569048));
#8303 = CARTESIAN_POINT('',(105.199,-52.37147076235,328.13601633198));
#8304 = CARTESIAN_POINT('',(105.1888,-52.63323908427,329.60376697349));
#8305 = ORIENTED_EDGE('',*,*,#2875,.F.);
#8306 = ORIENTED_EDGE('',*,*,#7932,.F.);
#8307 = ORIENTED_EDGE('',*,*,#8308,.T.);
#8308 = EDGE_CURVE('',#7912,#8309,#8311,.T.);
#8309 = VERTEX_POINT('',#8310);
#8310 = CARTESIAN_POINT('',(113.25281177045,-58.87357294492,
    319.01446617507));
#8311 = B_SPLINE_CURVE_WITH_KNOTS('',6,(#8312,#8313,#8314,#8315,#8316,
    #8317,#8318,#8319,#8320,#8321,#8322,#8323,#8324,#8325,#8326,#8327,
    #8328),.UNSPECIFIED.,.F.,.F.,(7,5,5,7),(-9.000422918949,
    -5.474960499457E-02,146.55481105679,155.50048437074),.UNSPECIFIED.);
#8312 = CARTESIAN_POINT('',(114.31401177045,-31.63940204106,
    166.31084060979));
#8313 = CARTESIAN_POINT('',(114.30381177045,-31.90117036298,
    167.7785912513));
#8314 = CARTESIAN_POINT('',(114.29361177045,-32.1629386849,
    169.2463418928));
#8315 = CARTESIAN_POINT('',(114.28341177045,-32.42470700681,
    170.71409253431));
#8316 = CARTESIAN_POINT('',(114.27321177045,-32.68647532873,
    172.18184317581));
#8317 = CARTESIAN_POINT('',(114.26301177045,-32.94824365065,
    173.64959381732));
#8318 = CARTESIAN_POINT('',(114.08564520107,-37.50010141857,
    199.17213264079));
#8319 = CARTESIAN_POINT('',(113.91847863168,-41.79019086457,
    223.22692082275));
#8320 = CARTESIAN_POINT('',(113.75131206229,-46.08028031057,
    247.28170900471));
#8321 = CARTESIAN_POINT('',(113.5841454929,-50.37036975657,
    271.33649718667));
#8322 = CARTESIAN_POINT('',(113.41697892352,-54.66045920257,
    295.39128536863));
#8323 = CARTESIAN_POINT('',(113.23961235413,-59.21231697049,
    320.9138241921));
#8324 = CARTESIAN_POINT('',(113.22941235413,-59.47408529241,
    322.3815748336));
#8325 = CARTESIAN_POINT('',(113.21921235413,-59.73585361432,
    323.84932547511));
#8326 = CARTESIAN_POINT('',(113.20901235413,-59.99762193624,
    325.31707611662));
#8327 = CARTESIAN_POINT('',(113.19881235413,-60.25939025816,
    326.78482675812));
#8328 = CARTESIAN_POINT('',(113.18861235413,-60.52115858008,
    328.25257739963));
#8329 = ORIENTED_EDGE('',*,*,#8330,.F.);
#8330 = EDGE_CURVE('',#8285,#8309,#8331,.T.);
#8331 = B_SPLINE_CURVE_WITH_KNOTS('',7,(#8332,#8333,#8334,#8335,#8336,
    #8337,#8338,#8339,#8340,#8341,#8342,#8343,#8344,#8345,#8346,#8347,
    #8348,#8349,#8350,#8351,#8352,#8353,#8354,#8355,#8356,#8357),
  .UNSPECIFIED.,.F.,.F.,(8,6,6,6,8),(0.,0.249928743902,0.50000257361,
    0.75007469467,1.),.UNSPECIFIED.);
#8332 = CARTESIAN_POINT('',(105.25,-51.06262915276,320.79726312445));
#8333 = CARTESIAN_POINT('',(105.25,-51.45723846186,320.70719612472));
#8334 = CARTESIAN_POINT('',(105.27383819558,-51.86143801324,
    320.61494021476));
#8335 = CARTESIAN_POINT('',(105.32359432234,-52.27317755356,
    320.52096335154));
#8336 = CARTESIAN_POINT('',(105.40114205148,-52.68990165942,
    320.42584879376));
#8337 = CARTESIAN_POINT('',(105.50793494098,-53.10854392979,
    320.33029642744));
#8338 = CARTESIAN_POINT('',(105.64482565966,-53.5256393923,
    320.23509710992));
#8339 = CARTESIAN_POINT('',(105.9791083073,-54.34970997475,
    320.04700837704));
#8340 = CARTESIAN_POINT('',(106.17653673397,-54.75668038402,
    319.95412003686));
#8341 = CARTESIAN_POINT('',(106.40431197659,-55.15482551404,
    319.86324600907));
#8342 = CARTESIAN_POINT('',(106.66181077775,-55.54033815516,
    319.77525526444));
#8343 = CARTESIAN_POINT('',(106.94756177427,-55.90946575594,
    319.69100429834));
#8344 = CARTESIAN_POINT('',(107.25928974598,-56.25883401684,
    319.61126327263));
#8345 = CARTESIAN_POINT('',(107.9289651319,-56.9124538815,
    319.46207880379));
#8346 = CARTESIAN_POINT('',(108.28691352628,-57.21670705834,
    319.39263500162));
#8347 = CARTESIAN_POINT('',(108.66510742327,-57.49560703802,
    319.32897790125));
#8348 = CARTESIAN_POINT('',(109.06008979761,-57.74693286911,
    319.27161442036));
#8349 = CARTESIAN_POINT('',(109.4680159137,-57.96924812519,
    319.2208724139));
#8350 = CARTESIAN_POINT('',(109.88498488427,-58.16194420306,
    319.17689079158));
#8351 = CARTESIAN_POINT('',(110.72929958832,-58.48821303297,
    319.10242206026));
#8352 = CARTESIAN_POINT('',(111.15664044095,-58.62182182415,
    319.07192672555));
#8353 = CARTESIAN_POINT('',(111.58556643202,-58.72605446247,
    319.04813630604));
#8354 = CARTESIAN_POINT('',(112.01252727248,-58.80174305816,
    319.03086087799));
#8355 = CARTESIAN_POINT('',(112.43438105457,-58.85030629117,
    319.01977663695));
#8356 = CARTESIAN_POINT('',(112.84850945184,-58.87357294492,
    319.01446617507));
#8357 = CARTESIAN_POINT('',(113.25281177045,-58.87357294492,
    319.01446617507));
#8358 = ( BOUNDED_SURFACE() B_SPLINE_SURFACE(2,6,(
    (#8359,#8360,#8361,#8362,#8363,#8364,#8365,#8366,#8367,#8368,#8369
      ,#8370,#8371,#8372,#8373,#8374,#8375)
    ,(#8376,#8377,#8378,#8379,#8380,#8381,#8382,#8383,#8384,#8385,#8386
      ,#8387,#8388,#8389,#8390,#8391,#8392)
    ,(#8393,#8394,#8395,#8396,#8397,#8398,#8399,#8400,#8401,#8402,#8403
      ,#8404,#8405,#8406,#8407,#8408,#8409
)),.UNSPECIFIED.,.F.,.F.,.F.) B_SPLINE_SURFACE_WITH_KNOTS((3,3),(7,5,5,7
    ),(0.,146.60956066178),(-9.000422918949,-5.474960499457E-02,
    146.55481105679,155.50048437074),.UNSPECIFIED.) 
GEOMETRIC_REPRESENTATION_ITEM() RATIONAL_B_SPLINE_SURFACE((
    (1.,1.,1.,1.,1.,1.,1.,1.,1.,1.,1.,1.,1.,1.,1.,1.,1.)
    ,(0.706990803572,0.706990803572,0.706990803572,0.706990803572
      ,0.706990803572,0.706990803572,0.706990803572,0.706990803572
      ,0.706990803572,0.706990803572,0.706990803572,0.706990803572
      ,0.706990803572,0.706990803572,0.706990803572,0.706990803572
      ,0.706990803572)
    ,(1.,1.,1.,1.,1.,1.,1.,1.,1.,1.,1.,1.,1.,1.,1.,1.,1.
))) REPRESENTATION_ITEM('') SURFACE() );
#8359 = CARTESIAN_POINT('',(106.31419941632,-23.75148254525,
    167.66203018365));
#8360 = CARTESIAN_POINT('',(106.30399941632,-24.01325086717,
    169.12978082516));
#8361 = CARTESIAN_POINT('',(106.29379941632,-24.27501918909,
    170.59753146666));
#8362 = CARTESIAN_POINT('',(106.28359941632,-24.53678751101,
    172.06528210817));
#8363 = CARTESIAN_POINT('',(106.27339941632,-24.79855583292,
    173.53303274968));
#8364 = CARTESIAN_POINT('',(106.26319941632,-25.06032415484,
    175.00078339118));
#8365 = CARTESIAN_POINT('',(106.08583284693,-29.61218192276,
    200.52332221465));
#8366 = CARTESIAN_POINT('',(105.91866627754,-33.90227136876,
    224.57811039661));
#8367 = CARTESIAN_POINT('',(105.75149970816,-38.19236081476,
    248.63289857857));
#8368 = CARTESIAN_POINT('',(105.58433313877,-42.48245026076,
    272.68768676053));
#8369 = CARTESIAN_POINT('',(105.41716656938,-46.77253970676,
    296.74247494249));
#8370 = CARTESIAN_POINT('',(105.2398,-51.32439747468,322.26501376596));
#8371 = CARTESIAN_POINT('',(105.2296,-51.5861657966,323.73276440747));
#8372 = CARTESIAN_POINT('',(105.2194,-51.84793411852,325.20051504897));
#8373 = CARTESIAN_POINT('',(105.2092,-52.10970244043,326.66826569048));
#8374 = CARTESIAN_POINT('',(105.199,-52.37147076235,328.13601633198));
#8375 = CARTESIAN_POINT('',(105.1888,-52.63323908427,329.60376697349));
#8376 = CARTESIAN_POINT('',(106.31157455825,-31.62978954233,
    166.25694275435));
#8377 = CARTESIAN_POINT('',(106.30137455825,-31.89155786425,
    167.72469339585));
#8378 = CARTESIAN_POINT('',(106.29117455825,-32.15332618617,
    169.19244403736));
#8379 = CARTESIAN_POINT('',(106.28097455825,-32.41509450809,
    170.66019467887));
#8380 = CARTESIAN_POINT('',(106.27077455825,-32.67686283,172.12794532037
    ));
#8381 = CARTESIAN_POINT('',(106.26057455825,-32.93863115192,
    173.59569596188));
#8382 = CARTESIAN_POINT('',(106.08320798887,-37.49048891984,
    199.11823478534));
#8383 = CARTESIAN_POINT('',(105.91604141948,-41.78057836584,
    223.17302296731));
#8384 = CARTESIAN_POINT('',(105.74887485009,-46.07066781184,
    247.22781114927));
#8385 = CARTESIAN_POINT('',(105.58170828071,-50.36075725784,
    271.28259933123));
#8386 = CARTESIAN_POINT('',(105.41454171132,-54.65084670384,
    295.33738751319));
#8387 = CARTESIAN_POINT('',(105.23717514193,-59.20270447176,
    320.85992633666));
#8388 = CARTESIAN_POINT('',(105.22697514193,-59.46447279368,
    322.32767697816));
#8389 = CARTESIAN_POINT('',(105.21677514193,-59.7262411156,
    323.79542761967));
#8390 = CARTESIAN_POINT('',(105.20657514193,-59.98800943751,
    325.26317826117));
#8391 = CARTESIAN_POINT('',(105.19637514193,-60.24977775943,
    326.73092890268));
#8392 = CARTESIAN_POINT('',(105.18617514193,-60.51154608135,
    328.19867954418));
#8393 = CARTESIAN_POINT('',(114.31401177045,-31.63940204106,
    166.31084060979));
#8394 = CARTESIAN_POINT('',(114.30381177045,-31.90117036298,
    167.7785912513));
#8395 = CARTESIAN_POINT('',(114.29361177045,-32.1629386849,
    169.2463418928));
#8396 = CARTESIAN_POINT('',(114.28341177045,-32.42470700681,
    170.71409253431));
#8397 = CARTESIAN_POINT('',(114.27321177045,-32.68647532873,
    172.18184317581));
#8398 = CARTESIAN_POINT('',(114.26301177045,-32.94824365065,
    173.64959381732));
#8399 = CARTESIAN_POINT('',(114.08564520107,-37.50010141857,
    199.17213264079));
#8400 = CARTESIAN_POINT('',(113.91847863168,-41.79019086457,
    223.22692082275));
#8401 = CARTESIAN_POINT('',(113.75131206229,-46.08028031057,
    247.28170900471));
#8402 = CARTESIAN_POINT('',(113.5841454929,-50.37036975657,
    271.33649718667));
#8403 = CARTESIAN_POINT('',(113.41697892352,-54.66045920257,
    295.39128536863));
#8404 = CARTESIAN_POINT('',(113.23961235413,-59.21231697049,
    320.9138241921));
#8405 = CARTESIAN_POINT('',(113.22941235413,-59.47408529241,
    322.3815748336));
#8406 = CARTESIAN_POINT('',(113.21921235413,-59.73585361432,
    323.84932547511));
#8407 = CARTESIAN_POINT('',(113.20901235413,-59.99762193624,
    325.31707611662));
#8408 = CARTESIAN_POINT('',(113.19881235413,-60.25939025816,
    326.78482675812));
#8409 = CARTESIAN_POINT('',(113.18861235413,-60.52115858008,
    328.25257739963));
#8410 = ADVANCED_FACE('',(#8411),#8551,.T.);
#8411 = FACE_BOUND('',#8412,.F.);
#8412 = EDGE_LOOP('',(#8413,#8421,#8422,#8432,#8549,#8550));
#8413 = ORIENTED_EDGE('',*,*,#8414,.F.);
#8414 = EDGE_CURVE('',#4314,#8060,#8415,.T.);
#8415 = B_SPLINE_CURVE_WITH_KNOTS('',4,(#8416,#8417,#8418,#8419,#8420),
  .UNSPECIFIED.,.F.,.F.,(5,5),(0.,1.),.PIECEWISE_BEZIER_KNOTS.);
#8416 = CARTESIAN_POINT('',(114.25,32.750992699681,185.79104800174));
#8417 = CARTESIAN_POINT('',(114.2339793337,32.750992699681,
    185.79104800174));
#8418 = CARTESIAN_POINT('',(114.21795881881,32.750963246324,
    185.79101449502));
#8419 = CARTESIAN_POINT('',(114.20193854914,32.750904340863,
    185.790947483));
#8420 = CARTESIAN_POINT('',(114.18591861842,32.750815983759,
    185.7908469662));
#8421 = ORIENTED_EDGE('',*,*,#4323,.T.);
#8422 = ORIENTED_EDGE('',*,*,#8423,.F.);
#8423 = EDGE_CURVE('',#8424,#4324,#8426,.T.);
#8424 = VERTEX_POINT('',#8425);
#8425 = CARTESIAN_POINT('',(114.18591921838,1.20753177588,192.990395752)
  );
#8426 = B_SPLINE_CURVE_WITH_KNOTS('',4,(#8427,#8428,#8429,#8430,#8431),
  .UNSPECIFIED.,.F.,.F.,(5,5),(0.,1.),.PIECEWISE_BEZIER_KNOTS.);
#8427 = CARTESIAN_POINT('',(114.18591861842,1.207531777228,
    192.99039574718));
#8428 = CARTESIAN_POINT('',(114.20193854909,1.207495782832,
    192.99052464639));
#8429 = CARTESIAN_POINT('',(114.21795881886,1.207471786272,
    192.99061058026));
#8430 = CARTESIAN_POINT('',(114.23397933358,1.207459787736,
    192.9906535481));
#8431 = CARTESIAN_POINT('',(114.25,1.207459787736,192.9906535481));
#8432 = ORIENTED_EDGE('',*,*,#8433,.T.);
#8433 = EDGE_CURVE('',#8424,#2842,#8434,.T.);
#8434 = B_SPLINE_CURVE_WITH_KNOTS('',8,(#8435,#8436,#8437,#8438,#8439,
    #8440,#8441,#8442,#8443,#8444,#8445,#8446,#8447,#8448,#8449,#8450,
    #8451,#8452,#8453,#8454,#8455,#8456,#8457,#8458,#8459,#8460,#8461,
    #8462,#8463,#8464,#8465,#8466,#8467,#8468,#8469,#8470,#8471,#8472,
    #8473,#8474,#8475,#8476,#8477,#8478,#8479,#8480,#8481,#8482,#8483,
    #8484,#8485,#8486,#8487,#8488,#8489,#8490,#8491,#8492,#8493,#8494,
    #8495,#8496,#8497,#8498,#8499,#8500,#8501,#8502,#8503,#8504,#8505,
    #8506,#8507,#8508,#8509,#8510,#8511,#8512,#8513,#8514,#8515,#8516,
    #8517,#8518,#8519,#8520,#8521,#8522,#8523,#8524,#8525,#8526,#8527,
    #8528,#8529,#8530,#8531,#8532,#8533,#8534,#8535,#8536,#8537,#8538,
    #8539,#8540,#8541,#8542,#8543,#8544,#8545,#8546,#8547,#8548),
  .UNSPECIFIED.,.F.,.F.,(9,7,7,7,7,7,7,7,7,7,7,7,7,7,7,7,9),(0.,
    0.106991883795,0.214175378111,0.319846282916,0.422847325798,
    0.524497444279,0.626023471326,0.728515848073,0.832679324341,
    0.890287816521,0.94688787519,0.970772527995,0.984448479132,
    0.992164730063,0.996269955091,0.998520299417,1.),.UNSPECIFIED.);
#8435 = CARTESIAN_POINT('',(114.18591921838,1.20753177588,192.990395752)
  );
#8436 = CARTESIAN_POINT('',(114.04168504442,1.207855845539,
    192.98923522904));
#8437 = CARTESIAN_POINT('',(113.89624218491,1.2059170736,192.98512748118
    ));
#8438 = CARTESIAN_POINT('',(113.74968044809,1.201648147356,
    192.97798542208));
#8439 = CARTESIAN_POINT('',(113.60209705115,1.194984181134,
    192.96772464645));
#8440 = CARTESIAN_POINT('',(113.4535964203,1.185863354313,
    192.95426418469));
#8441 = CARTESIAN_POINT('',(113.30428999071,1.174227549344,
    192.93752725758));
#8442 = CARTESIAN_POINT('',(113.1542960066,1.160022989762,
    192.91744203094));
#8443 = CARTESIAN_POINT('',(112.85291300556,1.126348640133,
    192.87040062434));
#8444 = CARTESIAN_POINT('',(112.7015219513,1.106869476554,
    192.84343221449));
#8445 = CARTESIAN_POINT('',(112.54969149314,1.084714298193,
    192.81297062796));
#8446 = CARTESIAN_POINT('',(112.39755360384,1.059839090149,
    192.77895515813));
#8447 = CARTESIAN_POINT('',(112.24524626169,1.032205492572,
    192.74133161627));
#8448 = CARTESIAN_POINT('',(112.092912818,1.00178138134,192.70005304318)
  );
#8449 = CARTESIAN_POINT('',(111.94070136457,0.968541448738,
    192.6550804209));
#8450 = CARTESIAN_POINT('',(111.63897099927,0.896903196472,
    192.55837356778));
#8451 = CARTESIAN_POINT('',(111.48944435389,0.858584294732,
    192.50674371577));
#8452 = CARTESIAN_POINT('',(111.34032985426,0.817493799018,
    192.45146460596));
#8453 = CARTESIAN_POINT('',(111.19177697159,0.773621461968,
    192.39251524342));
#8454 = CARTESIAN_POINT('',(111.04393802047,0.726964359957,
    192.32988325538));
#8455 = CARTESIAN_POINT('',(110.89696722016,0.677527184311,
    192.26356528592));
#8456 = CARTESIAN_POINT('',(110.75101975587,0.625322532512,
    192.19356739059));
#8457 = CARTESIAN_POINT('',(110.46513962943,0.51680825673,
    192.04810460138));
#8458 = CARTESIAN_POINT('',(110.32514810588,0.460635659954,
    191.9728225039));
#8459 = CARTESIAN_POINT('',(110.18641995373,0.401872505138,
    191.89407363628));
#8460 = CARTESIAN_POINT('',(110.04909874593,0.340545282476,
    191.81188135204));
#8461 = CARTESIAN_POINT('',(109.9133269976,0.276687795055,
    191.72627780902));
#8462 = CARTESIAN_POINT('',(109.77924521946,0.210341077597,
    191.63730391775));
#8463 = CARTESIAN_POINT('',(109.64699097138,0.14155331521,
    191.54500928988));
#8464 = CARTESIAN_POINT('',(109.38811373687,1.3969561309E-04,
    191.35514837558));
#8465 = CARTESIAN_POINT('',(109.26143959357,-7.242401397127E-02,
    191.2576670826));
#8466 = CARTESIAN_POINT('',(109.13680401209,-0.147258408824,
    191.15706409039));
#8467 = CARTESIAN_POINT('',(109.01433170081,-0.224303876411,
    191.05340335752));
#8468 = CARTESIAN_POINT('',(108.89414279004,-0.303494535639,
    190.94675653133));
#8469 = CARTESIAN_POINT('',(108.77635207164,-0.384758623038,
    190.83720246094));
#8470 = CARTESIAN_POINT('',(108.6610682387,-0.468018878936,
    190.72482671028));
#8471 = CARTESIAN_POINT('',(108.43585556208,-0.638263010397,
    190.49475594944));
#8472 = CARTESIAN_POINT('',(108.32592032391,-0.725242245431,
    190.3770675889));
#8473 = CARTESIAN_POINT('',(108.21868901724,-0.814048650305,
    190.25674719848));
#8474 = CARTESIAN_POINT('',(108.11425634881,-0.904595243014,
    190.13389219247));
#8475 = CARTESIAN_POINT('',(108.01270969412,-0.996790592511,
    190.00860522707));
#8476 = CARTESIAN_POINT('',(107.91412866585,-1.090539363239,
    189.88099323698));
#8477 = CARTESIAN_POINT('',(107.81858468246,-1.185742859656,
    189.75116647206));
#8478 = CARTESIAN_POINT('',(107.63281648469,-1.379775332398,
    189.48605286364));
#8479 = CARTESIAN_POINT('',(107.54265155461,-1.478630241656,
    189.35072591069));
#8480 = CARTESIAN_POINT('',(107.45571054535,-1.578759732234,
    189.21337190178));
#8481 = CARTESIAN_POINT('',(107.37204928051,-1.680056536114,
    189.07410897236));
#8482 = CARTESIAN_POINT('',(107.29171458953,-1.782411010907,
    188.93305604142));
#8483 = CARTESIAN_POINT('',(107.21474428905,-1.885711467194,
    188.79033068622));
#8484 = CARTESIAN_POINT('',(107.14116716411,-1.989844495867,
    188.64604701708));
#8485 = CARTESIAN_POINT('',(106.99969473386,-2.201255647791,
    188.35220395812));
#8486 = CARTESIAN_POINT('',(106.93191167711,-2.308557195949,
    188.20259642674));
#8487 = CARTESIAN_POINT('',(106.86767458328,-2.416479641071,
    188.05160553804));
#8488 = CARTESIAN_POINT('',(106.80699483178,-2.524899762748,
    187.89933518453));
#8489 = CARTESIAN_POINT('',(106.74987456149,-2.633692905369,
    187.74588028041));
#8490 = CARTESIAN_POINT('',(106.69630703573,-2.742731736991,
    187.59131937734));
#8491 = CARTESIAN_POINT('',(106.64627718822,-2.851882280742,
    187.43569818679));
#8492 = CARTESIAN_POINT('',(106.57403692484,-3.02134415876,
    187.19234296776));
#8493 = CARTESIAN_POINT('',(106.54938665503,-3.081680123127,
    187.10535349283));
#8494 = CARTESIAN_POINT('',(106.52580769997,-3.14198024146,
    187.01803357513));
#8495 = CARTESIAN_POINT('',(106.50329552609,-3.202217829264,
    186.93037384595));
#8496 = CARTESIAN_POINT('',(106.48184493092,-3.262364478407,
    186.84235776004));
#8497 = CARTESIAN_POINT('',(106.46145009881,-3.322388993146,
    186.75395782121));
#8498 = CARTESIAN_POINT('',(106.44210468829,-3.382255171725,
    186.66512785022));
#8499 = CARTESIAN_POINT('',(106.40581960196,-3.500537293184,
    186.48801857163));
#8500 = CARTESIAN_POINT('',(106.38884382876,-3.558959895237,
    186.39975688295));
#8501 = CARTESIAN_POINT('',(106.37286812477,-3.617144513357,
    186.31093420133));
#8502 = CARTESIAN_POINT('',(106.35788576237,-3.675038529961,
    186.22144052244));
#8503 = CARTESIAN_POINT('',(106.3438896873,-3.732582341928,
    186.13114111016));
#8504 = CARTESIAN_POINT('',(106.33087322151,-3.789683066881,
    186.03978637682));
#8505 = CARTESIAN_POINT('',(106.31882964994,-3.846229908901,
    185.94706438014));
#8506 = CARTESIAN_POINT('',(106.30308211847,-3.925499398181,
    185.81215919017));
#8507 = CARTESIAN_POINT('',(106.29858152189,-3.948880550516,
    185.77174250658));
#8508 = CARTESIAN_POINT('',(106.29425327473,-3.972100025623,
    185.73088351687));
#8509 = CARTESIAN_POINT('',(106.29009719208,-3.995135367018,
    185.68951025611));
#8510 = CARTESIAN_POINT('',(106.28611331036,-4.017956007564,
    185.64752372438));
#8511 = CARTESIAN_POINT('',(106.2823018875,-4.040522919339,
    185.60479667663));
#8512 = CARTESIAN_POINT('',(106.27866357217,-4.062781984093,
    185.56115101918));
#8513 = CARTESIAN_POINT('',(106.27321685402,-4.097156625132,
    185.49058518055));
#8514 = CARTESIAN_POINT('',(106.27129102725,-4.109541038861,
    185.46449036652));
#8515 = CARTESIAN_POINT('',(106.26942282603,-4.12177640331,
    185.43793436805));
#8516 = CARTESIAN_POINT('',(106.26761265568,-4.133841742283,
    185.41084698794));
#8517 = CARTESIAN_POINT('',(106.26586116773,-4.145707912714,
    185.38313160028));
#8518 = CARTESIAN_POINT('',(106.2641692491,-4.157337664837,
    185.3546653274));
#8519 = CARTESIAN_POINT('',(106.26253819206,-4.1686791476,
    185.32527711403));
#8520 = CARTESIAN_POINT('',(106.26008575739,-4.18582671638,
    185.2773938662));
#8521 = CARTESIAN_POINT('',(106.25922134316,-4.191890832371,
    185.25973410808));
#8522 = CARTESIAN_POINT('',(106.25837750337,-4.197817418369,
    185.24162963338));
#8523 = CARTESIAN_POINT('',(106.25755474782,-4.203586933941,
    185.22301530589));
#8524 = CARTESIAN_POINT('',(106.25675386161,-4.209171253427,
    185.20379939213));
#8525 = CARTESIAN_POINT('',(106.25597587249,-4.21453450915,
    185.18386630757));
#8526 = CARTESIAN_POINT('',(106.25522223043,-4.219626480914,
    185.16305467028));
#8527 = CARTESIAN_POINT('',(106.25410900998,-4.226870282621,
    185.12936618132));
#8528 = CARTESIAN_POINT('',(106.25373014023,-4.229282442344,
    185.11733617769));
#8529 = CARTESIAN_POINT('',(106.25335934272,-4.231577214372,
    185.10492693949));
#8530 = CARTESIAN_POINT('',(106.25299708983,-4.23373801667,
    185.09208435117));
#8531 = CARTESIAN_POINT('',(106.25264412498,-4.235740435291,
    185.07873164903));
#8532 = CARTESIAN_POINT('',(106.25230141959,-4.237553440771,
    185.06477326139));
#8533 = CARTESIAN_POINT('',(106.25197033847,-4.239133610088,
    185.05007614712));
#8534 = CARTESIAN_POINT('',(106.25147969634,-4.241092472554,
    185.025784546));
#8535 = CARTESIAN_POINT('',(106.25131033788,-4.241691063209,
    185.01689076839));
#8536 = CARTESIAN_POINT('',(106.25114568729,-4.242180986542,
    185.0076563101));
#8537 = CARTESIAN_POINT('',(106.25098621594,-4.242546440303,
    184.99803081309));
#8538 = CARTESIAN_POINT('',(106.25083275249,-4.242762425515,
    184.98794044014));
#8539 = CARTESIAN_POINT('',(106.25068638336,-4.242797595554,
    184.97729637043));
#8540 = CARTESIAN_POINT('',(106.25054863863,-4.242608167311,
    184.96597596881));
#8541 = CARTESIAN_POINT('',(106.2503396865,-4.241772550719,
    184.94566074411));
#8542 = CARTESIAN_POINT('',(106.25026258383,-4.241307548821,
    184.93726659157));
#8543 = CARTESIAN_POINT('',(106.25019121926,-4.240686524506,
    184.92841243281));
#8544 = CARTESIAN_POINT('',(106.25012688039,-4.239865586468,
    184.91895566238));
#8545 = CARTESIAN_POINT('',(106.25007086558,-4.238809599531,
    184.90880251568));
#8546 = CARTESIAN_POINT('',(106.25002745784,-4.237418168545,
    184.8977300482));
#8547 = CARTESIAN_POINT('',(106.25,-4.235624020882,184.88562970073));
#8548 = CARTESIAN_POINT('',(106.25,-4.233153353569,184.87188571009));
#8549 = ORIENTED_EDGE('',*,*,#2841,.F.);
#8550 = ORIENTED_EDGE('',*,*,#8059,.F.);
#8551 = TOROIDAL_SURFACE('',#8552,70.,8.);
#8552 = AXIS2_PLACEMENT_3D('',#8553,#8554,#8555);
#8553 = CARTESIAN_POINT('',(114.25,0.,115.));
#8554 = DIRECTION('',(-1.,-0.,2.22044604925E-16));
#8555 = DIRECTION('',(-2.22044604925E-16,0.,-1.));
#8556 = ADVANCED_FACE('',(#8557),#8589,.T.);
#8557 = FACE_BOUND('',#8558,.T.);
#8558 = EDGE_LOOP('',(#8559,#8560,#8561,#8569));
#8559 = ORIENTED_EDGE('',*,*,#2867,.T.);
#8560 = ORIENTED_EDGE('',*,*,#8284,.T.);
#8561 = ORIENTED_EDGE('',*,*,#8562,.F.);
#8562 = EDGE_CURVE('',#8563,#8285,#8565,.T.);
#8563 = VERTEX_POINT('',#8564);
#8564 = CARTESIAN_POINT('',(105.25,-43.28624684471,322.57217164063));
#8565 = LINE('',#8566,#8567);
#8566 = CARTESIAN_POINT('',(105.25,-35.47530305255,324.35496859002));
#8567 = VECTOR('',#8568,1.);
#8568 = DIRECTION('',(-4.940957286788E-17,-0.974927912182,
    -0.222520933956));
#8569 = ORIENTED_EDGE('',*,*,#8570,.F.);
#8570 = EDGE_CURVE('',#2851,#8563,#8571,.T.);
#8571 = B_SPLINE_CURVE_WITH_KNOTS('',6,(#8572,#8573,#8574,#8575,#8576,
    #8577,#8578,#8579,#8580,#8581,#8582,#8583,#8584,#8585,#8586,#8587,
    #8588),.UNSPECIFIED.,.F.,.F.,(7,5,5,7),(-9.000422918949,
    -5.474960499463E-02,146.55481105679,155.50048437074),.UNSPECIFIED.);
#8572 = CARTESIAN_POINT('',(106.31419941632,-1.449852225804,
    172.75223177233));
#8573 = CARTESIAN_POINT('',(106.30399941632,-1.850840253581,
    174.18820642447));
#8574 = CARTESIAN_POINT('',(106.29379941632,-2.251828281359,
    175.6241810766));
#8575 = CARTESIAN_POINT('',(106.28359941632,-2.652816309136,
    177.06015572874));
#8576 = CARTESIAN_POINT('',(106.27339941632,-3.053804336914,
    178.49613038088));
#8577 = CARTESIAN_POINT('',(106.26319941632,-3.454792364691,
    179.93210503301));
#8578 = CARTESIAN_POINT('',(106.08583284693,-10.42752480117,
    204.90209501106));
#8579 = CARTESIAN_POINT('',(105.91866627754,-16.99926920988,
    228.43611033698));
#8580 = CARTESIAN_POINT('',(105.75149970816,-23.57101361859,
    251.97012566289));
#8581 = CARTESIAN_POINT('',(105.58433313877,-30.14275802729,
    275.5041409888));
#8582 = CARTESIAN_POINT('',(105.41716656938,-36.714502436,
    299.03815631472));
#8583 = CARTESIAN_POINT('',(105.2398,-43.68723487248,324.00814629277));
#8584 = CARTESIAN_POINT('',(105.2296,-44.08822290026,325.4441209449));
#8585 = CARTESIAN_POINT('',(105.2194,-44.48921092804,326.88009559704));
#8586 = CARTESIAN_POINT('',(105.2092,-44.89019895582,328.31607024918));
#8587 = CARTESIAN_POINT('',(105.199,-45.29118698359,329.75204490131));
#8588 = CARTESIAN_POINT('',(105.1888,-45.69217501137,331.18801955345));
#8589 = B_SPLINE_SURFACE_WITH_KNOTS('',1,1,(
    (#8590,#8591)
    ,(#8592,#8593
    )),.UNSPECIFIED.,.F.,.F.,.F.,(2,2),(2,2),(0.,38.),(0.,1.),
  .PIECEWISE_BEZIER_KNOTS.);
#8590 = CARTESIAN_POINT('',(106.25,3.837248690338,183.57313994917));
#8591 = CARTESIAN_POINT('',(105.25,-35.47530305255,324.35496859002));
#8592 = CARTESIAN_POINT('',(106.25,-33.21001197257,175.11734445883));
#8593 = CARTESIAN_POINT('',(105.25,-58.87357294492,319.01446617507));
#8594 = ADVANCED_FACE('',(#8595),#8651,.F.);
#8595 = FACE_BOUND('',#8596,.F.);
#8596 = EDGE_LOOP('',(#8597,#8598,#8599,#8600,#8622));
#8597 = ORIENTED_EDGE('',*,*,#8570,.F.);
#8598 = ORIENTED_EDGE('',*,*,#2850,.F.);
#8599 = ORIENTED_EDGE('',*,*,#8433,.F.);
#8600 = ORIENTED_EDGE('',*,*,#8601,.T.);
#8601 = EDGE_CURVE('',#8424,#8602,#8604,.T.);
#8602 = VERTEX_POINT('',#8603);
#8603 = CARTESIAN_POINT('',(113.25281177045,-35.47530305255,
    324.35496859002));
#8604 = B_SPLINE_CURVE_WITH_KNOTS('',6,(#8605,#8606,#8607,#8608,#8609,
    #8610,#8611,#8612,#8613,#8614,#8615,#8616,#8617,#8618,#8619,#8620,
    #8621),.UNSPECIFIED.,.F.,.F.,(7,5,5,7),(-9.000422918949,
    -5.474960499463E-02,146.55481105679,155.50048437074),.UNSPECIFIED.);
#8605 = CARTESIAN_POINT('',(114.31401177045,6.243176857003,
    174.95729203635));
#8606 = CARTESIAN_POINT('',(114.30381177045,5.842188829226,
    176.39326668848));
#8607 = CARTESIAN_POINT('',(114.29361177045,5.441200801448,
    177.82924134062));
#8608 = CARTESIAN_POINT('',(114.28341177045,5.04021277367,
    179.26521599276));
#8609 = CARTESIAN_POINT('',(114.27321177045,4.639224745893,
    180.70119064489));
#8610 = CARTESIAN_POINT('',(114.26301177045,4.238236718115,
    182.13716529703));
#8611 = CARTESIAN_POINT('',(114.08564520106,-2.734495718369,
    207.10715527508));
#8612 = CARTESIAN_POINT('',(113.91847863168,-9.306240127076,
    230.64117060099));
#8613 = CARTESIAN_POINT('',(113.75131206229,-15.87798453578,
    254.17518592691));
#8614 = CARTESIAN_POINT('',(113.5841454929,-22.44972894449,
    277.70920125282));
#8615 = CARTESIAN_POINT('',(113.41697892352,-29.02147335319,
    301.24321657873));
#8616 = CARTESIAN_POINT('',(113.23961235413,-35.99420578968,
    326.21320655678));
#8617 = CARTESIAN_POINT('',(113.22941235413,-36.39519381745,
    327.64918120892));
#8618 = CARTESIAN_POINT('',(113.21921235413,-36.79618184523,
    329.08515586106));
#8619 = CARTESIAN_POINT('',(113.20901235413,-37.19716987301,
    330.52113051319));
#8620 = CARTESIAN_POINT('',(113.19881235413,-37.59815790079,
    331.95710516533));
#8621 = CARTESIAN_POINT('',(113.18861235413,-37.99914592856,
    333.39307981747));
#8622 = ORIENTED_EDGE('',*,*,#8623,.F.);
#8623 = EDGE_CURVE('',#8563,#8602,#8624,.T.);
#8624 = B_SPLINE_CURVE_WITH_KNOTS('',7,(#8625,#8626,#8627,#8628,#8629,
    #8630,#8631,#8632,#8633,#8634,#8635,#8636,#8637,#8638,#8639,#8640,
    #8641,#8642,#8643,#8644,#8645,#8646,#8647,#8648,#8649,#8650),
  .UNSPECIFIED.,.F.,.F.,(8,6,6,6,8),(0.,0.249928743901,0.500002573608,
    0.75007469467,1.),.UNSPECIFIED.);
#8625 = CARTESIAN_POINT('',(105.25,-43.28624684471,322.57217164063));
#8626 = CARTESIAN_POINT('',(105.25,-42.89163753561,322.66223864036));
#8627 = CARTESIAN_POINT('',(105.27383819558,-42.48743798423,
    322.75449455032));
#8628 = CARTESIAN_POINT('',(105.32359432234,-42.0756984439,
    322.84847141355));
#8629 = CARTESIAN_POINT('',(105.40114205148,-41.65897433805,
    322.94358597133));
#8630 = CARTESIAN_POINT('',(105.50793494098,-41.24033206768,
    323.03913833765));
#8631 = CARTESIAN_POINT('',(105.64482565966,-40.82323660517,
    323.13433765516));
#8632 = CARTESIAN_POINT('',(105.9791083073,-39.99916602272,
    323.32242638804));
#8633 = CARTESIAN_POINT('',(106.17653673397,-39.59219561345,
    323.41531472823));
#8634 = CARTESIAN_POINT('',(106.40431197659,-39.19405048343,
    323.50618875601));
#8635 = CARTESIAN_POINT('',(106.66181077775,-38.80853784231,
    323.59417950065));
#8636 = CARTESIAN_POINT('',(106.94756177427,-38.43941024153,
    323.67843046674));
#8637 = CARTESIAN_POINT('',(107.25928974598,-38.09004198063,
    323.75817149245));
#8638 = CARTESIAN_POINT('',(107.9289651319,-37.43642211597,
    323.90735596129));
#8639 = CARTESIAN_POINT('',(108.28691352626,-37.13216893914,
    323.97679976347));
#8640 = CARTESIAN_POINT('',(108.66510742329,-36.85326895944,
    324.04045686384));
#8641 = CARTESIAN_POINT('',(109.06008979759,-36.60194312837,
    324.09782034473));
#8642 = CARTESIAN_POINT('',(109.46801591372,-36.37962787227,
    324.14856235119));
#8643 = CARTESIAN_POINT('',(109.88498488426,-36.18693179441,
    324.1925439735));
#8644 = CARTESIAN_POINT('',(110.72929958832,-35.8606629645,
    324.26701270482));
#8645 = CARTESIAN_POINT('',(111.15664044095,-35.72705417332,
    324.29750803953));
#8646 = CARTESIAN_POINT('',(111.58556643202,-35.622821535,
    324.32129845905));
#8647 = CARTESIAN_POINT('',(112.01252727248,-35.54713293931,
    324.3385738871));
#8648 = CARTESIAN_POINT('',(112.43438105457,-35.4985697063,
    324.34965812813));
#8649 = CARTESIAN_POINT('',(112.84850945184,-35.47530305255,
    324.35496859002));
#8650 = CARTESIAN_POINT('',(113.25281177045,-35.47530305255,
    324.35496859002));
#8651 = ( BOUNDED_SURFACE() B_SPLINE_SURFACE(2,6,(
    (#8652,#8653,#8654,#8655,#8656,#8657,#8658,#8659,#8660,#8661,#8662
      ,#8663,#8664,#8665,#8666,#8667,#8668)
    ,(#8669,#8670,#8671,#8672,#8673,#8674,#8675,#8676,#8677,#8678,#8679
      ,#8680,#8681,#8682,#8683,#8684,#8685)
    ,(#8686,#8687,#8688,#8689,#8690,#8691,#8692,#8693,#8694,#8695,#8696
      ,#8697,#8698,#8699,#8700,#8701,#8702
)),.UNSPECIFIED.,.F.,.F.,.F.) B_SPLINE_SURFACE_WITH_KNOTS((3,3),(7,5,5,7
    ),(0.,146.60956066178),(-9.000422918949,-5.474960499463E-02,
    146.55481105679,155.50048437074),.UNSPECIFIED.) 
GEOMETRIC_REPRESENTATION_ITEM() RATIONAL_B_SPLINE_SURFACE((
    (1.,1.,1.,1.,1.,1.,1.,1.,1.,1.,1.,1.,1.,1.,1.,1.,1.)
    ,(0.706990803572,0.706990803572,0.706990803572,0.706990803572
      ,0.706990803572,0.706990803572,0.706990803572,0.706990803572
      ,0.706990803572,0.706990803572,0.706990803572,0.706990803572
      ,0.706990803572,0.706990803572,0.706990803572,0.706990803572
      ,0.706990803572)
    ,(1.,1.,1.,1.,1.,1.,1.,1.,1.,1.,1.,1.,1.,1.,1.,1.,1.
))) REPRESENTATION_ITEM('') SURFACE() );
#8652 = CARTESIAN_POINT('',(106.31419941632,-1.449852225804,
    172.75223177233));
#8653 = CARTESIAN_POINT('',(106.30399941632,-1.850840253581,
    174.18820642447));
#8654 = CARTESIAN_POINT('',(106.29379941632,-2.251828281359,
    175.6241810766));
#8655 = CARTESIAN_POINT('',(106.28359941632,-2.652816309136,
    177.06015572874));
#8656 = CARTESIAN_POINT('',(106.27339941632,-3.053804336914,
    178.49613038088));
#8657 = CARTESIAN_POINT('',(106.26319941632,-3.454792364691,
    179.93210503301));
#8658 = CARTESIAN_POINT('',(106.08583284693,-10.42752480117,
    204.90209501106));
#8659 = CARTESIAN_POINT('',(105.91866627754,-16.99926920988,
    228.43611033698));
#8660 = CARTESIAN_POINT('',(105.75149970816,-23.57101361859,
    251.97012566289));
#8661 = CARTESIAN_POINT('',(105.58433313877,-30.14275802729,
    275.5041409888));
#8662 = CARTESIAN_POINT('',(105.41716656938,-36.714502436,
    299.03815631472));
#8663 = CARTESIAN_POINT('',(105.2398,-43.68723487248,324.00814629277));
#8664 = CARTESIAN_POINT('',(105.2296,-44.08822290026,325.4441209449));
#8665 = CARTESIAN_POINT('',(105.2194,-44.48921092804,326.88009559704));
#8666 = CARTESIAN_POINT('',(105.2092,-44.89019895582,328.31607024918));
#8667 = CARTESIAN_POINT('',(105.199,-45.29118698359,329.75204490131));
#8668 = CARTESIAN_POINT('',(105.1888,-45.69217501137,331.18801955345));
#8669 = CARTESIAN_POINT('',(106.31157455825,6.257901697957,
    174.90456103965));
#8670 = CARTESIAN_POINT('',(106.30137455825,5.856913670179,
    176.34053569179));
#8671 = CARTESIAN_POINT('',(106.29117455825,5.455925642402,
    177.77651034393));
#8672 = CARTESIAN_POINT('',(106.28097455825,5.054937614624,
    179.21248499606));
#8673 = CARTESIAN_POINT('',(106.27077455825,4.653949586847,
    180.6484596482));
#8674 = CARTESIAN_POINT('',(106.26057455825,4.252961559069,
    182.08443430034));
#8675 = CARTESIAN_POINT('',(106.08320798887,-2.719770877415,
    207.05442427839));
#8676 = CARTESIAN_POINT('',(105.91604141948,-9.291515286122,
    230.5884396043));
#8677 = CARTESIAN_POINT('',(105.74887485009,-15.86325969482,
    254.12245493022));
#8678 = CARTESIAN_POINT('',(105.58170828071,-22.43500410353,
    277.65647025613));
#8679 = CARTESIAN_POINT('',(105.41454171132,-29.00674851224,
    301.19048558204));
#8680 = CARTESIAN_POINT('',(105.23717514193,-35.97948094872,
    326.16047556009));
#8681 = CARTESIAN_POINT('',(105.22697514193,-36.3804689765,
    327.59645021223));
#8682 = CARTESIAN_POINT('',(105.21677514193,-36.78145700428,
    329.03242486437));
#8683 = CARTESIAN_POINT('',(105.20657514193,-37.18244503206,
    330.4683995165));
#8684 = CARTESIAN_POINT('',(105.19637514193,-37.58343305983,
    331.90437416864));
#8685 = CARTESIAN_POINT('',(105.18617514193,-37.98442108761,
    333.34034882078));
#8686 = CARTESIAN_POINT('',(114.31401177045,6.243176857003,
    174.95729203635));
#8687 = CARTESIAN_POINT('',(114.30381177045,5.842188829226,
    176.39326668848));
#8688 = CARTESIAN_POINT('',(114.29361177045,5.441200801448,
    177.82924134062));
#8689 = CARTESIAN_POINT('',(114.28341177045,5.04021277367,
    179.26521599276));
#8690 = CARTESIAN_POINT('',(114.27321177045,4.639224745893,
    180.70119064489));
#8691 = CARTESIAN_POINT('',(114.26301177045,4.238236718115,
    182.13716529703));
#8692 = CARTESIAN_POINT('',(114.08564520106,-2.734495718369,
    207.10715527508));
#8693 = CARTESIAN_POINT('',(113.91847863168,-9.306240127076,
    230.64117060099));
#8694 = CARTESIAN_POINT('',(113.75131206229,-15.87798453578,
    254.17518592691));
#8695 = CARTESIAN_POINT('',(113.5841454929,-22.44972894449,
    277.70920125282));
#8696 = CARTESIAN_POINT('',(113.41697892352,-29.02147335319,
    301.24321657873));
#8697 = CARTESIAN_POINT('',(113.23961235413,-35.99420578968,
    326.21320655678));
#8698 = CARTESIAN_POINT('',(113.22941235413,-36.39519381745,
    327.64918120892));
#8699 = CARTESIAN_POINT('',(113.21921235413,-36.79618184523,
    329.08515586106));
#8700 = CARTESIAN_POINT('',(113.20901235413,-37.19716987301,
    330.52113051319));
#8701 = CARTESIAN_POINT('',(113.19881235413,-37.59815790079,
    331.95710516533));
#8702 = CARTESIAN_POINT('',(113.18861235413,-37.99914592856,
    333.39307981747));
#8703 = ADVANCED_FACE('',(#8704),#8723,.F.);
#8704 = FACE_BOUND('',#8705,.F.);
#8705 = EDGE_LOOP('',(#8706,#8714,#8721,#8722));
#8706 = ORIENTED_EDGE('',*,*,#8707,.T.);
#8707 = EDGE_CURVE('',#3094,#8708,#8710,.T.);
#8708 = VERTEX_POINT('',#8709);
#8709 = CARTESIAN_POINT('',(114.25,-45.30495168499,140.41597412837));
#8710 = LINE('',#8711,#8712);
#8711 = CARTESIAN_POINT('',(96.25,-45.30495168499,140.41597412837));
#8712 = VECTOR('',#8713,1.);
#8713 = DIRECTION('',(1.,0.,-2.22044604925E-16));
#8714 = ORIENTED_EDGE('',*,*,#8715,.F.);
#8715 = EDGE_CURVE('',#8708,#8708,#8716,.T.);
#8716 = CIRCLE('',#8717,7.5);
#8717 = AXIS2_PLACEMENT_3D('',#8718,#8719,#8720);
#8718 = CARTESIAN_POINT('',(114.25,-45.30495168499,147.91597412837));
#8719 = DIRECTION('',(1.,0.,-2.22044604925E-16));
#8720 = DIRECTION('',(-2.22044604925E-16,0.,-1.));
#8721 = ORIENTED_EDGE('',*,*,#8707,.F.);
#8722 = ORIENTED_EDGE('',*,*,#3093,.T.);
#8723 = CYLINDRICAL_SURFACE('',#8724,7.5);
#8724 = AXIS2_PLACEMENT_3D('',#8725,#8726,#8727);
#8725 = CARTESIAN_POINT('',(96.25,-45.30495168499,147.91597412837));
#8726 = DIRECTION('',(1.,0.,-2.22044604925E-16));
#8727 = DIRECTION('',(-2.22044604925E-16,0.,-1.));
#8728 = ADVANCED_FACE('',(#8729),#8740,.F.);
#8729 = FACE_BOUND('',#8730,.F.);
#8730 = EDGE_LOOP('',(#8731,#8732,#8738,#8739));
#8731 = ORIENTED_EDGE('',*,*,#5391,.F.);
#8732 = ORIENTED_EDGE('',*,*,#8733,.F.);
#8733 = EDGE_CURVE('',#3105,#5392,#8734,.T.);
#8734 = LINE('',#8735,#8736);
#8735 = CARTESIAN_POINT('',(76.25,-6.992733223131E-15,86.45));
#8736 = VECTOR('',#8737,1.);
#8737 = DIRECTION('',(1.,0.,-2.22044604925E-16));
#8738 = ORIENTED_EDGE('',*,*,#3104,.T.);
#8739 = ORIENTED_EDGE('',*,*,#8733,.T.);
#8740 = CYLINDRICAL_SURFACE('',#8741,28.55);
#8741 = AXIS2_PLACEMENT_3D('',#8742,#8743,#8744);
#8742 = CARTESIAN_POINT('',(76.25,0.,115.));
#8743 = DIRECTION('',(1.,0.,-2.22044604925E-16));
#8744 = DIRECTION('',(-2.22044604925E-16,0.,-1.));
#8745 = ADVANCED_FACE('',(#8746),#8765,.F.);
#8746 = FACE_BOUND('',#8747,.F.);
#8747 = EDGE_LOOP('',(#8748,#8756,#8763,#8764));
#8748 = ORIENTED_EDGE('',*,*,#8749,.T.);
#8749 = EDGE_CURVE('',#3116,#8750,#8752,.T.);
#8750 = VERTEX_POINT('',#8751);
#8751 = CARTESIAN_POINT('',(114.25,-45.30495168499,74.584025871622));
#8752 = LINE('',#8753,#8754);
#8753 = CARTESIAN_POINT('',(96.25,-45.30495168499,74.584025871622));
#8754 = VECTOR('',#8755,1.);
#8755 = DIRECTION('',(1.,0.,-2.22044604925E-16));
#8756 = ORIENTED_EDGE('',*,*,#8757,.F.);
#8757 = EDGE_CURVE('',#8750,#8750,#8758,.T.);
#8758 = CIRCLE('',#8759,7.5);
#8759 = AXIS2_PLACEMENT_3D('',#8760,#8761,#8762);
#8760 = CARTESIAN_POINT('',(114.25,-45.30495168499,82.084025871622));
#8761 = DIRECTION('',(1.,0.,-2.22044604925E-16));
#8762 = DIRECTION('',(-2.22044604925E-16,0.,-1.));
#8763 = ORIENTED_EDGE('',*,*,#8749,.F.);
#8764 = ORIENTED_EDGE('',*,*,#3115,.T.);
#8765 = CYLINDRICAL_SURFACE('',#8766,7.5);
#8766 = AXIS2_PLACEMENT_3D('',#8767,#8768,#8769);
#8767 = CARTESIAN_POINT('',(96.25,-45.30495168499,82.084025871622));
#8768 = DIRECTION('',(1.,0.,-2.22044604925E-16));
#8769 = DIRECTION('',(-2.22044604925E-16,0.,-1.));
#8770 = ADVANCED_FACE('',(#8771),#8790,.F.);
#8771 = FACE_BOUND('',#8772,.F.);
#8772 = EDGE_LOOP('',(#8773,#8781,#8788,#8789));
#8773 = ORIENTED_EDGE('',*,*,#8774,.T.);
#8774 = EDGE_CURVE('',#3127,#8775,#8777,.T.);
#8775 = VERTEX_POINT('',#8776);
#8776 = CARTESIAN_POINT('',(114.25,17.304951684997,160.75916491252));
#8777 = LINE('',#8778,#8779);
#8778 = CARTESIAN_POINT('',(96.25,17.304951684997,160.75916491252));
#8779 = VECTOR('',#8780,1.);
#8780 = DIRECTION('',(1.,0.,-2.22044604925E-16));
#8781 = ORIENTED_EDGE('',*,*,#8782,.F.);
#8782 = EDGE_CURVE('',#8775,#8775,#8783,.T.);
#8783 = CIRCLE('',#8784,7.5);
#8784 = AXIS2_PLACEMENT_3D('',#8785,#8786,#8787);
#8785 = CARTESIAN_POINT('',(114.25,17.304951684997,168.25916491252));
#8786 = DIRECTION('',(1.,0.,-2.22044604925E-16));
#8787 = DIRECTION('',(-2.22044604925E-16,0.,-1.));
#8788 = ORIENTED_EDGE('',*,*,#8774,.F.);
#8789 = ORIENTED_EDGE('',*,*,#3126,.T.);
#8790 = CYLINDRICAL_SURFACE('',#8791,7.5);
#8791 = AXIS2_PLACEMENT_3D('',#8792,#8793,#8794);
#8792 = CARTESIAN_POINT('',(96.25,17.304951684997,168.25916491252));
#8793 = DIRECTION('',(1.,0.,-2.22044604925E-16));
#8794 = DIRECTION('',(-2.22044604925E-16,0.,-1.));
#8795 = ADVANCED_FACE('',(#8796),#8815,.F.);
#8796 = FACE_BOUND('',#8797,.F.);
#8797 = EDGE_LOOP('',(#8798,#8806,#8813,#8814));
#8798 = ORIENTED_EDGE('',*,*,#8799,.T.);
#8799 = EDGE_CURVE('',#3138,#8800,#8802,.T.);
#8800 = VERTEX_POINT('',#8801);
#8801 = CARTESIAN_POINT('',(114.25,56.,107.5));
#8802 = LINE('',#8803,#8804);
#8803 = CARTESIAN_POINT('',(96.25,56.,107.5));
#8804 = VECTOR('',#8805,1.);
#8805 = DIRECTION('',(1.,0.,-2.22044604925E-16));
#8806 = ORIENTED_EDGE('',*,*,#8807,.F.);
#8807 = EDGE_CURVE('',#8800,#8800,#8808,.T.);
#8808 = CIRCLE('',#8809,7.5);
#8809 = AXIS2_PLACEMENT_3D('',#8810,#8811,#8812);
#8810 = CARTESIAN_POINT('',(114.25,56.,115.));
#8811 = DIRECTION('',(1.,0.,-2.22044604925E-16));
#8812 = DIRECTION('',(-2.22044604925E-16,0.,-1.));
#8813 = ORIENTED_EDGE('',*,*,#8799,.F.);
#8814 = ORIENTED_EDGE('',*,*,#3137,.T.);
#8815 = CYLINDRICAL_SURFACE('',#8816,7.5);
#8816 = AXIS2_PLACEMENT_3D('',#8817,#8818,#8819);
#8817 = CARTESIAN_POINT('',(96.25,56.,115.));
#8818 = DIRECTION('',(1.,0.,-2.22044604925E-16));
#8819 = DIRECTION('',(-2.22044604925E-16,0.,-1.));
#8820 = ADVANCED_FACE('',(#8821),#8840,.F.);
#8821 = FACE_BOUND('',#8822,.F.);
#8822 = EDGE_LOOP('',(#8823,#8831,#8838,#8839));
#8823 = ORIENTED_EDGE('',*,*,#8824,.T.);
#8824 = EDGE_CURVE('',#3149,#8825,#8827,.T.);
#8825 = VERTEX_POINT('',#8826);
#8826 = CARTESIAN_POINT('',(114.25,17.304951684997,54.240835087471));
#8827 = LINE('',#8828,#8829);
#8828 = CARTESIAN_POINT('',(96.25,17.304951684997,54.240835087471));
#8829 = VECTOR('',#8830,1.);
#8830 = DIRECTION('',(1.,0.,-2.22044604925E-16));
#8831 = ORIENTED_EDGE('',*,*,#8832,.F.);
#8832 = EDGE_CURVE('',#8825,#8825,#8833,.T.);
#8833 = CIRCLE('',#8834,7.5);
#8834 = AXIS2_PLACEMENT_3D('',#8835,#8836,#8837);
#8835 = CARTESIAN_POINT('',(114.25,17.304951684997,61.740835087471));
#8836 = DIRECTION('',(1.,0.,-2.22044604925E-16));
#8837 = DIRECTION('',(-2.22044604925E-16,0.,-1.));
#8838 = ORIENTED_EDGE('',*,*,#8824,.F.);
#8839 = ORIENTED_EDGE('',*,*,#3148,.T.);
#8840 = CYLINDRICAL_SURFACE('',#8841,7.5);
#8841 = AXIS2_PLACEMENT_3D('',#8842,#8843,#8844);
#8842 = CARTESIAN_POINT('',(96.25,17.304951684997,61.740835087471));
#8843 = DIRECTION('',(1.,0.,-2.22044604925E-16));
#8844 = DIRECTION('',(-2.22044604925E-16,0.,-1.));
#8845 = ADVANCED_FACE('',(#8846),#8853,.T.);
#8846 = FACE_BOUND('',#8847,.T.);
#8847 = EDGE_LOOP('',(#8848,#8849,#8850,#8851,#8852));
#8848 = ORIENTED_EDGE('',*,*,#3569,.F.);
#8849 = ORIENTED_EDGE('',*,*,#3656,.F.);
#8850 = ORIENTED_EDGE('',*,*,#6840,.F.);
#8851 = ORIENTED_EDGE('',*,*,#6715,.T.);
#8852 = ORIENTED_EDGE('',*,*,#3313,.F.);
#8853 = B_SPLINE_SURFACE_WITH_KNOTS('',1,1,(
    (#8854,#8855)
    ,(#8856,#8857
    )),.UNSPECIFIED.,.F.,.F.,.F.,(2,2),(2,2),(0.,18.),(0.,1.),
  .PIECEWISE_BEZIER_KNOTS.);
#8854 = CARTESIAN_POINT('',(124.25,-67.70773632479,103.48208170838));
#8855 = CARTESIAN_POINT('',(123.25,-196.2120048647,33.828273721907));
#8856 = CARTESIAN_POINT('',(106.25,-67.70773632479,103.48208170838));
#8857 = CARTESIAN_POINT('',(105.25,-196.2120048647,33.828273721907));
#8858 = ADVANCED_FACE('',(#8859),#8866,.T.);
#8859 = FACE_BOUND('',#8860,.T.);
#8860 = EDGE_LOOP('',(#8861,#8862,#8863,#8864,#8865));
#8861 = ORIENTED_EDGE('',*,*,#5688,.F.);
#8862 = ORIENTED_EDGE('',*,*,#5886,.F.);
#8863 = ORIENTED_EDGE('',*,*,#5310,.F.);
#8864 = ORIENTED_EDGE('',*,*,#3400,.T.);
#8865 = ORIENTED_EDGE('',*,*,#5472,.F.);
#8866 = B_SPLINE_SURFACE_WITH_KNOTS('',1,1,(
    (#8867,#8868)
    ,(#8869,#8870
    )),.UNSPECIFIED.,.F.,.F.,.F.,(2,2),(2,2),(0.,18.),(0.,1.),
  .PIECEWISE_BEZIER_KNOTS.);
#8867 = CARTESIAN_POINT('',(106.25,3.837248690338,46.42686005083));
#8868 = CARTESIAN_POINT('',(105.25,-35.47530305255,-94.35496859002));
#8869 = CARTESIAN_POINT('',(124.25,3.837248690338,46.42686005083));
#8870 = CARTESIAN_POINT('',(123.25,-35.47530305255,-94.35496859002));
#8871 = ADVANCED_FACE('',(#8872),#8884,.T.);
#8872 = FACE_BOUND('',#8873,.T.);
#8873 = EDGE_LOOP('',(#8874,#8875,#8876,#8877,#8878));
#8874 = ORIENTED_EDGE('',*,*,#7226,.F.);
#8875 = ORIENTED_EDGE('',*,*,#6829,.F.);
#8876 = ORIENTED_EDGE('',*,*,#3676,.F.);
#8877 = ORIENTED_EDGE('',*,*,#3692,.T.);
#8878 = ORIENTED_EDGE('',*,*,#8879,.F.);
#8879 = EDGE_CURVE('',#7227,#3693,#8880,.T.);
#8880 = LINE('',#8881,#8882);
#8881 = CARTESIAN_POINT('',(105.25,-196.2120048647,196.17172627809));
#8882 = VECTOR('',#8883,1.);
#8883 = DIRECTION('',(1.,0.,-2.22044604925E-16));
#8884 = B_SPLINE_SURFACE_WITH_KNOTS('',1,1,(
    (#8885,#8886)
    ,(#8887,#8888
    )),.UNSPECIFIED.,.F.,.F.,.F.,(2,2),(2,2),(0.,18.),(0.,1.),
  .PIECEWISE_BEZIER_KNOTS.);
#8885 = CARTESIAN_POINT('',(106.25,-67.70773632479,126.51791829161));
#8886 = CARTESIAN_POINT('',(105.25,-196.2120048647,196.17172627809));
#8887 = CARTESIAN_POINT('',(124.25,-67.70773632479,126.51791829161));
#8888 = CARTESIAN_POINT('',(123.25,-196.2120048647,196.17172627809));
#8889 = ADVANCED_FACE('',(#8890),#8905,.F.);
#8890 = FACE_BOUND('',#8891,.F.);
#8891 = EDGE_LOOP('',(#8892,#8893,#8894,#8900,#8901,#8902,#8903,#8904));
#8892 = ORIENTED_EDGE('',*,*,#7480,.F.);
#8893 = ORIENTED_EDGE('',*,*,#7789,.T.);
#8894 = ORIENTED_EDGE('',*,*,#8895,.F.);
#8895 = EDGE_CURVE('',#3873,#7768,#8896,.T.);
#8896 = LINE('',#8897,#8898);
#8897 = CARTESIAN_POINT('',(123.25,-185.7987951259,217.79497910775));
#8898 = VECTOR('',#8899,1.);
#8899 = DIRECTION('',(-1.,0.,2.22044604925E-16));
#8900 = ORIENTED_EDGE('',*,*,#3894,.F.);
#8901 = ORIENTED_EDGE('',*,*,#3846,.F.);
#8902 = ORIENTED_EDGE('',*,*,#3738,.F.);
#8903 = ORIENTED_EDGE('',*,*,#8879,.F.);
#8904 = ORIENTED_EDGE('',*,*,#7248,.F.);
#8905 = PLANE('',#8906);
#8906 = AXIS2_PLACEMENT_3D('',#8907,#8908,#8909);
#8907 = CARTESIAN_POINT('',(105.25,-185.7987951259,217.79497910775));
#8908 = DIRECTION('',(-9.634154343575E-17,0.900968867902,-0.433883739118
    ));
#8909 = DIRECTION('',(0.6,-0.347106991294,-0.720775094322));
#8910 = ADVANCED_FACE('',(#8911),#8918,.T.);
#8911 = FACE_BOUND('',#8912,.T.);
#8912 = EDGE_LOOP('',(#8913,#8914,#8915,#8916,#8917));
#8913 = ORIENTED_EDGE('',*,*,#3872,.F.);
#8914 = ORIENTED_EDGE('',*,*,#3989,.F.);
#8915 = ORIENTED_EDGE('',*,*,#7922,.F.);
#8916 = ORIENTED_EDGE('',*,*,#7767,.T.);
#8917 = ORIENTED_EDGE('',*,*,#8895,.F.);
#8918 = B_SPLINE_SURFACE_WITH_KNOTS('',1,1,(
    (#8919,#8920)
    ,(#8921,#8922
    )),.UNSPECIFIED.,.F.,.F.,.F.,(2,2),(2,2),(0.,18.),(0.,1.),
  .PIECEWISE_BEZIER_KNOTS.);
#8919 = CARTESIAN_POINT('',(124.25,-51.22015423832,160.7547352719));
#8920 = CARTESIAN_POINT('',(123.25,-185.7987951259,217.79497910775));
#8921 = CARTESIAN_POINT('',(106.25,-51.22015423832,160.7547352719));
#8922 = CARTESIAN_POINT('',(105.25,-185.7987951259,217.79497910775));
#8923 = ADVANCED_FACE('',(#8924),#8936,.T.);
#8924 = FACE_BOUND('',#8925,.T.);
#8925 = EDGE_LOOP('',(#8926,#8927,#8928,#8929,#8930));
#8926 = ORIENTED_EDGE('',*,*,#8308,.F.);
#8927 = ORIENTED_EDGE('',*,*,#7911,.F.);
#8928 = ORIENTED_EDGE('',*,*,#4009,.F.);
#8929 = ORIENTED_EDGE('',*,*,#4025,.T.);
#8930 = ORIENTED_EDGE('',*,*,#8931,.F.);
#8931 = EDGE_CURVE('',#8309,#4026,#8932,.T.);
#8932 = LINE('',#8933,#8934);
#8933 = CARTESIAN_POINT('',(105.25,-58.87357294492,319.01446617507));
#8934 = VECTOR('',#8935,1.);
#8935 = DIRECTION('',(1.,0.,-2.22044604925E-16));
#8936 = B_SPLINE_SURFACE_WITH_KNOTS('',1,1,(
    (#8937,#8938)
    ,(#8939,#8940
    )),.UNSPECIFIED.,.F.,.F.,.F.,(2,2),(2,2),(0.,18.),(0.,1.),
  .PIECEWISE_BEZIER_KNOTS.);
#8937 = CARTESIAN_POINT('',(106.25,-33.21001197257,175.11734445883));
#8938 = CARTESIAN_POINT('',(105.25,-58.87357294492,319.01446617507));
#8939 = CARTESIAN_POINT('',(124.25,-33.21001197257,175.11734445883));
#8940 = CARTESIAN_POINT('',(123.25,-58.87357294492,319.01446617507));
#8941 = ADVANCED_FACE('',(#8942),#8957,.F.);
#8942 = FACE_BOUND('',#8943,.F.);
#8943 = EDGE_LOOP('',(#8944,#8945,#8946,#8952,#8953,#8954,#8955,#8956));
#8944 = ORIENTED_EDGE('',*,*,#8562,.F.);
#8945 = ORIENTED_EDGE('',*,*,#8623,.T.);
#8946 = ORIENTED_EDGE('',*,*,#8947,.F.);
#8947 = EDGE_CURVE('',#4206,#8602,#8948,.T.);
#8948 = LINE('',#8949,#8950);
#8949 = CARTESIAN_POINT('',(123.25,-35.47530305255,324.35496859002));
#8950 = VECTOR('',#8951,1.);
#8951 = DIRECTION('',(-1.,0.,2.22044604925E-16));
#8952 = ORIENTED_EDGE('',*,*,#4227,.F.);
#8953 = ORIENTED_EDGE('',*,*,#4179,.F.);
#8954 = ORIENTED_EDGE('',*,*,#4071,.F.);
#8955 = ORIENTED_EDGE('',*,*,#8931,.F.);
#8956 = ORIENTED_EDGE('',*,*,#8330,.F.);
#8957 = PLANE('',#8958);
#8958 = AXIS2_PLACEMENT_3D('',#8959,#8960,#8961);
#8959 = CARTESIAN_POINT('',(105.25,-35.47530305255,324.35496859002));
#8960 = DIRECTION('',(-1.702181903981E-16,0.222520933956,-0.974927912182
    ));
#8961 = DIRECTION('',(0.6,-0.779942329745,-0.178016747165));
#8962 = ADVANCED_FACE('',(#8963),#8970,.T.);
#8963 = FACE_BOUND('',#8964,.T.);
#8964 = EDGE_LOOP('',(#8965,#8966,#8967,#8968,#8969));
#8965 = ORIENTED_EDGE('',*,*,#4205,.F.);
#8966 = ORIENTED_EDGE('',*,*,#4332,.F.);
#8967 = ORIENTED_EDGE('',*,*,#8423,.F.);
#8968 = ORIENTED_EDGE('',*,*,#8601,.T.);
#8969 = ORIENTED_EDGE('',*,*,#8947,.F.);
#8970 = B_SPLINE_SURFACE_WITH_KNOTS('',1,1,(
    (#8971,#8972)
    ,(#8973,#8974
    )),.UNSPECIFIED.,.F.,.F.,.F.,(2,2),(2,2),(0.,18.),(0.,1.),
  .PIECEWISE_BEZIER_KNOTS.);
#8971 = CARTESIAN_POINT('',(124.25,3.837248690338,183.57313994917));
#8972 = CARTESIAN_POINT('',(123.25,-35.47530305255,324.35496859002));
#8973 = CARTESIAN_POINT('',(106.25,3.837248690338,183.57313994917));
#8974 = CARTESIAN_POINT('',(105.25,-35.47530305255,324.35496859002));
#8975 = ADVANCED_FACE('',(#8976),#8988,.T.);
#8976 = FACE_BOUND('',#8977,.T.);
#8977 = EDGE_LOOP('',(#8978,#8979,#8980,#8981,#8982));
#8978 = ORIENTED_EDGE('',*,*,#8178,.F.);
#8979 = ORIENTED_EDGE('',*,*,#8414,.F.);
#8980 = ORIENTED_EDGE('',*,*,#4311,.F.);
#8981 = ORIENTED_EDGE('',*,*,#4358,.T.);
#8982 = ORIENTED_EDGE('',*,*,#8983,.F.);
#8983 = EDGE_CURVE('',#8179,#4359,#8984,.T.);
#8984 = LINE('',#8985,#8986);
#8985 = CARTESIAN_POINT('',(105.25,122.79786020443,288.23015190552));
#8986 = VECTOR('',#8987,1.);
#8987 = DIRECTION('',(1.,0.,-2.22044604925E-16));
#8988 = B_SPLINE_SURFACE_WITH_KNOTS('',1,1,(
    (#8989,#8990)
    ,(#8991,#8992
    )),.UNSPECIFIED.,.F.,.F.,.F.,(2,2),(2,2),(0.,18.),(0.,1.),
  .PIECEWISE_BEZIER_KNOTS.);
#8989 = CARTESIAN_POINT('',(106.25,26.295528755784,178.4471840782));
#8990 = CARTESIAN_POINT('',(105.25,122.79786020443,288.23015190552));
#8991 = CARTESIAN_POINT('',(124.25,26.295528755784,178.4471840782));
#8992 = CARTESIAN_POINT('',(123.25,122.79786020443,288.23015190552));
#8993 = ADVANCED_FACE('',(#8994),#9009,.F.);
#8994 = FACE_BOUND('',#8995,.F.);
#8995 = EDGE_LOOP('',(#8996,#8997,#8998,#9004,#9005,#9006,#9007,#9008));
#8996 = ORIENTED_EDGE('',*,*,#7896,.F.);
#8997 = ORIENTED_EDGE('',*,*,#7562,.T.);
#8998 = ORIENTED_EDGE('',*,*,#8999,.F.);
#8999 = EDGE_CURVE('',#4539,#7541,#9000,.T.);
#9000 = LINE('',#9001,#9002);
#9001 = CARTESIAN_POINT('',(123.25,141.56181578366,273.26639666091));
#9002 = VECTOR('',#9003,1.);
#9003 = DIRECTION('',(-1.,0.,2.22044604925E-16));
#9004 = ORIENTED_EDGE('',*,*,#4560,.F.);
#9005 = ORIENTED_EDGE('',*,*,#4512,.F.);
#9006 = ORIENTED_EDGE('',*,*,#4404,.F.);
#9007 = ORIENTED_EDGE('',*,*,#8983,.F.);
#9008 = ORIENTED_EDGE('',*,*,#8200,.F.);
#9009 = PLANE('',#9010);
#9010 = AXIS2_PLACEMENT_3D('',#9011,#9012,#9013);
#9011 = CARTESIAN_POINT('',(105.25,141.56181578366,273.26639666091));
#9012 = DIRECTION('',(-2.66120048028E-16,-0.623489801859,-0.781831482468
    ));
#9013 = DIRECTION('',(0.6,-0.625465185974,0.498791841487));
#9014 = ADVANCED_FACE('',(#9015),#9022,.T.);
#9015 = FACE_BOUND('',#9016,.T.);
#9016 = EDGE_LOOP('',(#9017,#9018,#9019,#9020,#9021));
#9017 = ORIENTED_EDGE('',*,*,#4538,.F.);
#9018 = ORIENTED_EDGE('',*,*,#4665,.F.);
#9019 = ORIENTED_EDGE('',*,*,#7341,.F.);
#9020 = ORIENTED_EDGE('',*,*,#7540,.T.);
#9021 = ORIENTED_EDGE('',*,*,#8999,.F.);
#9022 = B_SPLINE_SURFACE_WITH_KNOTS('',1,1,(
    (#9023,#9024)
    ,(#9025,#9026
    )),.UNSPECIFIED.,.F.,.F.,.F.,(2,2),(2,2),(0.,18.),(0.,1.),
  .PIECEWISE_BEZIER_KNOTS.);
#9023 = CARTESIAN_POINT('',(124.25,56.005125089569,154.75457160757));
#9024 = CARTESIAN_POINT('',(123.25,141.56181578366,273.26639666091));
#9025 = CARTESIAN_POINT('',(106.25,56.005125089569,154.75457160757));
#9026 = CARTESIAN_POINT('',(105.25,141.56181578366,273.26639666091));
#9027 = ADVANCED_FACE('',(#9028),#9040,.T.);
#9028 = FACE_BOUND('',#9029,.T.);
#9029 = EDGE_LOOP('',(#9030,#9031,#9032,#9033,#9034));
#9030 = ORIENTED_EDGE('',*,*,#7096,.F.);
#9031 = ORIENTED_EDGE('',*,*,#7332,.F.);
#9032 = ORIENTED_EDGE('',*,*,#4644,.F.);
#9033 = ORIENTED_EDGE('',*,*,#4691,.T.);
#9034 = ORIENTED_EDGE('',*,*,#9035,.F.);
#9035 = EDGE_CURVE('',#7097,#4692,#9036,.T.);
#9036 = LINE('',#9037,#9038);
#9037 = CARTESIAN_POINT('',(105.25,212.,127.));
#9038 = VECTOR('',#9039,1.);
#9039 = DIRECTION('',(1.,0.,-2.22044604925E-16));
#9040 = B_SPLINE_SURFACE_WITH_KNOTS('',1,1,(
    (#9041,#9042)
    ,(#9043,#9044
    )),.UNSPECIFIED.,.F.,.F.,.F.,(2,2),(2,2),(0.,18.),(0.,1.),
  .PIECEWISE_BEZIER_KNOTS.);
#9041 = CARTESIAN_POINT('',(106.25,66.,134.));
#9042 = CARTESIAN_POINT('',(105.25,212.,127.));
#9043 = CARTESIAN_POINT('',(124.25,66.,134.));
#9044 = CARTESIAN_POINT('',(123.25,212.,127.));
#9045 = ADVANCED_FACE('',(#9046),#9061,.F.);
#9046 = FACE_BOUND('',#9047,.F.);
#9047 = EDGE_LOOP('',(#9048,#9049,#9050,#9056,#9057,#9058,#9059,#9060));
#9048 = ORIENTED_EDGE('',*,*,#6814,.F.);
#9049 = ORIENTED_EDGE('',*,*,#6510,.T.);
#9050 = ORIENTED_EDGE('',*,*,#9051,.F.);
#9051 = EDGE_CURVE('',#4872,#6489,#9052,.T.);
#9052 = LINE('',#9053,#9054);
#9053 = CARTESIAN_POINT('',(123.25,212.,103.));
#9054 = VECTOR('',#9055,1.);
#9055 = DIRECTION('',(-1.,0.,2.22044604925E-16));
#9056 = ORIENTED_EDGE('',*,*,#4893,.F.);
#9057 = ORIENTED_EDGE('',*,*,#4845,.F.);
#9058 = ORIENTED_EDGE('',*,*,#4737,.F.);
#9059 = ORIENTED_EDGE('',*,*,#9035,.F.);
#9060 = ORIENTED_EDGE('',*,*,#7118,.F.);
#9061 = PLANE('',#9062);
#9062 = AXIS2_PLACEMENT_3D('',#9063,#9064,#9065);
#9063 = CARTESIAN_POINT('',(105.25,212.,103.));
#9064 = DIRECTION('',(0.,-1.,-0.));
#9065 = DIRECTION('',(0.6,0.,0.8));
#9066 = ADVANCED_FACE('',(#9067),#9074,.T.);
#9067 = FACE_BOUND('',#9068,.T.);
#9068 = EDGE_LOOP('',(#9069,#9070,#9071,#9072,#9073));
#9069 = ORIENTED_EDGE('',*,*,#4871,.F.);
#9070 = ORIENTED_EDGE('',*,*,#4998,.F.);
#9071 = ORIENTED_EDGE('',*,*,#6327,.F.);
#9072 = ORIENTED_EDGE('',*,*,#6488,.T.);
#9073 = ORIENTED_EDGE('',*,*,#9051,.F.);
#9074 = B_SPLINE_SURFACE_WITH_KNOTS('',1,1,(
    (#9075,#9076)
    ,(#9077,#9078
    )),.UNSPECIFIED.,.F.,.F.,.F.,(2,2),(2,2),(0.,18.),(0.,1.),
  .PIECEWISE_BEZIER_KNOTS.);
#9075 = CARTESIAN_POINT('',(124.25,66.,96.));
#9076 = CARTESIAN_POINT('',(123.25,212.,103.));
#9077 = CARTESIAN_POINT('',(106.25,66.,96.));
#9078 = CARTESIAN_POINT('',(105.25,212.,103.));
#9079 = ADVANCED_FACE('',(#9080),#9092,.T.);
#9080 = FACE_BOUND('',#9081,.T.);
#9081 = EDGE_LOOP('',(#9082,#9083,#9084,#9085,#9086));
#9082 = ORIENTED_EDGE('',*,*,#6212,.F.);
#9083 = ORIENTED_EDGE('',*,*,#6318,.F.);
#9084 = ORIENTED_EDGE('',*,*,#4977,.F.);
#9085 = ORIENTED_EDGE('',*,*,#5024,.T.);
#9086 = ORIENTED_EDGE('',*,*,#9087,.F.);
#9087 = EDGE_CURVE('',#6213,#5025,#9088,.T.);
#9088 = LINE('',#9089,#9090);
#9089 = CARTESIAN_POINT('',(105.25,141.56181578366,-43.26639666091));
#9090 = VECTOR('',#9091,1.);
#9091 = DIRECTION('',(1.,0.,-2.22044604925E-16));
#9092 = B_SPLINE_SURFACE_WITH_KNOTS('',1,1,(
    (#9093,#9094)
    ,(#9095,#9096
    )),.UNSPECIFIED.,.F.,.F.,.F.,(2,2),(2,2),(0.,18.),(0.,1.),
  .PIECEWISE_BEZIER_KNOTS.);
#9093 = CARTESIAN_POINT('',(106.25,56.005125089569,75.245428392426));
#9094 = CARTESIAN_POINT('',(105.25,141.56181578366,-43.26639666091));
#9095 = CARTESIAN_POINT('',(124.25,56.005125089569,75.245428392426));
#9096 = CARTESIAN_POINT('',(123.25,141.56181578366,-43.26639666091));
#9097 = ADVANCED_FACE('',(#9098),#9113,.F.);
#9098 = FACE_BOUND('',#9099,.F.);
#9099 = EDGE_LOOP('',(#9100,#9101,#9102,#9108,#9109,#9110,#9111,#9112));
#9100 = ORIENTED_EDGE('',*,*,#6076,.F.);
#9101 = ORIENTED_EDGE('',*,*,#5969,.T.);
#9102 = ORIENTED_EDGE('',*,*,#9103,.F.);
#9103 = EDGE_CURVE('',#5205,#5948,#9104,.T.);
#9104 = LINE('',#9105,#9106);
#9105 = CARTESIAN_POINT('',(123.25,122.79786020443,-58.23015190552));
#9106 = VECTOR('',#9107,1.);
#9107 = DIRECTION('',(-1.,0.,2.22044604925E-16));
#9108 = ORIENTED_EDGE('',*,*,#5226,.F.);
#9109 = ORIENTED_EDGE('',*,*,#5178,.F.);
#9110 = ORIENTED_EDGE('',*,*,#5070,.F.);
#9111 = ORIENTED_EDGE('',*,*,#9087,.F.);
#9112 = ORIENTED_EDGE('',*,*,#6234,.F.);
#9113 = PLANE('',#9114);
#9114 = AXIS2_PLACEMENT_3D('',#9115,#9116,#9117);
#9115 = CARTESIAN_POINT('',(105.25,122.79786020443,-58.23015190552));
#9116 = DIRECTION('',(2.66120048028E-16,-0.623489801859,0.781831482468)
  );
#9117 = DIRECTION('',(0.6,0.625465185974,0.498791841487));
#9118 = ADVANCED_FACE('',(#9119),#9126,.T.);
#9119 = FACE_BOUND('',#9120,.T.);
#9120 = EDGE_LOOP('',(#9121,#9122,#9123,#9124,#9125));
#9121 = ORIENTED_EDGE('',*,*,#5204,.F.);
#9122 = ORIENTED_EDGE('',*,*,#5329,.F.);
#9123 = ORIENTED_EDGE('',*,*,#5895,.F.);
#9124 = ORIENTED_EDGE('',*,*,#5947,.T.);
#9125 = ORIENTED_EDGE('',*,*,#9103,.F.);
#9126 = B_SPLINE_SURFACE_WITH_KNOTS('',1,1,(
    (#9127,#9128)
    ,(#9129,#9130
    )),.UNSPECIFIED.,.F.,.F.,.F.,(2,2),(2,2),(0.,18.),(0.,1.),
  .PIECEWISE_BEZIER_KNOTS.);
#9127 = CARTESIAN_POINT('',(124.25,26.295528755784,51.552815921794));
#9128 = CARTESIAN_POINT('',(123.25,122.79786020443,-58.23015190552));
#9129 = CARTESIAN_POINT('',(106.25,26.295528755784,51.552815921794));
#9130 = CARTESIAN_POINT('',(105.25,122.79786020443,-58.23015190552));
#9131 = ADVANCED_FACE('',(#9132),#9151,.F.);
#9132 = FACE_BOUND('',#9133,.F.);
#9133 = EDGE_LOOP('',(#9134,#9135,#9142,#9149,#9150));
#9134 = ORIENTED_EDGE('',*,*,#5351,.F.);
#9135 = ORIENTED_EDGE('',*,*,#9136,.F.);
#9136 = EDGE_CURVE('',#9137,#5352,#9139,.T.);
#9137 = VERTEX_POINT('',#9138);
#9138 = CARTESIAN_POINT('',(114.25,-45.30495168499,134.91597412837));
#9139 = B_SPLINE_CURVE_WITH_KNOTS('',1,(#9140,#9141),.UNSPECIFIED.,.F.,
  .F.,(2,2),(0.,14.392304845413),.PIECEWISE_BEZIER_KNOTS.);
#9140 = CARTESIAN_POINT('',(114.25,-45.30495168499,134.91597412837));
#9141 = CARTESIAN_POINT('',(128.64230484541,-45.30495168499,
    134.91597412837));
#9142 = ORIENTED_EDGE('',*,*,#9143,.T.);
#9143 = EDGE_CURVE('',#9137,#9137,#9144,.T.);
#9144 = CIRCLE('',#9145,13.);
#9145 = AXIS2_PLACEMENT_3D('',#9146,#9147,#9148);
#9146 = CARTESIAN_POINT('',(114.25,-45.30495168499,147.91597412837));
#9147 = DIRECTION('',(1.,0.,-2.22044604925E-16));
#9148 = DIRECTION('',(-2.22044604925E-16,0.,-1.));
#9149 = ORIENTED_EDGE('',*,*,#9136,.T.);
#9150 = ORIENTED_EDGE('',*,*,#5362,.F.);
#9151 = CYLINDRICAL_SURFACE('',#9152,13.);
#9152 = AXIS2_PLACEMENT_3D('',#9153,#9154,#9155);
#9153 = CARTESIAN_POINT('',(114.25,-45.30495168499,147.91597412837));
#9154 = DIRECTION('',(1.,0.,-2.22044604925E-16));
#9155 = DIRECTION('',(-2.22044604925E-16,0.,-1.));
#9156 = ADVANCED_FACE('',(#9157),#9176,.F.);
#9157 = FACE_BOUND('',#9158,.F.);
#9158 = EDGE_LOOP('',(#9159,#9160,#9167,#9174,#9175));
#9159 = ORIENTED_EDGE('',*,*,#5371,.F.);
#9160 = ORIENTED_EDGE('',*,*,#9161,.F.);
#9161 = EDGE_CURVE('',#9162,#5372,#9164,.T.);
#9162 = VERTEX_POINT('',#9163);
#9163 = CARTESIAN_POINT('',(114.25,-45.30495168499,69.084025871622));
#9164 = B_SPLINE_CURVE_WITH_KNOTS('',1,(#9165,#9166),.UNSPECIFIED.,.F.,
  .F.,(2,2),(0.,14.392304845413),.PIECEWISE_BEZIER_KNOTS.);
#9165 = CARTESIAN_POINT('',(114.25,-45.30495168499,69.084025871622));
#9166 = CARTESIAN_POINT('',(128.64230484541,-45.30495168499,
    69.084025871621));
#9167 = ORIENTED_EDGE('',*,*,#9168,.T.);
#9168 = EDGE_CURVE('',#9162,#9162,#9169,.T.);
#9169 = CIRCLE('',#9170,13.);
#9170 = AXIS2_PLACEMENT_3D('',#9171,#9172,#9173);
#9171 = CARTESIAN_POINT('',(114.25,-45.30495168499,82.084025871622));
#9172 = DIRECTION('',(1.,0.,-2.22044604925E-16));
#9173 = DIRECTION('',(-2.22044604925E-16,0.,-1.));
#9174 = ORIENTED_EDGE('',*,*,#9161,.T.);
#9175 = ORIENTED_EDGE('',*,*,#5382,.F.);
#9176 = CYLINDRICAL_SURFACE('',#9177,13.);
#9177 = AXIS2_PLACEMENT_3D('',#9178,#9179,#9180);
#9178 = CARTESIAN_POINT('',(114.25,-45.30495168499,82.084025871622));
#9179 = DIRECTION('',(1.,0.,-2.22044604925E-16));
#9180 = DIRECTION('',(-2.22044604925E-16,0.,-1.));
#9181 = ADVANCED_FACE('',(#9182),#9200,.F.);
#9182 = FACE_BOUND('',#9183,.F.);
#9183 = EDGE_LOOP('',(#9184,#9185,#9192,#9199));
#9184 = ORIENTED_EDGE('',*,*,#5402,.F.);
#9185 = ORIENTED_EDGE('',*,*,#9186,.F.);
#9186 = EDGE_CURVE('',#9187,#5403,#9189,.T.);
#9187 = VERTEX_POINT('',#9188);
#9188 = CARTESIAN_POINT('',(114.25,17.304951684997,155.25916491252));
#9189 = B_SPLINE_CURVE_WITH_KNOTS('',1,(#9190,#9191),.UNSPECIFIED.,.F.,
  .F.,(2,2),(0.,14.392304845413),.PIECEWISE_BEZIER_KNOTS.);
#9190 = CARTESIAN_POINT('',(114.25,17.304951684997,155.25916491252));
#9191 = CARTESIAN_POINT('',(128.64230484541,17.304951684997,
    155.25916491252));
#9192 = ORIENTED_EDGE('',*,*,#9193,.T.);
#9193 = EDGE_CURVE('',#9187,#9187,#9194,.T.);
#9194 = CIRCLE('',#9195,13.);
#9195 = AXIS2_PLACEMENT_3D('',#9196,#9197,#9198);
#9196 = CARTESIAN_POINT('',(114.25,17.304951684997,168.25916491252));
#9197 = DIRECTION('',(1.,0.,-2.22044604925E-16));
#9198 = DIRECTION('',(-2.22044604925E-16,0.,-1.));
#9199 = ORIENTED_EDGE('',*,*,#9186,.T.);
#9200 = CYLINDRICAL_SURFACE('',#9201,13.);
#9201 = AXIS2_PLACEMENT_3D('',#9202,#9203,#9204);
#9202 = CARTESIAN_POINT('',(114.25,17.304951684997,168.25916491252));
#9203 = DIRECTION('',(1.,0.,-2.22044604925E-16));
#9204 = DIRECTION('',(-2.22044604925E-16,0.,-1.));
#9205 = ADVANCED_FACE('',(#9206),#9224,.F.);
#9206 = FACE_BOUND('',#9207,.F.);
#9207 = EDGE_LOOP('',(#9208,#9209,#9216,#9223));
#9208 = ORIENTED_EDGE('',*,*,#5413,.F.);
#9209 = ORIENTED_EDGE('',*,*,#9210,.F.);
#9210 = EDGE_CURVE('',#9211,#5414,#9213,.T.);
#9211 = VERTEX_POINT('',#9212);
#9212 = CARTESIAN_POINT('',(114.25,17.304951684997,48.740835087471));
#9213 = B_SPLINE_CURVE_WITH_KNOTS('',1,(#9214,#9215),.UNSPECIFIED.,.F.,
  .F.,(2,2),(0.,14.392304845413),.PIECEWISE_BEZIER_KNOTS.);
#9214 = CARTESIAN_POINT('',(114.25,17.304951684997,48.740835087471));
#9215 = CARTESIAN_POINT('',(128.64230484541,17.304951684997,
    48.740835087471));
#9216 = ORIENTED_EDGE('',*,*,#9217,.T.);
#9217 = EDGE_CURVE('',#9211,#9211,#9218,.T.);
#9218 = CIRCLE('',#9219,13.);
#9219 = AXIS2_PLACEMENT_3D('',#9220,#9221,#9222);
#9220 = CARTESIAN_POINT('',(114.25,17.304951684997,61.740835087471));
#9221 = DIRECTION('',(1.,0.,-2.22044604925E-16));
#9222 = DIRECTION('',(-2.22044604925E-16,0.,-1.));
#9223 = ORIENTED_EDGE('',*,*,#9210,.T.);
#9224 = CYLINDRICAL_SURFACE('',#9225,13.);
#9225 = AXIS2_PLACEMENT_3D('',#9226,#9227,#9228);
#9226 = CARTESIAN_POINT('',(114.25,17.304951684997,61.740835087471));
#9227 = DIRECTION('',(1.,0.,-2.22044604925E-16));
#9228 = DIRECTION('',(-2.22044604925E-16,0.,-1.));
#9229 = ADVANCED_FACE('',(#9230),#9250,.F.);
#9230 = FACE_BOUND('',#9231,.F.);
#9231 = EDGE_LOOP('',(#9232,#9233,#9240,#9247,#9248,#9249));
#9232 = ORIENTED_EDGE('',*,*,#5444,.F.);
#9233 = ORIENTED_EDGE('',*,*,#9234,.F.);
#9234 = EDGE_CURVE('',#9235,#5427,#9237,.T.);
#9235 = VERTEX_POINT('',#9236);
#9236 = CARTESIAN_POINT('',(114.25,56.,102.));
#9237 = B_SPLINE_CURVE_WITH_KNOTS('',1,(#9238,#9239),.UNSPECIFIED.,.F.,
  .F.,(2,2),(0.,14.392304845413),.PIECEWISE_BEZIER_KNOTS.);
#9238 = CARTESIAN_POINT('',(114.25,56.,102.));
#9239 = CARTESIAN_POINT('',(128.64230484541,56.,102.));
#9240 = ORIENTED_EDGE('',*,*,#9241,.T.);
#9241 = EDGE_CURVE('',#9235,#9235,#9242,.T.);
#9242 = CIRCLE('',#9243,13.);
#9243 = AXIS2_PLACEMENT_3D('',#9244,#9245,#9246);
#9244 = CARTESIAN_POINT('',(114.25,56.,115.));
#9245 = DIRECTION('',(1.,0.,-2.22044604925E-16));
#9246 = DIRECTION('',(-2.22044604925E-16,0.,-1.));
#9247 = ORIENTED_EDGE('',*,*,#9234,.T.);
#9248 = ORIENTED_EDGE('',*,*,#5424,.F.);
#9249 = ORIENTED_EDGE('',*,*,#5435,.F.);
#9250 = CYLINDRICAL_SURFACE('',#9251,13.);
#9251 = AXIS2_PLACEMENT_3D('',#9252,#9253,#9254);
#9252 = CARTESIAN_POINT('',(114.25,56.,115.));
#9253 = DIRECTION('',(1.,0.,-2.22044604925E-16));
#9254 = DIRECTION('',(-2.22044604925E-16,0.,-1.));
#9255 = ADVANCED_FACE('',(#9256,#9259),#9262,.T.);
#9256 = FACE_BOUND('',#9257,.F.);
#9257 = EDGE_LOOP('',(#9258));
#9258 = ORIENTED_EDGE('',*,*,#9143,.F.);
#9259 = FACE_BOUND('',#9260,.T.);
#9260 = EDGE_LOOP('',(#9261));
#9261 = ORIENTED_EDGE('',*,*,#8715,.F.);
#9262 = PLANE('',#9263);
#9263 = AXIS2_PLACEMENT_3D('',#9264,#9265,#9266);
#9264 = CARTESIAN_POINT('',(114.25,-45.30495168499,147.91597412837));
#9265 = DIRECTION('',(1.,0.,-2.22044604925E-16));
#9266 = DIRECTION('',(-2.22044604925E-16,0.,-1.));
#9267 = ADVANCED_FACE('',(#9268,#9271),#9274,.T.);
#9268 = FACE_BOUND('',#9269,.F.);
#9269 = EDGE_LOOP('',(#9270));
#9270 = ORIENTED_EDGE('',*,*,#9168,.F.);
#9271 = FACE_BOUND('',#9272,.T.);
#9272 = EDGE_LOOP('',(#9273));
#9273 = ORIENTED_EDGE('',*,*,#8757,.F.);
#9274 = PLANE('',#9275);
#9275 = AXIS2_PLACEMENT_3D('',#9276,#9277,#9278);
#9276 = CARTESIAN_POINT('',(114.25,-45.30495168499,82.084025871622));
#9277 = DIRECTION('',(1.,0.,-2.22044604925E-16));
#9278 = DIRECTION('',(-2.22044604925E-16,0.,-1.));
#9279 = ADVANCED_FACE('',(#9280,#9283),#9286,.T.);
#9280 = FACE_BOUND('',#9281,.F.);
#9281 = EDGE_LOOP('',(#9282));
#9282 = ORIENTED_EDGE('',*,*,#9193,.F.);
#9283 = FACE_BOUND('',#9284,.T.);
#9284 = EDGE_LOOP('',(#9285));
#9285 = ORIENTED_EDGE('',*,*,#8782,.F.);
#9286 = PLANE('',#9287);
#9287 = AXIS2_PLACEMENT_3D('',#9288,#9289,#9290);
#9288 = CARTESIAN_POINT('',(114.25,17.304951684997,168.25916491252));
#9289 = DIRECTION('',(1.,0.,-2.22044604925E-16));
#9290 = DIRECTION('',(-2.22044604925E-16,0.,-1.));
#9291 = ADVANCED_FACE('',(#9292,#9295),#9298,.T.);
#9292 = FACE_BOUND('',#9293,.F.);
#9293 = EDGE_LOOP('',(#9294));
#9294 = ORIENTED_EDGE('',*,*,#9241,.F.);
#9295 = FACE_BOUND('',#9296,.T.);
#9296 = EDGE_LOOP('',(#9297));
#9297 = ORIENTED_EDGE('',*,*,#8807,.F.);
#9298 = PLANE('',#9299);
#9299 = AXIS2_PLACEMENT_3D('',#9300,#9301,#9302);
#9300 = CARTESIAN_POINT('',(114.25,56.,115.));
#9301 = DIRECTION('',(1.,0.,-2.22044604925E-16));
#9302 = DIRECTION('',(-2.22044604925E-16,0.,-1.));
#9303 = ADVANCED_FACE('',(#9304,#9307),#9310,.T.);
#9304 = FACE_BOUND('',#9305,.F.);
#9305 = EDGE_LOOP('',(#9306));
#9306 = ORIENTED_EDGE('',*,*,#9217,.F.);
#9307 = FACE_BOUND('',#9308,.T.);
#9308 = EDGE_LOOP('',(#9309));
#9309 = ORIENTED_EDGE('',*,*,#8832,.F.);
#9310 = PLANE('',#9311);
#9311 = AXIS2_PLACEMENT_3D('',#9312,#9313,#9314);
#9312 = CARTESIAN_POINT('',(114.25,17.304951684997,61.740835087471));
#9313 = DIRECTION('',(1.,0.,-2.22044604925E-16));
#9314 = DIRECTION('',(-2.22044604925E-16,0.,-1.));
#9315 = MANIFOLD_SOLID_BREP('',#9316);
#9316 = CLOSED_SHELL('',(#9317,#9407,#9482,#9557,#9690,#9707,#9724,#9752
    ,#9769,#9786,#9803,#9828));
#9317 = ADVANCED_FACE('',(#9318,#9345),#9402,.T.);
#9318 = FACE_BOUND('',#9319,.T.);
#9319 = EDGE_LOOP('',(#9320,#9330,#9337,#9338));
#9320 = ORIENTED_EDGE('',*,*,#9321,.T.);
#9321 = EDGE_CURVE('',#9322,#9324,#9326,.T.);
#9322 = VERTEX_POINT('',#9323);
#9323 = CARTESIAN_POINT('',(75.,8.572527594031E-15,150.));
#9324 = VERTEX_POINT('',#9325);
#9325 = CARTESIAN_POINT('',(87.,8.572527594031E-15,150.));
#9326 = LINE('',#9327,#9328);
#9327 = CARTESIAN_POINT('',(75.,8.572527594031E-15,150.));
#9328 = VECTOR('',#9329,1.);
#9329 = DIRECTION('',(1.,0.,0.));
#9330 = ORIENTED_EDGE('',*,*,#9331,.F.);
#9331 = EDGE_CURVE('',#9324,#9324,#9332,.T.);
#9332 = CIRCLE('',#9333,35.);
#9333 = AXIS2_PLACEMENT_3D('',#9334,#9335,#9336);
#9334 = CARTESIAN_POINT('',(87.,0.,115.));
#9335 = DIRECTION('',(1.,0.,0.));
#9336 = DIRECTION('',(-0.,0.,1.));
#9337 = ORIENTED_EDGE('',*,*,#9321,.F.);
#9338 = ORIENTED_EDGE('',*,*,#9339,.T.);
#9339 = EDGE_CURVE('',#9322,#9322,#9340,.T.);
#9340 = CIRCLE('',#9341,35.);
#9341 = AXIS2_PLACEMENT_3D('',#9342,#9343,#9344);
#9342 = CARTESIAN_POINT('',(75.,0.,115.));
#9343 = DIRECTION('',(1.,0.,0.));
#9344 = DIRECTION('',(-0.,0.,1.));
#9345 = FACE_BOUND('',#9346,.T.);
#9346 = EDGE_LOOP('',(#9347));
#9347 = ORIENTED_EDGE('',*,*,#9348,.T.);
#9348 = EDGE_CURVE('',#9349,#9349,#9351,.T.);
#9349 = VERTEX_POINT('',#9350);
#9350 = CARTESIAN_POINT('',(83.1,-5.143516556419E-16,80.));
#9351 = B_SPLINE_CURVE_WITH_KNOTS('',7,(#9352,#9353,#9354,#9355,#9356,
    #9357,#9358,#9359,#9360,#9361,#9362,#9363,#9364,#9365,#9366,#9367,
    #9368,#9369,#9370,#9371,#9372,#9373,#9374,#9375,#9376,#9377,#9378,
    #9379,#9380,#9381,#9382,#9383,#9384,#9385,#9386,#9387,#9388,#9389,
    #9390,#9391,#9392,#9393,#9394,#9395,#9396,#9397,#9398,#9399,#9400,
    #9401),.UNSPECIFIED.,.T.,.F.,(8,6,6,6,6,6,6,6,8),(0.,0.126752150916,
    0.248121999882,0.369497358082,0.463584193043,0.581507172259,
    0.686660962615,0.840671671536,1.),.UNSPECIFIED.);
#9352 = CARTESIAN_POINT('',(83.1,-2.22044604925E-15,80.));
#9353 = CARTESIAN_POINT('',(83.1,0.290713528663,80.));
#9354 = CARTESIAN_POINT('',(83.053048123136,0.5729756355,80.002817156921
    ));
#9355 = CARTESIAN_POINT('',(82.964054282589,0.838142843775,
    80.008156536432));
#9356 = CARTESIAN_POINT('',(82.839494760462,1.079202039085,
    80.015235501755));
#9357 = CARTESIAN_POINT('',(82.687335499833,1.290968121834,
    80.023011237801));
#9358 = CARTESIAN_POINT('',(82.516877889563,1.470585553587,
    80.030596535124));
#9359 = CARTESIAN_POINT('',(82.167873525644,1.759307072879,
    80.043958647338));
#9360 = CARTESIAN_POINT('',(81.985468959903,1.874810987596,
    80.049971207235));
#9361 = CARTESIAN_POINT('',(81.795164017807,1.965703391994,
    80.055074793251));
#9362 = CARTESIAN_POINT('',(81.599631241611,2.033050019631,
    80.059032520854));
#9363 = CARTESIAN_POINT('',(81.400869485071,2.077667640634,
    80.061714449777));
#9364 = CARTESIAN_POINT('',(81.200496452678,2.1,80.06305680229));
#9365 = CARTESIAN_POINT('',(80.799494446364,2.1,80.06305680229));
#9366 = CARTESIAN_POINT('',(80.599123648197,2.077665645445,
    80.061714330735));
#9367 = CARTESIAN_POINT('',(80.400367104409,2.033048405399,
    80.059032421455));
#9368 = CARTESIAN_POINT('',(80.204837377267,1.965703686472,
    80.05507482982));
#9369 = CARTESIAN_POINT('',(80.014531917129,1.874811976623,
    80.049971247043));
#9370 = CARTESIAN_POINT('',(79.832125770605,1.759306490685,
    80.043958620393));
#9371 = CARTESIAN_POINT('',(79.52907516434,1.508601225913,
    80.032355911012));
#9372 = CARTESIAN_POINT('',(79.402823223142,1.382887441634,
    80.026938622189));
#9373 = CARTESIAN_POINT('',(79.285535794085,1.240799854345,
    80.021378138152));
#9374 = CARTESIAN_POINT('',(79.180151697564,1.082652153628,
    80.015952862533));
#9375 = CARTESIAN_POINT('',(79.089677469528,0.90922219294,
    80.010999141956));
#9376 = CARTESIAN_POINT('',(79.017210634693,0.721796976729,
    80.006874425372));
#9377 = CARTESIAN_POINT('',(78.901760043482,0.272146611511,
    80.000164268414));
#9378 = CARTESIAN_POINT('',(78.872219329744,8.145173696719E-03,
    79.998310884071));
#9379 = CARTESIAN_POINT('',(78.882353540834,-0.260317390798,
    79.998889212766));
#9380 = CARTESIAN_POINT('',(78.932588061289,-0.522583810405,
    80.002053920241));
#9381 = CARTESIAN_POINT('',(79.018955956459,-0.768323341537,
    80.007225168763));
#9382 = CARTESIAN_POINT('',(79.133265648295,-0.989284334468,
    80.013461534997));
#9383 = CARTESIAN_POINT('',(79.378933603613,-1.350773753247,
    80.025659705537));
#9384 = CARTESIAN_POINT('',(79.509918906553,-1.501560109753,
    80.031717612588));
#9385 = CARTESIAN_POINT('',(79.652384454427,-1.632918457344,
    80.037687322001));
#9386 = CARTESIAN_POINT('',(79.803486694121,-1.745387153339,
    80.043264329911));
#9387 = CARTESIAN_POINT('',(79.961006595977,-1.839630144244,
    80.048232052246));
#9388 = CARTESIAN_POINT('',(80.123188269625,-1.916279594076,
    80.052447404004));
#9389 = CARTESIAN_POINT('',(80.530990038787,-2.063097265047,
    80.060748918096));
#9390 = CARTESIAN_POINT('',(80.78046010647,-2.113740303944,
    80.063867362935));
#9391 = CARTESIAN_POINT('',(81.033048027513,-2.129449410405,
    80.064880714284));
#9392 = CARTESIAN_POINT('',(81.285843819419,-2.110789108845,
    80.063706347013));
#9393 = CARTESIAN_POINT('',(81.535860758459,-2.057354246609,
    80.060388109774));
#9394 = CARTESIAN_POINT('',(81.779580439603,-1.967843334113,
    80.055130285973));
#9395 = CARTESIAN_POINT('',(82.25179892525,-1.708239024777,
    80.041461800287));
#9396 = CARTESIAN_POINT('',(82.488446572189,-1.530540860446,
    80.032689104892));
#9397 = CARTESIAN_POINT('',(82.706195037254,-1.303770904305,
    80.022641983387));
#9398 = CARTESIAN_POINT('',(82.890062701392,-1.0294985653,
    80.012595517326));
#9399 = CARTESIAN_POINT('',(83.025751441482,-0.713632124821,
    80.004455045557));
#9400 = CARTESIAN_POINT('',(83.1,-0.365579738287,80.));
#9401 = CARTESIAN_POINT('',(83.1,-2.22044604925E-15,80.));
#9402 = CYLINDRICAL_SURFACE('',#9403,35.);
#9403 = AXIS2_PLACEMENT_3D('',#9404,#9405,#9406);
#9404 = CARTESIAN_POINT('',(75.,0.,115.));
#9405 = DIRECTION('',(1.,0.,0.));
#9406 = DIRECTION('',(-0.,0.,1.));
#9407 = ADVANCED_FACE('',(#9408,#9411,#9422,#9433,#9444,#9455,#9466),
  #9477,.F.);
#9408 = FACE_BOUND('',#9409,.F.);
#9409 = EDGE_LOOP('',(#9410));
#9410 = ORIENTED_EDGE('',*,*,#9339,.T.);
#9411 = FACE_BOUND('',#9412,.F.);
#9412 = EDGE_LOOP('',(#9413));
#9413 = ORIENTED_EDGE('',*,*,#9414,.F.);
#9414 = EDGE_CURVE('',#9415,#9415,#9417,.T.);
#9415 = VERTEX_POINT('',#9416);
#9416 = CARTESIAN_POINT('',(75.,14.81218835777,98.187771741751));
#9417 = CIRCLE('',#9418,3.575);
#9418 = AXIS2_PLACEMENT_3D('',#9419,#9420,#9421);
#9419 = CARTESIAN_POINT('',(75.,14.81218835777,94.612771741751));
#9420 = DIRECTION('',(1.,0.,0.));
#9421 = DIRECTION('',(-0.,0.,1.));
#9422 = FACE_BOUND('',#9423,.F.);
#9423 = EDGE_LOOP('',(#9424));
#9424 = ORIENTED_EDGE('',*,*,#9425,.F.);
#9425 = EDGE_CURVE('',#9426,#9426,#9428,.T.);
#9426 = VERTEX_POINT('',#9427);
#9427 = CARTESIAN_POINT('',(75.,23.966624210638,126.36222825824));
#9428 = CIRCLE('',#9429,3.575);
#9429 = AXIS2_PLACEMENT_3D('',#9430,#9431,#9432);
#9430 = CARTESIAN_POINT('',(75.,23.966624210638,122.78722825824));
#9431 = DIRECTION('',(1.,0.,0.));
#9432 = DIRECTION('',(-0.,0.,1.));
#9433 = FACE_BOUND('',#9434,.F.);
#9434 = EDGE_LOOP('',(#9435));
#9435 = ORIENTED_EDGE('',*,*,#9436,.F.);
#9436 = EDGE_CURVE('',#9437,#9437,#9439,.T.);
#9437 = VERTEX_POINT('',#9438);
#9438 = CARTESIAN_POINT('',(75.,9.797174393179E-16,119.));
#9439 = CIRCLE('',#9440,4.);
#9440 = AXIS2_PLACEMENT_3D('',#9441,#9442,#9443);
#9441 = CARTESIAN_POINT('',(75.,0.,115.));
#9442 = DIRECTION('',(1.,0.,0.));
#9443 = DIRECTION('',(-0.,0.,1.));
#9444 = FACE_BOUND('',#9445,.F.);
#9445 = EDGE_LOOP('',(#9446));
#9446 = ORIENTED_EDGE('',*,*,#9447,.F.);
#9447 = EDGE_CURVE('',#9448,#9448,#9450,.T.);
#9448 = VERTEX_POINT('',#9449);
#9449 = CARTESIAN_POINT('',(75.,-14.81218835777,98.187771741751));
#9450 = CIRCLE('',#9451,3.575);
#9451 = AXIS2_PLACEMENT_3D('',#9452,#9453,#9454);
#9452 = CARTESIAN_POINT('',(75.,-14.81218835777,94.612771741751));
#9453 = DIRECTION('',(1.,0.,0.));
#9454 = DIRECTION('',(-0.,0.,1.));
#9455 = FACE_BOUND('',#9456,.F.);
#9456 = EDGE_LOOP('',(#9457));
#9457 = ORIENTED_EDGE('',*,*,#9458,.F.);
#9458 = EDGE_CURVE('',#9459,#9459,#9461,.T.);
#9459 = VERTEX_POINT('',#9460);
#9460 = CARTESIAN_POINT('',(75.,2.418677428316E-15,143.775));
#9461 = CIRCLE('',#9462,3.575);
#9462 = AXIS2_PLACEMENT_3D('',#9463,#9464,#9465);
#9463 = CARTESIAN_POINT('',(75.,1.543054966926E-15,140.2));
#9464 = DIRECTION('',(1.,0.,0.));
#9465 = DIRECTION('',(-0.,0.,1.));
#9466 = FACE_BOUND('',#9467,.F.);
#9467 = EDGE_LOOP('',(#9468));
#9468 = ORIENTED_EDGE('',*,*,#9469,.F.);
#9469 = EDGE_CURVE('',#9470,#9470,#9472,.T.);
#9470 = VERTEX_POINT('',#9471);
#9471 = CARTESIAN_POINT('',(75.,-23.96662421063,126.36222825824));
#9472 = CIRCLE('',#9473,3.575);
#9473 = AXIS2_PLACEMENT_3D('',#9474,#9475,#9476);
#9474 = CARTESIAN_POINT('',(75.,-23.96662421063,122.78722825824));
#9475 = DIRECTION('',(1.,0.,0.));
#9476 = DIRECTION('',(-0.,0.,1.));
#9477 = PLANE('',#9478);
#9478 = AXIS2_PLACEMENT_3D('',#9479,#9480,#9481);
#9479 = CARTESIAN_POINT('',(75.,0.,115.));
#9480 = DIRECTION('',(1.,0.,0.));
#9481 = DIRECTION('',(-0.,0.,1.));
#9482 = ADVANCED_FACE('',(#9483,#9486,#9497,#9508,#9519,#9530,#9541),
  #9552,.T.);
#9483 = FACE_BOUND('',#9484,.T.);
#9484 = EDGE_LOOP('',(#9485));
#9485 = ORIENTED_EDGE('',*,*,#9331,.T.);
#9486 = FACE_BOUND('',#9487,.T.);
#9487 = EDGE_LOOP('',(#9488));
#9488 = ORIENTED_EDGE('',*,*,#9489,.F.);
#9489 = EDGE_CURVE('',#9490,#9490,#9492,.T.);
#9490 = VERTEX_POINT('',#9491);
#9491 = CARTESIAN_POINT('',(87.,14.81218835777,98.187771741751));
#9492 = CIRCLE('',#9493,3.575);
#9493 = AXIS2_PLACEMENT_3D('',#9494,#9495,#9496);
#9494 = CARTESIAN_POINT('',(87.,14.81218835777,94.612771741751));
#9495 = DIRECTION('',(1.,0.,0.));
#9496 = DIRECTION('',(-0.,0.,1.));
#9497 = FACE_BOUND('',#9498,.T.);
#9498 = EDGE_LOOP('',(#9499));
#9499 = ORIENTED_EDGE('',*,*,#9500,.F.);
#9500 = EDGE_CURVE('',#9501,#9501,#9503,.T.);
#9501 = VERTEX_POINT('',#9502);
#9502 = CARTESIAN_POINT('',(87.,23.966624210638,126.36222825824));
#9503 = CIRCLE('',#9504,3.575);
#9504 = AXIS2_PLACEMENT_3D('',#9505,#9506,#9507);
#9505 = CARTESIAN_POINT('',(87.,23.966624210638,122.78722825824));
#9506 = DIRECTION('',(1.,0.,0.));
#9507 = DIRECTION('',(-0.,0.,1.));
#9508 = FACE_BOUND('',#9509,.T.);
#9509 = EDGE_LOOP('',(#9510));
#9510 = ORIENTED_EDGE('',*,*,#9511,.F.);
#9511 = EDGE_CURVE('',#9512,#9512,#9514,.T.);
#9512 = VERTEX_POINT('',#9513);
#9513 = CARTESIAN_POINT('',(87.,3.109990546435E-15,127.6975));
#9514 = CIRCLE('',#9515,12.6975);
#9515 = AXIS2_PLACEMENT_3D('',#9516,#9517,#9518);
#9516 = CARTESIAN_POINT('',(87.,0.,115.));
#9517 = DIRECTION('',(1.,0.,0.));
#9518 = DIRECTION('',(-0.,0.,1.));
#9519 = FACE_BOUND('',#9520,.T.);
#9520 = EDGE_LOOP('',(#9521));
#9521 = ORIENTED_EDGE('',*,*,#9522,.F.);
#9522 = EDGE_CURVE('',#9523,#9523,#9525,.T.);
#9523 = VERTEX_POINT('',#9524);
#9524 = CARTESIAN_POINT('',(87.,-14.81218835777,98.187771741751));
#9525 = CIRCLE('',#9526,3.575);
#9526 = AXIS2_PLACEMENT_3D('',#9527,#9528,#9529);
#9527 = CARTESIAN_POINT('',(87.,-14.81218835777,94.612771741751));
#9528 = DIRECTION('',(1.,0.,0.));
#9529 = DIRECTION('',(-0.,0.,1.));
#9530 = FACE_BOUND('',#9531,.T.);
#9531 = EDGE_LOOP('',(#9532));
#9532 = ORIENTED_EDGE('',*,*,#9533,.F.);
#9533 = EDGE_CURVE('',#9534,#9534,#9536,.T.);
#9534 = VERTEX_POINT('',#9535);
#9535 = CARTESIAN_POINT('',(87.,2.418677428316E-15,143.775));
#9536 = CIRCLE('',#9537,3.575);
#9537 = AXIS2_PLACEMENT_3D('',#9538,#9539,#9540);
#9538 = CARTESIAN_POINT('',(87.,1.543054966926E-15,140.2));
#9539 = DIRECTION('',(1.,0.,0.));
#9540 = DIRECTION('',(-0.,0.,1.));
#9541 = FACE_BOUND('',#9542,.T.);
#9542 = EDGE_LOOP('',(#9543));
#9543 = ORIENTED_EDGE('',*,*,#9544,.F.);
#9544 = EDGE_CURVE('',#9545,#9545,#9547,.T.);
#9545 = VERTEX_POINT('',#9546);
#9546 = CARTESIAN_POINT('',(87.,-23.96662421063,126.36222825824));
#9547 = CIRCLE('',#9548,3.575);
#9548 = AXIS2_PLACEMENT_3D('',#9549,#9550,#9551);
#9549 = CARTESIAN_POINT('',(87.,-23.96662421063,122.78722825824));
#9550 = DIRECTION('',(1.,0.,0.));
#9551 = DIRECTION('',(-0.,0.,1.));
#9552 = PLANE('',#9553);
#9553 = AXIS2_PLACEMENT_3D('',#9554,#9555,#9556);
#9554 = CARTESIAN_POINT('',(87.,0.,115.));
#9555 = DIRECTION('',(1.,0.,0.));
#9556 = DIRECTION('',(-0.,0.,1.));
#9557 = ADVANCED_FACE('',(#9558),#9685,.F.);
#9558 = FACE_BOUND('',#9559,.F.);
#9559 = EDGE_LOOP('',(#9560,#9677,#9683,#9684));
#9560 = ORIENTED_EDGE('',*,*,#9561,.F.);
#9561 = EDGE_CURVE('',#9562,#9562,#9564,.T.);
#9562 = VERTEX_POINT('',#9563);
#9563 = CARTESIAN_POINT('',(83.1,-5.143516556419E-16,111.));
#9564 = B_SPLINE_CURVE_WITH_KNOTS('',6,(#9565,#9566,#9567,#9568,#9569,
    #9570,#9571,#9572,#9573,#9574,#9575,#9576,#9577,#9578,#9579,#9580,
    #9581,#9582,#9583,#9584,#9585,#9586,#9587,#9588,#9589,#9590,#9591,
    #9592,#9593,#9594,#9595,#9596,#9597,#9598,#9599,#9600,#9601,#9602,
    #9603,#9604,#9605,#9606,#9607,#9608,#9609,#9610,#9611,#9612,#9613,
    #9614,#9615,#9616,#9617,#9618,#9619,#9620,#9621,#9622,#9623,#9624,
    #9625,#9626,#9627,#9628,#9629,#9630,#9631,#9632,#9633,#9634,#9635,
    #9636,#9637,#9638,#9639,#9640,#9641,#9642,#9643,#9644,#9645,#9646,
    #9647,#9648,#9649,#9650,#9651,#9652,#9653,#9654,#9655,#9656,#9657,
    #9658,#9659,#9660,#9661,#9662,#9663,#9664,#9665,#9666,#9667,#9668,
    #9669,#9670,#9671,#9672,#9673,#9674,#9675,#9676),.UNSPECIFIED.,.T.,
  .F.,(7,5,5,5,5,5,5,5,5,5,5,5,5,5,5,5,5,5,5,5,5,5,7),(0.,
    6.053672441508E-02,8.740725270446E-02,0.120337739312,0.159273278474,
    0.202710210375,0.24945768603,0.296458557889,0.338727418898,
    0.412103089638,0.460538198509,0.499045395386,0.55982494541,
    0.586803260448,0.619865846178,0.658957573453,0.702568750595,
    0.749503751584,0.796693165265,0.839131585854,0.912801599671,
    0.939207350999,1.),.UNSPECIFIED.);
#9565 = CARTESIAN_POINT('',(83.1,-4.440892098501E-16,111.));
#9566 = CARTESIAN_POINT('',(83.1,0.159735512376,111.));
#9567 = CARTESIAN_POINT('',(83.085419690998,0.318326252399,
    111.00765477188));
#9568 = CARTESIAN_POINT('',(83.056651313916,0.47332003048,
    111.02275763451));
#9569 = CARTESIAN_POINT('',(83.014813749228,0.62233602836,
    111.04443501696));
#9570 = CARTESIAN_POINT('',(82.961746308471,0.763209663921,
    111.07118918329));
#9571 = CARTESIAN_POINT('',(82.87279010811,0.952251212361,
    111.11454345296));
#9572 = CARTESIAN_POINT('',(82.843655046441,1.008630214748,
    111.12856763117));
#9573 = CARTESIAN_POINT('',(82.812862776788,1.06325585115,111.1431777653
    ));
#9574 = CARTESIAN_POINT('',(82.780537148872,1.11611631176,
    111.15826741265));
#9575 = CARTESIAN_POINT('',(82.746794710517,1.167205645264,
    111.17373404439));
#9576 = CARTESIAN_POINT('',(82.668790075816,1.276964307725,
    111.20877492783));
#9577 = CARTESIAN_POINT('',(82.623863878015,1.334755654324,
    111.22849269935));
#9578 = CARTESIAN_POINT('',(82.577140334497,1.389931069183,
    111.24846354757));
#9579 = CARTESIAN_POINT('',(82.528771028594,1.44252626031,
    111.26853085178));
#9580 = CARTESIAN_POINT('',(82.478885208113,1.492578457437,
    111.28854964294));
#9581 = CARTESIAN_POINT('',(82.366941022196,1.596342995112,
    111.33183976288));
#9582 = CARTESIAN_POINT('',(82.304314449006,1.649065251863,
    111.3550413511));
#9583 = CARTESIAN_POINT('',(82.239894233396,1.698344661723,
    111.37776617565));
#9584 = CARTESIAN_POINT('',(82.173837002446,1.744225574167,
    111.39980548244));
#9585 = CARTESIAN_POINT('',(82.106272944547,1.786743289176,
    111.42096555823));
#9586 = CARTESIAN_POINT('',(81.960366979679,1.869632445697,
    111.46349212908));
#9587 = CARTESIAN_POINT('',(81.881668679844,1.909194968005,
    111.48460357137));
#9588 = CARTESIAN_POINT('',(81.801421474742,1.944604388474,
    111.50413155925));
#9589 = CARTESIAN_POINT('',(81.719815740075,1.975854906616,
    111.52183233976));
#9590 = CARTESIAN_POINT('',(81.637023331089,2.002935808414,
    111.53749326712));
#9591 = CARTESIAN_POINT('',(81.462984861179,2.050461018461,
    111.56540746888));
#9592 = CARTESIAN_POINT('',(81.371579657877,2.07024094275,
    111.57730960639));
#9593 = CARTESIAN_POINT('',(81.279288585387,2.085109503746,
    111.58640537723));
#9594 = CARTESIAN_POINT('',(81.186406724827,2.095034394871,
    111.59252838061));
#9595 = CARTESIAN_POINT('',(81.093218886097,2.1,111.59559109389));
#9596 = CARTESIAN_POINT('',(80.906275817915,2.1,111.59559109389));
#9597 = CARTESIAN_POINT('',(80.812583510561,2.094980416,111.59249509332)
  );
#9598 = CARTESIAN_POINT('',(80.719202168644,2.084947770219,
    111.58630559531));
#9599 = CARTESIAN_POINT('',(80.626421017822,2.069917964682,
    111.57711202709));
#9600 = CARTESIAN_POINT('',(80.534539826717,2.04992390532,
    111.56508432245));
#9601 = CARTESIAN_POINT('',(80.362327439014,2.002629337708,
    111.53732039633));
#9602 = CARTESIAN_POINT('',(80.281765880996,1.976267505418,
    111.52207945409));
#9603 = CARTESIAN_POINT('',(80.202327680258,1.945956828291,
    111.50490676551));
#9604 = CARTESIAN_POINT('',(80.12417164885,1.911707524882,111.4859980494
    ));
#9605 = CARTESIAN_POINT('',(80.047473117215,1.873525531469,
    111.46557706565));
#9606 = CARTESIAN_POINT('',(79.84214604708,1.758320197709,111.4062456359
    ));
#9607 = CARTESIAN_POINT('',(79.716879144369,1.673413151148,
    111.36479910705));
#9608 = CARTESIAN_POINT('',(79.597249937807,1.57653113814,
    111.32074112169));
#9609 = CARTESIAN_POINT('',(79.484180301893,1.467302071675,
    111.27540046155));
#9610 = CARTESIAN_POINT('',(79.379025966232,1.34528387164,
    111.23034267636));
#9611 = CARTESIAN_POINT('',(79.220831367328,1.120925603121,
    111.15912950795));
#9612 = CARTESIAN_POINT('',(79.162093843257,1.025806306946,
    111.13169514904));
#9613 = CARTESIAN_POINT('',(79.108296483314,0.924891430843,
    111.10577131901));
#9614 = CARTESIAN_POINT('',(79.060222594143,0.818371960033,
    111.0820227865));
#9615 = CARTESIAN_POINT('',(79.018676531386,0.706521485595,
    111.06111974847));
#9616 = CARTESIAN_POINT('',(78.957323143041,0.496825443373,
    111.02986373391));
#9617 = CARTESIAN_POINT('',(78.934809255576,0.400819422015,
    111.01822783557));
#9618 = CARTESIAN_POINT('',(78.917524484992,0.30238330652,
    111.00920128771));
#9619 = CARTESIAN_POINT('',(78.90585285656,0.202255606238,
    111.00307222931));
#9620 = CARTESIAN_POINT('',(78.9,0.101201256358,111.));
#9621 = CARTESIAN_POINT('',(78.9,-0.159735512376,111.));
#9622 = CARTESIAN_POINT('',(78.914580309002,-0.318326252399,
    111.00765477188));
#9623 = CARTESIAN_POINT('',(78.943348686084,-0.47332003048,
    111.02275763451));
#9624 = CARTESIAN_POINT('',(78.985186250772,-0.62233602836,
    111.04443501696));
#9625 = CARTESIAN_POINT('',(79.038253691529,-0.763209663921,
    111.07118918329));
#9626 = CARTESIAN_POINT('',(79.127209895311,-0.952251219631,
    111.11454345462));
#9627 = CARTESIAN_POINT('',(79.156344952229,-1.008630213592,
    111.12856763061));
#9628 = CARTESIAN_POINT('',(79.187137219359,-1.06325584459,
    111.14317776351));
#9629 = CARTESIAN_POINT('',(79.219462850317,-1.116116309368,
    111.15826741221));
#9630 = CARTESIAN_POINT('',(79.253205293552,-1.16720565099,
    111.17373404621));
#9631 = CARTESIAN_POINT('',(79.331209924184,-1.276964307725,
    111.20877492783));
#9632 = CARTESIAN_POINT('',(79.376136121985,-1.334755654324,
    111.22849269935));
#9633 = CARTESIAN_POINT('',(79.422859665503,-1.389931069183,
    111.24846354757));
#9634 = CARTESIAN_POINT('',(79.471228971406,-1.44252626031,
    111.26853085178));
#9635 = CARTESIAN_POINT('',(79.521114791887,-1.492578457437,
    111.28854964294));
#9636 = CARTESIAN_POINT('',(79.633058977804,-1.596342995112,
    111.33183976288));
#9637 = CARTESIAN_POINT('',(79.695685550994,-1.649065251863,
    111.3550413511));
#9638 = CARTESIAN_POINT('',(79.760105766604,-1.698344661723,
    111.37776617565));
#9639 = CARTESIAN_POINT('',(79.826162997554,-1.744225574167,
    111.39980548244));
#9640 = CARTESIAN_POINT('',(79.893727055453,-1.786743289176,
    111.42096555823));
#9641 = CARTESIAN_POINT('',(80.039633020321,-1.869632445697,
    111.46349212908));
#9642 = CARTESIAN_POINT('',(80.118331320156,-1.909194968005,
    111.48460357137));
#9643 = CARTESIAN_POINT('',(80.198578525258,-1.944604388474,
    111.50413155925));
#9644 = CARTESIAN_POINT('',(80.280184259925,-1.975854906616,
    111.52183233976));
#9645 = CARTESIAN_POINT('',(80.362976668911,-2.002935808414,
    111.53749326712));
#9646 = CARTESIAN_POINT('',(80.537015138821,-2.050461018461,
    111.56540746888));
#9647 = CARTESIAN_POINT('',(80.628420342123,-2.07024094275,
    111.57730960639));
#9648 = CARTESIAN_POINT('',(80.720711414613,-2.085109503746,
    111.58640537723));
#9649 = CARTESIAN_POINT('',(80.813593275173,-2.095034394871,
    111.59252838061));
#9650 = CARTESIAN_POINT('',(80.906781113903,-2.1,111.59559109389));
#9651 = CARTESIAN_POINT('',(81.093724182085,-2.1,111.59559109389));
#9652 = CARTESIAN_POINT('',(81.187416489439,-2.094980416,111.59249509332
    ));
#9653 = CARTESIAN_POINT('',(81.280797831356,-2.084947770219,
    111.58630559531));
#9654 = CARTESIAN_POINT('',(81.373578982178,-2.069917964682,
    111.57711202709));
#9655 = CARTESIAN_POINT('',(81.465460173283,-2.04992390532,
    111.56508432245));
#9656 = CARTESIAN_POINT('',(81.637672560986,-2.002629337708,
    111.53732039633));
#9657 = CARTESIAN_POINT('',(81.718234119004,-1.976267505418,
    111.52207945409));
#9658 = CARTESIAN_POINT('',(81.797672319742,-1.945956828291,
    111.50490676551));
#9659 = CARTESIAN_POINT('',(81.87582835115,-1.911707524882,
    111.4859980494));
#9660 = CARTESIAN_POINT('',(81.952526882785,-1.873525531469,
    111.46557706565));
#9661 = CARTESIAN_POINT('',(82.15785395287,-1.758320197737,
    111.40624563591));
#9662 = CARTESIAN_POINT('',(82.28312085572,-1.67341315111,
    111.36479910703));
#9663 = CARTESIAN_POINT('',(82.402750062168,-1.576531138105,
    111.32074112169));
#9664 = CARTESIAN_POINT('',(82.515819698051,-1.467302071774,
    111.27540046158));
#9665 = CARTESIAN_POINT('',(82.620974033809,-1.345283871582,
    111.23034267634));
#9666 = CARTESIAN_POINT('',(82.750422283003,-1.161694891597,
    111.172070017));
#9667 = CARTESIAN_POINT('',(82.783317992422,-1.111557029728,
    111.15696865126));
#9668 = CARTESIAN_POINT('',(82.814850359164,-1.059723387399,
    111.1422344135));
#9669 = CARTESIAN_POINT('',(82.844909627822,-1.006200124766,
    111.1279636482));
#9670 = CARTESIAN_POINT('',(82.873379435174,-0.950998828601,
    111.1142562347));
#9671 = CARTESIAN_POINT('',(82.961738984897,-0.763225227309,
    111.07119275256));
#9672 = CARTESIAN_POINT('',(83.014810078249,-0.622350530228,
    111.04443701334));
#9673 = CARTESIAN_POINT('',(83.056652175757,-0.473324291142,
    111.02275719116));
#9674 = CARTESIAN_POINT('',(83.085421650992,-0.318319378745,
    111.00765373917));
#9675 = CARTESIAN_POINT('',(83.1,-0.159724771566,111.));
#9676 = CARTESIAN_POINT('',(83.1,-4.440892098501E-16,111.));
#9677 = ORIENTED_EDGE('',*,*,#9678,.F.);
#9678 = EDGE_CURVE('',#9349,#9562,#9679,.T.);
#9679 = LINE('',#9680,#9681);
#9680 = CARTESIAN_POINT('',(83.1,-5.143516556419E-16,78.));
#9681 = VECTOR('',#9682,1.);
#9682 = DIRECTION('',(0.,0.,1.));
#9683 = ORIENTED_EDGE('',*,*,#9348,.T.);
#9684 = ORIENTED_EDGE('',*,*,#9678,.T.);
#9685 = CYLINDRICAL_SURFACE('',#9686,2.1);
#9686 = AXIS2_PLACEMENT_3D('',#9687,#9688,#9689);
#9687 = CARTESIAN_POINT('',(81.,0.,78.));
#9688 = DIRECTION('',(0.,0.,1.));
#9689 = DIRECTION('',(1.,0.,-0.));
#9690 = ADVANCED_FACE('',(#9691),#9702,.F.);
#9691 = FACE_BOUND('',#9692,.F.);
#9692 = EDGE_LOOP('',(#9693,#9694,#9700,#9701));
#9693 = ORIENTED_EDGE('',*,*,#9489,.F.);
#9694 = ORIENTED_EDGE('',*,*,#9695,.F.);
#9695 = EDGE_CURVE('',#9415,#9490,#9696,.T.);
#9696 = LINE('',#9697,#9698);
#9697 = CARTESIAN_POINT('',(70.,14.81218835777,98.187771741751));
#9698 = VECTOR('',#9699,1.);
#9699 = DIRECTION('',(1.,0.,0.));
#9700 = ORIENTED_EDGE('',*,*,#9414,.T.);
#9701 = ORIENTED_EDGE('',*,*,#9695,.T.);
#9702 = CYLINDRICAL_SURFACE('',#9703,3.575);
#9703 = AXIS2_PLACEMENT_3D('',#9704,#9705,#9706);
#9704 = CARTESIAN_POINT('',(70.,14.81218835777,94.612771741751));
#9705 = DIRECTION('',(1.,0.,0.));
#9706 = DIRECTION('',(-0.,0.,1.));
#9707 = ADVANCED_FACE('',(#9708),#9719,.F.);
#9708 = FACE_BOUND('',#9709,.F.);
#9709 = EDGE_LOOP('',(#9710,#9711,#9717,#9718));
#9710 = ORIENTED_EDGE('',*,*,#9500,.F.);
#9711 = ORIENTED_EDGE('',*,*,#9712,.F.);
#9712 = EDGE_CURVE('',#9426,#9501,#9713,.T.);
#9713 = LINE('',#9714,#9715);
#9714 = CARTESIAN_POINT('',(70.,23.966624210638,126.36222825824));
#9715 = VECTOR('',#9716,1.);
#9716 = DIRECTION('',(1.,0.,0.));
#9717 = ORIENTED_EDGE('',*,*,#9425,.T.);
#9718 = ORIENTED_EDGE('',*,*,#9712,.T.);
#9719 = CYLINDRICAL_SURFACE('',#9720,3.575);
#9720 = AXIS2_PLACEMENT_3D('',#9721,#9722,#9723);
#9721 = CARTESIAN_POINT('',(70.,23.966624210638,122.78722825824));
#9722 = DIRECTION('',(1.,0.,0.));
#9723 = DIRECTION('',(-0.,0.,1.));
#9724 = ADVANCED_FACE('',(#9725,#9744),#9747,.F.);
#9725 = FACE_BOUND('',#9726,.F.);
#9726 = EDGE_LOOP('',(#9727,#9735,#9742,#9743));
#9727 = ORIENTED_EDGE('',*,*,#9728,.T.);
#9728 = EDGE_CURVE('',#9437,#9729,#9731,.T.);
#9729 = VERTEX_POINT('',#9730);
#9730 = CARTESIAN_POINT('',(90.,9.797174393179E-16,119.));
#9731 = LINE('',#9732,#9733);
#9732 = CARTESIAN_POINT('',(70.,9.797174393179E-16,119.));
#9733 = VECTOR('',#9734,1.);
#9734 = DIRECTION('',(1.,0.,0.));
#9735 = ORIENTED_EDGE('',*,*,#9736,.F.);
#9736 = EDGE_CURVE('',#9729,#9729,#9737,.T.);
#9737 = CIRCLE('',#9738,4.);
#9738 = AXIS2_PLACEMENT_3D('',#9739,#9740,#9741);
#9739 = CARTESIAN_POINT('',(90.,0.,115.));
#9740 = DIRECTION('',(1.,0.,0.));
#9741 = DIRECTION('',(-0.,0.,1.));
#9742 = ORIENTED_EDGE('',*,*,#9728,.F.);
#9743 = ORIENTED_EDGE('',*,*,#9436,.T.);
#9744 = FACE_BOUND('',#9745,.F.);
#9745 = EDGE_LOOP('',(#9746));
#9746 = ORIENTED_EDGE('',*,*,#9561,.T.);
#9747 = CYLINDRICAL_SURFACE('',#9748,4.);
#9748 = AXIS2_PLACEMENT_3D('',#9749,#9750,#9751);
#9749 = CARTESIAN_POINT('',(70.,0.,115.));
#9750 = DIRECTION('',(1.,0.,0.));
#9751 = DIRECTION('',(-0.,0.,1.));
#9752 = ADVANCED_FACE('',(#9753),#9764,.F.);
#9753 = FACE_BOUND('',#9754,.F.);
#9754 = EDGE_LOOP('',(#9755,#9756,#9762,#9763));
#9755 = ORIENTED_EDGE('',*,*,#9522,.F.);
#9756 = ORIENTED_EDGE('',*,*,#9757,.F.);
#9757 = EDGE_CURVE('',#9448,#9523,#9758,.T.);
#9758 = LINE('',#9759,#9760);
#9759 = CARTESIAN_POINT('',(70.,-14.81218835777,98.187771741751));
#9760 = VECTOR('',#9761,1.);
#9761 = DIRECTION('',(1.,0.,0.));
#9762 = ORIENTED_EDGE('',*,*,#9447,.T.);
#9763 = ORIENTED_EDGE('',*,*,#9757,.T.);
#9764 = CYLINDRICAL_SURFACE('',#9765,3.575);
#9765 = AXIS2_PLACEMENT_3D('',#9766,#9767,#9768);
#9766 = CARTESIAN_POINT('',(70.,-14.81218835777,94.612771741751));
#9767 = DIRECTION('',(1.,0.,0.));
#9768 = DIRECTION('',(-0.,0.,1.));
#9769 = ADVANCED_FACE('',(#9770),#9781,.F.);
#9770 = FACE_BOUND('',#9771,.F.);
#9771 = EDGE_LOOP('',(#9772,#9773,#9779,#9780));
#9772 = ORIENTED_EDGE('',*,*,#9533,.F.);
#9773 = ORIENTED_EDGE('',*,*,#9774,.F.);
#9774 = EDGE_CURVE('',#9459,#9534,#9775,.T.);
#9775 = LINE('',#9776,#9777);
#9776 = CARTESIAN_POINT('',(70.,2.418677428316E-15,143.775));
#9777 = VECTOR('',#9778,1.);
#9778 = DIRECTION('',(1.,0.,0.));
#9779 = ORIENTED_EDGE('',*,*,#9458,.T.);
#9780 = ORIENTED_EDGE('',*,*,#9774,.T.);
#9781 = CYLINDRICAL_SURFACE('',#9782,3.575);
#9782 = AXIS2_PLACEMENT_3D('',#9783,#9784,#9785);
#9783 = CARTESIAN_POINT('',(70.,1.543054966926E-15,140.2));
#9784 = DIRECTION('',(1.,0.,0.));
#9785 = DIRECTION('',(-0.,0.,1.));
#9786 = ADVANCED_FACE('',(#9787),#9798,.F.);
#9787 = FACE_BOUND('',#9788,.F.);
#9788 = EDGE_LOOP('',(#9789,#9790,#9796,#9797));
#9789 = ORIENTED_EDGE('',*,*,#9544,.F.);
#9790 = ORIENTED_EDGE('',*,*,#9791,.F.);
#9791 = EDGE_CURVE('',#9470,#9545,#9792,.T.);
#9792 = LINE('',#9793,#9794);
#9793 = CARTESIAN_POINT('',(70.,-23.96662421063,126.36222825824));
#9794 = VECTOR('',#9795,1.);
#9795 = DIRECTION('',(1.,0.,0.));
#9796 = ORIENTED_EDGE('',*,*,#9469,.T.);
#9797 = ORIENTED_EDGE('',*,*,#9791,.T.);
#9798 = CYLINDRICAL_SURFACE('',#9799,3.575);
#9799 = AXIS2_PLACEMENT_3D('',#9800,#9801,#9802);
#9800 = CARTESIAN_POINT('',(70.,-23.96662421063,122.78722825824));
#9801 = DIRECTION('',(1.,0.,0.));
#9802 = DIRECTION('',(-0.,0.,1.));
#9803 = ADVANCED_FACE('',(#9804),#9823,.T.);
#9804 = FACE_BOUND('',#9805,.T.);
#9805 = EDGE_LOOP('',(#9806,#9815,#9821,#9822));
#9806 = ORIENTED_EDGE('',*,*,#9807,.F.);
#9807 = EDGE_CURVE('',#9808,#9808,#9810,.T.);
#9808 = VERTEX_POINT('',#9809);
#9809 = CARTESIAN_POINT('',(90.,3.109990546435E-15,127.6975));
#9810 = CIRCLE('',#9811,12.6975);
#9811 = AXIS2_PLACEMENT_3D('',#9812,#9813,#9814);
#9812 = CARTESIAN_POINT('',(90.,0.,115.));
#9813 = DIRECTION('',(1.,0.,0.));
#9814 = DIRECTION('',(-0.,0.,1.));
#9815 = ORIENTED_EDGE('',*,*,#9816,.F.);
#9816 = EDGE_CURVE('',#9512,#9808,#9817,.T.);
#9817 = LINE('',#9818,#9819);
#9818 = CARTESIAN_POINT('',(87.,3.109990546435E-15,127.6975));
#9819 = VECTOR('',#9820,1.);
#9820 = DIRECTION('',(1.,0.,0.));
#9821 = ORIENTED_EDGE('',*,*,#9511,.T.);
#9822 = ORIENTED_EDGE('',*,*,#9816,.T.);
#9823 = CYLINDRICAL_SURFACE('',#9824,12.6975);
#9824 = AXIS2_PLACEMENT_3D('',#9825,#9826,#9827);
#9825 = CARTESIAN_POINT('',(87.,0.,115.));
#9826 = DIRECTION('',(1.,0.,0.));
#9827 = DIRECTION('',(-0.,0.,1.));
#9828 = ADVANCED_FACE('',(#9829,#9832),#9835,.T.);
#9829 = FACE_BOUND('',#9830,.T.);
#9830 = EDGE_LOOP('',(#9831));
#9831 = ORIENTED_EDGE('',*,*,#9807,.T.);
#9832 = FACE_BOUND('',#9833,.T.);
#9833 = EDGE_LOOP('',(#9834));
#9834 = ORIENTED_EDGE('',*,*,#9736,.F.);
#9835 = PLANE('',#9836);
#9836 = AXIS2_PLACEMENT_3D('',#9837,#9838,#9839);
#9837 = CARTESIAN_POINT('',(90.,0.,115.));
#9838 = DIRECTION('',(1.,0.,0.));
#9839 = DIRECTION('',(-0.,0.,1.));
#9840 = MANIFOLD_SOLID_BREP('',#9841);
#9841 = CLOSED_SHELL('',(#9842,#9875,#9884));
#9842 = ADVANCED_FACE('',(#9843),#9870,.T.);
#9843 = FACE_BOUND('',#9844,.T.);
#9844 = EDGE_LOOP('',(#9845,#9854,#9862,#9869));
#9845 = ORIENTED_EDGE('',*,*,#9846,.F.);
#9846 = EDGE_CURVE('',#9847,#9847,#9849,.T.);
#9847 = VERTEX_POINT('',#9848);
#9848 = CARTESIAN_POINT('',(95.,9.797174393179E-16,119.));
#9849 = CIRCLE('',#9850,4.);
#9850 = AXIS2_PLACEMENT_3D('',#9851,#9852,#9853);
#9851 = CARTESIAN_POINT('',(95.,0.,115.));
#9852 = DIRECTION('',(1.,0.,0.));
#9853 = DIRECTION('',(-0.,0.,1.));
#9854 = ORIENTED_EDGE('',*,*,#9855,.F.);
#9855 = EDGE_CURVE('',#9856,#9847,#9858,.T.);
#9856 = VERTEX_POINT('',#9857);
#9857 = CARTESIAN_POINT('',(-95.,9.797174393179E-16,119.));
#9858 = LINE('',#9859,#9860);
#9859 = CARTESIAN_POINT('',(-95.,9.797174393179E-16,119.));
#9860 = VECTOR('',#9861,1.);
#9861 = DIRECTION('',(1.,0.,0.));
#9862 = ORIENTED_EDGE('',*,*,#9863,.T.);
#9863 = EDGE_CURVE('',#9856,#9856,#9864,.T.);
#9864 = CIRCLE('',#9865,4.);
#9865 = AXIS2_PLACEMENT_3D('',#9866,#9867,#9868);
#9866 = CARTESIAN_POINT('',(-95.,0.,115.));
#9867 = DIRECTION('',(1.,0.,0.));
#9868 = DIRECTION('',(-0.,0.,1.));
#9869 = ORIENTED_EDGE('',*,*,#9855,.T.);
#9870 = CYLINDRICAL_SURFACE('',#9871,4.);
#9871 = AXIS2_PLACEMENT_3D('',#9872,#9873,#9874);
#9872 = CARTESIAN_POINT('',(-95.,0.,115.));
#9873 = DIRECTION('',(1.,0.,0.));
#9874 = DIRECTION('',(-0.,0.,1.));
#9875 = ADVANCED_FACE('',(#9876),#9879,.T.);
#9876 = FACE_BOUND('',#9877,.T.);
#9877 = EDGE_LOOP('',(#9878));
#9878 = ORIENTED_EDGE('',*,*,#9846,.T.);
#9879 = PLANE('',#9880);
#9880 = AXIS2_PLACEMENT_3D('',#9881,#9882,#9883);
#9881 = CARTESIAN_POINT('',(95.,0.,115.));
#9882 = DIRECTION('',(1.,0.,0.));
#9883 = DIRECTION('',(-0.,0.,1.));
#9884 = ADVANCED_FACE('',(#9885),#9888,.F.);
#9885 = FACE_BOUND('',#9886,.T.);
#9886 = EDGE_LOOP('',(#9887));
#9887 = ORIENTED_EDGE('',*,*,#9863,.F.);
#9888 = PLANE('',#9889);
#9889 = AXIS2_PLACEMENT_3D('',#9890,#9891,#9892);
#9890 = CARTESIAN_POINT('',(-95.,0.,115.));
#9891 = DIRECTION('',(1.,0.,0.));
#9892 = DIRECTION('',(-0.,0.,1.));
#9893 = MANIFOLD_SOLID_BREP('',#9894);
#9894 = CLOSED_SHELL('',(#9895,#9928,#9937));
#9895 = ADVANCED_FACE('',(#9896),#9923,.T.);
#9896 = FACE_BOUND('',#9897,.T.);
#9897 = EDGE_LOOP('',(#9898,#9907,#9915,#9922));
#9898 = ORIENTED_EDGE('',*,*,#9899,.F.);
#9899 = EDGE_CURVE('',#9900,#9900,#9902,.T.);
#9900 = VERTEX_POINT('',#9901);
#9901 = CARTESIAN_POINT('',(-56.5,2.694222958124E-15,126.));
#9902 = CIRCLE('',#9903,11.);
#9903 = AXIS2_PLACEMENT_3D('',#9904,#9905,#9906);
#9904 = CARTESIAN_POINT('',(-56.5,0.,115.));
#9905 = DIRECTION('',(1.,0.,0.));
#9906 = DIRECTION('',(-0.,0.,1.));
#9907 = ORIENTED_EDGE('',*,*,#9908,.F.);
#9908 = EDGE_CURVE('',#9909,#9900,#9911,.T.);
#9909 = VERTEX_POINT('',#9910);
#9910 = CARTESIAN_POINT('',(-63.5,2.694222958124E-15,126.));
#9911 = LINE('',#9912,#9913);
#9912 = CARTESIAN_POINT('',(-63.5,2.694222958124E-15,126.));
#9913 = VECTOR('',#9914,1.);
#9914 = DIRECTION('',(1.,0.,0.));
#9915 = ORIENTED_EDGE('',*,*,#9916,.T.);
#9916 = EDGE_CURVE('',#9909,#9909,#9917,.T.);
#9917 = CIRCLE('',#9918,11.);
#9918 = AXIS2_PLACEMENT_3D('',#9919,#9920,#9921);
#9919 = CARTESIAN_POINT('',(-63.5,0.,115.));
#9920 = DIRECTION('',(1.,0.,0.));
#9921 = DIRECTION('',(-0.,0.,1.));
#9922 = ORIENTED_EDGE('',*,*,#9908,.T.);
#9923 = CYLINDRICAL_SURFACE('',#9924,11.);
#9924 = AXIS2_PLACEMENT_3D('',#9925,#9926,#9927);
#9925 = CARTESIAN_POINT('',(-63.5,0.,115.));
#9926 = DIRECTION('',(1.,0.,0.));
#9927 = DIRECTION('',(-0.,0.,1.));
#9928 = ADVANCED_FACE('',(#9929),#9932,.T.);
#9929 = FACE_BOUND('',#9930,.T.);
#9930 = EDGE_LOOP('',(#9931));
#9931 = ORIENTED_EDGE('',*,*,#9899,.T.);
#9932 = PLANE('',#9933);
#9933 = AXIS2_PLACEMENT_3D('',#9934,#9935,#9936);
#9934 = CARTESIAN_POINT('',(-56.5,0.,115.));
#9935 = DIRECTION('',(1.,0.,0.));
#9936 = DIRECTION('',(-0.,0.,1.));
#9937 = ADVANCED_FACE('',(#9938),#9941,.F.);
#9938 = FACE_BOUND('',#9939,.T.);
#9939 = EDGE_LOOP('',(#9940));
#9940 = ORIENTED_EDGE('',*,*,#9916,.F.);
#9941 = PLANE('',#9942);
#9942 = AXIS2_PLACEMENT_3D('',#9943,#9944,#9945);
#9943 = CARTESIAN_POINT('',(-63.5,0.,115.));
#9944 = DIRECTION('',(1.,0.,0.));
#9945 = DIRECTION('',(-0.,0.,1.));
#9946 = MANIFOLD_SOLID_BREP('',#9947);
#9947 = CLOSED_SHELL('',(#9948,#9981,#9990));
#9948 = ADVANCED_FACE('',(#9949),#9976,.T.);
#9949 = FACE_BOUND('',#9950,.T.);
#9950 = EDGE_LOOP('',(#9951,#9960,#9968,#9975));
#9951 = ORIENTED_EDGE('',*,*,#9952,.F.);
#9952 = EDGE_CURVE('',#9953,#9953,#9955,.T.);
#9953 = VERTEX_POINT('',#9954);
#9954 = CARTESIAN_POINT('',(-6.5,2.694222958124E-15,126.));
#9955 = CIRCLE('',#9956,11.);
#9956 = AXIS2_PLACEMENT_3D('',#9957,#9958,#9959);
#9957 = CARTESIAN_POINT('',(-6.5,0.,115.));
#9958 = DIRECTION('',(1.,0.,0.));
#9959 = DIRECTION('',(-0.,0.,1.));
#9960 = ORIENTED_EDGE('',*,*,#9961,.F.);
#9961 = EDGE_CURVE('',#9962,#9953,#9964,.T.);
#9962 = VERTEX_POINT('',#9963);
#9963 = CARTESIAN_POINT('',(-13.5,2.694222958124E-15,126.));
#9964 = LINE('',#9965,#9966);
#9965 = CARTESIAN_POINT('',(-13.5,2.694222958124E-15,126.));
#9966 = VECTOR('',#9967,1.);
#9967 = DIRECTION('',(1.,0.,0.));
#9968 = ORIENTED_EDGE('',*,*,#9969,.T.);
#9969 = EDGE_CURVE('',#9962,#9962,#9970,.T.);
#9970 = CIRCLE('',#9971,11.);
#9971 = AXIS2_PLACEMENT_3D('',#9972,#9973,#9974);
#9972 = CARTESIAN_POINT('',(-13.5,0.,115.));
#9973 = DIRECTION('',(1.,0.,0.));
#9974 = DIRECTION('',(-0.,0.,1.));
#9975 = ORIENTED_EDGE('',*,*,#9961,.T.);
#9976 = CYLINDRICAL_SURFACE('',#9977,11.);
#9977 = AXIS2_PLACEMENT_3D('',#9978,#9979,#9980);
#9978 = CARTESIAN_POINT('',(-13.5,0.,115.));
#9979 = DIRECTION('',(1.,0.,0.));
#9980 = DIRECTION('',(-0.,0.,1.));
#9981 = ADVANCED_FACE('',(#9982),#9985,.T.);
#9982 = FACE_BOUND('',#9983,.T.);
#9983 = EDGE_LOOP('',(#9984));
#9984 = ORIENTED_EDGE('',*,*,#9952,.T.);
#9985 = PLANE('',#9986);
#9986 = AXIS2_PLACEMENT_3D('',#9987,#9988,#9989);
#9987 = CARTESIAN_POINT('',(-6.5,0.,115.));
#9988 = DIRECTION('',(1.,0.,0.));
#9989 = DIRECTION('',(-0.,0.,1.));
#9990 = ADVANCED_FACE('',(#9991),#9994,.F.);
#9991 = FACE_BOUND('',#9992,.T.);
#9992 = EDGE_LOOP('',(#9993));
#9993 = ORIENTED_EDGE('',*,*,#9969,.F.);
#9994 = PLANE('',#9995);
#9995 = AXIS2_PLACEMENT_3D('',#9996,#9997,#9998);
#9996 = CARTESIAN_POINT('',(-13.5,0.,115.));
#9997 = DIRECTION('',(1.,0.,0.));
#9998 = DIRECTION('',(-0.,0.,1.));
#9999 = MANIFOLD_SOLID_BREP('',#10000);
#10000 = CLOSED_SHELL('',(#10001,#10052,#10083,#10116,#10140,#10164,
    #10189,#10209,#10234,#10258,#10276));
#10001 = ADVANCED_FACE('',(#10002,#10036),#10047,.F.);
#10002 = FACE_BOUND('',#10003,.F.);
#10003 = EDGE_LOOP('',(#10004,#10014,#10022,#10030));
#10004 = ORIENTED_EDGE('',*,*,#10005,.F.);
#10005 = EDGE_CURVE('',#10006,#10008,#10010,.T.);
#10006 = VERTEX_POINT('',#10007);
#10007 = CARTESIAN_POINT('',(-70.,-32.,8.));
#10008 = VERTEX_POINT('',#10009);
#10009 = CARTESIAN_POINT('',(-70.,-32.,143.));
#10010 = LINE('',#10011,#10012);
#10011 = CARTESIAN_POINT('',(-70.,-32.,8.));
#10012 = VECTOR('',#10013,1.);
#10013 = DIRECTION('',(0.,0.,1.));
#10014 = ORIENTED_EDGE('',*,*,#10015,.T.);
#10015 = EDGE_CURVE('',#10006,#10016,#10018,.T.);
#10016 = VERTEX_POINT('',#10017);
#10017 = CARTESIAN_POINT('',(-70.,32.,8.));
#10018 = LINE('',#10019,#10020);
#10019 = CARTESIAN_POINT('',(-70.,-32.,8.));
#10020 = VECTOR('',#10021,1.);
#10021 = DIRECTION('',(-0.,1.,0.));
#10022 = ORIENTED_EDGE('',*,*,#10023,.T.);
#10023 = EDGE_CURVE('',#10016,#10024,#10026,.T.);
#10024 = VERTEX_POINT('',#10025);
#10025 = CARTESIAN_POINT('',(-70.,32.,143.));
#10026 = LINE('',#10027,#10028);
#10027 = CARTESIAN_POINT('',(-70.,32.,8.));
#10028 = VECTOR('',#10029,1.);
#10029 = DIRECTION('',(0.,0.,1.));
#10030 = ORIENTED_EDGE('',*,*,#10031,.F.);
#10031 = EDGE_CURVE('',#10008,#10024,#10032,.T.);
#10032 = LINE('',#10033,#10034);
#10033 = CARTESIAN_POINT('',(-70.,-32.,143.));
#10034 = VECTOR('',#10035,1.);
#10035 = DIRECTION('',(-0.,1.,0.));
#10036 = FACE_BOUND('',#10037,.F.);
#10037 = EDGE_LOOP('',(#10038));
#10038 = ORIENTED_EDGE('',*,*,#10039,.F.);
#10039 = EDGE_CURVE('',#10040,#10040,#10042,.T.);
#10040 = VERTEX_POINT('',#10041);
#10041 = CARTESIAN_POINT('',(-70.,2.694222958124E-15,126.));
#10042 = CIRCLE('',#10043,11.);
#10043 = AXIS2_PLACEMENT_3D('',#10044,#10045,#10046);
#10044 = CARTESIAN_POINT('',(-70.,0.,115.));
#10045 = DIRECTION('',(1.,0.,0.));
#10046 = DIRECTION('',(-0.,0.,1.));
#10047 = PLANE('',#10048);
#10048 = AXIS2_PLACEMENT_3D('',#10049,#10050,#10051);
#10049 = CARTESIAN_POINT('',(-70.,-32.,8.));
#10050 = DIRECTION('',(1.,0.,-0.));
#10051 = DIRECTION('',(0.,0.,1.));
#10052 = ADVANCED_FACE('',(#10053),#10078,.F.);
#10053 = FACE_BOUND('',#10054,.F.);
#10054 = EDGE_LOOP('',(#10055,#10065,#10071,#10072));
#10055 = ORIENTED_EDGE('',*,*,#10056,.F.);
#10056 = EDGE_CURVE('',#10057,#10059,#10061,.T.);
#10057 = VERTEX_POINT('',#10058);
#10058 = CARTESIAN_POINT('',(-50.,-32.,8.));
#10059 = VERTEX_POINT('',#10060);
#10060 = CARTESIAN_POINT('',(-50.,-32.,143.));
#10061 = LINE('',#10062,#10063);
#10062 = CARTESIAN_POINT('',(-50.,-32.,8.));
#10063 = VECTOR('',#10064,1.);
#10064 = DIRECTION('',(0.,0.,1.));
#10065 = ORIENTED_EDGE('',*,*,#10066,.F.);
#10066 = EDGE_CURVE('',#10006,#10057,#10067,.T.);
#10067 = LINE('',#10068,#10069);
#10068 = CARTESIAN_POINT('',(-70.,-32.,8.));
#10069 = VECTOR('',#10070,1.);
#10070 = DIRECTION('',(1.,0.,-0.));
#10071 = ORIENTED_EDGE('',*,*,#10005,.T.);
#10072 = ORIENTED_EDGE('',*,*,#10073,.T.);
#10073 = EDGE_CURVE('',#10008,#10059,#10074,.T.);
#10074 = LINE('',#10075,#10076);
#10075 = CARTESIAN_POINT('',(-70.,-32.,143.));
#10076 = VECTOR('',#10077,1.);
#10077 = DIRECTION('',(1.,0.,-0.));
#10078 = PLANE('',#10079);
#10079 = AXIS2_PLACEMENT_3D('',#10080,#10081,#10082);
#10080 = CARTESIAN_POINT('',(-70.,-32.,8.));
#10081 = DIRECTION('',(-0.,1.,0.));
#10082 = DIRECTION('',(0.,0.,1.));
#10083 = ADVANCED_FACE('',(#10084),#10111,.T.);
#10084 = FACE_BOUND('',#10085,.T.);
#10085 = EDGE_LOOP('',(#10086,#10095,#10103,#10110));
#10086 = ORIENTED_EDGE('',*,*,#10087,.T.);
#10087 = EDGE_CURVE('',#10008,#10088,#10090,.T.);
#10088 = VERTEX_POINT('',#10089);
#10089 = CARTESIAN_POINT('',(-64.,-26.,149.));
#10090 = ELLIPSE('',#10091,8.485281374239,6.);
#10091 = AXIS2_PLACEMENT_3D('',#10092,#10093,#10094);
#10092 = CARTESIAN_POINT('',(-64.,-26.,143.));
#10093 = DIRECTION('',(-0.707106781187,0.707106781187,0.));
#10094 = DIRECTION('',(0.707106781187,0.707106781187,0.));
#10095 = ORIENTED_EDGE('',*,*,#10096,.T.);
#10096 = EDGE_CURVE('',#10088,#10097,#10099,.T.);
#10097 = VERTEX_POINT('',#10098);
#10098 = CARTESIAN_POINT('',(-64.,26.,149.));
#10099 = LINE('',#10100,#10101);
#10100 = CARTESIAN_POINT('',(-64.,-32.,149.));
#10101 = VECTOR('',#10102,1.);
#10102 = DIRECTION('',(-0.,1.,0.));
#10103 = ORIENTED_EDGE('',*,*,#10104,.F.);
#10104 = EDGE_CURVE('',#10024,#10097,#10105,.T.);
#10105 = ELLIPSE('',#10106,8.485281374239,6.);
#10106 = AXIS2_PLACEMENT_3D('',#10107,#10108,#10109);
#10107 = CARTESIAN_POINT('',(-64.,26.,143.));
#10108 = DIRECTION('',(0.707106781187,0.707106781187,0.));
#10109 = DIRECTION('',(-0.707106781187,0.707106781187,0.));
#10110 = ORIENTED_EDGE('',*,*,#10031,.F.);
#10111 = CYLINDRICAL_SURFACE('',#10112,6.);
#10112 = AXIS2_PLACEMENT_3D('',#10113,#10114,#10115);
#10113 = CARTESIAN_POINT('',(-64.,-32.,143.));
#10114 = DIRECTION('',(-0.,1.,0.));
#10115 = DIRECTION('',(-1.,-0.,0.));
#10116 = ADVANCED_FACE('',(#10117),#10135,.F.);
#10117 = FACE_BOUND('',#10118,.F.);
#10118 = EDGE_LOOP('',(#10119,#10120,#10121,#10129));
#10119 = ORIENTED_EDGE('',*,*,#10015,.F.);
#10120 = ORIENTED_EDGE('',*,*,#10066,.T.);
#10121 = ORIENTED_EDGE('',*,*,#10122,.T.);
#10122 = EDGE_CURVE('',#10057,#10123,#10125,.T.);
#10123 = VERTEX_POINT('',#10124);
#10124 = CARTESIAN_POINT('',(-50.,32.,8.));
#10125 = LINE('',#10126,#10127);
#10126 = CARTESIAN_POINT('',(-50.,-32.,8.));
#10127 = VECTOR('',#10128,1.);
#10128 = DIRECTION('',(-0.,1.,0.));
#10129 = ORIENTED_EDGE('',*,*,#10130,.F.);
#10130 = EDGE_CURVE('',#10016,#10123,#10131,.T.);
#10131 = LINE('',#10132,#10133);
#10132 = CARTESIAN_POINT('',(-70.,32.,8.));
#10133 = VECTOR('',#10134,1.);
#10134 = DIRECTION('',(1.,0.,-0.));
#10135 = PLANE('',#10136);
#10136 = AXIS2_PLACEMENT_3D('',#10137,#10138,#10139);
#10137 = CARTESIAN_POINT('',(-70.,-32.,8.));
#10138 = DIRECTION('',(0.,0.,1.));
#10139 = DIRECTION('',(1.,0.,-0.));
#10140 = ADVANCED_FACE('',(#10141),#10159,.T.);
#10141 = FACE_BOUND('',#10142,.T.);
#10142 = EDGE_LOOP('',(#10143,#10151,#10152,#10153));
#10143 = ORIENTED_EDGE('',*,*,#10144,.F.);
#10144 = EDGE_CURVE('',#10123,#10145,#10147,.T.);
#10145 = VERTEX_POINT('',#10146);
#10146 = CARTESIAN_POINT('',(-50.,32.,143.));
#10147 = LINE('',#10148,#10149);
#10148 = CARTESIAN_POINT('',(-50.,32.,8.));
#10149 = VECTOR('',#10150,1.);
#10150 = DIRECTION('',(0.,0.,1.));
#10151 = ORIENTED_EDGE('',*,*,#10130,.F.);
#10152 = ORIENTED_EDGE('',*,*,#10023,.T.);
#10153 = ORIENTED_EDGE('',*,*,#10154,.T.);
#10154 = EDGE_CURVE('',#10024,#10145,#10155,.T.);
#10155 = LINE('',#10156,#10157);
#10156 = CARTESIAN_POINT('',(-70.,32.,143.));
#10157 = VECTOR('',#10158,1.);
#10158 = DIRECTION('',(1.,0.,-0.));
#10159 = PLANE('',#10160);
#10160 = AXIS2_PLACEMENT_3D('',#10161,#10162,#10163);
#10161 = CARTESIAN_POINT('',(-70.,32.,8.));
#10162 = DIRECTION('',(-0.,1.,0.));
#10163 = DIRECTION('',(0.,0.,1.));
#10164 = ADVANCED_FACE('',(#10165),#10184,.F.);
#10165 = FACE_BOUND('',#10166,.F.);
#10166 = EDGE_LOOP('',(#10167,#10176,#10182,#10183));
#10167 = ORIENTED_EDGE('',*,*,#10168,.F.);
#10168 = EDGE_CURVE('',#10169,#10169,#10171,.T.);
#10169 = VERTEX_POINT('',#10170);
#10170 = CARTESIAN_POINT('',(-50.,2.694222958124E-15,126.));
#10171 = CIRCLE('',#10172,11.);
#10172 = AXIS2_PLACEMENT_3D('',#10173,#10174,#10175);
#10173 = CARTESIAN_POINT('',(-50.,0.,115.));
#10174 = DIRECTION('',(1.,0.,0.));
#10175 = DIRECTION('',(-0.,0.,1.));
#10176 = ORIENTED_EDGE('',*,*,#10177,.F.);
#10177 = EDGE_CURVE('',#10040,#10169,#10178,.T.);
#10178 = LINE('',#10179,#10180);
#10179 = CARTESIAN_POINT('',(-72.,2.694222958124E-15,126.));
#10180 = VECTOR('',#10181,1.);
#10181 = DIRECTION('',(1.,0.,0.));
#10182 = ORIENTED_EDGE('',*,*,#10039,.T.);
#10183 = ORIENTED_EDGE('',*,*,#10177,.T.);
#10184 = CYLINDRICAL_SURFACE('',#10185,11.);
#10185 = AXIS2_PLACEMENT_3D('',#10186,#10187,#10188);
#10186 = CARTESIAN_POINT('',(-72.,0.,115.));
#10187 = DIRECTION('',(1.,0.,0.));
#10188 = DIRECTION('',(-0.,0.,1.));
#10189 = ADVANCED_FACE('',(#10190,#10201),#10204,.T.);
#10190 = FACE_BOUND('',#10191,.T.);
#10191 = EDGE_LOOP('',(#10192,#10193,#10194,#10195));
#10192 = ORIENTED_EDGE('',*,*,#10056,.F.);
#10193 = ORIENTED_EDGE('',*,*,#10122,.T.);
#10194 = ORIENTED_EDGE('',*,*,#10144,.T.);
#10195 = ORIENTED_EDGE('',*,*,#10196,.F.);
#10196 = EDGE_CURVE('',#10059,#10145,#10197,.T.);
#10197 = LINE('',#10198,#10199);
#10198 = CARTESIAN_POINT('',(-50.,-32.,143.));
#10199 = VECTOR('',#10200,1.);
#10200 = DIRECTION('',(-0.,1.,0.));
#10201 = FACE_BOUND('',#10202,.T.);
#10202 = EDGE_LOOP('',(#10203));
#10203 = ORIENTED_EDGE('',*,*,#10168,.F.);
#10204 = PLANE('',#10205);
#10205 = AXIS2_PLACEMENT_3D('',#10206,#10207,#10208);
#10206 = CARTESIAN_POINT('',(-50.,-32.,8.));
#10207 = DIRECTION('',(1.,0.,-0.));
#10208 = DIRECTION('',(0.,0.,1.));
#10209 = ADVANCED_FACE('',(#10210),#10229,.T.);
#10210 = FACE_BOUND('',#10211,.F.);
#10211 = EDGE_LOOP('',(#10212,#10213,#10221,#10228));
#10212 = ORIENTED_EDGE('',*,*,#10087,.T.);
#10213 = ORIENTED_EDGE('',*,*,#10214,.T.);
#10214 = EDGE_CURVE('',#10088,#10215,#10217,.T.);
#10215 = VERTEX_POINT('',#10216);
#10216 = CARTESIAN_POINT('',(-56.,-26.,149.));
#10217 = LINE('',#10218,#10219);
#10218 = CARTESIAN_POINT('',(-70.,-26.,149.));
#10219 = VECTOR('',#10220,1.);
#10220 = DIRECTION('',(1.,0.,-0.));
#10221 = ORIENTED_EDGE('',*,*,#10222,.F.);
#10222 = EDGE_CURVE('',#10059,#10215,#10223,.T.);
#10223 = ELLIPSE('',#10224,8.485281374239,6.);
#10224 = AXIS2_PLACEMENT_3D('',#10225,#10226,#10227);
#10225 = CARTESIAN_POINT('',(-56.,-26.,143.));
#10226 = DIRECTION('',(-0.707106781187,-0.707106781187,0.));
#10227 = DIRECTION('',(0.707106781187,-0.707106781187,0.));
#10228 = ORIENTED_EDGE('',*,*,#10073,.F.);
#10229 = CYLINDRICAL_SURFACE('',#10230,6.);
#10230 = AXIS2_PLACEMENT_3D('',#10231,#10232,#10233);
#10231 = CARTESIAN_POINT('',(-70.,-26.,143.));
#10232 = DIRECTION('',(1.,0.,-0.));
#10233 = DIRECTION('',(0.,-1.,0.));
#10234 = ADVANCED_FACE('',(#10235),#10253,.T.);
#10235 = FACE_BOUND('',#10236,.T.);
#10236 = EDGE_LOOP('',(#10237,#10238,#10239,#10247));
#10237 = ORIENTED_EDGE('',*,*,#10096,.F.);
#10238 = ORIENTED_EDGE('',*,*,#10214,.T.);
#10239 = ORIENTED_EDGE('',*,*,#10240,.T.);
#10240 = EDGE_CURVE('',#10215,#10241,#10243,.T.);
#10241 = VERTEX_POINT('',#10242);
#10242 = CARTESIAN_POINT('',(-56.,26.,149.));
#10243 = LINE('',#10244,#10245);
#10244 = CARTESIAN_POINT('',(-56.,-32.,149.));
#10245 = VECTOR('',#10246,1.);
#10246 = DIRECTION('',(-0.,1.,0.));
#10247 = ORIENTED_EDGE('',*,*,#10248,.F.);
#10248 = EDGE_CURVE('',#10097,#10241,#10249,.T.);
#10249 = LINE('',#10250,#10251);
#10250 = CARTESIAN_POINT('',(-70.,26.,149.));
#10251 = VECTOR('',#10252,1.);
#10252 = DIRECTION('',(1.,0.,-0.));
#10253 = PLANE('',#10254);
#10254 = AXIS2_PLACEMENT_3D('',#10255,#10256,#10257);
#10255 = CARTESIAN_POINT('',(-70.,-32.,149.));
#10256 = DIRECTION('',(0.,0.,1.));
#10257 = DIRECTION('',(1.,0.,-0.));
#10258 = ADVANCED_FACE('',(#10259),#10271,.T.);
#10259 = FACE_BOUND('',#10260,.F.);
#10260 = EDGE_LOOP('',(#10261,#10262,#10263,#10270));
#10261 = ORIENTED_EDGE('',*,*,#10104,.F.);
#10262 = ORIENTED_EDGE('',*,*,#10154,.T.);
#10263 = ORIENTED_EDGE('',*,*,#10264,.F.);
#10264 = EDGE_CURVE('',#10241,#10145,#10265,.T.);
#10265 = ELLIPSE('',#10266,8.485281374239,6.);
#10266 = AXIS2_PLACEMENT_3D('',#10267,#10268,#10269);
#10267 = CARTESIAN_POINT('',(-56.,26.,143.));
#10268 = DIRECTION('',(-0.707106781187,0.707106781187,0.));
#10269 = DIRECTION('',(0.707106781187,0.707106781187,0.));
#10270 = ORIENTED_EDGE('',*,*,#10248,.F.);
#10271 = CYLINDRICAL_SURFACE('',#10272,6.);
#10272 = AXIS2_PLACEMENT_3D('',#10273,#10274,#10275);
#10273 = CARTESIAN_POINT('',(-70.,26.,143.));
#10274 = DIRECTION('',(1.,0.,-0.));
#10275 = DIRECTION('',(0.,0.,1.));
#10276 = ADVANCED_FACE('',(#10277),#10283,.T.);
#10277 = FACE_BOUND('',#10278,.T.);
#10278 = EDGE_LOOP('',(#10279,#10280,#10281,#10282));
#10279 = ORIENTED_EDGE('',*,*,#10222,.F.);
#10280 = ORIENTED_EDGE('',*,*,#10196,.T.);
#10281 = ORIENTED_EDGE('',*,*,#10264,.F.);
#10282 = ORIENTED_EDGE('',*,*,#10240,.F.);
#10283 = CYLINDRICAL_SURFACE('',#10284,6.);
#10284 = AXIS2_PLACEMENT_3D('',#10285,#10286,#10287);
#10285 = CARTESIAN_POINT('',(-56.,-32.,143.));
#10286 = DIRECTION('',(-0.,1.,0.));
#10287 = DIRECTION('',(0.,0.,1.));
#10288 = MANIFOLD_SOLID_BREP('',#10289);
#10289 = CLOSED_SHELL('',(#10290,#10341,#10372,#10405,#10429,#10453,
    #10478,#10498,#10523,#10547,#10565));
#10290 = ADVANCED_FACE('',(#10291,#10325),#10336,.F.);
#10291 = FACE_BOUND('',#10292,.F.);
#10292 = EDGE_LOOP('',(#10293,#10303,#10311,#10319));
#10293 = ORIENTED_EDGE('',*,*,#10294,.F.);
#10294 = EDGE_CURVE('',#10295,#10297,#10299,.T.);
#10295 = VERTEX_POINT('',#10296);
#10296 = CARTESIAN_POINT('',(-20.,-32.,8.));
#10297 = VERTEX_POINT('',#10298);
#10298 = CARTESIAN_POINT('',(-20.,-32.,143.));
#10299 = LINE('',#10300,#10301);
#10300 = CARTESIAN_POINT('',(-20.,-32.,8.));
#10301 = VECTOR('',#10302,1.);
#10302 = DIRECTION('',(0.,0.,1.));
#10303 = ORIENTED_EDGE('',*,*,#10304,.T.);
#10304 = EDGE_CURVE('',#10295,#10305,#10307,.T.);
#10305 = VERTEX_POINT('',#10306);
#10306 = CARTESIAN_POINT('',(-20.,32.,8.));
#10307 = LINE('',#10308,#10309);
#10308 = CARTESIAN_POINT('',(-20.,-32.,8.));
#10309 = VECTOR('',#10310,1.);
#10310 = DIRECTION('',(-0.,1.,0.));
#10311 = ORIENTED_EDGE('',*,*,#10312,.T.);
#10312 = EDGE_CURVE('',#10305,#10313,#10315,.T.);
#10313 = VERTEX_POINT('',#10314);
#10314 = CARTESIAN_POINT('',(-20.,32.,143.));
#10315 = LINE('',#10316,#10317);
#10316 = CARTESIAN_POINT('',(-20.,32.,8.));
#10317 = VECTOR('',#10318,1.);
#10318 = DIRECTION('',(0.,0.,1.));
#10319 = ORIENTED_EDGE('',*,*,#10320,.F.);
#10320 = EDGE_CURVE('',#10297,#10313,#10321,.T.);
#10321 = LINE('',#10322,#10323);
#10322 = CARTESIAN_POINT('',(-20.,-32.,143.));
#10323 = VECTOR('',#10324,1.);
#10324 = DIRECTION('',(-0.,1.,0.));
#10325 = FACE_BOUND('',#10326,.F.);
#10326 = EDGE_LOOP('',(#10327));
#10327 = ORIENTED_EDGE('',*,*,#10328,.F.);
#10328 = EDGE_CURVE('',#10329,#10329,#10331,.T.);
#10329 = VERTEX_POINT('',#10330);
#10330 = CARTESIAN_POINT('',(-20.,2.694222958124E-15,126.));
#10331 = CIRCLE('',#10332,11.);
#10332 = AXIS2_PLACEMENT_3D('',#10333,#10334,#10335);
#10333 = CARTESIAN_POINT('',(-20.,0.,115.));
#10334 = DIRECTION('',(1.,0.,0.));
#10335 = DIRECTION('',(-0.,0.,1.));
#10336 = PLANE('',#10337);
#10337 = AXIS2_PLACEMENT_3D('',#10338,#10339,#10340);
#10338 = CARTESIAN_POINT('',(-20.,-32.,8.));
#10339 = DIRECTION('',(1.,0.,-0.));
#10340 = DIRECTION('',(0.,0.,1.));
#10341 = ADVANCED_FACE('',(#10342),#10367,.F.);
#10342 = FACE_BOUND('',#10343,.F.);
#10343 = EDGE_LOOP('',(#10344,#10354,#10360,#10361));
#10344 = ORIENTED_EDGE('',*,*,#10345,.F.);
#10345 = EDGE_CURVE('',#10346,#10348,#10350,.T.);
#10346 = VERTEX_POINT('',#10347);
#10347 = CARTESIAN_POINT('',(0.,-32.,8.));
#10348 = VERTEX_POINT('',#10349);
#10349 = CARTESIAN_POINT('',(0.,-32.,143.));
#10350 = LINE('',#10351,#10352);
#10351 = CARTESIAN_POINT('',(0.,-32.,8.));
#10352 = VECTOR('',#10353,1.);
#10353 = DIRECTION('',(0.,0.,1.));
#10354 = ORIENTED_EDGE('',*,*,#10355,.F.);
#10355 = EDGE_CURVE('',#10295,#10346,#10356,.T.);
#10356 = LINE('',#10357,#10358);
#10357 = CARTESIAN_POINT('',(-20.,-32.,8.));
#10358 = VECTOR('',#10359,1.);
#10359 = DIRECTION('',(1.,0.,-0.));
#10360 = ORIENTED_EDGE('',*,*,#10294,.T.);
#10361 = ORIENTED_EDGE('',*,*,#10362,.T.);
#10362 = EDGE_CURVE('',#10297,#10348,#10363,.T.);
#10363 = LINE('',#10364,#10365);
#10364 = CARTESIAN_POINT('',(-20.,-32.,143.));
#10365 = VECTOR('',#10366,1.);
#10366 = DIRECTION('',(1.,0.,-0.));
#10367 = PLANE('',#10368);
#10368 = AXIS2_PLACEMENT_3D('',#10369,#10370,#10371);
#10369 = CARTESIAN_POINT('',(-20.,-32.,8.));
#10370 = DIRECTION('',(-0.,1.,0.));
#10371 = DIRECTION('',(0.,0.,1.));
#10372 = ADVANCED_FACE('',(#10373),#10400,.T.);
#10373 = FACE_BOUND('',#10374,.T.);
#10374 = EDGE_LOOP('',(#10375,#10384,#10392,#10399));
#10375 = ORIENTED_EDGE('',*,*,#10376,.T.);
#10376 = EDGE_CURVE('',#10297,#10377,#10379,.T.);
#10377 = VERTEX_POINT('',#10378);
#10378 = CARTESIAN_POINT('',(-14.,-26.,149.));
#10379 = ELLIPSE('',#10380,8.485281374239,6.);
#10380 = AXIS2_PLACEMENT_3D('',#10381,#10382,#10383);
#10381 = CARTESIAN_POINT('',(-14.,-26.,143.));
#10382 = DIRECTION('',(-0.707106781187,0.707106781187,0.));
#10383 = DIRECTION('',(0.707106781187,0.707106781187,0.));
#10384 = ORIENTED_EDGE('',*,*,#10385,.T.);
#10385 = EDGE_CURVE('',#10377,#10386,#10388,.T.);
#10386 = VERTEX_POINT('',#10387);
#10387 = CARTESIAN_POINT('',(-14.,26.,149.));
#10388 = LINE('',#10389,#10390);
#10389 = CARTESIAN_POINT('',(-14.,-32.,149.));
#10390 = VECTOR('',#10391,1.);
#10391 = DIRECTION('',(-0.,1.,0.));
#10392 = ORIENTED_EDGE('',*,*,#10393,.F.);
#10393 = EDGE_CURVE('',#10313,#10386,#10394,.T.);
#10394 = ELLIPSE('',#10395,8.485281374239,6.);
#10395 = AXIS2_PLACEMENT_3D('',#10396,#10397,#10398);
#10396 = CARTESIAN_POINT('',(-14.,26.,143.));
#10397 = DIRECTION('',(0.707106781187,0.707106781187,0.));
#10398 = DIRECTION('',(-0.707106781187,0.707106781187,0.));
#10399 = ORIENTED_EDGE('',*,*,#10320,.F.);
#10400 = CYLINDRICAL_SURFACE('',#10401,6.);
#10401 = AXIS2_PLACEMENT_3D('',#10402,#10403,#10404);
#10402 = CARTESIAN_POINT('',(-14.,-32.,143.));
#10403 = DIRECTION('',(-0.,1.,0.));
#10404 = DIRECTION('',(-1.,-0.,0.));
#10405 = ADVANCED_FACE('',(#10406),#10424,.F.);
#10406 = FACE_BOUND('',#10407,.F.);
#10407 = EDGE_LOOP('',(#10408,#10409,#10410,#10418));
#10408 = ORIENTED_EDGE('',*,*,#10304,.F.);
#10409 = ORIENTED_EDGE('',*,*,#10355,.T.);
#10410 = ORIENTED_EDGE('',*,*,#10411,.T.);
#10411 = EDGE_CURVE('',#10346,#10412,#10414,.T.);
#10412 = VERTEX_POINT('',#10413);
#10413 = CARTESIAN_POINT('',(0.,32.,8.));
#10414 = LINE('',#10415,#10416);
#10415 = CARTESIAN_POINT('',(0.,-32.,8.));
#10416 = VECTOR('',#10417,1.);
#10417 = DIRECTION('',(-0.,1.,0.));
#10418 = ORIENTED_EDGE('',*,*,#10419,.F.);
#10419 = EDGE_CURVE('',#10305,#10412,#10420,.T.);
#10420 = LINE('',#10421,#10422);
#10421 = CARTESIAN_POINT('',(-20.,32.,8.));
#10422 = VECTOR('',#10423,1.);
#10423 = DIRECTION('',(1.,0.,-0.));
#10424 = PLANE('',#10425);
#10425 = AXIS2_PLACEMENT_3D('',#10426,#10427,#10428);
#10426 = CARTESIAN_POINT('',(-20.,-32.,8.));
#10427 = DIRECTION('',(0.,0.,1.));
#10428 = DIRECTION('',(1.,0.,-0.));
#10429 = ADVANCED_FACE('',(#10430),#10448,.T.);
#10430 = FACE_BOUND('',#10431,.T.);
#10431 = EDGE_LOOP('',(#10432,#10440,#10441,#10442));
#10432 = ORIENTED_EDGE('',*,*,#10433,.F.);
#10433 = EDGE_CURVE('',#10412,#10434,#10436,.T.);
#10434 = VERTEX_POINT('',#10435);
#10435 = CARTESIAN_POINT('',(0.,32.,143.));
#10436 = LINE('',#10437,#10438);
#10437 = CARTESIAN_POINT('',(0.,32.,8.));
#10438 = VECTOR('',#10439,1.);
#10439 = DIRECTION('',(0.,0.,1.));
#10440 = ORIENTED_EDGE('',*,*,#10419,.F.);
#10441 = ORIENTED_EDGE('',*,*,#10312,.T.);
#10442 = ORIENTED_EDGE('',*,*,#10443,.T.);
#10443 = EDGE_CURVE('',#10313,#10434,#10444,.T.);
#10444 = LINE('',#10445,#10446);
#10445 = CARTESIAN_POINT('',(-20.,32.,143.));
#10446 = VECTOR('',#10447,1.);
#10447 = DIRECTION('',(1.,0.,-0.));
#10448 = PLANE('',#10449);
#10449 = AXIS2_PLACEMENT_3D('',#10450,#10451,#10452);
#10450 = CARTESIAN_POINT('',(-20.,32.,8.));
#10451 = DIRECTION('',(-0.,1.,0.));
#10452 = DIRECTION('',(0.,0.,1.));
#10453 = ADVANCED_FACE('',(#10454),#10473,.F.);
#10454 = FACE_BOUND('',#10455,.F.);
#10455 = EDGE_LOOP('',(#10456,#10465,#10471,#10472));
#10456 = ORIENTED_EDGE('',*,*,#10457,.F.);
#10457 = EDGE_CURVE('',#10458,#10458,#10460,.T.);
#10458 = VERTEX_POINT('',#10459);
#10459 = CARTESIAN_POINT('',(0.,2.694222958124E-15,126.));
#10460 = CIRCLE('',#10461,11.);
#10461 = AXIS2_PLACEMENT_3D('',#10462,#10463,#10464);
#10462 = CARTESIAN_POINT('',(0.,0.,115.));
#10463 = DIRECTION('',(1.,0.,0.));
#10464 = DIRECTION('',(-0.,0.,1.));
#10465 = ORIENTED_EDGE('',*,*,#10466,.F.);
#10466 = EDGE_CURVE('',#10329,#10458,#10467,.T.);
#10467 = LINE('',#10468,#10469);
#10468 = CARTESIAN_POINT('',(-22.,2.694222958124E-15,126.));
#10469 = VECTOR('',#10470,1.);
#10470 = DIRECTION('',(1.,0.,0.));
#10471 = ORIENTED_EDGE('',*,*,#10328,.T.);
#10472 = ORIENTED_EDGE('',*,*,#10466,.T.);
#10473 = CYLINDRICAL_SURFACE('',#10474,11.);
#10474 = AXIS2_PLACEMENT_3D('',#10475,#10476,#10477);
#10475 = CARTESIAN_POINT('',(-22.,0.,115.));
#10476 = DIRECTION('',(1.,0.,0.));
#10477 = DIRECTION('',(-0.,0.,1.));
#10478 = ADVANCED_FACE('',(#10479,#10490),#10493,.T.);
#10479 = FACE_BOUND('',#10480,.T.);
#10480 = EDGE_LOOP('',(#10481,#10482,#10483,#10484));
#10481 = ORIENTED_EDGE('',*,*,#10345,.F.);
#10482 = ORIENTED_EDGE('',*,*,#10411,.T.);
#10483 = ORIENTED_EDGE('',*,*,#10433,.T.);
#10484 = ORIENTED_EDGE('',*,*,#10485,.F.);
#10485 = EDGE_CURVE('',#10348,#10434,#10486,.T.);
#10486 = LINE('',#10487,#10488);
#10487 = CARTESIAN_POINT('',(8.881784197001E-16,-32.,143.));
#10488 = VECTOR('',#10489,1.);
#10489 = DIRECTION('',(-0.,1.,0.));
#10490 = FACE_BOUND('',#10491,.T.);
#10491 = EDGE_LOOP('',(#10492));
#10492 = ORIENTED_EDGE('',*,*,#10457,.F.);
#10493 = PLANE('',#10494);
#10494 = AXIS2_PLACEMENT_3D('',#10495,#10496,#10497);
#10495 = CARTESIAN_POINT('',(0.,-32.,8.));
#10496 = DIRECTION('',(1.,0.,-0.));
#10497 = DIRECTION('',(0.,0.,1.));
#10498 = ADVANCED_FACE('',(#10499),#10518,.T.);
#10499 = FACE_BOUND('',#10500,.F.);
#10500 = EDGE_LOOP('',(#10501,#10502,#10510,#10517));
#10501 = ORIENTED_EDGE('',*,*,#10376,.T.);
#10502 = ORIENTED_EDGE('',*,*,#10503,.T.);
#10503 = EDGE_CURVE('',#10377,#10504,#10506,.T.);
#10504 = VERTEX_POINT('',#10505);
#10505 = CARTESIAN_POINT('',(-6.,-26.,149.));
#10506 = LINE('',#10507,#10508);
#10507 = CARTESIAN_POINT('',(-20.,-26.,149.));
#10508 = VECTOR('',#10509,1.);
#10509 = DIRECTION('',(1.,0.,-0.));
#10510 = ORIENTED_EDGE('',*,*,#10511,.F.);
#10511 = EDGE_CURVE('',#10348,#10504,#10512,.T.);
#10512 = ELLIPSE('',#10513,8.485281374239,6.);
#10513 = AXIS2_PLACEMENT_3D('',#10514,#10515,#10516);
#10514 = CARTESIAN_POINT('',(-6.,-26.,143.));
#10515 = DIRECTION('',(-0.707106781187,-0.707106781187,0.));
#10516 = DIRECTION('',(0.707106781187,-0.707106781187,0.));
#10517 = ORIENTED_EDGE('',*,*,#10362,.F.);
#10518 = CYLINDRICAL_SURFACE('',#10519,6.);
#10519 = AXIS2_PLACEMENT_3D('',#10520,#10521,#10522);
#10520 = CARTESIAN_POINT('',(-20.,-26.,143.));
#10521 = DIRECTION('',(1.,0.,-0.));
#10522 = DIRECTION('',(0.,-1.,0.));
#10523 = ADVANCED_FACE('',(#10524),#10542,.T.);
#10524 = FACE_BOUND('',#10525,.T.);
#10525 = EDGE_LOOP('',(#10526,#10527,#10528,#10536));
#10526 = ORIENTED_EDGE('',*,*,#10385,.F.);
#10527 = ORIENTED_EDGE('',*,*,#10503,.T.);
#10528 = ORIENTED_EDGE('',*,*,#10529,.T.);
#10529 = EDGE_CURVE('',#10504,#10530,#10532,.T.);
#10530 = VERTEX_POINT('',#10531);
#10531 = CARTESIAN_POINT('',(-6.,26.,149.));
#10532 = LINE('',#10533,#10534);
#10533 = CARTESIAN_POINT('',(-6.,-32.,149.));
#10534 = VECTOR('',#10535,1.);
#10535 = DIRECTION('',(-0.,1.,0.));
#10536 = ORIENTED_EDGE('',*,*,#10537,.F.);
#10537 = EDGE_CURVE('',#10386,#10530,#10538,.T.);
#10538 = LINE('',#10539,#10540);
#10539 = CARTESIAN_POINT('',(-20.,26.,149.));
#10540 = VECTOR('',#10541,1.);
#10541 = DIRECTION('',(1.,0.,-0.));
#10542 = PLANE('',#10543);
#10543 = AXIS2_PLACEMENT_3D('',#10544,#10545,#10546);
#10544 = CARTESIAN_POINT('',(-20.,-32.,149.));
#10545 = DIRECTION('',(0.,0.,1.));
#10546 = DIRECTION('',(1.,0.,-0.));
#10547 = ADVANCED_FACE('',(#10548),#10560,.T.);
#10548 = FACE_BOUND('',#10549,.F.);
#10549 = EDGE_LOOP('',(#10550,#10551,#10552,#10559));
#10550 = ORIENTED_EDGE('',*,*,#10393,.F.);
#10551 = ORIENTED_EDGE('',*,*,#10443,.T.);
#10552 = ORIENTED_EDGE('',*,*,#10553,.F.);
#10553 = EDGE_CURVE('',#10530,#10434,#10554,.T.);
#10554 = ELLIPSE('',#10555,8.485281374239,6.);
#10555 = AXIS2_PLACEMENT_3D('',#10556,#10557,#10558);
#10556 = CARTESIAN_POINT('',(-6.,26.,143.));
#10557 = DIRECTION('',(-0.707106781187,0.707106781187,0.));
#10558 = DIRECTION('',(0.707106781187,0.707106781187,0.));
#10559 = ORIENTED_EDGE('',*,*,#10537,.F.);
#10560 = CYLINDRICAL_SURFACE('',#10561,6.);
#10561 = AXIS2_PLACEMENT_3D('',#10562,#10563,#10564);
#10562 = CARTESIAN_POINT('',(-20.,26.,143.));
#10563 = DIRECTION('',(1.,0.,-0.));
#10564 = DIRECTION('',(0.,0.,1.));
#10565 = ADVANCED_FACE('',(#10566),#10572,.T.);
#10566 = FACE_BOUND('',#10567,.T.);
#10567 = EDGE_LOOP('',(#10568,#10569,#10570,#10571));
#10568 = ORIENTED_EDGE('',*,*,#10511,.F.);
#10569 = ORIENTED_EDGE('',*,*,#10485,.T.);
#10570 = ORIENTED_EDGE('',*,*,#10553,.F.);
#10571 = ORIENTED_EDGE('',*,*,#10529,.F.);
#10572 = CYLINDRICAL_SURFACE('',#10573,6.);
#10573 = AXIS2_PLACEMENT_3D('',#10574,#10575,#10576);
#10574 = CARTESIAN_POINT('',(-6.,-32.,143.));
#10575 = DIRECTION('',(-0.,1.,0.));
#10576 = DIRECTION('',(0.,0.,1.));
#10577 = MANIFOLD_SOLID_BREP('',#10578);
#10578 = CLOSED_SHELL('',(#10579,#10619,#10650,#10762,#10786,#10935,
    #10947,#10964,#10981,#10998,#11015,#11032,#11049,#11066,#11083,
    #11108,#11133,#11158,#11183,#11192,#11201,#11210));
#10579 = ADVANCED_FACE('',(#10580),#10614,.F.);
#10580 = FACE_BOUND('',#10581,.F.);
#10581 = EDGE_LOOP('',(#10582,#10592,#10600,#10608));
#10582 = ORIENTED_EDGE('',*,*,#10583,.F.);
#10583 = EDGE_CURVE('',#10584,#10586,#10588,.T.);
#10584 = VERTEX_POINT('',#10585);
#10585 = CARTESIAN_POINT('',(-140.,-80.,0.));
#10586 = VERTEX_POINT('',#10587);
#10587 = CARTESIAN_POINT('',(-140.,-80.,8.));
#10588 = LINE('',#10589,#10590);
#10589 = CARTESIAN_POINT('',(-140.,-80.,0.));
#10590 = VECTOR('',#10591,1.);
#10591 = DIRECTION('',(0.,0.,1.));
#10592 = ORIENTED_EDGE('',*,*,#10593,.T.);
#10593 = EDGE_CURVE('',#10584,#10594,#10596,.T.);
#10594 = VERTEX_POINT('',#10595);
#10595 = CARTESIAN_POINT('',(-140.,80.,0.));
#10596 = LINE('',#10597,#10598);
#10597 = CARTESIAN_POINT('',(-140.,-80.,0.));
#10598 = VECTOR('',#10599,1.);
#10599 = DIRECTION('',(-0.,1.,0.));
#10600 = ORIENTED_EDGE('',*,*,#10601,.T.);
#10601 = EDGE_CURVE('',#10594,#10602,#10604,.T.);
#10602 = VERTEX_POINT('',#10603);
#10603 = CARTESIAN_POINT('',(-140.,80.,8.));
#10604 = LINE('',#10605,#10606);
#10605 = CARTESIAN_POINT('',(-140.,80.,0.));
#10606 = VECTOR('',#10607,1.);
#10607 = DIRECTION('',(0.,0.,1.));
#10608 = ORIENTED_EDGE('',*,*,#10609,.F.);
#10609 = EDGE_CURVE('',#10586,#10602,#10610,.T.);
#10610 = LINE('',#10611,#10612);
#10611 = CARTESIAN_POINT('',(-140.,-80.,8.));
#10612 = VECTOR('',#10613,1.);
#10613 = DIRECTION('',(-0.,1.,0.));
#10614 = PLANE('',#10615);
#10615 = AXIS2_PLACEMENT_3D('',#10616,#10617,#10618);
#10616 = CARTESIAN_POINT('',(-140.,-80.,0.));
#10617 = DIRECTION('',(1.,0.,-0.));
#10618 = DIRECTION('',(0.,0.,1.));
#10619 = ADVANCED_FACE('',(#10620),#10645,.F.);
#10620 = FACE_BOUND('',#10621,.F.);
#10621 = EDGE_LOOP('',(#10622,#10630,#10631,#10639));
#10622 = ORIENTED_EDGE('',*,*,#10623,.F.);
#10623 = EDGE_CURVE('',#10584,#10624,#10626,.T.);
#10624 = VERTEX_POINT('',#10625);
#10625 = CARTESIAN_POINT('',(140.,-80.,0.));
#10626 = LINE('',#10627,#10628);
#10627 = CARTESIAN_POINT('',(-140.,-80.,0.));
#10628 = VECTOR('',#10629,1.);
#10629 = DIRECTION('',(1.,0.,-0.));
#10630 = ORIENTED_EDGE('',*,*,#10583,.T.);
#10631 = ORIENTED_EDGE('',*,*,#10632,.T.);
#10632 = EDGE_CURVE('',#10586,#10633,#10635,.T.);
#10633 = VERTEX_POINT('',#10634);
#10634 = CARTESIAN_POINT('',(140.,-80.,8.));
#10635 = LINE('',#10636,#10637);
#10636 = CARTESIAN_POINT('',(-140.,-80.,8.));
#10637 = VECTOR('',#10638,1.);
#10638 = DIRECTION('',(1.,0.,-0.));
#10639 = ORIENTED_EDGE('',*,*,#10640,.F.);
#10640 = EDGE_CURVE('',#10624,#10633,#10641,.T.);
#10641 = LINE('',#10642,#10643);
#10642 = CARTESIAN_POINT('',(140.,-80.,0.));
#10643 = VECTOR('',#10644,1.);
#10644 = DIRECTION('',(0.,0.,1.));
#10645 = PLANE('',#10646);
#10646 = AXIS2_PLACEMENT_3D('',#10647,#10648,#10649);
#10647 = CARTESIAN_POINT('',(-140.,-80.,0.));
#10648 = DIRECTION('',(-0.,1.,0.));
#10649 = DIRECTION('',(0.,0.,1.));
#10650 = ADVANCED_FACE('',(#10651,#10669,#10680,#10691,#10702,#10713,
    #10724,#10735,#10746),#10757,.T.);
#10651 = FACE_BOUND('',#10652,.T.);
#10652 = EDGE_LOOP('',(#10653,#10654,#10655,#10663));
#10653 = ORIENTED_EDGE('',*,*,#10609,.F.);
#10654 = ORIENTED_EDGE('',*,*,#10632,.T.);
#10655 = ORIENTED_EDGE('',*,*,#10656,.T.);
#10656 = EDGE_CURVE('',#10633,#10657,#10659,.T.);
#10657 = VERTEX_POINT('',#10658);
#10658 = CARTESIAN_POINT('',(140.,80.,8.));
#10659 = LINE('',#10660,#10661);
#10660 = CARTESIAN_POINT('',(140.,-80.,8.));
#10661 = VECTOR('',#10662,1.);
#10662 = DIRECTION('',(-0.,1.,0.));
#10663 = ORIENTED_EDGE('',*,*,#10664,.F.);
#10664 = EDGE_CURVE('',#10602,#10657,#10665,.T.);
#10665 = LINE('',#10666,#10667);
#10666 = CARTESIAN_POINT('',(-140.,80.,8.));
#10667 = VECTOR('',#10668,1.);
#10668 = DIRECTION('',(1.,0.,-0.));
#10669 = FACE_BOUND('',#10670,.T.);
#10670 = EDGE_LOOP('',(#10671));
#10671 = ORIENTED_EDGE('',*,*,#10672,.F.);
#10672 = EDGE_CURVE('',#10673,#10673,#10675,.T.);
#10673 = VERTEX_POINT('',#10674);
#10674 = CARTESIAN_POINT('',(-129.3,-15.5,8.));
#10675 = CIRCLE('',#10676,2.2);
#10676 = AXIS2_PLACEMENT_3D('',#10677,#10678,#10679);
#10677 = CARTESIAN_POINT('',(-131.5,-15.5,8.));
#10678 = DIRECTION('',(0.,0.,1.));
#10679 = DIRECTION('',(1.,0.,-0.));
#10680 = FACE_BOUND('',#10681,.T.);
#10681 = EDGE_LOOP('',(#10682));
#10682 = ORIENTED_EDGE('',*,*,#10683,.F.);
#10683 = EDGE_CURVE('',#10684,#10684,#10686,.T.);
#10684 = VERTEX_POINT('',#10685);
#10685 = CARTESIAN_POINT('',(-98.3,-15.5,8.));
#10686 = CIRCLE('',#10687,2.2);
#10687 = AXIS2_PLACEMENT_3D('',#10688,#10689,#10690);
#10688 = CARTESIAN_POINT('',(-100.5,-15.5,8.));
#10689 = DIRECTION('',(0.,0.,1.));
#10690 = DIRECTION('',(1.,0.,-0.));
#10691 = FACE_BOUND('',#10692,.T.);
#10692 = EDGE_LOOP('',(#10693));
#10693 = ORIENTED_EDGE('',*,*,#10694,.F.);
#10694 = EDGE_CURVE('',#10695,#10695,#10697,.T.);
#10695 = VERTEX_POINT('',#10696);
#10696 = CARTESIAN_POINT('',(-57.8,-22.,8.));
#10697 = CIRCLE('',#10698,2.2);
#10698 = AXIS2_PLACEMENT_3D('',#10699,#10700,#10701);
#10699 = CARTESIAN_POINT('',(-60.,-22.,8.));
#10700 = DIRECTION('',(0.,0.,1.));
#10701 = DIRECTION('',(1.,0.,-0.));
#10702 = FACE_BOUND('',#10703,.T.);
#10703 = EDGE_LOOP('',(#10704));
#10704 = ORIENTED_EDGE('',*,*,#10705,.F.);
#10705 = EDGE_CURVE('',#10706,#10706,#10708,.T.);
#10706 = VERTEX_POINT('',#10707);
#10707 = CARTESIAN_POINT('',(-7.8,-22.,8.));
#10708 = CIRCLE('',#10709,2.2);
#10709 = AXIS2_PLACEMENT_3D('',#10710,#10711,#10712);
#10710 = CARTESIAN_POINT('',(-10.,-22.,8.));
#10711 = DIRECTION('',(0.,0.,1.));
#10712 = DIRECTION('',(1.,0.,-0.));
#10713 = FACE_BOUND('',#10714,.T.);
#10714 = EDGE_LOOP('',(#10715));
#10715 = ORIENTED_EDGE('',*,*,#10716,.F.);
#10716 = EDGE_CURVE('',#10717,#10717,#10719,.T.);
#10717 = VERTEX_POINT('',#10718);
#10718 = CARTESIAN_POINT('',(-129.3,15.5,8.));
#10719 = CIRCLE('',#10720,2.2);
#10720 = AXIS2_PLACEMENT_3D('',#10721,#10722,#10723);
#10721 = CARTESIAN_POINT('',(-131.5,15.5,8.));
#10722 = DIRECTION('',(0.,0.,1.));
#10723 = DIRECTION('',(1.,0.,-0.));
#10724 = FACE_BOUND('',#10725,.T.);
#10725 = EDGE_LOOP('',(#10726));
#10726 = ORIENTED_EDGE('',*,*,#10727,.F.);
#10727 = EDGE_CURVE('',#10728,#10728,#10730,.T.);
#10728 = VERTEX_POINT('',#10729);
#10729 = CARTESIAN_POINT('',(-98.3,15.5,8.));
#10730 = CIRCLE('',#10731,2.2);
#10731 = AXIS2_PLACEMENT_3D('',#10732,#10733,#10734);
#10732 = CARTESIAN_POINT('',(-100.5,15.5,8.));
#10733 = DIRECTION('',(0.,0.,1.));
#10734 = DIRECTION('',(1.,0.,-0.));
#10735 = FACE_BOUND('',#10736,.T.);
#10736 = EDGE_LOOP('',(#10737));
#10737 = ORIENTED_EDGE('',*,*,#10738,.F.);
#10738 = EDGE_CURVE('',#10739,#10739,#10741,.T.);
#10739 = VERTEX_POINT('',#10740);
#10740 = CARTESIAN_POINT('',(-57.8,22.,8.));
#10741 = CIRCLE('',#10742,2.2);
#10742 = AXIS2_PLACEMENT_3D('',#10743,#10744,#10745);
#10743 = CARTESIAN_POINT('',(-60.,22.,8.));
#10744 = DIRECTION('',(0.,0.,1.));
#10745 = DIRECTION('',(1.,0.,-0.));
#10746 = FACE_BOUND('',#10747,.T.);
#10747 = EDGE_LOOP('',(#10748));
#10748 = ORIENTED_EDGE('',*,*,#10749,.F.);
#10749 = EDGE_CURVE('',#10750,#10750,#10752,.T.);
#10750 = VERTEX_POINT('',#10751);
#10751 = CARTESIAN_POINT('',(-7.8,22.,8.));
#10752 = CIRCLE('',#10753,2.2);
#10753 = AXIS2_PLACEMENT_3D('',#10754,#10755,#10756);
#10754 = CARTESIAN_POINT('',(-10.,22.,8.));
#10755 = DIRECTION('',(0.,0.,1.));
#10756 = DIRECTION('',(1.,0.,-0.));
#10757 = PLANE('',#10758);
#10758 = AXIS2_PLACEMENT_3D('',#10759,#10760,#10761);
#10759 = CARTESIAN_POINT('',(-140.,-80.,8.));
#10760 = DIRECTION('',(0.,0.,1.));
#10761 = DIRECTION('',(1.,0.,-0.));
#10762 = ADVANCED_FACE('',(#10763),#10781,.T.);
#10763 = FACE_BOUND('',#10764,.T.);
#10764 = EDGE_LOOP('',(#10765,#10773,#10774,#10775));
#10765 = ORIENTED_EDGE('',*,*,#10766,.F.);
#10766 = EDGE_CURVE('',#10594,#10767,#10769,.T.);
#10767 = VERTEX_POINT('',#10768);
#10768 = CARTESIAN_POINT('',(140.,80.,0.));
#10769 = LINE('',#10770,#10771);
#10770 = CARTESIAN_POINT('',(-140.,80.,0.));
#10771 = VECTOR('',#10772,1.);
#10772 = DIRECTION('',(1.,0.,-0.));
#10773 = ORIENTED_EDGE('',*,*,#10601,.T.);
#10774 = ORIENTED_EDGE('',*,*,#10664,.T.);
#10775 = ORIENTED_EDGE('',*,*,#10776,.F.);
#10776 = EDGE_CURVE('',#10767,#10657,#10777,.T.);
#10777 = LINE('',#10778,#10779);
#10778 = CARTESIAN_POINT('',(140.,80.,0.));
#10779 = VECTOR('',#10780,1.);
#10780 = DIRECTION('',(0.,0.,1.));
#10781 = PLANE('',#10782);
#10782 = AXIS2_PLACEMENT_3D('',#10783,#10784,#10785);
#10783 = CARTESIAN_POINT('',(-140.,80.,0.));
#10784 = DIRECTION('',(-0.,1.,0.));
#10785 = DIRECTION('',(0.,0.,1.));
#10786 = ADVANCED_FACE('',(#10787,#10798,#10809,#10820,#10831,#10842,
    #10853,#10864,#10875,#10886,#10897,#10908,#10919),#10930,.F.);
#10787 = FACE_BOUND('',#10788,.F.);
#10788 = EDGE_LOOP('',(#10789,#10790,#10791,#10797));
#10789 = ORIENTED_EDGE('',*,*,#10593,.F.);
#10790 = ORIENTED_EDGE('',*,*,#10623,.T.);
#10791 = ORIENTED_EDGE('',*,*,#10792,.T.);
#10792 = EDGE_CURVE('',#10624,#10767,#10793,.T.);
#10793 = LINE('',#10794,#10795);
#10794 = CARTESIAN_POINT('',(140.,-80.,0.));
#10795 = VECTOR('',#10796,1.);
#10796 = DIRECTION('',(-0.,1.,0.));
#10797 = ORIENTED_EDGE('',*,*,#10766,.F.);
#10798 = FACE_BOUND('',#10799,.F.);
#10799 = EDGE_LOOP('',(#10800));
#10800 = ORIENTED_EDGE('',*,*,#10801,.F.);
#10801 = EDGE_CURVE('',#10802,#10802,#10804,.T.);
#10802 = VERTEX_POINT('',#10803);
#10803 = CARTESIAN_POINT('',(-116.,-65.,0.));
#10804 = CIRCLE('',#10805,9.);
#10805 = AXIS2_PLACEMENT_3D('',#10806,#10807,#10808);
#10806 = CARTESIAN_POINT('',(-125.,-65.,0.));
#10807 = DIRECTION('',(0.,0.,1.));
#10808 = DIRECTION('',(1.,0.,-0.));
#10809 = FACE_BOUND('',#10810,.F.);
#10810 = EDGE_LOOP('',(#10811));
#10811 = ORIENTED_EDGE('',*,*,#10812,.F.);
#10812 = EDGE_CURVE('',#10813,#10813,#10815,.T.);
#10813 = VERTEX_POINT('',#10814);
#10814 = CARTESIAN_POINT('',(-129.3,-15.5,0.));
#10815 = CIRCLE('',#10816,2.2);
#10816 = AXIS2_PLACEMENT_3D('',#10817,#10818,#10819);
#10817 = CARTESIAN_POINT('',(-131.5,-15.5,0.));
#10818 = DIRECTION('',(0.,0.,1.));
#10819 = DIRECTION('',(1.,0.,-0.));
#10820 = FACE_BOUND('',#10821,.F.);
#10821 = EDGE_LOOP('',(#10822));
#10822 = ORIENTED_EDGE('',*,*,#10823,.F.);
#10823 = EDGE_CURVE('',#10824,#10824,#10826,.T.);
#10824 = VERTEX_POINT('',#10825);
#10825 = CARTESIAN_POINT('',(-98.3,-15.5,0.));
#10826 = CIRCLE('',#10827,2.2);
#10827 = AXIS2_PLACEMENT_3D('',#10828,#10829,#10830);
#10828 = CARTESIAN_POINT('',(-100.5,-15.5,0.));
#10829 = DIRECTION('',(0.,0.,1.));
#10830 = DIRECTION('',(1.,0.,-0.));
#10831 = FACE_BOUND('',#10832,.F.);
#10832 = EDGE_LOOP('',(#10833));
#10833 = ORIENTED_EDGE('',*,*,#10834,.F.);
#10834 = EDGE_CURVE('',#10835,#10835,#10837,.T.);
#10835 = VERTEX_POINT('',#10836);
#10836 = CARTESIAN_POINT('',(-57.8,-22.,0.));
#10837 = CIRCLE('',#10838,2.2);
#10838 = AXIS2_PLACEMENT_3D('',#10839,#10840,#10841);
#10839 = CARTESIAN_POINT('',(-60.,-22.,0.));
#10840 = DIRECTION('',(0.,0.,1.));
#10841 = DIRECTION('',(1.,0.,-0.));
#10842 = FACE_BOUND('',#10843,.F.);
#10843 = EDGE_LOOP('',(#10844));
#10844 = ORIENTED_EDGE('',*,*,#10845,.F.);
#10845 = EDGE_CURVE('',#10846,#10846,#10848,.T.);
#10846 = VERTEX_POINT('',#10847);
#10847 = CARTESIAN_POINT('',(-7.8,-22.,0.));
#10848 = CIRCLE('',#10849,2.2);
#10849 = AXIS2_PLACEMENT_3D('',#10850,#10851,#10852);
#10850 = CARTESIAN_POINT('',(-10.,-22.,0.));
#10851 = DIRECTION('',(0.,0.,1.));
#10852 = DIRECTION('',(1.,0.,-0.));
#10853 = FACE_BOUND('',#10854,.F.);
#10854 = EDGE_LOOP('',(#10855));
#10855 = ORIENTED_EDGE('',*,*,#10856,.F.);
#10856 = EDGE_CURVE('',#10857,#10857,#10859,.T.);
#10857 = VERTEX_POINT('',#10858);
#10858 = CARTESIAN_POINT('',(134.,-65.,0.));
#10859 = CIRCLE('',#10860,9.);
#10860 = AXIS2_PLACEMENT_3D('',#10861,#10862,#10863);
#10861 = CARTESIAN_POINT('',(125.,-65.,0.));
#10862 = DIRECTION('',(0.,0.,1.));
#10863 = DIRECTION('',(1.,0.,-0.));
#10864 = FACE_BOUND('',#10865,.F.);
#10865 = EDGE_LOOP('',(#10866));
#10866 = ORIENTED_EDGE('',*,*,#10867,.F.);
#10867 = EDGE_CURVE('',#10868,#10868,#10870,.T.);
#10868 = VERTEX_POINT('',#10869);
#10869 = CARTESIAN_POINT('',(-129.3,15.5,0.));
#10870 = CIRCLE('',#10871,2.2);
#10871 = AXIS2_PLACEMENT_3D('',#10872,#10873,#10874);
#10872 = CARTESIAN_POINT('',(-131.5,15.5,0.));
#10873 = DIRECTION('',(0.,0.,1.));
#10874 = DIRECTION('',(1.,0.,-0.));
#10875 = FACE_BOUND('',#10876,.F.);
#10876 = EDGE_LOOP('',(#10877));
#10877 = ORIENTED_EDGE('',*,*,#10878,.F.);
#10878 = EDGE_CURVE('',#10879,#10879,#10881,.T.);
#10879 = VERTEX_POINT('',#10880);
#10880 = CARTESIAN_POINT('',(-98.3,15.5,0.));
#10881 = CIRCLE('',#10882,2.2);
#10882 = AXIS2_PLACEMENT_3D('',#10883,#10884,#10885);
#10883 = CARTESIAN_POINT('',(-100.5,15.5,0.));
#10884 = DIRECTION('',(0.,0.,1.));
#10885 = DIRECTION('',(1.,0.,-0.));
#10886 = FACE_BOUND('',#10887,.F.);
#10887 = EDGE_LOOP('',(#10888));
#10888 = ORIENTED_EDGE('',*,*,#10889,.F.);
#10889 = EDGE_CURVE('',#10890,#10890,#10892,.T.);
#10890 = VERTEX_POINT('',#10891);
#10891 = CARTESIAN_POINT('',(-57.8,22.,0.));
#10892 = CIRCLE('',#10893,2.2);
#10893 = AXIS2_PLACEMENT_3D('',#10894,#10895,#10896);
#10894 = CARTESIAN_POINT('',(-60.,22.,0.));
#10895 = DIRECTION('',(0.,0.,1.));
#10896 = DIRECTION('',(1.,0.,-0.));
#10897 = FACE_BOUND('',#10898,.F.);
#10898 = EDGE_LOOP('',(#10899));
#10899 = ORIENTED_EDGE('',*,*,#10900,.F.);
#10900 = EDGE_CURVE('',#10901,#10901,#10903,.T.);
#10901 = VERTEX_POINT('',#10902);
#10902 = CARTESIAN_POINT('',(-7.8,22.,0.));
#10903 = CIRCLE('',#10904,2.2);
#10904 = AXIS2_PLACEMENT_3D('',#10905,#10906,#10907);
#10905 = CARTESIAN_POINT('',(-10.,22.,0.));
#10906 = DIRECTION('',(0.,0.,1.));
#10907 = DIRECTION('',(1.,0.,-0.));
#10908 = FACE_BOUND('',#10909,.F.);
#10909 = EDGE_LOOP('',(#10910));
#10910 = ORIENTED_EDGE('',*,*,#10911,.F.);
#10911 = EDGE_CURVE('',#10912,#10912,#10914,.T.);
#10912 = VERTEX_POINT('',#10913);
#10913 = CARTESIAN_POINT('',(-116.,65.,0.));
#10914 = CIRCLE('',#10915,9.);
#10915 = AXIS2_PLACEMENT_3D('',#10916,#10917,#10918);
#10916 = CARTESIAN_POINT('',(-125.,65.,0.));
#10917 = DIRECTION('',(0.,0.,1.));
#10918 = DIRECTION('',(1.,0.,-0.));
#10919 = FACE_BOUND('',#10920,.F.);
#10920 = EDGE_LOOP('',(#10921));
#10921 = ORIENTED_EDGE('',*,*,#10922,.F.);
#10922 = EDGE_CURVE('',#10923,#10923,#10925,.T.);
#10923 = VERTEX_POINT('',#10924);
#10924 = CARTESIAN_POINT('',(134.,65.,0.));
#10925 = CIRCLE('',#10926,9.);
#10926 = AXIS2_PLACEMENT_3D('',#10927,#10928,#10929);
#10927 = CARTESIAN_POINT('',(125.,65.,0.));
#10928 = DIRECTION('',(0.,0.,1.));
#10929 = DIRECTION('',(1.,0.,-0.));
#10930 = PLANE('',#10931);
#10931 = AXIS2_PLACEMENT_3D('',#10932,#10933,#10934);
#10932 = CARTESIAN_POINT('',(-140.,-80.,0.));
#10933 = DIRECTION('',(0.,0.,1.));
#10934 = DIRECTION('',(1.,0.,-0.));
#10935 = ADVANCED_FACE('',(#10936),#10942,.T.);
#10936 = FACE_BOUND('',#10937,.T.);
#10937 = EDGE_LOOP('',(#10938,#10939,#10940,#10941));
#10938 = ORIENTED_EDGE('',*,*,#10640,.F.);
#10939 = ORIENTED_EDGE('',*,*,#10792,.T.);
#10940 = ORIENTED_EDGE('',*,*,#10776,.T.);
#10941 = ORIENTED_EDGE('',*,*,#10656,.F.);
#10942 = PLANE('',#10943);
#10943 = AXIS2_PLACEMENT_3D('',#10944,#10945,#10946);
#10944 = CARTESIAN_POINT('',(140.,-80.,0.));
#10945 = DIRECTION('',(1.,0.,-0.));
#10946 = DIRECTION('',(0.,0.,1.));
#10947 = ADVANCED_FACE('',(#10948),#10959,.F.);
#10948 = FACE_BOUND('',#10949,.F.);
#10949 = EDGE_LOOP('',(#10950,#10951,#10957,#10958));
#10950 = ORIENTED_EDGE('',*,*,#10672,.F.);
#10951 = ORIENTED_EDGE('',*,*,#10952,.F.);
#10952 = EDGE_CURVE('',#10813,#10673,#10953,.T.);
#10953 = LINE('',#10954,#10955);
#10954 = CARTESIAN_POINT('',(-129.3,-15.5,-2.));
#10955 = VECTOR('',#10956,1.);
#10956 = DIRECTION('',(0.,0.,1.));
#10957 = ORIENTED_EDGE('',*,*,#10812,.T.);
#10958 = ORIENTED_EDGE('',*,*,#10952,.T.);
#10959 = CYLINDRICAL_SURFACE('',#10960,2.2);
#10960 = AXIS2_PLACEMENT_3D('',#10961,#10962,#10963);
#10961 = CARTESIAN_POINT('',(-131.5,-15.5,-2.));
#10962 = DIRECTION('',(0.,0.,1.));
#10963 = DIRECTION('',(1.,0.,-0.));
#10964 = ADVANCED_FACE('',(#10965),#10976,.F.);
#10965 = FACE_BOUND('',#10966,.F.);
#10966 = EDGE_LOOP('',(#10967,#10968,#10974,#10975));
#10967 = ORIENTED_EDGE('',*,*,#10683,.F.);
#10968 = ORIENTED_EDGE('',*,*,#10969,.F.);
#10969 = EDGE_CURVE('',#10824,#10684,#10970,.T.);
#10970 = LINE('',#10971,#10972);
#10971 = CARTESIAN_POINT('',(-98.3,-15.5,-2.));
#10972 = VECTOR('',#10973,1.);
#10973 = DIRECTION('',(0.,0.,1.));
#10974 = ORIENTED_EDGE('',*,*,#10823,.T.);
#10975 = ORIENTED_EDGE('',*,*,#10969,.T.);
#10976 = CYLINDRICAL_SURFACE('',#10977,2.2);
#10977 = AXIS2_PLACEMENT_3D('',#10978,#10979,#10980);
#10978 = CARTESIAN_POINT('',(-100.5,-15.5,-2.));
#10979 = DIRECTION('',(0.,0.,1.));
#10980 = DIRECTION('',(1.,0.,-0.));
#10981 = ADVANCED_FACE('',(#10982),#10993,.F.);
#10982 = FACE_BOUND('',#10983,.F.);
#10983 = EDGE_LOOP('',(#10984,#10985,#10991,#10992));
#10984 = ORIENTED_EDGE('',*,*,#10694,.F.);
#10985 = ORIENTED_EDGE('',*,*,#10986,.F.);
#10986 = EDGE_CURVE('',#10835,#10695,#10987,.T.);
#10987 = LINE('',#10988,#10989);
#10988 = CARTESIAN_POINT('',(-57.8,-22.,-2.));
#10989 = VECTOR('',#10990,1.);
#10990 = DIRECTION('',(0.,0.,1.));
#10991 = ORIENTED_EDGE('',*,*,#10834,.T.);
#10992 = ORIENTED_EDGE('',*,*,#10986,.T.);
#10993 = CYLINDRICAL_SURFACE('',#10994,2.2);
#10994 = AXIS2_PLACEMENT_3D('',#10995,#10996,#10997);
#10995 = CARTESIAN_POINT('',(-60.,-22.,-2.));
#10996 = DIRECTION('',(0.,0.,1.));
#10997 = DIRECTION('',(1.,0.,-0.));
#10998 = ADVANCED_FACE('',(#10999),#11010,.F.);
#10999 = FACE_BOUND('',#11000,.F.);
#11000 = EDGE_LOOP('',(#11001,#11002,#11008,#11009));
#11001 = ORIENTED_EDGE('',*,*,#10705,.F.);
#11002 = ORIENTED_EDGE('',*,*,#11003,.F.);
#11003 = EDGE_CURVE('',#10846,#10706,#11004,.T.);
#11004 = LINE('',#11005,#11006);
#11005 = CARTESIAN_POINT('',(-7.8,-22.,-2.));
#11006 = VECTOR('',#11007,1.);
#11007 = DIRECTION('',(0.,0.,1.));
#11008 = ORIENTED_EDGE('',*,*,#10845,.T.);
#11009 = ORIENTED_EDGE('',*,*,#11003,.T.);
#11010 = CYLINDRICAL_SURFACE('',#11011,2.2);
#11011 = AXIS2_PLACEMENT_3D('',#11012,#11013,#11014);
#11012 = CARTESIAN_POINT('',(-10.,-22.,-2.));
#11013 = DIRECTION('',(0.,0.,1.));
#11014 = DIRECTION('',(1.,0.,-0.));
#11015 = ADVANCED_FACE('',(#11016),#11027,.F.);
#11016 = FACE_BOUND('',#11017,.F.);
#11017 = EDGE_LOOP('',(#11018,#11019,#11025,#11026));
#11018 = ORIENTED_EDGE('',*,*,#10716,.F.);
#11019 = ORIENTED_EDGE('',*,*,#11020,.F.);
#11020 = EDGE_CURVE('',#10868,#10717,#11021,.T.);
#11021 = LINE('',#11022,#11023);
#11022 = CARTESIAN_POINT('',(-129.3,15.5,-2.));
#11023 = VECTOR('',#11024,1.);
#11024 = DIRECTION('',(0.,0.,1.));
#11025 = ORIENTED_EDGE('',*,*,#10867,.T.);
#11026 = ORIENTED_EDGE('',*,*,#11020,.T.);
#11027 = CYLINDRICAL_SURFACE('',#11028,2.2);
#11028 = AXIS2_PLACEMENT_3D('',#11029,#11030,#11031);
#11029 = CARTESIAN_POINT('',(-131.5,15.5,-2.));
#11030 = DIRECTION('',(0.,0.,1.));
#11031 = DIRECTION('',(1.,0.,-0.));
#11032 = ADVANCED_FACE('',(#11033),#11044,.F.);
#11033 = FACE_BOUND('',#11034,.F.);
#11034 = EDGE_LOOP('',(#11035,#11036,#11042,#11043));
#11035 = ORIENTED_EDGE('',*,*,#10727,.F.);
#11036 = ORIENTED_EDGE('',*,*,#11037,.F.);
#11037 = EDGE_CURVE('',#10879,#10728,#11038,.T.);
#11038 = LINE('',#11039,#11040);
#11039 = CARTESIAN_POINT('',(-98.3,15.5,-2.));
#11040 = VECTOR('',#11041,1.);
#11041 = DIRECTION('',(0.,0.,1.));
#11042 = ORIENTED_EDGE('',*,*,#10878,.T.);
#11043 = ORIENTED_EDGE('',*,*,#11037,.T.);
#11044 = CYLINDRICAL_SURFACE('',#11045,2.2);
#11045 = AXIS2_PLACEMENT_3D('',#11046,#11047,#11048);
#11046 = CARTESIAN_POINT('',(-100.5,15.5,-2.));
#11047 = DIRECTION('',(0.,0.,1.));
#11048 = DIRECTION('',(1.,0.,-0.));
#11049 = ADVANCED_FACE('',(#11050),#11061,.F.);
#11050 = FACE_BOUND('',#11051,.F.);
#11051 = EDGE_LOOP('',(#11052,#11053,#11059,#11060));
#11052 = ORIENTED_EDGE('',*,*,#10738,.F.);
#11053 = ORIENTED_EDGE('',*,*,#11054,.F.);
#11054 = EDGE_CURVE('',#10890,#10739,#11055,.T.);
#11055 = LINE('',#11056,#11057);
#11056 = CARTESIAN_POINT('',(-57.8,22.,-2.));
#11057 = VECTOR('',#11058,1.);
#11058 = DIRECTION('',(0.,0.,1.));
#11059 = ORIENTED_EDGE('',*,*,#10889,.T.);
#11060 = ORIENTED_EDGE('',*,*,#11054,.T.);
#11061 = CYLINDRICAL_SURFACE('',#11062,2.2);
#11062 = AXIS2_PLACEMENT_3D('',#11063,#11064,#11065);
#11063 = CARTESIAN_POINT('',(-60.,22.,-2.));
#11064 = DIRECTION('',(0.,0.,1.));
#11065 = DIRECTION('',(1.,0.,-0.));
#11066 = ADVANCED_FACE('',(#11067),#11078,.F.);
#11067 = FACE_BOUND('',#11068,.F.);
#11068 = EDGE_LOOP('',(#11069,#11070,#11076,#11077));
#11069 = ORIENTED_EDGE('',*,*,#10749,.F.);
#11070 = ORIENTED_EDGE('',*,*,#11071,.F.);
#11071 = EDGE_CURVE('',#10901,#10750,#11072,.T.);
#11072 = LINE('',#11073,#11074);
#11073 = CARTESIAN_POINT('',(-7.8,22.,-2.));
#11074 = VECTOR('',#11075,1.);
#11075 = DIRECTION('',(0.,0.,1.));
#11076 = ORIENTED_EDGE('',*,*,#10900,.T.);
#11077 = ORIENTED_EDGE('',*,*,#11071,.T.);
#11078 = CYLINDRICAL_SURFACE('',#11079,2.2);
#11079 = AXIS2_PLACEMENT_3D('',#11080,#11081,#11082);
#11080 = CARTESIAN_POINT('',(-10.,22.,-2.));
#11081 = DIRECTION('',(0.,0.,1.));
#11082 = DIRECTION('',(1.,0.,-0.));
#11083 = ADVANCED_FACE('',(#11084),#11103,.T.);
#11084 = FACE_BOUND('',#11085,.T.);
#11085 = EDGE_LOOP('',(#11086,#11087,#11095,#11102));
#11086 = ORIENTED_EDGE('',*,*,#10801,.F.);
#11087 = ORIENTED_EDGE('',*,*,#11088,.F.);
#11088 = EDGE_CURVE('',#11089,#10802,#11091,.T.);
#11089 = VERTEX_POINT('',#11090);
#11090 = CARTESIAN_POINT('',(-116.,-65.,-4.));
#11091 = LINE('',#11092,#11093);
#11092 = CARTESIAN_POINT('',(-116.,-65.,-4.));
#11093 = VECTOR('',#11094,1.);
#11094 = DIRECTION('',(0.,0.,1.));
#11095 = ORIENTED_EDGE('',*,*,#11096,.T.);
#11096 = EDGE_CURVE('',#11089,#11089,#11097,.T.);
#11097 = CIRCLE('',#11098,9.);
#11098 = AXIS2_PLACEMENT_3D('',#11099,#11100,#11101);
#11099 = CARTESIAN_POINT('',(-125.,-65.,-4.));
#11100 = DIRECTION('',(0.,0.,1.));
#11101 = DIRECTION('',(1.,0.,-0.));
#11102 = ORIENTED_EDGE('',*,*,#11088,.T.);
#11103 = CYLINDRICAL_SURFACE('',#11104,9.);
#11104 = AXIS2_PLACEMENT_3D('',#11105,#11106,#11107);
#11105 = CARTESIAN_POINT('',(-125.,-65.,-4.));
#11106 = DIRECTION('',(0.,0.,1.));
#11107 = DIRECTION('',(1.,0.,-0.));
#11108 = ADVANCED_FACE('',(#11109),#11128,.T.);
#11109 = FACE_BOUND('',#11110,.T.);
#11110 = EDGE_LOOP('',(#11111,#11112,#11120,#11127));
#11111 = ORIENTED_EDGE('',*,*,#10856,.F.);
#11112 = ORIENTED_EDGE('',*,*,#11113,.F.);
#11113 = EDGE_CURVE('',#11114,#10857,#11116,.T.);
#11114 = VERTEX_POINT('',#11115);
#11115 = CARTESIAN_POINT('',(134.,-65.,-4.));
#11116 = LINE('',#11117,#11118);
#11117 = CARTESIAN_POINT('',(134.,-65.,-4.));
#11118 = VECTOR('',#11119,1.);
#11119 = DIRECTION('',(0.,0.,1.));
#11120 = ORIENTED_EDGE('',*,*,#11121,.T.);
#11121 = EDGE_CURVE('',#11114,#11114,#11122,.T.);
#11122 = CIRCLE('',#11123,9.);
#11123 = AXIS2_PLACEMENT_3D('',#11124,#11125,#11126);
#11124 = CARTESIAN_POINT('',(125.,-65.,-4.));
#11125 = DIRECTION('',(0.,0.,1.));
#11126 = DIRECTION('',(1.,0.,-0.));
#11127 = ORIENTED_EDGE('',*,*,#11113,.T.);
#11128 = CYLINDRICAL_SURFACE('',#11129,9.);
#11129 = AXIS2_PLACEMENT_3D('',#11130,#11131,#11132);
#11130 = CARTESIAN_POINT('',(125.,-65.,-4.));
#11131 = DIRECTION('',(0.,0.,1.));
#11132 = DIRECTION('',(1.,0.,-0.));
#11133 = ADVANCED_FACE('',(#11134),#11153,.T.);
#11134 = FACE_BOUND('',#11135,.T.);
#11135 = EDGE_LOOP('',(#11136,#11137,#11145,#11152));
#11136 = ORIENTED_EDGE('',*,*,#10911,.F.);
#11137 = ORIENTED_EDGE('',*,*,#11138,.F.);
#11138 = EDGE_CURVE('',#11139,#10912,#11141,.T.);
#11139 = VERTEX_POINT('',#11140);
#11140 = CARTESIAN_POINT('',(-116.,65.,-4.));
#11141 = LINE('',#11142,#11143);
#11142 = CARTESIAN_POINT('',(-116.,65.,-4.));
#11143 = VECTOR('',#11144,1.);
#11144 = DIRECTION('',(0.,0.,1.));
#11145 = ORIENTED_EDGE('',*,*,#11146,.T.);
#11146 = EDGE_CURVE('',#11139,#11139,#11147,.T.);
#11147 = CIRCLE('',#11148,9.);
#11148 = AXIS2_PLACEMENT_3D('',#11149,#11150,#11151);
#11149 = CARTESIAN_POINT('',(-125.,65.,-4.));
#11150 = DIRECTION('',(0.,0.,1.));
#11151 = DIRECTION('',(1.,0.,-0.));
#11152 = ORIENTED_EDGE('',*,*,#11138,.T.);
#11153 = CYLINDRICAL_SURFACE('',#11154,9.);
#11154 = AXIS2_PLACEMENT_3D('',#11155,#11156,#11157);
#11155 = CARTESIAN_POINT('',(-125.,65.,-4.));
#11156 = DIRECTION('',(0.,0.,1.));
#11157 = DIRECTION('',(1.,0.,-0.));
#11158 = ADVANCED_FACE('',(#11159),#11178,.T.);
#11159 = FACE_BOUND('',#11160,.T.);
#11160 = EDGE_LOOP('',(#11161,#11162,#11170,#11177));
#11161 = ORIENTED_EDGE('',*,*,#10922,.F.);
#11162 = ORIENTED_EDGE('',*,*,#11163,.F.);
#11163 = EDGE_CURVE('',#11164,#10923,#11166,.T.);
#11164 = VERTEX_POINT('',#11165);
#11165 = CARTESIAN_POINT('',(134.,65.,-4.));
#11166 = LINE('',#11167,#11168);
#11167 = CARTESIAN_POINT('',(134.,65.,-4.));
#11168 = VECTOR('',#11169,1.);
#11169 = DIRECTION('',(0.,0.,1.));
#11170 = ORIENTED_EDGE('',*,*,#11171,.T.);
#11171 = EDGE_CURVE('',#11164,#11164,#11172,.T.);
#11172 = CIRCLE('',#11173,9.);
#11173 = AXIS2_PLACEMENT_3D('',#11174,#11175,#11176);
#11174 = CARTESIAN_POINT('',(125.,65.,-4.));
#11175 = DIRECTION('',(0.,0.,1.));
#11176 = DIRECTION('',(1.,0.,-0.));
#11177 = ORIENTED_EDGE('',*,*,#11163,.T.);
#11178 = CYLINDRICAL_SURFACE('',#11179,9.);
#11179 = AXIS2_PLACEMENT_3D('',#11180,#11181,#11182);
#11180 = CARTESIAN_POINT('',(125.,65.,-4.));
#11181 = DIRECTION('',(0.,0.,1.));
#11182 = DIRECTION('',(1.,0.,-0.));
#11183 = ADVANCED_FACE('',(#11184),#11187,.F.);
#11184 = FACE_BOUND('',#11185,.T.);
#11185 = EDGE_LOOP('',(#11186));
#11186 = ORIENTED_EDGE('',*,*,#11096,.F.);
#11187 = PLANE('',#11188);
#11188 = AXIS2_PLACEMENT_3D('',#11189,#11190,#11191);
#11189 = CARTESIAN_POINT('',(-125.,-65.,-4.));
#11190 = DIRECTION('',(0.,0.,1.));
#11191 = DIRECTION('',(1.,0.,-0.));
#11192 = ADVANCED_FACE('',(#11193),#11196,.F.);
#11193 = FACE_BOUND('',#11194,.T.);
#11194 = EDGE_LOOP('',(#11195));
#11195 = ORIENTED_EDGE('',*,*,#11121,.F.);
#11196 = PLANE('',#11197);
#11197 = AXIS2_PLACEMENT_3D('',#11198,#11199,#11200);
#11198 = CARTESIAN_POINT('',(125.,-65.,-4.));
#11199 = DIRECTION('',(0.,0.,1.));
#11200 = DIRECTION('',(1.,0.,-0.));
#11201 = ADVANCED_FACE('',(#11202),#11205,.F.);
#11202 = FACE_BOUND('',#11203,.T.);
#11203 = EDGE_LOOP('',(#11204));
#11204 = ORIENTED_EDGE('',*,*,#11146,.F.);
#11205 = PLANE('',#11206);
#11206 = AXIS2_PLACEMENT_3D('',#11207,#11208,#11209);
#11207 = CARTESIAN_POINT('',(-125.,65.,-4.));
#11208 = DIRECTION('',(0.,0.,1.));
#11209 = DIRECTION('',(1.,0.,-0.));
#11210 = ADVANCED_FACE('',(#11211),#11214,.F.);
#11211 = FACE_BOUND('',#11212,.T.);
#11212 = EDGE_LOOP('',(#11213));
#11213 = ORIENTED_EDGE('',*,*,#11171,.F.);
#11214 = PLANE('',#11215);
#11215 = AXIS2_PLACEMENT_3D('',#11216,#11217,#11218);
#11216 = CARTESIAN_POINT('',(125.,65.,-4.));
#11217 = DIRECTION('',(0.,0.,1.));
#11218 = DIRECTION('',(1.,0.,-0.));
#11219 = MANIFOLD_SOLID_BREP('',#11220);
#11220 = CLOSED_SHELL('',(#11221,#11261,#11292,#11360,#11384,#11445,
    #11457,#11474,#11491,#11508));
#11221 = ADVANCED_FACE('',(#11222),#11256,.F.);
#11222 = FACE_BOUND('',#11223,.F.);
#11223 = EDGE_LOOP('',(#11224,#11234,#11242,#11250));
#11224 = ORIENTED_EDGE('',*,*,#11225,.F.);
#11225 = EDGE_CURVE('',#11226,#11228,#11230,.T.);
#11226 = VERTEX_POINT('',#11227);
#11227 = CARTESIAN_POINT('',(-141.,-31.,8.));
#11228 = VERTEX_POINT('',#11229);
#11229 = CARTESIAN_POINT('',(-141.,-31.,33.85));
#11230 = LINE('',#11231,#11232);
#11231 = CARTESIAN_POINT('',(-141.,-31.,8.));
#11232 = VECTOR('',#11233,1.);
#11233 = DIRECTION('',(0.,0.,1.));
#11234 = ORIENTED_EDGE('',*,*,#11235,.T.);
#11235 = EDGE_CURVE('',#11226,#11236,#11238,.T.);
#11236 = VERTEX_POINT('',#11237);
#11237 = CARTESIAN_POINT('',(-141.,31.,8.));
#11238 = LINE('',#11239,#11240);
#11239 = CARTESIAN_POINT('',(-141.,-31.,8.));
#11240 = VECTOR('',#11241,1.);
#11241 = DIRECTION('',(-0.,1.,0.));
#11242 = ORIENTED_EDGE('',*,*,#11243,.T.);
#11243 = EDGE_CURVE('',#11236,#11244,#11246,.T.);
#11244 = VERTEX_POINT('',#11245);
#11245 = CARTESIAN_POINT('',(-141.,31.,33.85));
#11246 = LINE('',#11247,#11248);
#11247 = CARTESIAN_POINT('',(-141.,31.,8.));
#11248 = VECTOR('',#11249,1.);
#11249 = DIRECTION('',(0.,0.,1.));
#11250 = ORIENTED_EDGE('',*,*,#11251,.F.);
#11251 = EDGE_CURVE('',#11228,#11244,#11252,.T.);
#11252 = LINE('',#11253,#11254);
#11253 = CARTESIAN_POINT('',(-141.,-31.,33.85));
#11254 = VECTOR('',#11255,1.);
#11255 = DIRECTION('',(-0.,1.,0.));
#11256 = PLANE('',#11257);
#11257 = AXIS2_PLACEMENT_3D('',#11258,#11259,#11260);
#11258 = CARTESIAN_POINT('',(-141.,-31.,8.));
#11259 = DIRECTION('',(1.,0.,-0.));
#11260 = DIRECTION('',(0.,0.,1.));
#11261 = ADVANCED_FACE('',(#11262),#11287,.F.);
#11262 = FACE_BOUND('',#11263,.F.);
#11263 = EDGE_LOOP('',(#11264,#11272,#11273,#11281));
#11264 = ORIENTED_EDGE('',*,*,#11265,.F.);
#11265 = EDGE_CURVE('',#11226,#11266,#11268,.T.);
#11266 = VERTEX_POINT('',#11267);
#11267 = CARTESIAN_POINT('',(-91.,-31.,8.));
#11268 = LINE('',#11269,#11270);
#11269 = CARTESIAN_POINT('',(-141.,-31.,8.));
#11270 = VECTOR('',#11271,1.);
#11271 = DIRECTION('',(1.,0.,-0.));
#11272 = ORIENTED_EDGE('',*,*,#11225,.T.);
#11273 = ORIENTED_EDGE('',*,*,#11274,.T.);
#11274 = EDGE_CURVE('',#11228,#11275,#11277,.T.);
#11275 = VERTEX_POINT('',#11276);
#11276 = CARTESIAN_POINT('',(-91.,-31.,33.85));
#11277 = LINE('',#11278,#11279);
#11278 = CARTESIAN_POINT('',(-141.,-31.,33.85));
#11279 = VECTOR('',#11280,1.);
#11280 = DIRECTION('',(1.,0.,-0.));
#11281 = ORIENTED_EDGE('',*,*,#11282,.F.);
#11282 = EDGE_CURVE('',#11266,#11275,#11283,.T.);
#11283 = LINE('',#11284,#11285);
#11284 = CARTESIAN_POINT('',(-91.,-31.,8.));
#11285 = VECTOR('',#11286,1.);
#11286 = DIRECTION('',(0.,0.,1.));
#11287 = PLANE('',#11288);
#11288 = AXIS2_PLACEMENT_3D('',#11289,#11290,#11291);
#11289 = CARTESIAN_POINT('',(-141.,-31.,8.));
#11290 = DIRECTION('',(-0.,1.,0.));
#11291 = DIRECTION('',(0.,0.,1.));
#11292 = ADVANCED_FACE('',(#11293,#11311,#11322,#11333,#11344),#11355,
  .T.);
#11293 = FACE_BOUND('',#11294,.T.);
#11294 = EDGE_LOOP('',(#11295,#11296,#11297,#11305));
#11295 = ORIENTED_EDGE('',*,*,#11251,.F.);
#11296 = ORIENTED_EDGE('',*,*,#11274,.T.);
#11297 = ORIENTED_EDGE('',*,*,#11298,.T.);
#11298 = EDGE_CURVE('',#11275,#11299,#11301,.T.);
#11299 = VERTEX_POINT('',#11300);
#11300 = CARTESIAN_POINT('',(-91.,31.,33.85));
#11301 = LINE('',#11302,#11303);
#11302 = CARTESIAN_POINT('',(-91.,-31.,33.85));
#11303 = VECTOR('',#11304,1.);
#11304 = DIRECTION('',(-0.,1.,0.));
#11305 = ORIENTED_EDGE('',*,*,#11306,.F.);
#11306 = EDGE_CURVE('',#11244,#11299,#11307,.T.);
#11307 = LINE('',#11308,#11309);
#11308 = CARTESIAN_POINT('',(-141.,31.,33.85));
#11309 = VECTOR('',#11310,1.);
#11310 = DIRECTION('',(1.,0.,-0.));
#11311 = FACE_BOUND('',#11312,.T.);
#11312 = EDGE_LOOP('',(#11313));
#11313 = ORIENTED_EDGE('',*,*,#11314,.F.);
#11314 = EDGE_CURVE('',#11315,#11315,#11317,.T.);
#11315 = VERTEX_POINT('',#11316);
#11316 = CARTESIAN_POINT('',(-129.8,-15.5,33.85));
#11317 = CIRCLE('',#11318,1.7);
#11318 = AXIS2_PLACEMENT_3D('',#11319,#11320,#11321);
#11319 = CARTESIAN_POINT('',(-131.5,-15.5,33.85));
#11320 = DIRECTION('',(0.,0.,1.));
#11321 = DIRECTION('',(1.,0.,-0.));
#11322 = FACE_BOUND('',#11323,.T.);
#11323 = EDGE_LOOP('',(#11324));
#11324 = ORIENTED_EDGE('',*,*,#11325,.F.);
#11325 = EDGE_CURVE('',#11326,#11326,#11328,.T.);
#11326 = VERTEX_POINT('',#11327);
#11327 = CARTESIAN_POINT('',(-98.8,-15.5,33.85));
#11328 = CIRCLE('',#11329,1.7);
#11329 = AXIS2_PLACEMENT_3D('',#11330,#11331,#11332);
#11330 = CARTESIAN_POINT('',(-100.5,-15.5,33.85));
#11331 = DIRECTION('',(0.,0.,1.));
#11332 = DIRECTION('',(1.,0.,-0.));
#11333 = FACE_BOUND('',#11334,.T.);
#11334 = EDGE_LOOP('',(#11335));
#11335 = ORIENTED_EDGE('',*,*,#11336,.F.);
#11336 = EDGE_CURVE('',#11337,#11337,#11339,.T.);
#11337 = VERTEX_POINT('',#11338);
#11338 = CARTESIAN_POINT('',(-129.8,15.5,33.85));
#11339 = CIRCLE('',#11340,1.7);
#11340 = AXIS2_PLACEMENT_3D('',#11341,#11342,#11343);
#11341 = CARTESIAN_POINT('',(-131.5,15.5,33.85));
#11342 = DIRECTION('',(0.,0.,1.));
#11343 = DIRECTION('',(1.,0.,-0.));
#11344 = FACE_BOUND('',#11345,.T.);
#11345 = EDGE_LOOP('',(#11346));
#11346 = ORIENTED_EDGE('',*,*,#11347,.F.);
#11347 = EDGE_CURVE('',#11348,#11348,#11350,.T.);
#11348 = VERTEX_POINT('',#11349);
#11349 = CARTESIAN_POINT('',(-98.8,15.5,33.85));
#11350 = CIRCLE('',#11351,1.7);
#11351 = AXIS2_PLACEMENT_3D('',#11352,#11353,#11354);
#11352 = CARTESIAN_POINT('',(-100.5,15.5,33.85));
#11353 = DIRECTION('',(0.,0.,1.));
#11354 = DIRECTION('',(1.,0.,-0.));
#11355 = PLANE('',#11356);
#11356 = AXIS2_PLACEMENT_3D('',#11357,#11358,#11359);
#11357 = CARTESIAN_POINT('',(-141.,-31.,33.85));
#11358 = DIRECTION('',(0.,0.,1.));
#11359 = DIRECTION('',(1.,0.,-0.));
#11360 = ADVANCED_FACE('',(#11361),#11379,.T.);
#11361 = FACE_BOUND('',#11362,.T.);
#11362 = EDGE_LOOP('',(#11363,#11371,#11372,#11373));
#11363 = ORIENTED_EDGE('',*,*,#11364,.F.);
#11364 = EDGE_CURVE('',#11236,#11365,#11367,.T.);
#11365 = VERTEX_POINT('',#11366);
#11366 = CARTESIAN_POINT('',(-91.,31.,8.));
#11367 = LINE('',#11368,#11369);
#11368 = CARTESIAN_POINT('',(-141.,31.,8.));
#11369 = VECTOR('',#11370,1.);
#11370 = DIRECTION('',(1.,0.,-0.));
#11371 = ORIENTED_EDGE('',*,*,#11243,.T.);
#11372 = ORIENTED_EDGE('',*,*,#11306,.T.);
#11373 = ORIENTED_EDGE('',*,*,#11374,.F.);
#11374 = EDGE_CURVE('',#11365,#11299,#11375,.T.);
#11375 = LINE('',#11376,#11377);
#11376 = CARTESIAN_POINT('',(-91.,31.,8.));
#11377 = VECTOR('',#11378,1.);
#11378 = DIRECTION('',(0.,0.,1.));
#11379 = PLANE('',#11380);
#11380 = AXIS2_PLACEMENT_3D('',#11381,#11382,#11383);
#11381 = CARTESIAN_POINT('',(-141.,31.,8.));
#11382 = DIRECTION('',(-0.,1.,0.));
#11383 = DIRECTION('',(0.,0.,1.));
#11384 = ADVANCED_FACE('',(#11385,#11396,#11407,#11418,#11429),#11440,
  .F.);
#11385 = FACE_BOUND('',#11386,.F.);
#11386 = EDGE_LOOP('',(#11387,#11388,#11389,#11395));
#11387 = ORIENTED_EDGE('',*,*,#11235,.F.);
#11388 = ORIENTED_EDGE('',*,*,#11265,.T.);
#11389 = ORIENTED_EDGE('',*,*,#11390,.T.);
#11390 = EDGE_CURVE('',#11266,#11365,#11391,.T.);
#11391 = LINE('',#11392,#11393);
#11392 = CARTESIAN_POINT('',(-91.,-31.,8.));
#11393 = VECTOR('',#11394,1.);
#11394 = DIRECTION('',(-0.,1.,0.));
#11395 = ORIENTED_EDGE('',*,*,#11364,.F.);
#11396 = FACE_BOUND('',#11397,.F.);
#11397 = EDGE_LOOP('',(#11398));
#11398 = ORIENTED_EDGE('',*,*,#11399,.F.);
#11399 = EDGE_CURVE('',#11400,#11400,#11402,.T.);
#11400 = VERTEX_POINT('',#11401);
#11401 = CARTESIAN_POINT('',(-129.8,-15.5,8.));
#11402 = CIRCLE('',#11403,1.7);
#11403 = AXIS2_PLACEMENT_3D('',#11404,#11405,#11406);
#11404 = CARTESIAN_POINT('',(-131.5,-15.5,8.));
#11405 = DIRECTION('',(0.,0.,1.));
#11406 = DIRECTION('',(1.,0.,-0.));
#11407 = FACE_BOUND('',#11408,.F.);
#11408 = EDGE_LOOP('',(#11409));
#11409 = ORIENTED_EDGE('',*,*,#11410,.F.);
#11410 = EDGE_CURVE('',#11411,#11411,#11413,.T.);
#11411 = VERTEX_POINT('',#11412);
#11412 = CARTESIAN_POINT('',(-98.8,-15.5,8.));
#11413 = CIRCLE('',#11414,1.7);
#11414 = AXIS2_PLACEMENT_3D('',#11415,#11416,#11417);
#11415 = CARTESIAN_POINT('',(-100.5,-15.5,8.));
#11416 = DIRECTION('',(0.,0.,1.));
#11417 = DIRECTION('',(1.,0.,-0.));
#11418 = FACE_BOUND('',#11419,.F.);
#11419 = EDGE_LOOP('',(#11420));
#11420 = ORIENTED_EDGE('',*,*,#11421,.F.);
#11421 = EDGE_CURVE('',#11422,#11422,#11424,.T.);
#11422 = VERTEX_POINT('',#11423);
#11423 = CARTESIAN_POINT('',(-129.8,15.5,8.));
#11424 = CIRCLE('',#11425,1.7);
#11425 = AXIS2_PLACEMENT_3D('',#11426,#11427,#11428);
#11426 = CARTESIAN_POINT('',(-131.5,15.5,8.));
#11427 = DIRECTION('',(0.,0.,1.));
#11428 = DIRECTION('',(1.,0.,-0.));
#11429 = FACE_BOUND('',#11430,.F.);
#11430 = EDGE_LOOP('',(#11431));
#11431 = ORIENTED_EDGE('',*,*,#11432,.F.);
#11432 = EDGE_CURVE('',#11433,#11433,#11435,.T.);
#11433 = VERTEX_POINT('',#11434);
#11434 = CARTESIAN_POINT('',(-98.8,15.5,8.));
#11435 = CIRCLE('',#11436,1.7);
#11436 = AXIS2_PLACEMENT_3D('',#11437,#11438,#11439);
#11437 = CARTESIAN_POINT('',(-100.5,15.5,8.));
#11438 = DIRECTION('',(0.,0.,1.));
#11439 = DIRECTION('',(1.,0.,-0.));
#11440 = PLANE('',#11441);
#11441 = AXIS2_PLACEMENT_3D('',#11442,#11443,#11444);
#11442 = CARTESIAN_POINT('',(-141.,-31.,8.));
#11443 = DIRECTION('',(0.,0.,1.));
#11444 = DIRECTION('',(1.,0.,-0.));
#11445 = ADVANCED_FACE('',(#11446),#11452,.T.);
#11446 = FACE_BOUND('',#11447,.T.);
#11447 = EDGE_LOOP('',(#11448,#11449,#11450,#11451));
#11448 = ORIENTED_EDGE('',*,*,#11282,.F.);
#11449 = ORIENTED_EDGE('',*,*,#11390,.T.);
#11450 = ORIENTED_EDGE('',*,*,#11374,.T.);
#11451 = ORIENTED_EDGE('',*,*,#11298,.F.);
#11452 = PLANE('',#11453);
#11453 = AXIS2_PLACEMENT_3D('',#11454,#11455,#11456);
#11454 = CARTESIAN_POINT('',(-91.,-31.,8.));
#11455 = DIRECTION('',(1.,0.,-0.));
#11456 = DIRECTION('',(0.,0.,1.));
#11457 = ADVANCED_FACE('',(#11458),#11469,.F.);
#11458 = FACE_BOUND('',#11459,.F.);
#11459 = EDGE_LOOP('',(#11460,#11461,#11467,#11468));
#11460 = ORIENTED_EDGE('',*,*,#11314,.F.);
#11461 = ORIENTED_EDGE('',*,*,#11462,.F.);
#11462 = EDGE_CURVE('',#11400,#11315,#11463,.T.);
#11463 = LINE('',#11464,#11465);
#11464 = CARTESIAN_POINT('',(-129.8,-15.5,6.));
#11465 = VECTOR('',#11466,1.);
#11466 = DIRECTION('',(0.,0.,1.));
#11467 = ORIENTED_EDGE('',*,*,#11399,.T.);
#11468 = ORIENTED_EDGE('',*,*,#11462,.T.);
#11469 = CYLINDRICAL_SURFACE('',#11470,1.7);
#11470 = AXIS2_PLACEMENT_3D('',#11471,#11472,#11473);
#11471 = CARTESIAN_POINT('',(-131.5,-15.5,6.));
#11472 = DIRECTION('',(0.,0.,1.));
#11473 = DIRECTION('',(1.,0.,-0.));
#11474 = ADVANCED_FACE('',(#11475),#11486,.F.);
#11475 = FACE_BOUND('',#11476,.F.);
#11476 = EDGE_LOOP('',(#11477,#11478,#11484,#11485));
#11477 = ORIENTED_EDGE('',*,*,#11325,.F.);
#11478 = ORIENTED_EDGE('',*,*,#11479,.F.);
#11479 = EDGE_CURVE('',#11411,#11326,#11480,.T.);
#11480 = LINE('',#11481,#11482);
#11481 = CARTESIAN_POINT('',(-98.8,-15.5,6.));
#11482 = VECTOR('',#11483,1.);
#11483 = DIRECTION('',(0.,0.,1.));
#11484 = ORIENTED_EDGE('',*,*,#11410,.T.);
#11485 = ORIENTED_EDGE('',*,*,#11479,.T.);
#11486 = CYLINDRICAL_SURFACE('',#11487,1.7);
#11487 = AXIS2_PLACEMENT_3D('',#11488,#11489,#11490);
#11488 = CARTESIAN_POINT('',(-100.5,-15.5,6.));
#11489 = DIRECTION('',(0.,0.,1.));
#11490 = DIRECTION('',(1.,0.,-0.));
#11491 = ADVANCED_FACE('',(#11492),#11503,.F.);
#11492 = FACE_BOUND('',#11493,.F.);
#11493 = EDGE_LOOP('',(#11494,#11495,#11501,#11502));
#11494 = ORIENTED_EDGE('',*,*,#11336,.F.);
#11495 = ORIENTED_EDGE('',*,*,#11496,.F.);
#11496 = EDGE_CURVE('',#11422,#11337,#11497,.T.);
#11497 = LINE('',#11498,#11499);
#11498 = CARTESIAN_POINT('',(-129.8,15.5,6.));
#11499 = VECTOR('',#11500,1.);
#11500 = DIRECTION('',(0.,0.,1.));
#11501 = ORIENTED_EDGE('',*,*,#11421,.T.);
#11502 = ORIENTED_EDGE('',*,*,#11496,.T.);
#11503 = CYLINDRICAL_SURFACE('',#11504,1.7);
#11504 = AXIS2_PLACEMENT_3D('',#11505,#11506,#11507);
#11505 = CARTESIAN_POINT('',(-131.5,15.5,6.));
#11506 = DIRECTION('',(0.,0.,1.));
#11507 = DIRECTION('',(1.,0.,-0.));
#11508 = ADVANCED_FACE('',(#11509),#11520,.F.);
#11509 = FACE_BOUND('',#11510,.F.);
#11510 = EDGE_LOOP('',(#11511,#11512,#11518,#11519));
#11511 = ORIENTED_EDGE('',*,*,#11347,.F.);
#11512 = ORIENTED_EDGE('',*,*,#11513,.F.);
#11513 = EDGE_CURVE('',#11433,#11348,#11514,.T.);
#11514 = LINE('',#11515,#11516);
#11515 = CARTESIAN_POINT('',(-98.8,15.5,6.));
#11516 = VECTOR('',#11517,1.);
#11517 = DIRECTION('',(0.,0.,1.));
#11518 = ORIENTED_EDGE('',*,*,#11432,.T.);
#11519 = ORIENTED_EDGE('',*,*,#11513,.T.);
#11520 = CYLINDRICAL_SURFACE('',#11521,1.7);
#11521 = AXIS2_PLACEMENT_3D('',#11522,#11523,#11524);
#11522 = CARTESIAN_POINT('',(-100.5,15.5,6.));
#11523 = DIRECTION('',(0.,0.,1.));
#11524 = DIRECTION('',(1.,0.,-0.));
#11525 = MANIFOLD_SOLID_BREP('',#11526);
#11526 = CLOSED_SHELL('',(#11527,#11567,#11598,#11622,#11646,#11663,
    #11686,#11711,#11731,#11756));
#11527 = ADVANCED_FACE('',(#11528),#11562,.F.);
#11528 = FACE_BOUND('',#11529,.F.);
#11529 = EDGE_LOOP('',(#11530,#11540,#11548,#11556));
#11530 = ORIENTED_EDGE('',*,*,#11531,.F.);
#11531 = EDGE_CURVE('',#11532,#11534,#11536,.T.);
#11532 = VERTEX_POINT('',#11533);
#11533 = CARTESIAN_POINT('',(-136.,-21.15,33.85));
#11534 = VERTEX_POINT('',#11535);
#11535 = CARTESIAN_POINT('',(-136.,-21.15,76.15));
#11536 = LINE('',#11537,#11538);
#11537 = CARTESIAN_POINT('',(-136.,-21.15,33.85));
#11538 = VECTOR('',#11539,1.);
#11539 = DIRECTION('',(0.,0.,1.));
#11540 = ORIENTED_EDGE('',*,*,#11541,.T.);
#11541 = EDGE_CURVE('',#11532,#11542,#11544,.T.);
#11542 = VERTEX_POINT('',#11543);
#11543 = CARTESIAN_POINT('',(-136.,21.15,33.85));
#11544 = LINE('',#11545,#11546);
#11545 = CARTESIAN_POINT('',(-136.,-21.15,33.85));
#11546 = VECTOR('',#11547,1.);
#11547 = DIRECTION('',(-0.,1.,0.));
#11548 = ORIENTED_EDGE('',*,*,#11549,.T.);
#11549 = EDGE_CURVE('',#11542,#11550,#11552,.T.);
#11550 = VERTEX_POINT('',#11551);
#11551 = CARTESIAN_POINT('',(-136.,21.15,76.15));
#11552 = LINE('',#11553,#11554);
#11553 = CARTESIAN_POINT('',(-136.,21.15,33.85));
#11554 = VECTOR('',#11555,1.);
#11555 = DIRECTION('',(0.,0.,1.));
#11556 = ORIENTED_EDGE('',*,*,#11557,.F.);
#11557 = EDGE_CURVE('',#11534,#11550,#11558,.T.);
#11558 = LINE('',#11559,#11560);
#11559 = CARTESIAN_POINT('',(-136.,-21.15,76.15));
#11560 = VECTOR('',#11561,1.);
#11561 = DIRECTION('',(-0.,1.,0.));
#11562 = PLANE('',#11563);
#11563 = AXIS2_PLACEMENT_3D('',#11564,#11565,#11566);
#11564 = CARTESIAN_POINT('',(-136.,-21.15,33.85));
#11565 = DIRECTION('',(1.,0.,-0.));
#11566 = DIRECTION('',(0.,0.,1.));
#11567 = ADVANCED_FACE('',(#11568),#11593,.F.);
#11568 = FACE_BOUND('',#11569,.F.);
#11569 = EDGE_LOOP('',(#11570,#11578,#11579,#11587));
#11570 = ORIENTED_EDGE('',*,*,#11571,.F.);
#11571 = EDGE_CURVE('',#11532,#11572,#11574,.T.);
#11572 = VERTEX_POINT('',#11573);
#11573 = CARTESIAN_POINT('',(-96.,-21.15,33.85));
#11574 = LINE('',#11575,#11576);
#11575 = CARTESIAN_POINT('',(-136.,-21.15,33.85));
#11576 = VECTOR('',#11577,1.);
#11577 = DIRECTION('',(1.,0.,-0.));
#11578 = ORIENTED_EDGE('',*,*,#11531,.T.);
#11579 = ORIENTED_EDGE('',*,*,#11580,.T.);
#11580 = EDGE_CURVE('',#11534,#11581,#11583,.T.);
#11581 = VERTEX_POINT('',#11582);
#11582 = CARTESIAN_POINT('',(-96.,-21.15,76.15));
#11583 = LINE('',#11584,#11585);
#11584 = CARTESIAN_POINT('',(-136.,-21.15,76.15));
#11585 = VECTOR('',#11586,1.);
#11586 = DIRECTION('',(1.,0.,-0.));
#11587 = ORIENTED_EDGE('',*,*,#11588,.F.);
#11588 = EDGE_CURVE('',#11572,#11581,#11589,.T.);
#11589 = LINE('',#11590,#11591);
#11590 = CARTESIAN_POINT('',(-96.,-21.15,33.85));
#11591 = VECTOR('',#11592,1.);
#11592 = DIRECTION('',(0.,0.,1.));
#11593 = PLANE('',#11594);
#11594 = AXIS2_PLACEMENT_3D('',#11595,#11596,#11597);
#11595 = CARTESIAN_POINT('',(-136.,-21.15,33.85));
#11596 = DIRECTION('',(-0.,1.,0.));
#11597 = DIRECTION('',(0.,0.,1.));
#11598 = ADVANCED_FACE('',(#11599),#11617,.T.);
#11599 = FACE_BOUND('',#11600,.T.);
#11600 = EDGE_LOOP('',(#11601,#11602,#11603,#11611));
#11601 = ORIENTED_EDGE('',*,*,#11557,.F.);
#11602 = ORIENTED_EDGE('',*,*,#11580,.T.);
#11603 = ORIENTED_EDGE('',*,*,#11604,.T.);
#11604 = EDGE_CURVE('',#11581,#11605,#11607,.T.);
#11605 = VERTEX_POINT('',#11606);
#11606 = CARTESIAN_POINT('',(-96.,21.15,76.15));
#11607 = LINE('',#11608,#11609);
#11608 = CARTESIAN_POINT('',(-96.,-21.15,76.15));
#11609 = VECTOR('',#11610,1.);
#11610 = DIRECTION('',(-0.,1.,0.));
#11611 = ORIENTED_EDGE('',*,*,#11612,.F.);
#11612 = EDGE_CURVE('',#11550,#11605,#11613,.T.);
#11613 = LINE('',#11614,#11615);
#11614 = CARTESIAN_POINT('',(-136.,21.15,76.15));
#11615 = VECTOR('',#11616,1.);
#11616 = DIRECTION('',(1.,0.,-0.));
#11617 = PLANE('',#11618);
#11618 = AXIS2_PLACEMENT_3D('',#11619,#11620,#11621);
#11619 = CARTESIAN_POINT('',(-136.,-21.15,76.15));
#11620 = DIRECTION('',(0.,0.,1.));
#11621 = DIRECTION('',(1.,0.,-0.));
#11622 = ADVANCED_FACE('',(#11623),#11641,.T.);
#11623 = FACE_BOUND('',#11624,.T.);
#11624 = EDGE_LOOP('',(#11625,#11633,#11634,#11635));
#11625 = ORIENTED_EDGE('',*,*,#11626,.F.);
#11626 = EDGE_CURVE('',#11542,#11627,#11629,.T.);
#11627 = VERTEX_POINT('',#11628);
#11628 = CARTESIAN_POINT('',(-96.,21.15,33.85));
#11629 = LINE('',#11630,#11631);
#11630 = CARTESIAN_POINT('',(-136.,21.15,33.85));
#11631 = VECTOR('',#11632,1.);
#11632 = DIRECTION('',(1.,0.,-0.));
#11633 = ORIENTED_EDGE('',*,*,#11549,.T.);
#11634 = ORIENTED_EDGE('',*,*,#11612,.T.);
#11635 = ORIENTED_EDGE('',*,*,#11636,.F.);
#11636 = EDGE_CURVE('',#11627,#11605,#11637,.T.);
#11637 = LINE('',#11638,#11639);
#11638 = CARTESIAN_POINT('',(-96.,21.15,33.85));
#11639 = VECTOR('',#11640,1.);
#11640 = DIRECTION('',(0.,0.,1.));
#11641 = PLANE('',#11642);
#11642 = AXIS2_PLACEMENT_3D('',#11643,#11644,#11645);
#11643 = CARTESIAN_POINT('',(-136.,21.15,33.85));
#11644 = DIRECTION('',(-0.,1.,0.));
#11645 = DIRECTION('',(0.,0.,1.));
#11646 = ADVANCED_FACE('',(#11647),#11658,.F.);
#11647 = FACE_BOUND('',#11648,.F.);
#11648 = EDGE_LOOP('',(#11649,#11650,#11651,#11657));
#11649 = ORIENTED_EDGE('',*,*,#11541,.F.);
#11650 = ORIENTED_EDGE('',*,*,#11571,.T.);
#11651 = ORIENTED_EDGE('',*,*,#11652,.T.);
#11652 = EDGE_CURVE('',#11572,#11627,#11653,.T.);
#11653 = LINE('',#11654,#11655);
#11654 = CARTESIAN_POINT('',(-96.,-21.15,33.85));
#11655 = VECTOR('',#11656,1.);
#11656 = DIRECTION('',(-0.,1.,0.));
#11657 = ORIENTED_EDGE('',*,*,#11626,.F.);
#11658 = PLANE('',#11659);
#11659 = AXIS2_PLACEMENT_3D('',#11660,#11661,#11662);
#11660 = CARTESIAN_POINT('',(-136.,-21.15,33.85));
#11661 = DIRECTION('',(0.,0.,1.));
#11662 = DIRECTION('',(1.,0.,-0.));
#11663 = ADVANCED_FACE('',(#11664,#11670),#11681,.T.);
#11664 = FACE_BOUND('',#11665,.T.);
#11665 = EDGE_LOOP('',(#11666,#11667,#11668,#11669));
#11666 = ORIENTED_EDGE('',*,*,#11588,.F.);
#11667 = ORIENTED_EDGE('',*,*,#11652,.T.);
#11668 = ORIENTED_EDGE('',*,*,#11636,.T.);
#11669 = ORIENTED_EDGE('',*,*,#11604,.F.);
#11670 = FACE_BOUND('',#11671,.T.);
#11671 = EDGE_LOOP('',(#11672));
#11672 = ORIENTED_EDGE('',*,*,#11673,.F.);
#11673 = EDGE_CURVE('',#11674,#11674,#11676,.T.);
#11674 = VERTEX_POINT('',#11675);
#11675 = CARTESIAN_POINT('',(-96.,2.755455298082E-15,66.25));
#11676 = CIRCLE('',#11677,11.25);
#11677 = AXIS2_PLACEMENT_3D('',#11678,#11679,#11680);
#11678 = CARTESIAN_POINT('',(-96.,0.,55.));
#11679 = DIRECTION('',(1.,0.,0.));
#11680 = DIRECTION('',(-0.,0.,1.));
#11681 = PLANE('',#11682);
#11682 = AXIS2_PLACEMENT_3D('',#11683,#11684,#11685);
#11683 = CARTESIAN_POINT('',(-96.,-21.15,33.85));
#11684 = DIRECTION('',(1.,0.,-0.));
#11685 = DIRECTION('',(0.,0.,1.));
#11686 = ADVANCED_FACE('',(#11687),#11706,.T.);
#11687 = FACE_BOUND('',#11688,.T.);
#11688 = EDGE_LOOP('',(#11689,#11698,#11704,#11705));
#11689 = ORIENTED_EDGE('',*,*,#11690,.F.);
#11690 = EDGE_CURVE('',#11691,#11691,#11693,.T.);
#11691 = VERTEX_POINT('',#11692);
#11692 = CARTESIAN_POINT('',(-94.,2.755455298082E-15,66.25));
#11693 = CIRCLE('',#11694,11.25);
#11694 = AXIS2_PLACEMENT_3D('',#11695,#11696,#11697);
#11695 = CARTESIAN_POINT('',(-94.,0.,55.));
#11696 = DIRECTION('',(1.,0.,0.));
#11697 = DIRECTION('',(-0.,0.,1.));
#11698 = ORIENTED_EDGE('',*,*,#11699,.F.);
#11699 = EDGE_CURVE('',#11674,#11691,#11700,.T.);
#11700 = LINE('',#11701,#11702);
#11701 = CARTESIAN_POINT('',(-96.,2.755455298082E-15,66.25));
#11702 = VECTOR('',#11703,1.);
#11703 = DIRECTION('',(1.,0.,0.));
#11704 = ORIENTED_EDGE('',*,*,#11673,.T.);
#11705 = ORIENTED_EDGE('',*,*,#11699,.T.);
#11706 = CYLINDRICAL_SURFACE('',#11707,11.25);
#11707 = AXIS2_PLACEMENT_3D('',#11708,#11709,#11710);
#11708 = CARTESIAN_POINT('',(-96.,0.,55.));
#11709 = DIRECTION('',(1.,0.,0.));
#11710 = DIRECTION('',(-0.,0.,1.));
#11711 = ADVANCED_FACE('',(#11712,#11715),#11726,.T.);
#11712 = FACE_BOUND('',#11713,.T.);
#11713 = EDGE_LOOP('',(#11714));
#11714 = ORIENTED_EDGE('',*,*,#11690,.T.);
#11715 = FACE_BOUND('',#11716,.T.);
#11716 = EDGE_LOOP('',(#11717));
#11717 = ORIENTED_EDGE('',*,*,#11718,.F.);
#11718 = EDGE_CURVE('',#11719,#11719,#11721,.T.);
#11719 = VERTEX_POINT('',#11720);
#11720 = CARTESIAN_POINT('',(-94.,6.123233995737E-16,57.5));
#11721 = CIRCLE('',#11722,2.5);
#11722 = AXIS2_PLACEMENT_3D('',#11723,#11724,#11725);
#11723 = CARTESIAN_POINT('',(-94.,0.,55.));
#11724 = DIRECTION('',(1.,0.,0.));
#11725 = DIRECTION('',(-0.,0.,1.));
#11726 = PLANE('',#11727);
#11727 = AXIS2_PLACEMENT_3D('',#11728,#11729,#11730);
#11728 = CARTESIAN_POINT('',(-94.,0.,55.));
#11729 = DIRECTION('',(1.,0.,0.));
#11730 = DIRECTION('',(-0.,0.,1.));
#11731 = ADVANCED_FACE('',(#11732),#11751,.T.);
#11732 = FACE_BOUND('',#11733,.T.);
#11733 = EDGE_LOOP('',(#11734,#11742,#11749,#11750));
#11734 = ORIENTED_EDGE('',*,*,#11735,.T.);
#11735 = EDGE_CURVE('',#11719,#11736,#11738,.T.);
#11736 = VERTEX_POINT('',#11737);
#11737 = CARTESIAN_POINT('',(-72.,6.123233995737E-16,57.5));
#11738 = LINE('',#11739,#11740);
#11739 = CARTESIAN_POINT('',(-96.,6.123233995737E-16,57.5));
#11740 = VECTOR('',#11741,1.);
#11741 = DIRECTION('',(1.,0.,0.));
#11742 = ORIENTED_EDGE('',*,*,#11743,.F.);
#11743 = EDGE_CURVE('',#11736,#11736,#11744,.T.);
#11744 = CIRCLE('',#11745,2.5);
#11745 = AXIS2_PLACEMENT_3D('',#11746,#11747,#11748);
#11746 = CARTESIAN_POINT('',(-72.,0.,55.));
#11747 = DIRECTION('',(1.,0.,0.));
#11748 = DIRECTION('',(-0.,0.,1.));
#11749 = ORIENTED_EDGE('',*,*,#11735,.F.);
#11750 = ORIENTED_EDGE('',*,*,#11718,.T.);
#11751 = CYLINDRICAL_SURFACE('',#11752,2.5);
#11752 = AXIS2_PLACEMENT_3D('',#11753,#11754,#11755);
#11753 = CARTESIAN_POINT('',(-96.,0.,55.));
#11754 = DIRECTION('',(1.,0.,0.));
#11755 = DIRECTION('',(-0.,0.,1.));
#11756 = ADVANCED_FACE('',(#11757),#11760,.T.);
#11757 = FACE_BOUND('',#11758,.T.);
#11758 = EDGE_LOOP('',(#11759));
#11759 = ORIENTED_EDGE('',*,*,#11743,.T.);
#11760 = PLANE('',#11761);
#11761 = AXIS2_PLACEMENT_3D('',#11762,#11763,#11764);
#11762 = CARTESIAN_POINT('',(-72.,0.,55.));
#11763 = DIRECTION('',(1.,0.,0.));
#11764 = DIRECTION('',(-0.,0.,1.));
#11765 = MANIFOLD_SOLID_BREP('',#11766);
#11766 = CLOSED_SHELL('',(#11767,#11800,#11820,#11840,#11865,#11890,
    #11899));
#11767 = ADVANCED_FACE('',(#11768),#11795,.T.);
#11768 = FACE_BOUND('',#11769,.T.);
#11769 = EDGE_LOOP('',(#11770,#11779,#11787,#11794));
#11770 = ORIENTED_EDGE('',*,*,#11771,.T.);
#11771 = EDGE_CURVE('',#11772,#11772,#11774,.T.);
#11772 = VERTEX_POINT('',#11773);
#11773 = CARTESIAN_POINT('',(-89.,3.306546357698E-15,128.5));
#11774 = CIRCLE('',#11775,13.5);
#11775 = AXIS2_PLACEMENT_3D('',#11776,#11777,#11778);
#11776 = CARTESIAN_POINT('',(-89.,0.,115.));
#11777 = DIRECTION('',(1.,0.,0.));
#11778 = DIRECTION('',(-0.,0.,1.));
#11779 = ORIENTED_EDGE('',*,*,#11780,.T.);
#11780 = EDGE_CURVE('',#11772,#11781,#11783,.T.);
#11781 = VERTEX_POINT('',#11782);
#11782 = CARTESIAN_POINT('',(-81.,3.306546357698E-15,128.5));
#11783 = LINE('',#11784,#11785);
#11784 = CARTESIAN_POINT('',(-89.5,3.306546357698E-15,128.5));
#11785 = VECTOR('',#11786,1.);
#11786 = DIRECTION('',(1.,0.,0.));
#11787 = ORIENTED_EDGE('',*,*,#11788,.F.);
#11788 = EDGE_CURVE('',#11781,#11781,#11789,.T.);
#11789 = CIRCLE('',#11790,13.5);
#11790 = AXIS2_PLACEMENT_3D('',#11791,#11792,#11793);
#11791 = CARTESIAN_POINT('',(-81.,0.,115.));
#11792 = DIRECTION('',(1.,0.,0.));
#11793 = DIRECTION('',(-0.,0.,1.));
#11794 = ORIENTED_EDGE('',*,*,#11780,.F.);
#11795 = CYLINDRICAL_SURFACE('',#11796,13.5);
#11796 = AXIS2_PLACEMENT_3D('',#11797,#11798,#11799);
#11797 = CARTESIAN_POINT('',(-89.5,0.,115.));
#11798 = DIRECTION('',(1.,0.,0.));
#11799 = DIRECTION('',(-0.,0.,1.));
#11800 = ADVANCED_FACE('',(#11801,#11812),#11815,.T.);
#11801 = FACE_BOUND('',#11802,.T.);
#11802 = EDGE_LOOP('',(#11803));
#11803 = ORIENTED_EDGE('',*,*,#11804,.T.);
#11804 = EDGE_CURVE('',#11805,#11805,#11807,.T.);
#11805 = VERTEX_POINT('',#11806);
#11806 = CARTESIAN_POINT('',(-89.,3.673940397442E-15,130.));
#11807 = CIRCLE('',#11808,15.);
#11808 = AXIS2_PLACEMENT_3D('',#11809,#11810,#11811);
#11809 = CARTESIAN_POINT('',(-89.,0.,115.));
#11810 = DIRECTION('',(1.,0.,0.));
#11811 = DIRECTION('',(-0.,0.,1.));
#11812 = FACE_BOUND('',#11813,.T.);
#11813 = EDGE_LOOP('',(#11814));
#11814 = ORIENTED_EDGE('',*,*,#11771,.F.);
#11815 = PLANE('',#11816);
#11816 = AXIS2_PLACEMENT_3D('',#11817,#11818,#11819);
#11817 = CARTESIAN_POINT('',(-89.,0.,115.));
#11818 = DIRECTION('',(1.,0.,0.));
#11819 = DIRECTION('',(-0.,0.,1.));
#11820 = ADVANCED_FACE('',(#11821,#11832),#11835,.F.);
#11821 = FACE_BOUND('',#11822,.F.);
#11822 = EDGE_LOOP('',(#11823));
#11823 = ORIENTED_EDGE('',*,*,#11824,.T.);
#11824 = EDGE_CURVE('',#11825,#11825,#11827,.T.);
#11825 = VERTEX_POINT('',#11826);
#11826 = CARTESIAN_POINT('',(-81.,3.673940397442E-15,130.));
#11827 = CIRCLE('',#11828,15.);
#11828 = AXIS2_PLACEMENT_3D('',#11829,#11830,#11831);
#11829 = CARTESIAN_POINT('',(-81.,0.,115.));
#11830 = DIRECTION('',(1.,0.,0.));
#11831 = DIRECTION('',(-0.,0.,1.));
#11832 = FACE_BOUND('',#11833,.F.);
#11833 = EDGE_LOOP('',(#11834));
#11834 = ORIENTED_EDGE('',*,*,#11788,.F.);
#11835 = PLANE('',#11836);
#11836 = AXIS2_PLACEMENT_3D('',#11837,#11838,#11839);
#11837 = CARTESIAN_POINT('',(-81.,0.,115.));
#11838 = DIRECTION('',(1.,0.,0.));
#11839 = DIRECTION('',(-0.,0.,1.));
#11840 = ADVANCED_FACE('',(#11841),#11860,.T.);
#11841 = FACE_BOUND('',#11842,.T.);
#11842 = EDGE_LOOP('',(#11843,#11844,#11852,#11859));
#11843 = ORIENTED_EDGE('',*,*,#11804,.F.);
#11844 = ORIENTED_EDGE('',*,*,#11845,.F.);
#11845 = EDGE_CURVE('',#11846,#11805,#11848,.T.);
#11846 = VERTEX_POINT('',#11847);
#11847 = CARTESIAN_POINT('',(-90.6,3.673940397442E-15,130.));
#11848 = LINE('',#11849,#11850);
#11849 = CARTESIAN_POINT('',(-90.6,3.673940397442E-15,130.));
#11850 = VECTOR('',#11851,1.);
#11851 = DIRECTION('',(1.,0.,0.));
#11852 = ORIENTED_EDGE('',*,*,#11853,.T.);
#11853 = EDGE_CURVE('',#11846,#11846,#11854,.T.);
#11854 = CIRCLE('',#11855,15.);
#11855 = AXIS2_PLACEMENT_3D('',#11856,#11857,#11858);
#11856 = CARTESIAN_POINT('',(-90.6,0.,115.));
#11857 = DIRECTION('',(1.,0.,0.));
#11858 = DIRECTION('',(-0.,0.,1.));
#11859 = ORIENTED_EDGE('',*,*,#11845,.T.);
#11860 = CYLINDRICAL_SURFACE('',#11861,15.);
#11861 = AXIS2_PLACEMENT_3D('',#11862,#11863,#11864);
#11862 = CARTESIAN_POINT('',(-90.6,0.,115.));
#11863 = DIRECTION('',(1.,0.,0.));
#11864 = DIRECTION('',(-0.,0.,1.));
#11865 = ADVANCED_FACE('',(#11866),#11885,.T.);
#11866 = FACE_BOUND('',#11867,.T.);
#11867 = EDGE_LOOP('',(#11868,#11877,#11883,#11884));
#11868 = ORIENTED_EDGE('',*,*,#11869,.F.);
#11869 = EDGE_CURVE('',#11870,#11870,#11872,.T.);
#11870 = VERTEX_POINT('',#11871);
#11871 = CARTESIAN_POINT('',(-79.4,3.673940397442E-15,130.));
#11872 = CIRCLE('',#11873,15.);
#11873 = AXIS2_PLACEMENT_3D('',#11874,#11875,#11876);
#11874 = CARTESIAN_POINT('',(-79.4,0.,115.));
#11875 = DIRECTION('',(1.,0.,0.));
#11876 = DIRECTION('',(-0.,0.,1.));
#11877 = ORIENTED_EDGE('',*,*,#11878,.F.);
#11878 = EDGE_CURVE('',#11825,#11870,#11879,.T.);
#11879 = LINE('',#11880,#11881);
#11880 = CARTESIAN_POINT('',(-81.,3.673940397442E-15,130.));
#11881 = VECTOR('',#11882,1.);
#11882 = DIRECTION('',(1.,0.,0.));
#11883 = ORIENTED_EDGE('',*,*,#11824,.T.);
#11884 = ORIENTED_EDGE('',*,*,#11878,.T.);
#11885 = CYLINDRICAL_SURFACE('',#11886,15.);
#11886 = AXIS2_PLACEMENT_3D('',#11887,#11888,#11889);
#11887 = CARTESIAN_POINT('',(-81.,0.,115.));
#11888 = DIRECTION('',(1.,0.,0.));
#11889 = DIRECTION('',(-0.,0.,1.));
#11890 = ADVANCED_FACE('',(#11891),#11894,.F.);
#11891 = FACE_BOUND('',#11892,.T.);
#11892 = EDGE_LOOP('',(#11893));
#11893 = ORIENTED_EDGE('',*,*,#11853,.F.);
#11894 = PLANE('',#11895);
#11895 = AXIS2_PLACEMENT_3D('',#11896,#11897,#11898);
#11896 = CARTESIAN_POINT('',(-90.6,0.,115.));
#11897 = DIRECTION('',(1.,0.,0.));
#11898 = DIRECTION('',(-0.,0.,1.));
#11899 = ADVANCED_FACE('',(#11900),#11903,.T.);
#11900 = FACE_BOUND('',#11901,.T.);
#11901 = EDGE_LOOP('',(#11902));
#11902 = ORIENTED_EDGE('',*,*,#11869,.T.);
#11903 = PLANE('',#11904);
#11904 = AXIS2_PLACEMENT_3D('',#11905,#11906,#11907);
#11905 = CARTESIAN_POINT('',(-79.4,0.,115.));
#11906 = DIRECTION('',(1.,0.,0.));
#11907 = DIRECTION('',(-0.,0.,1.));
#11908 = MANIFOLD_SOLID_BREP('',#11909);
#11909 = CLOSED_SHELL('',(#11910,#11943,#11963,#11983,#12008,#12033,
    #12042));
#11910 = ADVANCED_FACE('',(#11911),#11938,.T.);
#11911 = FACE_BOUND('',#11912,.T.);
#11912 = EDGE_LOOP('',(#11913,#11922,#11930,#11937));
#11913 = ORIENTED_EDGE('',*,*,#11914,.T.);
#11914 = EDGE_CURVE('',#11915,#11915,#11917,.T.);
#11915 = VERTEX_POINT('',#11916);
#11916 = CARTESIAN_POINT('',(-89.,1.714505518806E-15,62.));
#11917 = CIRCLE('',#11918,7.);
#11918 = AXIS2_PLACEMENT_3D('',#11919,#11920,#11921);
#11919 = CARTESIAN_POINT('',(-89.,0.,55.));
#11920 = DIRECTION('',(1.,0.,0.));
#11921 = DIRECTION('',(-0.,0.,1.));
#11922 = ORIENTED_EDGE('',*,*,#11923,.T.);
#11923 = EDGE_CURVE('',#11915,#11924,#11926,.T.);
#11924 = VERTEX_POINT('',#11925);
#11925 = CARTESIAN_POINT('',(-81.,1.714505518806E-15,62.));
#11926 = LINE('',#11927,#11928);
#11927 = CARTESIAN_POINT('',(-89.5,1.714505518806E-15,62.));
#11928 = VECTOR('',#11929,1.);
#11929 = DIRECTION('',(1.,0.,0.));
#11930 = ORIENTED_EDGE('',*,*,#11931,.F.);
#11931 = EDGE_CURVE('',#11924,#11924,#11932,.T.);
#11932 = CIRCLE('',#11933,7.);
#11933 = AXIS2_PLACEMENT_3D('',#11934,#11935,#11936);
#11934 = CARTESIAN_POINT('',(-81.,0.,55.));
#11935 = DIRECTION('',(1.,0.,0.));
#11936 = DIRECTION('',(-0.,0.,1.));
#11937 = ORIENTED_EDGE('',*,*,#11923,.F.);
#11938 = CYLINDRICAL_SURFACE('',#11939,7.);
#11939 = AXIS2_PLACEMENT_3D('',#11940,#11941,#11942);
#11940 = CARTESIAN_POINT('',(-89.5,0.,55.));
#11941 = DIRECTION('',(1.,0.,0.));
#11942 = DIRECTION('',(-0.,0.,1.));
#11943 = ADVANCED_FACE('',(#11944,#11955),#11958,.T.);
#11944 = FACE_BOUND('',#11945,.T.);
#11945 = EDGE_LOOP('',(#11946));
#11946 = ORIENTED_EDGE('',*,*,#11947,.T.);
#11947 = EDGE_CURVE('',#11948,#11948,#11950,.T.);
#11948 = VERTEX_POINT('',#11949);
#11949 = CARTESIAN_POINT('',(-89.,2.081899558551E-15,63.5));
#11950 = CIRCLE('',#11951,8.5);
#11951 = AXIS2_PLACEMENT_3D('',#11952,#11953,#11954);
#11952 = CARTESIAN_POINT('',(-89.,0.,55.));
#11953 = DIRECTION('',(1.,0.,0.));
#11954 = DIRECTION('',(-0.,0.,1.));
#11955 = FACE_BOUND('',#11956,.T.);
#11956 = EDGE_LOOP('',(#11957));
#11957 = ORIENTED_EDGE('',*,*,#11914,.F.);
#11958 = PLANE('',#11959);
#11959 = AXIS2_PLACEMENT_3D('',#11960,#11961,#11962);
#11960 = CARTESIAN_POINT('',(-89.,0.,55.));
#11961 = DIRECTION('',(1.,0.,0.));
#11962 = DIRECTION('',(-0.,0.,1.));
#11963 = ADVANCED_FACE('',(#11964,#11975),#11978,.F.);
#11964 = FACE_BOUND('',#11965,.F.);
#11965 = EDGE_LOOP('',(#11966));
#11966 = ORIENTED_EDGE('',*,*,#11967,.T.);
#11967 = EDGE_CURVE('',#11968,#11968,#11970,.T.);
#11968 = VERTEX_POINT('',#11969);
#11969 = CARTESIAN_POINT('',(-81.,2.081899558551E-15,63.5));
#11970 = CIRCLE('',#11971,8.5);
#11971 = AXIS2_PLACEMENT_3D('',#11972,#11973,#11974);
#11972 = CARTESIAN_POINT('',(-81.,0.,55.));
#11973 = DIRECTION('',(1.,0.,0.));
#11974 = DIRECTION('',(-0.,0.,1.));
#11975 = FACE_BOUND('',#11976,.F.);
#11976 = EDGE_LOOP('',(#11977));
#11977 = ORIENTED_EDGE('',*,*,#11931,.F.);
#11978 = PLANE('',#11979);
#11979 = AXIS2_PLACEMENT_3D('',#11980,#11981,#11982);
#11980 = CARTESIAN_POINT('',(-81.,0.,55.));
#11981 = DIRECTION('',(1.,0.,0.));
#11982 = DIRECTION('',(-0.,0.,1.));
#11983 = ADVANCED_FACE('',(#11984),#12003,.T.);
#11984 = FACE_BOUND('',#11985,.T.);
#11985 = EDGE_LOOP('',(#11986,#11987,#11995,#12002));
#11986 = ORIENTED_EDGE('',*,*,#11947,.F.);
#11987 = ORIENTED_EDGE('',*,*,#11988,.F.);
#11988 = EDGE_CURVE('',#11989,#11948,#11991,.T.);
#11989 = VERTEX_POINT('',#11990);
#11990 = CARTESIAN_POINT('',(-90.6,2.081899558551E-15,63.5));
#11991 = LINE('',#11992,#11993);
#11992 = CARTESIAN_POINT('',(-90.6,2.081899558551E-15,63.5));
#11993 = VECTOR('',#11994,1.);
#11994 = DIRECTION('',(1.,0.,0.));
#11995 = ORIENTED_EDGE('',*,*,#11996,.T.);
#11996 = EDGE_CURVE('',#11989,#11989,#11997,.T.);
#11997 = CIRCLE('',#11998,8.5);
#11998 = AXIS2_PLACEMENT_3D('',#11999,#12000,#12001);
#11999 = CARTESIAN_POINT('',(-90.6,0.,55.));
#12000 = DIRECTION('',(1.,0.,0.));
#12001 = DIRECTION('',(-0.,0.,1.));
#12002 = ORIENTED_EDGE('',*,*,#11988,.T.);
#12003 = CYLINDRICAL_SURFACE('',#12004,8.5);
#12004 = AXIS2_PLACEMENT_3D('',#12005,#12006,#12007);
#12005 = CARTESIAN_POINT('',(-90.6,0.,55.));
#12006 = DIRECTION('',(1.,0.,0.));
#12007 = DIRECTION('',(-0.,0.,1.));
#12008 = ADVANCED_FACE('',(#12009),#12028,.T.);
#12009 = FACE_BOUND('',#12010,.T.);
#12010 = EDGE_LOOP('',(#12011,#12020,#12026,#12027));
#12011 = ORIENTED_EDGE('',*,*,#12012,.F.);
#12012 = EDGE_CURVE('',#12013,#12013,#12015,.T.);
#12013 = VERTEX_POINT('',#12014);
#12014 = CARTESIAN_POINT('',(-79.4,2.081899558551E-15,63.5));
#12015 = CIRCLE('',#12016,8.5);
#12016 = AXIS2_PLACEMENT_3D('',#12017,#12018,#12019);
#12017 = CARTESIAN_POINT('',(-79.4,0.,55.));
#12018 = DIRECTION('',(1.,0.,0.));
#12019 = DIRECTION('',(-0.,0.,1.));
#12020 = ORIENTED_EDGE('',*,*,#12021,.F.);
#12021 = EDGE_CURVE('',#11968,#12013,#12022,.T.);
#12022 = LINE('',#12023,#12024);
#12023 = CARTESIAN_POINT('',(-81.,2.081899558551E-15,63.5));
#12024 = VECTOR('',#12025,1.);
#12025 = DIRECTION('',(1.,0.,0.));
#12026 = ORIENTED_EDGE('',*,*,#11967,.T.);
#12027 = ORIENTED_EDGE('',*,*,#12021,.T.);
#12028 = CYLINDRICAL_SURFACE('',#12029,8.5);
#12029 = AXIS2_PLACEMENT_3D('',#12030,#12031,#12032);
#12030 = CARTESIAN_POINT('',(-81.,0.,55.));
#12031 = DIRECTION('',(1.,0.,0.));
#12032 = DIRECTION('',(-0.,0.,1.));
#12033 = ADVANCED_FACE('',(#12034),#12037,.F.);
#12034 = FACE_BOUND('',#12035,.T.);
#12035 = EDGE_LOOP('',(#12036));
#12036 = ORIENTED_EDGE('',*,*,#11996,.F.);
#12037 = PLANE('',#12038);
#12038 = AXIS2_PLACEMENT_3D('',#12039,#12040,#12041);
#12039 = CARTESIAN_POINT('',(-90.6,0.,55.));
#12040 = DIRECTION('',(1.,0.,0.));
#12041 = DIRECTION('',(-0.,0.,1.));
#12042 = ADVANCED_FACE('',(#12043),#12046,.T.);
#12043 = FACE_BOUND('',#12044,.T.);
#12044 = EDGE_LOOP('',(#12045));
#12045 = ORIENTED_EDGE('',*,*,#12012,.T.);
#12046 = PLANE('',#12047);
#12047 = AXIS2_PLACEMENT_3D('',#12048,#12049,#12050);
#12048 = CARTESIAN_POINT('',(-79.4,0.,55.));
#12049 = DIRECTION('',(1.,0.,0.));
#12050 = DIRECTION('',(-0.,0.,1.));
#12051 = MANIFOLD_SOLID_BREP('',#12052);
#12052 = CLOSED_SHELL('',(#12053,#12093,#12124,#12155,#12199,#12232,
    #12249,#12266,#12292,#12304,#12329));
#12053 = ADVANCED_FACE('',(#12054),#12088,.F.);
#12054 = FACE_BOUND('',#12055,.F.);
#12055 = EDGE_LOOP('',(#12056,#12066,#12074,#12082));
#12056 = ORIENTED_EDGE('',*,*,#12057,.T.);
#12057 = EDGE_CURVE('',#12058,#12060,#12062,.T.);
#12058 = VERTEX_POINT('',#12059);
#12059 = CARTESIAN_POINT('',(438.5,4.907477288112,28.));
#12060 = VERTEX_POINT('',#12061);
#12061 = CARTESIAN_POINT('',(438.5,4.907477288112,37.));
#12062 = LINE('',#12063,#12064);
#12063 = CARTESIAN_POINT('',(438.5,4.907477288112,28.));
#12064 = VECTOR('',#12065,1.);
#12065 = DIRECTION('',(0.,0.,1.));
#12066 = ORIENTED_EDGE('',*,*,#12067,.T.);
#12067 = EDGE_CURVE('',#12060,#12068,#12070,.T.);
#12068 = VERTEX_POINT('',#12069);
#12069 = CARTESIAN_POINT('',(430.,9.814954576224,37.));
#12070 = LINE('',#12071,#12072);
#12071 = CARTESIAN_POINT('',(438.5,4.907477288112,37.));
#12072 = VECTOR('',#12073,1.);
#12073 = DIRECTION('',(-0.866025403784,0.5,0.));
#12074 = ORIENTED_EDGE('',*,*,#12075,.F.);
#12075 = EDGE_CURVE('',#12076,#12068,#12078,.T.);
#12076 = VERTEX_POINT('',#12077);
#12077 = CARTESIAN_POINT('',(430.,9.814954576224,28.));
#12078 = LINE('',#12079,#12080);
#12079 = CARTESIAN_POINT('',(430.,9.814954576224,28.));
#12080 = VECTOR('',#12081,1.);
#12081 = DIRECTION('',(0.,0.,1.));
#12082 = ORIENTED_EDGE('',*,*,#12083,.F.);
#12083 = EDGE_CURVE('',#12058,#12076,#12084,.T.);
#12084 = LINE('',#12085,#12086);
#12085 = CARTESIAN_POINT('',(438.5,4.907477288112,28.));
#12086 = VECTOR('',#12087,1.);
#12087 = DIRECTION('',(-0.866025403784,0.5,0.));
#12088 = PLANE('',#12089);
#12089 = AXIS2_PLACEMENT_3D('',#12090,#12091,#12092);
#12090 = CARTESIAN_POINT('',(438.5,4.907477288112,28.));
#12091 = DIRECTION('',(-0.5,-0.866025403784,0.));
#12092 = DIRECTION('',(-0.866025403784,0.5,0.));
#12093 = ADVANCED_FACE('',(#12094),#12119,.F.);
#12094 = FACE_BOUND('',#12095,.F.);
#12095 = EDGE_LOOP('',(#12096,#12106,#12112,#12113));
#12096 = ORIENTED_EDGE('',*,*,#12097,.T.);
#12097 = EDGE_CURVE('',#12098,#12100,#12102,.T.);
#12098 = VERTEX_POINT('',#12099);
#12099 = CARTESIAN_POINT('',(438.5,-4.907477288112,28.));
#12100 = VERTEX_POINT('',#12101);
#12101 = CARTESIAN_POINT('',(438.5,-4.907477288112,37.));
#12102 = LINE('',#12103,#12104);
#12103 = CARTESIAN_POINT('',(438.5,-4.907477288112,28.));
#12104 = VECTOR('',#12105,1.);
#12105 = DIRECTION('',(0.,0.,1.));
#12106 = ORIENTED_EDGE('',*,*,#12107,.T.);
#12107 = EDGE_CURVE('',#12100,#12060,#12108,.T.);
#12108 = LINE('',#12109,#12110);
#12109 = CARTESIAN_POINT('',(438.5,-4.907477288112,37.));
#12110 = VECTOR('',#12111,1.);
#12111 = DIRECTION('',(-1.809847234243E-16,1.,0.));
#12112 = ORIENTED_EDGE('',*,*,#12057,.F.);
#12113 = ORIENTED_EDGE('',*,*,#12114,.F.);
#12114 = EDGE_CURVE('',#12098,#12058,#12115,.T.);
#12115 = LINE('',#12116,#12117);
#12116 = CARTESIAN_POINT('',(438.5,-4.907477288112,28.));
#12117 = VECTOR('',#12118,1.);
#12118 = DIRECTION('',(-1.809847234243E-16,1.,0.));
#12119 = PLANE('',#12120);
#12120 = AXIS2_PLACEMENT_3D('',#12121,#12122,#12123);
#12121 = CARTESIAN_POINT('',(438.5,-4.907477288112,28.));
#12122 = DIRECTION('',(-1.,-1.809847234243E-16,0.));
#12123 = DIRECTION('',(-1.809847234243E-16,1.,0.));
#12124 = ADVANCED_FACE('',(#12125),#12150,.F.);
#12125 = FACE_BOUND('',#12126,.F.);
#12126 = EDGE_LOOP('',(#12127,#12128,#12136,#12144));
#12127 = ORIENTED_EDGE('',*,*,#12075,.T.);
#12128 = ORIENTED_EDGE('',*,*,#12129,.T.);
#12129 = EDGE_CURVE('',#12068,#12130,#12132,.T.);
#12130 = VERTEX_POINT('',#12131);
#12131 = CARTESIAN_POINT('',(421.5,4.907477288112,37.));
#12132 = LINE('',#12133,#12134);
#12133 = CARTESIAN_POINT('',(430.,9.814954576224,37.));
#12134 = VECTOR('',#12135,1.);
#12135 = DIRECTION('',(-0.866025403784,-0.5,0.));
#12136 = ORIENTED_EDGE('',*,*,#12137,.F.);
#12137 = EDGE_CURVE('',#12138,#12130,#12140,.T.);
#12138 = VERTEX_POINT('',#12139);
#12139 = CARTESIAN_POINT('',(421.5,4.907477288112,28.));
#12140 = LINE('',#12141,#12142);
#12141 = CARTESIAN_POINT('',(421.5,4.907477288112,28.));
#12142 = VECTOR('',#12143,1.);
#12143 = DIRECTION('',(0.,0.,1.));
#12144 = ORIENTED_EDGE('',*,*,#12145,.F.);
#12145 = EDGE_CURVE('',#12076,#12138,#12146,.T.);
#12146 = LINE('',#12147,#12148);
#12147 = CARTESIAN_POINT('',(430.,9.814954576224,28.));
#12148 = VECTOR('',#12149,1.);
#12149 = DIRECTION('',(-0.866025403784,-0.5,0.));
#12150 = PLANE('',#12151);
#12151 = AXIS2_PLACEMENT_3D('',#12152,#12153,#12154);
#12152 = CARTESIAN_POINT('',(430.,9.814954576224,28.));
#12153 = DIRECTION('',(0.5,-0.866025403784,0.));
#12154 = DIRECTION('',(-0.866025403784,-0.5,0.));
#12155 = ADVANCED_FACE('',(#12156,#12167),#12194,.T.);
#12156 = FACE_BOUND('',#12157,.T.);
#12157 = EDGE_LOOP('',(#12158));
#12158 = ORIENTED_EDGE('',*,*,#12159,.T.);
#12159 = EDGE_CURVE('',#12160,#12160,#12162,.T.);
#12160 = VERTEX_POINT('',#12161);
#12161 = CARTESIAN_POINT('',(440.19607767722,-2.497318778254E-15,28.));
#12162 = CIRCLE('',#12163,10.196077677225);
#12163 = AXIS2_PLACEMENT_3D('',#12164,#12165,#12166);
#12164 = CARTESIAN_POINT('',(430.,0.,28.));
#12165 = DIRECTION('',(0.,0.,1.));
#12166 = DIRECTION('',(1.,0.,0.));
#12167 = FACE_BOUND('',#12168,.T.);
#12168 = EDGE_LOOP('',(#12169,#12170,#12171,#12179,#12187,#12193));
#12169 = ORIENTED_EDGE('',*,*,#12083,.F.);
#12170 = ORIENTED_EDGE('',*,*,#12114,.F.);
#12171 = ORIENTED_EDGE('',*,*,#12172,.F.);
#12172 = EDGE_CURVE('',#12173,#12098,#12175,.T.);
#12173 = VERTEX_POINT('',#12174);
#12174 = CARTESIAN_POINT('',(430.,-9.814954576224,28.));
#12175 = LINE('',#12176,#12177);
#12176 = CARTESIAN_POINT('',(430.,-9.814954576224,28.));
#12177 = VECTOR('',#12178,1.);
#12178 = DIRECTION('',(0.866025403784,0.5,0.));
#12179 = ORIENTED_EDGE('',*,*,#12180,.F.);
#12180 = EDGE_CURVE('',#12181,#12173,#12183,.T.);
#12181 = VERTEX_POINT('',#12182);
#12182 = CARTESIAN_POINT('',(421.5,-4.907477288112,28.));
#12183 = LINE('',#12184,#12185);
#12184 = CARTESIAN_POINT('',(421.5,-4.907477288112,28.));
#12185 = VECTOR('',#12186,1.);
#12186 = DIRECTION('',(0.866025403784,-0.5,0.));
#12187 = ORIENTED_EDGE('',*,*,#12188,.F.);
#12188 = EDGE_CURVE('',#12138,#12181,#12189,.T.);
#12189 = LINE('',#12190,#12191);
#12190 = CARTESIAN_POINT('',(421.5,4.907477288112,28.));
#12191 = VECTOR('',#12192,1.);
#12192 = DIRECTION('',(-3.619694468487E-16,-1.,0.));
#12193 = ORIENTED_EDGE('',*,*,#12145,.F.);
#12194 = PLANE('',#12195);
#12195 = AXIS2_PLACEMENT_3D('',#12196,#12197,#12198);
#12196 = CARTESIAN_POINT('',(330.,-100.,28.));
#12197 = DIRECTION('',(0.,0.,1.));
#12198 = DIRECTION('',(1.,0.,0.));
#12199 = ADVANCED_FACE('',(#12200),#12227,.T.);
#12200 = FACE_BOUND('',#12201,.T.);
#12201 = EDGE_LOOP('',(#12202,#12203,#12204,#12212,#12220,#12226));
#12202 = ORIENTED_EDGE('',*,*,#12067,.T.);
#12203 = ORIENTED_EDGE('',*,*,#12129,.T.);
#12204 = ORIENTED_EDGE('',*,*,#12205,.T.);
#12205 = EDGE_CURVE('',#12130,#12206,#12208,.T.);
#12206 = VERTEX_POINT('',#12207);
#12207 = CARTESIAN_POINT('',(421.5,-4.907477288112,37.));
#12208 = LINE('',#12209,#12210);
#12209 = CARTESIAN_POINT('',(421.5,4.907477288112,37.));
#12210 = VECTOR('',#12211,1.);
#12211 = DIRECTION('',(-3.619694468487E-16,-1.,0.));
#12212 = ORIENTED_EDGE('',*,*,#12213,.T.);
#12213 = EDGE_CURVE('',#12206,#12214,#12216,.T.);
#12214 = VERTEX_POINT('',#12215);
#12215 = CARTESIAN_POINT('',(430.,-9.814954576224,37.));
#12216 = LINE('',#12217,#12218);
#12217 = CARTESIAN_POINT('',(421.5,-4.907477288112,37.));
#12218 = VECTOR('',#12219,1.);
#12219 = DIRECTION('',(0.866025403784,-0.5,0.));
#12220 = ORIENTED_EDGE('',*,*,#12221,.T.);
#12221 = EDGE_CURVE('',#12214,#12100,#12222,.T.);
#12222 = LINE('',#12223,#12224);
#12223 = CARTESIAN_POINT('',(430.,-9.814954576224,37.));
#12224 = VECTOR('',#12225,1.);
#12225 = DIRECTION('',(0.866025403784,0.5,0.));
#12226 = ORIENTED_EDGE('',*,*,#12107,.T.);
#12227 = PLANE('',#12228);
#12228 = AXIS2_PLACEMENT_3D('',#12229,#12230,#12231);
#12229 = CARTESIAN_POINT('',(430.,4.222976879901E-16,37.));
#12230 = DIRECTION('',(0.,0.,1.));
#12231 = DIRECTION('',(1.,0.,0.));
#12232 = ADVANCED_FACE('',(#12233),#12244,.F.);
#12233 = FACE_BOUND('',#12234,.F.);
#12234 = EDGE_LOOP('',(#12235,#12241,#12242,#12243));
#12235 = ORIENTED_EDGE('',*,*,#12236,.T.);
#12236 = EDGE_CURVE('',#12173,#12214,#12237,.T.);
#12237 = LINE('',#12238,#12239);
#12238 = CARTESIAN_POINT('',(430.,-9.814954576224,28.));
#12239 = VECTOR('',#12240,1.);
#12240 = DIRECTION('',(0.,0.,1.));
#12241 = ORIENTED_EDGE('',*,*,#12221,.T.);
#12242 = ORIENTED_EDGE('',*,*,#12097,.F.);
#12243 = ORIENTED_EDGE('',*,*,#12172,.F.);
#12244 = PLANE('',#12245);
#12245 = AXIS2_PLACEMENT_3D('',#12246,#12247,#12248);
#12246 = CARTESIAN_POINT('',(430.,-9.814954576224,28.));
#12247 = DIRECTION('',(-0.5,0.866025403784,0.));
#12248 = DIRECTION('',(0.866025403784,0.5,0.));
#12249 = ADVANCED_FACE('',(#12250),#12261,.F.);
#12250 = FACE_BOUND('',#12251,.F.);
#12251 = EDGE_LOOP('',(#12252,#12253,#12254,#12260));
#12252 = ORIENTED_EDGE('',*,*,#12137,.T.);
#12253 = ORIENTED_EDGE('',*,*,#12205,.T.);
#12254 = ORIENTED_EDGE('',*,*,#12255,.F.);
#12255 = EDGE_CURVE('',#12181,#12206,#12256,.T.);
#12256 = LINE('',#12257,#12258);
#12257 = CARTESIAN_POINT('',(421.5,-4.907477288112,28.));
#12258 = VECTOR('',#12259,1.);
#12259 = DIRECTION('',(0.,0.,1.));
#12260 = ORIENTED_EDGE('',*,*,#12188,.F.);
#12261 = PLANE('',#12262);
#12262 = AXIS2_PLACEMENT_3D('',#12263,#12264,#12265);
#12263 = CARTESIAN_POINT('',(421.5,4.907477288112,28.));
#12264 = DIRECTION('',(1.,-3.619694468487E-16,0.));
#12265 = DIRECTION('',(-3.619694468487E-16,-1.,0.));
#12266 = ADVANCED_FACE('',(#12267),#12287,.T.);
#12267 = FACE_BOUND('',#12268,.T.);
#12268 = EDGE_LOOP('',(#12269,#12278,#12279,#12280));
#12269 = ORIENTED_EDGE('',*,*,#12270,.T.);
#12270 = EDGE_CURVE('',#12271,#12160,#12273,.T.);
#12271 = VERTEX_POINT('',#12272);
#12272 = CARTESIAN_POINT('',(437.,-1.714505518806E-15,25.339811322281));
#12273 = CIRCLE('',#12274,13.6);
#12274 = AXIS2_PLACEMENT_3D('',#12275,#12276,#12277);
#12275 = CARTESIAN_POINT('',(430.,0.,37.));
#12276 = DIRECTION('',(-2.449293598295E-16,-1.,0.));
#12277 = DIRECTION('',(1.,-2.449293598295E-16,0.));
#12278 = ORIENTED_EDGE('',*,*,#12159,.F.);
#12279 = ORIENTED_EDGE('',*,*,#12270,.F.);
#12280 = ORIENTED_EDGE('',*,*,#12281,.T.);
#12281 = EDGE_CURVE('',#12271,#12271,#12282,.T.);
#12282 = CIRCLE('',#12283,7.);
#12283 = AXIS2_PLACEMENT_3D('',#12284,#12285,#12286);
#12284 = CARTESIAN_POINT('',(430.,0.,25.339811322281));
#12285 = DIRECTION('',(-0.,0.,1.));
#12286 = DIRECTION('',(0.,-1.,0.));
#12287 = SPHERICAL_SURFACE('',#12288,13.6);
#12288 = AXIS2_PLACEMENT_3D('',#12289,#12290,#12291);
#12289 = CARTESIAN_POINT('',(430.,0.,37.));
#12290 = DIRECTION('',(0.,0.,1.));
#12291 = DIRECTION('',(1.,0.,0.));
#12292 = ADVANCED_FACE('',(#12293),#12299,.F.);
#12293 = FACE_BOUND('',#12294,.F.);
#12294 = EDGE_LOOP('',(#12295,#12296,#12297,#12298));
#12295 = ORIENTED_EDGE('',*,*,#12255,.T.);
#12296 = ORIENTED_EDGE('',*,*,#12213,.T.);
#12297 = ORIENTED_EDGE('',*,*,#12236,.F.);
#12298 = ORIENTED_EDGE('',*,*,#12180,.F.);
#12299 = PLANE('',#12300);
#12300 = AXIS2_PLACEMENT_3D('',#12301,#12302,#12303);
#12301 = CARTESIAN_POINT('',(421.5,-4.907477288112,28.));
#12302 = DIRECTION('',(0.5,0.866025403784,0.));
#12303 = DIRECTION('',(0.866025403784,-0.5,0.));
#12304 = ADVANCED_FACE('',(#12305),#12324,.T.);
#12305 = FACE_BOUND('',#12306,.T.);
#12306 = EDGE_LOOP('',(#12307,#12308,#12316,#12323));
#12307 = ORIENTED_EDGE('',*,*,#12281,.F.);
#12308 = ORIENTED_EDGE('',*,*,#12309,.F.);
#12309 = EDGE_CURVE('',#12310,#12271,#12312,.T.);
#12310 = VERTEX_POINT('',#12311);
#12311 = CARTESIAN_POINT('',(437.,-1.714505518806E-15,0.));
#12312 = LINE('',#12313,#12314);
#12313 = CARTESIAN_POINT('',(437.,-1.714505518806E-15,0.));
#12314 = VECTOR('',#12315,1.);
#12315 = DIRECTION('',(0.,0.,1.));
#12316 = ORIENTED_EDGE('',*,*,#12317,.T.);
#12317 = EDGE_CURVE('',#12310,#12310,#12318,.T.);
#12318 = CIRCLE('',#12319,7.);
#12319 = AXIS2_PLACEMENT_3D('',#12320,#12321,#12322);
#12320 = CARTESIAN_POINT('',(430.,0.,0.));
#12321 = DIRECTION('',(0.,0.,1.));
#12322 = DIRECTION('',(1.,0.,0.));
#12323 = ORIENTED_EDGE('',*,*,#12309,.T.);
#12324 = CYLINDRICAL_SURFACE('',#12325,7.);
#12325 = AXIS2_PLACEMENT_3D('',#12326,#12327,#12328);
#12326 = CARTESIAN_POINT('',(430.,0.,0.));
#12327 = DIRECTION('',(0.,0.,1.));
#12328 = DIRECTION('',(1.,0.,0.));
#12329 = ADVANCED_FACE('',(#12330),#12333,.F.);
#12330 = FACE_BOUND('',#12331,.T.);
#12331 = EDGE_LOOP('',(#12332));
#12332 = ORIENTED_EDGE('',*,*,#12317,.F.);
#12333 = PLANE('',#12334);
#12334 = AXIS2_PLACEMENT_3D('',#12335,#12336,#12337);
#12335 = CARTESIAN_POINT('',(430.,0.,0.));
#12336 = DIRECTION('',(0.,0.,1.));
#12337 = DIRECTION('',(1.,0.,0.));
#12338 = MANIFOLD_SOLID_BREP('',#12339);
#12339 = CLOSED_SHELL('',(#12340,#12373,#12416,#12475,#12538,#12594,
    #12650,#12699,#12744,#12782,#12806,#12844,#12882,#12899,#12910,
    #12922,#12933,#12944,#12955,#12967,#12978));
#12340 = ADVANCED_FACE('',(#12341),#12368,.T.);
#12341 = FACE_BOUND('',#12342,.T.);
#12342 = EDGE_LOOP('',(#12343,#12352,#12360,#12367));
#12343 = ORIENTED_EDGE('',*,*,#12344,.F.);
#12344 = EDGE_CURVE('',#12345,#12345,#12347,.T.);
#12345 = VERTEX_POINT('',#12346);
#12346 = CARTESIAN_POINT('',(442.,-2.939152317954E-15,85.));
#12347 = CIRCLE('',#12348,12.);
#12348 = AXIS2_PLACEMENT_3D('',#12349,#12350,#12351);
#12349 = CARTESIAN_POINT('',(430.,0.,85.));
#12350 = DIRECTION('',(0.,0.,1.));
#12351 = DIRECTION('',(1.,0.,0.));
#12352 = ORIENTED_EDGE('',*,*,#12353,.F.);
#12353 = EDGE_CURVE('',#12354,#12345,#12356,.T.);
#12354 = VERTEX_POINT('',#12355);
#12355 = CARTESIAN_POINT('',(442.,-2.939152317954E-15,47.));
#12356 = LINE('',#12357,#12358);
#12357 = CARTESIAN_POINT('',(442.,-2.939152317954E-15,47.));
#12358 = VECTOR('',#12359,1.);
#12359 = DIRECTION('',(0.,0.,1.));
#12360 = ORIENTED_EDGE('',*,*,#12361,.T.);
#12361 = EDGE_CURVE('',#12354,#12354,#12362,.T.);
#12362 = CIRCLE('',#12363,12.);
#12363 = AXIS2_PLACEMENT_3D('',#12364,#12365,#12366);
#12364 = CARTESIAN_POINT('',(430.,0.,47.));
#12365 = DIRECTION('',(0.,0.,1.));
#12366 = DIRECTION('',(1.,0.,0.));
#12367 = ORIENTED_EDGE('',*,*,#12353,.T.);
#12368 = CYLINDRICAL_SURFACE('',#12369,12.);
#12369 = AXIS2_PLACEMENT_3D('',#12370,#12371,#12372);
#12370 = CARTESIAN_POINT('',(430.,0.,47.));
#12371 = DIRECTION('',(0.,0.,1.));
#12372 = DIRECTION('',(1.,0.,0.));
#12373 = ADVANCED_FACE('',(#12374,#12377),#12411,.T.);
#12374 = FACE_BOUND('',#12375,.T.);
#12375 = EDGE_LOOP('',(#12376));
#12376 = ORIENTED_EDGE('',*,*,#12344,.T.);
#12377 = FACE_BOUND('',#12378,.T.);
#12378 = EDGE_LOOP('',(#12379,#12389,#12397,#12405));
#12379 = ORIENTED_EDGE('',*,*,#12380,.T.);
#12380 = EDGE_CURVE('',#12381,#12383,#12385,.T.);
#12381 = VERTEX_POINT('',#12382);
#12382 = CARTESIAN_POINT('',(436.35,6.35,85.));
#12383 = VERTEX_POINT('',#12384);
#12384 = CARTESIAN_POINT('',(436.35,-6.35,85.));
#12385 = LINE('',#12386,#12387);
#12386 = CARTESIAN_POINT('',(436.35,-3.175,85.));
#12387 = VECTOR('',#12388,1.);
#12388 = DIRECTION('',(0.,-1.,0.));
#12389 = ORIENTED_EDGE('',*,*,#12390,.T.);
#12390 = EDGE_CURVE('',#12383,#12391,#12393,.T.);
#12391 = VERTEX_POINT('',#12392);
#12392 = CARTESIAN_POINT('',(423.65,-6.35,85.));
#12393 = LINE('',#12394,#12395);
#12394 = CARTESIAN_POINT('',(426.825,-6.35,85.));
#12395 = VECTOR('',#12396,1.);
#12396 = DIRECTION('',(-1.,0.,0.));
#12397 = ORIENTED_EDGE('',*,*,#12398,.T.);
#12398 = EDGE_CURVE('',#12391,#12399,#12401,.T.);
#12399 = VERTEX_POINT('',#12400);
#12400 = CARTESIAN_POINT('',(423.65,6.35,85.));
#12401 = LINE('',#12402,#12403);
#12402 = CARTESIAN_POINT('',(423.65,3.175,85.));
#12403 = VECTOR('',#12404,1.);
#12404 = DIRECTION('',(0.,1.,0.));
#12405 = ORIENTED_EDGE('',*,*,#12406,.T.);
#12406 = EDGE_CURVE('',#12399,#12381,#12407,.T.);
#12407 = LINE('',#12408,#12409);
#12408 = CARTESIAN_POINT('',(433.175,6.35,85.));
#12409 = VECTOR('',#12410,1.);
#12410 = DIRECTION('',(1.,0.,0.));
#12411 = PLANE('',#12412);
#12412 = AXIS2_PLACEMENT_3D('',#12413,#12414,#12415);
#12413 = CARTESIAN_POINT('',(430.,0.,85.));
#12414 = DIRECTION('',(0.,0.,1.));
#12415 = DIRECTION('',(1.,0.,0.));
#12416 = ADVANCED_FACE('',(#12417,#12420),#12470,.F.);
#12417 = FACE_BOUND('',#12418,.F.);
#12418 = EDGE_LOOP('',(#12419));
#12419 = ORIENTED_EDGE('',*,*,#12361,.T.);
#12420 = FACE_BOUND('',#12421,.F.);
#12421 = EDGE_LOOP('',(#12422,#12432,#12440,#12448,#12456,#12464));
#12422 = ORIENTED_EDGE('',*,*,#12423,.F.);
#12423 = EDGE_CURVE('',#12424,#12426,#12428,.T.);
#12424 = VERTEX_POINT('',#12425);
#12425 = CARTESIAN_POINT('',(438.5,4.907477288112,47.));
#12426 = VERTEX_POINT('',#12427);
#12427 = CARTESIAN_POINT('',(430.,9.814954576224,47.));
#12428 = LINE('',#12429,#12430);
#12429 = CARTESIAN_POINT('',(438.5,4.907477288112,47.));
#12430 = VECTOR('',#12431,1.);
#12431 = DIRECTION('',(-0.866025403784,0.5,0.));
#12432 = ORIENTED_EDGE('',*,*,#12433,.F.);
#12433 = EDGE_CURVE('',#12434,#12424,#12436,.T.);
#12434 = VERTEX_POINT('',#12435);
#12435 = CARTESIAN_POINT('',(438.5,-4.907477288112,47.));
#12436 = LINE('',#12437,#12438);
#12437 = CARTESIAN_POINT('',(438.5,-4.907477288112,47.));
#12438 = VECTOR('',#12439,1.);
#12439 = DIRECTION('',(-1.809847234243E-16,1.,0.));
#12440 = ORIENTED_EDGE('',*,*,#12441,.F.);
#12441 = EDGE_CURVE('',#12442,#12434,#12444,.T.);
#12442 = VERTEX_POINT('',#12443);
#12443 = CARTESIAN_POINT('',(430.,-9.814954576224,47.));
#12444 = LINE('',#12445,#12446);
#12445 = CARTESIAN_POINT('',(430.,-9.814954576224,47.));
#12446 = VECTOR('',#12447,1.);
#12447 = DIRECTION('',(0.866025403784,0.5,0.));
#12448 = ORIENTED_EDGE('',*,*,#12449,.F.);
#12449 = EDGE_CURVE('',#12450,#12442,#12452,.T.);
#12450 = VERTEX_POINT('',#12451);
#12451 = CARTESIAN_POINT('',(421.5,-4.907477288112,47.));
#12452 = LINE('',#12453,#12454);
#12453 = CARTESIAN_POINT('',(421.5,-4.907477288112,47.));
#12454 = VECTOR('',#12455,1.);
#12455 = DIRECTION('',(0.866025403784,-0.5,0.));
#12456 = ORIENTED_EDGE('',*,*,#12457,.F.);
#12457 = EDGE_CURVE('',#12458,#12450,#12460,.T.);
#12458 = VERTEX_POINT('',#12459);
#12459 = CARTESIAN_POINT('',(421.5,4.907477288112,47.));
#12460 = LINE('',#12461,#12462);
#12461 = CARTESIAN_POINT('',(421.5,4.907477288112,47.));
#12462 = VECTOR('',#12463,1.);
#12463 = DIRECTION('',(-3.619694468487E-16,-1.,0.));
#12464 = ORIENTED_EDGE('',*,*,#12465,.F.);
#12465 = EDGE_CURVE('',#12426,#12458,#12466,.T.);
#12466 = LINE('',#12467,#12468);
#12467 = CARTESIAN_POINT('',(430.,9.814954576224,47.));
#12468 = VECTOR('',#12469,1.);
#12469 = DIRECTION('',(-0.866025403784,-0.5,0.));
#12470 = PLANE('',#12471);
#12471 = AXIS2_PLACEMENT_3D('',#12472,#12473,#12474);
#12472 = CARTESIAN_POINT('',(430.,0.,47.));
#12473 = DIRECTION('',(0.,0.,1.));
#12474 = DIRECTION('',(1.,0.,0.));
#12475 = ADVANCED_FACE('',(#12476),#12533,.T.);
#12476 = FACE_BOUND('',#12477,.T.);
#12477 = EDGE_LOOP('',(#12478,#12488,#12494,#12495,#12503,#12511,#12519,
    #12527));
#12478 = ORIENTED_EDGE('',*,*,#12479,.F.);
#12479 = EDGE_CURVE('',#12480,#12482,#12484,.T.);
#12480 = VERTEX_POINT('',#12481);
#12481 = CARTESIAN_POINT('',(436.35,-6.35,60.));
#12482 = VERTEX_POINT('',#12483);
#12483 = CARTESIAN_POINT('',(436.35,-6.14878036687,60.));
#12484 = LINE('',#12485,#12486);
#12485 = CARTESIAN_POINT('',(436.35,-6.35,60.));
#12486 = VECTOR('',#12487,1.);
#12487 = DIRECTION('',(0.,1.,0.));
#12488 = ORIENTED_EDGE('',*,*,#12489,.T.);
#12489 = EDGE_CURVE('',#12480,#12383,#12490,.T.);
#12490 = LINE('',#12491,#12492);
#12491 = CARTESIAN_POINT('',(436.35,-6.35,60.));
#12492 = VECTOR('',#12493,1.);
#12493 = DIRECTION('',(0.,0.,1.));
#12494 = ORIENTED_EDGE('',*,*,#12380,.F.);
#12495 = ORIENTED_EDGE('',*,*,#12496,.F.);
#12496 = EDGE_CURVE('',#12497,#12381,#12499,.T.);
#12497 = VERTEX_POINT('',#12498);
#12498 = CARTESIAN_POINT('',(436.35,6.35,60.));
#12499 = LINE('',#12500,#12501);
#12500 = CARTESIAN_POINT('',(436.35,6.35,60.));
#12501 = VECTOR('',#12502,1.);
#12502 = DIRECTION('',(0.,0.,1.));
#12503 = ORIENTED_EDGE('',*,*,#12504,.F.);
#12504 = EDGE_CURVE('',#12505,#12497,#12507,.T.);
#12505 = VERTEX_POINT('',#12506);
#12506 = CARTESIAN_POINT('',(436.35,6.14878036687,60.));
#12507 = LINE('',#12508,#12509);
#12508 = CARTESIAN_POINT('',(436.35,-6.35,60.));
#12509 = VECTOR('',#12510,1.);
#12510 = DIRECTION('',(0.,1.,0.));
#12511 = ORIENTED_EDGE('',*,*,#12512,.F.);
#12512 = EDGE_CURVE('',#12513,#12505,#12515,.T.);
#12513 = VERTEX_POINT('',#12514);
#12514 = CARTESIAN_POINT('',(436.35,6.14878036687,62.));
#12515 = LINE('',#12516,#12517);
#12516 = CARTESIAN_POINT('',(436.35,6.14878036687,53.5));
#12517 = VECTOR('',#12518,1.);
#12518 = DIRECTION('',(0.,0.,-1.));
#12519 = ORIENTED_EDGE('',*,*,#12520,.T.);
#12520 = EDGE_CURVE('',#12513,#12521,#12523,.T.);
#12521 = VERTEX_POINT('',#12522);
#12522 = CARTESIAN_POINT('',(436.35,-6.14878036687,62.));
#12523 = LINE('',#12524,#12525);
#12524 = CARTESIAN_POINT('',(436.35,-3.175,62.));
#12525 = VECTOR('',#12526,1.);
#12526 = DIRECTION('',(0.,-1.,0.));
#12527 = ORIENTED_EDGE('',*,*,#12528,.F.);
#12528 = EDGE_CURVE('',#12482,#12521,#12529,.T.);
#12529 = LINE('',#12530,#12531);
#12530 = CARTESIAN_POINT('',(436.35,-6.14878036687,53.5));
#12531 = VECTOR('',#12532,1.);
#12532 = DIRECTION('',(0.,0.,1.));
#12533 = PLANE('',#12534);
#12534 = AXIS2_PLACEMENT_3D('',#12535,#12536,#12537);
#12535 = CARTESIAN_POINT('',(436.35,-6.35,60.));
#12536 = DIRECTION('',(-1.,0.,0.));
#12537 = DIRECTION('',(0.,1.,0.));
#12538 = ADVANCED_FACE('',(#12539),#12589,.T.);
#12539 = FACE_BOUND('',#12540,.T.);
#12540 = EDGE_LOOP('',(#12541,#12549,#12550,#12551,#12559,#12567,#12575,
    #12583));
#12541 = ORIENTED_EDGE('',*,*,#12542,.F.);
#12542 = EDGE_CURVE('',#12497,#12543,#12545,.T.);
#12543 = VERTEX_POINT('',#12544);
#12544 = CARTESIAN_POINT('',(436.00147737193,6.35,60.));
#12545 = LINE('',#12546,#12547);
#12546 = CARTESIAN_POINT('',(436.35,6.35,60.));
#12547 = VECTOR('',#12548,1.);
#12548 = DIRECTION('',(-1.,0.,0.));
#12549 = ORIENTED_EDGE('',*,*,#12496,.T.);
#12550 = ORIENTED_EDGE('',*,*,#12406,.F.);
#12551 = ORIENTED_EDGE('',*,*,#12552,.F.);
#12552 = EDGE_CURVE('',#12553,#12399,#12555,.T.);
#12553 = VERTEX_POINT('',#12554);
#12554 = CARTESIAN_POINT('',(423.65,6.35,60.));
#12555 = LINE('',#12556,#12557);
#12556 = CARTESIAN_POINT('',(423.65,6.35,60.));
#12557 = VECTOR('',#12558,1.);
#12558 = DIRECTION('',(0.,0.,1.));
#12559 = ORIENTED_EDGE('',*,*,#12560,.F.);
#12560 = EDGE_CURVE('',#12561,#12553,#12563,.T.);
#12561 = VERTEX_POINT('',#12562);
#12562 = CARTESIAN_POINT('',(423.99852262806,6.35,60.));
#12563 = LINE('',#12564,#12565);
#12564 = CARTESIAN_POINT('',(436.35,6.35,60.));
#12565 = VECTOR('',#12566,1.);
#12566 = DIRECTION('',(-1.,0.,0.));
#12567 = ORIENTED_EDGE('',*,*,#12568,.F.);
#12568 = EDGE_CURVE('',#12569,#12561,#12571,.T.);
#12569 = VERTEX_POINT('',#12570);
#12570 = CARTESIAN_POINT('',(423.99852262806,6.35,62.));
#12571 = LINE('',#12572,#12573);
#12572 = CARTESIAN_POINT('',(423.99852262806,6.35,53.5));
#12573 = VECTOR('',#12574,1.);
#12574 = DIRECTION('',(0.,0.,-1.));
#12575 = ORIENTED_EDGE('',*,*,#12576,.T.);
#12576 = EDGE_CURVE('',#12569,#12577,#12579,.T.);
#12577 = VERTEX_POINT('',#12578);
#12578 = CARTESIAN_POINT('',(436.00147737193,6.35,62.));
#12579 = LINE('',#12580,#12581);
#12580 = CARTESIAN_POINT('',(433.175,6.35,62.));
#12581 = VECTOR('',#12582,1.);
#12582 = DIRECTION('',(1.,0.,0.));
#12583 = ORIENTED_EDGE('',*,*,#12584,.F.);
#12584 = EDGE_CURVE('',#12543,#12577,#12585,.T.);
#12585 = LINE('',#12586,#12587);
#12586 = CARTESIAN_POINT('',(436.00147737193,6.35,53.5));
#12587 = VECTOR('',#12588,1.);
#12588 = DIRECTION('',(0.,0.,1.));
#12589 = PLANE('',#12590);
#12590 = AXIS2_PLACEMENT_3D('',#12591,#12592,#12593);
#12591 = CARTESIAN_POINT('',(436.35,6.35,60.));
#12592 = DIRECTION('',(0.,-1.,0.));
#12593 = DIRECTION('',(-1.,0.,0.));
#12594 = ADVANCED_FACE('',(#12595),#12645,.T.);
#12595 = FACE_BOUND('',#12596,.T.);
#12596 = EDGE_LOOP('',(#12597,#12605,#12606,#12607,#12615,#12623,#12631,
    #12639));
#12597 = ORIENTED_EDGE('',*,*,#12598,.F.);
#12598 = EDGE_CURVE('',#12553,#12599,#12601,.T.);
#12599 = VERTEX_POINT('',#12600);
#12600 = CARTESIAN_POINT('',(423.65,6.14878036687,60.));
#12601 = LINE('',#12602,#12603);
#12602 = CARTESIAN_POINT('',(423.65,6.35,60.));
#12603 = VECTOR('',#12604,1.);
#12604 = DIRECTION('',(0.,-1.,0.));
#12605 = ORIENTED_EDGE('',*,*,#12552,.T.);
#12606 = ORIENTED_EDGE('',*,*,#12398,.F.);
#12607 = ORIENTED_EDGE('',*,*,#12608,.F.);
#12608 = EDGE_CURVE('',#12609,#12391,#12611,.T.);
#12609 = VERTEX_POINT('',#12610);
#12610 = CARTESIAN_POINT('',(423.65,-6.35,60.));
#12611 = LINE('',#12612,#12613);
#12612 = CARTESIAN_POINT('',(423.65,-6.35,60.));
#12613 = VECTOR('',#12614,1.);
#12614 = DIRECTION('',(0.,0.,1.));
#12615 = ORIENTED_EDGE('',*,*,#12616,.F.);
#12616 = EDGE_CURVE('',#12617,#12609,#12619,.T.);
#12617 = VERTEX_POINT('',#12618);
#12618 = CARTESIAN_POINT('',(423.65,-6.14878036687,60.));
#12619 = LINE('',#12620,#12621);
#12620 = CARTESIAN_POINT('',(423.65,6.35,60.));
#12621 = VECTOR('',#12622,1.);
#12622 = DIRECTION('',(0.,-1.,0.));
#12623 = ORIENTED_EDGE('',*,*,#12624,.F.);
#12624 = EDGE_CURVE('',#12625,#12617,#12627,.T.);
#12625 = VERTEX_POINT('',#12626);
#12626 = CARTESIAN_POINT('',(423.65,-6.14878036687,62.));
#12627 = LINE('',#12628,#12629);
#12628 = CARTESIAN_POINT('',(423.65,-6.14878036687,53.5));
#12629 = VECTOR('',#12630,1.);
#12630 = DIRECTION('',(0.,0.,-1.));
#12631 = ORIENTED_EDGE('',*,*,#12632,.T.);
#12632 = EDGE_CURVE('',#12625,#12633,#12635,.T.);
#12633 = VERTEX_POINT('',#12634);
#12634 = CARTESIAN_POINT('',(423.65,6.14878036687,62.));
#12635 = LINE('',#12636,#12637);
#12636 = CARTESIAN_POINT('',(423.65,3.175,62.));
#12637 = VECTOR('',#12638,1.);
#12638 = DIRECTION('',(0.,1.,0.));
#12639 = ORIENTED_EDGE('',*,*,#12640,.F.);
#12640 = EDGE_CURVE('',#12599,#12633,#12641,.T.);
#12641 = LINE('',#12642,#12643);
#12642 = CARTESIAN_POINT('',(423.65,6.14878036687,53.5));
#12643 = VECTOR('',#12644,1.);
#12644 = DIRECTION('',(0.,0.,1.));
#12645 = PLANE('',#12646);
#12646 = AXIS2_PLACEMENT_3D('',#12647,#12648,#12649);
#12647 = CARTESIAN_POINT('',(423.65,6.35,60.));
#12648 = DIRECTION('',(1.,0.,0.));
#12649 = DIRECTION('',(0.,-1.,0.));
#12650 = ADVANCED_FACE('',(#12651),#12694,.T.);
#12651 = FACE_BOUND('',#12652,.T.);
#12652 = EDGE_LOOP('',(#12653,#12661,#12662,#12663,#12664,#12672,#12680,
    #12688));
#12653 = ORIENTED_EDGE('',*,*,#12654,.F.);
#12654 = EDGE_CURVE('',#12609,#12655,#12657,.T.);
#12655 = VERTEX_POINT('',#12656);
#12656 = CARTESIAN_POINT('',(423.99852262806,-6.35,60.));
#12657 = LINE('',#12658,#12659);
#12658 = CARTESIAN_POINT('',(423.65,-6.35,60.));
#12659 = VECTOR('',#12660,1.);
#12660 = DIRECTION('',(1.,0.,0.));
#12661 = ORIENTED_EDGE('',*,*,#12608,.T.);
#12662 = ORIENTED_EDGE('',*,*,#12390,.F.);
#12663 = ORIENTED_EDGE('',*,*,#12489,.F.);
#12664 = ORIENTED_EDGE('',*,*,#12665,.F.);
#12665 = EDGE_CURVE('',#12666,#12480,#12668,.T.);
#12666 = VERTEX_POINT('',#12667);
#12667 = CARTESIAN_POINT('',(436.00147737193,-6.35,60.));
#12668 = LINE('',#12669,#12670);
#12669 = CARTESIAN_POINT('',(423.65,-6.35,60.));
#12670 = VECTOR('',#12671,1.);
#12671 = DIRECTION('',(1.,0.,0.));
#12672 = ORIENTED_EDGE('',*,*,#12673,.F.);
#12673 = EDGE_CURVE('',#12674,#12666,#12676,.T.);
#12674 = VERTEX_POINT('',#12675);
#12675 = CARTESIAN_POINT('',(436.00147737193,-6.35,62.));
#12676 = LINE('',#12677,#12678);
#12677 = CARTESIAN_POINT('',(436.00147737193,-6.35,53.5));
#12678 = VECTOR('',#12679,1.);
#12679 = DIRECTION('',(0.,0.,-1.));
#12680 = ORIENTED_EDGE('',*,*,#12681,.T.);
#12681 = EDGE_CURVE('',#12674,#12682,#12684,.T.);
#12682 = VERTEX_POINT('',#12683);
#12683 = CARTESIAN_POINT('',(423.99852262806,-6.35,62.));
#12684 = LINE('',#12685,#12686);
#12685 = CARTESIAN_POINT('',(426.825,-6.35,62.));
#12686 = VECTOR('',#12687,1.);
#12687 = DIRECTION('',(-1.,0.,0.));
#12688 = ORIENTED_EDGE('',*,*,#12689,.F.);
#12689 = EDGE_CURVE('',#12655,#12682,#12690,.T.);
#12690 = LINE('',#12691,#12692);
#12691 = CARTESIAN_POINT('',(423.99852262806,-6.35,53.5));
#12692 = VECTOR('',#12693,1.);
#12693 = DIRECTION('',(0.,0.,1.));
#12694 = PLANE('',#12695);
#12695 = AXIS2_PLACEMENT_3D('',#12696,#12697,#12698);
#12696 = CARTESIAN_POINT('',(423.65,-6.35,60.));
#12697 = DIRECTION('',(0.,1.,0.));
#12698 = DIRECTION('',(1.,0.,0.));
#12699 = ADVANCED_FACE('',(#12700),#12739,.T.);
#12700 = FACE_BOUND('',#12701,.T.);
#12701 = EDGE_LOOP('',(#12702,#12703,#12711,#12717,#12718,#12724,#12725,
    #12733));
#12702 = ORIENTED_EDGE('',*,*,#12423,.F.);
#12703 = ORIENTED_EDGE('',*,*,#12704,.T.);
#12704 = EDGE_CURVE('',#12424,#12705,#12707,.T.);
#12705 = VERTEX_POINT('',#12706);
#12706 = CARTESIAN_POINT('',(438.5,4.907477288112,62.));
#12707 = LINE('',#12708,#12709);
#12708 = CARTESIAN_POINT('',(438.5,4.907477288112,47.));
#12709 = VECTOR('',#12710,1.);
#12710 = DIRECTION('',(0.,0.,1.));
#12711 = ORIENTED_EDGE('',*,*,#12712,.T.);
#12712 = EDGE_CURVE('',#12705,#12513,#12713,.T.);
#12713 = LINE('',#12714,#12715);
#12714 = CARTESIAN_POINT('',(438.5,4.907477288112,62.));
#12715 = VECTOR('',#12716,1.);
#12716 = DIRECTION('',(-0.866025403784,0.5,0.));
#12717 = ORIENTED_EDGE('',*,*,#12512,.T.);
#12718 = ORIENTED_EDGE('',*,*,#12719,.T.);
#12719 = EDGE_CURVE('',#12505,#12543,#12720,.T.);
#12720 = LINE('',#12721,#12722);
#12721 = CARTESIAN_POINT('',(436.375,6.13434661014,60.));
#12722 = VECTOR('',#12723,1.);
#12723 = DIRECTION('',(-0.866025403784,0.5,0.));
#12724 = ORIENTED_EDGE('',*,*,#12584,.T.);
#12725 = ORIENTED_EDGE('',*,*,#12726,.T.);
#12726 = EDGE_CURVE('',#12577,#12727,#12729,.T.);
#12727 = VERTEX_POINT('',#12728);
#12728 = CARTESIAN_POINT('',(430.,9.814954576224,62.));
#12729 = LINE('',#12730,#12731);
#12730 = CARTESIAN_POINT('',(438.5,4.907477288112,62.));
#12731 = VECTOR('',#12732,1.);
#12732 = DIRECTION('',(-0.866025403784,0.5,0.));
#12733 = ORIENTED_EDGE('',*,*,#12734,.F.);
#12734 = EDGE_CURVE('',#12426,#12727,#12735,.T.);
#12735 = LINE('',#12736,#12737);
#12736 = CARTESIAN_POINT('',(430.,9.814954576224,47.));
#12737 = VECTOR('',#12738,1.);
#12738 = DIRECTION('',(0.,0.,1.));
#12739 = PLANE('',#12740);
#12740 = AXIS2_PLACEMENT_3D('',#12741,#12742,#12743);
#12741 = CARTESIAN_POINT('',(438.5,4.907477288112,47.));
#12742 = DIRECTION('',(-0.5,-0.866025403784,0.));
#12743 = DIRECTION('',(-0.866025403784,0.5,0.));
#12744 = ADVANCED_FACE('',(#12745),#12777,.T.);
#12745 = FACE_BOUND('',#12746,.T.);
#12746 = EDGE_LOOP('',(#12747,#12748,#12749,#12755,#12756,#12762,#12763,
    #12771));
#12747 = ORIENTED_EDGE('',*,*,#12465,.F.);
#12748 = ORIENTED_EDGE('',*,*,#12734,.T.);
#12749 = ORIENTED_EDGE('',*,*,#12750,.T.);
#12750 = EDGE_CURVE('',#12727,#12569,#12751,.T.);
#12751 = LINE('',#12752,#12753);
#12752 = CARTESIAN_POINT('',(430.,9.814954576224,62.));
#12753 = VECTOR('',#12754,1.);
#12754 = DIRECTION('',(-0.866025403784,-0.5,0.));
#12755 = ORIENTED_EDGE('',*,*,#12568,.T.);
#12756 = ORIENTED_EDGE('',*,*,#12757,.T.);
#12757 = EDGE_CURVE('',#12561,#12599,#12758,.T.);
#12758 = LINE('',#12759,#12760);
#12759 = CARTESIAN_POINT('',(427.875,8.588085254196,60.));
#12760 = VECTOR('',#12761,1.);
#12761 = DIRECTION('',(-0.866025403784,-0.5,0.));
#12762 = ORIENTED_EDGE('',*,*,#12640,.T.);
#12763 = ORIENTED_EDGE('',*,*,#12764,.T.);
#12764 = EDGE_CURVE('',#12633,#12765,#12767,.T.);
#12765 = VERTEX_POINT('',#12766);
#12766 = CARTESIAN_POINT('',(421.5,4.907477288112,62.));
#12767 = LINE('',#12768,#12769);
#12768 = CARTESIAN_POINT('',(430.,9.814954576224,62.));
#12769 = VECTOR('',#12770,1.);
#12770 = DIRECTION('',(-0.866025403784,-0.5,0.));
#12771 = ORIENTED_EDGE('',*,*,#12772,.F.);
#12772 = EDGE_CURVE('',#12458,#12765,#12773,.T.);
#12773 = LINE('',#12774,#12775);
#12774 = CARTESIAN_POINT('',(421.5,4.907477288112,47.));
#12775 = VECTOR('',#12776,1.);
#12776 = DIRECTION('',(0.,0.,1.));
#12777 = PLANE('',#12778);
#12778 = AXIS2_PLACEMENT_3D('',#12779,#12780,#12781);
#12779 = CARTESIAN_POINT('',(430.,9.814954576224,47.));
#12780 = DIRECTION('',(0.5,-0.866025403784,0.));
#12781 = DIRECTION('',(-0.866025403784,-0.5,0.));
#12782 = ADVANCED_FACE('',(#12783),#12801,.T.);
#12783 = FACE_BOUND('',#12784,.T.);
#12784 = EDGE_LOOP('',(#12785,#12786,#12794,#12800));
#12785 = ORIENTED_EDGE('',*,*,#12772,.T.);
#12786 = ORIENTED_EDGE('',*,*,#12787,.T.);
#12787 = EDGE_CURVE('',#12765,#12788,#12790,.T.);
#12788 = VERTEX_POINT('',#12789);
#12789 = CARTESIAN_POINT('',(421.5,-4.907477288112,62.));
#12790 = LINE('',#12791,#12792);
#12791 = CARTESIAN_POINT('',(421.5,4.907477288112,62.));
#12792 = VECTOR('',#12793,1.);
#12793 = DIRECTION('',(-3.619694468487E-16,-1.,0.));
#12794 = ORIENTED_EDGE('',*,*,#12795,.F.);
#12795 = EDGE_CURVE('',#12450,#12788,#12796,.T.);
#12796 = LINE('',#12797,#12798);
#12797 = CARTESIAN_POINT('',(421.5,-4.907477288112,47.));
#12798 = VECTOR('',#12799,1.);
#12799 = DIRECTION('',(0.,0.,1.));
#12800 = ORIENTED_EDGE('',*,*,#12457,.F.);
#12801 = PLANE('',#12802);
#12802 = AXIS2_PLACEMENT_3D('',#12803,#12804,#12805);
#12803 = CARTESIAN_POINT('',(421.5,4.907477288112,47.));
#12804 = DIRECTION('',(1.,-3.619694468487E-16,0.));
#12805 = DIRECTION('',(-3.619694468487E-16,-1.,0.));
#12806 = ADVANCED_FACE('',(#12807),#12839,.T.);
#12807 = FACE_BOUND('',#12808,.T.);
#12808 = EDGE_LOOP('',(#12809,#12810,#12811,#12817,#12818,#12824,#12825,
    #12833));
#12809 = ORIENTED_EDGE('',*,*,#12449,.F.);
#12810 = ORIENTED_EDGE('',*,*,#12795,.T.);
#12811 = ORIENTED_EDGE('',*,*,#12812,.T.);
#12812 = EDGE_CURVE('',#12788,#12625,#12813,.T.);
#12813 = LINE('',#12814,#12815);
#12814 = CARTESIAN_POINT('',(421.5,-4.907477288112,62.));
#12815 = VECTOR('',#12816,1.);
#12816 = DIRECTION('',(0.866025403784,-0.5,0.));
#12817 = ORIENTED_EDGE('',*,*,#12624,.T.);
#12818 = ORIENTED_EDGE('',*,*,#12819,.T.);
#12819 = EDGE_CURVE('',#12617,#12655,#12820,.T.);
#12820 = LINE('',#12821,#12822);
#12821 = CARTESIAN_POINT('',(423.625,-6.13434661014,60.));
#12822 = VECTOR('',#12823,1.);
#12823 = DIRECTION('',(0.866025403784,-0.5,0.));
#12824 = ORIENTED_EDGE('',*,*,#12689,.T.);
#12825 = ORIENTED_EDGE('',*,*,#12826,.T.);
#12826 = EDGE_CURVE('',#12682,#12827,#12829,.T.);
#12827 = VERTEX_POINT('',#12828);
#12828 = CARTESIAN_POINT('',(430.,-9.814954576224,62.));
#12829 = LINE('',#12830,#12831);
#12830 = CARTESIAN_POINT('',(421.5,-4.907477288112,62.));
#12831 = VECTOR('',#12832,1.);
#12832 = DIRECTION('',(0.866025403784,-0.5,0.));
#12833 = ORIENTED_EDGE('',*,*,#12834,.F.);
#12834 = EDGE_CURVE('',#12442,#12827,#12835,.T.);
#12835 = LINE('',#12836,#12837);
#12836 = CARTESIAN_POINT('',(430.,-9.814954576224,47.));
#12837 = VECTOR('',#12838,1.);
#12838 = DIRECTION('',(0.,0.,1.));
#12839 = PLANE('',#12840);
#12840 = AXIS2_PLACEMENT_3D('',#12841,#12842,#12843);
#12841 = CARTESIAN_POINT('',(421.5,-4.907477288112,47.));
#12842 = DIRECTION('',(0.5,0.866025403784,0.));
#12843 = DIRECTION('',(0.866025403784,-0.5,0.));
#12844 = ADVANCED_FACE('',(#12845),#12877,.T.);
#12845 = FACE_BOUND('',#12846,.T.);
#12846 = EDGE_LOOP('',(#12847,#12848,#12849,#12855,#12856,#12862,#12863,
    #12871));
#12847 = ORIENTED_EDGE('',*,*,#12441,.F.);
#12848 = ORIENTED_EDGE('',*,*,#12834,.T.);
#12849 = ORIENTED_EDGE('',*,*,#12850,.T.);
#12850 = EDGE_CURVE('',#12827,#12674,#12851,.T.);
#12851 = LINE('',#12852,#12853);
#12852 = CARTESIAN_POINT('',(430.,-9.814954576224,62.));
#12853 = VECTOR('',#12854,1.);
#12854 = DIRECTION('',(0.866025403784,0.5,0.));
#12855 = ORIENTED_EDGE('',*,*,#12673,.T.);
#12856 = ORIENTED_EDGE('',*,*,#12857,.T.);
#12857 = EDGE_CURVE('',#12666,#12482,#12858,.T.);
#12858 = LINE('',#12859,#12860);
#12859 = CARTESIAN_POINT('',(432.125,-8.588085254196,60.));
#12860 = VECTOR('',#12861,1.);
#12861 = DIRECTION('',(0.866025403784,0.5,0.));
#12862 = ORIENTED_EDGE('',*,*,#12528,.T.);
#12863 = ORIENTED_EDGE('',*,*,#12864,.T.);
#12864 = EDGE_CURVE('',#12521,#12865,#12867,.T.);
#12865 = VERTEX_POINT('',#12866);
#12866 = CARTESIAN_POINT('',(438.5,-4.907477288112,62.));
#12867 = LINE('',#12868,#12869);
#12868 = CARTESIAN_POINT('',(430.,-9.814954576224,62.));
#12869 = VECTOR('',#12870,1.);
#12870 = DIRECTION('',(0.866025403784,0.5,0.));
#12871 = ORIENTED_EDGE('',*,*,#12872,.F.);
#12872 = EDGE_CURVE('',#12434,#12865,#12873,.T.);
#12873 = LINE('',#12874,#12875);
#12874 = CARTESIAN_POINT('',(438.5,-4.907477288112,47.));
#12875 = VECTOR('',#12876,1.);
#12876 = DIRECTION('',(0.,0.,1.));
#12877 = PLANE('',#12878);
#12878 = AXIS2_PLACEMENT_3D('',#12879,#12880,#12881);
#12879 = CARTESIAN_POINT('',(430.,-9.814954576224,47.));
#12880 = DIRECTION('',(-0.5,0.866025403784,0.));
#12881 = DIRECTION('',(0.866025403784,0.5,0.));
#12882 = ADVANCED_FACE('',(#12883),#12894,.T.);
#12883 = FACE_BOUND('',#12884,.T.);
#12884 = EDGE_LOOP('',(#12885,#12886,#12892,#12893));
#12885 = ORIENTED_EDGE('',*,*,#12872,.T.);
#12886 = ORIENTED_EDGE('',*,*,#12887,.T.);
#12887 = EDGE_CURVE('',#12865,#12705,#12888,.T.);
#12888 = LINE('',#12889,#12890);
#12889 = CARTESIAN_POINT('',(438.5,-4.907477288112,62.));
#12890 = VECTOR('',#12891,1.);
#12891 = DIRECTION('',(-1.809847234243E-16,1.,0.));
#12892 = ORIENTED_EDGE('',*,*,#12704,.F.);
#12893 = ORIENTED_EDGE('',*,*,#12433,.F.);
#12894 = PLANE('',#12895);
#12895 = AXIS2_PLACEMENT_3D('',#12896,#12897,#12898);
#12896 = CARTESIAN_POINT('',(438.5,-4.907477288112,47.));
#12897 = DIRECTION('',(-1.,-1.809847234243E-16,0.));
#12898 = DIRECTION('',(-1.809847234243E-16,1.,0.));
#12899 = ADVANCED_FACE('',(#12900),#12905,.T.);
#12900 = FACE_BOUND('',#12901,.T.);
#12901 = EDGE_LOOP('',(#12902,#12903,#12904));
#12902 = ORIENTED_EDGE('',*,*,#12857,.F.);
#12903 = ORIENTED_EDGE('',*,*,#12665,.T.);
#12904 = ORIENTED_EDGE('',*,*,#12479,.T.);
#12905 = PLANE('',#12906);
#12906 = AXIS2_PLACEMENT_3D('',#12907,#12908,#12909);
#12907 = CARTESIAN_POINT('',(430.,-2.797412345512E-16,60.));
#12908 = DIRECTION('',(0.,0.,1.));
#12909 = DIRECTION('',(1.,0.,0.));
#12910 = ADVANCED_FACE('',(#12911),#12917,.F.);
#12911 = FACE_BOUND('',#12912,.F.);
#12912 = EDGE_LOOP('',(#12913,#12914,#12915,#12916));
#12913 = ORIENTED_EDGE('',*,*,#12887,.T.);
#12914 = ORIENTED_EDGE('',*,*,#12712,.T.);
#12915 = ORIENTED_EDGE('',*,*,#12520,.T.);
#12916 = ORIENTED_EDGE('',*,*,#12864,.T.);
#12917 = PLANE('',#12918);
#12918 = AXIS2_PLACEMENT_3D('',#12919,#12920,#12921);
#12919 = CARTESIAN_POINT('',(430.,4.222976879901E-16,62.));
#12920 = DIRECTION('',(0.,0.,1.));
#12921 = DIRECTION('',(1.,0.,0.));
#12922 = ADVANCED_FACE('',(#12923),#12928,.T.);
#12923 = FACE_BOUND('',#12924,.T.);
#12924 = EDGE_LOOP('',(#12925,#12926,#12927));
#12925 = ORIENTED_EDGE('',*,*,#12719,.F.);
#12926 = ORIENTED_EDGE('',*,*,#12504,.T.);
#12927 = ORIENTED_EDGE('',*,*,#12542,.T.);
#12928 = PLANE('',#12929);
#12929 = AXIS2_PLACEMENT_3D('',#12930,#12931,#12932);
#12930 = CARTESIAN_POINT('',(430.,-2.797412345512E-16,60.));
#12931 = DIRECTION('',(0.,0.,1.));
#12932 = DIRECTION('',(1.,0.,0.));
#12933 = ADVANCED_FACE('',(#12934),#12939,.F.);
#12934 = FACE_BOUND('',#12935,.F.);
#12935 = EDGE_LOOP('',(#12936,#12937,#12938));
#12936 = ORIENTED_EDGE('',*,*,#12576,.T.);
#12937 = ORIENTED_EDGE('',*,*,#12726,.T.);
#12938 = ORIENTED_EDGE('',*,*,#12750,.T.);
#12939 = PLANE('',#12940);
#12940 = AXIS2_PLACEMENT_3D('',#12941,#12942,#12943);
#12941 = CARTESIAN_POINT('',(430.,4.222976879901E-16,62.));
#12942 = DIRECTION('',(0.,0.,1.));
#12943 = DIRECTION('',(1.,0.,0.));
#12944 = ADVANCED_FACE('',(#12945),#12950,.T.);
#12945 = FACE_BOUND('',#12946,.T.);
#12946 = EDGE_LOOP('',(#12947,#12948,#12949));
#12947 = ORIENTED_EDGE('',*,*,#12598,.T.);
#12948 = ORIENTED_EDGE('',*,*,#12757,.F.);
#12949 = ORIENTED_EDGE('',*,*,#12560,.T.);
#12950 = PLANE('',#12951);
#12951 = AXIS2_PLACEMENT_3D('',#12952,#12953,#12954);
#12952 = CARTESIAN_POINT('',(430.,-2.797412345512E-16,60.));
#12953 = DIRECTION('',(0.,0.,1.));
#12954 = DIRECTION('',(1.,0.,0.));
#12955 = ADVANCED_FACE('',(#12956),#12962,.F.);
#12956 = FACE_BOUND('',#12957,.F.);
#12957 = EDGE_LOOP('',(#12958,#12959,#12960,#12961));
#12958 = ORIENTED_EDGE('',*,*,#12632,.T.);
#12959 = ORIENTED_EDGE('',*,*,#12764,.T.);
#12960 = ORIENTED_EDGE('',*,*,#12787,.T.);
#12961 = ORIENTED_EDGE('',*,*,#12812,.T.);
#12962 = PLANE('',#12963);
#12963 = AXIS2_PLACEMENT_3D('',#12964,#12965,#12966);
#12964 = CARTESIAN_POINT('',(430.,4.222976879901E-16,62.));
#12965 = DIRECTION('',(0.,0.,1.));
#12966 = DIRECTION('',(1.,0.,0.));
#12967 = ADVANCED_FACE('',(#12968),#12973,.T.);
#12968 = FACE_BOUND('',#12969,.T.);
#12969 = EDGE_LOOP('',(#12970,#12971,#12972));
#12970 = ORIENTED_EDGE('',*,*,#12616,.T.);
#12971 = ORIENTED_EDGE('',*,*,#12654,.T.);
#12972 = ORIENTED_EDGE('',*,*,#12819,.F.);
#12973 = PLANE('',#12974);
#12974 = AXIS2_PLACEMENT_3D('',#12975,#12976,#12977);
#12975 = CARTESIAN_POINT('',(430.,-2.797412345512E-16,60.));
#12976 = DIRECTION('',(0.,0.,1.));
#12977 = DIRECTION('',(1.,0.,0.));
#12978 = ADVANCED_FACE('',(#12979),#12984,.F.);
#12979 = FACE_BOUND('',#12980,.F.);
#12980 = EDGE_LOOP('',(#12981,#12982,#12983));
#12981 = ORIENTED_EDGE('',*,*,#12850,.T.);
#12982 = ORIENTED_EDGE('',*,*,#12681,.T.);
#12983 = ORIENTED_EDGE('',*,*,#12826,.T.);
#12984 = PLANE('',#12985);
#12985 = AXIS2_PLACEMENT_3D('',#12986,#12987,#12988);
#12986 = CARTESIAN_POINT('',(430.,4.222976879901E-16,62.));
#12987 = DIRECTION('',(0.,0.,1.));
#12988 = DIRECTION('',(1.,0.,0.));
#12989 = ( GEOMETRIC_REPRESENTATION_CONTEXT(3) 
GLOBAL_UNCERTAINTY_ASSIGNED_CONTEXT((#12993)) 
GLOBAL_UNIT_ASSIGNED_CONTEXT((#12990,#12991,#12992)) 
REPRESENTATION_CONTEXT('Context #1',
  '3D Context with UNIT and UNCERTAINTY') );
#12990 = ( LENGTH_UNIT() NAMED_UNIT(*) SI_UNIT(.MILLI.,.METRE.) );
#12991 = ( NAMED_UNIT(*) PLANE_ANGLE_UNIT() SI_UNIT($,.RADIAN.) );
#12992 = ( NAMED_UNIT(*) SI_UNIT($,.STERADIAN.) SOLID_ANGLE_UNIT() );
#12993 = UNCERTAINTY_MEASURE_WITH_UNIT(LENGTH_MEASURE(5.E-06),#12990,
  'distance_accuracy_value','confusion accuracy');
#12994 = PRODUCT_RELATED_PRODUCT_CATEGORY('part',$,(#7));
ENDSEC;
END-ISO-10303-21;
